feature,low,high,sep,mode,q,control
ttr,0.39511363636363633,0.8235227272727272,4.566201874100315,q0.5_range,0.0,raw
hapax,0.22440909090909092,0.7252045454545456,5.2023011814627305,q0.5_range,0.0,raw
top1_share,0.09302272727272726,0.03288636363636364,-2.0416953275061673,q0.5_range,0.0,raw
top10_share,0.4290681818181818,0.16702272727272727,-2.7824086419396874,q0.5_range,0.0,raw
word_entropy,3.978626726099741,5.079895626673185,3.17251408282994,q0.5_range,0.0,raw
zipf_slope,-0.7662560390992471,-0.2860098173920856,3.624207183338502,q0.5_range,0.0,raw
content_ratio,0.5802499999999999,0.6974772727272728,1.7618040142930578,q0.5_range,0.0,raw
content_ttr,0.5128186828724658,0.9329657835758729,3.4952374442358507,q0.5_range,0.0,raw
bigram_repeat,0.31963470319634707,0.007945205479452079,-2.0998157970032425,q0.5_range,0.0,raw
trigram_repeat,0.22435779816513762,0.0007568807339449513,-1.3722446779805986,q0.5_range,0.0,raw
mean_word_len,4.476477272727273,5.067113636363636,1.0932906251357244,q0.5_range,0.0,raw
long_word_rate,0.12945454545454546,0.17070454545454544,0.5192069101263335,q0.5_range,0.0,raw
mean_sent_len,25.18774231431837,29.069255009696185,0.15661590080977736,q0.5_range,0.0,raw
sd_sent_len,11.374330920225058,18.390797275985747,0.49631957593054404,q0.5_range,0.0,raw
sent_len_burst,0.49992612379829926,0.6119805751880558,0.47586278041962077,q0.5_range,0.0,raw
n_sents_per_100w,6.577272727272727,4.075,-0.8203490058487442,q0.5_range,0.0,raw
subordinator_rate,0.022840909090909092,0.032136363636363637,0.5081515269929316,q0.5_range,0.0,raw
function_rate,0.41975,0.3025227272727273,-1.761804014293056,q0.5_range,0.0,raw
connective_rate,0.0018409090909090908,0.002045454545454545,0.04571219181163827,q0.5_range,0.0,raw
hedge_rate,0.0045681818181818185,0.006022727272727273,0.19346548574537756,q0.5_range,0.0,raw
pron12_rate,0.03584090909090909,0.02493181818181818,-0.31841939976219863,q0.5_range,0.0,raw
comma_rate,0.008800867836788026,0.0042280244727199755,-0.8684963370926659,q0.5_range,0.0,raw
punct_rate,0.023303125956419334,0.014972261087496368,-0.7787345178919867,q0.5_range,0.0,raw
quote_rate,0.0077999297938321135,0.003990524410099202,-0.3686115134859701,q0.5_range,0.0,raw
paren_rate,0.002806170969871147,0.0022749873616459888,-0.0913041169932751,q0.5_range,0.0,raw
dash_rate,0.0016237128236164821,0.0017392864953233624,0.04737390184639064,q0.5_range,0.0,raw
digit_rate,0.009071018630334273,0.005359522517798536,-0.29956201467695587,q0.5_range,0.0,raw
upper_rate,0.02799247351468153,0.021373101079652984,-0.387280774667778,q0.5_range,0.0,raw
linebreak_per_100w,1.0204545454545453,0.013636363636363636,-0.34144693907611107,q0.5_range,0.0,raw
bullet_rate,0.05454545454545454,0.0022727272727272726,-0.16817006346018856,q0.5_range,0.0,raw
question_rate,0.03513959956037255,0.07851811423870247,0.3234259427727839,q0.5_range,0.0,raw
exclaim_rate,0.013246198201227974,0.14296081859317153,0.6636167651923461,q0.5_range,0.0,raw
mean_log_rank,4.6960866054043064,5.475508391881471,1.6251800088524404,q0.5_range,0.0,raw
rare_word_rate,0.07402272727272727,0.13318181818181818,0.9620386650284437,q0.5_range,0.0,raw
ttr,-0.19364861157869348,0.19820185471347518,3.8223195860428847,q0.5_range,0.0,within_domain
hapax,-0.2123054713158057,0.24211238301527843,4.2490035482894,q0.5_range,0.0,within_domain
top1_share,0.02675556301273796,-0.030647678136747958,-1.9509869837786986,q0.5_range,0.0,within_domain
top10_share,0.12355061240223673,-0.12072860331396966,-2.5033046031409687,q0.5_range,0.0,within_domain
word_entropy,-0.5433420884929714,0.479558031196321,2.8233002869022195,q0.5_range,0.0,within_domain
zipf_slope,-0.20936284616894332,0.22786628511952198,3.13961946111024,q0.5_range,0.0,within_domain
content_ratio,-0.032211059987399995,0.0710587631440707,1.6843153141837393,q0.5_range,0.0,within_domain
content_ttr,-0.22937101860602602,0.15779726897319785,3.0721858893753002,q0.5_range,0.0,within_domain
bigram_repeat,0.2067467121491331,-0.09142933968888467,-2.0031249452151783,q0.5_range,0.0,within_domain
trigram_repeat,0.17010225651909747,-0.05050965875084266,-1.3666029096647347,q0.5_range,0.0,within_domain
mean_word_len,-0.23713687009072867,0.3385633643472275,1.5073750162811286,q0.5_range,0.0,within_domain
long_word_rate,-0.02100929021415795,0.024225165670444505,0.8548834564683074,q0.5_range,0.0,within_domain
mean_sent_len,2.785266981764591,5.637822043610131,0.12147444058327335,q0.5_range,0.0,within_domain
sd_sent_len,0.09221497621514774,6.290524574104007,0.4446256591194871,q0.5_range,0.0,within_domain
sent_len_burst,-0.006667969275296205,0.09119433234591234,0.4328968662717353,q0.5_range,0.0,within_domain
n_sents_per_100w,1.0903150778588697,-1.3365434421144335,-0.914924406779445,q0.5_range,0.0,within_domain
subordinator_rate,-0.003361891807738787,0.0054709018175370695,0.48790249967216737,q0.5_range,0.0,within_domain
function_rate,0.032211059987400016,-0.07105876314407066,-1.684315314183739,q0.5_range,0.0,within_domain
connective_rate,-0.00024799918276983664,0.0002885248762179044,0.12276602049740994,q0.5_range,0.0,within_domain
hedge_rate,-0.000913926199094939,0.0017360405332185462,0.3825273551970729,q0.5_range,0.0,within_domain
pron12_rate,0.005549102401071717,-0.003244059234957848,-0.30156857761245903,q0.5_range,0.0,within_domain
comma_rate,0.0012236701009721968,-0.00314057277283217,-0.8497432237422156,q0.5_range,0.0,within_domain
punct_rate,0.00400186818137244,-0.0041485440213548585,-0.8539281857663789,q0.5_range,0.0,within_domain
quote_rate,0.0029491183680658726,-0.0011235041118240502,-0.42056986286537795,q0.5_range,0.0,within_domain
paren_rate,0.0004652749313271136,2.6307247475860023e-05,-0.07883421701235985,q0.5_range,0.0,within_domain
dash_rate,2.2861337642594734e-05,0.00015953245318795555,0.06028357502511257,q0.5_range,0.0,within_domain
digit_rate,0.003803942185014165,-0.001103010521126196,-0.41422635105298145,q0.5_range,0.0,within_domain
upper_rate,0.005731209845747056,-0.0035469139816833193,-0.6067897930016835,q0.5_range,0.0,within_domain
linebreak_per_100w,0.15089161001615684,-0.031000625190362455,-0.07421867140985636,q0.5_range,0.0,within_domain
bullet_rate,-0.0024161226964806715,-0.0036063128686815603,-0.004108512909035694,q0.5_range,0.0,within_domain
question_rate,-0.006557698754705549,0.03829154713172171,0.3522691926633429,q0.5_range,0.0,within_domain
exclaim_rate,-0.023983339210977898,0.09225991344209618,0.64269714439199,q0.5_range,0.0,within_domain
mean_log_rank,-0.24740745889683716,0.41884220834048747,1.5401890647988579,q0.5_range,0.0,within_domain
rare_word_rate,-0.030400895036564606,0.017293259528374873,0.8699248729550312,q0.5_range,0.0,within_domain
ttr,0.39272727272727276,0.823409090909091,4.586630263040575,q0.5_range,0.05,raw
hapax,0.22313636363636363,0.7242727272727272,5.184985128497412,q0.5_range,0.05,raw
top1_share,0.09509090909090907,0.03268181818181817,-2.026066412379528,q0.5_range,0.05,raw
top10_share,0.4329545454545455,0.16634090909090907,-2.800045870695084,q0.5_range,0.05,raw
word_entropy,3.9650109154108657,5.080649907251233,3.1822733739668894,q0.5_range,0.05,raw
zipf_slope,-0.7697840573926371,-0.2862396792670407,3.6186220917846343,q0.5_range,0.05,raw
content_ratio,0.5797045454545454,0.6967272727272728,1.7284579338748545,q0.5_range,0.05,raw
content_ttr,0.5097218900386922,0.9326000441973005,3.511065413993319,q0.5_range,0.05,raw
bigram_repeat,0.32253424657534246,0.007922374429223769,-2.1113644992754774,q0.5_range,0.05,raw
trigram_repeat,0.2267201834862385,0.0006880733944954098,-1.381915831337669,q0.5_range,0.05,raw
mean_word_len,4.4677727272727275,5.061886363636364,1.0883021970091509,q0.5_range,0.05,raw
long_word_rate,0.12915909090909092,0.17027272727272727,0.5135295656764967,q0.5_range,0.05,raw
mean_sent_len,25.66940790363102,28.898731505422685,0.1282597849928976,q0.5_range,0.05,raw
sd_sent_len,11.972274995107222,18.344266959954915,0.42652611810608315,q0.5_range,0.05,raw
sent_len_burst,0.5054720273888479,0.6143385322770122,0.45832570596930217,q0.5_range,0.05,raw
n_sents_per_100w,6.556818181818182,4.122727272727272,-0.7908942635418348,q0.5_range,0.05,raw
subordinator_rate,0.022977272727272728,0.03218181818181818,0.5055710550851674,q0.5_range,0.05,raw
function_rate,0.4202954545454546,0.3032727272727273,-1.7284579338748538,q0.5_range,0.05,raw
connective_rate,0.0019318181818181817,0.002068181818181818,0.030210614426764003,q0.5_range,0.05,raw
hedge_rate,0.004318181818181818,0.006045454545454546,0.24420227001850303,q0.5_range,0.05,raw
pron12_rate,0.03613636363636364,0.025136363636363637,-0.3179867340209513,q0.5_range,0.05,raw
comma_rate,0.00913383437540943,0.004194582530797466,-0.8976351446459738,q0.5_range,0.05,raw
punct_rate,0.023719612453705716,0.01511050297478853,-0.7929846343741956,q0.5_range,0.05,raw
quote_rate,0.007740468382775391,0.003990607622053574,-0.36360210782501934,q0.5_range,0.05,raw
paren_rate,0.0028546555142998893,0.0022962078812196357,-0.09587469127599997,q0.5_range,0.05,raw
dash_rate,0.0017683556631520286,0.0016896310127152386,-0.026507090760094762,q0.5_range,0.05,raw
digit_rate,0.008993827778151907,0.0052440501399695074,-0.3067393061224474,q0.5_range,0.05,raw
upper_rate,0.027587719733949675,0.021303910805611732,-0.3673161685052925,q0.5_range,0.05,raw
linebreak_per_100w,0.9977272727272728,0.013636363636363636,-0.3364990878551658,q0.5_range,0.05,raw
bullet_rate,0.05454545454545454,0.0022727272727272726,-0.16817006346018856,q0.5_range,0.05,raw
question_rate,0.03513959956037255,0.08078889900948724,0.3381590789042528,q0.5_range,0.05,raw
exclaim_rate,0.013540315848286799,0.14801860802596095,0.6779099768299055,q0.5_range,0.05,raw
mean_log_rank,4.690853113210369,5.4642584412892825,1.6003260517920042,q0.5_range,0.05,raw
rare_word_rate,0.07354545454545454,0.13163636363636363,0.9442633574170479,q0.5_range,0.05,raw
ttr,-0.19664454351573543,0.19854235498660844,3.868633790002355,q0.5_range,0.05,within_domain
hapax,-0.2147268174095256,0.24177687430087727,4.284428554227529,q0.5_range,0.05,within_domain
top1_share,0.028984576303638102,-0.03071214869952331,-1.9377816254716385,q0.5_range,0.05,within_domain
top10_share,0.12743131055965368,-0.12151650342081069,-2.52395128915124,q0.5_range,0.05,within_domain
word_entropy,-0.5576655992009506,0.48090570172207053,2.842058615568872,q0.5_range,0.05,within_domain
zipf_slope,-0.21348742609983568,0.22832891591155438,3.1536240732702057,q0.5_range,0.05,within_domain
content_ratio,-0.03247381594369573,0.07075664520666222,1.6479062184630353,q0.5_range,0.05,within_domain
content_ttr,-0.23322904929732516,0.15790828027099793,3.1011063453823438,q0.5_range,0.05,within_domain
bigram_repeat,0.20986797742705188,-0.09150164830243841,-2.0153862847169632,q0.5_range,0.05,within_domain
trigram_repeat,0.17239369300355456,-0.05048047445732614,-1.3743498470102748,q0.5_range,0.05,within_domain
mean_word_len,-0.24483972684187175,0.3396343534103758,1.5152471073035467,q0.5_range,0.05,within_domain
long_word_rate,-0.021301328355938395,0.02475446742907092,0.8647357696599179,q0.5_range,0.05,within_domain
mean_sent_len,3.2182906116274133,5.6668662038052595,0.10250224998617834,q0.5_range,0.05,within_domain
sd_sent_len,0.6440757844047135,6.323282097521979,0.38566318359809393,q0.5_range,0.05,within_domain
sent_len_burst,-0.002221056271209367,0.09367166516130399,0.42204785489992375,q0.5_range,0.05,within_domain
n_sents_per_100w,1.0677584839131327,-1.3279498319263578,-0.8962813867331544,q0.5_range,0.05,within_domain
subordinator_rate,-0.003336519149627768,0.005476667641230948,0.4879350108906634,q0.5_range,0.05,within_domain
function_rate,0.03247381594369576,-0.0707566452066622,-1.6479062184630353,q0.5_range,0.05,within_domain
connective_rate,-0.00014765446877552121,0.00031469211681444884,0.10507371578791391,q0.5_range,0.05,within_domain
hedge_rate,-0.0011614545880297437,0.0017498033712005563,0.44757894528395736,q0.5_range,0.05,within_domain
pron12_rate,0.00588997335169128,-0.003180996122649552,-0.3065451817372889,q0.5_range,0.05,within_domain
comma_rate,0.0015448143479406774,-0.003120199082594038,-0.8685302938780461,q0.5_range,0.05,within_domain
punct_rate,0.004386068112394364,-0.004042159521463674,-0.8729990670366424,q0.5_range,0.05,within_domain
quote_rate,0.002848528695285991,-0.0011242313448754596,-0.4108019522462605,q0.5_range,0.05,within_domain
paren_rate,0.0005007928161625747,5.8722525587467135e-05,-0.07943222960074371,q0.5_range,0.05,within_domain
dash_rate,0.00018711435349007065,0.00012617662517930248,-0.021424995374629406,q0.5_range,0.05,within_domain
digit_rate,0.003763966152159332,-0.0011074014420040898,-0.4169053881707523,q0.5_range,0.05,within_domain
upper_rate,0.005414934593264399,-0.003538028601293577,-0.5843853734119335,q0.5_range,0.05,within_domain
linebreak_per_100w,0.12892593491057555,-0.031000625190362455,-0.0658200848854072,q0.5_range,0.05,within_domain
bullet_rate,0.012228288065536623,-0.003606312868681561,-0.05711568726649698,q0.5_range,0.05,within_domain
question_rate,-0.007236870009101376,0.04056940508395809,0.3727704391081606,q0.5_range,0.05,within_domain
exclaim_rate,-0.024438338165441515,0.09546939006127103,0.6552273647711248,q0.5_range,0.05,within_domain
mean_log_rank,-0.2506076050302947,0.4131131396709854,1.5177969366166066,q0.5_range,0.05,within_domain
rare_word_rate,-0.03048488050002872,0.01675841871378596,0.8607223562519744,q0.5_range,0.05,within_domain
ttr,0.39252272727272725,0.8233863636363636,4.600866445903435,q0.5_range,0.1,raw
hapax,0.22293181818181818,0.7247045454545454,5.211788479174497,q0.5_range,0.1,raw
top1_share,0.09524999999999999,0.03295454545454545,-2.021128396064209,q0.5_range,0.1,raw
top10_share,0.43352272727272734,0.1668409090909091,-2.8030517641090005,q0.5_range,0.1,raw
word_entropy,3.963899749918611,5.079762614600331,3.1883347348807805,q0.5_range,0.1,raw
zipf_slope,-0.7700850107125073,-0.28615743370927754,3.630173426688574,q0.5_range,0.1,raw
content_ratio,0.5794772727272728,0.697090909090909,1.7495543630680164,q0.5_range,0.1,raw
content_ttr,0.5102874220210156,0.9327834450689412,3.512278633699134,q0.5_range,0.1,raw
bigram_repeat,0.3217123287671233,0.008196347031963496,-2.1105963381374884,q0.5_range,0.1,raw
trigram_repeat,0.22511467889908257,0.0006880733944954098,-1.3754843458115498,q0.5_range,0.1,raw
mean_word_len,4.469613636363636,5.066386363636364,1.1003345388083436,q0.5_range,0.1,raw
long_word_rate,0.1293181818181818,0.17088636363636361,0.5218991997474497,q0.5_range,0.1,raw
mean_sent_len,25.41488409410721,28.944564838756015,0.14051917790754984,q0.5_range,0.1,raw
sd_sent_len,11.734694872293032,18.405478514564017,0.44939629272077436,q0.5_range,0.1,raw
sent_len_burst,0.5023876940523874,0.6158559180091808,0.47972789314039793,q0.5_range,0.1,raw
n_sents_per_100w,6.58409090909091,4.113636363636363,-0.8058613945746511,q0.5_range,0.1,raw
subordinator_rate,0.023045454545454546,0.03206818181818182,0.4947985416108504,q0.5_range,0.1,raw
function_rate,0.42052272727272727,0.3029090909090909,-1.7495543630680188,q0.5_range,0.1,raw
connective_rate,0.0018863636363636365,0.002090909090909091,0.045329494685630765,q0.5_range,0.1,raw
hedge_rate,0.00409090909090909,0.006045454545454545,0.28881619500246863,q0.5_range,0.1,raw
pron12_rate,0.036704545454545455,0.024749999999999998,-0.34547610384231126,q0.5_range,0.1,raw
comma_rate,0.009105057438891251,0.004191597054505511,-0.8911632577319134,q0.5_range,0.1,raw
punct_rate,0.023754579421318027,0.015064653448021024,-0.8012562948300057,q0.5_range,0.1,raw
quote_rate,0.007657199280652857,0.003981320174493521,-0.357540819875088,q0.5_range,0.1,raw
paren_rate,0.002821030766485498,0.0023091475468140538,-0.08792083696005674,q0.5_range,0.1,raw
dash_rate,0.0017718005403106847,0.0017027898087231504,-0.02325205916374733,q0.5_range,0.1,raw
digit_rate,0.009007790640183854,0.0054200283196321,-0.290149019511538,q0.5_range,0.1,raw
upper_rate,0.02762589679489353,0.021402231167236285,-0.36368302716383993,q0.5_range,0.1,raw
linebreak_per_100w,0.8727272727272727,0.013636363636363636,-0.4721834880704304,q0.5_range,0.1,raw
bullet_rate,0.05454545454545454,0.0022727272727272726,-0.16817006346018856,q0.5_range,0.1,raw
question_rate,0.03513959956037255,0.08037223234282057,0.3349227981733275,q0.5_range,0.1,raw
exclaim_rate,0.013540315848286799,0.1476019413592943,0.6754281931564263,q0.5_range,0.1,raw
mean_log_rank,4.689605230526784,5.468728232428516,1.6152541751445353,q0.5_range,0.1,raw
rare_word_rate,0.07397727272727271,0.13238636363636364,0.9483657321511454,q0.5_range,0.1,raw
ttr,-0.1966555555225965,0.1985746150876186,3.88854916546983,q0.5_range,0.1,within_domain
hapax,-0.2146901793306234,0.24222359147259442,4.311339463829318,q0.5_range,0.1,within_domain
top1_share,0.029095236680996592,-0.03048022003790715,-1.9314026742198023,q0.5_range,0.1,within_domain
top10_share,0.1278580215373552,-0.12107827741070967,-2.5307757296433255,q0.5_range,0.1,within_domain
word_entropy,-0.5583118060749771,0.4803029545181665,2.851733220093738,q0.5_range,0.1,within_domain
zipf_slope,-0.2135640458189776,0.22843059935603247,3.1696326347209673,q0.5_range,0.1,within_domain
content_ratio,-0.03284941628674891,0.07077503220161172,1.663195745335752,q0.5_range,0.1,within_domain
content_ttr,-0.23242774067930566,0.1584463647558806,3.1049865466580635,q0.5_range,0.1,within_domain
bigram_repeat,0.20901359214230988,-0.09147127032171799,-2.016197621879349,q0.5_range,0.1,within_domain
trigram_repeat,0.17088401237346973,-0.050668723055695156,-1.3694400292860478,q0.5_range,0.1,within_domain
mean_word_len,-0.24328834176468483,0.3403168344709819,1.5198940972739208,q0.5_range,0.1,within_domain
long_word_rate,-0.02114616111751644,0.024895928918969915,0.8685053767900138,q0.5_range,0.1,within_domain
mean_sent_len,2.9815739541586446,5.678962015877328,0.1130801865986932,q0.5_range,0.1,within_domain
sd_sent_len,0.4119915460961027,6.3783128419590005,0.4076671475258228,q0.5_range,0.1,within_domain
sent_len_burst,-0.005139038586140476,0.09580040608874527,0.44643201799732485,q0.5_range,0.1,within_domain
n_sents_per_100w,1.0925149161601309,-1.3280271677849438,-0.9096870761087578,q0.5_range,0.1,within_domain
subordinator_rate,-0.00320464093350427,0.005384716883655189,0.47496046268525677,q0.5_range,0.1,within_domain
function_rate,0.03284941628674892,-0.07077503220161167,-1.6631957453357515,q0.5_range,0.1,within_domain
connective_rate,-0.0001844812269230342,0.00034014981883465095,0.11927366736419262,q0.5_range,0.1,within_domain
hedge_rate,-0.0013846578470348894,0.0017386922600894448,0.49705413592455233,q0.5_range,0.1,within_domain
pron12_rate,0.0064600977084665785,-0.003293780213558643,-0.3301985206788526,q0.5_range,0.1,within_domain
comma_rate,0.0015135213376490735,-0.003119294724666407,-0.8601706914806323,q0.5_range,0.1,within_domain
punct_rate,0.004408927934254204,-0.00404805683939303,-0.8763185750419441,q0.5_range,0.1,within_domain
quote_rate,0.0027814480318120462,-0.0011348005495002188,-0.4060522014549822,q0.5_range,0.1,within_domain
paren_rate,0.00046380953478108707,7.234965145035387e-05,-0.07025001186688049,q0.5_range,0.1,within_domain
dash_rate,0.00019039422595699786,0.00013490907147194504,-0.019520269677249007,q0.5_range,0.1,within_domain
digit_rate,0.003775156684993385,-0.0009453740657585652,-0.3996485155295051,q0.5_range,0.1,within_domain
upper_rate,0.005446095172113275,-0.0034497675730433552,-0.5811068497745179,q0.5_range,0.1,within_domain
linebreak_per_100w,-0.022231869549115702,-0.031000625190362455,-0.006937738181546487,q0.5_range,0.1,within_domain
bullet_rate,0.007276744326257038,-0.0036063128686815603,-0.03862354829656939,q0.5_range,0.1,within_domain
question_rate,-0.007058785299400545,0.040272644040875195,0.3690369684014946,q0.5_range,0.1,within_domain
exclaim_rate,-0.02434967122424324,0.09596974362120335,0.6582814160247574,q0.5_range,0.1,within_domain
mean_log_rank,-0.25305319797869924,0.41576101462912063,1.532973118994814,q0.5_range,0.1,within_domain
rare_word_rate,-0.03020012492541465,0.01742405949661425,0.8666536384209281,q0.5_range,0.1,within_domain
ttr,0.39050000000000007,0.8226136363636363,4.668009422050964,q0.5_range,0.15,raw
hapax,0.22111363636363635,0.7237727272727272,5.248737585360103,q0.5_range,0.15,raw
top1_share,0.09554545454545454,0.03318181818181818,-2.0333751393825423,q0.5_range,0.15,raw
top10_share,0.4351136363636363,0.16743181818181818,-2.838871271655566,q0.5_range,0.15,raw
word_entropy,3.9581877973765778,5.077930235786741,3.229228752468809,q0.5_range,0.15,raw
zipf_slope,-0.7727265756367098,-0.2870215928503347,3.673911703810088,q0.5_range,0.15,raw
content_ratio,0.5785,0.6967954545454547,1.7661501325635993,q0.5_range,0.15,raw
content_ttr,0.5078645885073002,0.9325858961959997,3.5739308380253436,q0.5_range,0.15,raw
bigram_repeat,0.3225799086757991,0.00833333333333336,-2.1223623897810633,q0.5_range,0.15,raw
trigram_repeat,0.22493119266055042,0.0006422018348623826,-1.3754012170607968,q0.5_range,0.15,raw
mean_word_len,4.465386363636363,5.073568181818182,1.1323436572246544,q0.5_range,0.15,raw
long_word_rate,0.12768181818181817,0.17209090909090907,0.5628505287857342,q0.5_range,0.15,raw
mean_sent_len,25.447112421335532,29.03256087050205,0.14273855070521815,q0.5_range,0.15,raw
sd_sent_len,11.749785086202582,18.30823908338908,0.4416441995469954,q0.5_range,0.15,raw
sent_len_burst,0.5025066154744754,0.6101462235517231,0.45545397917984926,q0.5_range,0.15,raw
n_sents_per_100w,6.595454545454547,4.095454545454545,-0.8127984163828205,q0.5_range,0.15,raw
subordinator_rate,0.02334090909090909,0.031863636363636365,0.4693645638083779,q0.5_range,0.15,raw
function_rate,0.4215,0.30320454545454545,-1.7661501325635975,q0.5_range,0.15,raw
connective_rate,0.0018863636363636363,0.002068181818181818,0.04029725074614033,q0.5_range,0.15,raw
hedge_rate,0.00425,0.006090909090909091,0.25848866195378195,q0.5_range,0.15,raw
pron12_rate,0.03661363636363636,0.024409090909090908,-0.3514253124742924,q0.5_range,0.15,raw
comma_rate,0.009018277061310162,0.004167149238450848,-0.8985280499128011,q0.5_range,0.15,raw
punct_rate,0.02363526567405911,0.014952205923380792,-0.8105844772774852,q0.5_range,0.15,raw
quote_rate,0.007659151986780637,0.0039911514526108196,-0.356591382418197,q0.5_range,0.15,raw
paren_rate,0.002815927280942083,0.002308127481684102,-0.08737493647102779,q0.5_range,0.15,raw
dash_rate,0.0017307045747345167,0.0017047999450258223,-0.008777740224365753,q0.5_range,0.15,raw
digit_rate,0.009140664576896338,0.005348239375491575,-0.3046164017019535,q0.5_range,0.15,raw
upper_rate,0.027437531717906367,0.021300942756357674,-0.36398126929646146,q0.5_range,0.15,raw
linebreak_per_100w,0.8477272727272728,0.013636363636363636,-0.45914041370849407,q0.5_range,0.15,raw
bullet_rate,0.04545454545454545,0.0022727272727272726,-0.14493505363108655,q0.5_range,0.15,raw
question_rate,0.035767804688577674,0.08066389900948724,0.3321546134032006,q0.5_range,0.15,raw
exclaim_rate,0.013540315848286799,0.14865984179219474,0.6814800480250703,q0.5_range,0.15,raw
mean_log_rank,4.685447297449502,5.471297114936992,1.6335125299415945,q0.5_range,0.15,raw
rare_word_rate,0.07359090909090908,0.13320454545454546,0.9710553564389764,q0.5_range,0.15,raw
ttr,-0.1980045024994265,0.19769090710506873,3.896251745512368,q0.5_range,0.15,within_domain
hapax,-0.21561616553628704,0.24122519720064894,4.283704128046387,q0.5_range,0.15,within_domain
top1_share,0.029355980176650726,-0.030201256402710364,-1.9357687017450327,q0.5_range,0.15,within_domain
top10_share,0.12912424539631212,-0.12035055225653996,-2.5478377465042357,q0.5_range,0.15,within_domain
word_entropy,-0.5626015194230785,0.47808725483502085,2.869049273103353,q0.5_range,0.15,within_domain
zipf_slope,-0.21547237676818995,0.22747692694878943,3.1787774979703514,q0.5_range,0.15,within_domain
content_ratio,-0.03354848914240932,0.0700186682881218,1.6538858076122656,q0.5_range,0.15,within_domain
content_ttr,-0.23407907125683003,0.15852494617597002,3.1376722454589663,q0.5_range,0.15,within_domain
bigram_repeat,0.2098247139900206,-0.091492119186378,-2.0298887909927976,q0.5_range,0.15,within_domain
trigram_repeat,0.17087729069934962,-0.05093145123962062,-1.3735020466234145,q0.5_range,0.15,within_domain
mean_word_len,-0.24524575711791263,0.3383020820176849,1.5043396991407252,q0.5_range,0.15,within_domain
long_word_rate,-0.022302652373167146,0.024670737264263432,0.8820137521164929,q0.5_range,0.15,within_domain
mean_sent_len,2.902306611600211,5.661478770072103,0.11551018980486617,q0.5_range,0.15,within_domain
sd_sent_len,0.3868768857023117,6.24508076834259,0.39977603694689523,q0.5_range,0.15,within_domain
sent_len_burst,-0.005825983188645587,0.09050266745668992,0.4262570388517575,q0.5_range,0.15,within_domain
n_sents_per_100w,1.0909583168789514,-1.315754610069748,-0.9040329681328394,q0.5_range,0.15,within_domain
subordinator_rate,-0.0029118931418186185,0.005162905276293548,0.44863954383728916,q0.5_range,0.15,within_domain
function_rate,0.03354848914240935,-0.07001866828812175,-1.653885807612265,q0.5_range,0.15,within_domain
connective_rate,-0.00016961902190543648,0.0002966345192757192,0.10608515009679817,q0.5_range,0.15,within_domain
hedge_rate,-0.0012383734981909556,0.0017615704572516717,0.4531429039026592,q0.5_range,0.15,within_domain
pron12_rate,0.006340697235560616,-0.003617461238284142,-0.33643084392559586,q0.5_range,0.15,within_domain
comma_rate,0.0013862235020006748,-0.0031512040389940293,-0.8594097410898829,q0.5_range,0.15,within_domain
punct_rate,0.004177798199272873,-0.004087635008670617,-0.8697311879427937,q0.5_range,0.15,within_domain
quote_rate,0.002781521208813481,-0.0010563783434525856,-0.39764864520881515,q0.5_range,0.15,within_domain
paren_rate,0.0004844827977671401,2.535212547530614e-05,-0.08241004844867042,q0.5_range,0.15,within_domain
dash_rate,0.00016571559533582513,0.00012057021341371413,-0.015971626939092,q0.5_range,0.15,within_domain
digit_rate,0.003771413244221948,-0.0010408862870008961,-0.40488282912175244,q0.5_range,0.15,within_domain
upper_rate,0.0050550143983787345,-0.003434766491534469,-0.5677852571898608,q0.5_range,0.15,within_domain
linebreak_per_100w,-0.022972421132363915,-0.031000625190362455,-0.006388036950880686,q0.5_range,0.15,within_domain
bullet_rate,-0.0018402880666374254,-0.003629503963301226,-0.006687962811226273,q0.5_range,0.15,within_domain
question_rate,-0.007035251430985757,0.04098635413315905,0.37463852057730607,q0.5_range,0.15,within_domain
exclaim_rate,-0.023917752523689915,0.09790481010895814,0.6687629778657971,q0.5_range,0.15,within_domain
mean_log_rank,-0.2548820683264785,0.4166135229529517,1.5341494231937063,q0.5_range,0.15,within_domain
rare_word_rate,-0.030483274145214737,0.01835499258811843,0.8927431845983553,q0.5_range,0.15,within_domain
ttr,0.38877272727272727,0.8221818181818182,4.711788960841037,q0.5_range,0.2,raw
hapax,0.22047727272727272,0.7236136363636363,5.316932869513983,q0.5_range,0.2,raw
top1_share,0.09634090909090907,0.03336363636363636,-2.0486198308321306,q0.5_range,0.2,raw
top10_share,0.43731818181818183,0.16799999999999998,-2.853765294067365,q0.5_range,0.2,raw
word_entropy,3.9504714728338524,5.07658770291969,3.2575673161636773,q0.5_range,0.2,raw
zipf_slope,-0.776479152534565,-0.2875756809583921,3.7082789636558275,q0.5_range,0.2,raw
content_ratio,0.5775681818181817,0.6960227272727272,1.7673905163099346,q0.5_range,0.2,raw
content_ttr,0.5054157820538957,0.9324829999021281,3.6431154924738007,q0.5_range,0.2,raw
bigram_repeat,0.32267123287671234,0.008561643835616466,-2.123534588255165,q0.5_range,0.2,raw
trigram_repeat,0.22364678899082566,0.0006880733944954098,-1.3682291475671644,q0.5_range,0.2,raw
mean_word_len,4.451931818181818,5.054636363636364,1.1227638921044496,q0.5_range,0.2,raw
long_word_rate,0.12572727272727272,0.16911363636363635,0.5536616168147412,q0.5_range,0.2,raw
mean_sent_len,25.561977033847207,28.822378169216403,0.12904969753368883,q0.5_range,0.2,raw
sd_sent_len,12.110221149408343,18.184857966630982,0.399887496342703,q0.5_range,0.2,raw
sent_len_burst,0.5086836739205411,0.6101143136003802,0.43046955861151814,q0.5_range,0.2,raw
n_sents_per_100w,6.618181818181817,4.138636363636363,-0.8038552718168567,q0.5_range,0.2,raw
subordinator_rate,0.02327272727272727,0.03170454545454545,0.4611505011097199,q0.5_range,0.2,raw
function_rate,0.4224318181818182,0.3039772727272727,-1.7673905163099346,q0.5_range,0.2,raw
connective_rate,0.0018409090909090908,0.0021136363636363635,0.060616146530082494,q0.5_range,0.2,raw
hedge_rate,0.004136363636363636,0.006022727272727273,0.2680139569184029,q0.5_range,0.2,raw
pron12_rate,0.03629545454545455,0.02490909090909091,-0.32765558323066374,q0.5_range,0.2,raw
comma_rate,0.009053446090582468,0.004197349667619074,-0.8961530728796431,q0.5_range,0.2,raw
punct_rate,0.023691790002549725,0.015165861478666866,-0.7948953967569276,q0.5_range,0.2,raw
quote_rate,0.007717630457500304,0.0040251700564244396,-0.35864093647327017,q0.5_range,0.2,raw
paren_rate,0.0029253353756276686,0.0022863830541056842,-0.10903751961351706,q0.5_range,0.2,raw
dash_rate,0.001621985112177865,0.0017012859791895435,0.02755722630441158,q0.5_range,0.2,raw
digit_rate,0.008870984161800717,0.005164364804089026,-0.3012879903109045,q0.5_range,0.2,raw
upper_rate,0.027558080351006157,0.021223393723819123,-0.37153490598629163,q0.5_range,0.2,raw
linebreak_per_100w,0.8295454545454546,0.013636363636363636,-0.4492195344784567,q0.5_range,0.2,raw
bullet_rate,0.04545454545454545,0.0022727272727272726,-0.14493505363108655,q0.5_range,0.2,raw
question_rate,0.03576780468857768,0.08200480524377582,0.34280532445198314,q0.5_range,0.2,raw
exclaim_rate,0.013540315848286799,0.14786123068108362,0.6774114305085959,q0.5_range,0.2,raw
mean_log_rank,4.670258417587812,5.463631177312814,1.6460828663918792,q0.5_range,0.2,raw
rare_word_rate,0.07225000000000001,0.13174999999999998,0.9743271888752164,q0.5_range,0.2,raw
ttr,-0.19978028143217938,0.19731816653692896,3.9195034584787902,q0.5_range,0.2,within_domain
hapax,-0.21647102364277715,0.2409887616744659,4.308918896247156,q0.5_range,0.2,within_domain
top1_share,0.030065951117208434,-0.03007260358008903,-1.9467395397071892,q0.5_range,0.2,within_domain
top10_share,0.13122320100458035,-0.12003586429409083,-2.5641838169962345,q0.5_range,0.2,within_domain
word_entropy,-0.5696557247454337,0.4773527449462638,2.89043412980326,q0.5_range,0.2,within_domain
zipf_slope,-0.219257657167371,0.22694878355222983,3.2059500175293185,q0.5_range,0.2,within_domain
content_ratio,-0.034348940269419606,0.07046114960097284,1.671552281970917,q0.5_range,0.2,within_domain
content_ttr,-0.23627337247923616,0.1575302784272678,3.1707557893287746,q0.5_range,0.2,within_domain
bigram_repeat,0.20926013015072417,-0.09098365267191831,-2.018420130775676,q0.5_range,0.2,within_domain
trigram_repeat,0.16882897377224093,-0.0507433264559959,-1.3572952562768585,q0.5_range,0.2,within_domain
mean_word_len,-0.24999431882100276,0.3344418814408847,1.511236453396607,q0.5_range,0.2,within_domain
long_word_rate,-0.022737356955264132,0.023682419885425108,0.8747221648141488,q0.5_range,0.2,within_domain
mean_sent_len,2.879828199699974,5.574214757262093,0.11230322088401516,q0.5_range,0.2,within_domain
sd_sent_len,0.6620980665029738,6.115368937713178,0.36455253244875585,q0.5_range,0.2,within_domain
sent_len_burst,-0.0012252633733497843,0.08756228016955073,0.39366576888113924,q0.5_range,0.2,within_domain
n_sents_per_100w,1.1133760461101687,-1.3179525834915353,-0.9127272840514046,q0.5_range,0.2,within_domain
subordinator_rate,-0.0030819535457252537,0.004974793319461072,0.44477443272326195,q0.5_range,0.2,within_domain
function_rate,0.03434894026941962,-0.07046114960097279,-1.6715522819709163,q0.5_range,0.2,within_domain
connective_rate,-0.0001786013416812273,0.00036012747113056063,0.12267397977925358,q0.5_range,0.2,within_domain
hedge_rate,-0.0013256835019641016,0.0017124788544870667,0.4619752406658519,q0.5_range,0.2,within_domain
pron12_rate,0.0057538095037014845,-0.003976770549487182,-0.3257981288231664,q0.5_range,0.2,within_domain
comma_rate,0.0014019493083287165,-0.0031702261121298154,-0.8638030357856098,q0.5_range,0.2,within_domain
punct_rate,0.004188316228440465,-0.0040872697760217964,-0.8703280121581382,q0.5_range,0.2,within_domain
quote_rate,0.002776527442902301,-0.0011380308959907841,-0.40419179288735907,q0.5_range,0.2,within_domain
paren_rate,0.0005579984005605492,3.742184986368276e-05,-0.0928140419517778,q0.5_range,0.2,within_domain
dash_rate,6.588303685274475e-05,0.0001428853761815393,0.027852042133279468,q0.5_range,0.2,within_domain
digit_rate,0.0034050600747955718,-0.0010919634488407211,-0.38182449156142984,q0.5_range,0.2,within_domain
upper_rate,0.005057379647457496,-0.003431395769097758,-0.5605114116307628,q0.5_range,0.2,within_domain
linebreak_per_100w,0.01790217879953939,-0.031000625190362455,-0.040012840368520146,q0.5_range,0.2,within_domain
bullet_rate,-0.0015800477322591643,-0.003629503963301226,-0.007661206350303,q0.5_range,0.2,within_domain
question_rate,-0.0074257832386354465,0.040460380664631895,0.3732435389706243,q0.5_range,0.2,within_domain
exclaim_rate,-0.024494290076379804,0.09604439715497111,0.6595915135427519,q0.5_range,0.2,within_domain
mean_log_rank,-0.268763377845319,0.4164499675977534,1.557542254243327,q0.5_range,0.2,within_domain
rare_word_rate,-0.031799222090910136,0.01732299846542647,0.8932818883852086,q0.5_range,0.2,within_domain
ttr,0.3883863636363637,0.8197954545454548,4.669602347811424,q0.5_range,0.25,raw
hapax,0.2218409090909091,0.7207727272727272,5.224458351127627,q0.5_range,0.25,raw
top1_share,0.09804545454545455,0.034022727272727274,-2.068097788814135,q0.5_range,0.25,raw
top10_share,0.4401590909090909,0.16990909090909093,-2.881125256669162,q0.5_range,0.25,raw
word_entropy,3.943782915512395,5.070516669253096,3.2738098215775318,q0.5_range,0.25,raw
zipf_slope,-0.7788415075915216,-0.29020984170492065,3.717583237709392,q0.5_range,0.25,raw
content_ratio,0.575409090909091,0.6947045454545454,1.7780077488866641,q0.5_range,0.25,raw
content_ttr,0.507107832350881,0.9307895719768386,3.604175029039368,q0.5_range,0.25,raw
bigram_repeat,0.32210045662100456,0.00926940639269409,-2.1219264599744196,q0.5_range,0.25,raw
trigram_repeat,0.22197247706422019,0.0007798165137614649,-1.3598339467569247,q0.5_range,0.25,raw
mean_word_len,4.444931818181818,5.045659090909091,1.112414757619973,q0.5_range,0.25,raw
long_word_rate,0.1255909090909091,0.16820454545454544,0.5448330815939642,q0.5_range,0.25,raw
mean_sent_len,25.462453224323397,28.865442433383613,0.13471394676185838,q0.5_range,0.25,raw
sd_sent_len,12.079706020824181,18.22740529558455,0.40497436883475135,q0.5_range,0.25,raw
sent_len_burst,0.5085344396259885,0.6117130552509681,0.44012774511037167,q0.5_range,0.25,raw
n_sents_per_100w,6.6409090909090915,4.134090909090909,-0.8121498766025892,q0.5_range,0.25,raw
subordinator_rate,0.023136363636363635,0.032,0.482968402569886,q0.5_range,0.25,raw
function_rate,0.424590909090909,0.30529545454545454,-1.778007748886665,q0.5_range,0.25,raw
connective_rate,0.0018863636363636363,0.002090909090909091,0.04510011325125797,q0.5_range,0.25,raw
hedge_rate,0.0038409090909090906,0.006204545454545455,0.3536362895656705,q0.5_range,0.25,raw
pron12_rate,0.03565909090909091,0.02481818181818182,-0.3136289718260983,q0.5_range,0.25,raw
comma_rate,0.009045093701703007,0.004259706288839435,-0.8862989442178288,q0.5_range,0.25,raw
punct_rate,0.023671351851635703,0.01519667901706066,-0.792186812875493,q0.5_range,0.25,raw
quote_rate,0.007622467165698931,0.0041286661077892875,-0.34047394788579805,q0.5_range,0.25,raw
paren_rate,0.002858481933194443,0.0022773618886775693,-0.09904585821498979,q0.5_range,0.25,raw
dash_rate,0.001611961206603973,0.0016998292486612363,0.03050068073603585,q0.5_range,0.25,raw
digit_rate,0.00903915479543925,0.005000276178841958,-0.33040116878304454,q0.5_range,0.25,raw
upper_rate,0.0273475165877437,0.021162170467483473,-0.3615738903208062,q0.5_range,0.25,raw
linebreak_per_100w,0.7727272727272728,0.013636363636363636,-0.45473568361805494,q0.5_range,0.25,raw
bullet_rate,0.06363636363636363,0.0,-0.18333725043604518,q0.5_range,0.25,raw
question_rate,0.03538318930396229,0.08040883748604337,0.33985007021157515,q0.5_range,0.25,raw
exclaim_rate,0.014195077753048702,0.14370174678262915,0.663639633746616,q0.5_range,0.25,raw
mean_log_rank,4.651470655426518,5.451022424376772,1.661804691449544,q0.5_range,0.25,raw
rare_word_rate,0.07075,0.13140909090909092,1.0012997816246934,q0.5_range,0.25,raw
ttr,-0.20124094097494039,0.19536413185885873,3.906625773545201,q0.5_range,0.25,within_domain
hapax,-0.21659288723140502,0.23831248979776473,4.251214718549508,q0.5_range,0.25,within_domain
top1_share,0.031778305076272766,-0.029623435663344654,-1.978960951565491,q0.5_range,0.25,within_domain
top10_share,0.13438512327140603,-0.11870314463480319,-2.6014165263703375,q0.5_range,0.25,within_domain
word_entropy,-0.5784062815435769,0.4732789896049404,2.92061048485693,q0.5_range,0.25,within_domain
zipf_slope,-0.2228132226586473,0.2246397836720339,3.2298337880357755,q0.5_range,0.25,within_domain
content_ratio,-0.036935268441652104,0.0694535347820516,1.7103525469325755,q0.5_range,0.25,within_domain
content_ttr,-0.23576117818981757,0.1561549176678804,3.156995703458146,q0.5_range,0.25,within_domain
bigram_repeat,0.20930803032190495,-0.09075180278030816,-2.0266329055258403,q0.5_range,0.25,within_domain
trigram_repeat,0.16751694815599094,-0.05101338478958526,-1.3544600125564699,q0.5_range,0.25,within_domain
mean_word_len,-0.2609687954047344,0.32850675489989717,1.5206020296236686,q0.5_range,0.25,within_domain
long_word_rate,-0.02345725001631958,0.023221449228677818,0.8844104231668022,q0.5_range,0.25,within_domain
mean_sent_len,2.8339987612597666,5.632441147943537,0.11661920199306633,q0.5_range,0.25,within_domain
sd_sent_len,0.6494835105993996,6.136765827461971,0.3670894020119741,q0.5_range,0.25,within_domain
sent_len_burst,-0.001587235860240508,0.08821883447266356,0.4002270603265897,q0.5_range,0.25,within_domain
n_sents_per_100w,1.1207087182189877,-1.3438042652630535,-0.9234417262778967,q0.5_range,0.25,within_domain
subordinator_rate,-0.0032040543663478314,0.005290568365776964,0.4674784041275756,q0.5_range,0.25,within_domain
function_rate,0.036935268441652125,-0.06945353478205157,-1.7103525469325753,q0.5_range,0.25,within_domain
connective_rate,-0.00014142130901546523,0.00036096542331335695,0.11344252094720467,q0.5_range,0.25,within_domain
hedge_rate,-0.0015568923516963607,0.0018714511701272893,0.5499662479844377,q0.5_range,0.25,within_domain
pron12_rate,0.005193172072598902,-0.003922612967734693,-0.30477172988450857,q0.5_range,0.25,within_domain
comma_rate,0.0014124531922789952,-0.0031455795839645056,-0.8647361733872653,q0.5_range,0.25,within_domain
punct_rate,0.00414807848658342,-0.0041493516387638915,-0.874612073258025,q0.5_range,0.25,within_domain
quote_rate,0.0026849606678943446,-0.0011781418318760112,-0.40049156539931474,q0.5_range,0.25,within_domain
paren_rate,0.0004979944291916065,8.534964568599339e-05,-0.07352868492949095,q0.5_range,0.25,within_domain
dash_rate,4.59072083647178e-05,0.0001582093322027982,0.04052813075589169,q0.5_range,0.25,within_domain
digit_rate,0.003611731075892196,-0.0011436917578877223,-0.4093807902841581,q0.5_range,0.25,within_domain
upper_rate,0.0048274717843450055,-0.003444397729359156,-0.5436589363260901,q0.5_range,0.25,within_domain
linebreak_per_100w,-0.06042819868814149,-0.031000625190362455,0.025898328857281324,q0.5_range,0.25,within_domain
bullet_rate,0.016877644001294642,-0.005924958508755773,-0.07778374093743295,q0.5_range,0.25,within_domain
question_rate,-0.008082073148921275,0.03717767420453622,0.3601241115378725,q0.5_range,0.25,within_domain
exclaim_rate,-0.024351289962494006,0.0941989516475812,0.6551580167383305,q0.5_range,0.25,within_domain
mean_log_rank,-0.2905176102530934,0.4069407334591475,1.5978920353142307,q0.5_range,0.25,within_domain
rare_word_rate,-0.03352084240907672,0.01730626264819168,0.9290718346419695,q0.5_range,0.25,within_domain
ttr,0.3885909090909091,0.8184772727272727,4.646611391992171,q0.5_range,0.3,raw
hapax,0.22274999999999998,0.7192272727272728,5.18875342867215,q0.5_range,0.3,raw
top1_share,0.09863636363636363,0.03434090909090909,-2.071839942765771,q0.5_range,0.3,raw
top10_share,0.44138636363636363,0.1708181818181818,-2.8900573729503027,q0.5_range,0.3,raw
word_entropy,3.9419588682092437,5.0673847970003925,3.2721672339017465,q0.5_range,0.3,raw
zipf_slope,-0.7792761733986905,-0.29177979852863195,3.7097762127292,q0.5_range,0.3,raw
content_ratio,0.5759545454545454,0.6922954545454546,1.7407339492240155,q0.5_range,0.3,raw
content_ttr,0.507899230168461,0.9300332201286983,3.5731647189807214,q0.5_range,0.3,raw
bigram_repeat,0.3194292237442922,0.009383561643835643,-2.091402238617513,q0.5_range,0.3,raw
trigram_repeat,0.2188532110091743,0.0007339449541284377,-1.333778553923158,q0.5_range,0.3,raw
mean_word_len,4.442772727272728,5.033863636363637,1.0959797553372652,q0.5_range,0.3,raw
long_word_rate,0.1253181818181818,0.16688636363636364,0.529849952300865,q0.5_range,0.3,raw
mean_sent_len,25.657532589402763,29.011303239244416,0.13211087618989362,q0.5_range,0.3,raw
sd_sent_len,12.393196115383619,18.230913217000932,0.3758966049659638,q0.5_range,0.3,raw
sent_len_burst,0.5115239536058921,0.6085744418998789,0.41053812145462587,q0.5_range,0.3,raw
n_sents_per_100w,6.647727272727273,4.118181818181818,-0.8165070105591445,q0.5_range,0.3,raw
subordinator_rate,0.02331818181818182,0.03259090909090909,0.5033705183122256,q0.5_range,0.3,raw
function_rate,0.42404545454545456,0.30770454545454545,-1.7407339492240141,q0.5_range,0.3,raw
connective_rate,0.0017954545454545454,0.002022727272727273,0.05056275206106873,q0.5_range,0.3,raw
hedge_rate,0.0037045454545454547,0.006409090909090909,0.40797734033520067,q0.5_range,0.3,raw
pron12_rate,0.03627272727272727,0.024454545454545455,-0.3420267153933192,q0.5_range,0.3,raw
comma_rate,0.008982750744040756,0.004370336553289576,-0.8485920705705924,q0.5_range,0.3,raw
punct_rate,0.023707416080179497,0.01524512789028881,-0.7921431800909821,q0.5_range,0.3,raw
quote_rate,0.007766287481276393,0.004217533790748664,-0.3454297495031199,q0.5_range,0.3,raw
paren_rate,0.0028274512282699814,0.002255900633579143,-0.09735260958044227,q0.5_range,0.3,raw
dash_rate,0.001585066643504444,0.001625287931262343,0.014609523324461469,q0.5_range,0.3,raw
digit_rate,0.009160755243169475,0.004745472490522513,-0.36215007598279797,q0.5_range,0.3,raw
upper_rate,0.02732021042332748,0.020443771399573273,-0.4157429543589861,q0.5_range,0.3,raw
linebreak_per_100w,0.8477272727272728,0.013636363636363636,-0.44928357981075534,q0.5_range,0.3,raw
bullet_rate,0.06363636363636363,0.0,-0.18333725043604518,q0.5_range,0.3,raw
question_rate,0.0352443004150734,0.08160389243109831,0.35014813584934484,q0.5_range,0.3,raw
exclaim_rate,0.014528411086382037,0.1375066918375742,0.6397095664732666,q0.5_range,0.3,raw
mean_log_rank,4.652394164750915,5.4270952545608315,1.6552359107002304,q0.5_range,0.3,raw
rare_word_rate,0.07147727272727272,0.12868181818181817,0.993959235929934,q0.5_range,0.3,raw
ttr,-0.201117091529169,0.1949384371765422,3.9003392300921242,q0.5_range,0.3,within_domain
hapax,-0.2159113632710313,0.2377748695460931,4.233613977644639,q0.5_range,0.3,within_domain
top1_share,0.03228267918015073,-0.02928562286538369,-1.9778767791192915,q0.5_range,0.3,within_domain
top10_share,0.13543453731874777,-0.11824355572276363,-2.614282000453128,q0.5_range,0.3,within_domain
word_entropy,-0.579969283767375,0.4723128243874752,2.927091665843856,q0.5_range,0.3,within_domain
zipf_slope,-0.22334304433462415,0.22419649921794074,3.234749727238599,q0.5_range,0.3,within_domain
content_ratio,-0.03674423815935228,0.06731560103373668,1.6661779344493317,q0.5_range,0.3,within_domain
content_ttr,-0.2349848249008539,0.1565968480628248,3.1491447299846413,q0.5_range,0.3,within_domain
bigram_repeat,0.2067161826123381,-0.09150581542042895,-2.0041096921475106,q0.5_range,0.3,within_domain
trigram_repeat,0.16453468182885939,-0.05175052859396327,-1.3338744064885875,q0.5_range,0.3,within_domain
mean_word_len,-0.2595715992388508,0.31791111916713466,1.4832611437543153,q0.5_range,0.3,within_domain
long_word_rate,-0.02316966353412807,0.021966278769932176,0.8521631991410203,q0.5_range,0.3,within_domain
mean_sent_len,3.1125689517745,5.880042314263201,0.11475601385306461,q0.5_range,0.3,within_domain
sd_sent_len,0.9617092092633915,6.1842011191780895,0.34071267118236565,q0.5_range,0.3,within_domain
sent_len_burst,0.00013773252521487764,0.08532768440532079,0.37532706311083,q0.5_range,0.3,within_domain
n_sents_per_100w,1.1089840544767684,-1.3784037302213779,-0.9272179156911141,q0.5_range,0.3,within_domain
subordinator_rate,-0.0029525910702032365,0.005848406816315124,0.48338164040200815,q0.5_range,0.3,within_domain
function_rate,0.036744238159352294,-0.06731560103373664,-1.6661779344493313,q0.5_range,0.3,within_domain
connective_rate,-0.00017849621722148726,0.00028509704705517567,0.10538704817626453,q0.5_range,0.3,within_domain
hedge_rate,-0.0016128430584244592,0.0020351415630233587,0.5847700293534699,q0.5_range,0.3,within_domain
pron12_rate,0.005678173486837928,-0.004455355641915327,-0.33756801390533253,q0.5_range,0.3,within_domain
comma_rate,0.001344916060596395,-0.0030177281141738586,-0.8216153450604887,q0.5_range,0.3,within_domain
punct_rate,0.004108059479105599,-0.004110991563603194,-0.8666506954298863,q0.5_range,0.3,within_domain
quote_rate,0.00280904744515466,-0.0011381629566032338,-0.40878629640939423,q0.5_range,0.3,within_domain
paren_rate,0.0004462077199266857,4.680990581107118e-05,-0.0711331588533816,q0.5_range,0.3,within_domain
dash_rate,1.98555281893555e-05,8.598426599058256e-05,0.025028170196530603,q0.5_range,0.3,within_domain
digit_rate,0.0037341388084010984,-0.0012411140235994696,-0.43008039960652794,q0.5_range,0.3,within_domain
upper_rate,0.004732421748032201,-0.003951701850405999,-0.58727015403348,q0.5_range,0.3,within_domain
linebreak_per_100w,-0.04882278488025128,-0.031000625190362455,0.01332803921129272,q0.5_range,0.3,within_domain
bullet_rate,0.008218861642902647,-0.005970413054210318,-0.04705644483070193,q0.5_range,0.3,within_domain
question_rate,-0.008325620596981314,0.03784880822793367,0.36672238607455093,q0.5_range,0.3,within_domain
exclaim_rate,-0.02426995066281098,0.0888389314931673,0.6300668785579502,q0.5_range,0.3,within_domain
mean_log_rank,-0.2924262455439085,0.3888657346436892,1.5938665570074566,q0.5_range,0.3,within_domain
rare_word_rate,-0.03321582677278731,0.015755787467915904,0.9326281842049514,q0.5_range,0.3,within_domain
ttr,0.3895909090909091,0.8142954545454546,4.5564637531973435,q0.5_range,0.35,raw
hapax,0.22418181818181818,0.7142045454545455,5.097090973939551,q0.5_range,0.35,raw
top1_share,0.09838636363636363,0.03531818181818181,-2.028479021464666,q0.5_range,0.35,raw
top10_share,0.4413636363636364,0.17402272727272727,-2.848145421453356,q0.5_range,0.35,raw
word_entropy,3.944085500039036,5.05722969480576,3.2217368989235045,q0.5_range,0.35,raw
zipf_slope,-0.7784313462835911,-0.29673712738117797,3.6583423693569257,q0.5_range,0.35,raw
content_ratio,0.5770681818181818,0.68875,1.6830474307842382,q0.5_range,0.35,raw
content_ttr,0.5094225679613882,0.9294539642844805,3.5330962977977376,q0.5_range,0.35,raw
bigram_repeat,0.31721461187214617,0.009566210045662127,-2.0602436258259997,q0.5_range,0.35,raw
trigram_repeat,0.21727064220183487,0.0005963302752293553,-1.3195915905409876,q0.5_range,0.35,raw
mean_word_len,4.4319999999999995,5.012113636363636,1.075242704834524,q0.5_range,0.35,raw
long_word_rate,0.12381818181818181,0.16520454545454544,0.5291327738104669,q0.5_range,0.35,raw
mean_sent_len,25.447413541783718,28.784898010486245,0.13170080713557955,q0.5_range,0.35,raw
sd_sent_len,12.264958686222139,17.91903210847642,0.3655120709815018,q0.5_range,0.35,raw
sent_len_burst,0.5117827511688727,0.6041194731195663,0.39006319524660316,q0.5_range,0.35,raw
n_sents_per_100w,6.706818181818181,4.131818181818182,-0.8334539008220008,q0.5_range,0.35,raw
subordinator_rate,0.022613636363636364,0.03252272727272727,0.5432509846394282,q0.5_range,0.35,raw
function_rate,0.42293181818181824,0.31125,-1.6830474307842382,q0.5_range,0.35,raw
connective_rate,0.0017954545454545454,0.002090909090909091,0.0652071734744962,q0.5_range,0.35,raw
hedge_rate,0.0036818181818181815,0.006159090909090909,0.37412689307990865,q0.5_range,0.35,raw
pron12_rate,0.036522727272727276,0.024704545454545458,-0.33724463880202626,q0.5_range,0.35,raw
comma_rate,0.009159955869356785,0.004251424982990379,-0.9857626155704758,q0.5_range,0.35,raw
punct_rate,0.02413603647588956,0.015135807021806325,-0.8459339592987769,q0.5_range,0.35,raw
quote_rate,0.007839577467161104,0.004161614071078806,-0.35715357061139713,q0.5_range,0.35,raw
paren_rate,0.002830399000745386,0.0022437022495618146,-0.09965671906325207,q0.5_range,0.35,raw
dash_rate,0.0015708061249743832,0.001619639513995267,0.017594244748718523,q0.5_range,0.35,raw
digit_rate,0.008787693530075436,0.004605571708103362,-0.35235114668814455,q0.5_range,0.35,raw
upper_rate,0.027940047633770428,0.0199053974877306,-0.49882026372675353,q0.5_range,0.35,raw
linebreak_per_100w,0.8409090909090909,0.022727272727272724,-0.4401237074652032,q0.5_range,0.35,raw
bullet_rate,0.06363636363636363,0.0,-0.18333725043604518,q0.5_range,0.35,raw
question_rate,0.035820057990830975,0.0802150035422094,0.3353700133532259,q0.5_range,0.35,raw
exclaim_rate,0.014528411086382037,0.13607052587934942,0.6318668699309622,q0.5_range,0.35,raw
mean_log_rank,4.663927611247383,5.398618042232663,1.6410002836327113,q0.5_range,0.35,raw
rare_word_rate,0.07284090909090908,0.12670454545454543,1.022833387460652,q0.5_range,0.35,raw
ttr,-0.20156181024156758,0.19069637582120735,3.8694519494340174,q0.5_range,0.35,within_domain
hapax,-0.2163628102170366,0.2328439522946517,4.216141280566954,q0.5_range,0.35,within_domain
top1_share,0.03214706456297666,-0.028191158511862904,-1.9357409396717755,q0.5_range,0.35,within_domain
top10_share,0.13604655136743393,-0.11476338681886762,-2.585199447346344,q0.5_range,0.35,within_domain
word_entropy,-0.5806396716861486,0.4614514685087536,2.895347334727082,q0.5_range,0.35,within_domain
zipf_slope,-0.2242052595459149,0.21916711617936818,3.217749904889396,q0.5_range,0.35,within_domain
content_ratio,-0.03608554662885569,0.0637063067537129,1.6050057873839108,q0.5_range,0.35,within_domain
content_ttr,-0.23461198198660504,0.15612134680627743,3.135531949915421,q0.5_range,0.35,within_domain
bigram_repeat,0.2045557309540541,-0.09124965779526084,-1.9723749693612547,q0.5_range,0.35,within_domain
trigram_repeat,0.16254954651555942,-0.05193462628062811,-1.3152447829003255,q0.5_range,0.35,within_domain
mean_word_len,-0.2653105887715698,0.2946055905923689,1.4207028244746636,q0.5_range,0.35,within_domain
long_word_rate,-0.023452197387863666,0.02007654101236882,0.8113379751284447,q0.5_range,0.35,within_domain
mean_sent_len,2.9614466689490246,5.690272308295493,0.11346849342693968,q0.5_range,0.35,within_domain
sd_sent_len,0.8203481379545525,5.902773085857304,0.33333326612468006,q0.5_range,0.35,within_domain
sent_len_burst,-0.0006916644949378764,0.0817392825878978,0.3628982534479341,q0.5_range,0.35,within_domain
n_sents_per_100w,1.1451986001371035,-1.360247242399529,-0.9324655370256462,q0.5_range,0.35,within_domain
subordinator_rate,-0.003625310887546052,0.005784126533972842,0.5201895162071254,q0.5_range,0.35,within_domain
function_rate,0.036085546628855714,-0.06370630675371286,-1.60500578738391,q0.5_range,0.35,within_domain
connective_rate,-0.0001552012075302691,0.00032816906317517056,0.10983369466242851,q0.5_range,0.35,within_domain
hedge_rate,-0.0016057345242553645,0.0017500737057381305,0.5381508365694131,q0.5_range,0.35,within_domain
pron12_rate,0.005657715600523197,-0.0042419545077031825,-0.3277184195463122,q0.5_range,0.35,within_domain
comma_rate,0.00154209737292494,-0.003107064774749454,-0.9451539729616152,q0.5_range,0.35,within_domain
punct_rate,0.004480303423245961,-0.004165826209109088,-0.9114679773953833,q0.5_range,0.35,within_domain
quote_rate,0.002815997092421183,-0.0011696174602634397,-0.41143281877382515,q0.5_range,0.35,within_domain
paren_rate,0.00046017363918934184,3.4396274387191734e-05,-0.07576471274349636,q0.5_range,0.35,within_domain
dash_rate,1.5454255259349602e-05,7.582961977469615e-05,0.022701716812574643,q0.5_range,0.35,within_domain
digit_rate,0.003399503847601919,-0.001255953510495648,-0.41474419506867427,q0.5_range,0.35,within_domain
upper_rate,0.005303864481248968,-0.004335972876318654,-0.6564945549960763,q0.5_range,0.35,within_domain
linebreak_per_100w,0.005385620829207813,-0.012848713550600348,-0.014321438542912198,q0.5_range,0.35,within_domain
bullet_rate,0.008491339165380175,-0.005810263590856581,-0.04743368654952532,q0.5_range,0.35,within_domain
question_rate,-0.008399221951961154,0.03666105191692694,0.35809771565655646,q0.5_range,0.35,within_domain
exclaim_rate,-0.02515855710446045,0.08699471072891725,0.6232144793527741,q0.5_range,0.35,within_domain
mean_log_rank,-0.2825062529553869,0.36275455341192253,1.5633067683437123,q0.5_range,0.35,within_domain
rare_word_rate,-0.03176740459046372,0.014388656017134063,0.9476026436803922,q0.5_range,0.35,within_domain
ttr,0.3890454545454546,0.8097045454545454,4.490024559961703,q0.5_range,0.4,raw
hapax,0.22429545454545455,0.7089318181818182,4.998699427995886,q0.5_range,0.4,raw
top1_share,0.09847727272727273,0.036477272727272726,-1.977090719879202,q0.5_range,0.4,raw
top10_share,0.442909090909091,0.17770454545454545,-2.819943233359051,q0.5_range,0.4,raw
word_entropy,3.94044765205018,5.045591111791858,3.1978726180480557,q0.5_range,0.4,raw
zipf_slope,-0.7794847152058676,-0.3020209661743158,3.6201532761149116,q0.5_range,0.4,raw
content_ratio,0.577590909090909,0.6863636363636363,1.6368494259387858,q0.5_range,0.4,raw
content_ttr,0.5092549921667751,0.9275015575460729,3.5201746419761375,q0.5_range,0.4,raw
bigram_repeat,0.3157077625570776,0.010251141552511443,-2.0380667445335625,q0.5_range,0.4,raw
trigram_repeat,0.21548165137614678,0.0006422018348623831,-1.3038355765067358,q0.5_range,0.4,raw
mean_word_len,4.41075,5.03775,1.1642744706170287,q0.5_range,0.4,raw
long_word_rate,0.12129545454545454,0.17043181818181816,0.6234967594653745,q0.5_range,0.4,raw
mean_sent_len,25.28061352893107,28.85536719816132,0.14122332328474557,q0.5_range,0.4,raw
sd_sent_len,12.333484355773217,17.625627084910313,0.34330950934675614,q0.5_range,0.4,raw
sent_len_burst,0.518697810891529,0.5913967911920303,0.3095417580664791,q0.5_range,0.4,raw
n_sents_per_100w,6.763636363636365,4.090909090909091,-0.8686894542916812,q0.5_range,0.4,raw
subordinator_rate,0.022659090909090907,0.03220454545454546,0.5171610894572612,q0.5_range,0.4,raw
function_rate,0.4224090909090909,0.31363636363636366,-1.6368494259387858,q0.5_range,0.4,raw
connective_rate,0.0017727272727272724,0.0022954545454545454,0.11308757281554556,q0.5_range,0.4,raw
hedge_rate,0.0037727272727272726,0.0063409090909090915,0.37910557124018673,q0.5_range,0.4,raw
pron12_rate,0.037204545454545455,0.023931818181818186,-0.37626899483788806,q0.5_range,0.4,raw
comma_rate,0.009323157289372483,0.004367940399659623,-0.986052912638276,q0.5_range,0.4,raw
punct_rate,0.024450580637772196,0.014910918936592693,-0.8970251836516814,q0.5_range,0.4,raw
quote_rate,0.008075897495859524,0.004027886371481917,-0.38992424166500966,q0.5_range,0.4,raw
paren_rate,0.0028697814159874945,0.0022606237007882423,-0.10322232833209541,q0.5_range,0.4,raw
dash_rate,0.001531327408588994,0.0016373967949408813,0.03824105761814255,q0.5_range,0.4,raw
digit_rate,0.009128235935168589,0.004299695996178426,-0.40415784300143515,q0.5_range,0.4,raw
upper_rate,0.027925667660636734,0.01915280316038473,-0.5501383834536042,q0.5_range,0.4,raw
linebreak_per_100w,1.5136363636363637,0.015909090909090907,-0.3072503490089195,q0.5_range,0.4,raw
bullet_rate,0.038636363636363635,0.0,-0.15913193032013767,q0.5_range,0.4,raw
question_rate,0.03855032114872572,0.08077846867185101,0.31501006741592047,q0.5_range,0.4,raw
exclaim_rate,0.014528411086382033,0.12335680495974613,0.6002029777894556,q0.5_range,0.4,raw
mean_log_rank,4.661174394959757,5.378029827940478,1.609421035623453,q0.5_range,0.4,raw
rare_word_rate,0.07320454545454545,0.12411363636363637,0.9796088979182865,q0.5_range,0.4,raw
ttr,-0.2012968478183064,0.18528541477269594,3.7558742006708012,q0.5_range,0.4,within_domain
hapax,-0.21549621099511257,0.22666196914052927,4.068334020020179,q0.5_range,0.4,within_domain
top1_share,0.03220658781088866,-0.026802197091159528,-1.8772272191169015,q0.5_range,0.4,within_domain
top10_share,0.13685723832757735,-0.11040804999956051,-2.5334573215795566,q0.5_range,0.4,within_domain
word_entropy,-0.5820471376823109,0.4474907266432844,2.8446375949208496,q0.5_range,0.4,within_domain
zipf_slope,-0.22429714505816256,0.21314112218625397,3.149663121591349,q0.5_range,0.4,within_domain
content_ratio,-0.03515878260491925,0.05903265276189749,1.5033108656769787,q0.5_range,0.4,within_domain
content_ttr,-0.23438617798578668,0.15506891111246174,3.111682727563961,q0.5_range,0.4,within_domain
bigram_repeat,0.20321802922891366,-0.09098762228914803,-1.953322802765633,q0.5_range,0.4,within_domain
trigram_repeat,0.16106210034636884,-0.052444760994153246,-1.3052684655152071,q0.5_range,0.4,within_domain
mean_word_len,-0.2816469219693825,0.28562036326104584,1.4507001920736622,q0.5_range,0.4,within_domain
long_word_rate,-0.02542908015730598,0.020127945696201646,0.8468033966531102,q0.5_range,0.4,within_domain
mean_sent_len,2.953509990516972,5.572774050500427,0.10907067813610043,q0.5_range,0.4,within_domain
sd_sent_len,0.9328397821344341,5.610972578956434,0.3082574916665624,q0.5_range,0.4,within_domain
sent_len_burst,0.005707021202335409,0.0732024710350439,0.2991905836443921,q0.5_range,0.4,within_domain
n_sents_per_100w,1.1737139156031677,-1.3282408831714039,-0.9342540828113756,q0.5_range,0.4,within_domain
subordinator_rate,-0.0036356522155807434,0.005553516355702703,0.502292861538498,q0.5_range,0.4,within_domain
function_rate,0.03515878260491928,-0.05903265276189744,-1.5033108656769785,q0.5_range,0.4,within_domain
connective_rate,-0.00014259869862553873,0.00043587649163853487,0.12926383600494004,q0.5_range,0.4,within_domain
hedge_rate,-0.0014621377935999551,0.0018764923689303117,0.5229897677252826,q0.5_range,0.4,within_domain
pron12_rate,0.006515561807936939,-0.003940959496243523,-0.3443299221195431,q0.5_range,0.4,within_domain
comma_rate,0.0016720736501225875,-0.0029228254430102673,-0.925831965219224,q0.5_range,0.4,within_domain
punct_rate,0.004715636258717343,-0.004072717831307679,-0.9273808793811826,q0.5_range,0.4,within_domain
quote_rate,0.0030018664308068986,-0.0011130877021981215,-0.4221655076042336,q0.5_range,0.4,within_domain
paren_rate,0.0005097527551457628,-6.925726817664789e-05,-0.10287677953062363,q0.5_range,0.4,within_domain
dash_rate,-2.112045520379167e-06,3.404408108142926e-05,0.013527331385407224,q0.5_range,0.4,within_domain
digit_rate,0.003761787287944346,-0.0015361964929001938,-0.46796175893872016,q0.5_range,0.4,within_domain
upper_rate,0.0052915739580092006,-0.004762612102321715,-0.6930014197242453,q0.5_range,0.4,within_domain
linebreak_per_100w,0.569636840185694,-0.002927272727272727,-0.13447264219454777,q0.5_range,0.4,within_domain
bullet_rate,-0.011364841196941216,-0.001145083487940631,0.047662994141301575,q0.5_range,0.4,within_domain
question_rate,-0.005956939296810915,0.039234646200692405,0.3559073392704451,q0.5_range,0.4,within_domain
exclaim_rate,-0.025681076633778676,0.07713229874688456,0.6032020227516911,q0.5_range,0.4,within_domain
mean_log_rank,-0.2842567086075886,0.33239007572695217,1.4986847758432946,q0.5_range,0.4,within_domain
rare_word_rate,-0.03176759038960382,0.012324450508963834,0.9212977643766901,q0.5_range,0.4,within_domain
ttr,0.39482819722650236,0.7994090909090908,3.9653721084826365,q0.5_range,0.45,raw
hapax,0.2310697226502311,0.6954318181818182,4.29277711861802,q0.5_range,0.45,raw
top1_share,0.09765844889573701,0.03840909090909091,-1.8412626497396178,q0.5_range,0.45,raw
top10_share,0.4402964817668208,0.18395454545454548,-2.638741708233559,q0.5_range,0.45,raw
word_entropy,3.9525636874480856,5.022256464634925,2.9819646239282287,q0.5_range,0.45,raw
zipf_slope,-0.7724869065817542,-0.31402024085966584,3.2810934354372483,q0.5_range,0.45,raw
content_ratio,0.5824554442732408,0.6826818181818183,1.454047243031473,q0.5_range,0.45,raw
content_ttr,0.5136718170645375,0.9214269269820815,3.2938747927347953,q0.5_range,0.45,raw
bigram_repeat,0.31156366749688674,0.011666666666666691,-1.9749372981511821,q0.5_range,0.45,raw
trigram_repeat,0.21323394495412845,0.000894495412844033,-1.284761066773786,q0.5_range,0.45,raw
mean_word_len,4.420611453518233,5.069886363636364,1.1884015616862502,q0.5_range,0.45,raw
long_word_rate,0.12326861838726245,0.17656818181818182,0.6682335027717324,q0.5_range,0.45,raw
mean_sent_len,25.217446626263254,28.568100714644835,0.13365070206717738,q0.5_range,0.45,raw
sd_sent_len,12.687337577198276,16.847390221545464,0.26907767120491016,q0.5_range,0.45,raw
sent_len_burst,0.5326587425392948,0.5687113328352426,0.1490070556942061,q0.5_range,0.45,raw
n_sents_per_100w,6.796494607087827,4.070454545454545,-0.8841788008579825,q0.5_range,0.45,raw
subordinator_rate,0.022186697483307646,0.03136363636363636,0.49798757996072424,q0.5_range,0.45,raw
function_rate,0.4175445557267591,0.31731818181818183,-1.45404724303147,q0.5_range,0.45,raw
connective_rate,0.0019090909090909091,0.0022954545454545454,0.08408438785753507,q0.5_range,0.45,raw
hedge_rate,0.0037272727272727266,0.006704545454545455,0.4328421197089585,q0.5_range,0.45,raw
pron12_rate,0.03623279404211607,0.02227272727272727,-0.40365081752112664,q0.5_range,0.45,raw
comma_rate,0.009306698668234616,0.0046559962038856175,-0.9088884014109653,q0.5_range,0.45,raw
punct_rate,0.024549105199742672,0.014735407390901113,-0.9260611730977296,q0.5_range,0.45,raw
quote_rate,0.008189119984832915,0.0038030620028168473,-0.421517039011798,q0.5_range,0.45,raw
paren_rate,0.00322839130044794,0.0021033035233353,-0.1821031785228269,q0.5_range,0.45,raw
dash_rate,0.001687946407093085,0.0017107601957908254,0.007855689266326326,q0.5_range,0.45,raw
digit_rate,0.010496239504144866,0.00423562321789103,-0.4318902383659478,q0.5_range,0.45,raw
upper_rate,0.028986624586677154,0.01903625815487391,-0.588968552074807,q0.5_range,0.45,raw
linebreak_per_100w,1.8704545454545456,0.022727272727272724,-0.3345505346399174,q0.5_range,0.45,raw
bullet_rate,0.038636363636363635,0.0022727272727272726,-0.14911934117871786,q0.5_range,0.45,raw
question_rate,0.040964114252173986,0.07426541922130157,0.2484895762173475,q0.5_range,0.45,raw
exclaim_rate,0.01393317299114394,0.10086323602867721,0.5212256252869996,q0.5_range,0.45,raw
mean_log_rank,4.6985904525102855,5.3676012476711366,1.4183352838769945,q0.5_range,0.45,raw
rare_word_rate,0.07668027734976887,0.12370454545454546,0.8617877970904115,q0.5_range,0.45,raw
ttr,-0.19626128636007056,0.17512157519353766,3.379985548625358,q0.5_range,0.45,within_domain
hapax,-0.2097607713183448,0.21345336438405474,3.6008015442374015,q0.5_range,0.45,within_domain
top1_share,0.031391631962972386,-0.025111056663103298,-1.7539329010303457,q0.5_range,0.45,within_domain
top10_share,0.13445926554976997,-0.10416108641307538,-2.3771211169935262,q0.5_range,0.45,within_domain
word_entropy,-0.5712319986138287,0.4239903004519769,2.6629036970811524,q0.5_range,0.45,within_domain
zipf_slope,-0.2181400990521462,0.2013044862418725,2.8734721843134547,q0.5_range,0.45,within_domain
content_ratio,-0.031362746706089656,0.05372201194625589,1.3145152604090533,q0.5_range,0.45,within_domain
content_ttr,-0.23037662521562233,0.14947268693781526,2.9314877392020797,q0.5_range,0.45,within_domain
bigram_repeat,0.1994289270062812,-0.08907775221794037,-1.8947400578959148,q0.5_range,0.45,within_domain
trigram_repeat,0.15895814082308551,-0.05134228151114603,-1.2832315014183577,q0.5_range,0.45,within_domain
mean_word_len,-0.2771392657238731,0.2770239704380569,1.3833062061793777,q0.5_range,0.45,within_domain
long_word_rate,-0.0241092988461663,0.01992020366763541,0.8070530526340013,q0.5_range,0.45,within_domain
mean_sent_len,2.933994286934373,4.705537327525701,0.07411592015646833,q0.5_range,0.45,within_domain
sd_sent_len,1.2938191305830016,4.702618448809989,0.22335380084683784,q0.5_range,0.45,within_domain
sent_len_burst,0.019183168076239526,0.05477026174416586,0.15339411288612667,q0.5_range,0.45,within_domain
n_sents_per_100w,1.2016918528085996,-1.2103801863294605,-0.8914815028524221,q0.5_range,0.45,within_domain
subordinator_rate,-0.004062990775278975,0.004869817405152455,0.4902352925835429,q0.5_range,0.45,within_domain
function_rate,0.031362746706089684,-0.05372201194625584,-1.3145152604090529,q0.5_range,0.45,within_domain
connective_rate,8.998484502005921e-06,0.0003454904613220353,0.07544532643143902,q0.5_range,0.45,within_domain
hedge_rate,-0.0014236514417431845,0.002175569603427636,0.5535044251523794,q0.5_range,0.45,within_domain
pron12_rate,0.005830943014537881,-0.0036068037621363514,-0.31946019724629043,q0.5_range,0.45,within_domain
comma_rate,0.0016188591177080935,-0.0026839436869642106,-0.8472323758654369,q0.5_range,0.45,within_domain
punct_rate,0.004785189354626479,-0.003888536646288118,-0.9164125889077605,q0.5_range,0.45,within_domain
quote_rate,0.003135860492479819,-0.0011156805878266987,-0.4343332112859431,q0.5_range,0.45,within_domain
paren_rate,0.0008161793380213285,-0.0002522831384543243,-0.180402779953976,q0.5_range,0.45,within_domain
dash_rate,0.00014555674402897556,4.575415184250935e-05,-0.03580690704939386,q0.5_range,0.45,within_domain
digit_rate,0.0050511087102753476,-0.001909936569070056,-0.5054851363459146,q0.5_range,0.45,within_domain
upper_rate,0.006232073221257596,-0.005025194610692197,-0.7370716678415059,q0.5_range,0.45,within_domain
linebreak_per_100w,0.8828330697557398,-0.024006457094307564,-0.18910153557737278,q0.5_range,0.45,within_domain
bullet_rate,-0.016027655856114716,0.0003004619285384441,0.07385720181418702,q0.5_range,0.45,within_domain
question_rate,-0.0030330925834006184,0.03524015025816719,0.3015509313896032,q0.5_range,0.45,within_domain
exclaim_rate,-0.02617784748065019,0.06026955834742446,0.5497012852943196,q0.5_range,0.45,within_domain
mean_log_rank,-0.2544469090406755,0.3061103171816285,1.2979448070850226,q0.5_range,0.45,within_domain
rare_word_rate,-0.029184355131235677,0.010019302151045439,0.7920907662680642,q0.5_range,0.45,within_domain
ttr,0.40372562387392896,0.7732727272727273,3.269696534482292,q0.5_range,0.5,raw
hapax,0.2414611367916453,0.6628863636363637,3.486378791641654,q0.5_range,0.5,raw
top1_share,0.09538872787601602,0.042227272727272724,-1.622681742807528,q0.5_range,0.5,raw
top10_share,0.43440723212757104,0.20034090909090907,-2.287252201219253,q0.5_range,0.5,raw
word_entropy,3.9766946202516187,4.9629259770224925,2.5869864638065376,q0.5_range,0.5,raw
zipf_slope,-0.7635370553690598,-0.3452935544185769,2.797196664338433,q0.5_range,0.5,raw
content_ratio,0.5879672287850254,0.6757045454545454,1.2385250464457782,q0.5_range,0.5,raw
content_ttr,0.5212116608247834,0.9027035764301956,2.9044283390277807,q0.5_range,0.5,raw
bigram_repeat,0.29996525109739186,0.01805936073059363,-1.795386756290933,q0.5_range,0.5,raw
trigram_repeat,0.20518728842663003,0.002454128440366967,-1.2073349793629256,q0.5_range,0.5,raw
mean_word_len,4.3839559701127495,5.129,1.4316888766445515,q0.5_range,0.5,raw
long_word_rate,0.1170209031395472,0.18825000000000003,0.9333622685141356,q0.5_range,0.5,raw
mean_sent_len,24.828781452072946,27.594771960066083,0.11098127189629034,q0.5_range,0.5,raw
sd_sent_len,12.669955288588561,15.696682621154828,0.19970690618760192,q0.5_range,0.5,raw
sent_len_burst,0.5429707187899919,0.5447339715889428,0.007414685742037938,q0.5_range,0.5,raw
n_sents_per_100w,6.898695184288403,4.170454545454545,-0.892739286492295,q0.5_range,0.5,raw
subordinator_rate,0.021648698445308617,0.02965909090909091,0.4321951944029687,q0.5_range,0.5,raw
function_rate,0.41203277121497456,0.3242954545454545,-1.238525046445779,q0.5_range,0.5,raw
connective_rate,0.0018483645983645984,0.002909090909090909,0.22058630383382904,q0.5_range,0.5,raw
hedge_rate,0.0032499999999999994,0.006409090909090909,0.47525546084095716,q0.5_range,0.5,raw
pron12_rate,0.03674770505702709,0.019863636363636368,-0.49544827419610815,q0.5_range,0.5,raw
comma_rate,0.0094431502977449,0.005194077740533547,-0.812580014887802,q0.5_range,0.5,raw
punct_rate,0.025010814712949535,0.01487903312027829,-0.9634688682109003,q0.5_range,0.5,raw
quote_rate,0.00829693120029283,0.003352091164434976,-0.47375258092360345,q0.5_range,0.5,raw
paren_rate,0.003690780470949326,0.0020299144867023857,-0.26590204172810805,q0.5_range,0.5,raw
dash_rate,0.001639849150382359,0.001723788683237174,0.03017415876065669,q0.5_range,0.5,raw
digit_rate,0.010876806806331336,0.003978272607492144,-0.48037777893385714,q0.5_range,0.5,raw
upper_rate,0.03037122333969201,0.019003651586503502,-0.6376301476045123,q0.5_range,0.5,raw
linebreak_per_100w,1.8386363636363638,0.20681818181818185,-0.292979522752927,q0.5_range,0.5,raw
bullet_rate,0.05227272727272728,0.025,-0.05147478275196506,q0.5_range,0.5,raw
question_rate,0.03769355314851792,0.06659439580027815,0.23077067617258842,q0.5_range,0.5,raw
exclaim_rate,0.01623295654092749,0.08728869945414063,0.4365260103081839,q0.5_range,0.5,raw
mean_log_rank,4.753530491317358,5.3324519179367,1.192939287394684,q0.5_range,0.5,raw
rare_word_rate,0.0817429276624192,0.12222727272727273,0.7457368151191016,q0.5_range,0.5,raw
ttr,-0.18805800646142232,0.15380961035517057,2.9004535536272535,q0.5_range,0.5,within_domain
hapax,-0.19980103068519425,0.1877960081881217,3.049855573993465,q0.5_range,0.5,within_domain
top1_share,0.029530774159483134,-0.021310499891361565,-1.5522723938001597,q0.5_range,0.5,within_domain
top10_share,0.12957427395633048,-0.08931312473238479,-2.10582888064156,q0.5_range,0.5,within_domain
word_entropy,-0.550031000764074,0.37225002127250856,2.362902342402328,q0.5_range,0.5,within_domain
zipf_slope,-0.21009987677353487,0.17568128035082722,2.526008248618131,q0.5_range,0.5,within_domain
content_ratio,-0.025986114206043746,0.04537841292766965,1.0635670841657598,q0.5_range,0.5,within_domain
content_ttr,-0.2232562806835184,0.13648332847977834,2.6554047502150326,q0.5_range,0.5,within_domain
bigram_repeat,0.18910605159195995,-0.08366801389852126,-1.7401877670863999,q0.5_range,0.5,within_domain
trigram_repeat,0.15177831297274663,-0.04934425705080793,-1.2109193812853998,q0.5_range,0.5,within_domain
mean_word_len,-0.2920378295469105,0.2709785992515419,1.4265995503315303,q0.5_range,0.5,within_domain
long_word_rate,-0.02700793547956604,0.02134236246011148,0.9005663937162721,q0.5_range,0.5,within_domain
mean_sent_len,2.944663942132807,3.6300789975841483,0.028829401093289533,q0.5_range,0.5,within_domain
sd_sent_len,1.391445571188629,3.772089158370445,0.15934375123710734,q0.5_range,0.5,within_domain
sent_len_burst,0.027255531568845907,0.04290618822354638,0.0686402830484953,q0.5_range,0.5,within_domain
n_sents_per_100w,1.2467611294794991,-0.9717792258913182,-0.8217647199820575,q0.5_range,0.5,within_domain
subordinator_rate,-0.004707551063546759,0.003281783389771593,0.4374703515209326,q0.5_range,0.5,within_domain
function_rate,0.025986114206043777,-0.045378412927669594,-1.0635670841657596,q0.5_range,0.5,within_domain
connective_rate,5.843554801316705e-05,0.0006600435026015196,0.13091659320870627,q0.5_range,0.5,within_domain
hedge_rate,-0.0017972601599482985,0.0015709541020732698,0.5273877004198075,q0.5_range,0.5,within_domain
pron12_rate,0.006573532780271391,-0.004003435880738851,-0.3580971687544381,q0.5_range,0.5,within_domain
comma_rate,0.0016993245629874348,-0.0021346362937120335,-0.7383832729966577,q0.5_range,0.5,within_domain
punct_rate,0.005081288810280427,-0.003148843173303267,-0.8750310884490744,q0.5_range,0.5,within_domain
quote_rate,0.0031251789085264257,-0.001082775341960736,-0.4277641321996686,q0.5_range,0.5,within_domain
paren_rate,0.0012599140357664523,-0.00033700733999706545,-0.26721001380217024,q0.5_range,0.5,within_domain
dash_rate,0.00013850084643812996,-1.6403764454652167e-05,-0.05715982312646851,q0.5_range,0.5,within_domain
digit_rate,0.005377295161908158,-0.002135457959144715,-0.5452646301033839,q0.5_range,0.5,within_domain
upper_rate,0.007486982070881624,-0.004539603632451832,-0.7460810867329527,q0.5_range,0.5,within_domain
linebreak_per_100w,0.9122417576288244,-0.0694041364263175,-0.20352490380876764,q0.5_range,0.5,within_domain
bullet_rate,0.005740022913072798,0.005355531787464864,-0.0007846661725835606,q0.5_range,0.5,within_domain
question_rate,-0.006109317916802966,0.032615798451820735,0.32934367644061074,q0.5_range,0.5,within_domain
exclaim_rate,-0.02458880797809399,0.05270863374689583,0.504922429906786,q0.5_range,0.5,within_domain
mean_log_rank,-0.20292281474633525,0.27020005699530886,1.0461459229167465,q0.5_range,0.5,within_domain
rare_word_rate,-0.024994038868387154,0.009779500256696083,0.6976954314463378,q0.5_range,0.5,within_domain
ttr,0.38943181818181816,0.821590909090909,4.636836427486444,q_large,0.0,raw
hapax,0.21995454545454543,0.7229772727272727,5.268741758531397,q_large,0.0,raw
top1_share,0.09593181818181819,0.03345454545454545,-2.0337744100152904,q_large,0.0,raw
top10_share,0.4365227272727273,0.16847727272727273,-2.8086640918659227,q_large,0.0,raw
word_entropy,3.9533722291235938,5.075134797630283,3.211251551672886,q_large,0.0,raw
zipf_slope,-0.7743108535593649,-0.28828759547642574,3.6461863787971414,q_large,0.0,raw
content_ratio,0.58175,0.6962272727272727,1.6800023439646392,q_large,0.0,raw
content_ttr,0.5034899998259711,0.9322698938323023,3.668434462613953,q_large,0.0,raw
bigram_repeat,0.325296803652968,0.008652968036529705,-2.133332606542622,q_large,0.0,raw
trigram_repeat,0.22816513761467888,0.0006880733944954098,-1.393274909716779,q_large,0.0,raw
mean_word_len,4.447431818181818,5.070613636363635,1.1575784447738382,q_large,0.0,raw
long_word_rate,0.12625,0.17163636363636364,0.5709935377513934,q_large,0.0,raw
mean_sent_len,25.599453691176805,29.051862924657044,0.1367725542929915,q_large,0.0,raw
sd_sent_len,12.206390476975601,18.242759166312975,0.3960188964378899,q_large,0.0,raw
sent_len_burst,0.5110929564759237,0.6079638317120826,0.4056982201582495,q_large,0.0,raw
n_sents_per_100w,6.61590909090909,4.084090909090909,-0.8219624879472711,q_large,0.0,raw
subordinator_rate,0.022590909090909092,0.031931818181818186,0.5125963865853918,q_large,0.0,raw
function_rate,0.41825,0.30377272727272725,-1.68000234396464,q_large,0.0,raw
connective_rate,0.0017727272727272728,0.0021363636363636363,0.0802625938130861,q_large,0.0,raw
hedge_rate,0.004136363636363637,0.006159090909090908,0.2824129555114932,q_large,0.0,raw
pron12_rate,0.03584090909090909,0.024477272727272726,-0.32978600887522563,q_large,0.0,raw
comma_rate,0.009192665043269842,0.004338554930517801,-0.8789840499167367,q_large,0.0,raw
punct_rate,0.023987587458307008,0.015061939267322674,-0.8213674311000217,q_large,0.0,raw
quote_rate,0.007642236199961159,0.004015768936127738,-0.3513419075126831,q_large,0.0,raw
paren_rate,0.0031114511876838935,0.0022851622145785826,-0.13959709447549293,q_large,0.0,raw
dash_rate,0.0018036501605915183,0.0017719200194978818,-0.010637351640365573,q_large,0.0,raw
digit_rate,0.009466231219534695,0.005135034011777752,-0.35066055720258604,q_large,0.0,raw
upper_rate,0.02801004674322538,0.021228033298205107,-0.3890593146647123,q_large,0.0,raw
linebreak_per_100w,1.425,0.013636363636363636,-0.29270241500829447,q_large,0.0,raw
bullet_rate,0.10227272727272728,0.0022727272727272726,-0.17628441052852448,q_large,0.0,raw
question_rate,0.033958280879053865,0.07997421940804293,0.34638402836314636,q_large,0.0,raw
exclaim_rate,0.013873649181620129,0.14076325471913706,0.6521851191055021,q_large,0.0,raw
mean_log_rank,4.694282790816294,5.467856098583739,1.593257903540543,q_large,0.0,raw
rare_word_rate,0.07413636363636363,0.1333409090909091,0.9612313297968343,q_large,0.0,raw
ttr,-0.19965425360248573,0.19642562623218496,3.8607209907141704,q_large,0.0,within_domain
hapax,-0.21765504625145005,0.23986873963468436,4.260107054886159,q_large,0.0,within_domain
top1_share,0.029705040916708957,-0.03015490364313517,-1.9443415995321103,q_large,0.0,within_domain
top10_share,0.13066027460077456,-0.11950696585133276,-2.5319879502318954,q_large,0.0,within_domain
word_entropy,-0.5680313382569646,0.4757126775026465,2.8575777776214917,q_large,0.0,within_domain
zipf_slope,-0.21772335364446882,0.22583210838890827,3.146886663662279,q_large,0.0,within_domain
content_ratio,-0.030554409499009977,0.06917798582800178,1.5593179700511146,q_large,0.0,within_domain
content_ttr,-0.2387311788091223,0.15800960186415344,3.210852571707633,q_large,0.0,within_domain
bigram_repeat,0.21243942819507336,-0.09130667033295822,-2.038478828323365,q_large,0.0,within_domain
trigram_repeat,0.17361598997009395,-0.05100669360411608,-1.3870422128349507,q_large,0.0,within_domain
mean_word_len,-0.25427846739666726,0.32901220835722533,1.5061041594012357,q_large,0.0,within_domain
long_word_rate,-0.022457462825210293,0.023311440342088076,0.8647246464603034,q_large,0.0,within_domain
mean_sent_len,3.235132193498528,5.452142362056102,0.09233371543666923,q_large,0.0,within_domain
sd_sent_len,0.8683292391090977,6.075663869031651,0.34618942344003334,q_large,0.0,within_domain
sent_len_burst,0.0006143684962996227,0.08776801483171846,0.3818515481742256,q_large,0.0,within_domain
n_sents_per_100w,1.0754851246931825,-1.302060502424233,-0.8848505677550097,q_large,0.0,within_domain
subordinator_rate,-0.00378513478941848,0.005220087054259788,0.5003669024546417,q_large,0.0,within_domain
function_rate,0.03055440949901,-0.06917798582800173,-1.559317970051114,q_large,0.0,within_domain
connective_rate,-0.0002335293073310997,0.0003682585214115143,0.1356037436793591,q_large,0.0,within_domain
hedge_rate,-0.0011991725419386115,0.0018213102323350059,0.4503519696068035,q_large,0.0,within_domain
pron12_rate,0.005182913713721231,-0.0032201411914803135,-0.28199536566562633,q_large,0.0,within_domain
comma_rate,0.001583798555723887,-0.003036441003984455,-0.8591671181327639,q_large,0.0,within_domain
punct_rate,0.0044590263702426495,-0.003978519533451714,-0.8741667129008049,q_large,0.0,within_domain
quote_rate,0.0026781475977803513,-0.0010506990800650275,-0.3850624601208176,q_large,0.0,within_domain
paren_rate,0.0007263323672535371,1.6495912966609915e-06,-0.12820507564952138,q_large,0.0,within_domain
dash_rate,0.00022822205514597113,0.00018519134135852678,-0.015069581219761149,q_large,0.0,within_domain
digit_rate,0.004107809243458639,-0.0013458868373903326,-0.4623939062395637,q_large,0.0,within_domain
upper_rate,0.00558437127043699,-0.003541675113950203,-0.5858231014508637,q_large,0.0,within_domain
linebreak_per_100w,0.5551161428551468,-0.031000625190362455,-0.1382652694157502,q_large,0.0,within_domain
bullet_rate,0.05693039010576491,-0.003652695057920893,-0.11908157195337386,q_large,0.0,within_domain
question_rate,-0.009549716420103523,0.03984512595581693,0.393924515223745,q_large,0.0,within_domain
exclaim_rate,-0.02461284847970223,0.0920222831408465,0.6471510090188888,q_large,0.0,within_domain
mean_log_rank,-0.2457190030270661,0.4097506146873164,1.4697439786167363,q_large,0.0,within_domain
rare_word_rate,-0.029875698906844984,0.017864418035023765,0.8575828663226374,q_large,0.0,within_domain
ttr,0.3896818181818182,0.8220454545454545,4.64211783469905,q_large,0.05,raw
hapax,0.22018181818181815,0.7235909090909091,5.280793401282546,q_large,0.05,raw
top1_share,0.09556818181818183,0.03343181818181818,-2.030072331652521,q_large,0.05,raw
top10_share,0.4360909090909091,0.16820454545454544,-2.807706397571674,q_large,0.05,raw
word_entropy,3.954687827061566,5.075889165567449,3.209096096067905,q_large,0.05,raw
zipf_slope,-0.77400749961154,-0.28767862993807525,3.6514697679322516,q_large,0.05,raw
content_ratio,0.5817727272727273,0.6962954545454545,1.6832971896825912,q_large,0.05,raw
content_ttr,0.5038741794874398,0.9326480615373905,3.6649517924245907,q_large,0.05,raw
bigram_repeat,0.3249771689497717,0.008515981735159843,-2.130592016791948,q_large,0.05,raw
trigram_repeat,0.22809633027522935,0.0006880733944954098,-1.3925947009664499,q_large,0.05,raw
mean_word_len,4.454340909090909,5.068431818181818,1.1373169680638031,q_large,0.05,raw
long_word_rate,0.12709090909090906,0.17143181818181816,0.5568830122127477,q_large,0.05,raw
mean_sent_len,25.704215595938713,28.992560870502047,0.13018069140301575,q_large,0.05,raw
sd_sent_len,12.256938888409826,18.23892298220246,0.39246530892188286,q_large,0.05,raw
sent_len_burst,0.5112806329002145,0.6095089661309906,0.4117178213421382,q_large,0.05,raw
n_sents_per_100w,6.597727272727273,4.1068181818181815,-0.8051566463530743,q_large,0.05,raw
subordinator_rate,0.02279545454545455,0.031818181818181815,0.4960570442290205,q_large,0.05,raw
function_rate,0.4182272727272728,0.30370454545454545,-1.6832971896825937,q_large,0.05,raw
connective_rate,0.0017727272727272724,0.0021136363636363635,0.07583000346537626,q_large,0.05,raw
hedge_rate,0.004159090909090909,0.006068181818181819,0.26709699623502065,q_large,0.05,raw
pron12_rate,0.03565909090909091,0.024772727272727276,-0.3140866453858101,q_large,0.05,raw
comma_rate,0.009198477143687938,0.004264924848851044,-0.8962978512971761,q_large,0.05,raw
punct_rate,0.023959677918754516,0.015069311123319239,-0.8169107571000266,q_large,0.05,raw
quote_rate,0.00766408365628187,0.003972901901431003,-0.35798267318648536,q_large,0.05,raw
paren_rate,0.0030228843599866308,0.002309576268899478,-0.12135299723463149,q_large,0.05,raw
dash_rate,0.0018028585483481935,0.0017299200615179331,-0.02446328195953207,q_large,0.05,raw
digit_rate,0.009458179689744035,0.005061173425116385,-0.35695063161725565,q_large,0.05,raw
upper_rate,0.027975533491011468,0.021141934812129497,-0.39168393552554814,q_large,0.05,raw
linebreak_per_100w,1.4522727272727272,0.013636363636363636,-0.2981321273523086,q_large,0.05,raw
bullet_rate,0.10227272727272728,0.0022727272727272726,-0.17628441052852448,q_large,0.05,raw
question_rate,0.03395828087905386,0.08031735666294489,0.3485557223562697,q_large,0.05,raw
exclaim_rate,0.013873649181620129,0.14321190084425378,0.6618346960070828,q_large,0.05,raw
mean_log_rank,4.695937388407006,5.46688138481712,1.5916414097775236,q_large,0.05,raw
rare_word_rate,0.07402272727272727,0.13313636363636364,0.960830153992438,q_large,0.05,raw
ttr,-0.19898657540000642,0.19706160627350108,3.861843043827623,q_large,0.05,within_domain
hapax,-0.21692958137541699,0.24068032210357815,4.269608394663334,q_large,0.05,within_domain
top1_share,0.029319129243155242,-0.030149202766443724,-1.938513899138978,q_large,0.05,within_domain
top10_share,0.12998630120201424,-0.11988861680323726,-2.5279198349685426,q_large,0.05,within_domain
word_entropy,-0.5658667664017014,0.47686483109610445,2.8525621901471343,q_large,0.05,within_domain
zipf_slope,-0.21692617068922723,0.22669413339066488,3.150680470096917,q_large,0.05,within_domain
content_ratio,-0.030516832019671133,0.06983219656747196,1.5789015768178587,q_large,0.05,within_domain
content_ttr,-0.23800849372413416,0.15826179535077703,3.198091158504426,q_large,0.05,within_domain
bigram_repeat,0.2122015831348824,-0.0913576913882601,-2.035791111757181,q_large,0.05,within_domain
trigram_repeat,0.17377119743464775,-0.050901706471576255,-1.3879755836303045,q_large,0.05,within_domain
mean_word_len,-0.25102094544418796,0.3346638950353272,1.5183362936389446,q_large,0.05,within_domain
long_word_rate,-0.022300825428516077,0.024263156969276407,0.8808424337282409,q_large,0.05,within_domain
mean_sent_len,3.3057950989202753,5.477146692853819,0.09045821894702531,q_large,0.05,within_domain
sd_sent_len,0.9115313425365377,6.089076429357371,0.34440847564942134,q_large,0.05,within_domain
sent_len_burst,0.0010788943516141123,0.08839782777322791,0.38316067958618866,q_large,0.05,within_domain
n_sents_per_100w,1.0683602538254138,-1.3059696792667825,-0.8827207957226854,q_large,0.05,within_domain
subordinator_rate,-0.0035739067418978187,0.005058246742448957,0.4804421627230088,q_large,0.05,within_domain
function_rate,0.030516832019671158,-0.06983219656747192,-1.578901576817858,q_large,0.05,within_domain
connective_rate,-0.00023804893543027326,0.0003562217538028127,0.13509868066681424,q_large,0.05,within_domain
hedge_rate,-0.0011851294117733223,0.001733749908748739,0.43667214604636956,q_large,0.05,within_domain
pron12_rate,0.005229853279836934,-0.003266993474417501,-0.28474203200761894,q_large,0.05,within_domain
comma_rate,0.0015765000869950386,-0.0031085775081130945,-0.8730214797681627,q_large,0.05,within_domain
punct_rate,0.004448492122676116,-0.004047529908516522,-0.8795203919503402,q_large,0.05,within_domain
quote_rate,0.002724716708201109,-0.001117064239842919,-0.3974526700618616,q_large,0.05,within_domain
paren_rate,0.000635741926442173,4.174024021115597e-05,-0.10557505684772682,q_large,0.05,within_domain
dash_rate,0.00022680373539765502,0.000159651107978459,-0.023518109357180666,q_large,0.05,within_domain
digit_rate,0.0040925374273978994,-0.0013806172421839214,-0.464678190246919,q_large,0.05,within_domain
upper_rate,0.005566031732263002,-0.003625271573955875,-0.589052935457478,q_large,0.05,within_domain
linebreak_per_100w,0.5483689837642376,-0.031000625190362455,-0.1366419944458377,q_large,0.05,within_domain
bullet_rate,0.05693039010576491,-0.003652695057920893,-0.11908157195337386,q_large,0.05,within_domain
question_rate,-0.009335580137142805,0.039756188928244285,0.39086627174744837,q_large,0.05,within_domain
exclaim_rate,-0.024256554883442485,0.09303861504197662,0.6492565740478251,q_large,0.05,within_domain
mean_log_rank,-0.24441234882308244,0.41287524460939606,1.4867817951998505,q_large,0.05,within_domain
rare_word_rate,-0.030069655518415228,0.01801572992413046,0.8673343974233506,q_large,0.05,within_domain
ttr,0.3896818181818182,0.8230681818181819,4.665449744524595,q_large,0.1,raw
hapax,0.2198409090909091,0.7246818181818182,5.321051933930334,q_large,0.1,raw
top1_share,0.09561363636363636,0.033,-2.0544175229789596,q_large,0.1,raw
top10_share,0.43552272727272723,0.16736363636363635,-2.8141989137910994,q_large,0.1,raw
word_entropy,3.9555907440176497,5.078659940417513,3.2168911658770187,q_large,0.1,raw
zipf_slope,-0.7738958170431647,-0.2865970962740224,3.6630734731825214,q_large,0.1,raw
content_ratio,0.5809545454545454,0.6962045454545455,1.6963266690420336,q_large,0.1,raw
content_ttr,0.504278486349721,0.9330866479842749,3.6597284682771605,q_large,0.1,raw
bigram_repeat,0.32513698630136983,0.008310502283105047,-2.135465117377495,q_large,0.1,raw
trigram_repeat,0.22821100917431192,0.0007110091743119235,-1.393860944125309,q_large,0.1,raw
mean_word_len,4.455113636363636,5.058431818181818,1.1147352692802188,q_large,0.1,raw
long_word_rate,0.12668181818181817,0.16970454545454544,0.5410843116691875,q_large,0.1,raw
mean_sent_len,25.714658208881325,28.942469295410476,0.12783338682520154,q_large,0.1,raw
sd_sent_len,12.186735973364613,18.29928726691593,0.4010677246264021,q_large,0.1,raw
sent_len_burst,0.5073553502380431,0.612940468077175,0.4414092748513932,q_large,0.1,raw
n_sents_per_100w,6.572727272727272,4.113636363636363,-0.7983769125540363,q_large,0.1,raw
subordinator_rate,0.02265909090909091,0.03209090909090909,0.5167159051130493,q_large,0.1,raw
function_rate,0.41904545454545455,0.30379545454545454,-1.696326669042033,q_large,0.1,raw
connective_rate,0.0018409090909090908,0.002045454545454545,0.045476981710361374,q_large,0.1,raw
hedge_rate,0.004,0.006068181818181819,0.3060495941039821,q_large,0.1,raw
pron12_rate,0.0355,0.02534090909090909,-0.29357383069852366,q_large,0.1,raw
comma_rate,0.009185654839260133,0.004226960797866672,-0.9017904590665848,q_large,0.1,raw
punct_rate,0.023857427666513362,0.01507058729705673,-0.8110898273731048,q_large,0.1,raw
quote_rate,0.007650494636756158,0.004034603653681305,-0.35051003923371316,q_large,0.1,raw
paren_rate,0.0029742056395415683,0.0023034943222275312,-0.11423899992937973,q_large,0.1,raw
dash_rate,0.0017890090105474,0.001721714014409305,-0.022585515043750955,q_large,0.1,raw
digit_rate,0.009366523264086421,0.005049665308723233,-0.3500857120002684,q_large,0.1,raw
upper_rate,0.02807399667875772,0.020995841119426685,-0.4068769614870553,q_large,0.1,raw
linebreak_per_100w,1.1295454545454544,0.013636363636363636,-0.35875337898028264,q_large,0.1,raw
bullet_rate,0.10227272727272728,0.0022727272727272726,-0.17628441052852448,q_large,0.1,raw
question_rate,0.0329967424175154,0.08135902332961155,0.364529932706187,q_large,0.1,raw
exclaim_rate,0.01387364918162013,0.14333690084425377,0.6625078661461353,q_large,0.1,raw
mean_log_rank,4.691154660726857,5.463310765749452,1.5971329779316314,q_large,0.1,raw
rare_word_rate,0.07311363636363638,0.13231818181818183,0.9671132492025878,q_large,0.1,raw
ttr,-0.19964731629735533,0.19819653068992638,3.909143957164456,q_large,0.1,within_domain
hapax,-0.21810852590834734,0.2418134332838707,4.3433170871877325,q_large,0.1,within_domain
top1_share,0.029338953837579732,-0.030580953568132636,-1.9597687588551358,q_large,0.1,within_domain
top10_share,0.1297141550720417,-0.12090215553788951,-2.5393914143425445,q_large,0.1,within_domain
word_entropy,-0.5663955736423183,0.48013669839530365,2.8703973557163316,q_large,0.1,within_domain
zipf_slope,-0.21756021269655781,0.22789501852707317,3.1772105078526645,q_large,0.1,within_domain
content_ratio,-0.031610409131326074,0.07052239602146407,1.6191495131103053,q_large,0.1,within_domain
content_ttr,-0.2385259696216761,0.15827243595092966,3.210377965623167,q_large,0.1,within_domain
bigram_repeat,0.21253717303998992,-0.09150951757434632,-2.041471260728409,q_large,0.1,within_domain
trigram_repeat,0.17395866325969983,-0.05089489273740365,-1.3897020099743227,q_large,0.1,within_domain
mean_word_len,-0.2537960293717066,0.3377849620772285,1.5413071350605876,q_large,0.1,within_domain
long_word_rate,-0.023069056534474604,0.024369278163926752,0.897173709058145,q_large,0.1,within_domain
mean_sent_len,3.2940981897061192,5.604272757205754,0.0963134200362012,q_large,0.1,within_domain
sd_sent_len,0.8481964653732117,6.189615630317402,0.3555152007573916,q_large,0.1,within_domain
sent_len_burst,-0.0012963497989444768,0.09025701228822236,0.4006915225219018,q_large,0.1,within_domain
n_sents_per_100w,1.0701231203623285,-1.3451089971243164,-0.8981506008279729,q_large,0.1,within_domain
subordinator_rate,-0.003662557080387696,0.005345140376597057,0.49947547829066835,q_large,0.1,within_domain
function_rate,0.031610409131326095,-0.07052239602146404,-1.6191495131103053,q_large,0.1,within_domain
connective_rate,-0.00019267775593341996,0.00030514751011995,0.11332398482576307,q_large,0.1,within_domain
hedge_rate,-0.0013859330391600864,0.0017549759861876129,0.49692433954069465,q_large,0.1,within_domain
pron12_rate,0.005292734213699166,-0.0032993427119850215,-0.2881797483980798,q_large,0.1,within_domain
comma_rate,0.0015678661643539543,-0.0031544424478385335,-0.880096132533797,q_large,0.1,within_domain
punct_rate,0.004456771664959512,-0.004196486172793639,-0.8952455859260617,q_large,0.1,within_domain
quote_rate,0.0027305653824227214,-0.001151095376978652,-0.4015302278921704,q_large,0.1,within_domain
paren_rate,0.0006017984154519134,5.907862706776746e-05,-0.09658555123697386,q_large,0.1,within_domain
dash_rate,0.00020767144646368987,0.00016947191714051366,-0.013388448540363468,q_large,0.1,within_domain
digit_rate,0.004066996866081063,-0.0012583552333732223,-0.4532528003806694,q_large,0.1,within_domain
upper_rate,0.005737951607066574,-0.0037257093781266045,-0.608367553464232,q_large,0.1,within_domain
linebreak_per_100w,0.2092055911427082,-0.031000625190362455,-0.09476090126223603,q_large,0.1,within_domain
bullet_rate,0.05034223297987192,-0.003629503963301227,-0.10547479851407235,q_large,0.1,within_domain
question_rate,-0.009358127205814484,0.03960798294791066,0.38965120296675465,q_large,0.1,within_domain
exclaim_rate,-0.02427539159795922,0.09191390328681047,0.6417179694977476,q_large,0.1,within_domain
mean_log_rank,-0.2532195580971447,0.4147405763484223,1.5260312869870338,q_large,0.1,within_domain
rare_word_rate,-0.03155971472558023,0.017638480040822278,0.8937779679556853,q_large,0.1,within_domain
ttr,0.39061363636363644,0.8232045454545454,4.6528344226189615,q_large,0.15,raw
hapax,0.22081818181818183,0.725090909090909,5.297354326577137,q_large,0.15,raw
top1_share,0.09543181818181817,0.03302272727272727,-2.0469790108408112,q_large,0.15,raw
top10_share,0.4345909090909091,0.1675,-2.7987723780614706,q_large,0.15,raw
word_entropy,3.958799951966672,5.078697848825173,3.2043967856485285,q_large,0.15,raw
zipf_slope,-0.7724799831886418,-0.2863997076100869,3.6547585560941247,q_large,0.15,raw
content_ratio,0.5803863636363636,0.6965681818181818,1.7197803988731735,q_large,0.15,raw
content_ttr,0.5065351466511951,0.9332230948707217,3.6046084583361075,q_large,0.15,raw
bigram_repeat,0.32385844748858456,0.008287671232876737,-2.1294915473127087,q_large,0.15,raw
trigram_repeat,0.22701834862385323,0.0007110091743119235,-1.3891386646441388,q_large,0.15,raw
mean_word_len,4.457159090909091,5.063454545454545,1.123157189603469,q_large,0.15,raw
long_word_rate,0.12772727272727274,0.17034090909090907,0.5369085298278712,q_large,0.15,raw
mean_sent_len,25.59324184746496,28.904969295410474,0.13124316090068597,q_large,0.15,raw
sd_sent_len,11.982892591680125,18.311205648782543,0.4173918531244393,q_large,0.15,raw
sent_len_burst,0.5038838731410772,0.6142547271991091,0.4634147257081159,q_large,0.15,raw
n_sents_per_100w,6.581818181818182,4.120454545454545,-0.800893938364731,q_large,0.15,raw
subordinator_rate,0.022772727272727274,0.03202272727272727,0.5066627638681562,q_large,0.15,raw
function_rate,0.41961363636363636,0.3034318181818182,-1.719780398873174,q_large,0.15,raw
connective_rate,0.0018181818181818182,0.002045454545454545,0.050542626806672875,q_large,0.15,raw
hedge_rate,0.0038863636363636366,0.006045454545454546,0.32219836065797863,q_large,0.15,raw
pron12_rate,0.03540909090909091,0.025,-0.3014817331901807,q_large,0.15,raw
comma_rate,0.00916169865381899,0.004219304272550309,-0.8991493635548166,q_large,0.15,raw
punct_rate,0.023841822474623436,0.015043367382536772,-0.8118324826623098,q_large,0.15,raw
quote_rate,0.007547226789011139,0.00401392079628881,-0.3435061929505564,q_large,0.15,raw
paren_rate,0.0029480799095776135,0.0023097560629914637,-0.1088368635926239,q_large,0.15,raw
dash_rate,0.0017863475470966585,0.0017301009244586707,-0.01887497736228626,q_large,0.15,raw
digit_rate,0.009317826435416284,0.005121675327508454,-0.3399296627669699,q_large,0.15,raw
upper_rate,0.028194347415579513,0.021055166107412884,-0.41134787752663304,q_large,0.15,raw
linebreak_per_100w,1.059090909090909,0.013636363636363636,-0.35107467688140953,q_large,0.15,raw
bullet_rate,0.10227272727272728,0.0022727272727272726,-0.17628441052852448,q_large,0.15,raw
question_rate,0.033381357802130786,0.08073402332961155,0.35678127236604845,q_large,0.15,raw
exclaim_rate,0.013540315848286799,0.14271190084425378,0.6606347645571322,q_large,0.15,raw
mean_log_rank,4.690136332009657,5.468528873036686,1.6110699912451403,q_large,0.15,raw
rare_word_rate,0.07315909090909091,0.13315909090909092,0.9792010637238668,q_large,0.15,raw
ttr,-0.19942067149192028,0.1983534073610494,3.9134992759351968,q_large,0.15,within_domain
hapax,-0.21805833912093944,0.24231092659937872,4.342388125799383,q_large,0.15,within_domain
top1_share,0.029189777974481492,-0.030564019521786827,-1.9534813850997759,q_large,0.15,within_domain
top10_share,0.12909381552927776,-0.1207178167455544,-2.529058033525217,q_large,0.15,within_domain
word_entropy,-0.564626786487767,0.4800668524570418,2.8657510317695953,q_large,0.15,within_domain
zipf_slope,-0.2170258007557706,0.2281173624908604,3.18171553572999,q_large,0.15,within_domain
content_ratio,-0.032427269238362026,0.07068583185034108,1.6422320168656699,q_large,0.15,within_domain
content_ttr,-0.23690025824281616,0.158532259407124,3.1828382422898915,q_large,0.15,within_domain
bigram_repeat,0.21152139089703023,-0.09153187297769488,-2.0385917424894893,q_large,0.15,within_domain
trigram_repeat,0.17281604075522805,-0.0508535605508593,-1.3847840667053517,q_large,0.15,within_domain
mean_word_len,-0.25286238436867964,0.3403328676030752,1.54766551278946,q_large,0.15,within_domain
long_word_rate,-0.022099087297852003,0.024672976916154915,0.885350918819187,q_large,0.15,within_domain
mean_sent_len,3.1629472380141017,5.543808060164898,0.09930677404704792,q_large,0.15,within_domain
sd_sent_len,0.629000115710746,6.206554304216022,0.37321515963602664,q_large,0.15,within_domain
sent_len_burst,-0.005002979403891469,0.09226479230553178,0.42737775630825825,q_large,0.15,within_domain
n_sents_per_100w,1.0807069844611414,-1.327170884379218,-0.8967517661085367,q_large,0.15,within_domain
subordinator_rate,-0.003545249690450588,0.005292346815990997,0.48958636431411384,q_large,0.15,within_domain
function_rate,0.032427269238362054,-0.07068583185034104,-1.642232016865669,q_large,0.15,within_domain
connective_rate,-0.0002117004853081887,0.00030173563400586807,0.11688577529635961,q_large,0.15,within_domain
hedge_rate,-0.001487580493167418,0.001733557759806151,0.5142312788838344,q_large,0.15,within_domain
pron12_rate,0.005356726389900694,-0.0034173796995073035,-0.2946554708288801,q_large,0.15,within_domain
comma_rate,0.0015492336935345285,-0.003152651067407688,-0.876377746621962,q_large,0.15,within_domain
punct_rate,0.004445975825761462,-0.004175387970134741,-0.8916026211739888,q_large,0.15,within_domain
quote_rate,0.0026134050865023145,-0.001153717625793702,-0.3903314936548689,q_large,0.15,within_domain
paren_rate,0.0005851671484737469,6.361123282566207e-05,-0.09283157543501017,q_large,0.15,within_domain
dash_rate,0.00020437812285261172,0.00017176867260784592,-0.011425142021730415,q_large,0.15,within_domain
digit_rate,0.004007836206698585,-0.0012274118309748077,-0.44492595578170524,q_large,0.15,within_domain
upper_rate,0.005830444934769268,-0.003710546597431279,-0.6140992898082924,q_large,0.15,within_domain
linebreak_per_100w,0.16490885014785397,-0.031000625190362455,-0.08023566289743514,q_large,0.15,within_domain
bullet_rate,0.05533923126460606,-0.003629503963301226,-0.11585069299571865,q_large,0.15,within_domain
question_rate,-0.009217053151401637,0.03944854399121909,0.3868093954301852,q_large,0.15,within_domain
exclaim_rate,-0.024739861012359338,0.0915971797693686,0.6424160907044616,q_large,0.15,within_domain
mean_log_rank,-0.25618641663772823,0.4180608669110505,1.5400792733088857,q_large,0.15,within_domain
rare_word_rate,-0.031697364128180035,0.018239053793050443,0.9065219060190151,q_large,0.15,within_domain
ttr,0.3894772727272728,0.8226818181818182,4.67874729631357,q_large,0.2,raw
hapax,0.21879545454545454,0.7244772727272726,5.359337741943821,q_large,0.2,raw
top1_share,0.09452272727272726,0.03302272727272727,-2.012580801614126,q_large,0.2,raw
top10_share,0.43393181818181814,0.16786363636363635,-2.77927924566882,q_large,0.2,raw
word_entropy,3.958965132815073,5.077639106920005,3.1974619704139715,q_large,0.2,raw
zipf_slope,-0.7738561276007186,-0.28702773349118055,3.673064631020159,q_large,0.2,raw
content_ratio,0.5795681818181818,0.6960227272727272,1.7182200827162137,q_large,0.2,raw
content_ttr,0.5045268930117577,0.9330735616225043,3.664446351944747,q_large,0.2,raw
bigram_repeat,0.32488584474885845,0.00833333333333336,-2.143095098022302,q_large,0.2,raw
trigram_repeat,0.2278211009174312,0.0007339449541284371,-1.397457957649246,q_large,0.2,raw
mean_word_len,4.46925,5.061931818181818,1.099915942869125,q_large,0.2,raw
long_word_rate,0.1293409090909091,0.17022727272727273,0.5127194691458159,q_large,0.2,raw
mean_sent_len,25.662686291909402,28.858907988296533,0.1264183019789009,q_large,0.2,raw
sd_sent_len,11.91497426407367,18.247852469749184,0.4184921575004073,q_large,0.2,raw
sent_len_burst,0.5008078615900361,0.6124188617777492,0.47399470799201443,q_large,0.2,raw
n_sents_per_100w,6.581818181818182,4.138636363636364,-0.7926149253068203,q_large,0.2,raw
subordinator_rate,0.02302272727272727,0.03168181818181818,0.47700058557487995,q_large,0.2,raw
function_rate,0.42043181818181824,0.3039772727272727,-1.7182200827162166,q_large,0.2,raw
connective_rate,0.0018409090909090908,0.002022727272727273,0.04042943079244485,q_large,0.2,raw
hedge_rate,0.00425,0.006090909090909091,0.26063153208568773,q_large,0.2,raw
pron12_rate,0.036227272727272726,0.025090909090909087,-0.32150764093875267,q_large,0.2,raw
comma_rate,0.008987793668535872,0.004218173682862117,-0.8896928951394629,q_large,0.2,raw
punct_rate,0.023592862640599847,0.015090499104159194,-0.7864420647625491,q_large,0.2,raw
quote_rate,0.007189958476773525,0.003991131870957203,-0.3241860071736204,q_large,0.2,raw
paren_rate,0.002637353041098578,0.002309885129133105,-0.06122983972391985,q_large,0.2,raw
dash_rate,0.0017803754257968774,0.0017371898300996764,-0.014496906164544352,q_large,0.2,raw
digit_rate,0.009267004838945176,0.005135057525799687,-0.33479445137358965,q_large,0.2,raw
upper_rate,0.02786561420665004,0.021183265459927422,-0.3859422181168195,q_large,0.2,raw
linebreak_per_100w,0.9681818181818181,0.013636363636363636,-0.33009130821358973,q_large,0.2,raw
bullet_rate,0.05454545454545454,0.0022727272727272726,-0.16817006346018856,q_large,0.2,raw
question_rate,0.033381357802130786,0.08381938095444287,0.37631148153991806,q_large,0.2,raw
exclaim_rate,0.013540315848286799,0.14303458254851442,0.6625862442206243,q_large,0.2,raw
mean_log_rank,4.6862482460226325,5.469163785518271,1.6257545200158112,q_large,0.2,raw
rare_word_rate,0.0720909090909091,0.1336590909090909,1.0094841218519246,q_large,0.2,raw
ttr,-0.1996087956895203,0.19775393734577051,3.914838711951758,q_large,0.2,within_domain
hapax,-0.21885805874484507,0.24162117137910882,4.374461985977762,q_large,0.2,within_domain
top1_share,0.02831277632358158,-0.03056466568934476,-1.9207333063462237,q_large,0.2,within_domain
top10_share,0.12813575999160165,-0.12031506814611463,-2.5028328555480246,q_large,0.2,within_domain
word_entropy,-0.5626451978603866,0.47883643706863876,2.8478546427551925,q_large,0.2,within_domain
zipf_slope,-0.2172834447737047,0.22735180297403612,3.1837836099716736,q_large,0.2,within_domain
content_ratio,-0.03266873904521776,0.07017826723358528,1.6325878545371868,q_large,0.2,within_domain
content_ttr,-0.23795091931377832,0.15821275039462068,3.221393276211411,q_large,0.2,within_domain
bigram_repeat,0.21185489641639083,-0.09143084558043459,-2.042886569089225,q_large,0.2,within_domain
trigram_repeat,0.17329376566614113,-0.050846652512414575,-1.3901290444418761,q_large,0.2,within_domain
mean_word_len,-0.24406716017798014,0.3390251135923801,1.5238847176846693,q_large,0.2,within_domain
long_word_rate,-0.021232995749740472,0.024545901540550127,0.8606222858346347,q_large,0.2,within_domain
mean_sent_len,3.0634435300554417,5.4857464272223195,0.10099102503251416,q_large,0.2,within_domain
sd_sent_len,0.5178269463150817,6.132181928670683,0.37679548936411883,q_large,0.2,within_domain
sent_len_burst,-0.0070461330728440715,0.09010044670223406,0.431886638423439,q_large,0.2,within_domain
n_sents_per_100w,1.1156625030884182,-1.3048066432282124,-0.9060424259185297,q_large,0.2,within_domain
subordinator_rate,-0.0032877626535230842,0.004956037292181473,0.458250055753914,q_large,0.2,within_domain
function_rate,0.03266873904521779,-0.07017826723358525,-1.6325878545371868,q_large,0.2,within_domain
connective_rate,-0.00020827147574375496,0.00027907202310696307,0.11089507433878684,q_large,0.2,within_domain
hedge_rate,-0.0012405291137642938,0.0017799624580490847,0.4634205932954433,q_large,0.2,within_domain
pron12_rate,0.006268566080677342,-0.003458379508521818,-0.32737867656209535,q_large,0.2,within_domain
comma_rate,0.001391433940527796,-0.00316846587716049,-0.8712855000967981,q_large,0.2,within_domain
punct_rate,0.004291692053056477,-0.004141239094125449,-0.8773483865485865,q_large,0.2,within_domain
quote_rate,0.002302646565061578,-0.001183017206949572,-0.3801119990078022,q_large,0.2,within_domain
paren_rate,0.0002659896615371833,6.452460638327265e-05,-0.03971640047401284,q_large,0.2,within_domain
dash_rate,0.00019708681369647014,0.00017741270129150547,-0.006894106564273351,q_large,0.2,within_domain
digit_rate,0.003938484297586895,-0.00121174402366588,-0.4377451949847985,q_large,0.2,within_domain
upper_rate,0.005607479093742347,-0.0035740171615194394,-0.5931062112764961,q_large,0.2,within_domain
linebreak_per_100w,0.10093658027935774,-0.031000625190362455,-0.05488384991036014,q_large,0.2,within_domain
bullet_rate,0.017508253957376298,-0.003629503963301227,-0.07755460854942199,q_large,0.2,within_domain
question_rate,-0.008895155367366302,0.0423411725890191,0.403883923855966,q_large,0.2,within_domain
exclaim_rate,-0.024243517318410547,0.09213016359529579,0.6432412684926191,q_large,0.2,within_domain
mean_log_rank,-0.2574336831764573,0.418710226724465,1.5469912494909348,q_large,0.2,within_domain
rare_word_rate,-0.03238904512497101,0.018657027118744354,0.9322870412627925,q_large,0.2,within_domain
ttr,0.39025000000000004,0.8225909090909092,4.645242843237888,q_large,0.25,raw
hapax,0.21995454545454543,0.7244318181818181,5.314689908058797,q_large,0.25,raw
top1_share,0.09454545454545453,0.03313636363636364,-2.0069504234164692,q_large,0.25,raw
top10_share,0.4339545454545455,0.16804545454545458,-2.7765728040300575,q_large,0.25,raw
word_entropy,3.9601455524724316,5.077270719034221,3.1857938762630726,q_large,0.25,raw
zipf_slope,-0.7734027127219432,-0.28707543903953164,3.6612492013775744,q_large,0.25,raw
content_ratio,0.579590909090909,0.6958636363636365,1.711706899988741,q_large,0.25,raw
content_ttr,0.5057193519523082,0.9332468967392967,3.6342579754727526,q_large,0.25,raw
bigram_repeat,0.3236301369863014,0.0084246575342466,-2.126625658549227,q_large,0.25,raw
trigram_repeat,0.22660550458715598,0.0007798165137614649,-1.3873266959147146,q_large,0.25,raw
mean_word_len,4.469659090909091,5.057204545454546,1.0871897367879482,q_large,0.25,raw
long_word_rate,0.12913636363636363,0.16952272727272727,0.5064599988345404,q_large,0.25,raw
mean_sent_len,25.67807090729402,28.75851116289971,0.12179066859468113,q_large,0.25,raw
sd_sent_len,11.908293840397944,18.18419009044341,0.41459316488951325,q_large,0.25,raw
sent_len_burst,0.5000632107925385,0.6116527844753634,0.4751697707401966,q_large,0.25,raw
n_sents_per_100w,6.577272727272727,4.163636363636364,-0.7812819364743068,q_large,0.25,raw
subordinator_rate,0.023,0.031681818181818186,0.47843630121450054,q_large,0.25,raw
function_rate,0.42040909090909095,0.30413636363636365,-1.7117068999887395,q_large,0.25,raw
connective_rate,0.0018636363636363633,0.002022727272727273,0.03536735570087228,q_large,0.25,raw
hedge_rate,0.00425,0.006159090909090909,0.27043725553771236,q_large,0.25,raw
pron12_rate,0.036227272727272726,0.025136363636363634,-0.3204873954272099,q_large,0.25,raw
comma_rate,0.008983954282474364,0.004225257522246684,-0.887307006324392,q_large,0.25,raw
punct_rate,0.023588369355552107,0.015167004007503093,-0.7785165050577146,q_large,0.25,raw
quote_rate,0.007183178815756575,0.004024905230295491,-0.3197249649256973,q_large,0.25,raw
paren_rate,0.0026641447356732595,0.0023072455843288478,-0.06673776902257586,q_large,0.25,raw
dash_rate,0.001790422311262383,0.0017375432788220868,-0.017758747263660078,q_large,0.25,raw
digit_rate,0.009267004838945176,0.005252822602146394,-0.3216113811836347,q_large,0.25,raw
upper_rate,0.02789469227719394,0.02130839049083669,-0.38037770943264965,q_large,0.25,raw
linebreak_per_100w,0.9681818181818181,0.013636363636363636,-0.33009130821358973,q_large,0.25,raw
bullet_rate,0.05454545454545454,0.0022727272727272726,-0.16817006346018856,q_large,0.25,raw
question_rate,0.03299674241751541,0.08465271428777621,0.38542841192595184,q_large,0.25,raw
exclaim_rate,0.013540315848286799,0.14414569365962557,0.6685889987491038,q_large,0.25,raw
mean_log_rank,4.686489745099002,5.466888183148215,1.6152388488889258,q_large,0.25,raw
rare_word_rate,0.07245454545454547,0.13318181818181818,0.9953144591148336,q_large,0.25,raw
ttr,-0.19901626066950884,0.19765000742152808,3.900729588248852,q_large,0.25,within_domain
hapax,-0.21792409648069413,0.2415927622881997,4.358838309599875,q_large,0.25,within_domain
top1_share,0.028354313451940644,-0.03047020546207203,-1.9169053547859358,q_large,0.25,within_domain
top10_share,0.12824209754163024,-0.12012591094914495,-2.5020481147389093,q_large,0.25,within_domain
word_entropy,-0.5618676814771613,0.47839274995634484,2.8415308315123924,q_large,0.25,within_domain
zipf_slope,-0.21698994890917123,0.22729271305790583,3.178840749870159,q_large,0.25,within_domain
content_ratio,-0.03272448071903136,0.07013115549116104,1.6316242144734197,q_large,0.25,within_domain
content_ttr,-0.2369405705734669,0.15819262705272005,3.2010392730970563,q_large,0.25,within_domain
bigram_repeat,0.21070097708610164,-0.09121157236886689,-2.0278775030610503,q_large,0.25,within_domain
trigram_repeat,0.17213612635652253,-0.05067893462250631,-1.379640115178386,q_large,0.25,within_domain
mean_word_len,-0.24541420670456682,0.33543657192571336,1.514402490641547,q_large,0.25,within_domain
long_word_rate,-0.021775524516178438,0.023948126919338005,0.860341564975396,q_large,0.25,within_domain
mean_sent_len,3.063224304618105,5.390501621655581,0.09701635434294302,q_large,0.25,within_domain
sd_sent_len,0.5059740432677369,6.071413357522422,0.37352537300404975,q_large,0.25,within_domain
sent_len_burst,-0.007853104718618836,0.08926921333797938,0.43269512562735063,q_large,0.25,within_domain
n_sents_per_100w,1.1134375709843587,-1.2793331583797274,-0.8959290065243372,q_large,0.25,within_domain
subordinator_rate,-0.0033039594088118207,0.004969058125514806,0.4600593779912926,q_large,0.25,within_domain
function_rate,0.03272448071903139,-0.07013115549116102,-1.6316242144734197,q_large,0.25,within_domain
connective_rate,-0.00019561692314226846,0.00027717808371302365,0.10757146681336299,q_large,0.25,within_domain
hedge_rate,-0.0012350259691102056,0.0018580874580490844,0.4750066040122822,q_large,0.25,within_domain
pron12_rate,0.0062463301601513276,-0.003409610569127879,-0.3251173593953837,q_large,0.25,within_domain
comma_rate,0.0013874474570259843,-0.003165241363361083,-0.8694191492380391,q_large,0.25,within_domain
punct_rate,0.004288293518666237,-0.004071041891869663,-0.8702627292801773,q_large,0.25,within_domain
quote_rate,0.0023090968334373106,-0.001159310111827738,-0.37815363541337066,q_large,0.25,within_domain
paren_rate,0.00027736212883986604,6.571118980256349e-05,-0.04174080621943072,q_large,0.25,within_domain
dash_rate,0.00020263535581674312,0.00017675620565749524,-0.009074739742014533,q_large,0.25,within_domain
digit_rate,0.003952085926505296,-0.0010999347563412066,-0.4249248010697142,q_large,0.25,within_domain
upper_rate,0.005679846595484213,-0.0034663720116069243,-0.5919277492240047,q_large,0.25,within_domain
linebreak_per_100w,0.10093658027935774,-0.031000625190362455,-0.05488384991036014,q_large,0.25,within_domain
bullet_rate,0.017508253957376298,-0.003629503963301226,-0.07755460854942199,q_large,0.25,within_domain
question_rate,-0.009240434109367984,0.04318607296002967,0.41373765229585,q_large,0.25,within_domain
exclaim_rate,-0.024246801925247627,0.0932972811999134,0.650772228393037,q_large,0.25,within_domain
mean_log_rank,-0.25758624221491133,0.41627364343965434,1.537471032718721,q_large,0.25,within_domain
rare_word_rate,-0.03197454487482807,0.018017112346017085,0.9128526618498694,q_large,0.25,within_domain
ttr,0.3905909090909091,0.823,4.644894309974894,q_large,0.3,raw
hapax,0.22061363636363635,0.7248181818181818,5.301639694974297,q_large,0.3,raw
top1_share,0.09502272727272727,0.033068181818181816,-2.0143114441960823,q_large,0.3,raw
top10_share,0.4340909090909091,0.16768181818181818,-2.7852646123259546,q_large,0.3,raw
word_entropy,3.959810222140243,5.078361770204605,3.193602602855148,q_large,0.3,raw
zipf_slope,-0.7728777182258972,-0.2865891509244213,3.6589729550577665,q_large,0.3,raw
content_ratio,0.5796363636363637,0.6961363636363636,1.7206070902402315,q_large,0.3,raw
content_ttr,0.5064359040411501,0.9333263559423329,3.612162540099417,q_large,0.3,raw
bigram_repeat,0.32408675799086756,0.008310502283105047,-2.1347663811264126,q_large,0.3,raw
trigram_repeat,0.22694954128440364,0.0007798165137614649,-1.3909788648037367,q_large,0.3,raw
mean_word_len,4.474431818181818,5.056795454545455,1.0763796343205787,q_large,0.3,raw
long_word_rate,0.13,0.1692727272727273,0.491611413353117,q_large,0.3,raw
mean_sent_len,25.792906072129185,28.800177829566373,0.11901696821462313,q_large,0.3,raw
sd_sent_len,12.005404804320582,18.177328881704863,0.4074232401146505,q_large,0.3,raw
sent_len_burst,0.5008530072401045,0.6092250630056645,0.46133882652630553,q_large,0.3,raw
n_sents_per_100w,6.534090909090909,4.140909090909091,-0.7796866211203365,q_large,0.3,raw
subordinator_rate,0.022886363636363635,0.03177272727272727,0.49003158326486473,q_large,0.3,raw
function_rate,0.4203636363636364,0.3038636363636364,-1.720607090240234,q_large,0.3,raw
connective_rate,0.0018636363636363633,0.002022727272727273,0.03536735570087228,q_large,0.3,raw
hedge_rate,0.00425,0.006136363636363637,0.2669807727488223,q_large,0.3,raw
pron12_rate,0.03584090909090909,0.025454545454545455,-0.2998900245219512,q_large,0.3,raw
comma_rate,0.00900615909962766,0.004229242890413414,-0.8894130590706988,q_large,0.3,raw
punct_rate,0.023492168512630408,0.015108623444358154,-0.7806322173293119,q_large,0.3,raw
quote_rate,0.007197105653037432,0.0039915771656264,-0.3246216639688116,q_large,0.3,raw
paren_rate,0.0026641447356732595,0.0023072455843288473,-0.06673776902257594,q_large,0.3,raw
dash_rate,0.001790422311262383,0.0017300805922549226,-0.020256535953882777,q_large,0.3,raw
digit_rate,0.009224688486905176,0.005267951195187241,-0.31707743096121543,q_large,0.3,raw
upper_rate,0.02796537811258383,0.02126074671275283,-0.3862061548681042,q_large,0.3,raw
linebreak_per_100w,0.9681818181818181,0.013636363636363636,-0.33009130821358973,q_large,0.3,raw
bullet_rate,0.05454545454545454,0.0022727272727272726,-0.16817006346018856,q_large,0.3,raw
question_rate,0.03417806109883409,0.08393301731807924,0.3684108540830397,q_large,0.3,raw
exclaim_rate,0.013540315848286799,0.1443350875990195,0.6696919131385968,q_large,0.3,raw
mean_log_rank,4.689366061891007,5.466745850440628,1.6109157732126675,q_large,0.3,raw
rare_word_rate,0.07304545454545455,0.13290909090909092,0.978175244507721,q_large,0.3,raw
ttr,-0.19943206356316318,0.19803764482497435,3.9264901058584423,q_large,0.3,within_domain
hapax,-0.2183301781730649,0.24203558388653604,4.391486271051131,q_large,0.3,within_domain
top1_share,0.028795520342805445,-0.030484205759160565,-1.9228105055525662,q_large,0.3,within_domain
top10_share,0.12870596426437,-0.12038713718206236,-2.5149666997307114,q_large,0.3,within_domain
word_entropy,-0.5635818230177105,0.47916680056031724,2.856043002066612,q_large,0.3,within_domain
zipf_slope,-0.21735188864419414,0.22779590295393212,3.1945500622475844,q_large,0.3,within_domain
content_ratio,-0.03307462449468245,0.07043695243114917,1.644583873515394,q_large,0.3,within_domain
content_ttr,-0.23698818522943654,0.15823423767095476,3.203078653434069,q_large,0.3,within_domain
bigram_repeat,0.2111761376079977,-0.09120960636176388,-2.034939464956757,q_large,0.3,within_domain
trigram_repeat,0.17235927676473733,-0.05057120016786818,-1.3812062157598062,q_large,0.3,within_domain
mean_word_len,-0.2458802521496882,0.33523144714852976,1.5152060733822248,q_large,0.3,within_domain
long_word_rate,-0.021642928437996523,0.023730866075606576,0.8518298884763317,q_large,0.3,within_domain
mean_sent_len,3.0461119292633523,5.4377890927125705,0.09973115101815974,q_large,0.3,within_domain
sd_sent_len,0.5493107152167765,6.072859442830452,0.3705986444947503,q_large,0.3,within_domain
sent_len_burst,-0.006252859358663344,0.08698881363025203,0.4143924360193016,q_large,0.3,within_domain
n_sents_per_100w,1.111952841478132,-1.300427558260892,-0.9062801852721214,q_large,0.3,within_domain
subordinator_rate,-0.0034321839061565943,0.005040649034605715,0.4713841926441171,q_large,0.3,within_domain
function_rate,0.03307462449468248,-0.07043695243114913,-1.644583873515393,q_large,0.3,within_domain
connective_rate,-0.0002039572067119098,0.00027292971769995176,0.10846634045595502,q_large,0.3,within_domain
hedge_rate,-0.0012535831000526575,0.0018378371609605521,0.47435241196377603,q_large,0.3,within_domain
pron12_rate,0.006255818705219488,-0.003145450586953191,-0.3170613094170288,q_large,0.3,within_domain
comma_rate,0.0014230432066316202,-0.0031518385980815688,-0.8731084729282587,q_large,0.3,within_domain
punct_rate,0.004338888814311885,-0.004114748845585787,-0.8814424706388893,q_large,0.3,within_domain
quote_rate,0.0023457662167534724,-0.0011632295466382238,-0.38245380405362855,q_large,0.3,within_domain
paren_rate,0.00026543556519623,5.946846630450928e-05,-0.0405970825154254,q_large,0.3,within_domain
dash_rate,0.0001958264176151789,0.0001686396585799874,-0.009526048493912784,q_large,0.3,within_domain
digit_rate,0.0039001061008776972,-0.0011059661672480638,-0.4204411470698088,q_large,0.3,within_domain
upper_rate,0.005801967841540753,-0.0035306387826105744,-0.6031476832440118,q_large,0.3,within_domain
linebreak_per_100w,0.10093658027935774,-0.031000625190362455,-0.05488384991036014,q_large,0.3,within_domain
bullet_rate,0.017508253957376298,-0.003629503963301226,-0.07755460854942199,q_large,0.3,within_domain
question_rate,-0.007107286452997852,0.042800464372380116,0.38875231636905533,q_large,0.3,within_domain
exclaim_rate,-0.024175558788924217,0.09282192490175997,0.6469799250542246,q_large,0.3,within_domain
mean_log_rank,-0.2598686698966403,0.41621639110331266,1.541336947843744,q_large,0.3,within_domain
rare_word_rate,-0.03199157619329969,0.017751050997235146,0.907885659570099,q_large,0.3,within_domain
ttr,0.39143181818181816,0.8233636363636364,4.6446648669839075,q_large,0.35,raw
hapax,0.22138636363636363,0.7253636363636363,5.307651145418159,q_large,0.35,raw
top1_share,0.09506818181818183,0.033045454545454545,-2.0141033826073174,q_large,0.35,raw
top10_share,0.43325,0.16752272727272724,-2.786207957283257,q_large,0.35,raw
word_entropy,3.9628144676919845,5.079068382603638,3.1932130172778614,q_large,0.35,raw
zipf_slope,-0.7715897554804737,-0.2861814298121384,3.660837922532033,q_large,0.35,raw
content_ratio,0.5798863636363636,0.6966136363636365,1.7268067078506097,q_large,0.35,raw
content_ttr,0.5078106408832553,0.9336462317187304,3.5965262112322613,q_large,0.35,raw
bigram_repeat,0.32269406392694067,0.008310502283105047,-2.1237010294456486,q_large,0.35,raw
trigram_repeat,0.2257798165137615,0.0007798165137614649,-1.3818347290524708,q_large,0.35,raw
mean_word_len,4.47625,5.058295454545455,1.0746265163783209,q_large,0.35,raw
long_word_rate,0.13029545454545455,0.16920454545454547,0.48664210009440495,q_large,0.35,raw
mean_sent_len,25.583382262605372,28.898895778284324,0.13181874917695505,q_large,0.35,raw
sd_sent_len,11.678707696678254,18.25431868472482,0.44400114988711514,q_large,0.35,raw
sent_len_burst,0.4973386625055604,0.6100528815957328,0.48262377463181655,q_large,0.35,raw
n_sents_per_100w,6.543181818181818,4.125,-0.7895908254715143,q_large,0.35,raw
subordinator_rate,0.02284090909090909,0.031886363636363636,0.4985254272897343,q_large,0.35,raw
function_rate,0.4201136363636364,0.3033863636363636,-1.7268067078506082,q_large,0.35,raw
connective_rate,0.0018636363636363633,0.002022727272727273,0.03536735570087228,q_large,0.35,raw
hedge_rate,0.004272727272727273,0.006090909090909091,0.25726332500368465,q_large,0.35,raw
pron12_rate,0.03588636363636363,0.025318181818181823,-0.3051168968811984,q_large,0.35,raw
comma_rate,0.008980018521407007,0.0042285312049697545,-0.8849966934332116,q_large,0.35,raw
punct_rate,0.023521078191211648,0.015083425466407459,-0.7858568792109591,q_large,0.35,raw
quote_rate,0.007269048099080597,0.004020212799932227,-0.32900234375174453,q_large,0.35,raw
paren_rate,0.0026537927687995534,0.0022935380913594373,-0.06735110916760015,q_large,0.35,raw
dash_rate,0.001790422311262383,0.0017297959180774586,-0.020351963703594246,q_large,0.35,raw
digit_rate,0.009210885864406902,0.0052504609862536475,-0.317256893161671,q_large,0.35,raw
upper_rate,0.027697170318570594,0.021186149138521886,-0.3787865092150062,q_large,0.35,raw
linebreak_per_100w,1.031818181818182,0.013636363636363636,-0.34509038909994355,q_large,0.35,raw
bullet_rate,0.05454545454545454,0.0022727272727272726,-0.16817006346018856,q_large,0.35,raw
question_rate,0.03417806109883408,0.0820099403950023,0.3562411192815821,q_large,0.35,raw
exclaim_rate,0.013540315848286797,0.1443350875990195,0.6696919131385968,q_large,0.35,raw
mean_log_rank,4.691452612471328,5.470927550481088,1.6193917938120401,q_large,0.35,raw
rare_word_rate,0.0733409090909091,0.13347727272727272,0.9838445945706368,q_large,0.35,raw
ttr,-0.19800886358546083,0.19827232113351428,3.9171774035003546,q_large,0.35,within_domain
hapax,-0.216773367492701,0.24245138967166,4.380102720241225,q_large,0.35,within_domain
top1_share,0.02883951928384459,-0.030488962129683984,-1.922357244260038,q_large,0.35,within_domain
top10_share,0.1276169903375136,-0.12043693917930753,-2.512519452095377,q_large,0.35,within_domain
word_entropy,-0.5594810799003779,0.47941639926785995,2.8515780516116207,q_large,0.35,within_domain
zipf_slope,-0.21536707550217296,0.2280135203834021,3.1906983056265084,q_large,0.35,within_domain
content_ratio,-0.03261030833481181,0.07076169847109406,1.6496908546434164,q_large,0.35,within_domain
content_ttr,-0.2351160613391442,0.1584529082500328,3.1799238075593985,q_large,0.35,within_domain
bigram_repeat,0.20963631782875694,-0.0910119967035378,-2.0218965389515837,q_large,0.35,within_domain
trigram_repeat,0.17120419802001569,-0.05038612840667831,-1.371298946690814,q_large,0.35,within_domain
mean_word_len,-0.2415187307182889,0.33406602876010005,1.4938336944404913,q_large,0.35,within_domain
long_word_rate,-0.021033993641392846,0.023298251578361392,0.8303906143977521,q_large,0.35,within_domain
mean_sent_len,2.9178495836806575,5.513561444268822,0.10852069277196177,q_large,0.35,within_domain
sd_sent_len,0.2549478541725072,6.147093319603551,0.4032832714401366,q_large,0.35,within_domain
sent_len_burst,-0.009729649107010458,0.0881133239531183,0.43758239211923744,q_large,0.35,within_domain
n_sents_per_100w,1.1104894577768116,-1.3086769556438123,-0.9085454468088235,q_large,0.35,within_domain
subordinator_rate,-0.003443217556324685,0.005158718938186983,0.4786239955217015,q_large,0.35,within_domain
function_rate,0.032610308334811836,-0.07076169847109404,-1.6496908546434164,q_large,0.35,within_domain
connective_rate,-0.000199261863107963,0.0002714877411159298,0.10707743192805064,q_large,0.35,within_domain
hedge_rate,-0.0012384565008426243,0.0017909191168834172,0.4642865279123442,q_large,0.35,within_domain
pron12_rate,0.006094636335108445,-0.0030959068541708216,-0.30925238295984214,q_large,0.35,within_domain
comma_rate,0.0013978794745140132,-0.003149916763796522,-0.8678929205815209,q_large,0.35,within_domain
punct_rate,0.00434075953542579,-0.004114057752130688,-0.8816350109845362,q_large,0.35,within_domain
quote_rate,0.0024169038893287593,-0.001120575066368644,-0.38534653395508567,q_large,0.35,within_domain
paren_rate,0.0002576877346850236,6.166531882579278e-05,-0.03862768694882531,q_large,0.35,within_domain
dash_rate,0.0001993242101773543,0.0001675483164872637,-0.011137934967692803,q_large,0.35,within_domain
digit_rate,0.003939165064919208,-0.0011450889378606217,-0.4277064435686515,q_large,0.35,within_domain
upper_rate,0.005582093856165475,-0.0036467278338961273,-0.6014560727706462,q_large,0.35,within_domain
linebreak_per_100w,0.1384151394560301,-0.031000625190362455,-0.0696555433702276,q_large,0.35,within_domain
bullet_rate,0.012533982945369431,-0.003629503963301226,-0.058307075008677905,q_large,0.35,within_domain
question_rate,-0.0071162940522368065,0.04103343962658524,0.3774592010944552,q_large,0.35,within_domain
exclaim_rate,-0.02418784714204639,0.09309715676461425,0.6489458867999996,q_large,0.35,within_domain
mean_log_rank,-0.25561604612587624,0.4191189659695732,1.5478727716986045,q_large,0.35,within_domain
rare_word_rate,-0.03141933475475947,0.01819464173414975,0.9082260369926966,q_large,0.35,within_domain
ttr,0.39079545454545456,0.8229090909090909,4.633536437864983,q_large,0.4,raw
hapax,0.22075,0.7246136363636364,5.283333957791537,q_large,0.4,raw
top1_share,0.0949090909090909,0.033068181818181816,-2.004361253991174,q_large,0.4,raw
top10_share,0.43354545454545457,0.16763636363636367,-2.7865698300706927,q_large,0.4,raw
word_entropy,3.961261421193701,5.078254522766958,3.192865812208602,q_large,0.4,raw
zipf_slope,-0.7723439032829608,-0.2867108580354242,3.6524164328097277,q_large,0.4,raw
content_ratio,0.5793863636363636,0.6965227272727271,1.7268574575862297,q_large,0.4,raw
content_ttr,0.5067523884560708,0.9332639445756853,3.597014042520257,q_large,0.4,raw
bigram_repeat,0.3242237442922375,0.008356164383561668,-2.1303888503723716,q_large,0.4,raw
trigram_repeat,0.22772935779816514,0.0008486238532110064,-1.3912376318378,q_large,0.4,raw
mean_word_len,4.47484090909091,5.058113636363637,1.0755717787240124,q_large,0.4,raw
long_word_rate,0.13013636363636363,0.16925,0.488733980739244,q_large,0.4,raw
mean_sent_len,25.71171559593871,28.918538635427176,0.1274246403755871,q_large,0.4,raw
sd_sent_len,11.855441878729398,18.25189320455296,0.429638833474224,q_large,0.4,raw
sent_len_burst,0.5001435413359134,0.6096136724011266,0.4663889565156705,q_large,0.4,raw
n_sents_per_100w,6.527272727272727,4.122727272727272,-0.7832886039436865,q_large,0.4,raw
subordinator_rate,0.02290909090909091,0.03190909090909091,0.49595106943131734,q_large,0.4,raw
function_rate,0.42061363636363636,0.3034772727272727,-1.726857457586232,q_large,0.4,raw
connective_rate,0.0018863636363636363,0.002022727272727273,0.03030807326504127,q_large,0.4,raw
hedge_rate,0.004295454545454545,0.006068181818181818,0.25072883013106406,q_large,0.4,raw
pron12_rate,0.03627272727272727,0.025227272727272723,-0.31856842137296837,q_large,0.4,raw
comma_rate,0.009002240238242608,0.0042319102703143,-0.8874574011889484,q_large,0.4,raw
punct_rate,0.023480028162723807,0.015090234859781927,-0.781343073148095,q_large,0.4,raw
quote_rate,0.007387907053121803,0.004020366587988363,-0.3400748487505374,q_large,0.4,raw
paren_rate,0.0026084755482557466,0.0022870191865354476,-0.06017740067640519,q_large,0.4,raw
dash_rate,0.001756434395854528,0.0017331066331748321,-0.007855764772944574,q_large,0.4,raw
digit_rate,0.008972970456551916,0.005325889755897937,-0.29515059775278757,q_large,0.4,raw
upper_rate,0.027478256782774057,0.021314070897993944,-0.36033551840037026,q_large,0.4,raw
linebreak_per_100w,1.031818181818182,0.013636363636363636,-0.34509038909994355,q_large,0.4,raw
bullet_rate,0.05454545454545454,0.0022727272727272726,-0.16817006346018856,q_large,0.4,raw
question_rate,0.03417806109883408,0.0813849403950023,0.35146873234942533,q_large,0.4,raw
exclaim_rate,0.013540315848286797,0.14433508759901947,0.6696919131385966,q_large,0.4,raw
mean_log_rank,4.688093535789964,5.471021058465842,1.6256111200649979,q_large,0.4,raw
rare_word_rate,0.0729090909090909,0.13347727272727272,0.9897113240863245,q_large,0.4,raw
ttr,-0.1982564697827156,0.19781777567896883,3.9125381061092424,q_large,0.4,within_domain
hapax,-0.21686683125487569,0.24170138967165997,4.372449293932269,q_large,0.4,within_domain
top1_share,0.028727403302070704,-0.030466234856956705,-1.9153881153897534,q_large,0.4,within_domain
top10_share,0.12780585088750113,-0.12032330281567116,-2.5124304230940413,q_large,0.4,within_domain
word_entropy,-0.5604025874512983,0.4786025394311807,2.8509682069059283,q_large,0.4,within_domain
zipf_slope,-0.21564870650879078,0.22748409216011636,3.18654594977544,q_large,0.4,within_domain
content_ratio,-0.03274766455916073,0.07067078938018496,1.6490968366308096,q_large,0.4,within_domain
content_ttr,-0.23591270335383768,0.15807062110698766,3.179797184054771,q_large,0.4,within_domain
bigram_repeat,0.21105133995526265,-0.09096633460308114,-2.0279297322032925,q_large,0.4,within_domain
trigram_repeat,0.17307256137326876,-0.050317321067228776,-1.3805263717438396,q_large,0.4,within_domain
mean_word_len,-0.24009495800044023,0.3338842105782818,1.4938863210503865,q_large,0.4,within_domain
long_word_rate,-0.02087568062866567,0.023343706123815942,0.8300378081963008,q_large,0.4,within_domain
mean_sent_len,3.1096372289000644,5.533204301411679,0.10132111723422017,q_large,0.4,within_domain
sd_sent_len,0.4585203983161295,6.144667839431691,0.3871336569560059,q_large,0.4,within_domain
sent_len_burst,-0.007053566311989988,0.08767411475851204,0.4215286556546934,q_large,0.4,within_domain
n_sents_per_100w,1.0865423691012204,-1.3109496829165395,-0.8971419111339358,q_large,0.4,within_domain
subordinator_rate,-0.003404311240798093,0.005181446210914256,0.47778932837189503,q_large,0.4,within_domain
function_rate,0.032747664559160755,-0.07067078938018494,-1.6490968366308092,q_large,0.4,within_domain
connective_rate,-0.0001804670340837762,0.00027148774111592975,0.10278217828774769,q_large,0.4,within_domain
hedge_rate,-0.001227399369900172,0.0017681918441561444,0.4583964622434124,q_large,0.4,within_domain
pron12_rate,0.0062724205173130135,-0.0031868159450799127,-0.31778797286315985,q_large,0.4,within_domain
comma_rate,0.0014235941112260848,-0.0031465376984519764,-0.8712200370247234,q_large,0.4,within_domain
punct_rate,0.004284777695223075,-0.004107248358756219,-0.8751455702871285,q_large,0.4,within_domain
quote_rate,0.0025187696312534967,-0.0011204212783125077,-0.395412762217391,q_large,0.4,within_domain
paren_rate,0.00021833318407081282,5.514641400180321e-05,-0.03220465768708288,q_large,0.4,within_domain
dash_rate,0.00016899909202340365,0.00017085903158463718,0.0006538576942873344,q_large,0.4,within_domain
digit_rate,0.003756883572801902,-0.0010696601682163335,-0.4084328765316162,q_large,0.4,within_domain
upper_rate,0.005418530611101879,-0.0035188060744240648,-0.5830873489054428,q_large,0.4,within_domain
linebreak_per_100w,0.1384151394560301,-0.031000625190362455,-0.0696555433702276,q_large,0.4,within_domain
bullet_rate,0.012511255672642161,-0.0036295039633012266,-0.05822496214770161,q_large,0.4,within_domain
question_rate,-0.007303386361176596,0.04040843962658524,0.3737540608308851,q_large,0.4,within_domain
exclaim_rate,-0.024288802436366844,0.09309715676461426,0.6495015956806696,q_large,0.4,within_domain
mean_log_rank,-0.2556113393519781,0.4192124739543277,1.5480264469647491,q_large,0.4,within_domain
rare_word_rate,-0.031427303436287864,0.01819464173414975,0.9083261402227836,q_large,0.4,within_domain
ttr,0.39231818181818184,0.8234545454545454,4.604500066317432,q_large,0.45,raw
hapax,0.22247727272727275,0.7253409090909091,5.2443461559744184,q_large,0.45,raw
top1_share,0.09518181818181817,0.03293181818181818,-2.0193127227208274,q_large,0.45,raw
top10_share,0.433,0.1673409090909091,-2.7840896937937036,q_large,0.45,raw
word_entropy,3.9642736942513532,5.079426121689695,3.182917493987601,q_large,0.45,raw
zipf_slope,-0.7700471952149246,-0.28608712705364336,3.6271257482016432,q_large,0.45,raw
content_ratio,0.579590909090909,0.696590909090909,1.7250829572807165,q_large,0.45,raw
content_ttr,0.5090817040787818,0.9337087962182145,3.5396025884776185,q_large,0.45,raw
bigram_repeat,0.32262557077625575,0.008196347031963496,-2.110471199937347,q_large,0.45,raw
trigram_repeat,0.22678899082568807,0.0007798165137614649,-1.3820308213124761,q_large,0.45,raw
mean_word_len,4.4627954545454545,5.057659090909091,1.0926066481948429,q_large,0.45,raw
long_word_rate,0.1280681818181818,0.16913636363636364,0.5141503320538726,q_large,0.45,raw
mean_sent_len,25.621801066024183,28.871395778284324,0.1290335401620176,q_large,0.45,raw
sd_sent_len,11.944042940471133,18.252033804863814,0.42190505638762776,q_large,0.45,raw
sent_len_burst,0.5047907504045771,0.610673093071236,0.44562428794927117,q_large,0.45,raw
n_sents_per_100w,6.5681818181818175,4.129545454545454,-0.7923460035988441,q_large,0.45,raw
subordinator_rate,0.022636363636363635,0.03202272727272727,0.5161480854043783,q_large,0.45,raw
function_rate,0.4204090909090909,0.30340909090909096,-1.7250829572807156,q_large,0.45,raw
connective_rate,0.0018409090909090908,0.002045454545454545,0.045594131743357136,q_large,0.45,raw
hedge_rate,0.004227272727272727,0.006068181818181818,0.2602877908455447,q_large,0.45,raw
pron12_rate,0.03656818181818182,0.025477272727272727,-0.32013546212220273,q_large,0.45,raw
comma_rate,0.0090718313497874,0.004255455234189684,-0.8711556757999298,q_large,0.45,raw
punct_rate,0.023750115216181172,0.015134135273853037,-0.7954974935839353,q_large,0.45,raw
quote_rate,0.007844187982203144,0.0040207582063119226,-0.3699406997776451,q_large,0.45,raw
paren_rate,0.002841151125373488,0.002300299399018847,-0.09281337680795404,q_large,0.45,raw
dash_rate,0.0017625609311136589,0.001726597066374319,-0.012108536538147464,q_large,0.45,raw
digit_rate,0.009000705357244067,0.005237423176605669,-0.30474199850681083,q_large,0.45,raw
upper_rate,0.02778850019519175,0.021269635272213972,-0.3812312436891465,q_large,0.45,raw
linebreak_per_100w,1.0454545454545454,0.013636363636363636,-0.3471486097571683,q_large,0.45,raw
bullet_rate,0.05454545454545454,0.0022727272727272726,-0.16817006346018856,q_large,0.45,raw
question_rate,0.03513959956037255,0.0813849403950023,0.3437440925796572,q_large,0.45,raw
exclaim_rate,0.013540315848286799,0.14433508759901947,0.6696919131385966,q_large,0.45,raw
mean_log_rank,4.690741844789126,5.47027821924715,1.6145209067513404,q_large,0.45,raw
rare_word_rate,0.07363636363636364,0.13329545454545452,0.9694969179790681,q_large,0.45,raw
ttr,-0.1970132436658212,0.19816938956832622,3.870965998423629,q_large,0.45,within_domain
hapax,-0.21529192761535754,0.2421480606954414,4.306282986196692,q_large,0.45,within_domain
top1_share,0.02901516410380963,-0.030589990970972564,-1.9315924981090555,q_large,0.45,within_domain
top10_share,0.12745944558323857,-0.12054548404353423,-2.5090571910800947,q_large,0.45,within_domain
word_entropy,-0.5582582835468795,0.4794757083879119,2.840068802439912,q_large,0.45,within_domain
zipf_slope,-0.21371597715125668,0.22787659849399147,3.150565897705992,q_large,0.45,within_domain
content_ratio,-0.03254325526616572,0.07053491064852702,1.6452795251964905,q_large,0.45,within_domain
content_ttr,-0.2338559227196202,0.1584635042403302,3.1193793931934146,q_large,0.45,within_domain
bigram_repeat,0.2098608335698967,-0.09123451472693642,-2.013239875765457,q_large,0.45,within_domain
trigram_repeat,0.17245175146815556,-0.05055335960274307,-1.3754568513028151,q_large,0.45,within_domain
mean_word_len,-0.24284231748295237,0.33384348912441103,1.4931092453495138,q_large,0.45,within_domain
long_word_rate,-0.0212420506972763,0.02333575263250206,0.8383755370986837,q_large,0.45,within_domain
mean_sent_len,3.2262747955236755,5.49789253210862,0.09497056542634372,q_large,0.45,within_domain
sd_sent_len,0.6254959776119429,6.152739715430031,0.37467132772463535,q_large,0.45,within_domain
sent_len_burst,-0.0036161661907603577,0.08882828862027972,0.4057132039414895,q_large,0.45,within_domain
n_sents_per_100w,1.062407996134402,-1.3084202723919993,-0.8841000100806393,q_large,0.45,within_domain
subordinator_rate,-0.003628515558289861,0.005321889371649624,0.49736024655320904,q_large,0.45,within_domain
function_rate,0.03254325526616574,-0.07053491064852697,-1.64527952519649,q_large,0.45,within_domain
connective_rate,-0.00020209207597963793,0.0002952849666177007,0.1134993704825882,q_large,0.45,within_domain
hedge_rate,-0.00122112531058549,0.0017779268331930818,0.45996797461076966,q_large,0.45,within_domain
pron12_rate,0.005930125474332789,-0.003012439996353315,-0.30029650556757387,q_large,0.45,within_domain
comma_rate,0.0014860198700874117,-0.003117353602792269,-0.8527800714581765,q_large,0.45,within_domain
punct_rate,0.0043559804630233226,-0.00407032322374277,-0.8737286334829574,q_large,0.45,within_domain
quote_rate,0.002930725455971378,-0.001122880876941954,-0.4178050828516614,q_large,0.45,within_domain
paren_rate,0.0004907477576577599,5.429324744482466e-05,-0.07833095753826015,q_large,0.45,within_domain
dash_rate,0.00018360438016585114,0.00016046821036032503,-0.008134973414452495,q_large,0.45,within_domain
digit_rate,0.0037659054817944177,-0.0011452622385631445,-0.41620654826219594,q_large,0.45,within_domain
upper_rate,0.0055311003595985,-0.0035704854579378864,-0.5941790730626911,q_large,0.45,within_domain
linebreak_per_100w,0.16777566690028395,-0.031000625190362455,-0.08113344565943673,q_large,0.45,within_domain
bullet_rate,0.002588836950613811,-0.00360631286868156,-0.021648100504896014,q_large,0.45,within_domain
question_rate,-0.007324551920842986,0.04041998022843599,0.37404499654647283,q_large,0.45,within_domain
exclaim_rate,-0.02462385363891145,0.09280732736116133,0.6493991545738115,q_large,0.45,within_domain
mean_log_rank,-0.2508414830488784,0.417393221823547,1.5315035007472508,q_large,0.45,within_domain
rare_word_rate,-0.030549119350800583,0.01796959324367918,0.8823016390282175,q_large,0.45,within_domain
ttr,0.39511363636363633,0.8235227272727272,4.566201874100315,q_large,0.5,raw
hapax,0.22440909090909092,0.7252045454545456,5.2023011814627305,q_large,0.5,raw
top1_share,0.09302272727272726,0.03288636363636364,-2.0416953275061673,q_large,0.5,raw
top10_share,0.4290681818181818,0.16702272727272727,-2.7824086419396874,q_large,0.5,raw
word_entropy,3.978626726099741,5.079895626673185,3.17251408282994,q_large,0.5,raw
zipf_slope,-0.7662560390992471,-0.2860098173920856,3.624207183338502,q_large,0.5,raw
content_ratio,0.5802499999999999,0.6974772727272728,1.7618040142930578,q_large,0.5,raw
content_ttr,0.5128186828724658,0.9329657835758729,3.4952374442358507,q_large,0.5,raw
bigram_repeat,0.31963470319634707,0.007945205479452079,-2.0998157970032425,q_large,0.5,raw
trigram_repeat,0.22435779816513762,0.0007568807339449513,-1.3722446779805986,q_large,0.5,raw
mean_word_len,4.476477272727273,5.067113636363636,1.0932906251357244,q_large,0.5,raw
long_word_rate,0.12945454545454546,0.17070454545454544,0.5192069101263335,q_large,0.5,raw
mean_sent_len,25.18774231431837,29.069255009696185,0.15661590080977736,q_large,0.5,raw
sd_sent_len,11.374330920225058,18.390797275985747,0.49631957593054404,q_large,0.5,raw
sent_len_burst,0.49992612379829926,0.6119805751880558,0.47586278041962077,q_large,0.5,raw
n_sents_per_100w,6.577272727272727,4.075,-0.8203490058487442,q_large,0.5,raw
subordinator_rate,0.022840909090909092,0.032136363636363637,0.5081515269929316,q_large,0.5,raw
function_rate,0.41975,0.3025227272727273,-1.761804014293056,q_large,0.5,raw
connective_rate,0.0018409090909090908,0.002045454545454545,0.04571219181163827,q_large,0.5,raw
hedge_rate,0.0045681818181818185,0.006022727272727273,0.19346548574537756,q_large,0.5,raw
pron12_rate,0.03584090909090909,0.02493181818181818,-0.31841939976219863,q_large,0.5,raw
comma_rate,0.008800867836788026,0.0042280244727199755,-0.8684963370926659,q_large,0.5,raw
punct_rate,0.023303125956419334,0.014972261087496368,-0.7787345178919867,q_large,0.5,raw
quote_rate,0.0077999297938321135,0.003990524410099202,-0.3686115134859701,q_large,0.5,raw
paren_rate,0.002806170969871147,0.0022749873616459888,-0.0913041169932751,q_large,0.5,raw
dash_rate,0.0016237128236164821,0.0017392864953233624,0.04737390184639064,q_large,0.5,raw
digit_rate,0.009071018630334273,0.005359522517798536,-0.29956201467695587,q_large,0.5,raw
upper_rate,0.02799247351468153,0.021373101079652984,-0.387280774667778,q_large,0.5,raw
linebreak_per_100w,1.0204545454545453,0.013636363636363636,-0.34144693907611107,q_large,0.5,raw
bullet_rate,0.05454545454545454,0.0022727272727272726,-0.16817006346018856,q_large,0.5,raw
question_rate,0.03513959956037255,0.07851811423870247,0.3234259427727839,q_large,0.5,raw
exclaim_rate,0.013246198201227974,0.14296081859317153,0.6636167651923461,q_large,0.5,raw
mean_log_rank,4.6960866054043064,5.475508391881471,1.6251800088524404,q_large,0.5,raw
rare_word_rate,0.07402272727272727,0.13318181818181818,0.9620386650284437,q_large,0.5,raw
ttr,-0.19364861157869348,0.19820185471347518,3.8223195860428847,q_large,0.5,within_domain
hapax,-0.2123054713158057,0.24211238301527843,4.2490035482894,q_large,0.5,within_domain
top1_share,0.02675556301273796,-0.030647678136747958,-1.9509869837786986,q_large,0.5,within_domain
top10_share,0.12355061240223673,-0.12072860331396966,-2.5033046031409687,q_large,0.5,within_domain
word_entropy,-0.5433420884929714,0.479558031196321,2.8233002869022195,q_large,0.5,within_domain
zipf_slope,-0.20936284616894332,0.22786628511952198,3.13961946111024,q_large,0.5,within_domain
content_ratio,-0.032211059987399995,0.0710587631440707,1.6843153141837393,q_large,0.5,within_domain
content_ttr,-0.22937101860602602,0.15779726897319785,3.0721858893753002,q_large,0.5,within_domain
bigram_repeat,0.2067467121491331,-0.09142933968888467,-2.0031249452151783,q_large,0.5,within_domain
trigram_repeat,0.17010225651909747,-0.05050965875084266,-1.3666029096647347,q_large,0.5,within_domain
mean_word_len,-0.23713687009072867,0.3385633643472275,1.5073750162811286,q_large,0.5,within_domain
long_word_rate,-0.02100929021415795,0.024225165670444505,0.8548834564683074,q_large,0.5,within_domain
mean_sent_len,2.785266981764591,5.637822043610131,0.12147444058327335,q_large,0.5,within_domain
sd_sent_len,0.09221497621514774,6.290524574104007,0.4446256591194871,q_large,0.5,within_domain
sent_len_burst,-0.006667969275296205,0.09119433234591234,0.4328968662717353,q_large,0.5,within_domain
n_sents_per_100w,1.0903150778588697,-1.3365434421144335,-0.914924406779445,q_large,0.5,within_domain
subordinator_rate,-0.003361891807738787,0.0054709018175370695,0.48790249967216737,q_large,0.5,within_domain
function_rate,0.032211059987400016,-0.07105876314407066,-1.684315314183739,q_large,0.5,within_domain
connective_rate,-0.00024799918276983664,0.0002885248762179044,0.12276602049740994,q_large,0.5,within_domain
hedge_rate,-0.000913926199094939,0.0017360405332185462,0.3825273551970729,q_large,0.5,within_domain
pron12_rate,0.005549102401071717,-0.003244059234957848,-0.30156857761245903,q_large,0.5,within_domain
comma_rate,0.0012236701009721968,-0.00314057277283217,-0.8497432237422156,q_large,0.5,within_domain
punct_rate,0.00400186818137244,-0.0041485440213548585,-0.8539281857663789,q_large,0.5,within_domain
quote_rate,0.0029491183680658726,-0.0011235041118240502,-0.42056986286537795,q_large,0.5,within_domain
paren_rate,0.0004652749313271136,2.6307247475860023e-05,-0.07883421701235985,q_large,0.5,within_domain
dash_rate,2.2861337642594734e-05,0.00015953245318795555,0.06028357502511257,q_large,0.5,within_domain
digit_rate,0.003803942185014165,-0.001103010521126196,-0.41422635105298145,q_large,0.5,within_domain
upper_rate,0.005731209845747056,-0.0035469139816833193,-0.6067897930016835,q_large,0.5,within_domain
linebreak_per_100w,0.15089161001615684,-0.031000625190362455,-0.07421867140985636,q_large,0.5,within_domain
bullet_rate,-0.0024161226964806715,-0.0036063128686815603,-0.004108512909035694,q_large,0.5,within_domain
question_rate,-0.006557698754705549,0.03829154713172171,0.3522691926633429,q_large,0.5,within_domain
exclaim_rate,-0.023983339210977898,0.09225991344209618,0.64269714439199,q_large,0.5,within_domain
mean_log_rank,-0.24740745889683716,0.41884220834048747,1.5401890647988579,q_large,0.5,within_domain
rare_word_rate,-0.030400895036564606,0.017293259528374873,0.8699248729550312,q_large,0.5,within_domain
ttr,0.3989090909090909,0.8227272727272728,4.517219947713609,q_large,0.55,raw
hapax,0.22759090909090907,0.72425,5.116780232797964,q_large,0.55,raw
top1_share,0.09168181818181818,0.03293181818181818,-2.010601040632957,q_large,0.55,raw
top10_share,0.4253863636363636,0.16754545454545455,-2.7521472977619443,q_large,0.55,raw
word_entropy,3.9930082678787615,5.078058801055089,3.14489519365084,q_large,0.55,raw
zipf_slope,-0.7617540307206758,-0.2869597764052168,3.582701814974802,q_large,0.55,raw
content_ratio,0.582090909090909,0.6978636363636364,1.739571396551489,q_large,0.55,raw
content_ttr,0.5162917491156339,0.9317673133665332,3.475497688438707,q_large,0.55,raw
bigram_repeat,0.3163698630136987,0.00837899543378998,-2.104715406157531,q_large,0.55,raw
trigram_repeat,0.22194954128440364,0.0008027522935779786,-1.3782086652367176,q_large,0.55,raw
mean_word_len,4.499340909090909,5.075909090909091,1.0600760458581313,q_large,0.55,raw
long_word_rate,0.1325681818181818,0.17163636363636364,0.49021762067105373,q_large,0.55,raw
mean_sent_len,25.676080226406285,29.092625937014482,0.1373118892223864,q_large,0.55,raw
sd_sent_len,11.78654224402945,18.377786218032057,0.4548695136952167,q_large,0.55,raw
sent_len_burst,0.5026396084304026,0.6115530484636991,0.4597298481016734,q_large,0.55,raw
n_sents_per_100w,6.486363636363636,4.081818181818182,-0.7836720486833485,q_large,0.55,raw
subordinator_rate,0.02290909090909091,0.03202272727272727,0.4952863509922394,q_large,0.55,raw
function_rate,0.41790909090909095,0.3021363636363636,-1.739571396551489,q_large,0.55,raw
connective_rate,0.002022727272727273,0.002045454545454545,0.004932937810756947,q_large,0.55,raw
hedge_rate,0.0047954545454545455,0.0059545454545454546,0.15275016227992486,q_large,0.55,raw
pron12_rate,0.0355,0.02502272727272727,-0.30486977347219374,q_large,0.55,raw
comma_rate,0.008873029179430295,0.004224384529711012,-0.8867940890878995,q_large,0.55,raw
punct_rate,0.023313305910331695,0.014972280535458925,-0.7798365429550599,q_large,0.55,raw
quote_rate,0.007688051001544337,0.003956413624053095,-0.36474671787997687,q_large,0.55,raw
paren_rate,0.002785764849247829,0.002292013468342924,-0.08483481334478084,q_large,0.55,raw
dash_rate,0.0016432423568017189,0.0017384649339531833,0.039016247626445046,q_large,0.55,raw
digit_rate,0.009200930436299746,0.005359522517798536,-0.3102353795561075,q_large,0.55,raw
upper_rate,0.02844199676072866,0.021487424029168076,-0.4046868499183925,q_large,0.55,raw
linebreak_per_100w,1.1886363636363637,0.013636363636363636,-0.37522830226552845,q_large,0.55,raw
bullet_rate,0.10227272727272727,0.0022727272727272726,-0.17628441052852445,q_large,0.55,raw
question_rate,0.03428184620261919,0.07918797069803261,0.3345583509679539,q_large,0.55,raw
exclaim_rate,0.011845099300129074,0.1428073098212417,0.6724360322395025,q_large,0.55,raw
mean_log_rank,4.714666424471953,5.477471947981817,1.5919307293579876,q_large,0.55,raw
rare_word_rate,0.07479545454545454,0.13329545454545452,0.9517995102977219,q_large,0.55,raw
ttr,-0.1883888140268901,0.19725974178339747,3.738966509565728,q_large,0.55,within_domain
hapax,-0.20716292894540403,0.24100406586766468,4.131531691809818,q_large,0.55,within_domain
top1_share,0.025235581984537944,-0.030570030825679453,-1.9043733671273422,q_large,0.55,within_domain
top10_share,0.11918408911165652,-0.12008162962312109,-2.45802853569984,q_large,0.55,within_domain
word_entropy,-0.5260980509493784,0.47728584718467987,2.774477625379974,q_large,0.55,within_domain
zipf_slope,-0.20321311918346033,0.22679274675977953,3.077114481476096,q_large,0.55,within_domain
content_ratio,-0.030400248920924265,0.07105447813246743,1.6611113011066192,q_large,0.55,within_domain
content_ttr,-0.22457025864494307,0.15673352359205966,3.0221214199751203,q_large,0.55,within_domain
bigram_repeat,0.20323965089948026,-0.09102123466605364,-1.9978870922215526,q_large,0.55,within_domain
trigram_repeat,0.16796845335936822,-0.0504863443142839,-1.3717265338416256,q_large,0.55,within_domain
mean_word_len,-0.22232057754252327,0.34198912864951786,1.4887788728927043,q_large,0.55,within_domain
long_word_rate,-0.019045803239685265,0.024379564822901375,0.8244412003958388,q_large,0.55,within_domain
mean_sent_len,3.272448555854289,5.617472413235533,0.09923951415609808,q_large,0.55,within_domain
sd_sent_len,0.5203157017844733,6.274570970240623,0.40174774798941654,q_large,0.55,within_domain
sent_len_burst,-0.0028957085972348006,0.09146440814748814,0.41564339723565674,q_large,0.55,within_domain
n_sents_per_100w,1.0142277451233404,-1.3167582917764253,-0.8700257260641703,q_large,0.55,within_domain
subordinator_rate,-0.0031930929274395924,0.0053661633955816666,0.47052918333703964,q_large,0.55,within_domain
function_rate,0.03040024892092429,-0.07105447813246739,-1.6611113011066188,q_large,0.55,within_domain
connective_rate,-8.717458273635432e-05,0.0002769342193719756,0.08189079692201692,q_large,0.55,within_domain
hedge_rate,-0.000725282235696398,0.0016647277242184456,0.34134562094648435,q_large,0.55,within_domain
pron12_rate,0.005551027284973988,-0.002955828355127356,-0.29284180756654365,q_large,0.55,within_domain
comma_rate,0.0012759405816969644,-0.003131052581949067,-0.861787143729444,q_large,0.55,within_domain
punct_rate,0.004059424725831864,-0.004092804004467838,-0.8559560340225857,q_large,0.55,within_domain
quote_rate,0.0029037153522382497,-0.0011162580956835773,-0.4196058833080894,q_large,0.55,within_domain
paren_rate,0.0004842617572448822,2.235886367121029e-05,-0.08275293515585999,q_large,0.55,within_domain
dash_rate,4.190381586901577e-05,0.00014913233824693093,0.047306611807434576,q_large,0.55,within_domain
digit_rate,0.0038596397141551445,-0.0011245196995725672,-0.4191966512619657,q_large,0.55,within_domain
upper_rate,0.00607539441342945,-0.0034159839272643717,-0.6149860447212491,q_large,0.55,within_domain
linebreak_per_100w,0.262904120100526,-0.031000625190362455,-0.11478843545221257,q_large,0.55,within_domain
bullet_rate,0.031047249146080386,-0.0036063128686815603,-0.06649716578859362,q_large,0.55,within_domain
question_rate,-0.0067041068235434405,0.039454734239296754,0.3635175198535286,q_large,0.55,within_domain
exclaim_rate,-0.02402444899236324,0.0923553900523809,0.6454342584124129,q_large,0.55,within_domain
mean_log_rank,-0.2287838773238321,0.41867487051615915,1.5021301013367307,q_large,0.55,within_domain
rare_word_rate,-0.02972777785179302,0.017380066485291435,0.8587043293073757,q_large,0.55,within_domain
ttr,0.40595454545454546,0.8224318181818182,4.440543224680392,q_large,0.6,raw
hapax,0.234,0.72375,4.989109176069549,q_large,0.6,raw
top1_share,0.09140909090909091,0.033,-2.0331648733171077,q_large,0.6,raw
top10_share,0.4187727272727273,0.16761363636363635,-2.790383186379933,q_large,0.6,raw
word_entropy,4.017837008021416,5.077501934698406,3.1535912241021924,q_large,0.6,raw
zipf_slope,-0.7512145329398678,-0.28728555961125507,3.574889212336244,q_large,0.6,raw
content_ratio,0.5862727272727273,0.6974545454545455,1.701666281630545,q_large,0.6,raw
content_ttr,0.5256043255075674,0.9316384244162309,3.378246254298869,q_large,0.6,raw
bigram_repeat,0.3105251141552512,0.008630136986301395,-2.11425337940841,q_large,0.6,raw
trigram_repeat,0.2171788990825688,0.0008715596330275199,-1.385476142407911,q_large,0.6,raw
mean_word_len,4.557477272727272,5.071159090909091,0.9335393709010301,q_large,0.6,raw
long_word_rate,0.1406590909090909,0.17111363636363636,0.37730637842454207,q_large,0.6,raw
mean_sent_len,25.68477222884828,29.011871968760516,0.13477976365890815,q_large,0.6,raw
sd_sent_len,11.509473167673447,18.282153802270564,0.4806675476879777,q_large,0.6,raw
sent_len_burst,0.4982735889649043,0.6094087329883966,0.4725357969154723,q_large,0.6,raw
n_sents_per_100w,6.3,4.1045454545454545,-0.7386014650408848,q_large,0.6,raw
subordinator_rate,0.02322727272727273,0.03190909090909091,0.47403262085690046,q_large,0.6,raw
function_rate,0.4137272727272727,0.30254545454545456,-1.7016662816305435,q_large,0.6,raw
connective_rate,0.0023409090909090905,0.002045454545454545,-0.060105753053232264,q_large,0.6,raw
hedge_rate,0.00509090909090909,0.006000000000000001,0.12004971932529107,q_large,0.6,raw
pron12_rate,0.033295454545454545,0.025159090909090905,-0.23835741520983442,q_large,0.6,raw
comma_rate,0.00880433813844078,0.0042748290937063725,-0.8751823725794239,q_large,0.6,raw
punct_rate,0.022580260244261356,0.0150881167516199,-0.7126956463867683,q_large,0.6,raw
quote_rate,0.006910009556530805,0.0040160898656467535,-0.29430822912575566,q_large,0.6,raw
paren_rate,0.0029082468399105215,0.0022956551289401565,-0.10529133038370506,q_large,0.6,raw
dash_rate,0.0018375866859976434,0.001725034967964476,-0.045285792414799644,q_large,0.6,raw
digit_rate,0.008932078352630046,0.005370447499590233,-0.2926072561567833,q_large,0.6,raw
upper_rate,0.028446428766263528,0.021525215140200237,-0.3960961676259292,q_large,0.6,raw
linebreak_per_100w,1.3227272727272725,0.013636363636363636,-0.40682153965614304,q_large,0.6,raw
bullet_rate,0.12045454545454545,0.0022727272727272726,-0.19891905847084676,q_large,0.6,raw
question_rate,0.02989692556769855,0.07946574847581038,0.3729703767644782,q_large,0.6,raw
exclaim_rate,0.011460483915513688,0.1450791352180671,0.6852892931147532,q_large,0.6,raw
mean_log_rank,4.738492355298474,5.473888230265414,1.5359569439723577,q_large,0.6,raw
rare_word_rate,0.07754545454545454,0.13322727272727272,0.897546620436792,q_large,0.6,raw
ttr,-0.17934875958371474,0.1967684430820988,3.59707299651463,q_large,0.6,within_domain
hapax,-0.19827210620190364,0.24020155504515384,3.947684846256975,q_large,0.6,within_domain
top1_share,0.024192532960785485,-0.030515788401437028,-1.890885278130947,q_large,0.6,within_domain
top10_share,0.11143215370654352,-0.1199878742118657,-2.4505939944785022,q_large,0.6,within_domain
word_entropy,-0.49656704999860807,0.47642915078281617,2.7300117444878547,q_large,0.6,within_domain
zipf_slope,-0.1905271565120816,0.2262577831991529,3.0046635312020507,q_large,0.6,within_domain
content_ratio,-0.027861202580529695,0.07056508419307347,1.6390010017199228,q_large,0.6,within_domain
content_ttr,-0.2129689738487609,0.15641860674836386,2.880087742351155,q_large,0.6,within_domain
bigram_repeat,0.1962849442044383,-0.09064657713180706,-1.9848985112981583,q_large,0.6,within_domain
trigram_repeat,0.16298315816244002,-0.050288321160068074,-1.3744666570961168,q_large,0.6,within_domain
mean_word_len,-0.20961000121232815,0.3381302650131542,1.4638535238519854,q_large,0.6,within_domain
long_word_rate,-0.01823371885335254,0.024050289931126484,0.8139135217195985,q_large,0.6,within_domain
mean_sent_len,3.0171714818022894,5.566813410135369,0.10875412903829684,q_large,0.6,within_domain
sd_sent_len,0.2677925089192166,6.184064538152383,0.42442172710834347,q_large,0.6,within_domain
sent_len_burst,-0.000977803030029689,0.08923552164714006,0.399813011897946,q_large,0.6,within_domain
n_sents_per_100w,0.9518724138524126,-1.3040483350664687,-0.866268803135411,q_large,0.6,within_domain
subordinator_rate,-0.0026332563777943497,0.005280427464845735,0.4377015681791797,q_large,0.6,within_domain
function_rate,0.027861202580529723,-0.07056508419307345,-1.6390010017199228,q_large,0.6,within_domain
connective_rate,6.344198467198148e-05,0.00028379569123344753,0.04714508396860148,q_large,0.6,within_domain
hedge_rate,-0.0005073733137967917,0.0017215783735690948,0.31786532816001933,q_large,0.6,within_domain
pron12_rate,0.005084882954999299,-0.0027189127707117717,-0.27259076898521084,q_large,0.6,within_domain
comma_rate,0.0012464702066917806,-0.0030711735931311357,-0.85821951059298,q_large,0.6,within_domain
punct_rate,0.0037896230326531933,-0.003994946748357515,-0.8306843207207073,q_large,0.6,within_domain
quote_rate,0.002406640396000856,-0.001062986639426004,-0.37735415275176243,q_large,0.6,within_domain
paren_rate,0.0005386849834492226,3.106181317661276e-05,-0.09092970734916282,q_large,0.6,within_domain
dash_rate,0.00012018313246638779,0.00013928892190234328,0.008330147221684733,q_large,0.6,within_domain
digit_rate,0.0035192302586065033,-0.001104943003071299,-0.39949166904830175,q_large,0.6,within_domain
upper_rate,0.006086650614400404,-0.003390718682089485,-0.604757844738643,q_large,0.6,within_domain
linebreak_per_100w,0.24368188472842248,-0.031000625190362455,-0.10399818352441867,q_large,0.6,within_domain
bullet_rate,0.03145990626830921,-0.0035835855959542883,-0.06440877875882743,q_large,0.6,within_domain
question_rate,-0.007943460753692216,0.03966551573103938,0.3771560882549232,q_large,0.6,within_domain
exclaim_rate,-0.021652319297854838,0.09426954376307968,0.6428011826812308,q_large,0.6,within_domain
mean_log_rank,-0.21574607133369195,0.4143720033287515,1.460036251428755,q_large,0.6,within_domain
rare_word_rate,-0.028111868760429672,0.01726767471039966,0.8241203664230762,q_large,0.6,within_domain
ttr,0.4176590909090909,0.8236009244992296,4.359289861885633,q_large,0.65,raw
hapax,0.24359090909090908,0.7252060862865949,4.896018805838732,q_large,0.65,raw
top1_share,0.08727272727272727,0.03254481253210066,-2.052841825453107,q_large,0.65,raw
top10_share,0.4060454545454546,0.16693284540318437,-2.8126306945909896,q_large,0.65,raw
word_entropy,4.065588676919485,5.079238473331786,3.1746548538183608,q_large,0.65,raw
zipf_slope,-0.7356031170152673,-0.2860215735567342,3.5716381619418205,q_large,0.65,raw
content_ratio,0.5892954545454545,0.6987736260914227,1.7175506559609228,q_large,0.65,raw
content_ttr,0.5404614920945326,0.9317460982432842,3.2915204673010887,q_large,0.65,raw
bigram_repeat,0.2932191780821918,0.00839015151515154,-2.0567976088689424,q_large,0.65,raw
trigram_repeat,0.20211009174311925,0.0007568807339449507,-1.3509603531685386,q_large,0.65,raw
mean_word_len,4.554863636363637,5.082702362609142,0.9665550094504276,q_large,0.65,raw
long_word_rate,0.14075,0.1727458911145352,0.4042547132518179,q_large,0.65,raw
mean_sent_len,24.24660666977715,29.148089917478465,0.21741422383083517,q_large,0.65,raw
sd_sent_len,11.025991891595261,18.39637508132357,0.5415891724280729,q_large,0.65,raw
sent_len_burst,0.49571467514975703,0.6112094264086271,0.4981295149095338,q_large,0.65,raw
n_sents_per_100w,6.404545454545455,4.0692218798151,-0.7915287895687753,q_large,0.65,raw
subordinator_rate,0.021409090909090905,0.03209578839239856,0.7719228613619428,q_large,0.65,raw
function_rate,0.41070454545454554,0.3012263739085773,-1.7175506559609237,q_large,0.65,raw
connective_rate,0.0022045454545454547,0.002022727272727273,-0.037645160609041335,q_large,0.65,raw
hedge_rate,0.005136363636363637,0.005931818181818182,0.10831002997385135,q_large,0.65,raw
pron12_rate,0.03445454545454545,0.024846430405752438,-0.28103038500922917,q_large,0.65,raw
comma_rate,0.00885151835672495,0.004249107063418464,-0.9101540200708216,q_large,0.65,raw
punct_rate,0.022787652659291693,0.014989007039566671,-0.7538021051954988,q_large,0.65,raw
quote_rate,0.0065470334170690935,0.00394646185727374,-0.2721036439980002,q_large,0.65,raw
paren_rate,0.003145066705637204,0.0023583688995620607,-0.13410624250340475,q_large,0.65,raw
dash_rate,0.0019370889396235005,0.0017313311828998257,-0.08004534671667472,q_large,0.65,raw
digit_rate,0.009200646351463894,0.006229887526291497,-0.20347282509951606,q_large,0.65,raw
upper_rate,0.029397526337642296,0.021497684120380747,-0.4360951128818584,q_large,0.65,raw
linebreak_per_100w,1.8636363636363638,0.013636363636363636,-0.4413894241728492,q_large,0.65,raw
bullet_rate,0.1272727272727273,0.0022727272727272726,-0.20926486559133495,q_large,0.65,raw
question_rate,0.03097993569482633,0.07863241514247706,0.34683399919283653,q_large,0.65,raw
exclaim_rate,0.011341804864946093,0.1435834087223406,0.6770475625005997,q_large,0.65,raw
mean_log_rank,4.766066826635226,5.484766741392527,1.506308853693626,q_large,0.65,raw
rare_word_rate,0.08161363636363635,0.13427118644067795,0.8349224981780903,q_large,0.65,raw
ttr,-0.16376522978404862,0.19731838589488768,3.451390377760514,q_large,0.65,within_domain
hapax,-0.18409723400249034,0.2408579920279422,3.790580080430652,q_large,0.65,within_domain
top1_share,0.019629314927510362,-0.030953976954972626,-1.8677366797707553,q_large,0.65,within_domain
top10_share,0.096334105953237,-0.12036058449898909,-2.4086714668207168,q_large,0.65,within_domain
word_entropy,-0.43936915359742384,0.47684730706562034,2.680847693276891,q_large,0.65,within_domain
zipf_slope,-0.1702524013094277,0.2268147191031629,2.936663930692463,q_large,0.65,within_domain
content_ratio,-0.024432401887242616,0.07112887797219544,1.6372297896166212,q_large,0.65,within_domain
content_ttr,-0.19417418888184024,0.15628538991386054,2.7583325149292177,q_large,0.65,within_domain
bigram_repeat,0.17699652428552162,-0.09075975032446777,-1.9060635970171453,q_large,0.65,within_domain
trigram_repeat,0.14735565473568632,-0.05035921261561281,-1.3347611676447082,q_large,0.65,within_domain
mean_word_len,-0.20688984578073324,0.34172683163716483,1.4632027795275704,q_large,0.65,within_domain
long_word_rate,-0.017335188590528777,0.02458839427258987,0.8303169173199425,q_large,0.65,within_domain
mean_sent_len,1.531192428980924,5.59476405749823,0.19219185238001377,q_large,0.65,within_domain
sd_sent_len,-0.26390591264890473,6.277983754849922,0.4857831759746067,q_large,0.65,within_domain
sent_len_burst,-0.004268145173864164,0.09190585688212423,0.43105225303862754,q_large,0.65,within_domain
n_sents_per_100w,1.0551377977133252,-1.31980757430827,-0.9275230816427626,q_large,0.65,within_domain
subordinator_rate,-0.004169333014764669,0.0055016713052910594,0.7097690048359548,q_large,0.65,within_domain
function_rate,0.024432401887242633,-0.07112887797219541,-1.6372297896166208,q_large,0.65,within_domain
connective_rate,1.7751006188906538e-05,0.0002476309845841111,0.050008992121005506,q_large,0.65,within_domain
hedge_rate,-0.0005152572153764314,0.0016664950755560408,0.32277747888780034,q_large,0.65,within_domain
pron12_rate,0.005941361664559133,-0.0027035894706729257,-0.3020710243600537,q_large,0.65,within_domain
comma_rate,0.0011990316676564958,-0.003087013193980752,-0.8676462291511471,q_large,0.65,within_domain
punct_rate,0.0038819886547102824,-0.0040281543000264645,-0.8580399798190974,q_large,0.65,within_domain
quote_rate,0.002113052377559529,-0.0010783084361187724,-0.355649279535035,q_large,0.65,within_domain
paren_rate,0.0007091628148834811,6.831905672309806e-05,-0.11444255701100507,q_large,0.65,within_domain
dash_rate,0.00023704210782905932,0.00013059440121272392,-0.04474965866497329,q_large,0.65,within_domain
digit_rate,0.0035772130947513965,-0.00030724063965008823,-0.27950979693548256,q_large,0.65,within_domain
upper_rate,0.0068181635086342444,-0.0034749500137724186,-0.6311947291778537,q_large,0.65,within_domain
linebreak_per_100w,0.6358043197987289,-0.031000625190362455,-0.19174956320404093,q_large,0.65,within_domain
bullet_rate,0.013279511130755014,-0.003560394501334621,-0.0301054037150155,q_large,0.65,within_domain
question_rate,-0.006017572487803698,0.039485929441458775,0.3485418345069798,q_large,0.65,within_domain
exclaim_rate,-0.020882610389956695,0.09300425997869795,0.6301912760024201,q_large,0.65,within_domain
mean_log_rank,-0.18866195456781973,0.4198418369386645,1.427076271739886,q_large,0.65,within_domain
rare_word_rate,-0.024764032748686403,0.01789701805111812,0.7734464373412905,q_large,0.65,within_domain
ttr,0.43222727272727274,0.8233054699537751,4.332575413563044,q_large,0.7,raw
hapax,0.25688636363636363,0.7248651771956856,4.772629609790541,q_large,0.7,raw
top1_share,0.08597727272727272,0.032681176168464304,-2.0452580864084084,q_large,0.7,raw
top10_share,0.39554545454545453,0.1671601181304571,-2.8027369877667776,q_large,0.7,raw
word_entropy,4.111281180885365,5.078417221677219,3.191738949937339,q_large,0.7,raw
zipf_slope,-0.7203628952809725,-0.28632735820737926,3.5378684492460453,q_large,0.7,raw
content_ratio,0.5945454545454545,0.6986599897277864,1.6209580354945754,q_large,0.7,raw
content_ttr,0.5572550600947372,0.9317906780516131,3.333578824680694,q_large,0.7,raw
bigram_repeat,0.275,0.008572799916978024,-2.0857970993657493,q_large,0.7,raw
trigram_repeat,0.18543577981651374,0.0008256880733944921,-1.3582760502334759,q_large,0.7,raw
mean_word_len,4.628863636363636,5.07472508988187,0.7965223168204556,q_large,0.7,raw
long_word_rate,0.15113636363636362,0.1714958911145352,0.2510373058836386,q_large,0.7,raw
mean_sent_len,22.93940779022533,29.073883568272112,0.3111035584451138,q_large,0.7,raw
sd_sent_len,10.658221099736041,18.338835877216717,0.5860074846081942,q_large,0.7,raw
sent_len_burst,0.4915662848325277,0.6103370587411693,0.5117535377580604,q_large,0.7,raw
n_sents_per_100w,6.293181818181818,4.0942218798151,-0.7702116565890982,q_large,0.7,raw
subordinator_rate,0.021568181818181816,0.03214124293785311,0.7836493127480914,q_large,0.7,raw
function_rate,0.40545454545454546,0.3013400102722137,-1.6209580354945727,q_large,0.7,raw
connective_rate,0.002545454545454545,0.0019545454545454545,-0.12036093325375666,q_large,0.7,raw
hedge_rate,0.005318181818181817,0.005818181818181818,0.06937723597498954,q_large,0.7,raw
pron12_rate,0.031045454545454546,0.024960066769388806,-0.18049672129696698,q_large,0.7,raw
comma_rate,0.00860353876829908,0.004237526764005644,-0.8643924217117115,q_large,0.7,raw
punct_rate,0.02229836903076465,0.015042713022175308,-0.7075300259533958,q_large,0.7,raw
quote_rate,0.006294255772027599,0.004041655942017126,-0.23790600716990204,q_large,0.7,raw
paren_rate,0.003187868069715177,0.002372245133725462,-0.14043391369218933,q_large,0.7,raw
dash_rate,0.002239807050103368,0.001733954453714406,-0.175364001707218,q_large,0.7,raw
digit_rate,0.009256761176860527,0.006231784601966027,-0.20628053307464944,q_large,0.7,raw
upper_rate,0.030039979868078444,0.021510257041487114,-0.46573146288579725,q_large,0.7,raw
linebreak_per_100w,1.9795454545454545,0.013636363636363636,-0.47357338656101794,q_large,0.7,raw
bullet_rate,0.21136363636363636,0.0022727272727272726,-0.24914343770618266,q_large,0.7,raw
question_rate,0.029042621375159068,0.07815622466628658,0.35951093890098346,q_large,0.7,raw
exclaim_rate,0.008101064124205352,0.14592467856361047,0.7108440550241629,q_large,0.7,raw
mean_log_rank,4.810848494497264,5.483614978806303,1.372253346044762,q_large,0.7,raw
rare_word_rate,0.08802272727272725,0.13461209553158707,0.7264135063387372,q_large,0.7,raw
ttr,-0.14586862293265146,0.19695604724868537,3.3902273603860986,q_large,0.7,within_domain
hapax,-0.1667051117513831,0.24034422087485283,3.664599969653927,q_large,0.7,within_domain
top1_share,0.017092009148741757,-0.030849523614752242,-1.799989086713813,q_large,0.7,within_domain
top10_share,0.08371250995583239,-0.12021702709048852,-2.3613790666424235,q_large,0.7,within_domain
word_entropy,-0.38553795561765625,0.47618323905736276,2.6541204422354365,q_large,0.7,within_domain
zipf_slope,-0.151131502092544,0.2264898577807423,2.8662918385358034,q_large,0.7,within_domain
content_ratio,-0.020241600095698534,0.07108746526558388,1.5439500516713964,q_large,0.7,within_domain
content_ttr,-0.17434587372185573,0.1562451470261151,2.7845616394921717,q_large,0.7,within_domain
bigram_repeat,0.15735564643416036,-0.0906511955991322,-1.9194312473058917,q_large,0.7,within_domain
trigram_repeat,0.13082016999830062,-0.050346261222586876,-1.3440446911767676,q_large,0.7,within_domain
mean_word_len,-0.18260809790815727,0.3373061136619583,1.3729478337806338,q_large,0.7,within_domain
long_word_rate,-0.014873758632371831,0.023896279332605613,0.7527404488282429,q_large,0.7,within_domain
mean_sent_len,0.1094162434033624,5.573598270607381,0.2969695942585298,q_large,0.7,within_domain
sd_sent_len,-0.567631105158971,6.22832646066318,0.522887975579819,q_large,0.7,within_domain
sent_len_burst,-0.0013979554348704484,0.09065222645682278,0.4104064327995857,q_large,0.7,within_domain
n_sents_per_100w,1.039148168541739,-1.3124845838517567,-0.9469482489801356,q_large,0.7,within_domain
subordinator_rate,-0.0036633015583470395,0.005570592743701135,0.6937246514515111,q_large,0.7,within_domain
function_rate,0.02024160009569855,-0.07108746526558385,-1.5439500516713962,q_large,0.7,within_domain
connective_rate,0.0001431094323119879,0.00018775261484778687,0.009616996412617308,q_large,0.7,within_domain
hedge_rate,-0.0004446275012899488,0.0015657183144383708,0.302788106409978,q_large,0.7,within_domain
pron12_rate,0.004746457535633139,-0.00267530852813062,-0.26293986274870257,q_large,0.7,within_domain
comma_rate,0.0010068343631098654,-0.003091792588299709,-0.8282534947610543,q_large,0.7,within_domain
punct_rate,0.0038415014505724177,-0.004018316348874267,-0.8554514799922673,q_large,0.7,within_domain
quote_rate,0.0021280296711497847,-0.001003537982675226,-0.3537999186597756,q_large,0.7,within_domain
paren_rate,0.0007389928387018718,7.135223430397545e-05,-0.12049481803718108,q_large,0.7,within_domain
dash_rate,0.00041462147666508463,0.00013761088958668291,-0.10205089556319576,q_large,0.7,within_domain
digit_rate,0.0036274676185298164,-0.00027505928758702366,-0.2797319287445413,q_large,0.7,within_domain
upper_rate,0.007511500726834271,-0.00343341148146872,-0.6663119274929563,q_large,0.7,within_domain
linebreak_per_100w,0.5835505582552216,-0.031000625190362455,-0.17623843504511538,q_large,0.7,within_domain
bullet_rate,0.06449114231246239,-0.0035376672286073483,-0.08741923117137261,q_large,0.7,within_domain
question_rate,-0.0051368613669991745,0.038786690501951104,0.3381263042809956,q_large,0.7,within_domain
exclaim_rate,-0.019943080754077348,0.09471262627098692,0.6402634357868014,q_large,0.7,within_domain
mean_log_rank,-0.14963922660747625,0.41925005005563615,1.2976398305291272,q_large,0.7,within_domain
rare_word_rate,-0.019050270209034107,0.018318308266584475,0.6717101411227941,q_large,0.7,within_domain
ttr,0.4480227272727273,0.8150781972265022,3.930412937618291,q_large,0.75,raw
hapax,0.2698409090909091,0.715546995377504,4.237571210649951,q_large,0.75,raw
top1_share,0.08224999999999999,0.03590844889573703,-1.6606169692322312,q_large,0.75,raw
top10_share,0.3813636363636364,0.1735919363122753,-2.589510829836851,q_large,0.75,raw
word_entropy,4.170094769604889,5.053356951681217,2.998113600682966,q_large,0.75,raw
zipf_slope,-0.7047202995100171,-0.2951425517126244,3.3068352966476815,q_large,0.75,raw
content_ratio,0.5970454545454545,0.6993190806368772,1.5640977883904243,q_large,0.75,raw
content_ttr,0.5771606750835739,0.9224341839682014,3.12611632469027,q_large,0.75,raw
bigram_repeat,0.2521004566210046,0.012339923204649255,-2.095192722661782,q_large,0.75,raw
trigram_repeat,0.163348623853211,0.002224770642201832,-1.353935041174179,q_large,0.75,raw
mean_word_len,4.6673409090909095,5.070611453518232,0.7132768401318061,q_large,0.75,raw
long_word_rate,0.15706818181818183,0.17276861838726248,0.19390942001903197,q_large,0.75,raw
mean_sent_len,21.661847408950138,29.583752310640858,0.4814899387863863,q_large,0.75,raw
sd_sent_len,10.199648784169646,18.76584857310123,0.692633991223391,q_large,0.75,raw
sent_len_burst,0.4873625637651377,0.6146523312289198,0.5574410382981354,q_large,0.75,raw
n_sents_per_100w,6.131818181818183,4.060130970724191,-0.7679324838761917,q_large,0.75,raw
subordinator_rate,0.02243181818181818,0.03207306111967129,0.7066159715283806,q_large,0.75,raw
function_rate,0.40295454545454545,0.3006809193631228,-1.5640977883904243,q_large,0.75,raw
connective_rate,0.0021590909090909087,0.002068181818181818,-0.02412774233978459,q_large,0.75,raw
hedge_rate,0.005340909090909091,0.005613636363636363,0.038181552581593343,q_large,0.75,raw
pron12_rate,0.029795454545454545,0.02434643040575244,-0.16604463190629626,q_large,0.75,raw
comma_rate,0.008532640848527182,0.0045280349134628126,-0.7923010967031938,q_large,0.75,raw
punct_rate,0.021644541311610244,0.015268154956040334,-0.6266074631193816,q_large,0.75,raw
quote_rate,0.005908133294978282,0.0040117434703060275,-0.21147646363707848,q_large,0.75,raw
paren_rate,0.002759743255809401,0.002334791458573226,-0.08982325681263413,q_large,0.75,raw
dash_rate,0.002243867061976872,0.0019551026710450843,-0.08629031262224036,q_large,0.75,raw
digit_rate,0.00907436431049206,0.006361878985670013,-0.1904979115061708,q_large,0.75,raw
upper_rate,0.029148621987370497,0.021349442817144945,-0.43027570256818826,q_large,0.75,raw
linebreak_per_100w,2.397727272727273,0.013636363636363636,-0.42522295779346914,q_large,0.75,raw
bullet_rate,0.19318181818181818,0.0022727272727272726,-0.2368160922216719,q_large,0.75,raw
question_rate,0.03149500232754002,0.07554312139528857,0.3208022708547141,q_large,0.75,raw
exclaim_rate,0.006053394076994301,0.14296671547406842,0.7126225925693696,q_large,0.75,raw
mean_log_rank,4.829563553888502,5.4859571014189665,1.3147866359790517,q_large,0.75,raw
rare_word_rate,0.09020454545454547,0.1341575500770416,0.688739121332736,q_large,0.75,raw
ttr,-0.12999098118150382,0.18915227260947934,3.178405133997146,q_large,0.75,within_domain
hapax,-0.15374088682708306,0.2316405312255252,3.3979367318106912,q_large,0.75,within_domain
top1_share,0.01346201665453954,-0.027625377817472648,-1.4618680377361426,q_large,0.75,within_domain
top10_share,0.0694196613138518,-0.11384540842435115,-2.1878485666317866,q_large,0.75,within_domain
word_entropy,-0.32646362425840636,0.4516127466343771,2.5126024364928314,q_large,0.75,within_domain
zipf_slope,-0.13530813944316197,0.21812378909894556,2.7134326922389196,q_large,0.75,within_domain
content_ratio,-0.017994679896743165,0.07158798942487714,1.4853954113664471,q_large,0.75,within_domain
content_ttr,-0.1541848359739868,0.14742034488969188,2.654127087159641,q_large,0.75,within_domain
bigram_repeat,0.13439852717132475,-0.08668611629309918,-1.9212268732448925,q_large,0.75,within_domain
trigram_repeat,0.10859354945052652,-0.048560599221135314,-1.3343140235746909,q_large,0.75,within_domain
mean_word_len,-0.14976082288156908,0.32412738532659024,1.1888267130363737,q_large,0.75,within_domain
long_word_rate,-0.00995904984023963,0.023794593891693694,0.6448468088869339,q_large,0.75,within_domain
mean_sent_len,-1.193843572768908,5.9806216519067,0.4695784729644303,q_large,0.75,within_domain
sd_sent_len,-1.0655789717813444,6.647254234208767,0.628450710994312,q_large,0.75,within_domain
sent_len_burst,-0.005364173788448078,0.09629915990599663,0.4602830051188595,q_large,0.75,within_domain
n_sents_per_100w,0.9015061970519389,-1.3228814107292481,-0.9504858900917442,q_large,0.75,within_domain
subordinator_rate,-0.0028182210297184717,0.005476664449041362,0.6200895894049552,q_large,0.75,within_domain
function_rate,0.017994679896743193,-0.0715879894248771,-1.485395411366447,q_large,0.75,within_domain
connective_rate,-0.00023532937866360733,0.00026824621586680477,0.14366360316515658,q_large,0.75,within_domain
hedge_rate,-0.00042611631998963726,0.0013101293964327143,0.26523867287374664,q_large,0.75,within_domain
pron12_rate,0.004000298477884251,-0.0028053082790766353,-0.25073905416007863,q_large,0.75,within_domain
comma_rate,0.0008968878701368828,-0.002814890138395394,-0.7498567033186188,q_large,0.75,within_domain
punct_rate,0.0032427449461587625,-0.003716267370496883,-0.7581262433892905,q_large,0.75,within_domain
quote_rate,0.0017692762549452396,-0.0009552902534086885,-0.3282656762236987,q_large,0.75,within_domain
paren_rate,0.0002531807615433364,5.053860406464895e-05,-0.045281155677472096,q_large,0.75,within_domain
dash_rate,0.00040917861396125397,0.00035952603479675607,-0.015403558480353078,q_large,0.75,within_domain
digit_rate,0.003296699868422346,-0.00020660210343238425,-0.2612572394812059,q_large,0.75,within_domain
upper_rate,0.006579895111816892,-0.003586853520286016,-0.6307032256863698,q_large,0.75,within_domain
linebreak_per_100w,1.0202187906534834,-0.043166059755797015,-0.21597235260079156,q_large,0.75,within_domain
bullet_rate,0.06455867030035278,-0.004096508387448508,-0.09175484376175262,q_large,0.75,within_domain
question_rate,-0.002318589816710521,0.036860432008002694,0.29966398584398796,q_large,0.75,within_domain
exclaim_rate,-0.02145801410498727,0.09259808173037523,0.645167545189025,q_large,0.75,within_domain
mean_log_rank,-0.13552006465345479,0.4205694396132253,1.252347577129711,q_large,0.75,within_domain
rare_word_rate,-0.017655058857119488,0.017843989001403843,0.6451682125131711,q_large,0.75,within_domain
ttr,0.46475,0.7820781972265024,2.8133424646024667,q_large,0.8,raw
hapax,0.28475,0.6778197226502312,2.9842230254049245,q_large,0.8,raw
top1_share,0.08024999999999999,0.04063572162300975,-1.3371698121164148,q_large,0.8,raw
top10_share,0.36725,0.19547829994863897,-2.06270466302967,q_large,0.8,raw
word_entropy,4.2269424571771195,4.970123228689467,2.358154349731178,q_large,0.8,raw
zipf_slope,-0.6855715095545,-0.33349695424612635,2.5562385424866902,q_large,0.8,raw
content_ratio,0.6019090909090908,0.6851145351823318,1.1845253874908834,q_large,0.8,raw
content_ttr,0.5973322122351646,0.8991229191518463,2.613047502540216,q_large,0.8,raw
bigram_repeat,0.22728310502283108,0.024326224574512268,-1.9150733256395964,q_large,0.8,raw
trigram_repeat,0.13889908256880734,0.008004587155963298,-1.2621021278957372,q_large,0.8,raw
mean_word_len,4.740272727272727,4.990202362609142,0.42801343675278186,q_large,0.8,raw
long_word_rate,0.1665681818181818,0.16635952747817154,-0.0025627350268804137,q_large,0.8,raw
mean_sent_len,21.663871474490335,28.95164850758117,0.4516195096256752,q_large,0.8,raw
sd_sent_len,10.072232323002032,18.35412723364318,0.700627175960149,q_large,0.8,raw
sent_len_burst,0.4885322457204719,0.6141799341882509,0.5431880035215865,q_large,0.8,raw
n_sents_per_100w,5.831818181818182,4.223767334360555,-0.6558150140410904,q_large,0.8,raw
subordinator_rate,0.021840909090909095,0.03125487930148947,0.69790568024994,q_large,0.8,raw
function_rate,0.3980909090909091,0.3148854648176682,-1.184525387490883,q_large,0.8,raw
connective_rate,0.0021590909090909087,0.002045454545454545,-0.03210224473518638,q_large,0.8,raw
hedge_rate,0.0055681818181818185,0.005545454545454545,-0.0031123260803021706,q_large,0.8,raw
pron12_rate,0.026318181818181817,0.02511915767847971,-0.03890692824034133,q_large,0.8,raw
comma_rate,0.008629613842802199,0.00511254803767912,-0.6996842269962368,q_large,0.8,raw
punct_rate,0.020997994959817242,0.016259379390098493,-0.485429875198017,q_large,0.8,raw
quote_rate,0.005225682955851503,0.0039338062739450305,-0.15970483561073653,q_large,0.8,raw
paren_rate,0.0025816152605881593,0.002221730731748125,-0.08505468433104685,q_large,0.8,raw
dash_rate,0.002438966053382972,0.0019472597379349102,-0.14719195333289178,q_large,0.8,raw
digit_rate,0.008262938363642607,0.006235460531315451,-0.15180138094947032,q_large,0.8,raw
upper_rate,0.0293200536348164,0.021782408833518375,-0.42383759330153825,q_large,0.8,raw
linebreak_per_100w,2.743181818181818,0.05909090909090909,-0.4680774235752121,q_large,0.8,raw
bullet_rate,0.24772727272727274,0.0022727272727272726,-0.28265962004590267,q_large,0.8,raw
question_rate,0.030264232649189694,0.07204414733013804,0.31083614721575165,q_large,0.8,raw
exclaim_rate,0.006641272864873089,0.1363945694828048,0.6718954123605565,q_large,0.8,raw
mean_log_rank,4.865951485216928,5.396922060911506,1.0436928308186055,q_large,0.8,raw
rare_word_rate,0.09581818181818182,0.12958936825885978,0.5605642864006543,q_large,0.8,raw
ttr,-0.10993747485513626,0.16175125393546025,2.3980206737206604,q_large,0.8,within_domain
hapax,-0.13467237509440405,0.2011774361901776,2.546832642422508,q_large,0.8,within_domain
top1_share,0.010511121749547348,-0.023243132693477945,-1.1479636343730728,q_large,0.8,within_domain
top10_share,0.05327437804521299,-0.09484353239396558,-1.7670812094529678,q_large,0.8,within_domain
word_entropy,-0.26149501352981586,0.3797826189847218,2.013348679703378,q_large,0.8,within_domain
zipf_slope,-0.11242045153414143,0.18625541758510822,2.1728346491546944,q_large,0.8,within_domain
content_ratio,-0.014643441556828169,0.06198134067994239,1.1920674973592067,q_large,0.8,within_domain
content_ttr,-0.13004678792527588,0.1260818518600306,2.2126000840386912,q_large,0.8,within_domain
bigram_repeat,0.10768988578473715,-0.07439776894689892,-1.7019209832113662,q_large,0.8,within_domain
trigram_repeat,0.08368631793470162,-0.04134955555830116,-1.2105580648412506,q_large,0.8,within_domain
mean_word_len,-0.11926782897322885,0.27253380539720296,0.9136071886697995,q_large,0.8,within_domain
long_word_rate,-0.007041153935949196,0.02035101848503805,0.5056124896803911,q_large,0.8,within_domain
mean_sent_len,-1.576568552627811,5.7699021629231675,0.49245663943101003,q_large,0.8,within_domain
sd_sent_len,-1.2498431692341894,6.383887226669344,0.6530469368741643,q_large,0.8,within_domain
sent_len_burst,0.0009441349630433677,0.0935018157230226,0.4112092886648368,q_large,0.8,within_domain
n_sents_per_100w,0.7172545657544248,-1.2181557286074574,-0.9072161390659056,q_large,0.8,within_domain
subordinator_rate,-0.0030693251084371246,0.004631464433939333,0.578899851639256,q_large,0.8,within_domain
function_rate,0.014643441556828196,-0.06198134067994236,-1.1920674973592067,q_large,0.8,within_domain
connective_rate,-0.00034340823850801836,0.00021585558701241146,0.16907107954953057,q_large,0.8,within_domain
hedge_rate,-0.0002956904485828354,0.0011278636855083415,0.20950005490458973,q_large,0.8,within_domain
pron12_rate,0.0017807886184197446,-0.0033426339611685113,-0.20267658390919627,q_large,0.8,within_domain
comma_rate,0.0009707916528040644,-0.0024739071909138893,-0.7078191190075617,q_large,0.8,within_domain
punct_rate,0.0029238895880325864,-0.003103980058193708,-0.6897907970510432,q_large,0.8,within_domain
quote_rate,0.001389545801879497,-0.0011066804912579133,-0.33402562683610754,q_large,0.8,within_domain
paren_rate,-9.280957446104397e-06,3.708636401064758e-05,0.011701584139485214,q_large,0.8,within_domain
dash_rate,0.0005034625550760245,0.00040964617199182866,-0.029068464745282206,q_large,0.8,within_domain
digit_rate,0.0022401815943867216,-0.0002769563077488416,-0.19867537654089631,q_large,0.8,within_domain
upper_rate,0.006692161409326829,-0.0031142303230268327,-0.6178020512054964,q_large,0.8,within_domain
linebreak_per_100w,1.1843924260591607,-0.17256516380595244,-0.2692527054573507,q_large,0.8,within_domain
bullet_rate,0.09108004089864602,-0.008461893269589064,-0.12385342548950333,q_large,0.8,within_domain
question_rate,-0.0009623778550809947,0.03179054566739191,0.253234954741447,q_large,0.8,within_domain
exclaim_rate,-0.016197618732401605,0.08474100021389416,0.5647682539443584,q_large,0.8,within_domain
mean_log_rank,-0.1090355261651683,0.3541096402054984,1.0250234428024085,q_large,0.8,within_domain
rare_word_rate,-0.013328599738857763,0.013071708162843169,0.5061511432220522,q_large,0.8,within_domain
ttr,0.4771928811928812,0.7249872881355932,1.8702849360113896,q_large,0.85,raw
hapax,0.2968914141414141,0.6080015408320493,1.9714584509903252,q_large,0.85,raw
top1_share,0.0784575517075517,0.050794812532100664,-0.8415709988496703,q_large,0.85,raw
top10_share,0.3592016594516595,0.23025102722136623,-1.3755581448724725,q_large,0.85,raw
word_entropy,4.262270278681477,4.832144807944397,1.6006768379115852,q_large,0.85,raw
zipf_slope,-0.6750758836536914,-0.39742995983474816,1.7924064659854122,q_large,0.85,raw
content_ratio,0.6036481481481482,0.6658190806368773,0.836767051552705,q_large,0.85,raw
content_ttr,0.6110742020891315,0.8560997714296039,1.871819407078285,q_large,0.85,raw
bigram_repeat,0.21372121830370155,0.045102480282274815,-1.5260348606171024,q_large,0.85,raw
trigram_repeat,0.1282836187018594,0.016674311926605498,-1.0893779760812272,q_large,0.85,raw
mean_word_len,4.746344516594516,4.875020544427324,0.21430818380432318,q_large,0.85,raw
long_word_rate,0.1664568302068302,0.15729134565998973,-0.11227254547694321,q_large,0.85,raw
mean_sent_len,20.28058172012705,28.695556226539196,0.5319146708676437,q_large,0.85,raw
sd_sent_len,9.85618069934801,17.405365858285,0.6321551619870891,q_large,0.85,raw
sent_len_burst,0.48330545160918026,0.5999449493304297,0.4972414124186499,q_large,0.85,raw
n_sents_per_100w,5.881746031746032,4.47831278890601,-0.5665542174329207,q_large,0.85,raw
subordinator_rate,0.021666546416546417,0.029550333846944013,0.5621983920902186,q_large,0.85,raw
function_rate,0.39635185185185184,0.3341809193631228,-0.8367670515527036,q_large,0.85,raw
connective_rate,0.0024165464165464166,0.002022727272727273,-0.10754993980043369,q_large,0.85,raw
hedge_rate,0.005545454545454545,0.005159090909090908,-0.05395770025550425,q_large,0.85,raw
pron12_rate,0.026810365560365562,0.026164612223934257,-0.019521875170899792,q_large,0.85,raw
comma_rate,0.008514449795304966,0.006242364331004815,-0.4365437755696724,q_large,0.85,raw
punct_rate,0.020960163485701365,0.017790927391569768,-0.3262401143388636,q_large,0.85,raw
quote_rate,0.005177834650958295,0.004226812817370643,-0.11761740450046426,q_large,0.85,raw
paren_rate,0.0028541277806223325,0.0019706346262477682,-0.18512068201934703,q_large,0.85,raw
dash_rate,0.002396099109507838,0.001809304658238253,-0.18452854438968286,q_large,0.85,raw
digit_rate,0.008411668472518778,0.006077615587538012,-0.1732435535121339,q_large,0.85,raw
upper_rate,0.028790029540865403,0.022595588400397038,-0.3596587712479366,q_large,0.85,raw
linebreak_per_100w,2.4477272727272728,0.19545454545454546,-0.49771604946574605,q_large,0.85,raw
bullet_rate,0.2613636363636364,0.0,-0.2899810075559956,q_large,0.85,raw
question_rate,0.025664415799372845,0.06596784046706647,0.32760474480728363,q_large,0.85,raw
exclaim_rate,0.007553971277571501,0.12478039729877963,0.5801006495292917,q_large,0.85,raw
mean_log_rank,4.878434395180688,5.294227369842686,0.8038656798136034,q_large,0.85,raw
rare_word_rate,0.0969035594035594,0.13095300462249615,0.5772499857877467,q_large,0.85,raw
ttr,-0.09766269104621961,0.11515990799430569,1.64164677358052,q_large,0.85,within_domain
hapax,-0.12227731445316546,0.14558482500570316,1.7517571730888286,q_large,0.85,within_domain
top1_share,0.009130309507353409,-0.013757064793566759,-0.7061429857398396,q_large,0.85,within_domain
top10_share,0.045718799496475365,-0.06440304524706315,-1.1820525951977325,q_large,0.85,within_domain
word_entropy,-0.22810430036125937,0.2620172811463318,1.3874157225480752,q_large,0.85,within_domain
zipf_slope,-0.10209449153768776,0.13408904637459523,1.5583828392641328,q_large,0.85,within_domain
content_ratio,-0.01292433037296487,0.04935545559705843,0.9205573438812986,q_large,0.85,within_domain
content_ttr,-0.11692888549106302,0.08934276049242694,1.6077462017917261,q_large,0.85,within_domain
bigram_repeat,0.09512772791433756,-0.05459651318096012,-1.3546139774828252,q_large,0.85,within_domain
trigram_repeat,0.07364721504357091,-0.031379913927995995,-1.0328400044138684,q_large,0.85,within_domain
mean_word_len,-0.11046041674804112,0.20528057597564575,0.7122303480100755,q_large,0.85,within_domain
long_word_rate,-0.00668031110531357,0.016244755495229406,0.4173210673976458,q_large,0.85,within_domain
mean_sent_len,-2.709566057722294,6.072612197008629,0.6030320910415907,q_large,0.85,within_domain
sd_sent_len,-1.3558278410004498,5.713093168883757,0.599808043312452,q_large,0.85,within_domain
sent_len_burst,-0.003084106965949859,0.07798672030659747,0.3555202245943293,q_large,0.85,within_domain
n_sents_per_100w,0.7331588693634423,-1.0113748549033479,-0.8098196485714317,q_large,0.85,within_domain
subordinator_rate,-0.003256126573451753,0.0029007075919618053,0.45270069450111533,q_large,0.85,within_domain
function_rate,0.01292433037296489,-0.04935545559705841,-0.9205573438812986,q_large,0.85,within_domain
connective_rate,-0.00012244417333258357,0.00021980204882906417,0.10188953096435327,q_large,0.85,within_domain
hedge_rate,-0.00022856837184673253,0.0005331683934555937,0.11376201535348485,q_large,0.85,within_domain
pron12_rate,0.0020027999471952593,-0.0033490471768602248,-0.19911975878609423,q_large,0.85,within_domain
comma_rate,0.000861717363508609,-0.001646935390415797,-0.5035198145388549,q_large,0.85,within_domain
punct_rate,0.0028689365824459247,-0.0019344149627443285,-0.552407707881821,q_large,0.85,within_domain
quote_rate,0.0013195048303574475,-0.001050952357235015,-0.3189450417801081,q_large,0.85,within_domain
paren_rate,0.0003401647657117836,-5.1870039713593386e-05,-0.08721805312386621,q_large,0.85,within_domain
dash_rate,0.0004772430388596389,0.00031622642320631436,-0.05264800641627729,q_large,0.85,within_domain
digit_rate,0.002439011121451137,-0.00023969224289196585,-0.21099242804396975,q_large,0.85,within_domain
upper_rate,0.006090096602404884,-0.0022334112151206464,-0.546919288324895,q_large,0.85,within_domain
linebreak_per_100w,0.8479204267137247,-0.22115352291481588,-0.2826232607054321,q_large,0.85,within_domain
bullet_rate,0.10430346925402505,-0.015641539417220112,-0.14416810323627793,q_large,0.85,within_domain
question_rate,-0.005119672320488514,0.02378702357159784,0.24736756763269183,q_large,0.85,within_domain
exclaim_rate,-0.016049606135835334,0.07594331313054956,0.4919329866482948,q_large,0.85,within_domain
mean_log_rank,-0.09776528128823578,0.28414596930475233,0.8413163523265547,q_large,0.85,within_domain
rare_word_rate,-0.012499673147494965,0.013861315501296358,0.5214164535245077,q_large,0.85,within_domain
ttr,0.49787469937469936,0.665055469953775,1.182138347790701,q_large,0.9,raw
hapax,0.3207777777777778,0.535478813559322,1.2777085602306137,q_large,0.9,raw
top1_share,0.07627573352573352,0.05890844889573703,-0.5327408925071303,q_large,0.9,raw
top10_share,0.3482016594516594,0.2657964817668207,-0.8317847953879094,q_large,0.9,raw
word_entropy,4.31651922204785,4.686822903390214,0.9666711901333276,q_large,0.9,raw
zipf_slope,-0.6556353296207407,-0.46502214234264616,1.151616412673072,q_large,0.9,raw
content_ratio,0.6078299663299663,0.6415690806368772,0.42764264994475215,q_large,0.9,raw
content_ttr,0.6339567272609838,0.8077641137677852,1.2345908923730857,q_large,0.9,raw
bigram_repeat,0.1905020402215098,0.0724084163553342,-0.9848618157626262,q_large,0.9,raw
trigram_repeat,0.10738912328901534,0.032133027522935766,-0.6890869773128082,q_large,0.9,raw
mean_word_len,4.769253607503607,4.760361453518232,-0.01480100678215519,q_large,0.9,raw
long_word_rate,0.1678659211159211,0.14926861838726246,-0.23102388349321254,q_large,0.9,raw
mean_sent_len,20.452200016165953,27.315409014864528,0.4200637175981479,q_large,0.9,raw
sd_sent_len,9.703750636947738,16.36054225547992,0.5601110470893074,q_large,0.9,raw
sent_len_burst,0.47758949280763313,0.5879100832759306,0.4964303130904368,q_large,0.9,raw
n_sents_per_100w,5.693109668109669,4.805585516178737,-0.3929320876363689,q_large,0.9,raw
subordinator_rate,0.022689273689273693,0.028300333846944015,0.39021749317110305,q_large,0.9,raw
function_rate,0.39217003367003367,0.35843091936312277,-0.42764264994475226,q_large,0.9,raw
connective_rate,0.00228018278018278,0.0018181818181818182,-0.1322479381258534,q_large,0.9,raw
hedge_rate,0.005863636363636364,0.004909090909090909,-0.1335627494074276,q_large,0.9,raw
pron12_rate,0.026605820105820105,0.03036915767847971,0.1077458391170856,q_large,0.9,raw
comma_rate,0.00849021873507112,0.00721465798302686,-0.2445207435450633,q_large,0.9,raw
punct_rate,0.020432201260451876,0.01910663442183089,-0.1436143265233838,q_large,0.9,raw
quote_rate,0.004698266476662676,0.004229669658676644,-0.0716673328195762,q_large,0.9,raw
paren_rate,0.002908820261588932,0.001768999123658312,-0.2565800818228176,q_large,0.9,raw
dash_rate,0.002382178892248083,0.0016932328964261911,-0.21533752763335415,q_large,0.9,raw
digit_rate,0.008130944032444845,0.0056409208532443265,-0.18922487248359182,q_large,0.9,raw
upper_rate,0.027800816555167796,0.02312475865322204,-0.2921596335276362,q_large,0.9,raw
linebreak_per_100w,2.2204545454545452,0.4295454545454545,-0.39823117103283895,q_large,0.9,raw
bullet_rate,0.34090909090909094,0.0,-0.32227660936473895,q_large,0.9,raw
question_rate,0.025261076903950824,0.05990929214628569,0.28772008046273806,q_large,0.9,raw
exclaim_rate,0.009131342487921435,0.11402086872965356,0.5387378443964487,q_large,0.9,raw
mean_log_rank,4.905221438115583,5.162097313460806,0.47010229351400346,q_large,0.9,raw
rare_word_rate,0.09985810485810485,0.12747573189522343,0.4167036731123677,q_large,0.9,raw
ttr,-0.07499138186928973,0.059923064133094436,0.9812969340317342,q_large,0.9,within_domain
hapax,-0.09535771381915766,0.07958282655440194,1.0809948251721364,q_large,0.9,within_domain
top1_share,0.007076150282378251,-0.006073630437288706,-0.40643110470583405,q_large,0.9,within_domain
top10_share,0.03436294527033694,-0.03099625667958134,-0.6667914705732508,q_large,0.9,within_domain
word_entropy,-0.17098271794147815,0.1250766631914566,0.7836233937457715,q_large,0.9,within_domain
zipf_slope,-0.08046772440217331,0.07201087458056793,0.9491838709613903,q_large,0.9,within_domain
content_ratio,-0.007365387126615125,0.028920762614854413,0.510984828852244,q_large,0.9,within_domain
content_ttr,-0.09249328769311357,0.04222640063937007,0.9790860552544121,q_large,0.9,within_domain
bigram_repeat,0.07144117149076198,-0.026002757382584285,-0.8157669373288475,q_large,0.9,within_domain
trigram_repeat,0.05265605442584571,-0.013375954799399825,-0.6080945841913288,q_large,0.9,within_domain
mean_word_len,-0.08751667685261756,0.113260230421384,0.45293534807379165,q_large,0.9,within_domain
long_word_rate,-0.0054777682771137755,0.009845606534979505,0.27904565450766067,q_large,0.9,within_domain
mean_sent_len,-2.779129640630595,5.064807731953284,0.5162482412864742,q_large,0.9,within_domain
sd_sent_len,-1.5580585948244419,4.800743754125154,0.5445792925445038,q_large,0.9,within_domain
sent_len_burst,-0.0072503661706133675,0.0640654699267491,0.3333795938011983,q_large,0.9,within_domain
n_sents_per_100w,0.6017745725612064,-0.7201179547725921,-0.6683128296634521,q_large,0.9,within_domain
subordinator_rate,-0.002370721100623757,0.0018417354567638214,0.3003131380650304,q_large,0.9,within_domain
function_rate,0.00736538712661514,-0.028920762614854403,-0.5109848288522442,q_large,0.9,within_domain
connective_rate,-0.00030195742315091074,3.0378785800387748e-05,0.10503884040851079,q_large,0.9,within_domain
hedge_rate,-8.469168990556033e-05,0.000303112548680841,0.05812487772553411,q_large,0.9,within_domain
pron12_rate,0.001564714874573122,-0.00025287820605928747,-0.06551701713002031,q_large,0.9,within_domain
comma_rate,0.0007843203224032865,-0.0007687539654033049,-0.3116704869119872,q_large,0.9,within_domain
punct_rate,0.0024465306797941764,-0.0008540102096241706,-0.40473693407660216,q_large,0.9,within_domain
quote_rate,0.0008761633564085746,-0.0010094818593476774,-0.3227965030834365,q_large,0.9,within_domain
paren_rate,0.00045889617517929813,-0.00016951811348343544,-0.15227321712435707,q_large,0.9,within_domain
dash_rate,0.00048356808568434994,0.00019409213694844974,-0.09476209057633729,q_large,0.9,within_domain
digit_rate,0.002107056657955632,-0.0005508157770796601,-0.21535213555696772,q_large,0.9,within_domain
upper_rate,0.005241441363194761,-0.0016687550844691438,-0.4951539831117643,q_large,0.9,within_domain
linebreak_per_100w,0.6545261879449066,-0.1916623398882204,-0.2237746171458163,q_large,0.9,within_domain
bullet_rate,0.18706973549962058,-0.02629020464185194,-0.22018991658132395,q_large,0.9,within_domain
question_rate,-0.0050781017627740295,0.016886431552522906,0.19304131038567465,q_large,0.9,within_domain
exclaim_rate,-0.012356597984998614,0.06347197738505186,0.41449943638564823,q_large,0.9,within_domain
mean_log_rank,-0.06319670644931755,0.16653971925346467,0.48341060822970894,q_large,0.9,within_domain
rare_word_rate,-0.009070930441772127,0.00946843461001729,0.3285130571440516,q_large,0.9,within_domain
ttr,0.38943181818181816,0.821590909090909,4.636836427486444,q_small,0.0,raw
hapax,0.21995454545454543,0.7229772727272727,5.268741758531397,q_small,0.0,raw
top1_share,0.09593181818181819,0.03345454545454545,-2.0337744100152904,q_small,0.0,raw
top10_share,0.4365227272727273,0.16847727272727273,-2.8086640918659227,q_small,0.0,raw
word_entropy,3.9533722291235938,5.075134797630283,3.211251551672886,q_small,0.0,raw
zipf_slope,-0.7743108535593649,-0.28828759547642574,3.6461863787971414,q_small,0.0,raw
content_ratio,0.58175,0.6962272727272727,1.6800023439646392,q_small,0.0,raw
content_ttr,0.5034899998259711,0.9322698938323023,3.668434462613953,q_small,0.0,raw
bigram_repeat,0.325296803652968,0.008652968036529705,-2.133332606542622,q_small,0.0,raw
trigram_repeat,0.22816513761467888,0.0006880733944954098,-1.393274909716779,q_small,0.0,raw
mean_word_len,4.447431818181818,5.070613636363635,1.1575784447738382,q_small,0.0,raw
long_word_rate,0.12625,0.17163636363636364,0.5709935377513934,q_small,0.0,raw
mean_sent_len,25.599453691176805,29.051862924657044,0.1367725542929915,q_small,0.0,raw
sd_sent_len,12.206390476975601,18.242759166312975,0.3960188964378899,q_small,0.0,raw
sent_len_burst,0.5110929564759237,0.6079638317120826,0.4056982201582495,q_small,0.0,raw
n_sents_per_100w,6.61590909090909,4.084090909090909,-0.8219624879472711,q_small,0.0,raw
subordinator_rate,0.022590909090909092,0.031931818181818186,0.5125963865853918,q_small,0.0,raw
function_rate,0.41825,0.30377272727272725,-1.68000234396464,q_small,0.0,raw
connective_rate,0.0017727272727272728,0.0021363636363636363,0.0802625938130861,q_small,0.0,raw
hedge_rate,0.004136363636363637,0.006159090909090908,0.2824129555114932,q_small,0.0,raw
pron12_rate,0.03584090909090909,0.024477272727272726,-0.32978600887522563,q_small,0.0,raw
comma_rate,0.009192665043269842,0.004338554930517801,-0.8789840499167367,q_small,0.0,raw
punct_rate,0.023987587458307008,0.015061939267322674,-0.8213674311000217,q_small,0.0,raw
quote_rate,0.007642236199961159,0.004015768936127738,-0.3513419075126831,q_small,0.0,raw
paren_rate,0.0031114511876838935,0.0022851622145785826,-0.13959709447549293,q_small,0.0,raw
dash_rate,0.0018036501605915183,0.0017719200194978818,-0.010637351640365573,q_small,0.0,raw
digit_rate,0.009466231219534695,0.005135034011777752,-0.35066055720258604,q_small,0.0,raw
upper_rate,0.02801004674322538,0.021228033298205107,-0.3890593146647123,q_small,0.0,raw
linebreak_per_100w,1.425,0.013636363636363636,-0.29270241500829447,q_small,0.0,raw
bullet_rate,0.10227272727272728,0.0022727272727272726,-0.17628441052852448,q_small,0.0,raw
question_rate,0.033958280879053865,0.07997421940804293,0.34638402836314636,q_small,0.0,raw
exclaim_rate,0.013873649181620129,0.14076325471913706,0.6521851191055021,q_small,0.0,raw
mean_log_rank,4.694282790816294,5.467856098583739,1.593257903540543,q_small,0.0,raw
rare_word_rate,0.07413636363636363,0.1333409090909091,0.9612313297968343,q_small,0.0,raw
ttr,-0.19965425360248573,0.19642562623218496,3.8607209907141704,q_small,0.0,within_domain
hapax,-0.21765504625145005,0.23986873963468436,4.260107054886159,q_small,0.0,within_domain
top1_share,0.029705040916708957,-0.03015490364313517,-1.9443415995321103,q_small,0.0,within_domain
top10_share,0.13066027460077456,-0.11950696585133276,-2.5319879502318954,q_small,0.0,within_domain
word_entropy,-0.5680313382569646,0.4757126775026465,2.8575777776214917,q_small,0.0,within_domain
zipf_slope,-0.21772335364446882,0.22583210838890827,3.146886663662279,q_small,0.0,within_domain
content_ratio,-0.030554409499009977,0.06917798582800178,1.5593179700511146,q_small,0.0,within_domain
content_ttr,-0.2387311788091223,0.15800960186415344,3.210852571707633,q_small,0.0,within_domain
bigram_repeat,0.21243942819507336,-0.09130667033295822,-2.038478828323365,q_small,0.0,within_domain
trigram_repeat,0.17361598997009395,-0.05100669360411608,-1.3870422128349507,q_small,0.0,within_domain
mean_word_len,-0.25427846739666726,0.32901220835722533,1.5061041594012357,q_small,0.0,within_domain
long_word_rate,-0.022457462825210293,0.023311440342088076,0.8647246464603034,q_small,0.0,within_domain
mean_sent_len,3.235132193498528,5.452142362056102,0.09233371543666923,q_small,0.0,within_domain
sd_sent_len,0.8683292391090977,6.075663869031651,0.34618942344003334,q_small,0.0,within_domain
sent_len_burst,0.0006143684962996227,0.08776801483171846,0.3818515481742256,q_small,0.0,within_domain
n_sents_per_100w,1.0754851246931825,-1.302060502424233,-0.8848505677550097,q_small,0.0,within_domain
subordinator_rate,-0.00378513478941848,0.005220087054259788,0.5003669024546417,q_small,0.0,within_domain
function_rate,0.03055440949901,-0.06917798582800173,-1.559317970051114,q_small,0.0,within_domain
connective_rate,-0.0002335293073310997,0.0003682585214115143,0.1356037436793591,q_small,0.0,within_domain
hedge_rate,-0.0011991725419386115,0.0018213102323350059,0.4503519696068035,q_small,0.0,within_domain
pron12_rate,0.005182913713721231,-0.0032201411914803135,-0.28199536566562633,q_small,0.0,within_domain
comma_rate,0.001583798555723887,-0.003036441003984455,-0.8591671181327639,q_small,0.0,within_domain
punct_rate,0.0044590263702426495,-0.003978519533451714,-0.8741667129008049,q_small,0.0,within_domain
quote_rate,0.0026781475977803513,-0.0010506990800650275,-0.3850624601208176,q_small,0.0,within_domain
paren_rate,0.0007263323672535371,1.6495912966609915e-06,-0.12820507564952138,q_small,0.0,within_domain
dash_rate,0.00022822205514597113,0.00018519134135852678,-0.015069581219761149,q_small,0.0,within_domain
digit_rate,0.004107809243458639,-0.0013458868373903326,-0.4623939062395637,q_small,0.0,within_domain
upper_rate,0.00558437127043699,-0.003541675113950203,-0.5858231014508637,q_small,0.0,within_domain
linebreak_per_100w,0.5551161428551468,-0.031000625190362455,-0.1382652694157502,q_small,0.0,within_domain
bullet_rate,0.05693039010576491,-0.003652695057920893,-0.11908157195337386,q_small,0.0,within_domain
question_rate,-0.009549716420103523,0.03984512595581693,0.393924515223745,q_small,0.0,within_domain
exclaim_rate,-0.02461284847970223,0.0920222831408465,0.6471510090188888,q_small,0.0,within_domain
mean_log_rank,-0.2457190030270661,0.4097506146873164,1.4697439786167363,q_small,0.0,within_domain
rare_word_rate,-0.029875698906844984,0.017864418035023765,0.8575828663226374,q_small,0.0,within_domain
ttr,0.38984090909090907,0.8226363636363636,4.651726253301029,q_small,0.05,raw
hapax,0.22065909090909092,0.7237954545454545,5.27495780014156,q_small,0.05,raw
top1_share,0.09613636363636363,0.03327272727272727,-2.0501812675499123,q_small,0.05,raw
top10_share,0.43661363636363637,0.16743181818181818,-2.827096459573752,q_small,0.05,raw
word_entropy,3.9535973582971695,5.07794743291993,3.2219396053441582,q_small,0.05,raw
zipf_slope,-0.7739603489029873,-0.28706641794233784,3.6591255350314866,q_small,0.05,raw
content_ratio,0.5807954545454546,0.6971363636363637,1.7174206909054812,q_small,0.05,raw
content_ttr,0.505059102397102,0.9325114407676034,3.6351616615916917,q_small,0.05,raw
bigram_repeat,0.32445205479452055,0.0084246575342466,-2.1254242106090753,q_small,0.05,raw
trigram_repeat,0.2273394495412844,0.000642201834862382,-1.3860166105173766,q_small,0.05,raw
mean_word_len,4.434454545454546,5.078295454545455,1.2149690135658726,q_small,0.05,raw
long_word_rate,0.12484090909090907,0.17272727272727273,0.6116035044006188,q_small,0.05,raw
mean_sent_len,25.83167591339903,29.289718990160168,0.13643608251760675,q_small,0.05,raw
sd_sent_len,12.579628137027079,18.376393865461527,0.3728283120610992,q_small,0.05,raw
sent_len_burst,0.5164831341255129,0.6087790856400985,0.3855920630634575,q_small,0.05,raw
n_sents_per_100w,6.6090909090909085,4.040909090909091,-0.8333826032113629,q_small,0.05,raw
subordinator_rate,0.022613636363636364,0.03243181818181818,0.5424662116734166,q_small,0.05,raw
function_rate,0.41920454545454544,0.3028636363636364,-1.7174206909054808,q_small,0.05,raw
connective_rate,0.0017045454545454545,0.002181818181818182,0.10623570383273721,q_small,0.05,raw
hedge_rate,0.003977272727272727,0.006068181818181818,0.30021057144829993,q_small,0.05,raw
pron12_rate,0.036409090909090905,0.02420454545454545,-0.3505299520347777,q_small,0.05,raw
comma_rate,0.009171991950175106,0.0042651605778475385,-0.8891463849246828,q_small,0.05,raw
punct_rate,0.024054272676760226,0.014836537825300478,-0.8502717775402261,q_small,0.05,raw
quote_rate,0.007762049722015976,0.00394271985706516,-0.3704652742850577,q_small,0.05,raw
paren_rate,0.0031114511876838935,0.002311370852604811,-0.13518023098093748,q_small,0.05,raw
dash_rate,0.0018111520360603855,0.001746982246991725,-0.021514720051885063,q_small,0.05,raw
digit_rate,0.00947572798591153,0.005288870953912897,-0.33897941570122914,q_small,0.05,raw
upper_rate,0.02826501540388964,0.02112287847268318,-0.41045330048361,q_small,0.05,raw
linebreak_per_100w,1.5113636363636362,0.013636363636363636,-0.3065388880541511,q_small,0.05,raw
bullet_rate,0.10227272727272728,0.0022727272727272726,-0.17628441052852448,q_small,0.05,raw
question_rate,0.03423605865683164,0.07907415541974366,0.33719692997205925,q_small,0.05,raw
exclaim_rate,0.013540315848286797,0.1426310927634457,0.6603987298810667,q_small,0.05,raw
mean_log_rank,4.691975162689292,5.466975210963358,1.590883230398142,q_small,0.05,raw
rare_word_rate,0.07456818181818183,0.13236363636363635,0.9363698063902348,q_small,0.05,raw
ttr,-0.19955684050088146,0.197151351990808,3.8807072986400275,q_small,0.05,within_domain
hapax,-0.21739694865786713,0.2403557179039535,4.27341286375534,q_small,0.05,within_domain
top1_share,0.029890091718847992,-0.0302326986419887,-1.9564830846799321,q_small,0.05,within_domain
top10_share,0.13083536952056066,-0.12023638359639222,-2.548515839522074,q_small,0.05,within_domain
word_entropy,-0.5682610640737237,0.47733920184336703,2.8686156632075086,q_small,0.05,within_domain
zipf_slope,-0.2177600850414589,0.226733822961842,3.1638287719587703,q_small,0.05,within_domain
content_ratio,-0.03139773169152335,0.0695352526224606,1.5852937997449121,q_small,0.05,within_domain
content_ttr,-0.23757577863784768,0.1582988728393991,3.1991704465129853,q_small,0.05,within_domain
bigram_repeat,0.21167561540968524,-0.09124273362640899,-2.0314295524568164,q_small,0.05,within_domain
trigram_repeat,0.17277271015358017,-0.05070986290005241,-1.3778451491599089,q_small,0.05,within_domain
mean_word_len,-0.2620894941346352,0.33155103337070185,1.5446645246822168,q_small,0.05,within_domain
long_word_rate,-0.023107767638044514,0.023838784127398344,0.8958893348155936,q_small,0.05,within_domain
mean_sent_len,3.4842502927146928,5.685559777123235,0.09133926224594988,q_small,0.05,within_domain
sd_sent_len,1.225836156153203,6.242063678444501,0.3263795482108564,q_small,0.05,within_domain
sent_len_burst,0.0048633124460017805,0.09007568754283542,0.3716893224819275,q_small,0.05,within_domain
n_sents_per_100w,1.0593593225541449,-1.3409436779396182,-0.8932551771555575,q_small,0.05,within_domain
subordinator_rate,-0.0037712711530548436,0.005727243615231284,0.5309371960697241,q_small,0.05,within_domain
function_rate,0.03139773169152337,-0.06953525262246057,-1.5852937997449121,q_small,0.05,within_domain
connective_rate,-0.0002732405372776239,0.0004075233768027065,0.15383212170037977,q_small,0.05,within_domain
hedge_rate,-0.0013263262852541197,0.0017377858032796372,0.46716673442534956,q_small,0.05,within_domain
pron12_rate,0.0055552385800313915,-0.0029868818133488963,-0.28623489155829185,q_small,0.05,within_domain
comma_rate,0.0015584297099174103,-0.003060143348170978,-0.8586094297483644,q_small,0.05,within_domain
punct_rate,0.004473523895873882,-0.00411847881106491,-0.891050818649222,q_small,0.05,within_domain
quote_rate,0.0027570602024051183,-0.001056131742645973,-0.3932619319155466,q_small,0.05,within_domain
paren_rate,0.000724716735623213,3.772220293390648e-05,-0.12161333593422932,q_small,0.05,within_domain
dash_rate,0.00023772179427064894,0.00015699487200240044,-0.028290032316152222,q_small,0.05,within_domain
digit_rate,0.004119088534272837,-0.00124818173165076,-0.4554504416436268,q_small,0.05,within_domain
upper_rate,0.0057915495002636794,-0.0037705398110295645,-0.6146497080965183,q_small,0.05,within_domain
linebreak_per_100w,0.650897961036965,-0.031000625190362455,-0.15984687755375576,q_small,0.05,within_domain
bullet_rate,0.0572394810148558,-0.003629503963301227,-0.11964984519959904,q_small,0.05,within_domain
question_rate,-0.009723162488292046,0.039988253360042504,0.3960212250336661,q_small,0.05,within_domain
exclaim_rate,-0.025270438575365085,0.09306540102653027,0.6551296346952029,q_small,0.05,within_domain
mean_log_rank,-0.2479688785224999,0.4052912495140349,1.457937901182473,q_small,0.05,within_domain
rare_word_rate,-0.02959079917422466,0.016765452109121722,0.8298766252927421,q_small,0.05,within_domain
ttr,0.38918181818181824,0.822840909090909,4.714231260293819,q_small,0.1,raw
hapax,0.22120454545454543,0.7236818181818182,5.306149564760545,q_small,0.1,raw
top1_share,0.09656818181818182,0.03293181818181818,-2.087696875154271,q_small,0.1,raw
top10_share,0.4377045454545454,0.1668181818181818,-2.8750216598046245,q_small,0.1,raw
word_entropy,3.950242377963676,5.07914316498921,3.2657343590612404,q_small,0.1,raw
zipf_slope,-0.7761890570707497,-0.28690481572684023,3.711258642274697,q_small,0.1,raw
content_ratio,0.5805681818181818,0.6972045454545455,1.7260663208268552,q_small,0.1,raw
content_ttr,0.5043960839060293,0.9323791385839217,3.65748371425935,q_small,0.1,raw
bigram_repeat,0.32351598173515983,0.008127853881278563,-2.124446805964109,q_small,0.1,raw
trigram_repeat,0.225045871559633,0.000642201834862382,-1.3725879713434255,q_small,0.1,raw
mean_word_len,4.445795454545455,5.076181818181818,1.1822111289394748,q_small,0.1,raw
long_word_rate,0.1256590909090909,0.17243181818181819,0.5962648334135743,q_small,0.1,raw
mean_sent_len,25.955207659430776,29.188897866839042,0.12758623928514518,q_small,0.1,raw
sd_sent_len,12.557898852606021,18.336033348829325,0.37138928571453017,q_small,0.1,raw
sent_len_burst,0.5128925463074198,0.6085179283449288,0.3994763576851253,q_small,0.1,raw
n_sents_per_100w,6.579545454545455,4.056818181818182,-0.8172378114853491,q_small,0.1,raw
subordinator_rate,0.022977272727272728,0.032249999999999994,0.5100164188204793,q_small,0.1,raw
function_rate,0.4194318181818182,0.30279545454545453,-1.7260663208268552,q_small,0.1,raw
connective_rate,0.0018636363636363633,0.002068181818181818,0.045344525892831805,q_small,0.1,raw
hedge_rate,0.004204545454545455,0.006045454545454545,0.2578219027763832,q_small,0.1,raw
pron12_rate,0.03563636363636363,0.02454545454545454,-0.31791231773142464,q_small,0.1,raw
comma_rate,0.00910522088290486,0.004234016639568208,-0.8923124837042958,q_small,0.1,raw
punct_rate,0.023866545819342486,0.014844272744549842,-0.8336131925992664,q_small,0.1,raw
quote_rate,0.007836334185750868,0.003938518686544506,-0.3781477874344626,q_small,0.1,raw
paren_rate,0.003011003368769523,0.002318059540582288,-0.11773552427670349,q_small,0.1,raw
dash_rate,0.001762027295476839,0.0017750185765750654,0.0043558433487011815,q_small,0.1,raw
digit_rate,0.00937067280999712,0.0053681153953981904,-0.3237101148420264,q_small,0.1,raw
upper_rate,0.02797908429164759,0.0211773299887473,-0.39108498131216335,q_small,0.1,raw
linebreak_per_100w,1.565909090909091,0.013636363636363636,-0.31804340468151915,q_small,0.1,raw
bullet_rate,0.05454545454545454,0.0022727272727272726,-0.16817006346018856,q_small,0.1,raw
question_rate,0.032847169767942754,0.08099723234282058,0.3604464063674988,q_small,0.1,raw
exclaim_rate,0.013540315848286797,0.14171839435074726,0.654987960035961,q_small,0.1,raw
mean_log_rank,4.686804967846055,5.468739214721393,1.6122802021427438,q_small,0.1,raw
rare_word_rate,0.07356818181818182,0.13263636363636364,0.9555432957335593,q_small,0.1,raw
ttr,-0.1985442110701559,0.19744164862599095,3.8738409564384293,q_small,0.1,within_domain
hapax,-0.21477973022816868,0.24036696839588578,4.232583212421498,q_small,0.1,within_domain
top1_share,0.030285830721958826,-0.03057884189267741,-1.9876318615173023,q_small,0.1,within_domain
top10_share,0.13105896303067993,-0.12087956049525093,-2.569976835102923,q_small,0.1,within_domain
word_entropy,-0.5680968285599473,0.4787878190014899,2.881150972014326,q_small,0.1,within_domain
zipf_slope,-0.2180170294222175,0.22698433489205264,3.176886585189262,q_small,0.1,within_domain
content_ratio,-0.03119150229200244,0.06948167135524297,1.589174475150919,q_small,0.1,within_domain
content_ttr,-0.236722215403392,0.15841463511719173,3.179394109591202,q_small,0.1,within_domain
bigram_repeat,0.2103948941793738,-0.0918092550045742,-2.025651945398991,q_small,0.1,within_domain
trigram_repeat,0.17056929280504776,-0.05099147654634496,-1.3668694036710405,q_small,0.1,within_domain
mean_word_len,-0.253339267410399,0.32870423585004077,1.5039005982411515,q_small,0.1,within_domain
long_word_rate,-0.0227370577863759,0.02345488753156993,0.8745956068320466,q_small,0.1,within_domain
mean_sent_len,3.6201300905902642,5.567567208264227,0.08072862117660196,q_small,0.1,within_domain
sd_sent_len,1.2271195850283445,6.195566375421678,0.3230006017481448,q_small,0.1,within_domain
sent_len_burst,0.002392018892376296,0.08994803529017431,0.3823539669350282,q_small,0.1,within_domain
n_sents_per_100w,1.0369299561297658,-1.317865411509079,-0.8731269529947886,q_small,0.1,within_domain
subordinator_rate,-0.0034191241738018518,0.00554795888481019,0.4984729360437436,q_small,0.1,within_domain
function_rate,0.031191502292002463,-0.06948167135524294,-1.589174475150919,q_small,0.1,within_domain
connective_rate,-0.00013265459401177126,0.0002938747148585901,0.09681321667312513,q_small,0.1,within_domain
hedge_rate,-0.0011817753795954427,0.0017088380464909713,0.432853243573364,q_small,0.1,within_domain
pron12_rate,0.005170259448201928,-0.0027442312820620007,-0.2650630321282488,q_small,0.1,within_domain
comma_rate,0.0014431314104918112,-0.003095297794911257,-0.8489537452368047,q_small,0.1,within_domain
punct_rate,0.004290345368630136,-0.0040949899905674955,-0.8684966791368968,q_small,0.1,within_domain
quote_rate,0.0028526686287024005,-0.0010527355421607468,-0.4025200090442668,q_small,0.1,within_domain
paren_rate,0.0006329274879021918,2.373558960707291e-05,-0.10848071779270371,q_small,0.1,within_domain
dash_rate,0.00020748283658012095,0.00017931278231804134,-0.009855434677252575,q_small,0.1,within_domain
digit_rate,0.0040445463279054515,-0.001180129926833576,-0.4445338578581575,q_small,0.1,within_domain
upper_rate,0.0056027057249629485,-0.003692849060807664,-0.5982935789328818,q_small,0.1,within_domain
linebreak_per_100w,0.6387221821809894,-0.031000625190362455,-0.1574606685532846,q_small,0.1,within_domain
bullet_rate,0.008271299196673973,-0.003629503963301226,-0.042261690188858544,q_small,0.1,within_domain
question_rate,-0.010702260704414303,0.04201654308443728,0.4180570117725297,q_small,0.1,within_domain
exclaim_rate,-0.024842590905777208,0.09234004286169578,0.6482097844866886,q_small,0.1,within_domain
mean_log_rank,-0.2496006790094212,0.4066119899682504,1.476419944277501,q_small,0.1,within_domain
rare_word_rate,-0.03034407653515265,0.017003050495583746,0.8486295436435343,q_small,0.1,within_domain
ttr,0.38965909090909095,0.8217272727272728,4.695148410253005,q_small,0.15,raw
hapax,0.22118181818181817,0.7220454545454545,5.289130342253322,q_small,0.15,raw
top1_share,0.09602272727272726,0.03322727272727272,-2.0458331091777553,q_small,0.15,raw
top10_share,0.4366136363636363,0.16738636363636367,-2.853513873054014,q_small,0.15,raw
word_entropy,3.953644331139543,5.076781026437532,3.2426520556068006,q_small,0.15,raw
zipf_slope,-0.7755771855633846,-0.28822367866965576,3.6990164914443366,q_small,0.15,raw
content_ratio,0.5808409090909091,0.6962727272727273,1.7068048507281812,q_small,0.15,raw
content_ttr,0.5052966735301804,0.9317345574557663,3.6473382599848456,q_small,0.15,raw
bigram_repeat,0.3210045662100457,0.00837899543378998,-2.1032109395136063,q_small,0.15,raw
trigram_repeat,0.22220183486238532,0.0006192660550458684,-1.354315818459046,q_small,0.15,raw
mean_word_len,4.443022727272728,5.072090909090909,1.1842826762343854,q_small,0.15,raw
long_word_rate,0.12418181818181818,0.172,0.6157413485271392,q_small,0.15,raw
mean_sent_len,25.598465129085298,29.063580406521577,0.13661767512404543,q_small,0.15,raw
sd_sent_len,12.316521289378935,18.255489314867173,0.3831276640902284,q_small,0.15,raw
sent_len_burst,0.5122207400781513,0.607598966517839,0.40185834964007794,q_small,0.15,raw
n_sents_per_100w,6.656818181818182,4.079545454545454,-0.8392876619041678,q_small,0.15,raw
subordinator_rate,0.023045454545454546,0.032295454545454544,0.5072461431518829,q_small,0.15,raw
function_rate,0.419159090909091,0.30372727272727273,-1.7068048507281832,q_small,0.15,raw
connective_rate,0.0017499999999999998,0.0021136363636363635,0.08049603285084224,q_small,0.15,raw
hedge_rate,0.004068181818181818,0.006204545454545455,0.30088202042957485,q_small,0.15,raw
pron12_rate,0.036159090909090905,0.024477272727272726,-0.33531491408586045,q_small,0.15,raw
comma_rate,0.009087194781250495,0.004263411772763714,-0.881460743011576,q_small,0.15,raw
punct_rate,0.024020896952936924,0.014910441762451654,-0.84571234948253,q_small,0.15,raw
quote_rate,0.007746854166656234,0.003989273917205262,-0.36563129313082976,q_small,0.15,raw
paren_rate,0.00297753234073454,0.0023194916544077883,-0.1119985993118109,q_small,0.15,raw
dash_rate,0.001739133522352735,0.0017530631229115978,0.004676791733167282,q_small,0.15,raw
digit_rate,0.009252446240793126,0.005255286306472575,-0.3240672119307091,q_small,0.15,raw
upper_rate,0.02780252528597678,0.021286519214954128,-0.3741996791681805,q_small,0.15,raw
linebreak_per_100w,1.1477272727272727,0.013636363636363636,-0.3609574289145289,q_small,0.15,raw
bullet_rate,0.05454545454545454,0.0022727272727272726,-0.16817006346018856,q_small,0.15,raw
question_rate,0.03334716976794275,0.08099723234282057,0.3566185952893444,q_small,0.15,raw
exclaim_rate,0.013540315848286797,0.14354775943011236,0.665866299889027,q_small,0.15,raw
mean_log_rank,4.690259948600937,5.4612099528499085,1.5849999116267857,q_small,0.15,raw
rare_word_rate,0.07431818181818181,0.13174999999999998,0.933605879097438,q_small,0.15,raw
ttr,-0.199279773591156,0.19663334596297147,3.8880642474134013,q_small,0.15,within_domain
hapax,-0.21631754486030189,0.23913430827077484,4.259477058573376,q_small,0.15,within_domain
top1_share,0.029814786914409065,-0.030230207503977213,-1.9455926479544063,q_small,0.15,within_domain
top10_share,0.13061719386163476,-0.12041894167012661,-2.558698272852919,q_small,0.15,within_domain
word_entropy,-0.5670627152545736,0.47698110035922014,2.872490828193129,q_small,0.15,within_domain
zipf_slope,-0.218844572344861,0.226100408106674,3.1858962386445873,q_small,0.15,within_domain
content_ratio,-0.031148231297882852,0.06872404327000561,1.5685953343067907,q_small,0.15,within_domain
content_ttr,-0.23672098628505142,0.15815701773724886,3.190283348859017,q_small,0.15,within_domain
bigram_repeat,0.2077338689002057,-0.09173677124044538,-2.0023498284523886,q_small,0.15,within_domain
trigram_repeat,0.16720932064654512,-0.05114464620239218,-1.3430157583595232,q_small,0.15,within_domain
mean_word_len,-0.2469383817956517,0.3242954730957245,1.4669865063997682,q_small,0.15,within_domain
long_word_rate,-0.022389816454171697,0.022895046584600023,0.8529322331937164,q_small,0.15,within_domain
mean_sent_len,3.2904064894045484,5.4860406309569205,0.09094825049938976,q_small,0.15,within_domain
sd_sent_len,0.9614194034919605,6.124419019963604,0.33703944418382953,q_small,0.15,within_domain
sent_len_burst,0.0002158699363495093,0.08886111580482056,0.3897831942610397,q_small,0.15,within_domain
n_sents_per_100w,1.088310951167872,-1.2998884681576226,-0.8903368332666676,q_small,0.15,within_domain
subordinator_rate,-0.0033581257329040807,0.00556127469891323,0.4941153252348365,q_small,0.15,within_domain
function_rate,0.03114823129788287,-0.06872404327000559,-1.5685953343067904,q_small,0.15,within_domain
connective_rate,-0.00021507962161433733,0.00033299725665742364,0.12401986234837523,q_small,0.15,within_domain
hedge_rate,-0.001280822744888941,0.0018472594074307397,0.4707269981222988,q_small,0.15,within_domain
pron12_rate,0.00515680271730326,-0.002968625429165142,-0.27108250351553376,q_small,0.15,within_domain
comma_rate,0.0014489745262890664,-0.0030589127291171195,-0.8415745159328063,q_small,0.15,within_domain
punct_rate,0.004379695713831665,-0.004031600112379892,-0.8733425870183777,q_small,0.15,within_domain
quote_rate,0.0026964051003138512,-0.0009916335273845217,-0.3800886373174629,q_small,0.15,within_domain
paren_rate,0.0006062376869581928,1.0404384510859441e-05,-0.10607614757985628,q_small,0.15,within_domain
dash_rate,0.0001971179929950167,0.00015928111171988613,-0.01324882086482474,q_small,0.15,within_domain
digit_rate,0.0039151301564629,-0.0012331730929850725,-0.4380144867718172,q_small,0.15,within_domain
upper_rate,0.005332524453577372,-0.003449583105638822,-0.5633469305654444,q_small,0.15,within_domain
linebreak_per_100w,0.3002045079562317,-0.031000625190362455,-0.13085666736801127,q_small,0.15,within_domain
bullet_rate,0.004228846366485296,-0.003652695057920893,-0.027570269989898234,q_small,0.15,within_domain
question_rate,-0.010729335856708605,0.041883896293865915,0.4167085102393022,q_small,0.15,within_domain
exclaim_rate,-0.02567237840554528,0.09412865951158704,0.6640910237532915,q_small,0.15,within_domain
mean_log_rank,-0.2464364681130492,0.40212743448922156,1.4474352224671825,q_small,0.15,within_domain
rare_word_rate,-0.02941772148692179,0.0167179337571482,0.8294283946569059,q_small,0.15,within_domain
ttr,0.38893181818181816,0.82,4.669777092182349,q_small,0.2,raw
hapax,0.22063636363636363,0.7204545454545455,5.242621124870168,q_small,0.2,raw
top1_share,0.09663636363636362,0.03363636363636363,-2.0577292013575645,q_small,0.2,raw
top10_share,0.4376136363636364,0.16897727272727273,-2.8479860732524256,q_small,0.2,raw
word_entropy,3.9504466523497523,5.072220764616888,3.242862835533365,q_small,0.2,raw
zipf_slope,-0.7765345432767403,-0.2902006314190199,3.6825957131066556,q_small,0.2,raw
content_ratio,0.5803863636363636,0.6952045454545456,1.6999684219610889,q_small,0.2,raw
content_ttr,0.5049508698811279,0.9307106073302824,3.6347944818347546,q_small,0.2,raw
bigram_repeat,0.3206849315068493,0.009018264840182673,-2.0980468259463745,q_small,0.2,raw
trigram_repeat,0.22110091743119262,0.0007798165137614644,-1.346449372592135,q_small,0.2,raw
mean_word_len,4.440568181818182,5.0643863636363635,1.171580846714071,q_small,0.2,raw
long_word_rate,0.12420454545454543,0.17088636363636361,0.5995068454080608,q_small,0.2,raw
mean_sent_len,25.603068303688477,29.142787833081947,0.13962225360338942,q_small,0.2,raw
sd_sent_len,12.330748842161466,18.211903333467227,0.3794231571944632,q_small,0.2,raw
sent_len_burst,0.5126910311315237,0.6036222757600904,0.3837926312996081,q_small,0.2,raw
n_sents_per_100w,6.675,4.05,-0.8553277673370455,q_small,0.2,raw
subordinator_rate,0.022931818181818178,0.03215909090909091,0.505737201185867,q_small,0.2,raw
function_rate,0.41961363636363636,0.30479545454545454,-1.6999684219610873,q_small,0.2,raw
connective_rate,0.0017272727272727272,0.0020909090909090908,0.08073358641504166,q_small,0.2,raw
hedge_rate,0.004,0.006318181818181818,0.32998178325462,q_small,0.2,raw
pron12_rate,0.036727272727272726,0.02459090909090909,-0.34421225900551466,q_small,0.2,raw
comma_rate,0.009114720567887815,0.004327123009217079,-0.8750830454464821,q_small,0.2,raw
punct_rate,0.024072497145993327,0.01486875094762727,-0.8540347431381903,q_small,0.2,raw
quote_rate,0.007839738813452537,0.0039984438205351094,-0.37252896745672986,q_small,0.2,raw
paren_rate,0.00299083063992381,0.002306652842178009,-0.11634529686330579,q_small,0.2,raw
dash_rate,0.0017161044339066226,0.0017517378540467502,0.011992820270469044,q_small,0.2,raw
digit_rate,0.009279885262248672,0.005086859548178005,-0.34023428380260257,q_small,0.2,raw
upper_rate,0.027886511217873392,0.021017209729746883,-0.39440023463689855,q_small,0.2,raw
linebreak_per_100w,1.1363636363636362,0.013636363636363636,-0.3573394465229875,q_small,0.2,raw
bullet_rate,0.04545454545454545,0.0022727272727272726,-0.14493505363108655,q_small,0.2,raw
question_rate,0.03439514956592255,0.07860090522222875,0.3368944105463399,q_small,0.2,raw
exclaim_rate,0.013540315848286797,0.13663638159226393,0.6407447456824169,q_small,0.2,raw
mean_log_rank,4.689615697802455,5.455872182676307,1.5782489720412616,q_small,0.2,raw
rare_word_rate,0.07497727272727273,0.13168181818181818,0.9242632198121129,q_small,0.2,raw
ttr,-0.199958070874262,0.19512779058120075,3.8658579437012226,q_small,0.2,within_domain
hapax,-0.2168650740758518,0.23744352440965785,4.218776168465584,q_small,0.2,within_domain
top1_share,0.030445678599362935,-0.03004985325720035,-1.9625937271170324,q_small,0.2,within_domain
top10_share,0.13152921938100148,-0.1193084259203518,-2.5542359064043523,q_small,0.2,within_domain
word_entropy,-0.5700085462167275,0.47410806325960864,2.8738429999127995,q_small,0.2,within_domain
zipf_slope,-0.21966944836115687,0.22425180411856316,3.1679335276836365,q_small,0.2,within_domain
content_ratio,-0.0314418530467526,0.06744596574509726,1.5477187702634307,q_small,0.2,within_domain
content_ttr,-0.2370413643702654,0.15761148228409072,3.191929457734978,q_small,0.2,within_domain
bigram_repeat,0.2071403991116431,-0.09180556683219718,-2.0001945325144797,q_small,0.2,within_domain
trigram_repeat,0.16591520333047804,-0.05160156396441184,-1.3374963476100323,q_small,0.2,within_domain
mean_word_len,-0.24877032780442307,0.3132048019821539,1.419051223415997,q_small,0.2,within_domain
long_word_rate,-0.022519856934565468,0.02130568782023886,0.8136772238645478,q_small,0.2,within_domain
mean_sent_len,3.205438997474066,5.466085946460453,0.09361692899818023,q_small,0.2,within_domain
sd_sent_len,0.9214356346035767,6.028068401172163,0.33298871881986564,q_small,0.2,within_domain
sent_len_burst,-6.343083065872359e-05,0.08455393963240304,0.3730113813304611,q_small,0.2,within_domain
n_sents_per_100w,1.1173424197506103,-1.327377561151669,-0.9127292587173259,q_small,0.2,within_domain
subordinator_rate,-0.0033749747179392885,0.005451071034901789,0.48930992141458995,q_small,0.2,within_domain
function_rate,0.03144185304675262,-0.06744596574509723,-1.5477187702634307,q_small,0.2,within_domain
connective_rate,-0.0002291273678816026,0.0003207575004199273,0.12439735280335601,q_small,0.2,within_domain
hedge_rate,-0.0013616823561369018,0.0019366564505821674,0.49917657601898163,q_small,0.2,within_domain
pron12_rate,0.005361694999763028,-0.002590480466984683,-0.25950285853177807,q_small,0.2,within_domain
comma_rate,0.001492126063307767,-0.0030353123162544927,-0.8461487700251108,q_small,0.2,within_domain
punct_rate,0.0044163105968532,-0.004103448059055968,-0.8847452907770001,q_small,0.2,within_domain
quote_rate,0.002798730265832526,-0.001075334657629372,-0.3993736437923036,q_small,0.2,within_domain
paren_rate,0.0005893158786160949,6.611738701460383e-06,-0.10365222587564028,q_small,0.2,within_domain
dash_rate,0.00016636950191983868,0.0001587152968509955,-0.002688696629081742,q_small,0.2,within_domain
digit_rate,0.003991714419828211,-0.0013534017822942352,-0.4553777380131512,q_small,0.2,within_domain
upper_rate,0.0055071537652880455,-0.003655397137689025,-0.5871402900842262,q_small,0.2,within_domain
linebreak_per_100w,0.3010063061580299,-0.031000625190362455,-0.1313439235563723,q_small,0.2,within_domain
bullet_rate,-0.0043327408968261046,-0.0036754223306481653,0.0024186996759502956,q_small,0.2,within_domain
question_rate,-0.010044396570212881,0.038392197536848666,0.3907523438704059,q_small,0.2,within_domain
exclaim_rate,-0.025792463506651084,0.08996370056461053,0.6471069038539561,q_small,0.2,within_domain
mean_log_rank,-0.24620442255472177,0.39639278037832637,1.4307387239615117,q_small,0.2,within_domain
rare_word_rate,-0.0284029941504474,0.01669204734360826,0.8099757256843139,q_small,0.2,within_domain
ttr,0.3895,0.818409090909091,4.629200483750909,q_small,0.25,raw
hapax,0.22247727272727272,0.7188181818181819,5.192334877751696,q_small,0.25,raw
top1_share,0.0975,0.03381818181818182,-2.065617804071634,q_small,0.25,raw
top10_share,0.4389090909090909,0.17020454545454547,-2.860433070595622,q_small,0.25,raw
word_entropy,3.9484468717952823,5.068311770211906,3.243047214770611,q_small,0.25,raw
zipf_slope,-0.7773761533854171,-0.292054606896161,3.6841917070889356,q_small,0.25,raw
content_ratio,0.5786590909090908,0.694,1.7091441115209371,q_small,0.25,raw
content_ttr,0.5071186138861277,0.9307030245183411,3.599827085753435,q_small,0.25,raw
bigram_repeat,0.3187214611872146,0.009269406392694088,-2.0815690518582888,q_small,0.25,raw
trigram_repeat,0.21871559633027524,0.0008486238532110057,-1.3313995846470499,q_small,0.25,raw
mean_word_len,4.433272727272727,5.06215909090909,1.1730319038614263,q_small,0.25,raw
long_word_rate,0.12320454545454546,0.1709772727272727,0.6121344789925678,q_small,0.25,raw
mean_sent_len,25.56250053812071,28.970644975939095,0.13451808343790014,q_small,0.25,raw
sd_sent_len,12.35495397922747,18.075117771778295,0.3683403588690084,q_small,0.25,raw
sent_len_burst,0.5126690778969651,0.6024455339468271,0.377755165254929,q_small,0.25,raw
n_sents_per_100w,6.6886363636363635,4.081818181818182,-0.8461187820448809,q_small,0.25,raw
subordinator_rate,0.022795454545454542,0.031818181818181815,0.4891966274592046,q_small,0.25,raw
function_rate,0.4213409090909091,0.306,-1.7091441115209371,q_small,0.25,raw
connective_rate,0.0017272727272727272,0.002068181818181818,0.07569596974532959,q_small,0.25,raw
hedge_rate,0.004068181818181818,0.006227272727272728,0.30530115250057555,q_small,0.25,raw
pron12_rate,0.03704545454545454,0.02470454545454545,-0.3509560657858694,q_small,0.25,raw
comma_rate,0.009218830682567737,0.00439176361089597,-0.8789324504615933,q_small,0.25,raw
punct_rate,0.024201470862559336,0.01495800650769711,-0.8587543369465918,q_small,0.25,raw
quote_rate,0.007826826043369093,0.004028112260583477,-0.36889600881819296,q_small,0.25,raw
paren_rate,0.002915543804863775,0.0023028337230004362,-0.10419442593780827,q_small,0.25,raw
dash_rate,0.0016985433271046585,0.0017286042983524542,0.010113835878570959,q_small,0.25,raw
digit_rate,0.009454810582217876,0.004980652353989686,-0.36008126035422633,q_small,0.25,raw
upper_rate,0.027683765198906345,0.02124593916880177,-0.36776314177236696,q_small,0.25,raw
linebreak_per_100w,0.8318181818181819,0.013636363636363636,-0.4406854313176307,q_small,0.25,raw
bullet_rate,0.06363636363636363,0.0022727272727272726,-0.1764117296522466,q_small,0.25,raw
question_rate,0.03576877593954893,0.07599184761317114,0.30569728420824666,q_small,0.25,raw
exclaim_rate,0.013456982514953466,0.13443941189529426,0.6315495382646354,q_small,0.25,raw
mean_log_rank,4.674194792125655,5.454070962544436,1.6193932823829826,q_small,0.25,raw
rare_word_rate,0.07356818181818181,0.13268181818181818,0.9622498857575431,q_small,0.25,raw
ttr,-0.20026511073730888,0.19318522945995575,3.8424138761273183,q_small,0.25,within_domain
hapax,-0.21614523066105762,0.23528518511470342,4.18182098854904,q_small,0.25,within_domain
top1_share,0.03126727936144345,-0.02993644227422129,-1.9766028405714415,q_small,0.25,within_domain
top10_share,0.1332345456543555,-0.11801893264410328,-2.5720026906086395,q_small,0.25,within_domain
word_entropy,-0.5737245304819005,0.469781457244722,2.8804133510101653,q_small,0.25,within_domain
zipf_slope,-0.2215919788396036,0.22195767140498318,3.1790328306137345,q_small,0.25,within_domain
content_ratio,-0.03370262590026938,0.06584754093140203,1.5564828296400908,q_small,0.25,within_domain
content_ttr,-0.23557833050740176,0.15738405533761438,3.165248336813518,q_small,0.25,within_domain
bigram_repeat,0.20554411047695823,-0.09157761584860652,-1.9869071551679973,q_small,0.25,within_domain
trigram_repeat,0.1637210307555678,-0.05163057194255948,-1.32435353287082,q_small,0.25,within_domain
mean_word_len,-0.2560301333343842,0.30529342569672036,1.4066730104123042,q_small,0.25,within_domain
long_word_rate,-0.0232699342294128,0.020515018140216404,0.8102912592088836,q_small,0.25,within_domain
mean_sent_len,3.1493203574012587,5.179169167065444,0.0840225525292076,q_small,0.25,within_domain
sd_sent_len,0.943292017728326,5.846478937128586,0.31926253431471413,q_small,0.25,within_domain
sent_len_burst,-0.0003127687398929798,0.08337959276552791,0.36768410098676213,q_small,0.25,within_domain
n_sents_per_100w,1.1207955071033164,-1.2768164159543838,-0.8906390169098012,q_small,0.25,within_domain
subordinator_rate,-0.0035162203091322754,0.005137385713004208,0.47471121473819905,q_small,0.25,within_domain
function_rate,0.033702625900269394,-0.065847540931402,-1.5564828296400903,q_small,0.25,within_domain
connective_rate,-0.00022209663476857881,0.00028927684542155426,0.11587763095904496,q_small,0.25,within_domain
hedge_rate,-0.0012530875924211635,0.001849047566577141,0.4689700165112274,q_small,0.25,within_domain
pron12_rate,0.005693336249111308,-0.002337030681760084,-0.26230519666643337,q_small,0.25,within_domain
comma_rate,0.0015819953385356855,-0.002993163553827733,-0.854013394145771,q_small,0.25,within_domain
punct_rate,0.004512008546492172,-0.003994860585991929,-0.8840450201470843,q_small,0.25,within_domain
quote_rate,0.002794349959173004,-0.0010384469205943752,-0.39585200673233445,q_small,0.25,within_domain
paren_rate,0.0005125490731899956,-1.7407843087823328e-05,-0.0941977347610844,q_small,0.25,within_domain
dash_rate,0.00014757484238945136,0.00012448791142378676,-0.008096600895928162,q_small,0.25,within_domain
digit_rate,0.0041059167909918955,-0.0014891329740636988,-0.47117369098530293,q_small,0.25,within_domain
upper_rate,0.005185902531510038,-0.0034095796993920415,-0.5473442792735242,q_small,0.25,within_domain
linebreak_per_100w,0.0015756807692677598,-0.031000625190362455,-0.025319897823891307,q_small,0.25,within_domain
bullet_rate,0.00867437041984,-0.0036754223306481658,-0.04085714679591991,q_small,0.25,within_domain
question_rate,-0.008536267798545319,0.035742476783332276,0.35545263033974267,q_small,0.25,within_domain
exclaim_rate,-0.02608820916911319,0.08888682347879823,0.6439277034623605,q_small,0.25,within_domain
mean_log_rank,-0.2657374394594441,0.39146778777612723,1.469707474505758,q_small,0.25,within_domain
rare_word_rate,-0.03036704208162764,0.017356605762589666,0.8550226988130892,q_small,0.25,within_domain
ttr,0.38945454545454544,0.8129090909090909,4.519426100485698,q_small,0.3,raw
hapax,0.22334090909090906,0.7122045454545455,5.0338211435887015,q_small,0.3,raw
top1_share,0.09809090909090909,0.03513636363636364,-2.0170978995793347,q_small,0.3,raw
top10_share,0.4404318181818182,0.1743181818181818,-2.8228758363845565,q_small,0.3,raw
word_entropy,3.9456168531823166,5.054957889571978,3.2026072627199627,q_small,0.3,raw
zipf_slope,-0.7781530036048959,-0.29843101128481725,3.6237182133412325,q_small,0.3,raw
content_ratio,0.5788181818181818,0.6904545454545454,1.6444102522722268,q_small,0.3,raw
content_ttr,0.507792911072732,0.928570343640602,3.558710849962789,q_small,0.3,raw
bigram_repeat,0.3158675799086758,0.010136986301369888,-2.0408561422650484,q_small,0.3,raw
trigram_repeat,0.21589449541284403,0.0007798165137614644,-1.3063616501018882,q_small,0.3,raw
mean_word_len,4.432363636363636,5.080454545454546,1.2024108003618559,q_small,0.3,raw
long_word_rate,0.12309090909090908,0.17520454545454547,0.6633215280310766,q_small,0.3,raw
mean_sent_len,25.24515926827944,29.162339115133232,0.15475305385090324,q_small,0.3,raw
sd_sent_len,12.233879587789103,17.856262882382065,0.3631936639536803,q_small,0.3,raw
sent_len_burst,0.5147710878441341,0.5896752318708508,0.31714476907214983,q_small,0.3,raw
n_sents_per_100w,6.7681818181818185,4.040909090909091,-0.8883187441686468,q_small,0.3,raw
subordinator_rate,0.022954545454545453,0.03175,0.47784146303500036,q_small,0.3,raw
function_rate,0.42118181818181816,0.3095454545454545,-1.6444102522722268,q_small,0.3,raw
connective_rate,0.001681818181818182,0.002227272727272727,0.11990964988052727,q_small,0.3,raw
hedge_rate,0.003909090909090909,0.006431818181818183,0.356864785650307,q_small,0.3,raw
pron12_rate,0.03679545454545455,0.023636363636363636,-0.37230203625996416,q_small,0.3,raw
comma_rate,0.009211490899920828,0.00456663832405274,-0.8386980301134039,q_small,0.3,raw
punct_rate,0.024291805267227507,0.014859328515032712,-0.8713819530050475,q_small,0.3,raw
quote_rate,0.00791043657832214,0.0039042284644367027,-0.38921919291103296,q_small,0.3,raw
paren_rate,0.002836156648114771,0.002281101655807622,-0.0944117847793364,q_small,0.3,raw
dash_rate,0.0016328549466852855,0.0017390721680461308,0.03668777416049302,q_small,0.3,raw
digit_rate,0.009200200203299144,0.004774804097347259,-0.3640537720557627,q_small,0.3,raw
upper_rate,0.02789415527561978,0.02072902590480476,-0.4095031736571675,q_small,0.3,raw
linebreak_per_100w,0.8363636363636364,0.013636363636363636,-0.4433119779789228,q_small,0.3,raw
bullet_rate,0.06363636363636363,0.0022727272727272726,-0.1764117296522466,q_small,0.3,raw
question_rate,0.03639377593954892,0.07288760463392815,0.27932781402332657,q_small,0.3,raw
exclaim_rate,0.013456982514953466,0.1163711329520153,0.5795808689269715,q_small,0.3,raw
mean_log_rank,4.676361781575504,5.4360973785901345,1.5960718996203398,q_small,0.3,raw
rare_word_rate,0.0736590909090909,0.13129545454545455,0.9608317209069595,q_small,0.3,raw
ttr,-0.20181848738729477,0.18624789620882637,3.7523855261693715,q_small,0.3,within_domain
hapax,-0.21736683728423425,0.2269065465253005,4.05379162458982,q_small,0.3,within_domain
top1_share,0.03188743004517321,-0.028576413662863533,-1.930065420421266,q_small,0.3,within_domain
top10_share,0.13516703680762793,-0.1130879763388851,-2.5322603554956853,q_small,0.3,within_domain
word_entropy,-0.5793460541129191,0.453077722274367,2.8434786694938086,q_small,0.3,within_domain
zipf_slope,-0.22413891346142933,0.21391956460976352,3.125431560236604,q_small,0.3,within_domain
content_ratio,-0.0344790042281665,0.05974292365813323,1.4574788996179218,q_small,0.3,within_domain
content_ttr,-0.2363928469491461,0.15518117923060493,3.15224634273796,q_small,0.3,within_domain
bigram_repeat,0.203411272958357,-0.09049984365913386,-1.9545568721955058,q_small,0.3,within_domain
trigram_repeat,0.16116717251580615,-0.05173257443569529,-1.302096925566726,q_small,0.3,within_domain
mean_word_len,-0.26427287616043393,0.28879666947027555,1.380765967576135,q_small,0.3,within_domain
long_word_rate,-0.024103149522751763,0.019578215319632504,0.7985574120644583,q_small,0.3,within_domain
mean_sent_len,2.885425974034456,5.043089014182443,0.08924127441866173,q_small,0.3,within_domain
sd_sent_len,0.8357650599490188,5.559350137796259,0.30851900357504436,q_small,0.3,within_domain
sent_len_burst,0.0019464493367930174,0.07377708814473603,0.3168492014198628,q_small,0.3,within_domain
n_sents_per_100w,1.1897854034930413,-1.226128357769178,-0.897861694234397,q_small,0.3,within_domain
subordinator_rate,-0.0033404113189835077,0.005236508615107264,0.470792898002858,q_small,0.3,within_domain
function_rate,0.034479004228166514,-0.05974292365813319,-1.457478899617921,q_small,0.3,within_domain
connective_rate,-0.0002743157858900793,0.0003907669037983071,0.149132205290465,q_small,0.3,within_domain
hedge_rate,-0.001337655397991955,0.002043460842199503,0.5088231338227399,q_small,0.3,within_domain
pron12_rate,0.005879623722127862,-0.002120917334538096,-0.2602182549589093,q_small,0.3,within_domain
comma_rate,0.001572213976638135,-0.0028001198695375563,-0.806401892746553,q_small,0.3,within_domain
punct_rate,0.00459912448246515,-0.003807210471037939,-0.8674407844732346,q_small,0.3,within_domain
quote_rate,0.00285928975821629,-0.0009961873713918111,-0.39884974964242287,q_small,0.3,within_domain
paren_rate,0.0004615511370026063,-0.00012794039823630233,-0.10479996466034117,q_small,0.3,within_domain
dash_rate,8.02320364034589e-05,6.770302575747871e-05,-0.0044932629972462635,q_small,0.3,within_domain
digit_rate,0.003849477991610467,-0.0017520994826229195,-0.4860395388526864,q_small,0.3,within_domain
upper_rate,0.005280219365200246,-0.0038379444411955643,-0.5815218545153404,q_small,0.3,within_domain
linebreak_per_100w,-0.03182242737259038,-0.031000625190362455,0.0006257012236109408,q_small,0.3,within_domain
bullet_rate,0.008917026614220338,-0.0036522312360284994,-0.04158438940572069,q_small,0.3,within_domain
question_rate,-0.007991305850930719,0.03431202603686579,0.3428498652061233,q_small,0.3,within_domain
exclaim_rate,-0.026375935548960398,0.07460856185368106,0.6032461421817518,q_small,0.3,within_domain
mean_log_rank,-0.2699410925722107,0.358193810460518,1.4139409181463214,q_small,0.3,within_domain
rare_word_rate,-0.03100448033593444,0.015203777473060072,0.8477108808314349,q_small,0.3,within_domain
ttr,0.38936363636363636,0.8055227272727272,4.418265043230858,q_small,0.35,raw
hapax,0.2243181818181818,0.7027954545454546,4.895336711258015,q_small,0.35,raw
top1_share,0.09818181818181819,0.036727272727272726,-1.9685870613329415,q_small,0.35,raw
top10_share,0.44193181818181815,0.17934090909090913,-2.7904658006793284,q_small,0.35,raw
word_entropy,3.9430423770775285,5.0382215886980255,3.1610493351130917,q_small,0.35,raw
zipf_slope,-0.7791908072690293,-0.3074884544086134,3.5649419141700553,q_small,0.35,raw
content_ratio,0.5792499999999999,0.6863636363636364,1.6048037250415679,q_small,0.35,raw
content_ttr,0.5081231341127702,0.9245085280606662,3.5061975310929765,q_small,0.35,raw
bigram_repeat,0.3148630136986301,0.010844748858447516,-2.0280289934688054,q_small,0.35,raw
trigram_repeat,0.21440366972477065,0.000894495412844033,-1.2967184701076357,q_small,0.35,raw
mean_word_len,4.414977272727273,5.079454545454546,1.248004503147291,q_small,0.35,raw
long_word_rate,0.12111363636363634,0.1766136363636364,0.7110190821297874,q_small,0.35,raw
mean_sent_len,25.20075241781996,28.39372387416505,0.12738337481500198,q_small,0.35,raw
sd_sent_len,12.26785607780272,16.851196447522025,0.30369841829958805,q_small,0.35,raw
sent_len_burst,0.5175382332536462,0.5739341252764371,0.24326548130697895,q_small,0.35,raw
n_sents_per_100w,6.763636363636364,4.097727272727273,-0.872015381996157,q_small,0.35,raw
subordinator_rate,0.022840909090909092,0.03168181818181818,0.48237598334456894,q_small,0.35,raw
function_rate,0.42075,0.31363636363636366,-1.604803725041566,q_small,0.35,raw
connective_rate,0.0017727272727272724,0.0023636363636363638,0.12911096252589038,q_small,0.35,raw
hedge_rate,0.0039545454545454545,0.006590909090909092,0.368472131040582,q_small,0.35,raw
pron12_rate,0.0368409090909091,0.022750000000000003,-0.40100006197301813,q_small,0.35,raw
comma_rate,0.009372297530137233,0.004476372027886921,-0.9753784919913535,q_small,0.35,raw
punct_rate,0.024462729958022313,0.014745543672508313,-0.9178360330647403,q_small,0.35,raw
quote_rate,0.008060368636981707,0.0038672462944292474,-0.4038947829279203,q_small,0.35,raw
paren_rate,0.0028840812783451934,0.0021669264839746807,-0.12228004874253388,q_small,0.35,raw
dash_rate,0.0015464313759322452,0.0017810535293743197,0.08160773713626693,q_small,0.35,raw
digit_rate,0.009104925911858566,0.004571577652828301,-0.3779414238472351,q_small,0.35,raw
upper_rate,0.027969204065035492,0.02006946981571072,-0.47300777417233036,q_small,0.35,raw
linebreak_per_100w,1.4863636363636363,0.03409090909090909,-0.2980092117133907,q_small,0.35,raw
bullet_rate,0.04090909090909091,0.0022727272727272726,-0.1578718160170598,q_small,0.35,raw
question_rate,0.03900486660327116,0.0728161760624996,0.25607727749711356,q_small,0.35,raw
exclaim_rate,0.01498295654092749,0.11038319931702284,0.5465431223066021,q_small,0.35,raw
mean_log_rank,4.674269725689766,5.400926463233368,1.5980710066971378,q_small,0.35,raw
rare_word_rate,0.07431818181818181,0.1273409090909091,0.9776736611526613,q_small,0.35,raw
ttr,-0.20070549859675027,0.1796152713301555,3.672067530184486,q_small,0.35,within_domain
hapax,-0.21505282565145273,0.2187054179623076,3.9604215494937174,q_small,0.35,within_domain
top1_share,0.031921374758743015,-0.026850349165264947,-1.8745657856363245,q_small,0.35,within_domain
top10_share,0.13593196245144631,-0.10815277114581658,-2.4991334948360833,q_small,0.35,within_domain
word_entropy,-0.5789467040035444,0.43682114051972,2.797408682227625,q_small,0.35,within_domain
zipf_slope,-0.22375566853016793,0.2058535690617581,3.074745343253422,q_small,0.35,within_domain
content_ratio,-0.03327677940484596,0.05606996826214154,1.4041097817103245,q_small,0.35,within_domain
content_ttr,-0.23501089904587807,0.15132992188321936,3.0995045917417667,q_small,0.35,within_domain
bigram_repeat,0.20204768872678572,-0.08912768509980674,-1.9367491401952017,q_small,0.35,within_domain
trigram_repeat,0.1596817467662589,-0.05079984207866023,-1.2888335560679736,q_small,0.35,within_domain
mean_word_len,-0.27128653155511323,0.27543831388944784,1.3796682218761764,q_small,0.35,within_domain
long_word_rate,-0.02457607967241207,0.018725017347855165,0.8024072581332976,q_small,0.35,within_domain
mean_sent_len,2.9134457797061923,4.260190210566109,0.056287854735327846,q_small,0.35,within_domain
sd_sent_len,0.873756131990261,4.61002093188406,0.25121153347221115,q_small,0.35,within_domain
sent_len_burst,0.004115832926386523,0.06002856945277834,0.2524708800984443,q_small,0.35,within_domain
n_sents_per_100w,1.1622880568367395,-1.1489050870262474,-0.8633340888430067,q_small,0.35,within_domain
subordinator_rate,-0.0035029825639870133,0.005148537948982004,0.47626637717801357,q_small,0.35,within_domain
function_rate,0.03327677940484598,-0.0560699682621415,-1.404109781710324,q_small,0.35,within_domain
connective_rate,-0.00013156259193926055,0.00042567091094719784,0.12512133045270055,q_small,0.35,within_domain
hedge_rate,-0.0013179870888860162,0.002120060237170598,0.5121862191234742,q_small,0.35,within_domain
pron12_rate,0.006069013284106339,-0.002731400934075883,-0.28643598546457705,q_small,0.35,within_domain
comma_rate,0.0017053308430690795,-0.002912160517012946,-0.9321505318404499,q_small,0.35,within_domain
punct_rate,0.004693409339342461,-0.003851322583629171,-0.9033583754276087,q_small,0.35,within_domain
quote_rate,0.00293777040413241,-0.0009403946882880042,-0.39750734947830074,q_small,0.35,within_domain
paren_rate,0.0005257015343724203,-0.00021106985897586378,-0.13175381968803782,q_small,0.35,within_domain
dash_rate,2.7753805278731586e-05,0.00010710391317658564,0.028647008357475162,q_small,0.35,within_domain
digit_rate,0.003757128542078141,-0.0018585446474159598,-0.4945901862118517,q_small,0.35,within_domain
upper_rate,0.0053882318865486264,-0.004286499677288267,-0.6418843956619484,q_small,0.35,within_domain
linebreak_per_100w,0.5951489421988494,-0.04290517064490791,-0.14993589219592857,q_small,0.35,within_domain
bullet_rate,-0.009591614423714444,-0.005247685781483044,0.019524439711346254,q_small,0.35,within_domain
question_rate,-0.005789289665606401,0.034852777027584804,0.32588685891422653,q_small,0.35,within_domain
exclaim_rate,-0.024689566912959645,0.06964610237045134,0.5730823073051335,q_small,0.35,within_domain
mean_log_rank,-0.2681075674525196,0.32695100829911594,1.3968709265701478,q_small,0.35,within_domain
rare_word_rate,-0.030232579574820465,0.011943607906304672,0.8395973797943738,q_small,0.35,within_domain
ttr,0.3900681818181819,0.7981136363636364,4.216024157941315,q_small,0.4,raw
hapax,0.225,0.693659090909091,4.629037718421587,q_small,0.4,raw
top1_share,0.09790909090909089,0.03793181818181818,-1.9043909080404324,q_small,0.4,raw
top10_share,0.4412954545454545,0.18404545454545457,-2.697787061025527,q_small,0.4,raw
word_entropy,3.945254228217568,5.020961295036631,3.064684237299136,q_small,0.4,raw
zipf_slope,-0.7784527329596878,-0.31604426921029694,3.4294705567492363,q_small,0.4,raw
content_ratio,0.5798636363636364,0.6847045454545454,1.583684930738198,q_small,0.4,raw
content_ttr,0.5087490246642232,0.9192570161185634,3.4214440800866073,q_small,0.4,raw
bigram_repeat,0.31383561643835617,0.012625570776255732,-2.001195301080497,q_small,0.4,raw
trigram_repeat,0.2138302752293578,0.0012614678899082526,-1.2892719199507663,q_small,0.4,raw
mean_word_len,4.408977272727273,5.108681818181819,1.3188974852753557,q_small,0.4,raw
long_word_rate,0.12095454545454544,0.1818181818181818,0.778563557843846,q_small,0.4,raw
mean_sent_len,25.1509850396043,28.29863229907348,0.12556710404075666,q_small,0.4,raw
sd_sent_len,12.283525011773799,16.45321747479296,0.27573655887896376,q_small,0.4,raw
sent_len_burst,0.5207464004440795,0.5587346997761665,0.16334203876699327,q_small,0.4,raw
n_sents_per_100w,6.797727272727273,4.1022727272727275,-0.8785283290515653,q_small,0.4,raw
subordinator_rate,0.02288636363636364,0.031136363636363632,0.44684745950634425,q_small,0.4,raw
function_rate,0.42013636363636364,0.31529545454545455,-1.5836849307381988,q_small,0.4,raw
connective_rate,0.0018181818181818182,0.0025681818181818184,0.16040005014708944,q_small,0.4,raw
hedge_rate,0.003931818181818182,0.006750000000000001,0.3901065337803547,q_small,0.4,raw
pron12_rate,0.036886363636363634,0.020613636363636365,-0.47355562012046143,q_small,0.4,raw
comma_rate,0.009351006204172032,0.004616014346863303,-0.9377919278535927,q_small,0.4,raw
punct_rate,0.024478112109662373,0.014714610550288268,-0.9248011148983563,q_small,0.4,raw
quote_rate,0.008159852196063135,0.003770639826484349,-0.4214370384651096,q_small,0.4,raw
paren_rate,0.0029197021469635942,0.0021478853900994328,-0.13159694330094776,q_small,0.4,raw
dash_rate,0.0015466901883921446,0.0017402132389143143,0.0700330974744485,q_small,0.4,raw
digit_rate,0.009119846259534665,0.004390325277727623,-0.39554400906187637,q_small,0.4,raw
upper_rate,0.028077862441125943,0.019367219413654116,-0.5446553291736618,q_small,0.4,raw
linebreak_per_100w,1.7340909090909091,0.09090909090909091,-0.3019722974331913,q_small,0.4,raw
bullet_rate,0.04090909090909091,0.0022727272727272726,-0.1578718160170598,q_small,0.4,raw
question_rate,0.041418659706719436,0.07139950939583294,0.223924728800483,q_small,0.4,raw
exclaim_rate,0.01391152796949892,0.10354174910057264,0.514348931785652,q_small,0.4,raw
mean_log_rank,4.675105176740301,5.3881149326579365,1.6293922416343503,q_small,0.4,raw
rare_word_rate,0.07400000000000001,0.12543181818181817,1.022366217241799,q_small,0.4,raw
ttr,-0.19964950496525632,0.17394656488631619,3.529638834216755,q_small,0.4,within_domain
hapax,-0.21389105928085017,0.21194933285196527,3.7856087318854117,q_small,0.4,within_domain
top1_share,0.03162787407354743,-0.025610482334327164,-1.808427755736981,q_small,0.4,within_domain
top10_share,0.1351513562063812,-0.10403716220417429,-2.4198295678006048,q_small,0.4,within_domain
word_entropy,-0.5760768221952935,0.42262620491672964,2.71723966835427,q_small,0.4,within_domain
zipf_slope,-0.22263232219235152,0.19932296819479134,2.9742345749663057,q_small,0.4,within_domain
content_ratio,-0.032857775990476165,0.05320764503076067,1.3579774325823093,q_small,0.4,within_domain
content_ttr,-0.23393378458134614,0.14893283362120968,3.0373395011103304,q_small,0.4,within_domain
bigram_repeat,0.20107980192196745,-0.08843126965773575,-1.9172343522349387,q_small,0.4,within_domain
trigram_repeat,0.15922469273214612,-0.051013008709600065,-1.2856501649672476,q_small,0.4,within_domain
mean_word_len,-0.28079851605093004,0.2764473540145284,1.4108117627976742,q_small,0.4,within_domain
long_word_rate,-0.02535181552716578,0.01973244963930051,0.8390782144270439,q_small,0.4,within_domain
mean_sent_len,2.881005448160748,4.074906719242972,0.04990005767360324,q_small,0.4,within_domain
sd_sent_len,0.903255772094506,4.269350278770748,0.2262039172054324,q_small,0.4,within_domain
sent_len_burst,0.0076519728182909506,0.05025798472623128,0.19272395866024802,q_small,0.4,within_domain
n_sents_per_100w,1.2057965874669603,-1.0766732088791482,-0.8485241153066183,q_small,0.4,within_domain
subordinator_rate,-0.003486809510194655,0.004715530214455228,0.4492384062066754,q_small,0.4,within_domain
function_rate,0.032857775990476186,-0.053207645030760614,-1.3579774325823086,q_small,0.4,within_domain
connective_rate,-8.847989068229824e-05,0.0005367040816714459,0.13876302644443117,q_small,0.4,within_domain
hedge_rate,-0.0013370283834391642,0.0021395226013551823,0.5137261180982908,q_small,0.4,within_domain
pron12_rate,0.0063398087297093595,-0.0037604729149792065,-0.3378632931010128,q_small,0.4,within_domain
comma_rate,0.0016584757558675029,-0.0027526885686228607,-0.8831344086084905,q_small,0.4,within_domain
punct_rate,0.004728145204565708,-0.0035846536638788834,-0.8826222219050426,q_small,0.4,within_domain
quote_rate,0.0030630337986719005,-0.0008773454177499644,-0.4024432254263079,q_small,0.4,within_domain
paren_rate,0.0005374255940847298,-0.00026635044614607727,-0.14370179755799223,q_small,0.4,within_domain
dash_rate,2.2966863213444094e-05,3.5294018006698174e-05,0.004642734930694837,q_small,0.4,within_domain
digit_rate,0.003751657246891634,-0.002032085078172455,-0.5104614569781609,q_small,0.4,within_domain
upper_rate,0.005532101278210615,-0.004727891357066441,-0.7100253167827032,q_small,0.4,within_domain
linebreak_per_100w,0.8061090758152332,-0.0483614206449079,-0.1795801985083516,q_small,0.4,within_domain
bullet_rate,-0.009815241371479324,-0.006174958508755772,0.01635725471565878,q_small,0.4,within_domain
question_rate,-0.002989049965501402,0.03551941147912188,0.30465290227678155,q_small,0.4,within_domain
exclaim_rate,-0.0252539844579472,0.06640304913338688,0.5566765386528871,q_small,0.4,within_domain
mean_log_rank,-0.2684490320331831,0.3103773694553081,1.3898166368858618,q_small,0.4,within_domain
rare_word_rate,-0.03078874553643593,0.010484036883146287,0.863231936203948,q_small,0.4,within_domain
ttr,0.3946918335901387,0.7824772727272727,3.68134139725478,q_small,0.45,raw
hapax,0.23093335901386752,0.6742499999999998,3.94675343138292,q_small,0.45,raw
top1_share,0.0972493579866461,0.04093181818181818,-1.7405220179177596,q_small,0.45,raw
top10_share,0.439819209039548,0.19488636363636366,-2.4753921560558965,q_small,0.45,raw
word_entropy,3.9535421587225916,4.983874671900448,2.8224773910567347,q_small,0.45,raw
zipf_slope,-0.7729175785519906,-0.33436659364174576,3.074830432637633,q_small,0.45,raw
content_ratio,0.5837054442732409,0.6787272727272727,1.3873370309090345,q_small,0.45,raw
content_ttr,0.512068233314191,0.9091035384109378,3.1737120999494604,q_small,0.45,raw
bigram_repeat,0.3111755396430054,0.016027397260273996,-1.9374019780287033,q_small,0.45,raw
trigram_repeat,0.21277522935779816,0.001995412844036692,-1.2737069069549298,q_small,0.45,raw
mean_word_len,4.413952362609142,5.123431818181818,1.3277153930040126,q_small,0.45,raw
long_word_rate,0.12183680020544427,0.18675,0.8250710707794994,q_small,0.45,raw
mean_sent_len,25.125886797203428,28.271604988149107,0.12595470496236874,q_small,0.45,raw
sd_sent_len,12.592235379937613,16.3305867544277,0.2432498410829286,q_small,0.45,raw
sent_len_burst,0.531391682427792,0.5523775979896764,0.08685160708069474,q_small,0.45,raw
n_sents_per_100w,6.810130970724191,4.081818181818182,-0.8888145432457649,q_small,0.45,raw
subordinator_rate,0.02241397021058038,0.030249999999999996,0.4252531178191367,q_small,0.45,raw
function_rate,0.4162945557267591,0.32127272727272727,-1.3873370309090347,q_small,0.45,raw
connective_rate,0.0018863636363636365,0.0027954545454545454,0.19154538913701888,q_small,0.45,raw
hedge_rate,0.003795454545454545,0.006636363636363637,0.4021673093187743,q_small,0.45,raw
pron12_rate,0.03618733949666154,0.020204545454545454,-0.46699395706460184,q_small,0.45,raw
comma_rate,0.00933315398622496,0.004995181092009458,-0.8362224528503908,q_small,0.45,raw
punct_rate,0.024579178748834096,0.014659826966960623,-0.9391301277297726,q_small,0.45,raw
quote_rate,0.008248299257663981,0.0034920034134461207,-0.456232127335341,q_small,0.45,raw
paren_rate,0.0032279628473431583,0.0020750333716532455,-0.18717166416159736,q_small,0.45,raw
dash_rate,0.0017045201856644475,0.0017344944089416408,0.010313657007794097,q_small,0.45,raw
digit_rate,0.010382913718108415,0.004065724273956468,-0.43839462283869396,q_small,0.45,raw
upper_rate,0.028526193534511503,0.019052137590817916,-0.5626862570381945,q_small,0.45,raw
linebreak_per_100w,1.85,0.18409090909090906,-0.2998059189457297,q_small,0.45,raw
bullet_rate,0.022727272727272724,0.025,0.008093563925553353,q_small,0.45,raw
question_rate,0.039588302563862296,0.06802296722884957,0.21844002489904824,q_small,0.45,raw
exclaim_rate,0.014387718445689392,0.08992789359333477,0.46452803896437705,q_small,0.45,raw
mean_log_rank,4.705385307670562,5.353416697865344,1.394672633162515,q_small,0.45,raw
rare_word_rate,0.07622573189522341,0.1235681818181818,0.8990719887406022,q_small,0.45,raw
ttr,-0.19569070528419702,0.16079328252107378,3.18061607153107,q_small,0.45,within_domain
hapax,-0.20886341726369778,0.19609259144587626,3.3582606450633117,q_small,0.45,within_domain
top1_share,0.03100037187018736,-0.022661009846947754,-1.6636819311758106,q_small,0.45,within_domain
top10_share,0.13386862879629408,-0.09400454920897307,-2.247133149463483,q_small,0.45,within_domain
word_entropy,-0.5690792168749024,0.3893879786505008,2.537104303428359,q_small,0.45,within_domain
zipf_slope,-0.2177649910012436,0.18408837664767103,2.717468438643911,q_small,0.45,within_domain
content_ratio,-0.029490674251514547,0.04759357931807269,1.1781747317109617,q_small,0.45,within_domain
content_ttr,-0.23136808668958675,0.1409449423638618,2.862635177610729,q_small,0.45,within_domain
bigram_repeat,0.19900799602227412,-0.08510643223567939,-1.861973669829982,q_small,0.45,within_domain
trigram_repeat,0.15852101173212704,-0.049671993289511204,-1.26883604744937,q_small,0.45,within_domain
mean_word_len,-0.276360406749369,0.2731367553938479,1.378105506208236,q_small,0.45,within_domain
long_word_rate,-0.02466215035965626,0.021272986661146843,0.8491031393266731,q_small,0.45,within_domain
mean_sent_len,2.996632480160556,4.136097088688594,0.04769060957647689,q_small,0.45,within_domain
sd_sent_len,1.257806023836918,4.279625803498568,0.19917240848654721,q_small,0.45,within_domain
sent_len_burst,0.01747748296671355,0.04794682469475292,0.13232392420573075,q_small,0.45,within_domain
n_sents_per_100w,1.1955896548474567,-1.056784899204867,-0.8338834475816868,q_small,0.45,within_domain
subordinator_rate,-0.003951615051719424,0.0038877452554639176,0.4309686744816242,q_small,0.45,within_domain
function_rate,0.029490674251514574,-0.047593579318072655,-1.1781747317109617,q_small,0.45,within_domain
connective_rate,-1.6287381185297755e-05,0.0006529289498501365,0.14716802186092942,q_small,0.45,within_domain
hedge_rate,-0.0013721191661577137,0.0019283985969308541,0.49353273691303884,q_small,0.45,within_domain
pron12_rate,0.005658103573938605,-0.003562240164023073,-0.3111999785249075,q_small,0.45,within_domain
comma_rate,0.0016246071754910732,-0.002344506707235335,-0.774709424303455,q_small,0.45,within_domain
punct_rate,0.004770233129263264,-0.0034312712169635,-0.8719422892528497,q_small,0.45,within_domain
quote_rate,0.003166470036042721,-0.0009863564178371122,-0.42290754858527796,q_small,0.45,within_domain
paren_rate,0.0007951402217217621,-0.0003577860625602648,-0.1953082929790084,q_small,0.45,within_domain
dash_rate,0.00017037217507979367,-1.3217151874070766e-05,-0.06573455529998976,q_small,0.45,within_domain
digit_rate,0.004985326186302178,-0.0022178672221593075,-0.523960168679669,q_small,0.45,within_domain
upper_rate,0.005909056288397311,-0.0047665539377665074,-0.7024684227088495,q_small,0.45,within_domain
linebreak_per_100w,0.8802945705191273,-0.050138355016715874,-0.19304966980270036,q_small,0.45,within_domain
bullet_rate,-0.02768560320046414,0.010797104821172727,0.1479588100850508,q_small,0.45,within_domain
question_rate,-0.004589978574484525,0.03386479779098381,0.3125340181082827,q_small,0.45,within_domain
exclaim_rate,-0.025957678723637457,0.054142100198784605,0.5244294427849153,q_small,0.45,within_domain
mean_log_rank,-0.24237115079206772,0.2807460979667818,1.1938866482295805,q_small,0.45,within_domain
rare_word_rate,-0.029194257388150936,0.009416633032637914,0.7863693094493197,q_small,0.45,within_domain
ttr,0.40372562387392896,0.7732727272727273,3.269696534482292,q_small,0.5,raw
hapax,0.2414611367916453,0.6628863636363637,3.486378791641654,q_small,0.5,raw
top1_share,0.09538872787601602,0.042227272727272724,-1.622681742807528,q_small,0.5,raw
top10_share,0.43440723212757104,0.20034090909090907,-2.287252201219253,q_small,0.5,raw
word_entropy,3.9766946202516187,4.9629259770224925,2.5869864638065376,q_small,0.5,raw
zipf_slope,-0.7635370553690598,-0.3452935544185769,2.797196664338433,q_small,0.5,raw
content_ratio,0.5879672287850254,0.6757045454545454,1.2385250464457782,q_small,0.5,raw
content_ttr,0.5212116608247834,0.9027035764301956,2.9044283390277807,q_small,0.5,raw
bigram_repeat,0.29996525109739186,0.01805936073059363,-1.795386756290933,q_small,0.5,raw
trigram_repeat,0.20518728842663003,0.002454128440366967,-1.2073349793629256,q_small,0.5,raw
mean_word_len,4.3839559701127495,5.129,1.4316888766445515,q_small,0.5,raw
long_word_rate,0.1170209031395472,0.18825000000000003,0.9333622685141356,q_small,0.5,raw
mean_sent_len,24.828781452072946,27.594771960066083,0.11098127189629034,q_small,0.5,raw
sd_sent_len,12.669955288588561,15.696682621154828,0.19970690618760192,q_small,0.5,raw
sent_len_burst,0.5429707187899919,0.5447339715889428,0.007414685742037938,q_small,0.5,raw
n_sents_per_100w,6.898695184288403,4.170454545454545,-0.892739286492295,q_small,0.5,raw
subordinator_rate,0.021648698445308617,0.02965909090909091,0.4321951944029687,q_small,0.5,raw
function_rate,0.41203277121497456,0.3242954545454545,-1.238525046445779,q_small,0.5,raw
connective_rate,0.0018483645983645984,0.002909090909090909,0.22058630383382904,q_small,0.5,raw
hedge_rate,0.0032499999999999994,0.006409090909090909,0.47525546084095716,q_small,0.5,raw
pron12_rate,0.03674770505702709,0.019863636363636368,-0.49544827419610815,q_small,0.5,raw
comma_rate,0.0094431502977449,0.005194077740533547,-0.812580014887802,q_small,0.5,raw
punct_rate,0.025010814712949535,0.01487903312027829,-0.9634688682109003,q_small,0.5,raw
quote_rate,0.00829693120029283,0.003352091164434976,-0.47375258092360345,q_small,0.5,raw
paren_rate,0.003690780470949326,0.0020299144867023857,-0.26590204172810805,q_small,0.5,raw
dash_rate,0.001639849150382359,0.001723788683237174,0.03017415876065669,q_small,0.5,raw
digit_rate,0.010876806806331336,0.003978272607492144,-0.48037777893385714,q_small,0.5,raw
upper_rate,0.03037122333969201,0.019003651586503502,-0.6376301476045123,q_small,0.5,raw
linebreak_per_100w,1.8386363636363638,0.20681818181818185,-0.292979522752927,q_small,0.5,raw
bullet_rate,0.05227272727272728,0.025,-0.05147478275196506,q_small,0.5,raw
question_rate,0.03769355314851792,0.06659439580027815,0.23077067617258842,q_small,0.5,raw
exclaim_rate,0.01623295654092749,0.08728869945414063,0.4365260103081839,q_small,0.5,raw
mean_log_rank,4.753530491317358,5.3324519179367,1.192939287394684,q_small,0.5,raw
rare_word_rate,0.0817429276624192,0.12222727272727273,0.7457368151191016,q_small,0.5,raw
ttr,-0.18805800646142232,0.15380961035517057,2.9004535536272535,q_small,0.5,within_domain
hapax,-0.19980103068519425,0.1877960081881217,3.049855573993465,q_small,0.5,within_domain
top1_share,0.029530774159483134,-0.021310499891361565,-1.5522723938001597,q_small,0.5,within_domain
top10_share,0.12957427395633048,-0.08931312473238479,-2.10582888064156,q_small,0.5,within_domain
word_entropy,-0.550031000764074,0.37225002127250856,2.362902342402328,q_small,0.5,within_domain
zipf_slope,-0.21009987677353487,0.17568128035082722,2.526008248618131,q_small,0.5,within_domain
content_ratio,-0.025986114206043746,0.04537841292766965,1.0635670841657598,q_small,0.5,within_domain
content_ttr,-0.2232562806835184,0.13648332847977834,2.6554047502150326,q_small,0.5,within_domain
bigram_repeat,0.18910605159195995,-0.08366801389852126,-1.7401877670863999,q_small,0.5,within_domain
trigram_repeat,0.15177831297274663,-0.04934425705080793,-1.2109193812853998,q_small,0.5,within_domain
mean_word_len,-0.2920378295469105,0.2709785992515419,1.4265995503315303,q_small,0.5,within_domain
long_word_rate,-0.02700793547956604,0.02134236246011148,0.9005663937162721,q_small,0.5,within_domain
mean_sent_len,2.944663942132807,3.6300789975841483,0.028829401093289533,q_small,0.5,within_domain
sd_sent_len,1.391445571188629,3.772089158370445,0.15934375123710734,q_small,0.5,within_domain
sent_len_burst,0.027255531568845907,0.04290618822354638,0.0686402830484953,q_small,0.5,within_domain
n_sents_per_100w,1.2467611294794991,-0.9717792258913182,-0.8217647199820575,q_small,0.5,within_domain
subordinator_rate,-0.004707551063546759,0.003281783389771593,0.4374703515209326,q_small,0.5,within_domain
function_rate,0.025986114206043777,-0.045378412927669594,-1.0635670841657596,q_small,0.5,within_domain
connective_rate,5.843554801316705e-05,0.0006600435026015196,0.13091659320870627,q_small,0.5,within_domain
hedge_rate,-0.0017972601599482985,0.0015709541020732698,0.5273877004198075,q_small,0.5,within_domain
pron12_rate,0.006573532780271391,-0.004003435880738851,-0.3580971687544381,q_small,0.5,within_domain
comma_rate,0.0016993245629874348,-0.0021346362937120335,-0.7383832729966577,q_small,0.5,within_domain
punct_rate,0.005081288810280427,-0.003148843173303267,-0.8750310884490744,q_small,0.5,within_domain
quote_rate,0.0031251789085264257,-0.001082775341960736,-0.4277641321996686,q_small,0.5,within_domain
paren_rate,0.0012599140357664523,-0.00033700733999706545,-0.26721001380217024,q_small,0.5,within_domain
dash_rate,0.00013850084643812996,-1.6403764454652167e-05,-0.05715982312646851,q_small,0.5,within_domain
digit_rate,0.005377295161908158,-0.002135457959144715,-0.5452646301033839,q_small,0.5,within_domain
upper_rate,0.007486982070881624,-0.004539603632451832,-0.7460810867329527,q_small,0.5,within_domain
linebreak_per_100w,0.9122417576288244,-0.0694041364263175,-0.20352490380876764,q_small,0.5,within_domain
bullet_rate,0.005740022913072798,0.005355531787464864,-0.0007846661725835606,q_small,0.5,within_domain
question_rate,-0.006109317916802966,0.032615798451820735,0.32934367644061074,q_small,0.5,within_domain
exclaim_rate,-0.02458880797809399,0.05270863374689583,0.504922429906786,q_small,0.5,within_domain
mean_log_rank,-0.20292281474633525,0.27020005699530886,1.0461459229167465,q_small,0.5,within_domain
rare_word_rate,-0.024994038868387154,0.009779500256696083,0.6976954314463378,q_small,0.5,within_domain
ttr,0.41402107841938346,0.7547954545454545,2.7981603695661166,q_small,0.55,raw
hapax,0.2518929549734634,0.6399545454545454,2.9587496072890085,q_small,0.55,raw
top1_share,0.09384327333056146,0.04456818181818182,-1.4850315090471868,q_small,0.55,raw
top10_share,0.42681632303666206,0.21186363636363637,-2.0147237957607085,q_small,0.55,raw
word_entropy,4.005925263585132,4.920499540740327,2.282684363287837,q_small,0.55,raw
zipf_slope,-0.750739484113885,-0.36702129085828006,2.4273721428237542,q_small,0.55,raw
content_ratio,0.5935581378759345,0.6686363636363636,1.043896891480583,q_small,0.55,raw
content_ttr,0.5304391141769713,0.8898329312242393,2.573539276476471,q_small,0.55,raw
bigram_repeat,0.2903077168508165,0.023356164383561664,-1.6555864858357823,q_small,0.55,raw
trigram_repeat,0.19897169209635482,0.0040137614678899015,-1.1471679931974652,q_small,0.55,raw
mean_word_len,4.375660515567295,5.136681818181818,1.4353523249666669,q_small,0.55,raw
long_word_rate,0.11306635768500176,0.19215909090909095,1.0430594450033135,q_small,0.55,raw
mean_sent_len,24.35617207701388,26.977062414709472,0.10520319818259258,q_small,0.55,raw
sd_sent_len,12.473920113804084,14.880468718938328,0.16064002580093556,q_small,0.55,raw
sent_len_burst,0.5447332660802267,0.5276210260437875,-0.0732782273641338,q_small,0.55,raw
n_sents_per_100w,7.030513366106586,4.25,-0.9187929090763295,q_small,0.55,raw
subordinator_rate,0.020898698445308613,0.02886363636363636,0.4375651890540304,q_small,0.55,raw
function_rate,0.40644186212406547,0.3313636363636364,-1.0438968914805822,q_small,0.55,raw
connective_rate,0.0017347282347282347,0.0032499999999999994,0.3104038861262028,q_small,0.55,raw
hedge_rate,0.003386363636363636,0.006545454545454545,0.47633681072449946,q_small,0.55,raw
pron12_rate,0.037634068693390726,0.019931818181818182,-0.5033828123472996,q_small,0.55,raw
comma_rate,0.009615249194716095,0.005594152618262255,-0.7562201063730891,q_small,0.55,raw
punct_rate,0.025638945224652057,0.014818172841482392,-1.0735163817094557,q_small,0.55,raw
quote_rate,0.008373493886129714,0.0031212048833145663,-0.5068576339072507,q_small,0.55,raw
paren_rate,0.0038657504426403517,0.0019133174006031584,-0.31004553722018097,q_small,0.55,raw
dash_rate,0.0016253016402097132,0.0016186864900287763,-0.002386819888761999,q_small,0.55,raw
digit_rate,0.011748152605954203,0.003570912858868115,-0.5564210501071087,q_small,0.55,raw
upper_rate,0.03093728297361004,0.018787719576849504,-0.6867664521820561,q_small,0.55,raw
linebreak_per_100w,1.9136363636363638,0.2954545454545454,-0.2868199138311489,q_small,0.55,raw
bullet_rate,0.059090909090909104,0.038636363636363635,-0.037143477906039946,q_small,0.55,raw
question_rate,0.03765809993214365,0.05469558627646862,0.1499274726626626,q_small,0.55,raw
exclaim_rate,0.01792343273140368,0.07278365384615385,0.3707527456909546,q_small,0.55,raw
mean_log_rank,4.795872156293599,5.2892423014207886,0.9841149091222159,q_small,0.55,raw
rare_word_rate,0.08576565493514647,0.11890909090909091,0.5801903986349731,q_small,0.55,raw
ttr,-0.17866814344134851,0.13913253369474923,2.5569526413455645,q_small,0.55,within_domain
hapax,-0.19045694512070738,0.1698933302604182,2.693830677769783,q_small,0.55,within_domain
top1_share,0.028156939109314473,-0.01918578011058988,-1.4239230553888573,q_small,0.55,within_domain
top10_share,0.1224056867906862,-0.07949842819697181,-1.8752590757560457,q_small,0.55,within_domain
word_entropy,-0.5229212107636636,0.33711550857966294,2.1151739747597627,q_small,0.55,within_domain
zipf_slope,-0.1985155297064603,0.15842661820498516,2.243745683669098,q_small,0.55,within_domain
content_ratio,-0.01981603351126376,0.03929827789965711,0.8857052273525774,q_small,0.55,within_domain
content_ttr,-0.21572341754248953,0.12679316347849995,2.4163478551372557,q_small,0.55,within_domain
bigram_repeat,0.18037892336335626,-0.07901446501221022,-1.6147006427689243,q_small,0.55,within_domain
trigram_repeat,0.14619727519557377,-0.04739644408400864,-1.1531086409825722,q_small,0.55,within_domain
mean_word_len,-0.2768192470501822,0.25771356102504833,1.3351044050893148,q_small,0.55,within_domain
long_word_rate,-0.026786549503868714,0.021593696375177798,0.8905180644115992,q_small,0.55,within_domain
mean_sent_len,2.6168114404287133,3.1217884716383297,0.02124836795693114,q_small,0.55,within_domain
sd_sent_len,1.1841303247326642,3.077655084904157,0.12831424194647728,q_small,0.55,within_domain
sent_len_burst,0.025950290549987886,0.02972860542190484,0.01685843916709701,q_small,0.55,within_domain
n_sents_per_100w,1.3200781246161397,-0.8775177322601868,-0.8180818183134786,q_small,0.55,within_domain
subordinator_rate,-0.005302300719370472,0.0025647350937214653,0.4387338388317049,q_small,0.55,within_domain
function_rate,0.019816033511263785,-0.03929827789965708,-0.8857052273525772,q_small,0.55,within_domain
connective_rate,2.200850579897759e-05,0.0008265271956516001,0.17542880973175515,q_small,0.55,within_domain
hedge_rate,-0.0016748320972829417,0.0015012424327091412,0.49692920538118607,q_small,0.55,within_domain
pron12_rate,0.006811915249427512,-0.0036166036331413435,-0.3427447138777873,q_small,0.55,within_domain
comma_rate,0.001762233566465805,-0.0017584633073142876,-0.6662073381693374,q_small,0.55,within_domain
punct_rate,0.00539632379674988,-0.003103223331125561,-0.9319409322542263,q_small,0.55,within_domain
quote_rate,0.0030392465832555023,-0.0011429643527265446,-0.4254377046876749,q_small,0.55,within_domain
paren_rate,0.0015448286919434407,-0.00040188565292482406,-0.32541936311902225,q_small,0.55,within_domain
dash_rate,0.00019674829849235153,-0.00012431077167317483,-0.11932895584318783,q_small,0.55,within_domain
digit_rate,0.006277237189319173,-0.0023225782675714533,-0.6134902228074388,q_small,0.55,within_domain
upper_rate,0.007796389166037455,-0.004275748862455856,-0.7532757631743043,q_small,0.55,within_domain
linebreak_per_100w,1.04205978041387,-0.11551339006884839,-0.23853363442768963,q_small,0.55,within_domain
bullet_rate,-0.00016292584715786872,0.0035112872497862434,0.0071668589050262205,q_small,0.55,within_domain
question_rate,-0.007534791845191932,0.021466284614418688,0.2705585516961987,q_small,0.55,within_domain
exclaim_rate,-0.023839403247440372,0.03994193548590529,0.4531505557785547,q_small,0.55,within_domain
mean_log_rank,-0.15968332451837974,0.23982966512985449,0.8758608589107937,q_small,0.55,within_domain
rare_word_rate,-0.02152013292816111,0.008417946274454144,0.5809282877466693,q_small,0.55,within_domain
ttr,0.4250438056921108,0.7330227272727272,2.3622512054117615,q_small,0.6,raw
hapax,0.26393840951891795,0.6127727272727272,2.475437336877145,q_small,0.6,raw
top1_share,0.09407054605783419,0.04743181818181818,-1.3662565570621215,q_small,0.6,raw
top10_share,0.42088450485484385,0.2247727272727273,-1.7707388344105977,q_small,0.6,raw
word_entropy,4.0329337008007675,4.870177853071807,1.9912520154120046,q_small,0.6,raw
zipf_slope,-0.7379257778908038,-0.3926023275953891,2.0762335834746097,q_small,0.6,raw
content_ratio,0.5972854106032073,0.6606363636363636,0.8734406857679354,q_small,0.6,raw
content_ttr,0.5429064385597309,0.8742969258178853,2.245466982421643,q_small,0.6,raw
bigram_repeat,0.27900634698780286,0.0303881278538813,-1.498080766877866,q_small,0.6,raw
trigram_repeat,0.1904854535642447,0.006720183486238525,-1.0652623034073803,q_small,0.6,raw
mean_word_len,4.387228697385477,5.138772727272727,1.4028416525325804,q_small,0.6,raw
long_word_rate,0.11299817586681993,0.19513636363636366,1.070986184909955,q_small,0.6,raw
mean_sent_len,24.642603705264275,26.18153415212239,0.06102020898824873,q_small,0.6,raw
sd_sent_len,12.818049068864937,13.880998879127919,0.07062028428996388,q_small,0.6,raw
sent_len_burst,0.5524637032928306,0.5057795351050305,-0.2107489469688316,q_small,0.6,raw
n_sents_per_100w,6.955513366106586,4.406818181818182,-0.8481423896382078,q_small,0.6,raw
subordinator_rate,0.020671425718035884,0.028204545454545454,0.4156520902161905,q_small,0.6,raw
function_rate,0.4027145893967928,0.33936363636363637,-0.8734406857679371,q_small,0.6,raw
connective_rate,0.001712000962000962,0.003431818181818182,0.34632189714227873,q_small,0.6,raw
hedge_rate,0.0033181818181818178,0.006999999999999999,0.5117492287165333,q_small,0.6,raw
pron12_rate,0.035702250511572546,0.019386363636363636,-0.4646824375159884,q_small,0.6,raw
comma_rate,0.00975650054296704,0.005973407730199899,-0.6986076488066153,q_small,0.6,raw
punct_rate,0.025680557401738902,0.014735430951989911,-1.1303847228017505,q_small,0.6,raw
quote_rate,0.008589138852857907,0.002886741138736556,-0.5497667788656562,q_small,0.6,raw
paren_rate,0.004013061827226403,0.001757870893625067,-0.3586405729496971,q_small,0.6,raw
dash_rate,0.0016346121360831828,0.0016394796590009117,0.0017285766807382695,q_small,0.6,raw
digit_rate,0.012469849387372944,0.0033031748384522463,-0.619352523905728,q_small,0.6,raw
upper_rate,0.03183139067586217,0.018221262425983337,-0.7678121458904418,q_small,0.6,raw
linebreak_per_100w,2.109090909090909,0.42727272727272725,-0.2912071927368949,q_small,0.6,raw
bullet_rate,0.059090909090909104,0.038636363636363635,-0.03714347790603995,q_small,0.6,raw
question_rate,0.04011230500126807,0.04941693845370316,0.08535519064843168,q_small,0.6,raw
exclaim_rate,0.019613247546218494,0.054265796703296704,0.29110840244305386,q_small,0.6,raw
mean_log_rank,4.83206080693231,5.239436642808189,0.7974806446514185,q_small,0.6,raw
rare_word_rate,0.0922202003896919,0.11527272727272728,0.38739975484327444,q_small,0.6,raw
ttr,-0.16681417220338138,0.12263255554802381,2.2018418193570852,q_small,0.6,within_domain
hapax,-0.1772507610822696,0.1495477641578581,2.3103544211064118,q_small,0.6,within_domain
top1_share,0.02802538609841089,-0.01688791715014737,-1.3245421129143387,q_small,0.6,within_domain
top10_share,0.11597365372291053,-0.06919886685328787,-1.6688827392848935,q_small,0.6,within_domain
word_entropy,-0.4939806742449832,0.29775405848861686,1.8687529875193774,q_small,0.6,within_domain
zipf_slope,-0.18485169286073527,0.13899325202114293,1.9524181150150322,q_small,0.6,within_domain
content_ratio,-0.01665837560336461,0.032358785615110436,0.7389911012779313,q_small,0.6,within_domain
content_ttr,-0.2025046210758467,0.11587866990516044,2.1300667628060173,q_small,0.6,within_domain
bigram_repeat,0.16942386592179354,-0.07350280961594419,-1.471309508462965,q_small,0.6,within_domain
trigram_repeat,0.13842353817597558,-0.044627512489853735,-1.0754993193934452,q_small,0.6,within_domain
mean_word_len,-0.26468062925364433,0.23783114195124477,1.2448108113938303,q_small,0.6,within_domain
long_word_rate,-0.026589926934053612,0.0210381716828803,0.8575446582862966,q_small,0.6,within_domain
mean_sent_len,3.098004917011705,2.5489388069077097,-0.022942816712217394,q_small,0.6,within_domain
sd_sent_len,1.599277855046831,2.2810917743327788,0.046187433017581936,q_small,0.6,within_domain
sent_len_burst,0.03363817578249299,0.014115585626260497,-0.09110267396729489,q_small,0.6,within_domain
n_sents_per_100w,1.2282412063749368,-0.7191827345355642,-0.7339648481582224,q_small,0.6,within_domain
subordinator_rate,-0.005475442183709448,0.0021029007625088273,0.42649048158152303,q_small,0.6,within_domain
function_rate,0.016658375603364636,-0.03235878561511039,-0.7389911012779309,q_small,0.6,within_domain
connective_rate,6.220109511897582e-05,0.0008100868698241782,0.15948638042307892,q_small,0.6,within_domain
hedge_rate,-0.001654458795043211,0.0016998695180895737,0.4835112877297604,q_small,0.6,within_domain
pron12_rate,0.005727528833601625,-0.0033503844722440625,-0.2971584210277443,q_small,0.6,within_domain
comma_rate,0.0018025122493587399,-0.001404600337502159,-0.594842114276797,q_small,0.6,within_domain
punct_rate,0.005379645723827892,-0.0030458268977248387,-0.9600950242147458,q_small,0.6,within_domain
quote_rate,0.0032544588710308854,-0.0012126345103685551,-0.45513413412984177,q_small,0.6,within_domain
paren_rate,0.0016846448925971489,-0.00047613574395507005,-0.3626132028549925,q_small,0.6,within_domain
dash_rate,0.00019402048172504418,-0.00011348177180879294,-0.11316592282233622,q_small,0.6,within_domain
digit_rate,0.006695058205561781,-0.002425793833325381,-0.6480467215655783,q_small,0.6,within_domain
upper_rate,0.008278361893611405,-0.004489820592413058,-0.7918392216926639,q_small,0.6,within_domain
linebreak_per_100w,1.188368025500427,-0.13957954130619757,-0.26799844195937217,q_small,0.6,within_domain
bullet_rate,-0.007087812520378427,-0.018102397781243406,-0.021046936961143715,q_small,0.6,within_domain
question_rate,-0.0043148302252275055,0.01741817709422086,0.21162619140328173,q_small,0.6,within_domain
exclaim_rate,-0.020333752118005796,0.02388289883087271,0.3820753660418897,q_small,0.6,within_domain
mean_log_rank,-0.1335197757854851,0.20275593326520722,0.7351025479143776,q_small,0.6,within_domain
rare_word_rate,-0.017586520926464434,0.006288570466822826,0.45357536050496877,q_small,0.6,within_domain
ttr,0.43897562387392897,0.7143409090909091,2.022208506696553,q_small,0.65,raw
hapax,0.27730204588255436,0.5905,2.1297542489048893,q_small,0.65,raw
top1_share,0.0900705460578342,0.0501590909090909,-1.1538766097485977,q_small,0.65,raw
top10_share,0.4105663230366621,0.2366136363636364,-1.517182060161163,q_small,0.65,raw
word_entropy,4.075721843970861,4.8252646154952785,1.7158254125331855,q_small,0.65,raw
zipf_slope,-0.7212696021266868,-0.414261095260338,1.7820253933784544,q_small,0.65,raw
content_ratio,0.6042854106032072,0.6548181818181819,0.678738818072629,q_small,0.65,raw
content_ttr,0.5559339605949498,0.8604938880034665,2.0001029378458575,q_small,0.65,raw
bigram_repeat,0.2645542921932823,0.037968036529680387,-1.3329799968232248,q_small,0.65,raw
trigram_repeat,0.18099004072020797,0.009449541284403663,-0.9826773466106429,q_small,0.65,raw
mean_word_len,4.393569606476387,5.160931818181819,1.431706324523737,q_small,0.65,raw
long_word_rate,0.11331635768500174,0.20186363636363638,1.1514461982648476,q_small,0.65,raw
mean_sent_len,24.521035173893107,25.80067684766214,0.050998296289710726,q_small,0.65,raw
sd_sent_len,12.966230545177707,13.26023222220183,0.01980286733284478,q_small,0.65,raw
sent_len_burst,0.5679946077697865,0.4893065059353789,-0.3576206844803521,q_small,0.65,raw
n_sents_per_100w,6.964604275197496,4.425,-0.8559606338162192,q_small,0.65,raw
subordinator_rate,0.020398698445308616,0.027045454545454546,0.3689289077203808,q_small,0.65,raw
function_rate,0.3957145893967928,0.34518181818181815,-0.6787388180726291,q_small,0.65,raw
connective_rate,0.0016438191438191438,0.003977272727272727,0.4602568185841724,q_small,0.65,raw
hedge_rate,0.0034772727272727273,0.007045454545454546,0.49242252412069426,q_small,0.65,raw
pron12_rate,0.036679523238845275,0.018204545454545456,-0.5354266851224648,q_small,0.65,raw
comma_rate,0.009710127242322945,0.006268834427878191,-0.6358235789188705,q_small,0.65,raw
punct_rate,0.02575293137021254,0.014745498563882926,-1.1438278469691747,q_small,0.65,raw
quote_rate,0.008880861699187573,0.002592554545958411,-0.6086861011749714,q_small,0.65,raw
paren_rate,0.004257195540176071,0.0016569967281340372,-0.3976563862526439,q_small,0.65,raw
dash_rate,0.0018050678028833519,0.0016177539487779603,-0.061747838258359354,q_small,0.65,raw
digit_rate,0.013293056598463302,0.0030870977676455843,-0.6494545452907317,q_small,0.65,raw
upper_rate,0.03195992898468633,0.0171794863425255,-0.8455479572945456,q_small,0.65,raw
linebreak_per_100w,2.2409090909090907,0.609090909090909,-0.27847391443862274,q_small,0.65,raw
bullet_rate,0.09545454545454547,0.04090909090909091,-0.08281975882317888,q_small,0.65,raw
question_rate,0.04403749993304196,0.04055502095943272,-0.035662670118554715,q_small,0.65,raw
exclaim_rate,0.01905564950700281,0.04853040709290709,0.25296510258837007,q_small,0.65,raw
mean_log_rank,4.897122550240918,5.191220327091917,0.5277362844841098,q_small,0.65,raw
rare_word_rate,0.10131110948060101,0.11061363636363636,0.1307030720633114,q_small,0.65,raw
ttr,-0.15090926360076481,0.1094526003875718,1.9012506825630098,q_small,0.65,within_domain
hapax,-0.1608992596995921,0.13460043949547748,2.0154941353750235,q_small,0.65,within_domain
top1_share,0.023952581693496143,-0.014424906843719498,-1.11770145722192,q_small,0.65,within_domain
top10_share,0.10503752527369585,-0.05982001964800247,-1.4363649675483199,q_small,0.65,within_domain
word_entropy,-0.4480865997983128,0.263082719501902,1.6157413314980327,q_small,0.65,within_domain
zipf_slope,-0.16607915487086436,0.12379215285955024,1.6897104421901306,q_small,0.65,within_domain
content_ratio,-0.008052847888384862,0.028598806946483344,0.5371394510154388,q_small,0.65,within_domain
content_ttr,-0.18868305404544664,0.10582874303895606,1.9082424569312577,q_small,0.65,within_domain
bigram_repeat,0.15559659635176315,-0.06624520869760725,-1.311485071871046,q_small,0.65,within_domain
trigram_repeat,0.12995529004431738,-0.0406702319039685,-0.9916248388727918,q_small,0.65,within_domain
mean_word_len,-0.2392818835707363,0.23697172721519788,1.1436591865023356,q_small,0.65,within_domain
long_word_rate,-0.023652006417875685,0.02330746884727202,0.8146682439170675,q_small,0.65,within_domain
mean_sent_len,3.193844355879204,2.236241816526249,-0.04028999850642431,q_small,0.65,within_domain
sd_sent_len,1.8261092418738494,1.8592459899559861,0.0022820698046354996,q_small,0.65,within_domain
sent_len_burst,0.046746310922106835,0.005134402706930146,-0.196119060257907,q_small,0.65,within_domain
n_sents_per_100w,1.1839758047200035,-0.6690177757886855,-0.7007063694585426,q_small,0.65,within_domain
subordinator_rate,-0.0057071603358894015,0.0011878155180076561,0.3925941023449287,q_small,0.65,within_domain
function_rate,0.008052847888384885,-0.028598806946483302,-0.5371394510154385,q_small,0.65,within_domain
connective_rate,2.4152851293788475e-05,0.0010876821006685362,0.22429243481006894,q_small,0.65,within_domain
hedge_rate,-0.0014846921660906975,0.0014081475634324329,0.4103333496608816,q_small,0.65,within_domain
pron12_rate,0.005639551963183218,-0.003916094456504245,-0.3210727126381394,q_small,0.65,within_domain
comma_rate,0.001629587191656125,-0.0011912940804419568,-0.5235653757519492,q_small,0.65,within_domain
punct_rate,0.005153369953703747,-0.0029102117332829554,-0.9154825316854449,q_small,0.65,within_domain
quote_rate,0.0035331741901693608,-0.0012793091655114441,-0.4919848183859512,q_small,0.65,within_domain
paren_rate,0.001993807389479826,-0.00047594798447311723,-0.39928486734158236,q_small,0.65,within_domain
dash_rate,0.00039212833781778644,-0.00013216562560708302,-0.17948559710295892,q_small,0.65,within_domain
digit_rate,0.0073423461688402495,-0.002386771536975049,-0.6541348790032973,q_small,0.65,within_domain
upper_rate,0.00806141836652398,-0.004959575702635535,-0.8156403607339675,q_small,0.65,within_domain
linebreak_per_100w,1.3149696925674226,-0.14569283931436916,-0.2917137460087383,q_small,0.65,within_domain
bullet_rate,0.017685932514343514,-0.02554983522968268,-0.07032239218423476,q_small,0.65,within_domain
question_rate,-0.001330771561706267,0.010026717109864178,0.12244995472963179,q_small,0.65,within_domain
exclaim_rate,-0.021163716623888256,0.020335671372600103,0.3681048062473673,q_small,0.65,within_domain
mean_log_rank,-0.06073449783390195,0.1693123572726339,0.45974733383926897,q_small,0.65,within_domain
rare_word_rate,-0.00893199165392852,0.0030996427082063556,0.1914164426354482,q_small,0.65,within_domain
ttr,0.450975623873929,0.6917954545454547,1.7287940939031563,q_small,0.7,raw
hapax,0.2898475004280089,0.5622727272727273,1.8143283318823573,q_small,0.7,raw
top1_share,0.08743418242147055,0.053136363636363634,-0.9949120785946811,q_small,0.7,raw
top10_share,0.40222541394575295,0.2490909090909091,-1.3199420247544404,q_small,0.7,raw
word_entropy,4.110883316725762,4.774338753682414,1.4909761780715036,q_small,0.7,raw
zipf_slope,-0.7069934758946278,-0.44075995362272075,1.5241700345835123,q_small,0.7,raw
content_ratio,0.6076717742395707,0.6460681818181819,0.5106048685751804,q_small,0.7,raw
content_ttr,0.5697613121014328,0.8433636572562054,1.7538912093704628,q_small,0.7,raw
bigram_repeat,0.25311593602889876,0.0458219178082192,-1.205379979591678,q_small,0.7,raw
trigram_repeat,0.1733065544816759,0.012339449541284395,-0.9161949482458144,q_small,0.7,raw
mean_word_len,4.401092333749114,5.167340909090908,1.4185061998987514,q_small,0.7,raw
long_word_rate,0.11399817586681993,0.20518181818181816,1.1852013067783835,q_small,0.7,raw
mean_sent_len,24.503536700144632,24.84943142641672,0.014078645632974354,q_small,0.7,raw
sd_sent_len,13.113572511324342,11.816510411490775,-0.09531171503964467,q_small,0.7,raw
sent_len_burst,0.576216866911337,0.4657406973592578,-0.5191511649942597,q_small,0.7,raw
n_sents_per_100w,6.960058820652041,4.486363636363636,-0.8410457859657898,q_small,0.7,raw
subordinator_rate,0.02026233480894498,0.026318181818181817,0.3347585675165756,q_small,0.7,raw
function_rate,0.3923282257604292,0.35393181818181824,-0.5106048685751774,q_small,0.7,raw
connective_rate,0.0015074555074555073,0.004272727272727273,0.5360054666735786,q_small,0.7,raw
hedge_rate,0.003568181818181818,0.007250000000000001,0.5035220386632383,q_small,0.7,raw
pron12_rate,0.037656795966118,0.01709090909090909,-0.6028537223859496,q_small,0.7,raw
comma_rate,0.009692971787926018,0.006749119339228513,-0.5455907731682996,q_small,0.7,raw
punct_rate,0.025949024993235374,0.015070723810812084,-1.1352789336263356,q_small,0.7,raw
quote_rate,0.00882909318451879,0.002471503194823746,-0.6238787739164324,q_small,0.7,raw
paren_rate,0.004409029004476654,0.0015637807046155654,-0.43345633038972875,q_small,0.7,raw
dash_rate,0.0018646619555246725,0.0016187623238088406,-0.07984430673914007,q_small,0.7,raw
digit_rate,0.01303824552012089,0.0027459925786781038,-0.6591333867247883,q_small,0.7,raw
upper_rate,0.032613423259027476,0.017056875644748545,-0.8833853543965523,q_small,0.7,raw
linebreak_per_100w,2.3704545454545456,0.675,-0.2858884746903833,q_small,0.7,raw
bullet_rate,0.16363636363636364,0.02727272727272727,-0.1691888180598875,q_small,0.7,raw
question_rate,0.04599484120288322,0.035257401911813674,-0.10851695775342064,q_small,0.7,raw
exclaim_rate,0.017269935221288522,0.03909420440670441,0.2044620865186106,q_small,0.7,raw
mean_log_rank,4.9280516663105125,5.144605166241636,0.3843035131332942,q_small,0.7,raw
rare_word_rate,0.10501565493514647,0.10772727272727273,0.03758265779569453,q_small,0.7,raw
ttr,-0.13824306708964845,0.09016787652304997,1.644900952165099,q_small,0.7,within_domain
hapax,-0.14705003804662678,0.1107582395986998,1.7409799831938415,q_small,0.7,within_domain
top1_share,0.021387872392282306,-0.011282394459349492,-0.9555417582481355,q_small,0.7,within_domain
top10_share,0.09672303197902782,-0.04862618244809906,-1.257578239970331,q_small,0.7,within_domain
word_entropy,-0.4127400980138709,0.2176809197672072,1.4133718435638074,q_small,0.7,within_domain
zipf_slope,-0.1511271161219733,0.10125381679160828,1.4632582892449373,q_small,0.7,within_domain
content_ratio,-0.003647764466948155,0.02041618367365044,0.35745770223331585,q_small,0.7,within_domain
content_ttr,-0.17534618013234884,0.09168140389247138,1.695417341555145,q_small,0.7,within_domain
bigram_repeat,0.14496909369361136,-0.05860652314229139,-1.1917853974082122,q_small,0.7,within_domain
trigram_repeat,0.12315553418690378,-0.03714019350872559,-0.9268205525780085,q_small,0.7,within_domain
mean_word_len,-0.21643896330362164,0.21783967633965473,1.0487108629908724,q_small,0.7,within_domain
long_word_rate,-0.021076705846066864,0.022333099594285092,0.7515368492315981,q_small,0.7,within_domain
mean_sent_len,3.488978980173606,1.2429487105269392,-0.09685118147290843,q_small,0.7,within_domain
sd_sent_len,2.0993147012167808,0.5255723966887038,-0.118725729826404,q_small,0.7,within_domain
sent_len_burst,0.0538434797003158,-0.012428635542592712,-0.3218799471672028,q_small,0.7,within_domain
n_sents_per_100w,1.1335253227242794,-0.5586088165306018,-0.6480459971541349,q_small,0.7,within_domain
subordinator_rate,-0.005666550612107618,0.0005287263530640863,0.35105808923735804,q_small,0.7,within_domain
function_rate,0.003647764466948174,-0.020416183673650404,-0.35745770223331563,q_small,0.7,within_domain
connective_rate,-0.00011841949965843039,0.0012096132471090613,0.27759515320944395,q_small,0.7,within_domain
hedge_rate,-0.0013822940876394303,0.001319880813518093,0.3801741811240044,q_small,0.7,within_domain
pron12_rate,0.005241706798518123,-0.0042682609483854364,-0.32748881330185825,q_small,0.7,within_domain
comma_rate,0.001568105902671301,-0.0007985717141899718,-0.44055876905485336,q_small,0.7,within_domain
punct_rate,0.005141291072169468,-0.0024308198495006476,-0.8636414366645704,q_small,0.7,within_domain
quote_rate,0.0034583757726623088,-0.0011888949226406193,-0.4809312767546429,q_small,0.7,within_domain
paren_rate,0.002192957029940694,-0.0005505748104825583,-0.44299944835266697,q_small,0.7,within_domain
dash_rate,0.00046079832744816174,-0.00012162297958823881,-0.19660316172266895,q_small,0.7,within_domain
digit_rate,0.007292844055691519,-0.002544761086454768,-0.6676877836448902,q_small,0.7,within_domain
upper_rate,0.00879895658537335,-0.0045057266548207105,-0.8283495483820004,q_small,0.7,within_domain
linebreak_per_100w,1.391653721981405,-0.2012469442684039,-0.3135878622337683,q_small,0.7,within_domain
bullet_rate,0.06483548040580514,-0.040016203679778366,-0.13701890485064439,q_small,0.7,within_domain
question_rate,-9.504493143559223e-06,0.006318543522184095,0.06710553495592946,q_small,0.7,within_domain
exclaim_rate,-0.023569970578315814,0.013729505345005206,0.3557387851570542,q_small,0.7,within_domain
mean_log_rank,-0.02340180429247851,0.12978290520437674,0.3072608307850281,q_small,0.7,within_domain
rare_word_rate,-0.0048958935523044115,0.0015102244001802538,0.10002711998160844,q_small,0.7,within_domain
ttr,0.4635892602375653,0.6643636363636364,1.4086267648951232,q_small,0.75,raw
hapax,0.3055975004280089,0.5283181818181818,1.461840248360802,q_small,0.75,raw
top1_share,0.08695690969419782,0.05693181818181818,-0.8601079879810554,q_small,0.75,raw
top10_share,0.3964299594002984,0.26554545454545453,-1.1057435002624274,q_small,0.75,raw
word_entropy,4.1393893298087985,4.709800266046316,1.2518544491347063,q_small,0.75,raw
zipf_slope,-0.6942844081204552,-0.4731162063056904,1.242270080509584,q_small,0.75,raw
content_ratio,0.6074899560577527,0.635659090909091,0.378434980573292,q_small,0.75,raw
content_ttr,0.5859986008841541,0.8229222127166058,1.4645250675025654,q_small,0.75,raw
bigram_repeat,0.24309310497867045,0.05636986301369865,-1.0709971584575906,q_small,0.75,raw
trigram_repeat,0.16626527007800618,0.016330275229357788,-0.8515332441961355,q_small,0.75,raw
mean_word_len,4.404842333749113,5.1501363636363635,1.39611573176225,q_small,0.75,raw
long_word_rate,0.11336181223045629,0.20611363636363633,1.2246269834141748,q_small,0.75,raw
mean_sent_len,25.10554081173079,24.392166020254255,-0.028994721097926474,q_small,0.75,raw
sd_sent_len,13.313734321954199,11.213811424087536,-0.15458942688894117,q_small,0.75,raw
sent_len_burst,0.5661353902496308,0.44967380914759436,-0.5785544450191357,q_small,0.75,raw
n_sents_per_100w,6.798695184288404,4.55,-0.76881516965042,q_small,0.75,raw
subordinator_rate,0.019921425718035887,0.02559090909090909,0.3164514969638009,q_small,0.75,raw
function_rate,0.39251004394224737,0.3643409090909091,-0.37843498057329134,q_small,0.75,raw
connective_rate,0.0016665464165464164,0.004522727272727273,0.5505072872528306,q_small,0.75,raw
hedge_rate,0.003431818181818182,0.007227272727272726,0.5103601551588036,q_small,0.75,raw
pron12_rate,0.036406795966118,0.016772727272727272,-0.5897934947660143,q_small,0.75,raw
comma_rate,0.009612862133284899,0.00709756970311019,-0.4755088464714051,q_small,0.75,raw
punct_rate,0.025572744188565776,0.015318555393205337,-1.0719618853937916,q_small,0.75,raw
quote_rate,0.008532180909335932,0.0023721717599949495,-0.6086264270024052,q_small,0.75,raw
paren_rate,0.004400276796240213,0.0014631073747858345,-0.44941360366857097,q_small,0.75,raw
dash_rate,0.001841257780768278,0.0016471090797576722,-0.06454679149821484,q_small,0.75,raw
digit_rate,0.013120696797560442,0.0026880007019435626,-0.6670785410193808,q_small,0.75,raw
upper_rate,0.03204610089410461,0.017132302972864347,-0.8611550181664646,q_small,0.75,raw
linebreak_per_100w,2.415909090909091,0.7977272727272726,-0.27287393010918815,q_small,0.75,raw
bullet_rate,0.12272727272727274,0.02727272727272727,-0.1367405813106746,q_small,0.75,raw
question_rate,0.04311061973120046,0.026689146637676048,-0.17975297866783227,q_small,0.75,raw
exclaim_rate,0.01798339333180546,0.03276896714396715,0.14319996826749912,q_small,0.75,raw
mean_log_rank,4.9336432767139025,5.079323861255475,0.2604061781151054,q_small,0.75,raw
rare_word_rate,0.107311109480601,0.10388636363636364,-0.047748304243906366,q_small,0.75,raw
ttr,-0.12286668957286587,0.06809796269540637,1.339654153302097,q_small,0.75,within_domain
hapax,-0.1276338845739125,0.08386875315379343,1.3988804516420081,q_small,0.75,within_domain
top1_share,0.020517582388740754,-0.007835414007229579,-0.8181211170237249,q_small,0.75,within_domain
top10_share,0.08954863666985062,-0.03459658795740352,-1.0512369280234617,q_small,0.75,within_domain
word_entropy,-0.3785304915019334,0.1636160204315369,1.1857630952572014,q_small,0.75,within_domain
zipf_slope,-0.13515322992745643,0.07509707860464238,1.1926915581512443,q_small,0.75,within_domain
content_ratio,-0.003680534462352784,0.011825103775768406,0.2379144621148463,q_small,0.75,within_domain
content_ttr,-0.1566561879834438,0.07552595355270789,1.4139116970325993,q_small,0.75,within_domain
bigram_repeat,0.13413683381359323,-0.049037575044881286,-1.0584443449351502,q_small,0.75,within_domain
trigram_repeat,0.11637712995460284,-0.03254898909129725,-0.8606469105864167,q_small,0.75,within_domain
mean_word_len,-0.2168657433174051,0.18647039850338554,1.001279280240992,q_small,0.75,within_domain
long_word_rate,-0.022556096446762038,0.020408133055979775,0.7593170918278523,q_small,0.75,within_domain
mean_sent_len,4.046989321373857,0.8547430883115765,-0.1377511136273043,q_small,0.75,within_domain
sd_sent_len,2.361497882407147,0.061857326518157695,-0.17442064980894473,q_small,0.75,within_domain
sent_len_burst,0.047306310985391606,-0.02271301192147348,-0.3608350637731999,q_small,0.75,within_domain
n_sents_per_100w,1.0149548874097385,-0.46642793962747603,-0.5775136964194215,q_small,0.75,within_domain
subordinator_rate,-0.005826364827521014,-1.3726061737541484e-06,0.3311807435917777,q_small,0.75,within_domain
function_rate,0.003680534462352796,-0.011825103775768371,-0.23791446211484596,q_small,0.75,within_domain
connective_rate,5.531989432684324e-05,0.0012909757240318481,0.2561562101373055,q_small,0.75,within_domain
hedge_rate,-0.0015295377547080756,0.0010162002746248013,0.3501820802617753,q_small,0.75,within_domain
pron12_rate,0.004456106213852428,-0.004006376578946235,-0.2941730810476921,q_small,0.75,within_domain
comma_rate,0.0014745815168145165,-0.0004920122011746168,-0.3753915985780298,q_small,0.75,within_domain
punct_rate,0.004909275329710957,-0.002052306679226455,-0.800749882602087,q_small,0.75,within_domain
quote_rate,0.0033229241705115074,-0.0011136264085334904,-0.46081641077992563,q_small,0.75,within_domain
paren_rate,0.0021492216017560146,-0.0005741040681204903,-0.44214851488338364,q_small,0.75,within_domain
dash_rate,0.00039772409130976543,-8.580363440990412e-05,-0.1689605293351877,q_small,0.75,within_domain
digit_rate,0.007028448273055103,-0.0024744201177320365,-0.6390601829367353,q_small,0.75,within_domain
upper_rate,0.007834893247163936,-0.004004460228654811,-0.747043680025001,q_small,0.75,within_domain
linebreak_per_100w,1.3213686519541403,-0.22331658593291911,-0.30334022724419435,q_small,0.75,within_domain
bullet_rate,0.01743389662707206,-0.04750522811266176,-0.0988654063772285,q_small,0.75,within_domain
question_rate,-0.00039514364211093,-0.0009700050384747852,-0.006677479312798875,q_small,0.75,within_domain
exclaim_rate,-0.02245064187660029,0.009412235126504877,0.318787414249076,q_small,0.75,within_domain
mean_log_rank,-0.02482368437504318,0.07751798567205054,0.21024868058875854,q_small,0.75,within_domain
rare_word_rate,-0.004722916391088123,-0.0011026909505421473,0.0573545381478103,q_small,0.75,within_domain
ttr,0.47458926023756526,0.6327272727272727,1.0915100668045818,q_small,0.8,raw
hapax,0.31673386406437254,0.48929545454545453,1.1194945161097765,q_small,0.8,raw
top1_share,0.08579781878510692,0.06075,-0.7145236188193159,q_small,0.8,raw
top10_share,0.3891345048548439,0.2838636363636364,-0.8795080263163986,q_small,0.8,raw
word_entropy,4.169290147345932,4.635626240322881,1.0046084542471354,q_small,0.8,raw
zipf_slope,-0.6809360047780342,-0.5097501952310391,0.9515794009174589,q_small,0.8,raw
content_ratio,0.6046717742395709,0.6266818181818182,0.30236258649466163,q_small,0.8,raw
content_ttr,0.6007133347832122,0.794097323730282,1.1530813335509982,q_small,0.8,raw
bigram_repeat,0.23270497712478913,0.07223744292237445,-0.8990940810042689,q_small,0.8,raw
trigram_repeat,0.15975150861011625,0.024174311926605494,-0.7605242786323477,q_small,0.8,raw
mean_word_len,4.404819606476386,5.111227272727273,1.3069060731624313,q_small,0.8,raw
long_word_rate,0.11183908495772901,0.20424999999999996,1.2188061964324568,q_small,0.8,raw
mean_sent_len,24.894385838989002,23.316867862529627,-0.06535464212975119,q_small,0.8,raw
sd_sent_len,13.270407296617577,10.239592040181986,-0.2389972335844158,q_small,0.8,raw
sent_len_burst,0.5667028854052486,0.43984533290537536,-0.6682566852252012,q_small,0.8,raw
n_sents_per_100w,6.769149729742951,4.709090909090909,-0.7080882199089862,q_small,0.8,raw
subordinator_rate,0.021080516627126795,0.024340909090909087,0.17941797602495604,q_small,0.8,raw
function_rate,0.3953282257604291,0.37331818181818177,-0.30236258649466086,q_small,0.8,raw
connective_rate,0.0016665464165464166,0.0045000000000000005,0.5553137851995052,q_small,0.8,raw
hedge_rate,0.0037727272727272726,0.007295454545454545,0.46659394861941517,q_small,0.8,raw
pron12_rate,0.03822497778429982,0.015636363636363636,-0.695550195130504,q_small,0.8,raw
comma_rate,0.009254091524264464,0.007570904000165931,-0.32172734015887966,q_small,0.8,raw
punct_rate,0.024861609768378416,0.01602540127410275,-0.9371743871053917,q_small,0.8,raw
quote_rate,0.008361775120497622,0.002383565977830844,-0.6049791769849208,q_small,0.8,raw
paren_rate,0.003973098751966242,0.0013842706063931646,-0.4411444398376613,q_small,0.8,raw
dash_rate,0.0017111516478144205,0.001628476905661967,-0.0280283888756618,q_small,0.8,raw
digit_rate,0.011757577243945314,0.002582156707360858,-0.6089225436705222,q_small,0.8,raw
upper_rate,0.030921755502825114,0.017251963250186915,-0.7994829974825594,q_small,0.8,raw
linebreak_per_100w,2.2386363636363638,0.8477272727272727,-0.2385055318999937,q_small,0.8,raw
bullet_rate,0.08636363636363636,0.004545454545454545,-0.17302001964639804,q_small,0.8,raw
question_rate,0.042406721505243404,0.025137633200133198,-0.1921599674859815,q_small,0.8,raw
exclaim_rate,0.01798339333180546,0.022390762015762015,0.04940321254125692,q_small,0.8,raw
mean_log_rank,4.915923107721828,5.016727261094295,0.18375700740690162,q_small,0.8,raw
rare_word_rate,0.10619747311696465,0.1011590909090909,-0.07103668003844556,q_small,0.8,raw
ttr,-0.1078357041120298,0.0431940547278851,1.0492518506892714,q_small,0.8,within_domain
hapax,-0.11117163204077819,0.053516920344404924,1.0890878178220746,q_small,0.8,within_domain
top1_share,0.019134447185955143,-0.004662252579259899,-0.6823585496215445,q_small,0.8,within_domain
top10_share,0.08052943914701023,-0.01946921148627112,-0.836851366922176,q_small,0.8,within_domain
word_entropy,-0.34059092735852536,0.10372040730072069,0.9560086477175013,q_small,0.8,within_domain
zipf_slope,-0.11732942302240651,0.04620110141023419,0.9235471464425458,q_small,0.8,within_domain
content_ratio,-0.003817394766740988,0.00498358154163128,0.1393826535495242,q_small,0.8,within_domain
content_ttr,-0.13920761205967516,0.05275169772250357,1.1404406164525045,q_small,0.8,within_domain
bigram_repeat,0.12306106727389626,-0.035693419426165725,-0.8988613270623209,q_small,0.8,within_domain
trigram_repeat,0.11001157051521936,-0.025242736667921335,-0.7728988615215512,q_small,0.8,within_domain
mean_word_len,-0.20191243099423772,0.1493579539797312,0.8791401858531974,q_small,0.8,within_domain
long_word_rate,-0.022476896326053198,0.018026164535925066,0.7186756737903273,q_small,0.8,within_domain
mean_sent_len,4.067371841977582,0.01684443674999182,-0.17873365991763798,q_small,0.8,within_domain
sd_sent_len,2.4336655527370925,-0.7443368556587832,-0.25809740759444744,q_small,0.8,within_domain
sent_len_burst,0.048824257946957605,-0.028592578198951456,-0.4223681934397006,q_small,0.8,within_domain
n_sents_per_100w,0.970312471857664,-0.3117844026014034,-0.5095246253974791,q_small,0.8,within_domain
subordinator_rate,-0.004808847656610627,-0.001058281014386074,0.20932282360902893,q_small,0.8,within_domain
function_rate,0.003817394766740996,-0.004983581541631244,-0.13938265354952378,q_small,0.8,within_domain
connective_rate,2.6774867849874966e-05,0.0012072553292198109,0.24783097593988399,q_small,0.8,within_domain
hedge_rate,-0.0013436981632334937,0.0008819335852184634,0.30568333021023575,q_small,0.8,within_domain
pron12_rate,0.006105524484775313,-0.004802579609649737,-0.37954492629865416,q_small,0.8,within_domain
comma_rate,0.0010337536518079291,-3.4473398418311506e-05,-0.20761958354800067,q_small,0.8,within_domain
punct_rate,0.004139928725921407,-0.0012846487897678267,-0.6473054148900408,q_small,0.8,within_domain
quote_rate,0.003088347208032225,-0.001079459030044138,-0.4406393976953675,q_small,0.8,within_domain
paren_rate,0.0018008646508879656,-0.0006150416346376458,-0.43948920270370373,q_small,0.8,within_domain
dash_rate,0.0003021383135145127,-0.00011359412989063054,-0.14906816713008364,q_small,0.8,within_domain
digit_rate,0.00573232030633398,-0.0024698277938589915,-0.5738844951055128,q_small,0.8,within_domain
upper_rate,0.006908163833533962,-0.003670368328817871,-0.6858280403918318,q_small,0.8,within_domain
linebreak_per_100w,1.0975313496695585,-0.3018829915758691,-0.27625430282040203,q_small,0.8,within_domain
bullet_rate,-0.011303639556421014,-0.08076344328864644,-0.1458695852883258,q_small,0.8,within_domain
question_rate,-0.0016823297595622221,-0.00201119293530405,-0.003860349532041233,q_small,0.8,within_domain
exclaim_rate,-0.021701664824922133,0.001551476176789145,0.2550281890593231,q_small,0.8,within_domain
mean_log_rank,-0.02595247402765177,0.02986306989097953,0.11774834991212893,q_small,0.8,within_domain
rare_word_rate,-0.00515844907889452,-0.002823205067280379,0.038287403567955194,q_small,0.8,within_domain
ttr,0.49168016932847436,0.6064545454545454,0.7895757939725254,q_small,0.85,raw
hapax,0.3350747731552816,0.4563409090909091,0.7888559641353884,q_small,0.85,raw
top1_share,0.08402509151237965,0.06309090909090909,-0.5911766895699964,q_small,0.85,raw
top10_share,0.3780208684912075,0.29736363636363633,-0.6725912930367326,q_small,0.85,raw
word_entropy,4.21541252901568,4.576282541163181,0.7711871536198267,q_small,0.85,raw
zipf_slope,-0.6603838315526422,-0.5397357798052324,0.6743134471654139,q_small,0.85,raw
content_ratio,0.6065354106032071,0.6177727272727274,0.15531751348785805,q_small,0.85,raw
content_ttr,0.6221598209265699,0.7703747879120694,0.8660604698534594,q_small,0.85,raw
bigram_repeat,0.217841963426159,0.08630136986301372,-0.7266074453128522,q_small,0.85,raw
trigram_repeat,0.14956802237158418,0.03126146788990825,-0.6565572686663315,q_small,0.85,raw
mean_word_len,4.4395014246582045,5.075931818181818,1.1599173740994777,q_small,0.85,raw
long_word_rate,0.11347544859409267,0.20204545454545453,1.1636265615528094,q_small,0.85,raw
mean_sent_len,24.713417103745098,22.950270841129974,-0.07474418506783964,q_small,0.85,raw
sd_sent_len,12.465850289616448,9.736441078039418,-0.23698964207806775,q_small,0.85,raw
sent_len_burst,0.550490291717323,0.42703306954284515,-0.7003332270091928,q_small,0.85,raw
n_sents_per_100w,6.596422457015676,4.793181818181818,-0.6291790692744017,q_small,0.85,raw
subordinator_rate,0.02201233480894498,0.024386363636363637,0.12802338943976388,q_small,0.85,raw
function_rate,0.3934645893967928,0.3822272727272727,-0.15531751348785652,q_small,0.85,raw
connective_rate,0.0017574555074555073,0.0047272727272727275,0.5703938284595624,q_small,0.85,raw
hedge_rate,0.00409090909090909,0.007772727272727273,0.4627992431791526,q_small,0.85,raw
pron12_rate,0.03642952323884527,0.015204545454545455,-0.6901591990923915,q_small,0.85,raw
comma_rate,0.009022314207372737,0.007878652403606525,-0.22116031368556585,q_small,0.85,raw
punct_rate,0.024103527313761468,0.01627535270636863,-0.8492910459731814,q_small,0.85,raw
quote_rate,0.007739959037627126,0.0022838430070528802,-0.5798865218807243,q_small,0.85,raw
paren_rate,0.003922471522954115,0.001349443917799803,-0.46214173481298865,q_small,0.85,raw
dash_rate,0.001701283151851748,0.0016446451477370966,-0.01943693213666733,q_small,0.85,raw
digit_rate,0.011048054454450205,0.002392454521158992,-0.5981133610283472,q_small,0.85,raw
upper_rate,0.029417692133675108,0.01706720998372929,-0.7698579938464816,q_small,0.85,raw
linebreak_per_100w,2.0772727272727276,0.9727272727272727,-0.1917337270305466,q_small,0.85,raw
bullet_rate,0.08636363636363635,0.02954545454545454,-0.11054023655906119,q_small,0.85,raw
question_rate,0.04044778513269147,0.01617314812380602,-0.3143364218635489,q_small,0.85,raw
exclaim_rate,0.019981950330362458,0.01626260545010545,-0.058622576979514146,q_small,0.85,raw
mean_log_rank,4.92734343984025,4.953621965285491,0.0483473863942662,q_small,0.85,raw
rare_word_rate,0.10744747311696465,0.09522727272727273,-0.17591897199413353,q_small,0.85,raw
ttr,-0.08971335442625472,0.022121995620321085,0.7639467182317575,q_small,0.85,within_domain
hapax,-0.0906356398705106,0.02729029315561569,0.7672078216592886,q_small,0.85,within_domain
top1_share,0.01746860178463382,-0.0025720054151179934,-0.5688224520232438,q_small,0.85,within_domain
top10_share,0.06991830462369066,-0.0083629043299819,-0.6503350817957664,q_small,0.85,within_domain
word_entropy,-0.2943046655363563,0.05495642897674616,0.7405907310667531,q_small,0.85,within_domain
zipf_slope,-0.09578241906333368,0.022360531984312135,0.6630659370160552,q_small,0.85,within_domain
content_ratio,-0.0017956542244449848,-0.0012875867719629533,0.008036363821759974,q_small,0.85,within_domain
content_ttr,-0.11637833835899332,0.033066438515642366,0.8642985853680307,q_small,0.85,within_domain
bigram_repeat,0.10829294690611663,-0.022995173175694213,-0.7316832040672538,q_small,0.85,within_domain
trigram_repeat,0.1000616199969542,-0.01818686359793639,-0.6682858183426208,q_small,0.85,within_domain
mean_word_len,-0.16669292534244803,0.12039494695894083,0.7011685287167729,q_small,0.85,within_domain
long_word_rate,-0.020963511540368348,0.016120403483895273,0.6479044220579796,q_small,0.85,within_domain
mean_sent_len,3.8853799921869463,-0.08841257384304502,-0.17884838529619568,q_small,0.85,within_domain
sd_sent_len,1.6923316349304773,-1.0959565325820073,-0.24794040543215784,q_small,0.85,within_domain
sent_len_burst,0.034565338196403214,-0.03966921667055299,-0.43845953390330583,q_small,0.85,within_domain
n_sents_per_100w,0.8338877737473953,-0.25829061042788065,-0.4387964795181596,q_small,0.85,within_domain
subordinator_rate,-0.004040551457699577,-0.0010399362629058238,0.16391157254071068,q_small,0.85,within_domain
function_rate,0.001795654224444993,0.001287586771962984,-0.008036363821759616,q_small,0.85,within_domain
connective_rate,9.221859640149013e-05,0.00135424271139248,0.2605544127717025,q_small,0.85,within_domain
hedge_rate,-0.0010754775628736126,0.0011383493151865352,0.29166818442747316,q_small,0.85,within_domain
pron12_rate,0.0043152876156915135,-0.005815315390541928,-0.38094440790477974,q_small,0.85,within_domain
comma_rate,0.0007931609790454293,0.00019961287968205192,-0.11684475926478262,q_small,0.85,within_domain
punct_rate,0.0035072315375037477,-0.0011189393138263683,-0.5630185719438685,q_small,0.85,within_domain
quote_rate,0.0025434695353924496,-0.0011416119722081302,-0.4069402128260699,q_small,0.85,within_domain
paren_rate,0.0017268979747440032,-0.000598674329371817,-0.44877024216419403,q_small,0.85,within_domain
dash_rate,0.00027105980808525646,-7.023593052568798e-05,-0.12328698306664775,q_small,0.85,within_domain
digit_rate,0.004995458440031444,-0.0024523420777543686,-0.5433096634856044,q_small,0.85,within_domain
upper_rate,0.005553172515565582,-0.0035038819760527962,-0.6243453854769336,q_small,0.85,within_domain
linebreak_per_100w,0.958374781725138,-0.283887560013995,-0.24591913014345954,q_small,0.85,within_domain
bullet_rate,-0.012316236879604868,-0.0684789467130869,-0.10795910455093606,q_small,0.85,within_domain
question_rate,-0.0022092971091476404,-0.011259239864209394,-0.12454291976636452,q_small,0.85,within_domain
exclaim_rate,-0.018740561961807855,-0.004002826910306175,0.22165785170334767,q_small,0.85,within_domain
mean_log_rank,-0.013427213825330178,-0.012183900098928478,0.0026088635899765007,q_small,0.85,within_domain
rare_word_rate,-0.004124544951956453,-0.006791234373591908,-0.04396080496700095,q_small,0.85,within_domain
ttr,0.5200438056921108,0.5781136363636363,0.4024049226004238,q_small,0.9,raw
hapax,0.36473386406437247,0.42329545454545453,0.38181674718314895,q_small,0.9,raw
top1_share,0.07825236423965237,0.06738636363636363,-0.31584819611640835,q_small,0.9,raw
top10_share,0.3580663230366621,0.31527272727272726,-0.362607511003039,q_small,0.9,raw
word_entropy,4.2993627778207895,4.5062606679647494,0.44971495383380683,q_small,0.9,raw
zipf_slope,-0.630001973845375,-0.5721204790487738,0.32665303858821537,q_small,0.9,raw
content_ratio,0.6046717742395709,0.6098181818181818,0.07341504665226249,q_small,0.9,raw
content_ttr,0.657480890358054,0.7457834873663286,0.5097872903988135,q_small,0.9,raw
bigram_repeat,0.19119812780972067,0.10207762557077629,-0.5006781817941621,q_small,0.9,raw
trigram_repeat,0.13043958200461167,0.03917431192660549,-0.5225091833988762,q_small,0.9,raw
mean_word_len,4.419183242840022,5.04925,1.1592599867178588,q_small,0.9,raw
long_word_rate,0.10654363041227448,0.2005681818181818,1.2718322844062988,q_small,0.9,raw
mean_sent_len,24.98022823343666,22.809791149253225,-0.09208502226829599,q_small,0.9,raw
sd_sent_len,12.878124625658696,9.48571649825128,-0.28965022019942366,q_small,0.9,raw
sent_len_burst,0.5619607315960022,0.4141501232704978,-0.8281590231563276,q_small,0.9,raw
n_sents_per_100w,6.537331547924769,4.804545454545455,-0.6170312214578251,q_small,0.9,raw
subordinator_rate,0.02355778935439952,0.02422727272727273,0.04378216218035576,q_small,0.9,raw
function_rate,0.3953282257604292,0.3901818181818182,-0.0734150466522633,q_small,0.9,raw
connective_rate,0.001962000962000962,0.0047272727272727275,0.5175889613126675,q_small,0.9,raw
hedge_rate,0.00475,0.007363636363636363,0.3211682088775393,q_small,0.9,raw
pron12_rate,0.039838614147936185,0.01565909090909091,-0.7774185421981437,q_small,0.9,raw
comma_rate,0.008733835991649416,0.008199901437477387,-0.10251279164075587,q_small,0.9,raw
punct_rate,0.023775785877078973,0.016666520633481355,-0.776925369800277,q_small,0.9,raw
quote_rate,0.00802295788651606,0.0022016865422072734,-0.6188532004722628,q_small,0.9,raw
paren_rate,0.0033697324504926673,0.0012247916236382695,-0.40723411994595693,q_small,0.9,raw
dash_rate,0.001515216009221862,0.0017120596579373126,0.07239007684273902,q_small,0.9,raw
digit_rate,0.009277427952507604,0.0028037681335346372,-0.48193930561309656,q_small,0.9,raw
upper_rate,0.02743420560889753,0.01734755881619315,-0.6542560415532774,q_small,0.9,raw
linebreak_per_100w,0.7636363636363638,1.115909090909091,0.1395501969590689,q_small,0.9,raw
bullet_rate,0.01590909090909091,0.02954545454545454,0.05788334573597892,q_small,0.9,raw
question_rate,0.049191098026891096,0.01474482644548434,-0.4234948552315163,q_small,0.9,raw
exclaim_rate,0.025905714066626194,0.00839255883005883,-0.27173524751785544,q_small,0.9,raw
mean_log_rank,4.90996284041715,4.91185590207602,0.0036241416819449788,q_small,0.9,raw
rare_word_rate,0.10383383675332826,0.0955,-0.12382427682194493,q_small,0.9,raw
ttr,-0.0670508379607668,0.00046202120671712894,0.4632403291892953,q_small,0.9,within_domain
hapax,-0.0670761245842861,0.0024870289868623224,0.45125464295394174,q_small,0.9,within_domain
top1_share,0.012733686495971851,0.0005728774125322137,-0.35634215286709753,q_small,0.9,within_domain
top10_share,0.05421194184135908,0.005757815512960562,-0.40859415346938005,q_small,0.9,within_domain
word_entropy,-0.2258460309409976,0.0005223164578575545,0.4892742743715928,q_small,0.9,within_domain
zipf_slope,-0.07232573154561912,-0.0024282840337782126,0.3934787156880298,q_small,0.9,within_domain
content_ratio,-0.0006814509644791325,-0.006627720285632798,-0.09478552123362881,q_small,0.9,within_domain
content_ttr,-0.08866894278094982,0.013747923166598142,0.5926279050794513,q_small,0.9,within_domain
bigram_repeat,0.08520184656027276,-0.009771559553191056,-0.5417904201195372,q_small,0.9,within_domain
trigram_repeat,0.08212856540626806,-0.010512795736218567,-0.5419168044485208,q_small,0.9,within_domain
mean_word_len,-0.13651834416699488,0.0890236397574882,0.5484289495993642,q_small,0.9,within_domain
long_word_rate,-0.020241259857874016,0.012944923370334175,0.5942709620133564,q_small,0.9,within_domain
mean_sent_len,4.2871891774135795,-0.4369773289232715,-0.21344789987609802,q_small,0.9,within_domain
sd_sent_len,2.0561731490716886,-1.36637196127057,-0.29861845305908086,q_small,0.9,within_domain
sent_len_burst,0.038957778727179204,-0.04885979183678074,-0.5059859254194832,q_small,0.9,within_domain
n_sents_per_100w,0.7047410053008096,-0.2006313497202654,-0.3723586738533778,q_small,0.9,within_domain
subordinator_rate,-0.002968365477095466,-0.0008979784168756413,0.13788125315879793,q_small,0.9,within_domain
function_rate,0.00068145096447914,0.006627720285632821,0.09478552123362907,q_small,0.9,within_domain
connective_rate,0.0002773943290710729,0.0012605266759066417,0.19708046765295886,q_small,0.9,within_domain
hedge_rate,-0.0003647166069478756,0.0004758476682892097,0.11107563323694926,q_small,0.9,within_domain
pron12_rate,0.004964627107539516,-0.005144495997054084,-0.37316403332462994,q_small,0.9,within_domain
comma_rate,0.0006545077612982676,0.00048170390603868537,-0.03398092483349662,q_small,0.9,within_domain
punct_rate,0.0029487043396214004,-0.0006473372594495926,-0.44079860150815997,q_small,0.9,within_domain
quote_rate,0.002598984700088841,-0.001087144376852471,-0.40684526993609715,q_small,0.9,within_domain
paren_rate,0.0013758056214658717,-0.0006902947462367995,-0.4222002082990022,q_small,0.9,within_domain
dash_rate,0.00016451613449405288,-2.835274931959353e-05,-0.0754505358815403,q_small,0.9,within_domain
digit_rate,0.0036260068923983525,-0.0021008886846167092,-0.44728984038712755,q_small,0.9,within_domain
upper_rate,0.0037623970020007947,-0.003037992137652734,-0.4883501874508428,q_small,0.9,within_domain
linebreak_per_100w,0.024688281455591127,-0.29492078594245497,-0.15543082230980856,q_small,0.9,within_domain
bullet_rate,-0.05958053976117715,-0.0784786569522047,-0.056070411551537594,q_small,0.9,within_domain
question_rate,0.0032565338678692884,-0.012433331683209991,-0.20647239220878133,q_small,0.9,within_domain
exclaim_rate,-0.022106387429612743,-0.010181269912876849,0.16723351813267676,q_small,0.9,within_domain
mean_log_rank,-0.00797737078196116,-0.04093460611636839,-0.07070518552360033,q_small,0.9,within_domain
rare_word_rate,-0.004870691162861829,-0.006367198267685521,-0.025255277454255584,q_small,0.9,within_domain
