feature,low,high,sep,mode,q
content_ratio,0.018902229761179085,0.02892520985448677,0.16270432805358628,q0.5_range,0.0
mean_word_len,-0.010020673196817834,0.15134762394336843,0.41946776157702126,q0.5_range,0.0
long_word_rate,-0.006513103865515295,0.012275712934754513,0.36041497615296875,q0.5_range,0.0
mean_sent_len,0.44677453853591814,7.565481101728256,0.3087082535034921,q0.5_range,0.0
sd_sent_len,1.0056535863128055,5.524426715521204,0.3223967429718407,q0.5_range,0.0
sent_len_burst,0.0367113416422796,0.05481225167472263,0.07990706389785295,q0.5_range,0.0
n_sents_per_100w,0.4827605188950122,-0.8357258952034579,-0.49410097741299186,q0.5_range,0.0
subordinator_rate,0.00013039121289446675,0.0025921535805142216,0.1354527100422903,q0.5_range,0.0
function_rate,-0.018902229761179067,-0.028925209854486843,-0.16270432805358775,q0.5_range,0.0
connective_rate,-0.00020550853082482542,0.00025349910979119796,0.10496646475409174,q0.5_range,0.0
hedge_rate,-0.00033236404779911203,0.0012566489696280011,0.23043693176996208,q0.5_range,0.0
pron12_rate,0.0029059766864670965,-0.0010652857947204431,-0.13544944055766608,q0.5_range,0.0
comma_rate,-0.0001516874979513413,-0.002006842133080303,-0.3548225435187154,q0.5_range,0.0
punct_rate,0.0018996936371496742,-0.0024156858230527517,-0.4433547322082267,q0.5_range,0.0
quote_rate,0.002530312804870145,-0.0007782755694688423,-0.341586320809061,q0.5_range,0.0
paren_rate,0.00027544176682441773,0.00018278995074241702,-0.016652711628231925,q0.5_range,0.0
dash_rate,1.9242850296012446e-05,0.00016251523379540118,0.06319008108273402,q0.5_range,0.0
digit_rate,0.002243846296059114,0.00018300303029025432,-0.17399812689153987,q0.5_range,0.0
upper_rate,0.0036427936429471643,-0.001825397018006652,-0.3557197844670076,q0.5_range,0.0
linebreak_per_100w,-0.5034535116871804,0.5083871776820447,0.40235796068179314,q0.5_range,0.0
bullet_rate,-0.05681419113026575,0.041234939308185586,0.3366965697480997,q0.5_range,0.0
question_rate,0.011815777870718342,0.023145978135475653,0.08912315864137517,q0.5_range,0.0
exclaim_rate,0.024315754805060204,0.05244614951546623,0.15559456609049663,q0.5_range,0.0
mean_log_rank,0.10820543541278188,0.12570445675849298,0.040723123700676496,q0.5_range,0.0
rare_word_rate,-0.0009849750379972535,-0.00695478318063951,-0.11458758779919632,q0.5_range,0.0
rep_axis,1.4508493748094018e-15,-1.204262239788516e-15,-2.804672811596529,q0.5_range,0.0
content_ratio,0.01977581558775438,0.028545537795994214,0.13941250657367857,q0.5_range,0.05
mean_word_len,-0.012674322092884677,0.15207400992734285,0.4242446366469025,q0.5_range,0.05
long_word_rate,-0.00648286530937091,0.012783019650665613,0.36722749410471756,q0.5_range,0.05
mean_sent_len,0.8278092104341865,7.5980734531470056,0.2890154260072009,q0.5_range,0.05
sd_sent_len,1.5791605378383458,5.554934464694334,0.2680949403105856,q0.5_range,0.05
sent_len_burst,0.04218623263148495,0.057182742437038664,0.06575628585414749,q0.5_range,0.05
n_sents_per_100w,0.44669687748431336,-0.8262104433561416,-0.47142739220599833,q0.5_range,0.05
subordinator_rate,0.00023340370075381367,0.002592620568199414,0.13013188916654372,q0.5_range,0.05
function_rate,-0.01977581558775436,-0.028545537795994277,-0.13941250657367987,q0.5_range,0.05
connective_rate,-0.00010421917203413726,0.00027960187938260643,0.08718352296142136,q0.5_range,0.05
hedge_rate,-0.0005669632479631597,0.0012695294041935722,0.2833873888792246,q0.5_range,0.05
pron12_rate,0.0031880861251264614,-0.0009982122715636347,-0.14058091058704605,q0.5_range,0.05
comma_rate,0.00013888003768171796,-0.001984381614733756,-0.38846881336328676,q0.5_range,0.05
punct_rate,0.0022371583887057806,-0.002306111696746512,-0.46223884240977614,q0.5_range,0.05
quote_rate,0.0024204123195266615,-0.0007783673494410526,-0.33060646792958964,q0.5_range,0.05
paren_rate,0.000306739313707457,0.00021549326244172724,-0.016406500618713016,q0.5_range,0.05
dash_rate,0.00018341542056107826,0.00012916489611239905,-0.019072711274076365,q0.5_range,0.05
digit_rate,0.002169186482281058,0.00018097924066276451,-0.1700806072752813,q0.5_range,0.05
upper_rate,0.0032800890840563365,-0.0018133428867135215,-0.33045903992724723,q0.5_range,0.05
linebreak_per_100w,-0.5399664739242853,0.5093800145948904,0.42102423277854123,q0.5_range,0.05
bullet_rate,-0.04337914878051165,0.041317477419248405,0.30247014793135074,q0.5_range,0.05
question_rate,0.011545082558465408,0.025395958038031546,0.1081960944191022,q0.5_range,0.05
exclaim_rate,0.02493453292257161,0.05558234198869788,0.1673532703284942,q0.5_range,0.05
mean_log_rank,0.11291121340041758,0.11943581715548199,0.014961897002517346,q0.5_range,0.05
rare_word_rate,-0.0004149908755502729,-0.007534256728370633,-0.13692637547978367,q0.5_range,0.05
rep_axis,1.4813609928555133e-15,-1.2040400967278286e-15,-2.8348326539723945,q0.5_range,0.05
content_ratio,0.01933863109029599,0.028579451624656124,0.14694699445503073,q0.5_range,0.1
mean_word_len,-0.011396579330763696,0.15282548274019014,0.42424425219983697,q0.5_range,0.1
long_word_rate,-0.0063451638882104314,0.012928884689543875,0.36871341902948945,q0.5_range,0.1
mean_sent_len,0.5939100996427621,7.6094588945213095,0.2999675772382734,q0.5_range,0.1
sd_sent_len,1.3457616067244957,5.610253059510175,0.28934146063432176,q0.5_range,0.1
sent_len_burst,0.03920581539500668,0.05932515341405142,0.08867527450897372,q0.5_range,0.1
n_sents_per_100w,0.47218532549380443,-0.8264723378423301,-0.4832206863165463,q0.5_range,0.1
subordinator_rate,0.0003610742186871296,0.002501730671664,0.11800822310659351,q0.5_range,0.1
function_rate,-0.019338631090295974,-0.028579451624656187,-0.146946994455032,q0.5_range,0.1
connective_rate,-0.00014109712529906493,0.00030507248891258363,0.10138225928176073,q0.5_range,0.1
hedge_rate,-0.000790867205622174,0.0012585949559202677,0.3270161639911739,q0.5_range,0.1
pron12_rate,0.0037613950678073316,-0.0011117992725114556,-0.16378207684662496,q0.5_range,0.1
comma_rate,0.00010924413526071157,-0.001983895053211691,-0.38186797140775697,q0.5_range,0.1
punct_rate,0.0022625510282017966,-0.002312647598393393,-0.46567224738087465,q0.5_range,0.1
quote_rate,0.002353836256453051,-0.0007890637758582178,-0.3256682893484828,q0.5_range,0.1
paren_rate,0.00026998475395534366,0.00022906272212830535,-0.007349364337993166,q0.5_range,0.1
dash_rate,0.00018669965278423628,0.00013789624320654367,-0.017168544146663894,q0.5_range,0.1
digit_rate,0.0021822567060249495,0.00034253270201135355,-0.15573328460562266,q0.5_range,0.1
upper_rate,0.003313765903721019,-0.0017257162627691601,-0.3272693229444959,q0.5_range,0.1
linebreak_per_100w,-0.6903358867307,0.5091812422610179,0.8938452095902814,q0.5_range,0.1
bullet_rate,-0.04826515068004172,0.041300952758695296,0.31518340895136776,q0.5_range,0.1
question_rate,0.01170102987440766,0.02510477835974996,0.10469683074973145,q0.5_range,0.1
exclaim_rate,0.02496500641000969,0.05609736750586356,0.17019550362717636,q0.5_range,0.1
mean_log_rank,0.11003715811864784,0.12219171768393554,0.027850726809559728,q0.5_range,0.1
rare_word_rate,-0.00016567724897113167,-0.0068596801853797375,-0.1284285112769156,q0.5_range,0.1
rep_axis,1.4810863075757502e-15,-1.202894323918637e-15,-2.840301280172211,q0.5_range,0.1
content_ratio,0.018966472138649694,0.027978612052821025,0.14276168748553997,q0.5_range,0.15
mean_word_len,-0.011901389246997685,0.1515017853368581,0.418560567539828,q0.5_range,0.15
long_word_rate,-0.007408939435366108,0.01274780112980581,0.38324762688468994,q0.5_range,0.15
mean_sent_len,0.4996860658229403,7.584860229233462,0.3024524731611365,q0.5_range,0.15
sd_sent_len,1.3276965704664436,5.47990423572371,0.2814272011838888,q0.5_range,0.15
sent_len_burst,0.038853658301870785,0.05416434066781218,0.06754157660492076,q0.5_range,0.15
n_sents_per_100w,0.46674288685950494,-0.8160484093831855,-0.47726932798630617,q0.5_range,0.15
subordinator_rate,0.0006761581949896034,0.0022905451660525686,0.08952128768099216,q0.5_range,0.15
function_rate,-0.018966472138649677,-0.02797861205282109,-0.1427616874855413,q0.5_range,0.15
connective_rate,-0.0001259631556390472,0.00026168647726884496,0.08815736692730394,q0.5_range,0.15
hedge_rate,-0.0006408632614588593,0.001283242694255769,0.2915704149720585,q0.5_range,0.15
pron12_rate,0.003625089509151423,-0.0014435226359065414,-0.17001162338754966,q0.5_range,0.15
comma_rate,-2.6850307381508595e-05,-0.002019989220170883,-0.37157702912688817,q0.5_range,0.15
punct_rate,0.0020179760602771087,-0.0023586221337362824,-0.45299116377990734,q0.5_range,0.15
quote_rate,0.0023512308079470965,-0.0007119158853519586,-0.3171624803524308,q0.5_range,0.15
paren_rate,0.0002894438688944954,0.00018148758359733022,-0.019390959773198633,q0.5_range,0.15
dash_rate,0.00016199787879211337,0.0001235463750398832,-0.013602705495416206,q0.5_range,0.15
digit_rate,0.0021685350963623422,0.00024227351794894894,-0.1620638406635012,q0.5_range,0.15
upper_rate,0.0029093278935921475,-0.0017170696842992946,-0.3079596804992132,q0.5_range,0.15
linebreak_per_100w,-0.6952615439755258,0.5071902415884232,0.9008089678056618,q0.5_range,0.15
bullet_rate,-0.0577301059910264,0.04111224260196726,0.36692190441767264,q0.5_range,0.15
question_rate,0.0118420780918983,0.025874394124905487,0.10968030547486475,q0.5_range,0.15
exclaim_rate,0.025705839787407248,0.05817939547538402,0.17820425962971043,q0.5_range,0.15
mean_log_rank,0.11048274124800467,0.12412626282330949,0.03119936862777111,q0.5_range,0.15
rare_word_rate,-0.0002606860987382703,-0.005839242160531376,-0.10747283582042252,q0.5_range,0.15
rep_axis,1.4899750872353657e-15,-1.2049271544666594e-15,-2.862370514674665,q0.5_range,0.15
content_ratio,0.0185734401903921,0.028541173522711523,0.15782471444556204,q0.5_range,0.2
mean_word_len,-0.014839629312112558,0.1481751475325457,0.4193061927415907,q0.5_range,0.2
long_word_rate,-0.007728096292668602,0.011793539558014545,0.37304478163005866,q0.5_range,0.2
mean_sent_len,0.4585677527262416,7.492102409603352,0.2990089847049227,q0.5_range,0.2
sd_sent_len,1.611640003627061,5.352418558818403,0.24829947254824955,q0.5_range,0.2
sent_len_burst,0.043868598944753055,0.05132967369234001,0.0329555368237058,q0.5_range,0.2
n_sents_per_100w,0.4843178563959721,-0.8196737072289977,-0.4840804590904513,q0.5_range,0.2
subordinator_rate,0.0005339344474053656,0.002110637609594372,0.08686649283983743,q0.5_range,0.2
function_rate,-0.018573440190392084,-0.028541173522711585,-0.1578247144455633,q0.5_range,0.2
connective_rate,-0.00013460678646319226,0.0003252792521674258,0.10466555307448672,q0.5_range,0.2
hedge_rate,-0.0007235376885504799,0.0012355173521016501,0.2987776741395587,q0.5_range,0.2
pron12_rate,0.003017133673218355,-0.0018090414271185185,-0.1605063074742286,q0.5_range,0.2
comma_rate,-2.208734586742752e-05,-0.0020422424129876086,-0.3758177417380151,q0.5_range,0.2
punct_rate,0.002011737855779935,-0.002363195527629332,-0.4521756772793831,q0.5_range,0.2
quote_rate,0.0023428987826624036,-0.0007945523353861883,-0.32368451448315677,q0.5_range,0.2
paren_rate,0.000361446329560638,0.00019311133402635322,-0.03003360549172258,q0.5_range,0.2
dash_rate,6.213647769001343e-05,0.0001458530369162383,0.030278976486373312,q0.5_range,0.2
digit_rate,0.001789746550755329,0.00018753123182806535,-0.13603040265360075,q0.5_range,0.2
upper_rate,0.0028950465754391027,-0.0017186052660122387,-0.3035779988654133,q0.5_range,0.2
linebreak_per_100w,-0.6596026668706318,0.5056529923650092,0.8932529647759272,q0.5_range,0.2
bullet_rate,-0.05790346749437059,0.04098444553329289,0.36708535866240716,q0.5_range,0.2
question_rate,0.011597999521643096,0.025391585359127757,0.10774876632660647,q0.5_range,0.2
exclaim_rate,0.02551428972652834,0.056432451304620254,0.1691905379856184,q0.5_range,0.2
mean_log_rank,0.09943598833990393,0.12479814679130875,0.057609505873951715,q0.5_range,0.2
rare_word_rate,-0.0013421625395271725,-0.00680212963189522,-0.10474134675497652,q0.5_range,0.2
rep_axis,1.4950706636382235e-15,-1.2018174406212088e-15,-2.8726505530444393,q0.5_range,0.2
content_ratio,0.0165001761851175,0.027918860235594856,0.18214307661759885,q0.5_range,0.25
mean_word_len,-0.023534362546605694,0.14395206533445404,0.4298053760077078,q0.5_range,0.25
long_word_rate,-0.008302479764933798,0.011441843863472396,0.37955750614470474,q0.5_range,0.25
mean_sent_len,0.389265032029617,7.53270080715578,0.303540528089307,q0.5_range,0.25
sd_sent_len,1.6086944702300905,5.381105210797513,0.25063279187374327,q0.5_range,0.25
sent_len_burst,0.043965809515099374,0.0523324196922,0.037161871769048754,q0.5_range,0.25
n_sents_per_100w,0.4855520270150698,-0.8501052488251346,-0.4949555161481496,q0.5_range,0.25
subordinator_rate,0.00044688840974776544,0.002452738138068892,0.11010648116726703,q0.5_range,0.25
function_rate,-0.01650017618511749,-0.02791886023559492,-0.18214307661759999,q0.5_range,0.25
connective_rate,-9.70002418070872e-05,0.0003264375068265907,0.09556695455781826,q0.5_range,0.25
hedge_rate,-0.0009489089429693369,0.0013988735919391998,0.3772756242655533,q0.5_range,0.25
pron12_rate,0.002429965116852674,-0.0017748082210342472,-0.13968601040114315,q0.5_range,0.25
comma_rate,-2.538900455061943e-05,-0.0020279635874736247,-0.37381485132053494,q0.5_range,0.25
punct_rate,0.0019503989397148306,-0.0024411239750071183,-0.4546710606062634,q0.5_range,0.25
quote_rate,0.0022471281278326764,-0.0008378203058865096,-0.3195385222436768,q0.5_range,0.25
paren_rate,0.0002995368538720633,0.00023960813197257354,-0.010686541709831257,q0.5_range,0.25
dash_rate,4.212432760724607e-05,0.00016114971610354075,0.042952166858424554,q0.5_range,0.25
digit_rate,0.0019807576461487895,0.00012404262836970457,-0.15972677514727465,q0.5_range,0.25
upper_rate,0.0026441756413792816,-0.001747350097960086,-0.287791820255915,q0.5_range,0.25
linebreak_per_100w,-0.7445012194145665,0.5007204165327492,1.0271603946692047,q0.5_range,0.25
bullet_rate,-0.03999181182702158,0.03827892818034062,0.26462731905505177,q0.5_range,0.25
question_rate,0.011126138602825297,0.0222473816000551,0.08872608593822398,q0.5_range,0.25
exclaim_rate,0.026142105718203513,0.05495109339559646,0.15930749837293554,q0.5_range,0.25
mean_log_rank,0.08125132138713966,0.11796958911827432,0.08379515054942079,q0.5_range,0.25
rare_word_rate,-0.002768512203748335,-0.006597122745996653,-0.07363892570646016,q0.5_range,0.25
rep_axis,1.5061881731967863e-15,-1.1980369051085938e-15,-2.891993466820046,q0.5_range,0.25
content_ratio,0.016594518694038586,0.025824987688444666,0.14669698318156177,q0.5_range,0.3
mean_word_len,-0.022566787707855182,0.13355221063023293,0.39872544453763625,q0.5_range,0.3
long_word_rate,-0.008042314800461615,0.010199169555648969,0.3493048233760857,q0.5_range,0.3
mean_sent_len,0.6722588006100736,7.778286122285468,0.30035219362817844,q0.5_range,0.3
sd_sent_len,1.918904675737695,5.428838735508361,0.22753403997650098,q0.5_range,0.3
sent_len_burst,0.04559506188492255,0.04945543274612371,0.01695858216014622,q0.5_range,0.3
n_sents_per_100w,0.47497663575758503,-0.885228444182593,-0.5014224813388595,q0.5_range,0.3
subordinator_rate,0.0006917455752571718,0.003013587042159411,0.1271758114744696,q0.5_range,0.3
function_rate,-0.016594518694038572,-0.025824987688444732,-0.14669698318156305,q0.5_range,0.3
connective_rate,-0.00013415552688859802,0.0002506057587950841,0.087421113473908,q0.5_range,0.3
hedge_rate,-0.0010059597539905994,0.0015630653089931162,0.4123257290616207,q0.5_range,0.3
pron12_rate,0.0029199663646254505,-0.002309829349495319,-0.17296448239200712,q0.5_range,0.3
comma_rate,-9.032445936026697e-05,-0.0019012977175169481,-0.33632952108023145,q0.5_range,0.3
punct_rate,0.00191435648269843,-0.0024045760378624257,-0.44741881024205543,q0.5_range,0.3
quote_rate,0.002372007133055293,-0.000798202453671721,-0.3280175731002467,q0.5_range,0.3
paren_rate,0.00024810923998291526,0.0002009047501702773,-0.008413743589736341,q0.5_range,0.3
dash_rate,1.607949229525118e-05,8.89215306458272e-05,0.027567660774962626,q0.5_range,0.3
digit_rate,0.0021061165132550213,2.5275512832449305e-05,-0.17965415623532022,q0.5_range,0.3
upper_rate,0.002553076129744697,-0.002256454496916645,-0.3245343265309862,q0.5_range,0.3
linebreak_per_100w,-0.7316580223775015,0.5001563512538296,0.8788622582865419,q0.5_range,0.3
bullet_rate,-0.04854769280421038,0.03818658085517998,0.28570494464745166,q0.5_range,0.3
question_rate,0.01084783521256555,0.02293435411582255,0.0962578464870312,q0.5_range,0.3
exclaim_rate,0.026132080680361162,0.04963270852053913,0.13115290509711713,q0.5_range,0.3
mean_log_rank,0.07866999570396882,0.10020113936960508,0.04997663238247609,q0.5_range,0.3
rare_word_rate,-0.0025191408005055286,-0.008122240513848418,-0.11220649628451981,q0.5_range,0.3
rep_axis,1.5025955073962498e-15,-1.192878110458454e-15,-2.878873491719016,q0.5_range,0.3
content_ratio,0.01717399823173535,0.023026240506198514,0.09322970538515635,q0.5_range,0.35
mean_word_len,-0.028657746887638134,0.11384825759787823,0.3590843964372718,q0.5_range,0.35
long_word_rate,-0.0083473138841662,0.00853931020801642,0.319280278922087,q0.5_range,0.35
mean_sent_len,0.5247605585670769,7.551432644047486,0.2979784213897075,q0.5_range,0.35
sd_sent_len,1.7758954415325081,5.16203134858735,0.22060670769487722,q0.5_range,0.35
sent_len_burst,0.04468739340795471,0.046561367208096636,0.008223177773760873,q0.5_range,0.35
n_sents_per_100w,0.5121327292538522,-0.8767064679903425,-0.5107370332190827,q0.5_range,0.35
subordinator_rate,1.3613648874884753e-05,0.0030046868748697126,0.16468368257081326,q0.5_range,0.35
function_rate,-0.017173998231735335,-0.023026240506198573,-0.09322970538515751,q0.5_range,0.35
connective_rate,-0.00011092636639692249,0.0002943515854795351,0.09203956680005203,q0.5_range,0.35
hedge_rate,-0.0009997524863447063,0.00128721977952574,0.36742297119567235,q0.5_range,0.35
pron12_rate,0.0029036046195707334,-0.0021383425175629193,-0.16573797140262464,q0.5_range,0.35
comma_rate,0.00010898829112768845,-0.0020124445984031005,-0.42528440770850695,q0.5_range,0.35
punct_rate,0.0022898582377854164,-0.0024927466608454713,-0.4951106041556129,q0.5_range,0.35
quote_rate,0.002379605817459116,-0.0008362983149015754,-0.33163963341335956,q0.5_range,0.35
paren_rate,0.00026236935011713785,0.00018548077209670292,-0.01369171536487496,q0.5_range,0.35
dash_rate,1.168382705739515e-05,7.870950298508485e-05,0.02520113763587784,q0.5_range,0.35
digit_rate,0.0017738992857876392,-1.430374724732647e-05,-0.15922453549678542,q0.5_range,0.35
upper_rate,0.0031277553521413424,-0.0026738433225337943,-0.39413101292927866,q0.5_range,0.35
linebreak_per_100w,-0.6764355559154686,0.5079317533409791,0.8773865446600553,q0.5_range,0.35
bullet_rate,-0.04819091275637602,0.03748409367920571,0.28220147550251307,q0.5_range,0.35
question_rate,0.010745759859818791,0.022037961718742657,0.09001291310194143,q0.5_range,0.35
exclaim_rate,0.02516862350016101,0.048554407748380296,0.13035448184385345,q0.5_range,0.35
mean_log_rank,0.0880388829701342,0.07972921557622271,-0.019855276006396624,q0.5_range,0.35
rare_word_rate,-0.0011163054636890075,-0.009022898593407653,-0.1704279363162691,q0.5_range,0.35
rep_axis,1.5012359741699914e-15,-1.1637024250729725e-15,-2.8461389239991313,q0.5_range,0.35
content_ratio,0.018031682566058714,0.019371731343540036,0.021408759983385407,q0.5_range,0.4
mean_word_len,-0.04530102797443838,0.10939148654124949,0.39006587667509535,q0.5_range,0.4
long_word_rate,-0.010343788271727071,0.008879753484989799,0.361244912074129,q0.5_range,0.4
mean_sent_len,0.5199843562643305,7.387307325203089,0.2916196492187614,q0.5_range,0.4
sd_sent_len,1.8870068151151953,4.888312656877339,0.196496455952812,q0.5_range,0.4
sent_len_burst,0.051020529886348726,0.03888326326235228,-0.05376604667846619,q0.5_range,0.4
n_sents_per_100w,0.5414691556396533,-0.8568141027986891,-0.5158004161573697,q0.5_range,0.4
subordinator_rate,-1.4475050268758504e-06,0.002843709119007484,0.1549532386331932,q0.5_range,0.4
function_rate,-0.018031682566058697,-0.01937173134354011,-0.021408759983386854,q0.5_range,0.4
connective_rate,-9.838128367356789e-05,0.0004029062325122823,0.1119550192505055,q0.5_range,0.4
hedge_rate,-0.0008569417378301417,0.001425234175691516,0.358291745862703,q0.5_range,0.4
pron12_rate,0.003765023015448009,-0.001890048631742036,-0.1847539205342228,q0.5_range,0.4
comma_rate,0.00024082336623304078,-0.001855628439621072,-0.4161803568611973,q0.5_range,0.4
punct_rate,0.002528032165382578,-0.0024415534156302914,-0.5142325877668643,q0.5_range,0.4
quote_rate,0.0025660411722068393,-0.0007881190959279998,-0.3436938844070981,q0.5_range,0.4
paren_rate,0.00031220502588699667,7.804215741253904e-05,-0.041625430291258134,q0.5_range,0.4
dash_rate,-5.877583331125756e-06,3.6851815488900044e-05,0.01598595298803885,q0.5_range,0.4
digit_rate,0.002138291198120535,-0.0003256533883318056,-0.21709846192915622,q0.5_range,0.4
upper_rate,0.0031182873266077872,-0.003142123354375815,-0.4301332175115624,q0.5_range,0.4
linebreak_per_100w,-0.11129998812182584,0.5048062458941345,0.14289688587718555,q0.5_range,0.4
bullet_rate,-0.06797357404564536,0.04106463394709795,0.50590293674392,q0.5_range,0.4
question_rate,0.013163210733085287,0.024977903654724284,0.0933977784221783,q0.5_range,0.4
exclaim_rate,0.02458082767108528,0.039655028515003334,0.08889382546582361,q0.5_range,0.4
mean_log_rank,0.08580781594499694,0.05645528213522285,-0.0706313751506515,q0.5_range,0.4
rare_word_rate,-0.0011562469238945482,-0.010500581830972754,-0.20525905005090547,q0.5_range,0.4
rep_axis,1.5050793784991575e-15,-1.1397825428495144e-15,-2.816244855470442,q0.5_range,0.4
content_ratio,0.020724486677767676,0.016033531756734797,-0.07401766954148466,q0.5_range,0.45
mean_word_len,-0.04569545901416916,0.1095594161223476,0.3848423177607899,q0.5_range,0.45
long_word_rate,-0.00933689336743996,0.009231413438874759,0.34478765661667365,q0.5_range,0.45
mean_sent_len,0.5509427898386536,6.42982912235033,0.2509305746384043,q0.5_range,0.45
sd_sent_len,2.227456876056308,4.0179261205993555,0.11661172962906423,q0.5_range,0.45
sent_len_burst,0.06352173839454595,0.02225413963153424,-0.17853826669682998,q0.5_range,0.45
n_sents_per_100w,0.5825605806514069,-0.7623986912585222,-0.49025787504836943,q0.5_range,0.45
subordinator_rate,-0.0005041636750674616,0.0022947759612000867,0.1531068261712366,q0.5_range,0.45
function_rate,-0.020724486677767665,-0.016033531756734876,0.07401766954148326,q0.5_range,0.45
connective_rate,5.229877910989649e-05,0.0003141598993107356,0.058689169690942206,q0.5_range,0.45
hedge_rate,-0.0008310078523603263,0.0017467536589658031,0.39758210971290353,q0.5_range,0.45
pron12_rate,0.00313745357888063,-0.0016578900525456137,-0.1611047233085678,q0.5_range,0.45
comma_rate,0.00021729462061203999,-0.0016698211784051114,-0.3685458811284119,q0.5_range,0.45
punct_rate,0.0026429587011675315,-0.002338494298112763,-0.5171473287502688,q0.5_range,0.45
quote_rate,0.002709074753977433,-0.0008068735192657839,-0.3587454582979693,q0.5_range,0.45
paren_rate,0.0006227289772230771,-0.00011230929809174558,-0.12410389069119106,q0.5_range,0.45
dash_rate,0.0001418693078290162,4.842225028321762e-05,-0.03352462896196881,q0.5_range,0.45
digit_rate,0.0034612858076816582,-0.0007595969354081442,-0.3038450585899772,q0.5_range,0.45
upper_rate,0.004103863069006707,-0.0034852970014038675,-0.494518851682339,q0.5_range,0.45
linebreak_per_100w,0.21601965908698584,0.4584761472876873,0.04985254669723666,q0.5_range,0.45
bullet_rate,-0.07146225809124818,0.04041097985058066,0.5033750730959726,q0.5_range,0.45
question_rate,0.015690483413542657,0.021692432762069877,0.047590152036062594,q0.5_range,0.45
exclaim_rate,0.023041566777696997,0.024656130666497918,0.010324965833110324,q0.5_range,0.45
mean_log_rank,0.10794204912120942,0.043898481702991834,-0.15030818049175587,q0.5_range,0.45
rare_word_rate,0.0007920736547602058,-0.011670581704519935,-0.2676072575178989,q0.5_range,0.45
rep_axis,1.4868349303344157e-15,-1.0902371955425634e-15,-2.668092131804601,q0.5_range,0.45
content_ratio,0.023917008024058103,0.012003127667808549,-0.18481596216498938,q0.5_range,0.5
mean_word_len,-0.07029887692260242,0.12267924509620207,0.4810139826409912,q0.5_range,0.5
long_word_rate,-0.012854963468079373,0.011876832909071345,0.46382264568774934,q0.5_range,0.5
mean_sent_len,0.6615380701211319,5.157037108766108,0.1930017620855736,q0.5_range,0.5
sd_sent_len,2.2825277878223162,3.1661387841252098,0.05874791639127955,q0.5_range,0.5
sent_len_burst,0.06957313463616396,0.014129531101295717,-0.24415813351696553,q0.5_range,0.5
n_sents_per_100w,0.6535911424455136,-0.5750662219721859,-0.4493719034430169,q0.5_range,0.5
subordinator_rate,-0.0012979519691035102,0.001001438246754378,0.1254469867522373,q0.5_range,0.5
function_rate,-0.023917008024058082,-0.012003127667808627,0.18481596216498788,q0.5_range,0.5
connective_rate,9.992018357621958e-05,0.0006322985142331711,0.11580206152324968,q0.5_range,0.5
hedge_rate,-0.0012294671796241627,0.0011912132794552855,0.3800051993404578,q0.5_range,0.5
pron12_rate,0.0039929861894680355,-0.0022775623332422284,-0.21063760804781115,q0.5_range,0.5
comma_rate,0.00035653018002387697,-0.001236573335444572,-0.30522967714374,q0.5_range,0.5
punct_rate,0.0030288857318369468,-0.0017761928229821286,-0.502196906680588,q0.5_range,0.5
quote_rate,0.00271628906180346,-0.0008093091806389112,-0.358010481336466,q0.5_range,0.5
paren_rate,0.001074575395696458,-0.00021305257112532423,-0.21526786511707988,q0.5_range,0.5
dash_rate,0.0001349680310542483,-1.4041012066860503e-05,-0.05498026742483417,q0.5_range,0.5
digit_rate,0.0038541363861737572,-0.0011167670162855966,-0.3575106968978358,q0.5_range,0.5
upper_rate,0.005448011588874141,-0.0031759370233836897,-0.5310239316632721,q0.5_range,0.5
linebreak_per_100w,0.27338902970515794,0.35786155519069446,0.01727209437296206,q0.5_range,0.5
bullet_rate,-0.04737010698632556,0.04087566873215232,0.1797166496778315,q0.5_range,0.5
question_rate,0.011829144943649821,0.020618526771495005,0.07549882016388572,q0.5_range,0.5
exclaim_rate,0.022566747928039695,0.021170925090157854,-0.009197221356456878,q0.5_range,0.5
mean_log_rank,0.14427052418028996,0.03799661542367168,-0.24464015434998704,q0.5_range,0.5
rare_word_rate,0.0037254244731445246,-0.009428121204623148,-0.28619930909879654,q0.5_range,0.5
rep_axis,1.4189506585044191e-15,-9.434374676188542e-16,-2.348871818791452,q0.5_range,0.5
content_ratio,0.02260696201226288,0.027345927504740502,0.07527350163579645,q_large,0.0
mean_word_len,-0.0180618478307112,0.14313612717840696,0.414090523323713,q_large,0.0
long_word_rate,-0.007380422161861925,0.011447494276708079,0.36115591470937153,q_large,0.0
mean_sent_len,0.802937628009039,7.366007674870705,0.2787251505719425,q_large,0.0
sd_sent_len,1.8210391509728105,5.315561397900065,0.23068862548260935,q_large,0.0
sent_len_burst,0.045858678320879726,0.051670655841266414,0.02537286151396051,q_large,0.0
n_sents_per_100w,0.4435861844896117,-0.8048266544337338,-0.45948671964998905,q_large,0.0
subordinator_rate,-0.0001529178846641624,0.0023619382690991497,0.13906384184151538,q_large,0.0
function_rate,-0.022606962012262855,-0.027345927504740578,-0.07527350163579809,q_large,0.0
connective_rate,-0.00018933607803758282,0.0003334833887777057,0.1177397523905391,q_large,0.0
hedge_rate,-0.0005943075110629178,0.0013453490498074273,0.2901141239196583,q_large,0.0
pron12_rate,0.002433879387105599,-0.0010569583951288942,-0.11646203823886812,q_large,0.0
comma_rate,0.00015333112471179846,-0.0019108229978550511,-0.3773928789745025,q_large,0.0
punct_rate,0.002272618833637676,-0.002258061144407285,-0.46052644830748535,q_large,0.0
quote_rate,0.0022425607231034996,-0.0007079408887631866,-0.30454090338950623,q_large,0.0
paren_rate,0.0005288926909398244,0.0001570125516583853,-0.06580991419040695,q_large,0.0
dash_rate,0.00022445857697646316,0.00018815277808992636,-0.01271367222037953,q_large,0.0
digit_rate,0.0024852011594572645,-6.907561006247616e-05,-0.2159861631939024,q_large,0.0
upper_rate,0.0034122733645241122,-0.0018324768050857765,-0.33488150073859396,q_large,0.0
linebreak_per_100w,-0.1254482325268389,0.504527481673399,0.14673423700525526,q_large,0.0
bullet_rate,0.00035262061119845534,0.040867686678183496,0.07918903638937728,q_large,0.0
question_rate,0.009559975435819346,0.024807934071348656,0.12183090577415279,q_large,0.0
exclaim_rate,0.02562156400430103,0.05249341446935292,0.14926171510392242,q_large,0.0
mean_log_rank,0.12414310683875826,0.11871046821196174,-0.01238264332753757,q_large,0.0
rare_word_rate,0.0007189010314849942,-0.006210113012875826,-0.13191163032216857,q_large,0.0
rep_axis,1.503198179571852e-15,-1.1999414818742452e-15,-2.8640627564367387,q_large,0.0
content_ratio,0.022463592461054335,0.027900619526807377,0.08666827167487978,q_large,0.05
mean_word_len,-0.015608343808193249,0.14834561354563894,0.4224346173946136,q_large,0.05
long_word_rate,-0.00727510296219535,0.01237098650511964,0.3769963680788169,q_large,0.05
mean_sent_len,0.8818790704930874,7.395565102715241,0.2767064563188757,q_large,0.05
sd_sent_len,1.8608182355699414,5.327128990923715,0.22895242931879786,q_large,0.05
sent_len_burst,0.046160644594767236,0.05221285106074767,0.02645592521680325,q_large,0.05
n_sents_per_100w,0.4386121278989284,-0.8075529089725529,-0.4583077897148131,q_large,0.05
subordinator_rate,4.594707205324622e-05,0.002193298404202765,0.1190664021428628,q_large,0.05
function_rate,-0.022463592461054317,-0.027900619526807443,-0.08666827167488113,q_large,0.05
connective_rate,-0.00019400612801985737,0.00032136389092009987,0.1170927891956866,q_large,0.05
hedge_rate,-0.000582323179008127,0.0012566564117160299,0.2760779105599028,q_large,0.05
pron12_rate,0.0024901759277336775,-0.0010986644532320513,-0.11956450288518698,q_large,0.05
comma_rate,0.00015090158292328424,-0.0019802816500025513,-0.39032522001653497,q_large,0.05
punct_rate,0.002269526530100581,-0.002322978538655792,-0.4664886144522804,q_large,0.05
quote_rate,0.0022906124542557684,-0.0007734906247502077,-0.31682367973267195,q_large,0.05
paren_rate,0.00043897428175829987,0.0001974728099864954,-0.04294139712376735,q_large,0.05
dash_rate,0.00022305306709704143,0.00016261958998558775,-0.021163593491923295,q_large,0.05
digit_rate,0.002475452265514515,-0.0001007684732957646,-0.21817420394523016,q_large,0.05
upper_rate,0.003401327064239966,-0.0019120070720733647,-0.33880101984992234,q_large,0.05
linebreak_per_100w,-0.12987893326987418,0.5058015062484429,0.1480468488166386,q_large,0.05
bullet_rate,0.0005451961429050734,0.04097360093309404,0.07902085330214723,q_large,0.05
question_rate,0.00970906746018204,0.02468322347418195,0.11944477026138774,q_large,0.05
exclaim_rate,0.025806873152419793,0.0534157069550617,0.1529640334036805,q_large,0.05
mean_log_rank,0.12419084975829503,0.12114271188170175,-0.006988293907740273,q_large,0.05
rare_word_rate,0.0004208086188199189,-0.006116074577383549,-0.12469816327025121,q_large,0.05
rep_axis,1.4972072603015533e-15,-1.2049268020835073e-15,-2.863230166428883,q_large,0.05
content_ratio,0.021466170243726497,0.028359055637642353,0.11000221834219331,q_large,0.1
mean_word_len,-0.017956174197156095,0.15043686604544795,0.4350569012633128,q_large,0.1
long_word_rate,-0.008016063679701953,0.012411377541767705,0.39141449902863557,q_large,0.1
mean_sent_len,0.8657829630494804,7.533294609523263,0.28351066681987086,q_large,0.1
sd_sent_len,1.799302343846235,5.422965551847465,0.23944051002959396,q_large,0.1
sent_len_burst,0.043871784284422455,0.05384870662729149,0.0434715130905251,q_large,0.1
n_sents_per_100w,0.4392320559808448,-0.8439373879921164,-0.4717438390862801,q_large,0.1
subordinator_rate,-3.613354442380146e-05,0.00246435695530115,0.13806327927643589,q_large,0.1
function_rate,-0.02146617024372648,-0.02835905563764242,-0.11000221834219463,q_large,0.1
connective_rate,-0.00014855501463168657,0.00027009698158029914,0.09525032257210408,q_large,0.1
hedge_rate,-0.0007820327651489154,0.0012752455078707604,0.32630558278034544,q_large,0.1
pron12_rate,0.002548084583837403,-0.0011190289475945343,-0.12225906003105347,q_large,0.1
comma_rate,0.00013968032213126173,-0.0020199102962565464,-0.39540403443592326,q_large,0.1
punct_rate,0.0022738514380383663,-0.0024624028983604314,-0.48051714341894897,q_large,0.1
quote_rate,0.0022956732667515803,-0.0008056227689246876,-0.320611735938317,q_large,0.1
paren_rate,0.00040467365448845186,0.0002156719586736141,-0.033653189200360555,q_large,0.1
dash_rate,0.0002039139710240688,0.0001724568064798395,-0.01102467678902388,q_large,0.1
digit_rate,0.0024469768343021864,2.856748909233986e-05,-0.20539458476663935,q_large,0.1
upper_rate,0.0035693181870442236,-0.0020029753562142687,-0.3561666010293574,q_large,0.1
linebreak_per_100w,-0.4702732872781648,0.5087685078586014,0.37666501189567014,q_large,0.1
bullet_rate,-0.0061452952398432,0.04124344956557754,0.09214102884165547,q_large,0.1
question_rate,0.00972108478194638,0.02445170651173244,0.11742358585199908,q_large,0.1
exclaim_rate,0.025878897235633972,0.052071992283908713,0.1447569573952811,q_large,0.1
mean_log_rank,0.1160526234521046,0.12139558561498447,0.012289385872356888,q_large,0.1
rare_word_rate,-0.001013913029504518,-0.006626705270153337,-0.10739219208745238,q_large,0.1
rep_axis,1.5002753829304177e-15,-1.205220021500258e-15,-2.87475323923902,q_large,0.1
content_ratio,0.02044341413390751,0.02850306533142536,0.12833028950203026,q_large,0.15
mean_word_len,-0.01793740509700606,0.15289845370866834,0.4412315369144037,q_large,0.15
long_word_rate,-0.0071044883918833625,0.012709566868252746,0.3801212544976877,q_large,0.15
mean_sent_len,0.744051992911525,7.473718680752694,0.2862565656913441,q_large,0.15
sd_sent_len,1.5760613191680466,5.439544086618598,0.256661638434061,q_large,0.15
sent_len_burst,0.03997307257003975,0.05583938359354521,0.0694008008224832,q_large,0.15
n_sents_per_100w,0.452263288577725,-0.8257683678450988,-0.4710020308807699,q_large,0.15
subordinator_rate,6.71061320463709e-05,0.0024102361163672995,0.12934152315334047,q_large,0.15
function_rate,-0.020443414133907493,-0.028503065331425426,-0.12833028950203162,q_large,0.15
connective_rate,-0.00016774890605519355,0.0002666689564539158,0.09884574466450909,q_large,0.15
hedge_rate,-0.0008860228843008841,0.001253606252771089,0.34236089623489097,q_large,0.15
pron12_rate,0.0026227238739728407,-0.0012360613878169863,-0.12877756247939653,q_large,0.15
comma_rate,0.00012658810578202465,-0.0020175961969271395,-0.39249945282622933,q_large,0.15
punct_rate,0.002271523637934195,-0.0024405057424960537,-0.478153291294947,q_large,0.15
quote_rate,0.0021802000152736163,-0.0008080858463483289,-0.30943309043794864,q_large,0.15
paren_rate,0.0003888070788451421,0.00022027671249157436,-0.03001358107746646,q_large,0.15
dash_rate,0.0002006352235063011,0.00017475493719076036,-0.009066960444801488,q_large,0.15
digit_rate,0.002394100597406974,6.010382208957721e-05,-0.19800614508507539,q_large,0.15
upper_rate,0.003670224132099838,-0.001987018851313602,-0.3619837485492299,q_large,0.15
linebreak_per_100w,-0.5119341767036523,0.5090171984984494,0.4073231802137688,q_large,0.15
bullet_rate,-0.0009291691137056013,0.04126412411482775,0.08243716755479627,q_large,0.15
question_rate,0.009788146276944435,0.024285284524975165,0.11540295895900952,q_large,0.15
exclaim_rate,0.025219868041480673,0.05173691219560458,0.14647548530190604,q_large,0.15
mean_log_rank,0.11165327496934334,0.1245807218144322,0.02963485699752002,q_large,0.15
rare_word_rate,-0.0012700564749585843,-0.006037311342949491,-0.0910047123749223,q_large,0.15
rep_axis,1.4974037215839972e-15,-1.2076328709173923e-15,-2.8726648681568805,q_large,0.15
content_ratio,0.020133677528454713,0.02809793543432062,0.12641324714162955,q_large,0.2
mean_word_len,-0.009445516804812674,0.15204585693929878,0.42054963824950276,q_large,0.2
long_word_rate,-0.006257757918724283,0.012611542895755383,0.360269371287452,q_large,0.2
mean_sent_len,0.6476715703729181,7.410970540269579,0.28757122828109366,q_large,0.2
sd_sent_len,1.463670203565476,5.367070737842136,0.2600264617358383,q_large,0.2
sent_len_burst,0.03787207848728571,0.053765223002942626,0.0702545871069693,q_large,0.2
n_sents_per_100w,0.4880302557522884,-0.8046217098554643,-0.4784675611555928,q_large,0.2
subordinator_rate,0.0003199288833685815,0.0020809253796427066,0.09763332682395581,q_large,0.2
function_rate,-0.020133677528454692,-0.028097935434320688,-0.126413247141631,q_large,0.2
connective_rate,-0.00016437664691306396,0.00024409049988652023,0.09289874301742224,q_large,0.2
hedge_rate,-0.0006397482380419084,0.001301176443515496,0.29889224283933624,q_large,0.2
pron12_rate,0.003538093717704096,-0.001282358211422224,-0.1610984919916914,q_large,0.2
comma_rate,-2.9374722607519997e-05,-0.002036167322517929,-0.3777228168176297,q_large,0.2
punct_rate,0.0021200475249774325,-0.0024105697759111847,-0.46332340483376,q_large,0.2
quote_rate,0.0018700008496320203,-0.0008382247440628727,-0.2953646098403821,q_large,0.2
paren_rate,6.988313267012892e-05,0.0002208096466941375,0.02980589265785873,q_large,0.2
dash_rate,0.000193348747193988,0.00018039171416476277,-0.004540082995994305,q_large,0.2
digit_rate,0.0023268323489707625,7.264508470142268e-05,-0.19130133804188526,q_large,0.2
upper_rate,0.003450047575210266,-0.0018546747521175314,-0.3409869531298151,q_large,0.2
linebreak_per_100w,-0.5750325046510547,0.5077058436741676,0.43936369514071844,q_large,0.2
bullet_rate,-0.03868749247907201,0.04115510646174803,0.2894391879648523,q_large,0.2
question_rate,0.010085504485568253,0.027214734895280878,0.1352009798302937,q_large,0.2
exclaim_rate,0.025651703570530815,0.05236669088993625,0.14775925674349336,q_large,0.2
mean_log_rank,0.10993105262256961,0.1259427555197461,0.03673850470126156,q_large,0.2
rare_word_rate,-0.0020010253105086726,-0.005560386391696887,-0.06815701626135275,q_large,0.2
rep_axis,1.495024400019796e-15,-1.2070482909722504e-15,-2.8649613993319583,q_large,0.2
content_ratio,0.019921337656614503,0.028093632167310482,0.12951654723530076,q_large,0.25
mean_word_len,-0.0114883899422707,0.14864752995415043,0.41588284182157703,q_large,0.25
long_word_rate,-0.006844699335406864,0.012025909141232858,0.3605482795207223,q_large,0.25
mean_sent_len,0.6546168945959487,7.31376719717269,0.2831039440198315,q_large,0.25
sd_sent_len,1.448854894453682,5.3070957886320524,0.2570254644516837,q_large,0.25
sent_len_burst,0.03692442181647121,0.052971678841253596,0.0710770086526314,q_large,0.25
n_sents_per_100w,0.48766671722325783,-0.7796570649687209,-0.46934653307218227,q_large,0.25
subordinator_rate,0.0002930326557758683,0.0020968710748380578,0.10002958285508545,q_large,0.25
function_rate,-0.01992133765661448,-0.02809363216731055,-0.12951654723530226,q_large,0.25
connective_rate,-0.00015185227492723138,0.0002422321473240696,0.08961741518647863,q_large,0.25
hedge_rate,-0.0006360268527967993,0.0013797885142788522,0.3106661853601802,q_large,0.25
pron12_rate,0.0035239556661687253,-0.001235802946450859,-0.15913110444960882,q_large,0.25
comma_rate,-2.9147458125332348e-05,-0.002034094700178625,-0.37718519645865933,q_large,0.25
punct_rate,0.002123089521947666,-0.002342133189881338,-0.45700674864671326,q_large,0.25
quote_rate,0.0018777342323766882,-0.0008148684075743317,-0.2936127243398806,q_large,0.25
paren_rate,8.183720079782254e-05,0.00022183724077043396,0.027658675629986234,q_large,0.25
dash_rate,0.00019890837544471427,0.0001797321879700635,-0.006723911640491814,q_large,0.25
digit_rate,0.00234521371729081,0.0001831477382895419,-0.18164435059959547,q_large,0.25
upper_rate,0.003528813456232681,-0.0017487786955252026,-0.3398983040658137,q_large,0.25
linebreak_per_100w,-0.5730277566207425,0.5071578156135093,0.43831019754820705,q_large,0.25
bullet_rate,-0.038520830549566766,0.04110954691379921,0.28866645068247576,q_large,0.25
question_rate,0.009683934056117413,0.02807502344666998,0.14530306631714385,q_large,0.25
exclaim_rate,0.02550044274994515,0.053574260020739686,0.1554954539196829,q_large,0.25
mean_log_rank,0.10868898557714061,0.12380400565395185,0.03455789334864737,q_large,0.25
rare_word_rate,-0.0016766480027106537,-0.006175664701104423,-0.08621315478401191,q_large,0.25
rep_axis,1.4898675424017639e-15,-1.2088198773220918e-15,-2.856905370325428,q_large,0.25
content_ratio,0.019716562193130303,0.028342476985043556,0.13670975336742014,q_large,0.3
mean_word_len,-0.011308507520674272,0.1481893447796567,0.41397166809212266,q_large,0.3
long_word_rate,-0.006670875503098298,0.011792496166006451,0.35200003933154306,q_large,0.3
mean_sent_len,0.6308537499176146,7.363660294049782,0.2863445668750469,q_large,0.3
sd_sent_len,1.4953558229451185,5.307486044382731,0.25387901386691003,q_large,0.3
sent_len_burst,0.03867493810526441,0.05064113765916984,0.05290668193296332,q_large,0.3
n_sents_per_100w,0.4844540773982017,-0.8000745074149616,-0.4770023896001861,q_large,0.3
subordinator_rate,0.00017474035592446064,0.0021645707663900723,0.11033180893156308,q_large,0.3
function_rate,-0.01971656219313029,-0.02834247698504362,-0.1367097533674214,q_large,0.3
connective_rate,-0.00016007171332360178,0.00023793643681769324,0.09047918551722682,q_large,0.3
hedge_rate,-0.0006529299969039318,0.0013588902213578773,0.3097804334914525,q_large,0.3
pron12_rate,0.0035259270522775034,-0.0009686979059640554,-0.15053161689087335,q_large,0.3
comma_rate,2.536717528306559e-06,-0.002019159465858209,-0.38001555506550583,q_large,0.3
punct_rate,0.0021677061461582124,-0.002383497831016273,-0.4662239017615248,q_large,0.3
quote_rate,0.0019132125153323103,-0.0008183211953395275,-0.2977440739322819,q_large,0.3
paren_rate,6.937074377512987e-05,0.00021580603567876688,0.028913971950815548,q_large,0.3
dash_rate,0.00019208914611532874,0.0001716196727311394,-0.0071719523350004645,q_large,0.3
digit_rate,0.002288796914366085,0.00017885463795190096,-0.17701903724519497,q_large,0.3
upper_rate,0.0036449951601467316,-0.0018107184839478783,-0.3507539573639535,q_large,0.3
linebreak_per_100w,-0.574888741237161,0.5078869086449215,0.4393893547051407,q_large,0.3
bullet_rate,-0.03867554090830626,0.04117015904538217,0.2894544310539432,q_large,0.3
question_rate,0.011869336640683592,0.02766894252213567,0.12327946889582858,q_large,0.3
exclaim_rate,0.025709050509262654,0.053045087270529666,0.15124702601280834,q_large,0.3
mean_log_rank,0.10741793568942283,0.12335051763933913,0.03637753858936841,q_large,0.3
rare_word_rate,-0.0016100192268689848,-0.006474502243323401,-0.09319834569387117,q_large,0.3
rep_axis,1.4940058923600964e-15,-1.2083864671493262e-15,-2.8664290181103325,q_large,0.3
content_ratio,0.01980630705967646,0.02864421077695714,0.14026206309909128,q_large,0.35
mean_word_len,-0.008611351815369832,0.14692167403610445,0.4024400235212934,q_large,0.35
long_word_rate,-0.006168172477049647,0.01135335518929959,0.33349685856639344,q_large,0.35
mean_sent_len,0.5197284765757856,7.440485482713324,0.2950248962760946,q_large,0.35
sd_sent_len,1.1934928170153714,5.381293299448146,0.2845985654292564,q_large,0.35
sent_len_burst,0.0348419655622364,0.05174538766514436,0.07526937488007546,q_large,0.35
n_sents_per_100w,0.4874430092890823,-0.8080503713142767,-0.4815037905153101,q_large,0.35
subordinator_rate,0.00013811436031884922,0.002281068372757411,0.11878116083568065,q_large,0.35
function_rate,-0.019806307059676443,-0.02864421077695721,-0.14026206309909267,q_large,0.35
connective_rate,-0.00015568775211220948,0.00023647533007346475,0.08915543235521964,q_large,0.35
hedge_rate,-0.0006420652342579497,0.0013117103461104723,0.300476285683972,q_large,0.35
pron12_rate,0.0033841141851315144,-0.0009179641839475433,-0.14380415454616072,q_large,0.35
comma_rate,-1.2548041446571699e-05,-0.0020166184174636058,-0.37667888507936403,q_large,0.35
punct_rate,0.002184982141354388,-0.0023818602956034223,-0.4681267396890742,q_large,0.35
quote_rate,0.001987419302461353,-0.0007754781602431199,-0.300999431613959,q_large,0.35
paren_rate,6.301405936884882e-05,0.00021808835497175673,0.030613813670063793,q_large,0.35
dash_rate,0.00019561345588060247,0.00017052995975539714,-0.008791675714586453,q_large,0.35
digit_rate,0.0023392886611087386,0.00014043425440395707,-0.1848698033936088,q_large,0.35
upper_rate,0.003440425624199978,-0.0019258672875622706,-0.34765565661516373,q_large,0.35
linebreak_per_100w,-0.5326149732268839,0.5081815081964821,0.41719594618134953,q_large,0.35
bullet_rate,-0.043251168926527674,0.04119465016793328,0.3014450473412309,q_large,0.35
question_rate,0.011725683493558656,0.025893645661527166,0.11126668791498733,q_large,0.35
exclaim_rate,0.025342814010736844,0.05329857389380628,0.1547656903845998,q_large,0.35
mean_log_rank,0.10906453698736956,0.12609298831024765,0.03898711701539442,q_large,0.35
rare_word_rate,-0.0012533451926651131,-0.006044155154986424,-0.09197174740485903,q_large,0.35
rep_axis,1.4865425193618431e-15,-1.2092532210770058e-15,-2.858702723407211,q_large,0.35
content_ratio,0.019826689540952253,0.028632811710481806,0.13978578270131886,q_large,0.4
mean_word_len,-0.006486684768459736,0.1470931497716444,0.39882856994376625,q_large,0.4
long_word_rate,-0.005965123355917452,0.011421359489161382,0.33181210513415127,q_large,0.4
mean_sent_len,0.7042993925859693,7.456490663779883,0.28785574368389544,q_large,0.4
sd_sent_len,1.3997847439628268,5.3803418474701274,0.26905895645560524,q_large,0.4
sent_len_burst,0.03764719217803184,0.051376180249108644,0.06079946618581363,q_large,0.4
n_sents_per_100w,0.46162097047432465,-0.8112681889551974,-0.47117506003326115,q_large,0.4
subordinator_rate,0.00018779807260584368,0.002309228117346033,0.11760277000735583,q_large,0.4
function_rate,-0.01982668954095224,-0.02863281171048188,-0.13978578270132028,q_large,0.4
connective_rate,-0.00013676179436451636,0.0002365414270277201,0.08485093014453607,q_large,0.4
hedge_rate,-0.0006292133673194983,0.001289887730881998,0.29470819059440523,q_large,0.4
pron12_rate,0.0035537415214144845,-0.0010129848276677214,-0.15241458705353672,q_large,0.4
comma_rate,8.922158476311892e-06,-0.0020153788097206646,-0.3801835959943121,q_large,0.4
punct_rate,0.0021225128632811306,-0.002378320970545772,-0.4612899272209514,q_large,0.4
quote_rate,0.0020879925850712648,-0.0007759758512979252,-0.311238807172621,q_large,0.4
paren_rate,2.3073672119966576e-05,0.00021127415239600468,0.037207969368824416,q_large,0.4
dash_rate,0.00016527717085570388,0.00017383504606192663,0.0030083400722056806,q_large,0.4
digit_rate,0.0021521926186585418,0.00021343619410127857,-0.16397433902529593,q_large,0.4
upper_rate,0.0032704174003401463,-0.0018011941944180703,-0.32890772729040757,q_large,0.4
linebreak_per_100w,-0.5346343218745063,0.5071636320849922,0.41757957761695824,q_large,0.4
bullet_rate,-0.04344177193070243,0.041110030458037974,0.3018135570702942,q_large,0.4
question_rate,0.011595292845478035,0.025297226791456517,0.1075394541070246,q_large,0.4
exclaim_rate,0.025390912643690706,0.053373706254963876,0.15493336261956267,q_large,0.4
mean_log_rank,0.11016668667538608,0.12673967512685982,0.03794616841001004,q_large,0.4
rare_word_rate,-0.001170534564777935,-0.005998396790981052,-0.09272017443895572,q_large,0.4
rep_axis,1.4893458388649792e-15,-1.2048123289785051e-15,-2.8557763092813597,q_large,0.4
content_ratio,0.01976969735908928,0.02840254141246556,0.1371691022114404,q_large,0.45
mean_word_len,-0.010395552522582525,0.1466330099301956,0.40461423212008535,q_large,0.45
long_word_rate,-0.0064056292218909764,0.011386635704986277,0.3400152665023824,q_large,0.45
mean_sent_len,0.8328963806557664,7.425497418401211,0.28100495805045084,q_large,0.45
sd_sent_len,1.5617785915232751,5.386663807894126,0.25749935134400187,q_large,0.45
sent_len_burst,0.0408480092520075,0.05244725040698242,0.0507325145230656,q_large,0.45
n_sents_per_100w,0.4405937279338795,-0.8076167996507584,-0.46098426695571953,q_large,0.45
subordinator_rate,-5.426633443808337e-05,0.0024432220343307935,0.13815420880060786,q_large,0.45
function_rate,-0.019769697359089265,-0.028402541412465628,-0.1371691022114417,q_large,0.45
connective_rate,-0.0001586041401971961,0.00026026018449872224,0.09553040006165309,q_large,0.45
hedge_rate,-0.0006259135091336823,0.0012985487416509438,0.2961419884413942,q_large,0.45
pron12_rate,0.0032249638427720127,-0.0008337277848556004,-0.13545964571305677,q_large,0.45
comma_rate,7.838171435176567e-05,-0.0019836548235803446,-0.37587617035799853,q_large,0.45
punct_rate,0.0022044664852911484,-0.0023375137228965723,-0.46258685335816485,q_large,0.45
quote_rate,0.0025020902478988948,-0.0007776620363336846,-0.3378133989144069,q_large,0.45
paren_rate,0.00029645908263449235,0.00021077155317351565,-0.015389483806902412,q_large,0.45
dash_rate,0.00017990096451665365,0.00016345090714450872,-0.005783726728209221,q_large,0.45
digit_rate,0.0021691931055962204,0.00014071517279967618,-0.1718213972396775,q_large,0.45
upper_rate,0.0033936676407052137,-0.001849016873001335,-0.34006101429703706,q_large,0.45
linebreak_per_100w,-0.5019273696409122,0.5083720195959566,0.4015830978089483,q_large,0.45
bullet_rate,-0.05308599029842052,0.041233679161854546,0.3272580046608335,q_large,0.45
question_rate,0.011480162410692487,0.02527483685886794,0.10825869481094207,q_large,0.45
exclaim_rate,0.024808852209844415,0.05299468229642978,0.15590246433934576,q_large,0.45
mean_log_rank,0.11311788220536201,0.12426370811280311,0.025558772801113537,q_large,0.45
rare_word_rate,-0.0004427881621272223,-0.006277768037396171,-0.11168967967436019,q_large,0.45
rep_axis,1.4846515096884166e-15,-1.2066824590471403e-15,-2.845707392308758,q_large,0.45
content_ratio,0.018902229761179085,0.02892520985448677,0.16270432805358628,q_large,0.5
mean_word_len,-0.010020673196817834,0.15134762394336843,0.41946776157702126,q_large,0.5
long_word_rate,-0.006513103865515295,0.012275712934754513,0.36041497615296875,q_large,0.5
mean_sent_len,0.44677453853591814,7.565481101728256,0.3087082535034921,q_large,0.5
sd_sent_len,1.0056535863128055,5.524426715521204,0.3223967429718407,q_large,0.5
sent_len_burst,0.0367113416422796,0.05481225167472263,0.07990706389785295,q_large,0.5
n_sents_per_100w,0.4827605188950122,-0.8357258952034579,-0.49410097741299186,q_large,0.5
subordinator_rate,0.00013039121289446675,0.0025921535805142216,0.1354527100422903,q_large,0.5
function_rate,-0.018902229761179067,-0.028925209854486843,-0.16270432805358775,q_large,0.5
connective_rate,-0.00020550853082482542,0.00025349910979119796,0.10496646475409174,q_large,0.5
hedge_rate,-0.00033236404779911203,0.0012566489696280011,0.23043693176996208,q_large,0.5
pron12_rate,0.0029059766864670965,-0.0010652857947204431,-0.13544944055766608,q_large,0.5
comma_rate,-0.0001516874979513413,-0.002006842133080303,-0.3548225435187154,q_large,0.5
punct_rate,0.0018996936371496742,-0.0024156858230527517,-0.4433547322082267,q_large,0.5
quote_rate,0.002530312804870145,-0.0007782755694688423,-0.341586320809061,q_large,0.5
paren_rate,0.00027544176682441773,0.00018278995074241702,-0.016652711628231925,q_large,0.5
dash_rate,1.9242850296012446e-05,0.00016251523379540118,0.06319008108273402,q_large,0.5
digit_rate,0.002243846296059114,0.00018300303029025432,-0.17399812689153987,q_large,0.5
upper_rate,0.0036427936429471643,-0.001825397018006652,-0.3557197844670076,q_large,0.5
linebreak_per_100w,-0.5034535116871804,0.5083871776820447,0.40235796068179314,q_large,0.5
bullet_rate,-0.05681419113026575,0.041234939308185586,0.3366965697480997,q_large,0.5
question_rate,0.011815777870718342,0.023145978135475653,0.08912315864137517,q_large,0.5
exclaim_rate,0.024315754805060204,0.05244614951546623,0.15559456609049663,q_large,0.5
mean_log_rank,0.10820543541278188,0.12570445675849298,0.040723123700676496,q_large,0.5
rare_word_rate,-0.0009849750379972535,-0.00695478318063951,-0.11458758779919632,q_large,0.5
rep_axis,1.4508493748094018e-15,-1.204262239788516e-15,-2.804672811596529,q_large,0.5
content_ratio,0.019364397479287296,0.02911692972776527,0.15913872812125562,q_large,0.55
mean_word_len,-0.001196926809388872,0.1556443140703503,0.41117774140394686,q_large,0.55
long_word_rate,-0.0049321042126757595,0.012485700826470124,0.3358915152225532,q_large,0.55
mean_sent_len,0.9956581140871004,7.536164019945493,0.2817702282785193,q_large,0.55
sd_sent_len,1.4082416988104012,5.51210682612972,0.28510961474075613,q_large,0.55
sent_len_burst,0.03927200521625094,0.055254893019422775,0.07022415083658669,q_large,0.55
n_sents_per_100w,0.42270374139760974,-0.8182705432794211,-0.4614624695410422,q_large,0.55
subordinator_rate,0.00020704489397911128,0.0025008070676846212,0.12573522016960453,q_large,0.55
function_rate,-0.019364397479287275,-0.029116929727765344,-0.15913872812125718,q_large,0.55
connective_rate,-4.5805062602567674e-05,0.00024207139247399062,0.06471483809581044,q_large,0.55
hedge_rate,-0.00015906482019952686,0.0011875662855734296,0.1933185261369621,q_large,0.55
pron12_rate,0.0029776414351175527,-0.0007871905479898251,-0.12900735316439801,q_large,0.55
comma_rate,-6.312769038929064e-05,-0.002002596046235001,-0.3732772148225321,q_large,0.55
punct_rate,0.002012716846543385,-0.0023680070458466152,-0.45179934679029005,q_large,0.55
quote_rate,0.002495960131132447,-0.0007726355531887935,-0.3412061416168829,q_large,0.55
paren_rate,0.00029943741208966854,0.0001781136109064079,-0.021755541754286307,q_large,0.55
dash_rate,3.8380803670190715e-05,0.00015210124298766346,0.05016670683230524,q_large,0.55
digit_rate,0.002340707541208282,0.0001555113291648834,-0.18399397383061458,q_large,0.55
upper_rate,0.004042081856557716,-0.0017024754439541323,-0.3704775036967638,q_large,0.55
linebreak_per_100w,-0.37417585979208523,0.5058779508081087,0.3350008145703993,q_large,0.55
bullet_rate,-0.021915505819952302,0.041026338234108735,0.12038726406055492,q_large,0.55
question_rate,0.01118457871996906,0.024379622284429924,0.10401973999391666,q_large,0.55
exclaim_rate,0.023000255286733343,0.052726839372815935,0.16496939048676293,q_large,0.55
mean_log_rank,0.11744603719983558,0.1269007929366499,0.02209426109084575,q_large,0.55
rare_word_rate,-0.0010880079511223096,-0.006755174562132176,-0.1085365450647074,q_large,0.55
rep_axis,1.408449688944521e-15,-1.1970152399344959e-15,-2.735521126978787,q_large,0.55
content_ratio,0.019511514288357207,0.028726037070521803,0.15133430138940784,q_large,0.6
mean_word_len,0.0008853776747782671,0.15222312988489328,0.4030130265601262,q_large,0.6
long_word_rate,-0.004798392445078022,0.01218436177973,0.3320912955856216,q_large,0.6
mean_sent_len,0.8498145975551137,7.480998468644453,0.28756099725790685,q_large,0.6
sd_sent_len,1.1106194857357543,5.423279802593183,0.3084475831204972,q_large,0.6
sent_len_burst,0.03904815281733282,0.05310576183587056,0.06231385467495776,q_large,0.6
n_sents_per_100w,0.38877991392197386,-0.8067314151999179,-0.46027005422050454,q_large,0.6
subordinator_rate,0.0006034543793542724,0.0024218011744175524,0.10026670557868848,q_large,0.6
function_rate,-0.019511514288357183,-0.028726037070521872,-0.1513343013894094,q_large,0.6
connective_rate,0.00010282308563548124,0.0002490147487869736,0.03126794054768756,q_large,0.6
hedge_rate,3.162895489916627e-05,0.0012455376731476324,0.17400641182573504,q_large,0.6
pron12_rate,0.0026351864720935048,-0.0005553685756867478,-0.11117290201547832,q_large,0.6
comma_rate,-2.8235969485973197e-05,-0.0019453675322265711,-0.3745714443888419,q_large,0.6
punct_rate,0.0018412898304214819,-0.002274200925731032,-0.4330941096477373,q_large,0.6
quote_rate,0.002018483862426582,-0.0007201711841907068,-0.29807757091711284,q_large,0.6
paren_rate,0.00036274418999714396,0.00018645072972100184,-0.031614752714104535,q_large,0.6
dash_rate,0.00011682945326853973,0.00014225085339512322,0.01108282136922576,q_large,0.6
digit_rate,0.0020733053103334067,0.00017208153858430544,-0.16458801010681415,q_large,0.6
upper_rate,0.004151068890620133,-0.0016812348208423429,-0.3712809416665351,q_large,0.6
linebreak_per_100w,-0.3627769508790286,0.5046169512955803,0.32130584252221034,q_large,0.6
bullet_rate,-0.018957202605018045,0.0409442340723188,0.10979297837238726,q_large,0.6
question_rate,0.009085408066036109,0.024625811612648506,0.1231252954470396,q_large,0.6
exclaim_rate,0.023112150316608373,0.05473407108163784,0.17560901245238808,q_large,0.6
mean_log_rank,0.1138423593840413,0.12328323335145366,0.022062024129755133,q_large,0.6
rare_word_rate,-0.0008486646821068205,-0.006810878421811542,-0.11398918235614043,q_large,0.6
rep_axis,1.330628758380734e-15,-1.1938563580482699e-15,-2.680065146602285,q_large,0.6
content_ratio,0.01800218127283353,0.029171035071169475,0.1907245428910857,q_large,0.65
mean_word_len,-0.018336512753234255,0.15529184072918706,0.47247517412484463,q_large,0.65
long_word_rate,-0.005300361089868097,0.012688774575400378,0.3646297914610904,q_large,0.65
mean_sent_len,-0.41023909576563844,7.514384161014515,0.38025703561929575,q_large,0.65
sd_sent_len,0.49678155805893903,5.515402679700567,0.372043687594437,q_large,0.65
sent_len_burst,0.03185699551776041,0.05569078868479194,0.10693332906255824,q_large,0.65
n_sents_per_100w,0.5507420802110704,-0.8210785966940621,-0.5397583209650141,q_large,0.65
subordinator_rate,-0.0012700171032564802,0.0026349283688373625,0.29809680360643864,q_large,0.65
function_rate,-0.018002181272833505,-0.029171035071169547,-0.1907245428910874,q_large,0.65
connective_rate,5.302701977276248e-05,0.00021275128680217558,0.034735831185987984,q_large,0.65
hedge_rate,-3.2440562539062384e-05,0.0011891027280612988,0.18213937521327167,q_large,0.65
pron12_rate,0.0037470216310643532,-0.0005339022122994784,-0.14970937176610313,q_large,0.65
comma_rate,5.7200909091676064e-05,-0.0019580105734837926,-0.405682133759174,q_large,0.65
punct_rate,0.0021367497754950005,-0.0023025226744571815,-0.4802152002419477,q_large,0.65
quote_rate,0.0017653572949939329,-0.0007345196071649389,-0.2791723377314407,q_large,0.65
paren_rate,0.0005515620960634998,0.00022414917708489458,-0.05855156937553273,q_large,0.65
dash_rate,0.00023403801627131405,0.00013356474267135329,-0.0422354139016687,q_large,0.65
digit_rate,0.002282011415047415,0.0009734098240804716,-0.0944613340669714,q_large,0.65
upper_rate,0.005084346893298385,-0.00176061232625406,-0.41985258865339875,q_large,0.65
linebreak_per_100w,0.09256277500885739,0.5061377580858683,0.11671949666199964,q_large,0.65
bullet_rate,-0.031882116501814564,0.04109385531688336,0.13031082178055833,q_large,0.65
question_rate,0.009236206434202381,0.024403522310412432,0.11608147500690763,q_large,0.65
exclaim_rate,0.01921560930322751,0.05335653217727734,0.1894491217316262,q_large,0.65
mean_log_rank,0.10657016628772328,0.12792656350555687,0.05091849115476939,q_large,0.65
rare_word_rate,-0.000342746043225351,-0.006249902566984838,-0.11306445405896368,q_large,0.65
rep_axis,1.1831163948128292e-15,-1.197472206507026e-15,-2.59595220108636,q_large,0.65
content_ratio,0.017422078584085884,0.029193360647447802,0.2048600979509404,q_large,0.7
mean_word_len,-0.01525374633221118,0.15115433669848896,0.46210331648104197,q_large,0.7
long_word_rate,-0.0041920023337033065,0.012014736382791595,0.32451515007064924,q_large,0.7
mean_sent_len,-1.613740853510306,7.490302273563214,0.49988151816119925,q_large,0.7
sd_sent_len,0.11150872611777159,5.466780326385162,0.41287294729630386,q_large,0.7
sent_len_burst,0.03085447792166796,0.05448630772760227,0.10593450746468097,q_large,0.7
n_sents_per_100w,0.5914614748890578,-0.8145132268982571,-0.5777803969730771,q_large,0.7
subordinator_rate,-0.0010899546617768696,0.0027082046848965896,0.2946112342226971,q_large,0.7
function_rate,-0.01742207858408586,-0.02919336064744787,-0.20486009795094207,q_large,0.7
connective_rate,0.00017441937674372805,0.00015292590291761656,-0.004628485711732314,q_large,0.7
hedge_rate,-1.6093746047963973e-05,0.0010890511750665979,0.1675467070441821,q_large,0.7
pron12_rate,0.002798826340012215,-0.000508917248070048,-0.11755493963329398,q_large,0.7
comma_rate,-6.620785843758914e-06,-0.001964505039013117,-0.39044884569348737,q_large,0.7
punct_rate,0.0022924791326608697,-0.002295306135396491,-0.5007288144293369,q_large,0.7
quote_rate,0.0018194258180403613,-0.0006602714043453326,-0.28109831388320444,q_large,0.7
paren_rate,0.0005991111103731847,0.000226945632670368,-0.0672392311394185,q_large,0.7
dash_rate,0.00041195513400940756,0.00014057671879084282,-0.09997037560771853,q_large,0.7
digit_rate,0.0024778849843404556,0.001003645736247284,-0.10616764988705873,q_large,0.7
upper_rate,0.005972616471901389,-0.0017216780493872668,-0.47048329566580027,q_large,0.7
linebreak_per_100w,0.10138545930061885,0.5053217895837449,0.11398327258824922,q_large,0.7
bullet_rate,0.02440701976098918,0.04104874818702079,0.02134744881558684,q_large,0.7
question_rate,0.008401940835997991,0.023727195100057445,0.11770290526304185,q_large,0.7
exclaim_rate,0.015646910938745106,0.055125127449795544,0.22179511400703825,q_large,0.7
mean_log_rank,0.1124000561612083,0.1277782259752955,0.03633247632100384,q_large,0.7
rare_word_rate,0.0026253402700797766,-0.005791930693195224,-0.15845992455414296,q_large,0.7
rep_axis,1.0516123412224864e-15,-1.193446570693121e-15,-2.5997634684798836,q_large,0.7
content_ratio,0.014600459185552027,0.031747921439244514,0.2924056688267913,q_large,0.75
mean_word_len,-0.0049279611735285386,0.14710249083438526,0.4100391206408326,q_large,0.75
long_word_rate,-0.0007147767261223481,0.012495594110949249,0.2607779787345841,q_large,0.75
mean_sent_len,-2.685109089132072,7.803351090383287,0.6914849338208487,q_large,0.75
sd_sent_len,-0.4713306674099518,5.9241936777098765,0.5217164328108611,q_large,0.75
sent_len_burst,0.02285675060932054,0.061960925955882123,0.1769855021658387,q_large,0.75
n_sents_per_100w,0.5140663463414892,-0.8493252171607456,-0.5929719843736126,q_large,0.75
subordinator_rate,-0.0005911788782114195,0.002754617137051101,0.25718186441851354,q_large,0.75
function_rate,-0.014600459185552006,-0.031747921439244584,-0.2924056688267929,q_large,0.75
connective_rate,-0.0002082329284711496,0.00023512703158870413,0.12650540145107986,q_large,0.75
hedge_rate,-5.525192640962268e-05,0.0008568328905833589,0.14049008530601353,q_large,0.75
pron12_rate,0.0023147671668826276,-0.0007451335440440735,-0.11295927540395294,q_large,0.75
comma_rate,1.9817103506162768e-05,-0.0017428726549738045,-0.3593893513490062,q_large,0.75
punct_rate,0.0019021802519031657,-0.0020777350597913475,-0.43813062532376684,q_large,0.75
quote_rate,0.0015022023560052255,-0.0006288537788136892,-0.25833949149625995,q_large,0.75
paren_rate,0.0001321234312514709,0.00019850337441921557,0.014852962501638752,q_large,0.75
dash_rate,0.0004068710908315626,0.00036234645161206935,-0.01381321362126169,q_large,0.75
digit_rate,0.0023018207923084792,0.0010094089689483131,-0.0966472769002153,q_large,0.75
upper_rate,0.0052481041641627415,-0.0019590450988146275,-0.44796971856196577,q_large,0.75
linebreak_per_100w,0.6029404202990386,0.46686086793677406,-0.027368635783897054,q_large,0.75
bullet_rate,0.029868815369684255,0.038303868409846904,0.011255430569778978,q_large,0.75
question_rate,0.009398246039029712,0.022539292408302644,0.10034793250363912,q_large,0.75
exclaim_rate,0.009342501665872069,0.05495152838371044,0.26089241470099456,q_large,0.75
mean_log_rank,0.09125562923155471,0.14338826118483752,0.12222016611949131,q_large,0.75
rare_word_rate,0.0011035850944494047,-0.005084142965203342,-0.11706397934964896,q_large,0.75
rep_axis,8.972917663566884e-16,-1.1345092999854718e-15,-2.5716388424528773,q_large,0.75
content_ratio,0.01199640286260161,0.028066815628964185,0.2832595120843445,q_large,0.8
mean_word_len,-0.0008966542719456339,0.1218383994288256,0.3195790489125296,q_large,0.8
long_word_rate,0.0005141443221449694,0.010732555703969337,0.19583953509325877,q_large,0.8
mean_sent_len,-2.7953724130339164,7.321531121605228,0.6776826840398174,q_large,0.8
sd_sent_len,-0.7659968571618183,5.7700143935953045,0.5632377329670119,q_large,0.8
sent_len_burst,0.02392205529144488,0.06434892006545354,0.18072690271297934,q_large,0.8
n_sents_per_100w,0.40060191031538855,-0.8150330884649586,-0.5855018804935813,q_large,0.8
subordinator_rate,-0.001249174677973538,0.0023142760750807724,0.2752103531751101,q_large,0.8
function_rate,-0.011996402862601596,-0.028066815628964244,-0.2832595120843458,q_large,0.8
connective_rate,-0.0003212624450624553,0.00018766232676815985,0.1539980796001325,q_large,0.8
hedge_rate,7.41516850729769e-06,0.0007419874438138536,0.10910103726251306,q_large,0.8
pron12_rate,0.00040321229405454283,-0.0015888757174363193,-0.07897052543060913,q_large,0.8
comma_rate,0.00025396609458567203,-0.0015613343557043862,-0.38025881832054903,q_large,0.8
punct_rate,0.0018282527570626717,-0.0017091519891678187,-0.41020407723818336,q_large,0.8
quote_rate,0.0011712676378167746,-0.0008287959756190957,-0.2686347275930012,q_large,0.8
paren_rate,-0.00010822050903582226,0.0001630438526540362,0.06843480993916372,q_large,0.8
dash_rate,0.0005015766279439449,0.0004120470990377244,-0.027740596394975545,q_large,0.8
digit_rate,0.0014270718930627171,0.0007581934814381238,-0.052805138422744605,q_large,0.8
upper_rate,0.005603695317645613,-0.001728531144298182,-0.46445592831156257,q_large,0.8
linebreak_per_100w,0.8433528975033934,0.26160379951361373,-0.11429444291139919,q_large,0.8
bullet_rate,0.06272819567557834,0.027632137533304322,-0.04357175862545528,q_large,0.8
question_rate,0.008613733585856508,0.0195994357554375,0.08532033379214847,q_large,0.8
exclaim_rate,0.008975489015421166,0.05269374123283807,0.2498056251840561,q_large,0.8
mean_log_rank,0.07630711612121917,0.11815452027801046,0.10435687487059515,q_large,0.8
rare_word_rate,0.002002746297972349,-0.006446248137684621,-0.16932130712954951,q_large,0.8
rep_axis,7.520249653012395e-16,-9.729850754006634e-16,-2.082005952243574,q_large,0.8
content_ratio,0.010721798402987037,0.0255362343564849,0.2505746810402722,q_large,0.85
mean_word_len,-0.005391483300900677,0.09944252548537964,0.26820299384996005,q_large,0.85
long_word_rate,2.594260768930101e-05,0.009489411210380291,0.1795995539227444,q_large,0.85
mean_sent_len,-3.791403946188723,7.162369267012557,0.7429578325843922,q_large,0.85
sd_sent_len,-0.911202268579581,5.270833023651273,0.5307329297312507,q_large,0.85
sent_len_burst,0.018031215656429667,0.05698373210967731,0.1732206026905491,q_large,0.85
n_sents_per_100w,0.45209080643220817,-0.7282493404458975,-0.5771313072738764,q_large,0.85
subordinator_rate,-0.001640519860713021,0.001273274446642214,0.22025787682834055,q_large,0.85
function_rate,-0.01072179840298702,-0.025536234356484923,-0.2505746810402729,q_large,0.85
connective_rate,-0.00010278706590302764,0.00020000104904382407,0.09025425003656781,q_large,0.85
hedge_rate,4.0475033271661144e-05,0.00026215555873105456,0.03343317408842213,q_large,0.85
pron12_rate,0.0007800320266407408,-0.002117328450233627,-0.10821684220134212,q_large,0.85
comma_rate,0.0002254467760136185,-0.0010060072268245563,-0.2543708551723191,q_large,0.85
punct_rate,0.0018964245366212573,-0.0009547840135050321,-0.33566307045553684,q_large,0.85
quote_rate,0.0011257561922219704,-0.0008557854561098671,-0.2673776204797661,q_large,0.85
paren_rate,0.0002523437806830924,3.6593805331982104e-05,-0.04795242897010851,q_large,0.85
dash_rate,0.0004755690472579941,0.000317912668624838,-0.05155080938616836,q_large,0.85
digit_rate,0.0017172765495907976,0.000487325511557353,-0.09691129748918045,q_large,0.85
upper_rate,0.005123949467049276,-0.00126019176824926,-0.4223647613430636,q_large,0.85
linebreak_per_100w,0.5452060233203656,0.0837767857819566,-0.12015881940488089,q_large,0.85
bullet_rate,0.07913772982156984,0.009708416209930756,-0.08325880746713947,q_large,0.85
question_rate,0.003380300905335657,0.015224829534544217,0.10212916716265483,q_large,0.85
exclaim_rate,0.0062946139776194785,0.053435530678154125,0.2590957849697065,q_large,0.85
mean_log_rank,0.06674904237585548,0.11842738129708129,0.1294808745607156,q_large,0.85
rare_word_rate,0.0011087765486735113,0.00015325034079933492,-0.019771830415758494,q_large,0.85
rep_axis,6.647467730878273e-16,-6.898472913990149e-16,-1.435494194981887,q_large,0.85
content_ratio,0.010701983519477522,0.01703220046898132,0.10696221641228429,q_large,0.9
mean_word_len,-0.007236332363006403,0.060434731722532116,0.1747120207496731,q_large,0.9
long_word_rate,-0.00035370029001975277,0.006473903928246272,0.1300185710812964,q_large,0.9
mean_sent_len,-3.6057328573815504,5.608723274774545,0.6031303198147172,q_large,0.9
sd_sent_len,-1.2160856472792312,4.578738046638346,0.5003646620032918,q_large,0.9
sent_len_burst,0.00898997078577777,0.053522391821569135,0.2120698612554355,q_large,0.9
n_sents_per_100w,0.387018029624572,-0.5788053887691267,-0.5079043770998354,q_large,0.9
subordinator_rate,-0.0011362794897393593,0.0010294570077342363,0.15853948811816312,q_large,0.9
function_rate,-0.01070198351947751,-0.017032200468981327,-0.10696221641228462,q_large,0.9
connective_rate,-0.00028693795636524944,2.049578357627405e-05,0.09728420801575124,q_large,0.9
hedge_rate,0.00012087713559725988,0.00016784561885932069,0.007118629283202129,q_large,0.9
pron12_rate,0.0006304308129351649,0.0003618927169628526,-0.009736261831055576,q_large,0.9
comma_rate,0.0002981630894624647,-0.0004488562564506944,-0.1542343178249475,q_large,0.9
punct_rate,0.0017034603972888413,-0.00036506041137410796,-0.25598448200746776,q_large,0.9
quote_rate,0.0007281252360660428,-0.0009120708730937921,-0.28020031040949417,q_large,0.9
paren_rate,0.0003917945239089235,-0.00012536436433836516,-0.1250171021658352,q_large,0.9
dash_rate,0.0004822890337510756,0.0001949337695630843,-0.09406857202415296,q_large,0.9
digit_rate,0.0015555986945209885,-0.00018794934800425933,-0.14140350120877168,q_large,0.9
upper_rate,0.004503234337489867,-0.0011830053717121966,-0.4094070127102744,q_large,0.9
linebreak_per_100w,0.4232302587955717,-0.03946664513869043,-0.12117919971668674,q_large,0.9
bullet_rate,0.16784127124581993,-0.013637627975946975,-0.18695598724376938,q_large,0.9
question_rate,0.0014164990324737653,0.012612900739469133,0.09982730894875895,q_large,0.9
exclaim_rate,0.004716019288329867,0.052237975746270655,0.2685285219365469,q_large,0.9
mean_log_rank,0.06250426094341922,0.08382686679044694,0.05262570140413866,q_large,0.9
rare_word_rate,0.0013269197479566517,0.002626515518109871,0.02438017975757959,q_large,0.9
rep_axis,5.098408738946168e-16,-3.323452510281374e-16,-0.8516124810927322,q_large,0.9
content_ratio,0.02260696201226288,0.027345927504740502,0.07527350163579645,q_small,0.0
mean_word_len,-0.0180618478307112,0.14313612717840696,0.414090523323713,q_small,0.0
long_word_rate,-0.007380422161861925,0.011447494276708079,0.36115591470937153,q_small,0.0
mean_sent_len,0.802937628009039,7.366007674870705,0.2787251505719425,q_small,0.0
sd_sent_len,1.8210391509728105,5.315561397900065,0.23068862548260935,q_small,0.0
sent_len_burst,0.045858678320879726,0.051670655841266414,0.02537286151396051,q_small,0.0
n_sents_per_100w,0.4435861844896117,-0.8048266544337338,-0.45948671964998905,q_small,0.0
subordinator_rate,-0.0001529178846641624,0.0023619382690991497,0.13906384184151538,q_small,0.0
function_rate,-0.022606962012262855,-0.027345927504740578,-0.07527350163579809,q_small,0.0
connective_rate,-0.00018933607803758282,0.0003334833887777057,0.1177397523905391,q_small,0.0
hedge_rate,-0.0005943075110629178,0.0013453490498074273,0.2901141239196583,q_small,0.0
pron12_rate,0.002433879387105599,-0.0010569583951288942,-0.11646203823886812,q_small,0.0
comma_rate,0.00015333112471179846,-0.0019108229978550511,-0.3773928789745025,q_small,0.0
punct_rate,0.002272618833637676,-0.002258061144407285,-0.46052644830748535,q_small,0.0
quote_rate,0.0022425607231034996,-0.0007079408887631866,-0.30454090338950623,q_small,0.0
paren_rate,0.0005288926909398244,0.0001570125516583853,-0.06580991419040695,q_small,0.0
dash_rate,0.00022445857697646316,0.00018815277808992636,-0.01271367222037953,q_small,0.0
digit_rate,0.0024852011594572645,-6.907561006247616e-05,-0.2159861631939024,q_small,0.0
upper_rate,0.0034122733645241122,-0.0018324768050857765,-0.33488150073859396,q_small,0.0
linebreak_per_100w,-0.1254482325268389,0.504527481673399,0.14673423700525526,q_small,0.0
bullet_rate,0.00035262061119845534,0.040867686678183496,0.07918903638937728,q_small,0.0
question_rate,0.009559975435819346,0.024807934071348656,0.12183090577415279,q_small,0.0
exclaim_rate,0.02562156400430103,0.05249341446935292,0.14926171510392242,q_small,0.0
mean_log_rank,0.12414310683875826,0.11871046821196174,-0.01238264332753757,q_small,0.0
rare_word_rate,0.0007189010314849942,-0.006210113012875826,-0.13191163032216857,q_small,0.0
rep_axis,1.503198179571852e-15,-1.1999414818742452e-15,-2.8640627564367387,q_small,0.0
content_ratio,0.021698194264721637,0.027587104555785863,0.09360092586709844,q_small,0.05
mean_word_len,-0.026163674586339013,0.14515912037686723,0.4425153767617155,q_small,0.05
long_word_rate,-0.008049287919727099,0.011941913971982942,0.3873583221078798,q_small,0.05
mean_sent_len,1.055049937471275,7.604736330694285,0.27706619169072105,q_small,0.05
sd_sent_len,2.1773080185913862,5.479809031458038,0.21347242938443037,q_small,0.05
sent_len_burst,0.05004882715247796,0.05387612145874183,0.016647807430678088,q_small,0.05
n_sents_per_100w,0.42823829638265265,-0.8423299372987586,-0.46748677536333016,q_small,0.05
subordinator_rate,-0.00014352577423290173,0.002861163072169976,0.16704691366473012,q_small,0.05
function_rate,-0.02169819426472161,-0.027587104555785932,-0.09360092586709998,q_small,0.05
connective_rate,-0.00022910171309701812,0.00037265173836960276,0.1358949864582871,q_small,0.05
hedge_rate,-0.0007222058876814667,0.0012605037626884316,0.3032954558669948,q_small,0.05
pron12_rate,0.0028095885166915446,-0.0008176958857662967,-0.12080166197007931,q_small,0.05
comma_rate,0.0001297232894344051,-0.0019314015965040399,-0.3768093610808718,q_small,0.05
punct_rate,0.002289807987620143,-0.0023932459122080717,-0.476265546711334,q_small,0.05
quote_rate,0.0023220095671811947,-0.0007124223499910073,-0.31277876199825483,q_small,0.05
paren_rate,0.0005275201220603952,0.0001935163169831914,-0.059144007699006185,q_small,0.05
dash_rate,0.0002339629492193362,0.00015996452713002676,-0.0259303695387326,q_small,0.05
digit_rate,0.0024984780000643168,3.217282329971774e-05,-0.20878722886207335,q_small,0.05
upper_rate,0.0036221256064950737,-0.0020565982406314724,-0.36292363125582444,q_small,0.05
linebreak_per_100w,-0.028828589585935482,0.5060136461847434,0.1237050708334529,q_small,0.05
bullet_rate,0.0007313629122972998,0.04101442798523774,0.07872624572599148,q_small,0.05
question_rate,0.009363003932632265,0.02490933118981976,0.12407571246624692,q_small,0.05
exclaim_rate,0.024902131655267844,0.05342683428122838,0.15794442954502916,q_small,0.05
mean_log_rank,0.12143790390582933,0.11344342640784717,-0.018126823105611284,q_small,0.05
rare_word_rate,0.0009661365632598715,-0.00737588908975235,-0.15850337400698142,q_small,0.05
rep_axis,1.4982124434831655e-15,-1.197619531368007e-15,-2.855491436957956,q_small,0.05
content_ratio,0.021721308478709477,0.02740316082393888,0.0903214527161351,q_small,0.1
mean_word_len,-0.01822709974669807,0.1417330717978224,0.41102122592233903,q_small,0.1
long_word_rate,-0.007730511173241317,0.01152104541466602,0.37004290770789383,q_small,0.1
mean_sent_len,1.199307468020987,7.492707996184424,0.26591163193826994,q_small,0.1
sd_sent_len,2.1751274131228904,5.430894952064555,0.21027783331862343,q_small,0.1
sent_len_burst,0.04741302618569886,0.053633696201696904,0.027069745123949617,q_small,0.1
n_sents_per_100w,0.4079855158586011,-0.8177021265111079,-0.449841328350164,q_small,0.1
subordinator_rate,0.00019610997640610888,0.0026729714092467403,0.13715629645393448,q_small,0.1
function_rate,-0.021721308478709456,-0.02740316082393895,-0.09032145271613655,q_small,0.1
connective_rate,-8.866799410889553e-05,0.00025889470566440887,0.0788497903844616,q_small,0.1
hedge_rate,-0.0005797384491945838,0.0012300727541710865,0.27192969833288644,q_small,0.1
pron12_rate,0.0024340784771079114,-0.000568304164777547,-0.09997489083079748,q_small,0.1
comma_rate,1.9352257714327845e-05,-0.0019630482469896794,-0.36525792700394893,q_small,0.1
punct_rate,0.002114160575739577,-0.002364395577004523,-0.45566747825313214,q_small,0.1
quote_rate,0.002419118379362149,-0.0007079580021474868,-0.3220825803932881,q_small,0.1
paren_rate,0.0004364109584292317,0.00018001386578551576,-0.045680688788906326,q_small,0.1
dash_rate,0.0002037369548889265,0.0001822916662574119,-0.007502286556179373,q_small,0.1
digit_rate,0.002429524892922605,0.0001042035922208111,-0.19752435125803838,q_small,0.1
upper_rate,0.003440763656808131,-0.001973581065820036,-0.34659278057913573,q_small,0.1
linebreak_per_100w,-0.03866015367990403,0.5076825280587732,0.126786076786638,q_small,0.1
bullet_rate,-0.04804193588342813,0.041153168150603464,0.31388302883221025,q_small,0.1
question_rate,0.008318082080471294,0.026890760074137883,0.14748179135368608,q_small,0.1
exclaim_rate,0.025156946096015834,0.05257829114891738,0.15175736946628335,q_small,0.1
mean_log_rank,0.11853210752782445,0.11385718995675649,-0.010630346360615819,q_small,0.1
rare_word_rate,0.00010747561863654665,-0.00721331486724486,-0.1388773961137997,q_small,0.1
rep_axis,1.4908704208850675e-15,-1.1968094605624784e-15,-2.849267659526251,q_small,0.1
content_ratio,0.0215667450525049,0.026809509423773713,0.08290434726625844,q_small,0.15
mean_word_len,-0.012705269293137764,0.13805292113785694,0.38586948169216084,q_small,0.15
long_word_rate,-0.007439377452918513,0.01100770972289161,0.3526541757623028,q_small,0.15
mean_sent_len,0.8786350216174071,7.403679294854321,0.27549281210386495,q_small,0.15
sd_sent_len,1.9060990388614212,5.362381540393374,0.2241706533626616,q_small,0.15
sent_len_burst,0.045078820951538943,0.0526718630277909,0.03328631686824971,q_small,0.15
n_sents_per_100w,0.46171805595630244,-0.8016742806070948,-0.4661538854246298,q_small,0.15
subordinator_rate,0.00024359150633232324,0.002697490826089382,0.13541691688237098,q_small,0.15
function_rate,-0.021566745052504877,-0.026809509423773786,-0.08290434726625999,q_small,0.15
connective_rate,-0.00017125748213922974,0.0002981535618403208,0.10616016583398719,q_small,0.15
hedge_rate,-0.0006810367557139354,0.0013703598262439472,0.30960393475778586,q_small,0.15
pron12_rate,0.002430851986645041,-0.0008011777307371502,-0.10717782867356139,q_small,0.15
comma_rate,3.05187067319618e-05,-0.0019310754696819552,-0.3605346435630732,q_small,0.15
punct_rate,0.002211647405296196,-0.002307749690739575,-0.4608162829517099,q_small,0.15
quote_rate,0.0022644758414485026,-0.000648199558647547,-0.2999983101781245,q_small,0.15
paren_rate,0.00041045590835418256,0.00016607365639345197,-0.0435311510748895,q_small,0.15
dash_rate,0.00019338611668970432,0.00016224838718007298,-0.010902419522937329,q_small,0.15
digit_rate,0.002306147085814647,4.615547816782084e-05,-0.19205867061927273,q_small,0.15
upper_rate,0.0031786656180007905,-0.001737014964400986,-0.31390376206516224,q_small,0.15
linebreak_per_100w,-0.37464517957619575,0.5055833216786351,0.33834702455884375,q_small,0.15
bullet_rate,-0.05187384052960658,0.04095546246339978,0.322171129037499,q_small,0.15
question_rate,0.008219892231482452,0.026817057284336338,0.14748008577038835,q_small,0.15
exclaim_rate,0.024140216544310845,0.054521856254830484,0.16841201508377246,q_small,0.15
mean_log_rank,0.1203199157087462,0.11051347717958962,-0.022181787358880288,q_small,0.15
rare_word_rate,0.0009199760996923328,-0.007404062312030162,-0.15882895635610142,q_small,0.15
rep_axis,1.4858694733681887e-15,-1.1918298853232996e-15,-2.8365405513480866,q_small,0.15
content_ratio,0.021419101978308,0.02577266685046374,0.06886194268849144,q_small,0.2
mean_word_len,-0.013888575357534697,0.12803415060111106,0.3582737639405502,q_small,0.2
long_word_rate,-0.007528017074917241,0.009486767349441252,0.3209506054362009,q_small,0.2
mean_sent_len,0.7869888355689346,7.3726878308014925,0.2779684324128862,q_small,0.2
sd_sent_len,1.8683862779259757,5.271055851438842,0.22046415222872795,q_small,0.2
sent_len_burst,0.04490737062899166,0.04860332138573432,0.016247428460228645,q_small,0.2
n_sents_per_100w,0.48901435918879144,-0.8320307960532264,-0.48769716009415603,q_small,0.2
subordinator_rate,0.00023671642142059025,0.002603769386751687,0.1307024366732821,q_small,0.2
function_rate,-0.021419101978307983,-0.025772666850463814,-0.06886194268849287,q_small,0.2
connective_rate,-0.0001851838758367928,0.0002861143450401365,0.10655929524012904,q_small,0.2
hedge_rate,-0.0007602354354800138,0.0014625016177398737,0.33717307271774366,q_small,0.2
pron12_rate,0.002628195547613597,-0.0004355072992896472,-0.09939677687512911,q_small,0.2
comma_rate,6.974224615004595e-05,-0.0019139662125527742,-0.3648778390270598,q_small,0.2
punct_rate,0.002242258514046772,-0.0023895190879214064,-0.4721445695770247,q_small,0.2
quote_rate,0.002365604905496078,-0.0007338772891124889,-0.31927307737760524,q_small,0.2
paren_rate,0.000392991939765711,0.00016138507149510386,-0.041219593396368395,q_small,0.2
dash_rate,0.00016262729127702332,0.00016166549445091984,-0.0003378311103288495,q_small,0.2
digit_rate,0.002378275742206655,-8.143626012746964e-05,-0.20919555134048354,q_small,0.2
upper_rate,0.003347330449026506,-0.0019526855129086062,-0.33784133789839793,q_small,0.2
linebreak_per_100w,-0.37571217976547644,0.5024950658739471,0.33796531328452034,q_small,0.2
bullet_rate,-0.0605907877389083,0.04067599735457901,0.3702221545535393,q_small,0.2
question_rate,0.008957305850585313,0.02341207422819122,0.11686176613702931,q_small,0.2
exclaim_rate,0.024158072823363547,0.050584850344422706,0.14785732904947252,q_small,0.2
mean_log_rank,0.12156758556484905,0.10645717834123739,-0.034213279156904634,q_small,0.2
rare_word_rate,0.002018714796750158,-0.007291116964359238,-0.17796562056423224,q_small,0.2
rep_axis,1.495464452510414e-15,-1.1903386895168475e-15,-2.853264949077555,q_small,0.2
content_ratio,0.01923943284649345,0.024486497215543395,0.0825241746450633,q_small,0.25
mean_word_len,-0.020788005554239906,0.12151024534351826,0.35597383032406643,q_small,0.25
long_word_rate,-0.008255092628551149,0.00878465603226562,0.32002709694480735,q_small,0.25
mean_sent_len,0.7271596059165614,7.071485013870729,0.2676479315333487,q_small,0.25
sd_sent_len,1.8925687610273412,5.095661257322298,0.2072655747503235,q_small,0.25
sent_len_burst,0.04476849949113705,0.04772316964668501,0.012946881860681356,q_small,0.25
n_sents_per_100w,0.49150341280171067,-0.7851812502923684,-0.46922495694687405,q_small,0.25
subordinator_rate,0.00010101219044143572,0.0023114187013900125,0.1208071994497503,q_small,0.25
function_rate,-0.01923943284649343,-0.02448649721554347,-0.08252417464506479,q_small,0.25
connective_rate,-0.00017808572092354357,0.0002548932688359406,0.09805877512877754,q_small,0.25
hedge_rate,-0.0006507178813294738,0.001378445543472097,0.30768572981108794,q_small,0.25
pron12_rate,0.002955642832272152,-0.00019820458064201892,-0.10237451770325416,q_small,0.25
comma_rate,0.00015742918053289557,-0.0018802196197974202,-0.37372759151151075,q_small,0.25
punct_rate,0.0023346208501879083,-0.002293773967430468,-0.4717503472826714,q_small,0.25
quote_rate,0.0023605600614919277,-0.0006995480687891116,-0.3157711535034246,q_small,0.25
paren_rate,0.00031592391764588334,0.00013620578370742467,-0.03196542332687624,q_small,0.25
dash_rate,0.00014382689013242654,0.00012741600339484524,-0.005754976995621175,q_small,0.25
digit_rate,0.0024900026400946212,-0.00022669820257073832,-0.22818799841945245,q_small,0.25
upper_rate,0.0030227654327206377,-0.0017196263763755934,-0.300774847650183,q_small,0.25
linebreak_per_100w,-0.6761810835532398,0.498497619144085,0.8643578522155007,q_small,0.25
bullet_rate,-0.047669992247834594,0.04034367519986439,0.289154663204764,q_small,0.25
question_rate,0.010494588631753354,0.02087459851420582,0.08355976225700067,q_small,0.25
exclaim_rate,0.023938965473536272,0.049803036290374296,0.1450967040072092,q_small,0.25
mean_log_rank,0.10259883539693197,0.10370465337775822,0.002493456979288997,q_small,0.25
rare_word_rate,0.00010134240926733707,-0.00644685433531501,-0.12388833181228798,q_small,0.25
rep_axis,1.49365131255787e-15,-1.179964253960661e-15,-2.8393027773849173,q_small,0.25
content_ratio,0.01869700510332055,0.019688272714610374,0.015523858408939887,q_small,0.3
mean_word_len,-0.027991215074469764,0.11081829955995531,0.3453761960735499,q_small,0.3
long_word_rate,-0.009021957442607358,0.008218357891882347,0.3194270118103261,q_small,0.3
mean_sent_len,0.4525617112485374,6.8756358725108955,0.27070213633695167,q_small,0.3
sd_sent_len,1.7898083187418026,4.832751539701559,0.19753635806717124,q_small,0.3
sent_len_burst,0.047254079969534464,0.0392708321680427,-0.0351564680570431,q_small,0.3
n_sents_per_100w,0.5577124718589022,-0.7500215388157033,-0.48055128304787853,q_small,0.3
subordinator_rate,0.00029280570552918703,0.002499800058966151,0.12067912906944758,q_small,0.3
function_rate,-0.018697005103320535,-0.019688272714610457,-0.015523858408941408,q_small,0.3
connective_rate,-0.00023011038812673697,0.0003574693359760856,0.13167146795580048,q_small,0.3
hedge_rate,-0.0007326238193895177,0.0015877228318561887,0.3500615684151032,q_small,0.3
pron12_rate,0.0031298324573616173,-4.9646273350333056e-05,-0.10272410653864239,q_small,0.3
comma_rate,0.00014135267081653253,-0.0017223283828540846,-0.33845216095894964,q_small,0.3
punct_rate,0.0024121149252665387,-0.0021598528463305138,-0.46282595334569643,q_small,0.3
quote_rate,0.0024235829460325987,-0.000667992674288077,-0.31954102174758486,q_small,0.3
paren_rate,0.00026405709628100107,2.082132653354658e-05,-0.04326727421550434,q_small,0.3
dash_rate,7.646752197180807e-05,7.053863364583417e-05,-0.0021261321841917714,q_small,0.3
digit_rate,0.002226423127461469,-0.0005295388417818253,-0.23844430552850382,q_small,0.3
upper_rate,0.003107523378806547,-0.0022013684657610643,-0.33706962702453097,q_small,0.3
linebreak_per_100w,-0.712574194063111,0.481773363244861,0.8655079176461162,q_small,0.3
bullet_rate,-0.04767632139524213,0.03897651862207857,0.28467304420223494,q_small,0.3
question_rate,0.011123647799896674,0.019913751214987636,0.0714957062663724,q_small,0.3
exclaim_rate,0.023872308826087117,0.03675924005856854,0.07735600995350761,q_small,0.3
mean_log_rank,0.100022857688516,0.07951970392869155,-0.04672689161557884,q_small,0.3
rare_word_rate,-0.00040145626856694707,-0.007847847916752774,-0.1445019645990401,q_small,0.3
rep_axis,1.5038515104475976e-15,-1.1461385808277557e-15,-2.806811982716441,q_small,0.3
content_ratio,0.019693526161092257,0.01743261518123845,-0.03590907909344987,q_small,0.35
mean_word_len,-0.03591889218733646,0.1037575488096407,0.34908788081407627,q_small,0.35
long_word_rate,-0.009553227020871875,0.007767118276319799,0.32474906951148436,q_small,0.35
mean_sent_len,0.4899927033973285,6.027894043570946,0.2361033470296352,q_small,0.35
sd_sent_len,1.8237583523656713,3.909584863676467,0.13926810392060918,q_small,0.35
sent_len_burst,0.049231554152191055,0.026764775208945043,-0.10125966776146289,q_small,0.35
n_sents_per_100w,0.5326602086861709,-0.68964488041332,-0.4510594350589913,q_small,0.35
subordinator_rate,0.00011617988154553533,0.002508665368086338,0.13109962439713482,q_small,0.35
function_rate,-0.01969352616109224,-0.017432615181238537,0.035909079093448225,q_small,0.35
connective_rate,-8.752819641718985e-05,0.0003935515476678493,0.10796366055464447,q_small,0.35
hedge_rate,-0.0007152959881712408,0.001680448107162251,0.3578157630125088,q_small,0.35
pron12_rate,0.0033298591924703622,-0.0007334199398036181,-0.13135761962349465,q_small,0.35
comma_rate,0.00028000461899366084,-0.001872505714445885,-0.4284696743205445,q_small,0.35
punct_rate,0.002514859914953037,-0.002262255229476351,-0.49558686896085236,q_small,0.35
quote_rate,0.002503749061262196,-0.000623812865888488,-0.320256800720588,q_small,0.35
paren_rate,0.00032897147102257745,-6.757193427890102e-05,-0.07094800261753612,q_small,0.35
dash_rate,2.4003853331249785e-05,0.00010983918562561634,0.03098668661684683,q_small,0.35
digit_rate,0.0021403522328911472,-0.0006792432172375742,-0.24769807200405358,q_small,0.35
upper_rate,0.0032239406629683237,-0.0027078324734285996,-0.39204833334682687,q_small,0.35
linebreak_per_100w,-0.08296943391624625,0.4517247705773969,0.12403953060976661,q_small,0.35
bullet_rate,-0.06596603918307005,0.03587268403493457,0.455344287743073,q_small,0.35
question_rate,0.013251720528506237,0.020963972233525217,0.062151267894991216,q_small,0.35
exclaim_rate,0.025364299335370398,0.0331360448459839,0.04748543885051479,q_small,0.35
mean_log_rank,0.10042523032717852,0.05813753483364501,-0.09967650855467744,q_small,0.35
rare_word_rate,0.0002520610830550479,-0.010292356414810822,-0.22227281416754244,q_small,0.35
rep_axis,1.5031521701131974e-15,-1.1070924942579518e-15,-2.783126253863342,q_small,0.35
content_ratio,0.019840934873665478,0.015664939026478766,-0.06685054516473932,q_small,0.4
mean_word_len,-0.046637677420730356,0.10963053101722356,0.3902884005795075,q_small,0.4
long_word_rate,-0.010405989563360094,0.009085002273901686,0.36652030847172656,q_small,0.4
mean_sent_len,0.46997814528373266,5.7925291755789905,0.22687813682825833,q_small,0.4
sd_sent_len,1.8480834329901736,3.588395754181381,0.11616955614210253,q_small,0.4
sent_len_burst,0.052521953583760383,0.0179193713631131,-0.15659855610518753,q_small,0.4
n_sents_per_100w,0.5793970308248939,-0.6304244485090473,-0.4438913499642717,q_small,0.4
subordinator_rate,0.00011379640003672905,0.002150448699015807,0.11122058863095503,q_small,0.4
function_rate,-0.019840934873665454,-0.015664939026478853,0.06685054516473755,q_small,0.4
connective_rate,-4.46712727613355e-05,0.0005054947022370836,0.12204694235185924,q_small,0.4
hedge_rate,-0.0007374274614202679,0.001712365261713899,0.36285356198675384,q_small,0.4
pron12_rate,0.00361469910564336,-0.0018190973525010208,-0.18036849156253892,q_small,0.4
comma_rate,0.00024045760839565787,-0.0017424885552579027,-0.3926818859568235,q_small,0.4
punct_rate,0.0025607658588636655,-0.0020406066797844175,-0.4794830324874947,q_small,0.4
quote_rate,0.002631237813876003,-0.0005697327751406735,-0.32652946169132774,q_small,0.4
paren_rate,0.00034170422498950816,-0.00012691800656249144,-0.08382232751328746,q_small,0.4
dash_rate,1.9236138398410676e-05,3.795179658642115e-05,0.007048488473503235,q_small,0.4
digit_rate,0.002143170636525025,-0.0008861948099931044,-0.2666001235448492,q_small,0.4
upper_rate,0.00337890702723013,-0.0031939498733161297,-0.4529559228573853,q_small,0.4
linebreak_per_100w,0.13146761674216761,0.4322550031908778,0.06239219512749132,q_small,0.4
bullet_rate,-0.06590061748522326,0.03378041709817569,0.44543055241895047,q_small,0.4
question_rate,0.015954331237607238,0.02202409480868572,0.048357100371368235,q_small,0.4
exclaim_rate,0.024543240550876328,0.030927369601965328,0.03902042660294844,q_small,0.4
mean_log_rank,0.09819418715628704,0.04917973557049424,-0.11811510706382199,q_small,0.4
rare_word_rate,-0.0004604088077221119,-0.011121953296391868,-0.23632701963869024,q_small,0.4
rep_axis,1.5006646743083247e-15,-1.0737888031214491e-15,-2.7188439849523225,q_small,0.4
content_ratio,0.0224521675773242,0.012818386923416436,-0.15181555700209098,q_small,0.45
mean_word_len,-0.045558187795036176,0.11861707016564522,0.4068851693910583,q_small,0.45
long_word_rate,-0.009930695617989017,0.011410430919920049,0.3982458648912113,q_small,0.45
mean_sent_len,0.620187064613059,5.727102579173338,0.2180247840683755,q_small,0.45
sd_sent_len,2.188261253636042,3.648647310629694,0.09565587328274235,q_small,0.45
sent_len_burst,0.06166491522778843,0.017981579168799125,-0.1902548400191355,q_small,0.45
n_sents_per_100w,0.5781746828532732,-0.6434319966203497,-0.44623011451964345,q_small,0.45
subordinator_rate,-0.0004026534126902104,0.001511752347621618,0.10498479551136114,q_small,0.45
function_rate,-0.022452167577324177,-0.012818386923416516,0.15181555700208937,q_small,0.45
connective_rate,2.6892880230867805e-05,0.000624020213910217,0.1312528230426381,q_small,0.45
hedge_rate,-0.000781118450160204,0.00153272976402571,0.34714608886679843,q_small,0.45
pron12_rate,0.002972080788029762,-0.0017639758437110798,-0.15869466630000975,q_small,0.45
comma_rate,0.00022692796974277008,-0.0014087750149634993,-0.31714288171477517,q_small,0.45
punct_rate,0.0026339409754167235,-0.0020010458375742304,-0.4843737037028569,q_small,0.45
quote_rate,0.002740867394672564,-0.0007014198757416472,-0.3501183603299982,q_small,0.45
paren_rate,0.0006022261266569721,-0.00022863208223656526,-0.1407543683895991,q_small,0.45
dash_rate,0.00016669496085962326,-1.0755295196991085e-05,-0.06353208638186945,q_small,0.45
digit_rate,0.003399910448117048,-0.0011564478738961238,-0.3285920786177509,q_small,0.45
upper_rate,0.003786745769383327,-0.0033456891174874987,-0.4672272024343688,q_small,0.45
linebreak_per_100w,0.21532964015963002,0.395048750169971,0.03676931596102655,q_small,0.45
bullet_rate,-0.08296653460498198,0.047807113470344796,0.5029091500533898,q_small,0.45
question_rate,0.014081693604995773,0.021364307453720865,0.05968510363500207,q_small,0.45
exclaim_rate,0.02312529389056455,0.02128156050045684,-0.01215421199821979,q_small,0.45
mean_log_rank,0.11901322521424472,0.03880301665726157,-0.18675303925156803,q_small,0.45
rare_word_rate,0.0006990734315080488,-0.010596641058068235,-0.24469070282235217,q_small,0.45
rep_axis,1.4823416223532956e-15,-9.888722547139894e-16,-2.541946194723556,q_small,0.45
content_ratio,0.023917008024058103,0.012003127667808549,-0.18481596216498938,q_small,0.5
mean_word_len,-0.07029887692260242,0.12267924509620207,0.4810139826409912,q_small,0.5
long_word_rate,-0.012854963468079373,0.011876832909071345,0.46382264568774934,q_small,0.5
mean_sent_len,0.6615380701211319,5.157037108766108,0.1930017620855736,q_small,0.5
sd_sent_len,2.2825277878223162,3.1661387841252098,0.05874791639127955,q_small,0.5
sent_len_burst,0.06957313463616396,0.014129531101295717,-0.24415813351696553,q_small,0.5
n_sents_per_100w,0.6535911424455136,-0.5750662219721859,-0.4493719034430169,q_small,0.5
subordinator_rate,-0.0012979519691035102,0.001001438246754378,0.1254469867522373,q_small,0.5
function_rate,-0.023917008024058082,-0.012003127667808627,0.18481596216498788,q_small,0.5
connective_rate,9.992018357621958e-05,0.0006322985142331711,0.11580206152324968,q_small,0.5
hedge_rate,-0.0012294671796241627,0.0011912132794552855,0.3800051993404578,q_small,0.5
pron12_rate,0.0039929861894680355,-0.0022775623332422284,-0.21063760804781115,q_small,0.5
comma_rate,0.00035653018002387697,-0.001236573335444572,-0.30522967714374,q_small,0.5
punct_rate,0.0030288857318369468,-0.0017761928229821286,-0.502196906680588,q_small,0.5
quote_rate,0.00271628906180346,-0.0008093091806389112,-0.358010481336466,q_small,0.5
paren_rate,0.001074575395696458,-0.00021305257112532423,-0.21526786511707988,q_small,0.5
dash_rate,0.0001349680310542483,-1.4041012066860503e-05,-0.05498026742483417,q_small,0.5
digit_rate,0.0038541363861737572,-0.0011167670162855966,-0.3575106968978358,q_small,0.5
upper_rate,0.005448011588874141,-0.0031759370233836897,-0.5310239316632721,q_small,0.5
linebreak_per_100w,0.27338902970515794,0.35786155519069446,0.01727209437296206,q_small,0.5
bullet_rate,-0.04737010698632556,0.04087566873215232,0.1797166496778315,q_small,0.5
question_rate,0.011829144943649821,0.020618526771495005,0.07549882016388572,q_small,0.5
exclaim_rate,0.022566747928039695,0.021170925090157854,-0.009197221356456878,q_small,0.5
mean_log_rank,0.14427052418028996,0.03799661542367168,-0.24464015434998704,q_small,0.5
rare_word_rate,0.0037254244731445246,-0.009428121204623148,-0.28619930909879654,q_small,0.5
rep_axis,1.4189506585044191e-15,-9.434374676188542e-16,-2.348871818791452,q_small,0.5
content_ratio,0.027759432149172102,0.008884620240293685,-0.298479668775113,q_small,0.55
mean_word_len,-0.06542297654197413,0.12257386848706238,0.4651788396060049,q_small,0.55
long_word_rate,-0.013293721724058277,0.012968110913107029,0.4868844098610524,q_small,0.55
mean_sent_len,0.44017856320117604,4.513248676160628,0.17504854182511356,q_small,0.55
sd_sent_len,2.0313313426900423,2.525798014858814,0.03326312630430002,q_small,0.55
sent_len_burst,0.06618397014420901,0.0035208459086519678,-0.28017940451688056,q_small,0.55
n_sents_per_100w,0.7545756652947893,-0.5160079085606485,-0.466399004297711,q_small,0.55
subordinator_rate,-0.0020517372799612643,0.00048674127329632026,0.14081703805755735,q_small,0.55
function_rate,-0.027759432149172078,-0.008884620240293758,0.2984796687751115,q_small,0.55
connective_rate,6.15581525237916e-05,0.0008012442183997811,0.16119483597231943,q_small,0.55
hedge_rate,-0.0011335229721125524,0.001155198727360552,0.35947436557470575,q_small,0.55
pron12_rate,0.0043517343984212815,-0.0020438791806543168,-0.20863752428218219,q_small,0.55
comma_rate,0.00048207182105153496,-0.000940091893957402,-0.26830068269662066,q_small,0.55
punct_rate,0.003439651993137536,-0.0018523780569765502,-0.5708956484908435,q_small,0.55
quote_rate,0.0026494287924573334,-0.0008937647984124767,-0.36006665988757713,q_small,0.55
paren_rate,0.0013681348958008998,-0.00028893027662292884,-0.27673321117721345,q_small,0.55
dash_rate,0.0001933802660032101,-0.00012215768319178276,-0.11726719948362212,q_small,0.55
digit_rate,0.004825123878728914,-0.0013942830528464384,-0.4394947156700609,q_small,0.55
upper_rate,0.0058525234154717465,-0.0030330901379899853,-0.5510412986039012,q_small,0.55
linebreak_per_100w,0.4330053833911023,0.27383796298337815,-0.03231263489336955,q_small,0.55
bullet_rate,-0.05079581309616393,0.035879468574326265,0.16885208856402928,q_small,0.55
question_rate,0.00956695821932971,0.010533616597027144,0.009098596692353546,q_small,0.55
exclaim_rate,0.02111665221471197,0.01120279312416708,-0.07096539572587153,q_small,0.55
mean_log_rank,0.17131569990081863,0.028231294530184997,-0.3322717089538252,q_small,0.55
rare_word_rate,0.005859753959297038,-0.009085245654148307,-0.3180345710283877,q_small,0.55
rep_axis,1.3458027420185607e-15,-8.681889872003212e-16,-2.1177164760019584,q_small,0.55
content_ratio,0.02818856807986736,0.005265946502529586,-0.3686977052987585,q_small,0.6
mean_word_len,-0.06540824154875807,0.1174471359016439,0.45294883811180175,q_small,0.6
long_word_rate,-0.013870932402552417,0.013354400076285876,0.4946163082971981,q_small,0.6
mean_sent_len,1.0462050931106182,3.78846770129162,0.11691374485862083,q_small,0.6
sd_sent_len,2.39486745952778,1.7898403160038248,-0.040695185309478715,q_small,0.6
sent_len_burst,0.0714208230606505,-0.009214006000357856,-0.37650052354901076,q_small,0.6
n_sents_per_100w,0.6951711335158444,-0.39714558922385296,-0.40677965679053313,q_small,0.6
subordinator_rate,-0.002411303273405779,0.00025179975768170777,0.14930206668063636,q_small,0.6
function_rate,-0.028188568079867332,-0.005265946502529645,0.3686977052987572,q_small,0.6
connective_rate,9.9482512226249e-05,0.0007875645003465395,0.146666291177537,q_small,0.6
hedge_rate,-0.001144194533522293,0.0013916097704480635,0.3669594061696377,q_small,0.6
pron12_rate,0.003408442923584044,-0.0019493832826835988,-0.17420747389861238,q_small,0.6
comma_rate,0.0005957696372782147,-0.00067558558745984,-0.23495309588353774,q_small,0.6
punct_rate,0.0035351918868548383,-0.0019315594147797921,-0.6148735607451212,q_small,0.6
quote_rate,0.002886997696075204,-0.0009906446560874363,-0.3946172483469133,q_small,0.6
paren_rate,0.0015180847420073699,-0.00037551378419857376,-0.3174393916931447,q_small,0.6
dash_rate,0.00019084561078543255,-0.00011156377560870144,-0.11128367884110868,q_small,0.6
digit_rate,0.00532622570003216,-0.001598857685650929,-0.4872141168399763,q_small,0.6
upper_rate,0.006445979663963981,-0.003382845782908894,-0.6053120715477579,q_small,0.6
linebreak_per_100w,0.614243781751414,0.20725916137979922,-0.08084320532234844,q_small,0.6
bullet_rate,-0.05481683022842719,0.010731553689326346,0.12496746557785084,q_small,0.6
question_rate,0.011806109662201103,0.007679229579788726,-0.04052684275880529,q_small,0.6
exclaim_rate,0.02204400834200455,-0.0017182626262865087,-0.20629517622922025,q_small,0.6
mean_log_rank,0.1784959743762027,0.014261649698621728,-0.38475278545253877,q_small,0.6
rare_word_rate,0.008223089725780472,-0.009303475981173372,-0.3700037806175795,q_small,0.6
rep_axis,1.2652707409744063e-15,-7.668305727498278e-16,-1.8695312350328657,q_small,0.6
content_ratio,0.03276746004778434,0.004465123542790538,-0.45124468117174305,q_small,0.65
mean_word_len,-0.057901402288785576,0.12973639920853672,0.45765538322434846,q_small,0.65
long_word_rate,-0.012075001815699102,0.0164629402790673,0.5026588178370327,q_small,0.65
mean_sent_len,1.3262677997908188,3.340385896166083,0.08653248909564695,q_small,0.65
sd_sent_len,2.5455260020516994,1.4219673169588511,-0.07679448732311793,q_small,0.65
sent_len_burst,0.08091150054085258,-0.01563201476642329,-0.4559780502972972,q_small,0.65
n_sents_per_100w,0.6987680572453353,-0.3821544287290975,-0.404770479299763,q_small,0.65
subordinator_rate,-0.002918138752584495,-0.0004611030546498166,0.13919095170555884,q_small,0.65
function_rate,-0.03276746004778431,-0.004465123542790583,0.45124468117174193,q_small,0.65
connective_rate,5.808691238309953e-05,0.001067619687415508,0.21277764073180222,q_small,0.65
hedge_rate,-0.0010202425832779066,0.001133556808112593,0.30695419605337976,q_small,0.65
pron12_rate,0.0035286879175527473,-0.0026681145376573987,-0.20665687487935974,q_small,0.65
comma_rate,0.0005311933886634336,-0.0005419043615928264,-0.19945865511237984,q_small,0.65
punct_rate,0.003474522580489331,-0.0019176476631727047,-0.608144552701795,q_small,0.65
quote_rate,0.0031987059503217063,-0.0010815656643674578,-0.43719794310098664,q_small,0.65
paren_rate,0.0018422020385111357,-0.00038631623675809896,-0.35991766927726576,q_small,0.65
dash_rate,0.0003892385264110601,-0.000130457118319598,-0.1778918002164385,q_small,0.65
digit_rate,0.006096415904708359,-0.0016501556695823476,-0.5163164342862211,q_small,0.65
upper_rate,0.006393558737129907,-0.003973507779763948,-0.6462978853353964,q_small,0.65
linebreak_per_100w,0.7923938713701015,0.16326316961436863,-0.12363270564646629,q_small,0.65
bullet_rate,-0.02575767903017934,0.0001347913676471957,0.04193310873695971,q_small,0.65
question_rate,0.013342730719149369,0.0013514846980146428,-0.13039740112991582,q_small,0.65
exclaim_rate,0.0174091066177907,-0.002469259583749844,-0.17634083451523855,q_small,0.65
mean_log_rank,0.22326655009697555,0.0014059468702827837,-0.4857277153444189,q_small,0.65
rare_word_rate,0.01456027265685412,-0.01078939679141838,-0.44612114410216974,q_small,0.65
rep_axis,1.1461054840597867e-15,-6.886277728719641e-16,-1.6316516849772627,q_small,0.65
content_ratio,0.03399206823260531,0.0002529880556247582,-0.5438018789461053,q_small,0.7
mean_word_len,-0.049190568678752274,0.12824676755762415,0.4387694840886503,q_small,0.7
long_word_rate,-0.010401712480772308,0.01661463689112558,0.47707397219363157,q_small,0.7
mean_sent_len,1.766912864584869,2.165438356879735,0.017610386263307933,q_small,0.7
sd_sent_len,2.7573227736878874,0.16112618541408052,-0.1935437251832952,q_small,0.7
sent_len_burst,0.08509236325577135,-0.029736230532390877,-0.5557364998345917,q_small,0.7
n_sents_per_100w,0.6861220726549314,-0.31894039602256546,-0.38029048816717986,q_small,0.7
subordinator_rate,-0.0030948329769737736,-0.0008489111663541461,0.12630547672137837,q_small,0.7
function_rate,-0.033992068232605276,-0.00025298805562480234,0.5438018789461041,q_small,0.7
connective_rate,-8.712937847131357e-05,0.0011928515138823538,0.2673756396812501,q_small,0.7
hedge_rate,-0.0009540316496934148,0.00109046589073974,0.28855668232488624,q_small,0.7
pron12_rate,0.003295308705361314,-0.0032255994196762937,-0.2225069012751247,q_small,0.7
comma_rate,0.0005552924019128084,-0.00025601997376703284,-0.1512875274259808,q_small,0.7
punct_rate,0.0035932494857441977,-0.0016015530038937145,-0.5885210177111021,q_small,0.7
quote_rate,0.003149967305708415,-0.0010236842985901936,-0.43177655909617846,q_small,0.7
paren_rate,0.002053163864839104,-0.0004756893306106,-0.4079568733923925,q_small,0.7
dash_rate,0.0004581336729322641,-0.00012019555692439902,-0.1952022370243469,q_small,0.7
digit_rate,0.006143989256002913,-0.0019293336947409912,-0.5436304819243238,q_small,0.7
upper_rate,0.007261046643221564,-0.0036818872064886044,-0.6772845054097881,q_small,0.7
linebreak_per_100w,0.9097938959003173,0.0568794403862244,-0.16527973626287765,q_small,0.7
bullet_rate,0.02477673628860712,-0.018557226954382867,-0.05636612867053608,q_small,0.7
question_rate,0.013520725896876225,-0.0009294345516972263,-0.15465959716195118,q_small,0.7
exclaim_rate,0.011997488046360472,-0.0053235449597027066,-0.16383526889654126,q_small,0.7
mean_log_rank,0.23847157371661634,-0.010499443819273525,-0.5495916013831832,q_small,0.7
rare_word_rate,0.016765993461733915,-0.010093782153355936,-0.46339366605999166,q_small,0.7
rep_axis,1.062004175283845e-15,-5.757270250329384e-16,-1.4488596589886804,q_small,0.7
content_ratio,0.030606223262118162,-0.003684842370165362,-0.5588737640100168,q_small,0.75
mean_word_len,-0.06451636301907997,0.11755368427855409,0.4588231823777212,q_small,0.75
long_word_rate,-0.01283206514864919,0.016009373541677183,0.5170415576278674,q_small,0.75
mean_sent_len,2.478330285027708,1.5643411602720732,-0.04042325080417294,q_small,0.75
sd_sent_len,2.9559620691919912,-0.2175028620245817,-0.23769044092020283,q_small,0.75
sent_len_burst,0.07553748766528541,-0.03597986132199585,-0.5686958067069866,q_small,0.75
n_sents_per_100w,0.6074077295168024,-0.28207004490777826,-0.3434043249895915,q_small,0.75
subordinator_rate,-0.0034837439079378747,-0.0010610798142758585,0.1368516539544148,q_small,0.75
function_rate,-0.030606223262118135,0.003684842370165331,0.5588737640100157,q_small,0.75
connective_rate,8.382259286101313e-05,0.001278082252948009,0.24745516267334922,q_small,0.75
hedge_rate,-0.0011394262850436382,0.0008397295819442825,0.27307485081334565,q_small,0.75
pron12_rate,0.0026830993998175887,-0.0032043398152767637,-0.20283636339535374,q_small,0.75
comma_rate,0.0005519926360995486,-7.467020664377265e-05,-0.11976540666456492,q_small,0.75
punct_rate,0.0034991381687719115,-0.0014144175092938123,-0.5626928995420832,q_small,0.75
quote_rate,0.0030419897022042376,-0.0009865429873188762,-0.4184319255060669,q_small,0.75
paren_rate,0.0020218816525688315,-0.0005165006117076513,-0.4118823657812626,q_small,0.75
dash_rate,0.00039529681261978673,-8.470563144137229e-05,-0.16771196614471548,q_small,0.75
digit_rate,0.005981937081256261,-0.002001020668406661,-0.533083987929081,q_small,0.75
upper_rate,0.00643398517168147,-0.003370745924702731,-0.6168034369809916,q_small,0.75
linebreak_per_100w,0.8824344184820041,-0.024760444303327456,-0.17574539697297942,q_small,0.75
bullet_rate,-0.019056288259143947,-0.030998540399917163,-0.01811574969800531,q_small,0.75
question_rate,0.011929771164016403,-0.006545299338169499,-0.21578521841876033,q_small,0.75
exclaim_rate,0.009948355389768739,-0.005243764336080425,-0.14949578577795364,q_small,0.75
mean_log_rank,0.21372118743553606,-0.03039009198587709,-0.543398875031972,q_small,0.75
rare_word_rate,0.015009261427917076,-0.010028732245380891,-0.4361841351358316,q_small,0.75
rep_axis,9.673733403325545e-16,-4.3607099716602003e-16,-1.2173637859196935,q_small,0.75
content_ratio,0.0270133691265049,-0.00512526173369388,-0.5339437919795468,q_small,0.8
mean_word_len,-0.0649193734702352,0.1044404374007431,0.4271172759997877,q_small,0.8
long_word_rate,-0.013733015803670666,0.015159206126299124,0.519316608814443,q_small,0.8
mean_sent_len,2.6568285422220224,0.47933577169264635,-0.09877287388850002,q_small,0.8
sd_sent_len,2.961923288737993,-0.9252652570612371,-0.31068291103446605,q_small,0.8
sent_len_burst,0.07391128221030449,-0.03718489003194689,-0.5980465826016781,q_small,0.8
n_sents_per_100w,0.6038447439572011,-0.1916263410094931,-0.31334272406752045,q_small,0.8
subordinator_rate,-0.0027023553179810556,-0.0017489613032563881,0.052941734865906157,q_small,0.8
function_rate,-0.02701336912650486,0.005125261733693868,0.5339437919795459,q_small,0.8
connective_rate,5.240458693527484e-05,0.0011988518133574622,0.24058474045225428,q_small,0.8
hedge_rate,-0.0009929086628110832,0.0007669161275038764,0.24258729268141185,q_small,0.8
pron12_rate,0.0045112309996957825,-0.004279839951581402,-0.30278541973260625,q_small,0.8
comma_rate,0.00020415873413053885,0.00023753559343947018,0.006473661104373587,q_small,0.8
punct_rate,0.0028719288113370476,-0.0008688948222682757,-0.4441138996173607,q_small,0.8
quote_rate,0.0028357300217861704,-0.000996630477587335,-0.4054028732275158,q_small,0.8
paren_rate,0.0016863601550380731,-0.0005774977058892474,-0.4112356155579074,q_small,0.8
dash_rate,0.0002999556966338156,-0.00011287848975749893,-0.1480126060912671,q_small,0.8
digit_rate,0.004791294044088085,-0.00216128250331908,-0.48342677390946737,q_small,0.8
upper_rate,0.005648462742563924,-0.003257335393712365,-0.5770436845272842,q_small,0.8
linebreak_per_100w,0.7028402614776929,-0.17247100663399817,-0.17098043609294147,q_small,0.8
bullet_rate,-0.04411573230921204,-0.07000495853874181,-0.05394514973154043,q_small,0.8
question_rate,0.009400273659683812,-0.005644975784008748,-0.1771910021537118,q_small,0.8
exclaim_rate,0.007431618733832763,-0.00800079436087268,-0.16402026131344535,q_small,0.8
mean_log_rank,0.18854784938693425,-0.040467660784806195,-0.5187607645393769,q_small,0.8
rare_word_rate,0.012584789296867635,-0.008640888228112075,-0.3830588223145943,q_small,0.8
rep_axis,8.669747117644323e-16,-2.8780339559618483e-16,-0.988216682436618,q_small,0.8
content_ratio,0.02468067076752669,-0.006901885234162269,-0.5209922773582735,q_small,0.85
mean_word_len,-0.04904833096235401,0.09544843850225364,0.36131793588403144,q_small,0.85
long_word_rate,-0.013454588855118656,0.014528138201709999,0.4981142980633082,q_small,0.85
mean_sent_len,2.674057335736072,0.16844810940516297,-0.11591972598654547,q_small,0.85
sd_sent_len,2.138178658231797,-1.1944496426678959,-0.29112593224991057,q_small,0.85
sent_len_burst,0.055738667669957956,-0.044346666472240254,-0.5783895254642601,q_small,0.85
n_sents_per_100w,0.5191787805950174,-0.19155664274802128,-0.2848561491331829,q_small,0.85
subordinator_rate,-0.0022315733881398746,-0.0014235296353682391,0.04397232614624011,q_small,0.85
function_rate,-0.02468067076752664,0.0069018852341622685,0.5209922773582727,q_small,0.85
connective_rate,0.00011422845558978731,0.001349575525949189,0.2550012416309693,q_small,0.85
hedge_rate,-0.0007742324542829102,0.0010744703610484972,0.2441896582135749,q_small,0.85
pron12_rate,0.0029461670648771375,-0.005524993701057702,-0.31566953626251393,q_small,0.85
comma_rate,8.073540541485298e-05,0.0003506825543320826,0.053077810598563466,q_small,0.85
punct_rate,0.0024183198924801726,-0.0008880358566441309,-0.4039092262006944,q_small,0.85
quote_rate,0.002326531195986812,-0.0010956102485668593,-0.3784670569918641,q_small,0.85
paren_rate,0.0016285657292096061,-0.0005778229999272721,-0.42492160045571575,q_small,0.85
dash_rate,0.0002691854570615061,-6.983847483372677e-05,-0.12245666971651774,q_small,0.85
digit_rate,0.004187339730048369,-0.0022809806961385888,-0.46894037236610686,q_small,0.85
upper_rate,0.004471387594739457,-0.003274489739053661,-0.5337971150650683,q_small,0.85
linebreak_per_100w,0.6194286058020669,-0.21201410345118785,-0.1632956131837863,q_small,0.85
bullet_rate,-0.0404940541532122,-0.06250384721437184,-0.04206011024153881,q_small,0.85
question_rate,0.007308034699467571,-0.013277387826721243,-0.2805281656711941,q_small,0.85
exclaim_rate,0.006278029411915389,-0.009308013302997744,-0.21325962019239939,q_small,0.85
mean_log_rank,0.1707777670590958,-0.05124452279571459,-0.4956804462035152,q_small,0.85
rare_word_rate,0.01111269494496405,-0.010022287495480344,-0.38251720587458116,q_small,0.85
rep_axis,7.365176417974568e-16,-1.575010090507868e-16,-0.7540267518509791,q_small,0.85
content_ratio,0.01966904998711951,-0.00739835403040512,-0.44110360588418757,q_small,0.9
mean_word_len,-0.0460931650453267,0.08559941474337318,0.3395743764461968,q_small,0.9
long_word_rate,-0.014469675686052938,0.012726364744471473,0.5063373465305376,q_small,0.9
mean_sent_len,3.3561300942412986,-0.4017199389663401,-0.17437906774766218,q_small,0.9
sd_sent_len,2.38620994774323,-1.3753630344112833,-0.32367656783412124,q_small,0.9
sent_len_burst,0.05463126651885855,-0.04928677899600752,-0.588759655644065,q_small,0.9
n_sents_per_100w,0.46284619298957963,-0.191471265381518,-0.2704811691441077,q_small,0.9
subordinator_rate,-0.0015779304398628193,-0.0009506314774638656,0.042821576944338365,q_small,0.9
function_rate,-0.01966904998711946,0.007398354030405129,0.4411036058841869,q_small,0.9
connective_rate,0.00029431176985984494,0.0012598860454485399,0.19351415396534502,q_small,0.9
hedge_rate,-0.00013317054189170154,0.0004670794708071928,0.07963602474443052,q_small,0.9
pron12_rate,0.0039122798093155445,-0.0051046456591601775,-0.33126194422253036,q_small,0.9
comma_rate,0.00010691600456811529,0.0005024401369107925,0.07863194084896684,q_small,0.9
punct_rate,0.0021117340472950074,-0.0006156428283310327,-0.3405192914323483,q_small,0.9
quote_rate,0.0024322393574534367,-0.001080830056230875,-0.3890971622644417,q_small,0.9
paren_rate,0.0013002244954248765,-0.0006874326365357305,-0.405579367127785,q_small,0.9
dash_rate,0.0001630754518349603,-2.8298193479654325e-05,-0.07486086517099128,q_small,0.9
digit_rate,0.003004862508443935,-0.002077367159333882,-0.39637054912862285,q_small,0.9
upper_rate,0.0029309045245752984,-0.0030065051406912148,-0.4299348299757926,q_small,0.9
linebreak_per_100w,-0.2358359596448919,-0.2850552415020137,-0.023427909238799935,q_small,0.9
bullet_rate,-0.0812388589355489,-0.07765849868433122,0.010595097970332512,q_small,0.9
question_rate,0.010571841792463564,-0.012710348114083161,-0.3032298778588685,q_small,0.9
exclaim_rate,-0.002876344449214316,-0.010909474101528694,-0.10397879713473909,q_small,0.9
mean_log_rank,0.13360812644676734,-0.04629617250701102,-0.40077158141931263,q_small,0.9
rare_word_rate,0.006841110422745065,-0.006810701331094768,-0.24952501674108912,q_small,0.9
rep_axis,5.564164975639211e-16,-1.975085010016925e-17,-0.49315108529383295,q_small,0.9
