набор,текст,условие,полн: каркас ребро,полн: каркас CV,полн: ячейки ребро,q*
механические,0,исходный,0.7359985518295774,0.09882903005338646,0.35760727695628614,0.385
механические,0,перемешивание,0.7354944842162398,0.08570349192087619,0.41995310478245934,0.40666666666666673
механические,0,эхо x2,0.7519453627909116,0.10778630892238293,0.32586311755067926,0.5216666666666666
механические,0,эхо x4,0.7669509818495861,0.0848589645315393,0.2402976457460914,0.655
механические,0,эхо на четверти,0.7351788940848986,0.09231698128329235,0.3586731405206072,0.42
механические,0,словарь к 25,0.7269805940502438,0.12446676390736333,0.4035336723935543,0.6266666666666666
механические,0,словарь к 60,0.7293613712389685,0.09117957746825271,0.3940861717432485,0.5083333333333333
механические,0,все слова разные,0.7119533654686018,0.09028794683901846,0.36276086001997004,0.31
механические,0,чужие хапаксы,0.7094918035584797,0.09669153593425284,0.3659078331692838,0.38000000000000006
механические,0,хапаксы одного домена,0.7143512154985793,0.1014199330217168,0.38003985021478215,0.38999999999999996
механические,0,20 чужих хапаксов,0.7390367639886571,0.08809320058002358,0.3541556421943033,0.40499999999999997
механические,0,маркер каждые 3,0.7653607759858785,0.10340168221110034,0.3725534446390258,0.465
механические,0,без пунктуации,0.7649931684926976,0.09498447103096386,0.42809635273406305,0.4133333333333334
механические,0,без служебных,0.7180896560684045,0.10059296810745494,0.36007918328591276,0.395
механические,1,исходный,0.7504703051953362,0.08732916456819495,0.42607227284889787,0.3516666666666666
механические,1,перемешивание,0.7417459331261588,0.08531907781951754,0.4749872107310975,0.32
механические,1,эхо x2,0.7634402982712016,0.07621781661025528,0.33083900521261134,0.4766666666666666
механические,1,эхо x4,0.7878690083373779,0.08251469902006427,0.25331985174863425,0.6983333333333333
механические,1,эхо на четверти,0.7506506651793216,0.08885424378449334,0.3671283577041953,0.39333333333333337
механические,1,словарь к 25,0.7523377541137258,0.09029269897178104,0.41859311321491827,0.5966666666666667
механические,1,словарь к 60,0.7500776854179915,0.08351106815456268,0.4525782323093847,0.45166666666666666
механические,1,все слова разные,0.7207037757779248,0.09811304560270712,0.43497344432128954,0.2816666666666667
механические,1,чужие хапаксы,0.7310468578150128,0.0961740819510369,0.4241182964378889,0.30666666666666664
механические,1,хапаксы одного домена,0.7287543108036793,0.09992799413444363,0.42934787583615597,0.31166666666666665
механические,1,20 чужих хапаксов,0.7419438045180021,0.09382239250390434,0.423235864261937,0.33666666666666667
механические,1,маркер каждые 3,0.7649642620705164,0.08261605234812852,0.4042553127616804,0.4183333333333333
механические,1,без пунктуации,0.7542155406792665,0.09310663887484595,0.4532405115032942,0.315
механические,1,без служебных,0.7362849657367475,0.08504300330884888,0.42344295139603916,0.2816666666666667
механические,2,исходный,0.7418056719119072,0.10697590712207498,0.38066064546340833,0.3933333333333333
механические,2,перемешивание,0.7320913223634081,0.1037257969171992,0.4551417704150374,0.38833333333333336
механические,2,эхо x2,0.7512802914123542,0.09429906014454247,0.3362152285131783,0.51
механические,2,эхо x4,0.7715374177346805,0.09410760069775574,0.2500576957020369,0.645
механические,2,эхо на четверти,0.7356482041275768,0.10241543225195228,0.3750814450838438,0.4266666666666667
механические,2,словарь к 25,0.7362776537007192,0.11727750254762935,0.41519772856923437,0.6
механические,2,словарь к 60,0.7411747490787609,0.10600177759751044,0.41803487695522584,0.4883333333333333
механические,2,все слова разные,0.7371459330035209,0.1235097804488731,0.43862586768070216,0.18666666666666668
механические,2,чужие хапаксы,0.7190321686912061,0.11945264604323504,0.38917413684935626,0.3983333333333334
механические,2,хапаксы одного домена,0.7104247640312277,0.13003492824408758,0.3901569964767048,0.39999999999999997
механические,2,20 чужих хапаксов,0.7415991981998008,0.10385587654746294,0.39988327403366425,0.37833333333333335
механические,2,маркер каждые 3,0.7550941009845816,0.11192701606247546,0.40253728656430154,0.46166666666666667
механические,2,без пунктуации,0.7349875014584001,0.08941931637825506,0.42776046379459665,0.41500000000000004
механические,2,без служебных,0.7314920785461138,0.1218809700717109,0.38048215891781384,0.37333333333333335
механические,3,исходный,0.7419155706394708,0.10406100754554364,0.43647401194807917,0.33
механические,3,перемешивание,0.7486107870427793,0.09486211015414543,0.4815771606723789,0.32
механические,3,эхо x2,0.7595172217326782,0.09082154943925985,0.3697945673332031,0.4633333333333334
механические,3,эхо x4,0.783985611288918,0.08452764596554481,0.2841264155924031,0.605
механические,3,эхо на четверти,0.737323409318876,0.1067916051930941,0.4228420508570084,0.35333333333333333
механические,3,словарь к 25,0.7504482280120358,0.08996801066984622,0.45191269148724933,0.6083333333333333
механические,3,словарь к 60,0.7424013225270295,0.10411981521779227,0.4659823928232519,0.5166666666666666
механические,3,все слова разные,0.7446634695781627,0.10699591788128036,0.45849358958395176,0.20833333333333334
механические,3,чужие хапаксы,0.7361318955974773,0.10994063166175248,0.4472675010889611,0.34833333333333333
механические,3,хапаксы одного домена,0.7385754610907259,0.09519485396609255,0.45055549802162903,0.30833333333333335
механические,3,20 чужих хапаксов,0.7453277655761704,0.10023957087721928,0.44554107355886186,0.3133333333333333
механические,3,маркер каждые 3,0.7692636632991096,0.11079423349760424,0.42556371819838296,0.4533333333333333
механические,3,без пунктуации,0.7612497540540702,0.08715378590593513,0.4622047048315919,0.3283333333333333
механические,3,без служебных,0.7408819827818743,0.09801332113543525,0.43314323493477797,0.295
механические,4,исходный,0.737071185667007,0.09610414763267246,0.39189721582529574,0.3499999999999999
механические,4,перемешивание,0.7211875562527797,0.08742516205720359,0.4468814950969235,0.34833333333333333
механические,4,эхо x2,0.745683536485125,0.08194747062559475,0.3059121356501212,0.47833333333333333
механические,4,эхо x4,0.7699019936782617,0.08582962191659327,0.2176081177560686,0.6783333333333333
механические,4,эхо на четверти,0.7428998874693552,0.09255506695470551,0.32787566942854535,0.4216666666666667
механические,4,словарь к 25,0.7361686679934994,0.09138229695754742,0.40850052441277346,0.5866666666666666
механические,4,словарь к 60,0.7326596137223667,0.09720946264777543,0.4103088076793148,0.4683333333333333
механические,4,все слова разные,0.7298134793030261,0.10517199404043136,0.4176055358985576,0.25833333333333336
механические,4,чужие хапаксы,0.7155907343687834,0.0927065545915553,0.4066357721474401,0.36833333333333335
механические,4,хапаксы одного домена,0.7222573434761174,0.09682213483485136,0.400948784231886,0.36000000000000004
механические,4,20 чужих хапаксов,0.735617370920138,0.08545518737106832,0.38427045417035677,0.345
механические,4,маркер каждые 3,0.7559605910027919,0.09336849275683518,0.3895069716931445,0.4383333333333333
механические,4,без пунктуации,0.760359037253231,0.07977227265257435,0.48671974851016003,0.3316666666666666
механические,4,без служебных,0.7213382537928306,0.1018399720762993,0.38513808712348174,0.31666666666666665
механические,5,исходный,0.7461554532867046,0.10218217571641545,0.39487439380420053,0.38999999999999996
механические,5,перемешивание,0.7329349924910754,0.09295163344468953,0.4574329038744292,0.355
механические,5,эхо x2,0.764716824160133,0.0895396794329445,0.3465396455038141,0.4666666666666666
механические,5,эхо x4,0.7803081724343367,0.08786062949848449,0.23359637831917776,0.6433333333333334
механические,5,эхо на четверти,0.7581097053127647,0.08803185247038743,0.3701439610932249,0.425
механические,5,словарь к 25,0.7529245958512604,0.08448131703317309,0.4409040642493196,0.6266666666666666
механические,5,словарь к 60,0.7453490031694976,0.09398068533275993,0.43202211755396974,0.5233333333333333
механические,5,все слова разные,0.7297869389975203,0.09977111157765191,0.4177192135093664,0.3
механические,5,чужие хапаксы,0.7293328458050171,0.0983291149612671,0.4184958007591966,0.36999999999999994
механические,5,хапаксы одного домена,0.7308683465618849,0.09362445587672469,0.4220858513797276,0.3633333333333333
механические,5,20 чужих хапаксов,0.7473166790200594,0.08777092827097827,0.40753450865463714,0.385
механические,5,маркер каждые 3,0.757056917918666,0.09580788789878558,0.3894810906229482,0.4716666666666667
механические,5,без пунктуации,0.744818178537311,0.09576105229665909,0.4682680649208936,0.34500000000000003
механические,5,без служебных,0.7264337779206816,0.08699307350079048,0.3973663720361203,0.305
механические,6,исходный,0.7527413968099678,0.09550551975501241,0.4574147096523224,0.34
механические,6,перемешивание,0.7420751252796897,0.08726165504260545,0.49307472280036196,0.34833333333333333
механические,6,эхо x2,0.7670344626883071,0.0868256877666358,0.39372090605736093,0.42333333333333334
механические,6,эхо x4,0.7962930278932179,0.07482438578001965,0.3117342645787841,0.5416666666666666
механические,6,эхо на четверти,0.7553477630708826,0.09545877083300526,0.41869367933927376,0.375
механические,6,словарь к 25,0.7693577493404513,0.0987880224091227,0.4606399934839647,0.6416666666666667
механические,6,словарь к 60,0.750177067034702,0.09593885214849703,0.45226428210791814,0.5766666666666665
механические,6,все слова разные,0.7458195972911782,0.09535576538326652,0.45555891815353333,0.28333333333333327
механические,6,чужие хапаксы,0.728832896014623,0.10495437689343305,0.4390416733471853,0.34
механические,6,хапаксы одного домена,0.7348866535521298,0.09345791048933078,0.4538486882296123,0.3283333333333333
механические,6,20 чужих хапаксов,0.7430029055484867,0.092248943453333,0.44872638610996907,0.3583333333333334
механические,6,маркер каждые 3,0.7589782707228715,0.09306383128372364,0.3854909884111298,0.4716666666666667
механические,6,без пунктуации,0.7625943869839243,0.07658972657295919,0.49104628946608564,0.32833333333333337
механические,6,без служебных,0.7413551085595884,0.09348122895744197,0.434810677669428,0.27666666666666667
механические,7,исходный,0.7522459309057753,0.09318566668492811,0.42321777187795145,0.3466666666666667
механические,7,перемешивание,0.7457513045782669,0.09506970271887527,0.4563999467811475,0.3516666666666666
механические,7,эхо x2,0.7752480865995314,0.08147676083902826,0.35473610310767567,0.5316666666666667
механические,7,эхо x4,0.8026517927657602,0.0607544111218461,0.2395697454589749,0.7116666666666666
механические,7,эхо на четверти,0.7481592938490347,0.0885886515084889,0.361694089467322,0.4566666666666667
механические,7,словарь к 25,0.7532944384485692,0.09551704518373007,0.42747619077583154,0.6783333333333333
механические,7,словарь к 60,0.7667346776700984,0.0854968154522985,0.44083479091870353,0.5683333333333334
механические,7,все слова разные,0.7346793651152139,0.11243683116365986,0.43373491132440894,0.23833333333333337
механические,7,чужие хапаксы,0.7365424887525314,0.09630004065085888,0.4149056315572562,0.33499999999999996
механические,7,хапаксы одного домена,0.7443311330556089,0.09714461002850568,0.4244598311998133,0.33666666666666667
механические,7,20 чужих хапаксов,0.7465887220409207,0.10267603125173454,0.41976141525884664,0.3566666666666667
механические,7,маркер каждые 3,0.7695600326811212,0.10758481812449029,0.3926824893098846,0.4583333333333333
механические,7,без пунктуации,0.7666365632758073,0.07679183710689262,0.46175332438681443,0.3416666666666666
механические,7,без служебных,0.7338499829750073,0.10712342860824875,0.44932621924932575,0.2783333333333333
механические,8,исходный,0.7253772331367986,0.11574173318997794,0.3790717259034264,0.35666666666666663
механические,8,перемешивание,0.7444619167576537,0.0843740585902602,0.5045044432847421,0.36833333333333335
механические,8,эхо x2,0.7527889033110409,0.09625099004899958,0.3288798210327373,0.48500000000000004
механические,8,эхо x4,0.780919384516647,0.08654941819724403,0.2254787630538041,0.6233333333333334
механические,8,эхо на четверти,0.7277939065449223,0.10113735675363833,0.3666900337661521,0.44166666666666665
механические,8,словарь к 25,0.7548837715108673,0.09266797522333654,0.41315789406907416,0.6350000000000001
механические,8,словарь к 60,0.7387133946850838,0.11079145686115871,0.40788391244785743,0.5066666666666667
механические,8,все слова разные,0.7430012604052137,0.09505680050336325,0.43229138380133486,0.18333333333333335
механические,8,чужие хапаксы,0.7275155240099926,0.11121693830018207,0.41582195674730477,0.32666666666666666
механические,8,хапаксы одного домена,0.7328171129630041,0.10522360709550503,0.4036726454830362,0.3416666666666666
механические,8,20 чужих хапаксов,0.7220992125892532,0.11341979205026216,0.38778422828512366,0.35333333333333333
механические,8,маркер каждые 3,0.7540835280291422,0.1035103109808249,0.41648432850783895,0.445
механические,8,без пунктуации,0.7396891767338524,0.09881078323736088,0.4060031566346421,0.36999999999999994
механические,8,без служебных,0.7167463922108062,0.12898225894956739,0.3860369344103962,0.3466666666666667
механические,9,исходный,0.7563934844181048,0.08187165233250145,0.4260418217935243,0.5216666666666667
механические,9,перемешивание,0.7731037246141689,0.083872842464066,0.539125230151159,0.525
механические,9,эхо x2,0.7597948010921597,0.08369518826375123,0.38524666353973686,0.605
механические,9,эхо x4,0.7904467713976114,0.08438384904831171,0.2900172615695967,0.7283333333333334
механические,9,эхо на четверти,0.7591465381578532,0.09054986412963269,0.39929239524628685,0.5833333333333334
механические,9,словарь к 25,0.7521758903904386,0.09965124330215851,0.4428064841906747,0.7083333333333334
механические,9,словарь к 60,0.7493819163223394,0.09379515729785,0.45482462660755335,0.6083333333333334
механические,9,все слова разные,0.7253972051050993,0.08313394016807966,0.39060941214250394,0.3233333333333333
механические,9,чужие хапаксы,0.7419648247208296,0.10079848232149978,0.4427304804064975,0.52
механические,9,хапаксы одного домена,0.7386594637495465,0.09144155401356445,0.43757980768885346,0.5333333333333333
механические,9,20 чужих хапаксов,0.7527174140538718,0.09797298158650002,0.4320146342219795,0.5283333333333333
механические,9,маркер каждые 3,0.7820096772917235,0.09239588514521314,0.4349240942372245,0.61
механические,9,без пунктуации,0.759270187802097,0.10301508521365721,0.47234655549699495,0.5216666666666666
механические,9,без служебных,0.7743167236270239,0.08387065558685323,0.44799525919760264,0.4366666666666667
механические,10,исходный,0.7387568730098734,0.09676891798061993,0.4067469517716085,0.3333333333333333
механические,10,перемешивание,0.7397964687526105,0.09472398706571512,0.45674054370589134,0.31666666666666665
механические,10,эхо x2,0.7579814007201996,0.07417481607072991,0.3376242585782821,0.4383333333333333
механические,10,эхо x4,0.7992190373146068,0.07987428931977851,0.24356178677237514,0.6116666666666667
механические,10,эхо на четверти,0.7521638541157097,0.09759426403598885,0.3781377644296975,0.36000000000000004
механические,10,словарь к 25,0.732063214686395,0.07497117528061438,0.4332596866743503,0.6766666666666667
механические,10,словарь к 60,0.7211259536466406,0.08876828152189693,0.43444953221802246,0.54
механические,10,все слова разные,0.721338934092553,0.09616498438178567,0.4267360601129358,0.2783333333333334
механические,10,чужие хапаксы,0.7183308983090613,0.10145268533914616,0.42671112934398586,0.32499999999999996
механические,10,хапаксы одного домена,0.7090392837948167,0.10922913953864544,0.4075222343024356,0.3283333333333333
механические,10,20 чужих хапаксов,0.7361716411519253,0.09743141796542436,0.42375184074701266,0.305
механические,10,маркер каждые 3,0.7478163766252309,0.10231925564754345,0.3894903926498494,0.4266666666666667
механические,10,без пунктуации,0.7565981896482133,0.0996335054312746,0.4697812580445113,0.3
механические,10,без служебных,0.7245519467403091,0.10938145647655999,0.3920142042158068,0.3
механические,11,исходный,0.7478031201896126,0.10334621149322841,0.4028938083098838,0.39999999999999997
механические,11,перемешивание,0.7583268155518299,0.08949471299151941,0.48945935968789284,0.39666666666666667
механические,11,эхо x2,0.7578030164749784,0.08334335347972917,0.3654272464478379,0.49833333333333335
механические,11,эхо x4,0.7949433353867689,0.08050375012175816,0.27121000848228416,0.6283333333333333
механические,11,эхо на четверти,0.7607615490547895,0.0873566954108378,0.38981233840819624,0.47
механические,11,словарь к 25,0.7664932734531686,0.08862844256043334,0.43311256163466477,0.6749999999999999
механические,11,словарь к 60,0.7529666319043189,0.09520378010629937,0.423729976297377,0.5716666666666667
механические,11,все слова разные,0.7219902131738665,0.097452373383925,0.41031361657402016,0.3133333333333333
механические,11,чужие хапаксы,0.7365500314009538,0.11111921028816825,0.39338419599447966,0.405
механические,11,хапаксы одного домена,0.7225087635637388,0.11563224598074064,0.4050956951145645,0.42
механические,11,20 чужих хапаксов,0.7394507704819695,0.09918026458526685,0.40569372950153854,0.4116666666666667
механические,11,маркер каждые 3,0.7749021330849066,0.09103625657337117,0.4079670556446848,0.52
механические,11,без пунктуации,0.7618561259374301,0.08886844926163111,0.4457795428587485,0.4166666666666667
механические,11,без служебных,0.7323394144015385,0.10905829969483755,0.4051658292701039,0.34500000000000003
механические,12,исходный,0.7548637035616049,0.10248706912890176,0.41200371170313693,0.4116666666666666
механические,12,перемешивание,0.7628824659428132,0.08380301654040288,0.47457641676493995,0.4566666666666667
механические,12,эхо x2,0.7663042987393894,0.09697576278286135,0.3701339952312151,0.5016666666666666
механические,12,эхо x4,0.7932980748777787,0.0810898288983188,0.2730765689663126,0.6583333333333333
механические,12,эхо на четверти,0.7601573086667829,0.09625818951705262,0.3921798297307704,0.4533333333333333
механические,12,словарь к 25,0.7665854029285271,0.09415717987975143,0.44198969470416727,0.6333333333333333
механические,12,словарь к 60,0.7521583778015305,0.09968483474480905,0.4277485246521022,0.5466666666666666
механические,12,все слова разные,0.7273930585762459,0.1087862756696442,0.4120062337134996,0.2916666666666667
механические,12,чужие хапаксы,0.7277680018784703,0.12545434726274693,0.4133247411190422,0.405
механические,12,хапаксы одного домена,0.7356379688430992,0.11926150328806544,0.4074561442400996,0.39999999999999997
механические,12,20 чужих хапаксов,0.7490386578101408,0.10213488908036095,0.4039325700610576,0.4066666666666667
механические,12,маркер каждые 3,0.7835062448264404,0.08860631650316574,0.413619505767233,0.5066666666666667
механические,12,без пунктуации,0.7580943188644936,0.08943069688309203,0.4483776897144834,0.43166666666666664
механические,12,без служебных,0.7310520352179872,0.10167092112641558,0.397193345451928,0.42
механические,13,исходный,0.7299448198025238,0.08958283144965044,0.42462044214940686,0.35000000000000003
механические,13,перемешивание,0.7268920437560373,0.08658893988314154,0.4657855501412953,0.3933333333333333
механические,13,эхо x2,0.7585958523205102,0.08038843694762708,0.39386294124970056,0.4066666666666667
механические,13,эхо x4,0.7733032946009755,0.07577753275952688,0.3163009351255102,0.47833333333333333
механические,13,эхо на четверти,0.733373633921032,0.09451350524045445,0.40316577765605466,0.38000000000000006
механические,13,словарь к 25,0.7538622535055005,0.11382152155267028,0.4157605403517415,0.6483333333333333
механические,13,словарь к 60,0.7423834884336672,0.09757018899187526,0.4328550543707799,0.535
механические,13,все слова разные,0.6933965636714765,0.12377241530504468,0.40829204113867995,0.32666666666666666
механические,13,чужие хапаксы,0.7014988134396557,0.11560067524538396,0.4191327144990144,0.35333333333333333
механические,13,хапаксы одного домена,0.7058458947486907,0.11455033199101217,0.4243891662459016,0.35833333333333334
механические,13,20 чужих хапаксов,0.7223118301563461,0.09592626423912577,0.4280203917551446,0.3483333333333334
механические,13,маркер каждые 3,0.7498667116112282,0.08534062920575906,0.40317571997036605,0.47000000000000003
механические,13,без пунктуации,0.7561330340271586,0.07641427365647654,0.4900206451589828,0.3233333333333333
механические,13,без служебных,0.7109977924273291,0.09722046371676846,0.40372891570669583,0.29833333333333334
механические,14,исходный,0.7603075616921449,0.09801713741457156,0.41110366310227353,0.3416666666666666
механические,14,перемешивание,0.7305710252190085,0.09022638996261485,0.45418725627889217,0.3416666666666666
механические,14,эхо x2,0.7666935272546769,0.08562301281412228,0.3786766993400221,0.45166666666666666
механические,14,эхо x4,0.7902367438562488,0.10114305225931948,0.25977174386852275,0.5966666666666666
механические,14,эхо на четверти,0.7566154392978897,0.0978914888711095,0.39558758305336544,0.4033333333333333
механические,14,словарь к 25,0.7591262648672203,0.13966338462858274,0.447564366251825,0.6649999999999999
механические,14,словарь к 60,0.7537133289997495,0.10427689135378888,0.4442285447829968,0.575
механические,14,все слова разные,0.7191467391274164,0.114104877629166,0.4234142886888419,0.26166666666666666
механические,14,чужие хапаксы,0.7201332667242625,0.12034115667241914,0.4156890720070498,0.34500000000000003
механические,14,хапаксы одного домена,0.718038449011407,0.12783473411147292,0.42117873731855454,0.35333333333333333
механические,14,20 чужих хапаксов,0.7485746328165627,0.10283491135648466,0.41495679152149667,0.36999999999999994
механические,14,маркер каждые 3,0.7695701646325753,0.08753458553440692,0.4154890854571114,0.465
механические,14,без пунктуации,0.7719958120458988,0.09187026726855008,0.4734007452239724,0.3383333333333334
механические,14,без служебных,0.7357027076152153,0.10261222232947459,0.4250380600463621,0.3233333333333333
механические,15,исходный,0.7484580646070637,0.09744062136914534,0.41938276102741856,0.30666666666666664
механические,15,перемешивание,0.7549404282117272,0.09572151730094929,0.4819135441609561,0.3116666666666667
механические,15,эхо x2,0.7538853731136733,0.09270071166138964,0.3408173449890019,0.415
механические,15,эхо x4,0.7820235600158084,0.09626182956025015,0.24037536223309433,0.6683333333333333
механические,15,эхо на четверти,0.7520151311777411,0.09459493888009933,0.38240194585334303,0.36000000000000004
механические,15,словарь к 25,0.761193588549926,0.08966595201211773,0.41114840573170275,0.625
механические,15,словарь к 60,0.7468519808450352,0.09656674347429456,0.40954064423009645,0.5116666666666667
механические,15,все слова разные,0.7450057137708846,0.09978778527341077,0.43308233266432855,0.19666666666666666
механические,15,чужие хапаксы,0.7451290225683933,0.10323685615800425,0.4338794105042106,0.3033333333333333
механические,15,хапаксы одного домена,0.7396529645302717,0.10641010915084874,0.4282093259445395,0.3
механические,15,20 чужих хапаксов,0.7483433916496215,0.1037257823245023,0.4097715034910924,0.2816666666666667
механические,15,маркер каждые 3,0.7764145196166786,0.08496783918016143,0.4095872099096975,0.4466666666666666
механические,15,без пунктуации,0.7611021322496644,0.09061993823908483,0.47588018765220913,0.31833333333333336
механические,15,без служебных,0.7409387146020107,0.10060571055028111,0.419488298374411,0.265
механические,16,исходный,0.760777342800275,0.08916615230099399,0.4484944871868041,0.3499999999999999
механические,16,перемешивание,0.756813754068563,0.08712373347919129,0.49011615190121155,0.325
механические,16,эхо x2,0.7746044969009497,0.06897211065279794,0.37983808216133813,0.45166666666666666
механические,16,эхо x4,0.796211328608534,0.0741451685989165,0.27194805646844583,0.635
механические,16,эхо на четверти,0.7536840418621423,0.09413579259169164,0.4355861814888104,0.35333333333333333
механические,16,словарь к 25,0.7655775781930667,0.08495653159652934,0.46276377264752416,0.6233333333333334
механические,16,словарь к 60,0.7532964304114734,0.08226100341208803,0.47368394113144835,0.5133333333333333
механические,16,все слова разные,0.7360207530673529,0.09080433808499605,0.45652324464101257,0.2966666666666667
механические,16,чужие хапаксы,0.7333259558786983,0.09054375838257443,0.44063339092232895,0.3116666666666667
механические,16,хапаксы одного домена,0.7356509430380695,0.08885299078658222,0.4446106939282248,0.3366666666666666
механические,16,20 чужих хапаксов,0.7497324832722517,0.08897147903791723,0.4544133282077019,0.3233333333333333
механические,16,маркер каждые 3,0.7848952150694365,0.07386432885607469,0.4225824283295445,0.44166666666666665
механические,16,без пунктуации,0.7677938875125042,0.08177042421683688,0.49453449572015423,0.30833333333333335
механические,16,без служебных,0.7504398308496348,0.09827258496882418,0.4509816856261879,0.27166666666666667
механические,17,исходный,0.7450581551446481,0.08923243106450662,0.4198802968381719,0.39833333333333326
механические,17,перемешивание,0.739041474275146,0.09732480478116118,0.47266026205115863,0.38166666666666665
механические,17,эхо x2,0.7678356272626318,0.08267471810274406,0.3510481681160436,0.5066666666666667
механические,17,эхо x4,0.7926207270985809,0.07448167702512999,0.22986346658687118,0.6383333333333333
механические,17,эхо на четверти,0.7439193278752443,0.09385311986835426,0.3882998772602968,0.43333333333333335
механические,17,словарь к 25,0.7660459336295125,0.09087062143325482,0.4422881566313451,0.65
механические,17,словарь к 60,0.7520638085024999,0.09493422907506747,0.42923101076590564,0.545
механические,17,все слова разные,0.7069727468095338,0.11235228872035648,0.4126853755569016,0.33666666666666667
механические,17,чужие хапаксы,0.7191352779623629,0.12254598400603117,0.40411786993374915,0.3333333333333333
механические,17,хапаксы одного домена,0.7240486524443867,0.10092340323433802,0.42116988973723807,0.38833333333333336
механические,17,20 чужих хапаксов,0.7339562873200669,0.09172062962438811,0.4086244950527452,0.3833333333333333
механические,17,маркер каждые 3,0.7889931697461178,0.08615444207601029,0.4192922326634601,0.5083333333333333
механические,17,без пунктуации,0.7671582077832428,0.07727352982810404,0.47596228011501,0.3333333333333333
механические,17,без служебных,0.7228162747460017,0.09612883915011265,0.4060167016621868,0.32833333333333337
механические,18,исходный,0.744580815744477,0.09395773627077415,0.4316440923160303,0.355
механические,18,перемешивание,0.7253001601510403,0.08788283801746016,0.46678300139919354,0.355
механические,18,эхо x2,0.7661620269845876,0.09878378357337557,0.35369792072522066,0.52
механические,18,эхо x4,0.7767769845990884,0.08808928785920463,0.2483938798889621,0.6783333333333333
механические,18,эхо на четверти,0.7504719716479992,0.08995973859163497,0.3885319024444375,0.4583333333333333
механические,18,словарь к 25,0.752959964058341,0.09630294904110993,0.45003338419129507,0.63
механические,18,словарь к 60,0.7458310023156307,0.09560559631423311,0.43496204297477964,0.5333333333333333
механические,18,все слова разные,0.7277814965890129,0.09799893680740235,0.43680080712266617,0.2916666666666667
механические,18,чужие хапаксы,0.7228946243299963,0.11063408523317368,0.4195414744284027,0.355
механические,18,хапаксы одного домена,0.7361483654144797,0.09637839601304726,0.4352400157502314,0.33666666666666667
механические,18,20 чужих хапаксов,0.7479331095635283,0.09660692370919366,0.4201761967383543,0.37666666666666665
механические,18,маркер каждые 3,0.765641000176997,0.08605914267645294,0.4226944235722015,0.5083333333333333
механические,18,без пунктуации,0.7703413927101824,0.0867373410958731,0.4697517778210732,0.36333333333333334
механические,18,без служебных,0.7328195405448624,0.09495401927955256,0.4333324323775997,0.29000000000000004
механические,19,исходный,0.7282494652621465,0.09392356349926399,0.3874604622181212,0.4166666666666667
механические,19,перемешивание,0.739806207699468,0.07838387293796963,0.45488844546908475,0.4083333333333334
механические,19,эхо x2,0.752278258150843,0.08737783871438864,0.3413166539869905,0.5716666666666667
механические,19,эхо x4,0.7927600811212666,0.0908892711707786,0.25193253891627393,0.7316666666666668
механические,19,эхо на четверти,0.7285804949200735,0.09675515565528164,0.37807771379522276,0.4683333333333333
механические,19,словарь к 25,0.7426925934276604,0.09378433051542127,0.4303476709649108,0.6416666666666667
механические,19,словарь к 60,0.733927449986766,0.09378008305754965,0.4210621276756041,0.505
механические,19,все слова разные,0.7214604212714019,0.09907550322510082,0.41265781654797,0.305
механические,19,чужие хапаксы,0.7043283495606175,0.10983576368636404,0.4042873378552307,0.43
механические,19,хапаксы одного домена,0.7077933779691312,0.10305623423363112,0.4015472661738857,0.4266666666666667
механические,19,20 чужих хапаксов,0.7185452871161201,0.09057857185954062,0.3877645119408226,0.4183333333333333
механические,19,маркер каждые 3,0.7616300681133739,0.08391547385109392,0.4053458451741388,0.5333333333333333
механические,19,без пунктуации,0.7674902927370283,0.09887194454084587,0.4449849194054522,0.37333333333333335
механические,19,без служебных,0.7061419113743028,0.09918661078517325,0.370914457719912,0.38000000000000006
механические,20,исходный,0.7320602455104828,0.09618212406148456,0.40162832535954407,0.45
механические,20,перемешивание,0.7143067366747804,0.0915901810466444,0.475768815276805,0.4583333333333333
механические,20,эхо x2,0.7543718060471583,0.08741709240770713,0.33000173972986263,0.5883333333333334
механические,20,эхо x4,0.7587706042944217,0.09814208126792547,0.24052490222624237,0.7183333333333333
механические,20,эхо на четверти,0.7297050874441461,0.0943107734049986,0.3650045730073803,0.5216666666666666
механические,20,словарь к 25,0.7391995964823678,0.0950358153920553,0.43371907686315664,0.7066666666666667
механические,20,словарь к 60,0.7303976750100917,0.08814956659298634,0.44002399692203725,0.5683333333333334
механические,20,все слова разные,0.7228465347659879,0.09321868824424191,0.40288420841974526,0.2933333333333333
механические,20,чужие хапаксы,0.7158589225580433,0.10137105871666956,0.41173629535028083,0.45
механические,20,хапаксы одного домена,0.7172185456525494,0.11421242539040954,0.40489134170270163,0.4466666666666666
механические,20,20 чужих хапаксов,0.7311777151339447,0.09606692484068406,0.3955102719138088,0.43333333333333335
механические,20,маркер каждые 3,0.7547780116987743,0.09224965243956151,0.4095246457875678,0.5183333333333333
механические,20,без пунктуации,0.742106251186324,0.09067332303104614,0.4654301364849521,0.4583333333333333
механические,20,без служебных,0.7150679587878304,0.10417667731056753,0.3938917027804964,0.395
механические,21,исходный,0.7514961600574117,0.09957835214283199,0.41535415217623367,0.3516666666666666
механические,21,перемешивание,0.7377750504217196,0.09526507946313888,0.4538004712420811,0.33499999999999996
механические,21,эхо x2,0.7600658490950067,0.08820538393537379,0.32794176718947665,0.47833333333333333
механические,21,эхо x4,0.7833877614901882,0.0847892357159052,0.2238480724763184,0.625
механические,21,эхо на четверти,0.7612912978595591,0.09025598279572183,0.3626850900791159,0.4116666666666666
механические,21,словарь к 25,0.7542957175762579,0.10891346936798178,0.45941734083654456,0.5733333333333333
механические,21,словарь к 60,0.7508628291305147,0.10664697055442669,0.4529948441319238,0.4766666666666666
механические,21,все слова разные,0.7323838488601903,0.10391561020133057,0.4308367969297608,0.25166666666666665
механические,21,чужие хапаксы,0.7361790289994884,0.1077627544790035,0.4247107344051772,0.3283333333333333
механические,21,хапаксы одного домена,0.7290280539789077,0.10341011661700873,0.42206263318329484,0.29833333333333334
механические,21,20 чужих хапаксов,0.743368661125786,0.10103229916686635,0.41073629890531754,0.33499999999999996
механические,21,маркер каждые 3,0.781176375826106,0.08247833751282406,0.3946039661111536,0.4583333333333333
механические,21,без пунктуации,0.7647861001540331,0.09185241181610854,0.46179113242358055,0.355
механические,21,без служебных,0.7332307385652271,0.10696551142983297,0.38821855771344566,0.27166666666666667
механические,22,исходный,0.760761364407605,0.09774769130089885,0.4133880108403192,0.49333333333333335
механические,22,перемешивание,0.7520755049631113,0.11897895954684246,0.478165686920514,0.5
механические,22,эхо x2,0.7707298547971329,0.09521839478540954,0.40423548197857945,0.5583333333333335
механические,22,эхо x4,0.7805302408921277,0.0973139736356109,0.29652133202991565,0.6333333333333334
механические,22,эхо на четверти,0.7585054337893312,0.09194193422887925,0.4181451685987168,0.515
механические,22,словарь к 25,0.7612228368626953,0.09279526793849673,0.4428927995338639,0.7216666666666667
механические,22,словарь к 60,0.7534740467142451,0.09663399541035056,0.4304942104974618,0.61
механические,22,все слова разные,0.7392426223606013,0.08517511054923403,0.42357377226292753,0.305
механические,22,чужие хапаксы,0.7346715416445552,0.10168435999875775,0.4326937074703105,0.4816666666666667
механические,22,хапаксы одного домена,0.7281565935813231,0.09762263478442257,0.43275478990543953,0.48500000000000004
механические,22,20 чужих хапаксов,0.7581602427486739,0.09596509295604842,0.42468924946055386,0.5033333333333333
механические,22,маркер каждые 3,0.7727877842115349,0.09189324233963125,0.4113330750026379,0.5866666666666667
механические,22,без пунктуации,0.7694314440604186,0.08494584756000823,0.45518779786267816,0.49333333333333335
механические,22,без служебных,0.752466838957396,0.09773956485900352,0.42775470744387656,0.47000000000000003
механические,23,исходный,0.7551133464790643,0.10496586417244508,0.4079974604065451,0.39166666666666666
механические,23,перемешивание,0.7471058558791394,0.09968177531753313,0.46432730139316036,0.3666666666666667
механические,23,эхо x2,0.7799825483537693,0.09281948462771421,0.3752598719052742,0.47666666666666674
механические,23,эхо x4,0.7963451576454613,0.08992218997156064,0.27743602475960377,0.6149999999999999
механические,23,эхо на четверти,0.7723241921592495,0.09660188774147917,0.3985308900820908,0.4266666666666667
механические,23,словарь к 25,0.771878613922382,0.11389692386080279,0.46436444532271953,0.6783333333333333
механические,23,словарь к 60,0.7712713916485674,0.10319053840278365,0.4769408596053472,0.585
механические,23,все слова разные,0.747749321995519,0.1035658411757465,0.44800498726589194,0.215
механические,23,чужие хапаксы,0.7419965706924107,0.1179051104515099,0.43562675782637506,0.35833333333333334
механические,23,хапаксы одного домена,0.7465533380766359,0.11911040247930409,0.4464735532915829,0.35833333333333334
механические,23,20 чужих хапаксов,0.752426369170328,0.11656741800799363,0.41359236426780316,0.3633333333333333
механические,23,маркер каждые 3,0.7803464024222233,0.09025235554053328,0.3951783737947852,0.4816666666666667
механические,23,без пунктуации,0.7648857988867044,0.0907063760553976,0.47193494044656964,0.3633333333333333
механические,23,без служебных,0.7456654470287242,0.11922479670052544,0.41529257108336903,0.3333333333333333
механические,24,исходный,0.7450402857034164,0.1003779884524895,0.41435563017523896,0.37833333333333335
механические,24,перемешивание,0.744422405010833,0.09649902684164874,0.45205446900859103,0.355
механические,24,эхо x2,0.7599499061881829,0.09017858325085841,0.36888852934640215,0.4583333333333333
механические,24,эхо x4,0.7913023946821728,0.0854590858790134,0.2848947778248588,0.59
механические,24,эхо на четверти,0.7575125938464683,0.08952982308096834,0.3945520240690645,0.39666666666666667
механические,24,словарь к 25,0.7538429814181585,0.09143396382440401,0.467546606269639,0.59
механические,24,словарь к 60,0.7486115484299157,0.08462392580217278,0.44024824729027506,0.4833333333333334
механические,24,все слова разные,0.7223191830987754,0.11937629564923669,0.4111413659899494,0.2866666666666666
механические,24,чужие хапаксы,0.723209753054833,0.12029484312836754,0.40514041229189585,0.36166666666666664
механические,24,хапаксы одного домена,0.7286038684604441,0.10502120085625925,0.4349502243176471,0.3566666666666667
механические,24,20 чужих хапаксов,0.7407402851007164,0.09895713983488737,0.43293836651995554,0.3983333333333334
механические,24,маркер каждые 3,0.7640695382795423,0.09368092125813039,0.3996294424758666,0.4483333333333333
механические,24,без пунктуации,0.7630987715424693,0.0830732234935195,0.4563102001543709,0.39333333333333337
механические,24,без служебных,0.7329234731215205,0.09054227870325178,0.42352203310427167,0.32666666666666666
механические,25,исходный,0.7388409251964886,0.09199720391833516,0.36866271984664606,0.5216666666666667
механические,25,перемешивание,0.7647128623568844,0.08453127114480811,0.4464174283749485,0.5
механические,25,эхо x2,0.7896656739635676,0.08008276279696588,0.34112878307932903,0.6166666666666667
механические,25,эхо x4,0.7923620765739949,0.08324586027554899,0.25603717661723996,0.7616666666666667
механические,25,эхо на четверти,0.7726031771326816,0.09468794848767725,0.3566468727297138,0.5266666666666667
механические,25,словарь к 25,0.7446133527948163,0.10856900774404799,0.38934648614451056,0.6533333333333334
механические,25,словарь к 60,0.7575665353567119,0.0859686174085107,0.3715464192019395,0.5499999999999999
механические,25,все слова разные,0.720105622712596,0.10750826235674608,0.3638472791015109,0.31
механические,25,чужие хапаксы,0.7275183540447786,0.09354357709370655,0.3603074085907856,0.49
механические,25,хапаксы одного домена,0.716586142001615,0.11021240594134114,0.36645604814186455,0.49
механические,25,20 чужих хапаксов,0.7539522415806296,0.08784913659690079,0.3555865196507035,0.47833333333333333
механические,25,маркер каждые 3,0.781093897061706,0.08004795034619837,0.38404477383939634,0.5683333333333334
механические,25,без пунктуации,0.7713795327161388,0.07591024098615212,0.39090160372680444,0.5216666666666666
механические,25,без служебных,0.714408489522495,0.1041709462240062,0.34740369031166624,0.45999999999999996
механические,26,исходный,0.7471921312771271,0.10328782719317973,0.39391948326847626,0.4316666666666667
механические,26,перемешивание,0.7295768877181473,0.09628066282832821,0.431715512538485,0.4466666666666666
механические,26,эхо x2,0.7738918086049137,0.08649212144106826,0.35221221538475617,0.5650000000000001
механические,26,эхо x4,0.7790763096197287,0.08190702226150733,0.25685809828700695,0.7200000000000001
механические,26,эхо на четверти,0.7479116864689742,0.10538534701688151,0.3682388760083382,0.5299999999999999
механические,26,словарь к 25,0.7425805958403876,0.10270734890760908,0.4033312778220684,0.6383333333333333
механические,26,словарь к 60,0.7485456511965111,0.09021007407843491,0.4157757042460757,0.535
механические,26,все слова разные,0.7236281784676035,0.10525358665549078,0.3806523002106297,0.26333333333333336
механические,26,чужие хапаксы,0.7314271678164537,0.09838472727952079,0.42574451441884803,0.4116666666666666
механические,26,хапаксы одного домена,0.7305254665612656,0.09529378353977198,0.40403920757459094,0.4583333333333333
механические,26,20 чужих хапаксов,0.7480233563481996,0.09288871458380328,0.4018166156462097,0.44333333333333336
механические,26,маркер каждые 3,0.7716490757119537,0.09723539899568238,0.37469995387792454,0.5433333333333333
механические,26,без пунктуации,0.754005552829638,0.08044080270619756,0.4349263581349745,0.4483333333333333
механические,26,без служебных,0.7266346030044467,0.09527124766337945,0.39728228459372983,0.4116666666666666
механические,27,исходный,0.7737553863052494,0.09692701099106156,0.4379809853275017,0.355
механические,27,перемешивание,0.7538726012690592,0.09017827841938975,0.45668348450079216,0.355
механические,27,эхо x2,0.7755932000698612,0.07157679080366997,0.39150582248859456,0.41
механические,27,эхо x4,0.7880447020220299,0.07672075901211785,0.2811700525568542,0.5949999999999999
механические,27,эхо на четверти,0.7678228476854657,0.08243447035875923,0.4028845556960565,0.375
механические,27,словарь к 25,0.7618580668888247,0.09516136061717734,0.4217099307420473,0.65
механические,27,словарь к 60,0.7704098670731451,0.0939739864950045,0.4344259304028831,0.5750000000000001
механические,27,все слова разные,0.7202329316234102,0.11082706836904048,0.4146849359113056,0.28
механические,27,чужие хапаксы,0.7344525046914067,0.12258569772524229,0.433521985584997,0.3283333333333333
механические,27,хапаксы одного домена,0.7279238781007863,0.11267368272196863,0.42023558752459217,0.32666666666666666
механические,27,20 чужих хапаксов,0.757019878179344,0.09706789083805108,0.41626548522193746,0.3316666666666667
механические,27,маркер каждые 3,0.7703020206117867,0.09301724472563276,0.3956583847941641,0.4466666666666667
механические,27,без пунктуации,0.7748691968053452,0.08357023969530915,0.4552381163067249,0.3133333333333333
механические,27,без служебных,0.7387233343430327,0.09939290131919477,0.404086598348599,0.2933333333333334
механические,28,исходный,0.7368810255134711,0.09114716722249376,0.3464232874482347,0.4116666666666666
механические,28,перемешивание,0.7413990898968686,0.09721615412778611,0.42463050183800455,0.4083333333333334
механические,28,эхо x2,0.7465164118368675,0.08166466116151568,0.2944609875072833,0.5083333333333333
механические,28,эхо x4,0.7868984819521874,0.08094394917894018,0.22318923723224493,0.6016666666666666
механические,28,эхо на четверти,0.7400631117901892,0.08621311263969882,0.3307988409536162,0.47333333333333333
механические,28,словарь к 25,0.753364742630021,0.0957588473738592,0.39374836522113493,0.5683333333333332
механические,28,словарь к 60,0.7361815121230779,0.08828765122179011,0.3773067858255284,0.4566666666666667
механические,28,все слова разные,0.7063447846460571,0.11742559703404122,0.3568960129234928,0.33166666666666667
механические,28,чужие хапаксы,0.7225992069619172,0.11357546165249566,0.36449310976588234,0.43
механические,28,хапаксы одного домена,0.7164828271554392,0.11211997929823729,0.36636715568389994,0.43333333333333335
механические,28,20 чужих хапаксов,0.732495145490951,0.09012698859083379,0.36736074867941676,0.42333333333333334
механические,28,маркер каждые 3,0.7475574645335588,0.10348147115135375,0.3494183606637065,0.5133333333333333
механические,28,без пунктуации,0.7386764133281701,0.10032018487439807,0.404553676326236,0.4383333333333333
механические,28,без служебных,0.7041105591237263,0.10418821978566739,0.3389597156862593,0.405
механические,29,исходный,0.7525089641919432,0.09283684590971496,0.4091122284246185,0.3416666666666666
механические,29,перемешивание,0.7230830545008226,0.09707681404364993,0.4333276184959078,0.3516666666666666
механические,29,эхо x2,0.7730529842507409,0.08606766185135478,0.347599837544013,0.4266666666666667
механические,29,эхо x4,0.7846066010857525,0.07227279675618865,0.2681671133446318,0.5683333333333332
механические,29,эхо на четверти,0.760084412903051,0.08381036531486404,0.41612016154776027,0.34833333333333333
механические,29,словарь к 25,0.7613026107543003,0.07961625192051482,0.43610910684858095,0.6
механические,29,словарь к 60,0.7447976577893276,0.09190995681842913,0.41646761714947034,0.49333333333333335
механические,29,все слова разные,0.7134316906517689,0.11219752609016877,0.39640357008370164,0.30666666666666664
механические,29,чужие хапаксы,0.71746530447066,0.09930065497864753,0.3936641883600817,0.35000000000000003
механические,29,хапаксы одного домена,0.7146869992115557,0.10925970248482726,0.3986835862705263,0.3433333333333333
механические,29,20 чужих хапаксов,0.737970284561747,0.09219785315218125,0.4076794937999164,0.34333333333333327
механические,29,маркер каждые 3,0.7658228471682461,0.08795010409494138,0.37954050362242425,0.45999999999999996
механические,29,без пунктуации,0.765202070510869,0.09111857839757777,0.49186387574190965,0.3283333333333333
механические,29,без служебных,0.7369286021289368,0.08679571837097166,0.42475971703876336,0.2683333333333333
механические,30,исходный,0.7394810700144516,0.09910710219913077,0.3861992217133272,0.41333333333333333
механические,30,перемешивание,0.7279923559954948,0.10095467317614533,0.44011807280658705,0.41500000000000004
механические,30,эхо x2,0.7624604423800264,0.08206823119068811,0.37983718856213144,0.4683333333333333
механические,30,эхо x4,0.7789720856059669,0.07759925007591235,0.3199798647961323,0.5516666666666666
механические,30,эхо на четверти,0.7429881741568322,0.09873805824933923,0.38982458957336363,0.3666666666666667
механические,30,словарь к 25,0.7748472680635108,0.1199800296075952,0.3933928753629441,0.6866666666666666
механические,30,словарь к 60,0.7538757214187859,0.07874345862760353,0.4063681884877884,0.5983333333333333
механические,30,все слова разные,0.6951901319019113,0.1348216898160073,0.37392151557796627,0.30666666666666664
механические,30,чужие хапаксы,0.7069968880385433,0.12681768138050833,0.3741595328240636,0.37833333333333335
механические,30,хапаксы одного домена,0.7052694848698512,0.12477715234538805,0.3830162408920701,0.41333333333333333
механические,30,20 чужих хапаксов,0.727417848149961,0.11281407036288311,0.37555643316030923,0.4183333333333333
механические,30,маркер каждые 3,0.7642343026811771,0.10724902040177366,0.366996533724358,0.48166666666666663
механические,30,без пунктуации,0.7486754858812933,0.09041823979703047,0.4360393478067963,0.34
механические,30,без служебных,0.7105414913535979,0.10907463894505837,0.35329787738147056,0.36833333333333335
механические,31,исходный,0.7625645318910911,0.07504396012098,0.4500223931700602,0.3416666666666666
механические,31,перемешивание,0.746559417467573,0.07526303886395151,0.49675772209007524,0.31833333333333336
механические,31,эхо x2,0.770245929108567,0.08115453252531905,0.3796745085830868,0.435
механические,31,эхо x4,0.7935603158726203,0.07427388462709988,0.271852454373675,0.6083333333333333
механические,31,эхо на четверти,0.7627223839552841,0.080823455550906,0.407142583971142,0.36833333333333335
механические,31,словарь к 25,0.7288203564781842,0.09999621027706491,0.42271366006429867,0.6316666666666667
механические,31,словарь к 60,0.7557946581287851,0.07049808305926024,0.4695222336285858,0.5366666666666667
механические,31,все слова разные,0.7386476109300245,0.09352047708693184,0.42801859524914354,0.26499999999999996
механические,31,чужие хапаксы,0.7369633486491516,0.07962435349032919,0.45020939933903154,0.29666666666666663
механические,31,хапаксы одного домена,0.7430778280407111,0.08870697404217558,0.4270046648835497,0.34
механические,31,20 чужих хапаксов,0.7582122733350657,0.07923079751335425,0.44569572589510603,0.37166666666666665
механические,31,маркер каждые 3,0.7599128253338624,0.0799713509150194,0.40688143984058095,0.4366666666666667
механические,31,без пунктуации,0.7697317233769886,0.09019887376990339,0.4719006142948465,0.33
механические,31,без служебных,0.7356597464687221,0.0939221743124441,0.44461209794904,0.2916666666666667
механические,32,исходный,0.731118708827958,0.0827373320789737,0.3936837265375929,0.455
механические,32,перемешивание,0.7322930483774156,0.09657548058259606,0.4404488138313991,0.465
механические,32,эхо x2,0.7322140604570655,0.09332524686729686,0.35686990129731616,0.5633333333333334
механические,32,эхо x4,0.7610624471782003,0.07967539264480474,0.3174333345508507,0.5766666666666667
механические,32,эхо на четверти,0.7227553544807076,0.09000979633475274,0.37361616035141165,0.505
механические,32,словарь к 25,0.7362342336658362,0.09118997647239746,0.41121848476920436,0.6783333333333333
механические,32,словарь к 60,0.7241130363301619,0.08944743712722601,0.4108866369941811,0.6133333333333333
механические,32,все слова разные,0.708873299695587,0.11219079369717423,0.38016612975192615,0.24666666666666667
механические,32,чужие хапаксы,0.7026736778822951,0.10618789741072705,0.3919258854262548,0.41
механические,32,хапаксы одного домена,0.6986359409169585,0.10022704104934753,0.38959480554478226,0.44
механические,32,20 чужих хапаксов,0.7131553944359356,0.09698463001729953,0.3769475181236291,0.47666666666666674
механические,32,маркер каждые 3,0.7481061414937797,0.10599589963309324,0.3913580022532592,0.5666666666666667
механические,32,без пунктуации,0.7241921030456663,0.08275891650666982,0.4136604449173596,0.44166666666666665
механические,32,без служебных,0.7095700749768435,0.09832843770335288,0.37860333362115073,0.42333333333333334
механические,33,исходный,0.7438077891572948,0.1252454777075996,0.386423945098854,0.4383333333333333
механические,33,перемешивание,0.733994713381215,0.11144197344304609,0.4494333814345299,0.43500000000000005
механические,33,эхо x2,0.7708766946613931,0.10171418920590314,0.3419605700160297,0.62
механические,33,эхо x4,0.7898108015820341,0.07495441151764361,0.21467502131585092,0.7266666666666666
механические,33,эхо на четверти,0.7606676578416768,0.12731525671043983,0.36966127932601567,0.48
механические,33,словарь к 25,0.7403570097299729,0.16354537871387606,0.40767844959210103,0.6466666666666666
механические,33,словарь к 60,0.7522250151421229,0.13589456338591957,0.41155919824126275,0.5316666666666667
механические,33,все слова разные,0.7177605169918975,0.13687734286865405,0.3734936738062347,0.2916666666666667
механические,33,чужие хапаксы,0.7205970629195341,0.14780929118373626,0.3801826088193154,0.4066666666666667
механические,33,хапаксы одного домена,0.7175389867382963,0.13971273125703262,0.39286071098360553,0.3983333333333334
механические,33,20 чужих хапаксов,0.744609158458279,0.13305084978807585,0.39809442433954895,0.43333333333333335
механические,33,маркер каждые 3,0.7688696299176621,0.12272694239808306,0.3732389788395522,0.5599999999999999
механические,33,без пунктуации,0.7618657465531683,0.09819753597813098,0.42202288906809926,0.44166666666666665
механические,33,без служебных,0.7027077101218883,0.13002973298010967,0.35362059354612785,0.3666666666666667
механические,34,исходный,0.7249251727759555,0.0903135249432173,0.40959996311432983,0.3666666666666667
механические,34,перемешивание,0.7645912983615656,0.08774088313869692,0.47440933467015783,0.315
механические,34,эхо x2,0.768208607887436,0.08374405840919406,0.4003216664528704,0.455
механические,34,эхо x4,0.7933609080038598,0.0762108417374855,0.34248541487079565,0.6116666666666667
механические,34,эхо на четверти,0.7428082467901013,0.08828729307173476,0.4084423208065473,0.35333333333333333
механические,34,словарь к 25,0.7516075922624581,0.09885119289850702,0.40846528801572496,0.6566666666666666
механические,34,словарь к 60,0.7558367405060603,0.08837413279482814,0.40559164108230933,0.5933333333333334
механические,34,все слова разные,0.7360966766828093,0.1040256235349148,0.42192745415699046,0.18666666666666668
механические,34,чужие хапаксы,0.7258675973969849,0.10130922305724295,0.42087515869127284,0.3633333333333333
механические,34,хапаксы одного домена,0.7151754978041649,0.10755575045850739,0.41627348710763507,0.33666666666666667
механические,34,20 чужих хапаксов,0.7323916152723188,0.0971413502299258,0.4126635631985849,0.345
механические,34,маркер каждые 3,0.7344815849183647,0.09074638939089191,0.387781759887885,0.42166666666666663
механические,34,без пунктуации,0.7521814985456371,0.09205033312222155,0.44791731536434126,0.34833333333333333
механические,34,без служебных,0.726134640482402,0.09554698415761291,0.3994281323498385,0.31666666666666665
механические,35,исходный,0.7552023659718223,0.08416858762131231,0.4589258912134681,0.3333333333333333
механические,35,перемешивание,0.7528680274338712,0.08927414216615653,0.4832789012889316,0.31
механические,35,эхо x2,0.7669973095149153,0.07724204662606825,0.3503226937074319,0.45
механические,35,эхо x4,0.7839088594405709,0.06945164069506021,0.22081541332954413,0.6083333333333333
механические,35,эхо на четверти,0.761540264330041,0.09253451505103781,0.4333060912588979,0.35333333333333333
механические,35,словарь к 25,0.7860563837445618,0.06760226251144534,0.4444659154253597,0.65
механические,35,словарь к 60,0.7605945168487169,0.08103699122115253,0.45836004660690516,0.5183333333333334
механические,35,все слова разные,0.7410779436606836,0.08799946612815761,0.44342238579477306,0.25166666666666665
механические,35,чужие хапаксы,0.7460999766511273,0.08606945680556438,0.4428253217636016,0.28833333333333333
механические,35,хапаксы одного домена,0.7516091803875747,0.08378593835827734,0.4516042988666751,0.31666666666666665
механические,35,20 чужих хапаксов,0.7557830733835394,0.08325862821853156,0.45052922023520886,0.3
механические,35,маркер каждые 3,0.7763002172177823,0.08630544065946837,0.4118054527917559,0.4383333333333333
механические,35,без пунктуации,0.7792546733211498,0.07358477251389073,0.49691322013451183,0.3016666666666667
механические,35,без служебных,0.7489728542065017,0.08350599209130936,0.48941246185615034,0.24166666666666667
механические,36,исходный,0.7569373417179502,0.0985674510115316,0.4150009369250256,0.36166666666666664
механические,36,перемешивание,0.730539166902461,0.0901388743589356,0.4565967568586638,0.3583333333333334
механические,36,эхо x2,0.7803474076249849,0.07399479292014369,0.3408111800630156,0.5233333333333333
механические,36,эхо x4,0.7869219127426318,0.08461908512244089,0.23872562165891983,0.65
механические,36,эхо на четверти,0.7594790131523688,0.09116306863797109,0.3902153396393028,0.42
механические,36,словарь к 25,0.7331687716349622,0.08118661977029488,0.4273436666055528,0.6483333333333334
механические,36,словарь к 60,0.7533696920867025,0.07287057413675968,0.4262618614484355,0.5500000000000002
механические,36,все слова разные,0.7126049568763014,0.1014354861996778,0.4066030789476714,0.3416666666666666
механические,36,чужие хапаксы,0.7189495035424844,0.08530048555122093,0.4207969660793845,0.37333333333333335
механические,36,хапаксы одного домена,0.7139154706209966,0.09438089566494214,0.4071813917934583,0.36833333333333335
механические,36,20 чужих хапаксов,0.7424877587449045,0.08592693136270539,0.41645414411109294,0.36333333333333334
механические,36,маркер каждые 3,0.7799095658826833,0.0720716535864619,0.3872535812771143,0.48166666666666663
механические,36,без пунктуации,0.7640055822389513,0.07481879170268274,0.48346362238694923,0.3333333333333333
механические,36,без служебных,0.7403032297960013,0.0936736420486224,0.42416350227947613,0.29333333333333333
механические,37,исходный,0.7470580504561882,0.1044588702164533,0.3912008929577186,0.45166666666666666
механические,37,перемешивание,0.7410122192078487,0.07973148299622318,0.49374397095856687,0.4716666666666667
механические,37,эхо x2,0.7527564380636692,0.09643303794395247,0.34019685011751893,0.56
механические,37,эхо x4,0.7849757659381026,0.08941163980963412,0.2672900853696325,0.7050000000000001
механические,37,эхо на четверти,0.7387105278902718,0.09440353383846971,0.378412189429482,0.49333333333333335
механические,37,словарь к 25,0.7433027605902657,0.09778319702293202,0.4498794755104604,0.6933333333333334
механические,37,словарь к 60,0.744570606161609,0.10427701520301767,0.4207384401333532,0.5850000000000001
механические,37,все слова разные,0.6886239519888182,0.09461096032532863,0.404700462488586,0.3933333333333333
механические,37,чужие хапаксы,0.7009885078290893,0.1054557588437926,0.40542406323979857,0.4633333333333334
механические,37,хапаксы одного домена,0.7064188223498817,0.11674493194610973,0.4040742112601757,0.44166666666666665
механические,37,20 чужих хапаксов,0.7302030516313577,0.10066196672071219,0.3874829984965042,0.46166666666666667
механические,37,маркер каждые 3,0.7625947774031946,0.08175170162161867,0.3780382004178615,0.555
механические,37,без пунктуации,0.751441463177155,0.07906547739947471,0.47412104141861694,0.43333333333333335
механические,37,без служебных,0.7081897910117324,0.10991090004248937,0.38861600538607255,0.44
механические,38,исходный,0.7343708346394392,0.09824759470910611,0.4125342408485107,0.395
механические,38,перемешивание,0.7167369222079364,0.09069036559792586,0.4723258094081146,0.39833333333333326
механические,38,эхо x2,0.7701454862236979,0.08807320336008817,0.3865953094862655,0.49
механические,38,эхо x4,0.7765862692057445,0.08862117557014215,0.25282561601420056,0.6216666666666667
механические,38,эхо на четверти,0.7438674226176603,0.09523357650136531,0.4088704997907766,0.435
механические,38,словарь к 25,0.7410224218491567,0.07854443407977436,0.45913903995023714,0.6616666666666667
механические,38,словарь к 60,0.7266741386159783,0.10201457800901044,0.44532042141207534,0.5866666666666666
механические,38,все слова разные,0.7135944404331629,0.0943742418372342,0.42665630148261346,0.3499999999999999
механические,38,чужие хапаксы,0.7105176276239087,0.10490031777717514,0.4304771480069982,0.37833333333333335
механические,38,хапаксы одного домена,0.7128118568420346,0.1026393572886246,0.4318866320722998,0.39166666666666666
механические,38,20 чужих хапаксов,0.7266216725166794,0.09967765316578224,0.42474834810278445,0.38833333333333336
механические,38,маркер каждые 3,0.7436074328673516,0.10125566280196048,0.39079436408908347,0.47833333333333333
механические,38,без пунктуации,0.7471128045015627,0.078793239710982,0.4896599540079268,0.3666666666666667
механические,38,без служебных,0.7196856325121077,0.11172220941975758,0.4176686253100523,0.36999999999999994
механические,39,исходный,0.7391944279491823,0.09402558264849188,0.41412000871186844,0.3416666666666666
механические,39,перемешивание,0.7400059328511421,0.09486659785457846,0.4936374741713803,0.33
механические,39,эхо x2,0.7483070879348359,0.08041875387197656,0.3421445164493775,0.48500000000000004
механические,39,эхо x4,0.7903346551130377,0.07216656924323472,0.22760496943402606,0.6616666666666666
механические,39,эхо на четверти,0.7356903573420565,0.10226747694632643,0.38722364367845746,0.40166666666666667
механические,39,словарь к 25,0.7597945816887041,0.10273968594769761,0.4330788953753468,0.645
механические,39,словарь к 60,0.7287605647598113,0.11562147047664621,0.42059224590405603,0.5166666666666666
механические,39,все слова разные,0.7278431508020297,0.10414641610473867,0.4311519751014887,0.21333333333333335
механические,39,чужие хапаксы,0.7240993595178096,0.11895651119665451,0.43547629105021074,0.33
механические,39,хапаксы одного домена,0.729486163592318,0.10687669678677146,0.4332405321157755,0.35333333333333333
механические,39,20 чужих хапаксов,0.7340211322264009,0.10865733814653294,0.4077047739603153,0.3416666666666666
механические,39,маркер каждые 3,0.7700068176696387,0.09444392766653319,0.44516633271041656,0.45
механические,39,без пунктуации,0.7575748485482928,0.08735036960980828,0.4621620748271727,0.295
механические,39,без служебных,0.7233738868524279,0.10526351293272955,0.41719065829743024,0.3016666666666667
механические,40,исходный,0.7628457558852083,0.09309227531930318,0.4289476756454129,0.3
механические,40,перемешивание,0.747520189825123,0.09059420249065213,0.4613679597403782,0.3133333333333333
механические,40,эхо x2,0.770924788602032,0.07765645565839639,0.3679631618979771,0.4066666666666667
механические,40,эхо x4,0.801691168012967,0.07337625235500213,0.2651091653851454,0.58
механические,40,эхо на четверти,0.7675051225777353,0.08883143827606793,0.383627110508071,0.35833333333333334
механические,40,словарь к 25,0.7633045653747231,0.09651852473909817,0.4400507704571301,0.6966666666666667
механические,40,словарь к 60,0.7628434899479526,0.08747560423343577,0.4624843132865781,0.585
механические,40,все слова разные,0.7388828968930611,0.09722015536208299,0.42740932986443725,0.25833333333333336
механические,40,чужие хапаксы,0.7426058061721127,0.09548873039399013,0.42790195835300443,0.3116666666666667
механические,40,хапаксы одного домена,0.7481783069639283,0.09073907161458222,0.438172904589276,0.29666666666666663
механические,40,20 чужих хапаксов,0.7561058120624035,0.09631243381233077,0.4378812680377843,0.3116666666666667
механические,40,маркер каждые 3,0.7792429907549109,0.07489881839143413,0.4103517084863982,0.46166666666666667
механические,40,без пунктуации,0.7775478764648636,0.0836801526533169,0.45220447863454366,0.3166666666666667
механические,40,без служебных,0.747238542155637,0.09499390879876744,0.42482932867434675,0.22666666666666668
механические,41,исходный,0.7545177017565013,0.09692467231936046,0.4255167444678718,0.31833333333333336
механические,41,перемешивание,0.7406888371917884,0.11105268746157881,0.45783177123810753,0.325
механические,41,эхо x2,0.7800388213131807,0.08389277462765825,0.3737334132963976,0.45166666666666666
механические,41,эхо x4,0.7967504750680634,0.08726373141565437,0.25889110289200246,0.6366666666666666
механические,41,эхо на четверти,0.7574777984715659,0.09700622658078743,0.4064632463470959,0.375
механические,41,словарь к 25,0.7738392708569185,0.11580555399324215,0.4672092696631808,0.6283333333333333
механические,41,словарь к 60,0.771607164752737,0.10153577394358826,0.4655368085904406,0.5333333333333333
механические,41,все слова разные,0.738253737084427,0.09995166117181303,0.46395845610240966,0.275
механические,41,чужие хапаксы,0.7369637977302705,0.10581287063300214,0.45121427917543794,0.3
механические,41,хапаксы одного домена,0.7435583129790739,0.11061095896862738,0.4441062550360971,0.33
механические,41,20 чужих хапаксов,0.7387520733868315,0.10986810044397766,0.440647750656656,0.3133333333333333
механические,41,маркер каждые 3,0.7743015331659265,0.08066740804394634,0.4278596615697483,0.4633333333333334
механические,41,без пунктуации,0.7650291642081676,0.08059144064819306,0.4783525569933275,0.3116666666666667
механические,41,без служебных,0.737550790225234,0.10539573225693828,0.4369421150119274,0.25333333333333335
механические,42,исходный,0.7455166327938919,0.09784045788185285,0.4176069120163996,0.3566666666666667
механические,42,перемешивание,0.7514004816558639,0.08854513724557178,0.45501768103060464,0.3866666666666667
механические,42,эхо x2,0.7612308376915887,0.08847526768742377,0.38437860766805004,0.49333333333333335
механические,42,эхо x4,0.7830260299755271,0.08124272587757059,0.2688951225666068,0.6266666666666666
механические,42,эхо на четверти,0.7608119514559645,0.0927682124612718,0.39459070745096164,0.4266666666666667
механические,42,словарь к 25,0.7430690096760605,0.1134357595997461,0.43313120194509125,0.6416666666666666
механические,42,словарь к 60,0.7410400035266659,0.10426386777956353,0.4078579472283473,0.5383333333333334
механические,42,все слова разные,0.7329758644827159,0.09781515012152703,0.4339087056286646,0.23666666666666666
механические,42,чужие хапаксы,0.7370012839873105,0.1036248657791144,0.4270602827727896,0.3633333333333333
механические,42,хапаксы одного домена,0.7305978644929659,0.1153369873349435,0.42197060879549325,0.37666666666666665
механические,42,20 чужих хапаксов,0.7391878228909432,0.09630206848706184,0.42616255567102085,0.37000000000000005
механические,42,маркер каждые 3,0.7894091134394903,0.08747819449115336,0.4494220992549949,0.5066666666666667
механические,42,без пунктуации,0.7641696831537641,0.08198280571147452,0.46951588672890193,0.36999999999999994
механические,42,без служебных,0.7357529300125553,0.09461730899771187,0.4256643094035275,0.34
механические,43,исходный,0.73713263796909,0.12532330960715368,0.3703174465358385,0.315
механические,43,перемешивание,0.7493304659863943,0.08988686806573304,0.47811411715901125,0.31
механические,43,эхо x2,0.7539710208983937,0.08960810951514432,0.31588292184346384,0.4683333333333333
механические,43,эхо x4,0.7821241325775333,0.08965554772967772,0.2402190796345608,0.6716666666666667
механические,43,эхо на четверти,0.7369999686020304,0.1143694461929053,0.35973620877736795,0.36000000000000004
механические,43,словарь к 25,0.7656560169210804,0.116447962142179,0.43672901936695857,0.5816666666666667
механические,43,словарь к 60,0.7521512896867265,0.11411905020363912,0.44859865515276914,0.465
механические,43,все слова разные,0.7276365340748194,0.11252161875481696,0.4416538277637769,0.2383333333333333
механические,43,чужие хапаксы,0.7267968440420925,0.14182026975839462,0.40536885848355503,0.295
механические,43,хапаксы одного домена,0.7293863200741749,0.13672255732304114,0.3971564204002953,0.325
механические,43,20 чужих хапаксов,0.7328349564806582,0.12632978032634665,0.385636184390036,0.315
механические,43,маркер каждые 3,0.7767274746195265,0.08990417401480659,0.4246383624910584,0.44999999999999996
механические,43,без пунктуации,0.7601921855383078,0.10108016179810671,0.4316048851156491,0.2733333333333334
механические,43,без служебных,0.7150684437468223,0.13734330223168617,0.3847127940231005,0.305
механические,44,исходный,0.719222295942075,0.10231976698508416,0.4022240661082215,0.395
механические,44,перемешивание,0.730809317892909,0.08490458703923624,0.47239780220686534,0.42333333333333334
механические,44,эхо x2,0.754762185596619,0.0915739780205612,0.3817597582810395,0.5499999999999999
механические,44,эхо x4,0.7729693703558521,0.10998631038188116,0.2899984622312602,0.6766666666666667
механические,44,эхо на четверти,0.7416310120037907,0.09690261017492648,0.3935337964868772,0.48
механические,44,словарь к 25,0.7385451836326147,0.09027671499949276,0.4235069470728927,0.5933333333333333
механические,44,словарь к 60,0.7274248182889402,0.08838784394204303,0.4406133072446053,0.5566666666666668
механические,44,все слова разные,0.6869878164162353,0.1258280045407142,0.4108775865857204,0.36166666666666664
механические,44,чужие хапаксы,0.6890925544022067,0.11554767058361537,0.40089033488754017,0.41500000000000004
механические,44,хапаксы одного домена,0.7017743053260785,0.11071411906680534,0.4062458717445228,0.395
механические,44,20 чужих хапаксов,0.6958782521400367,0.1147980967160503,0.38815731205299514,0.4033333333333333
механические,44,маркер каждые 3,0.7665807533762887,0.08812042826551303,0.4023687009789965,0.52
механические,44,без пунктуации,0.7438037694197371,0.09702604712813394,0.46764031046869103,0.355
механические,44,без служебных,0.7026155201039209,0.0991371888929442,0.38048135798100075,0.41500000000000004
механические,45,исходный,0.7428821195100969,0.08375866940181842,0.3752823017453663,0.5216666666666666
механические,45,перемешивание,0.7340530845970897,0.08293851495029093,0.4901307334115573,0.5183333333333333
механические,45,эхо x2,0.7430732323428444,0.07092847411843778,0.31329530631400293,0.68
механические,45,эхо x4,0.7854206410170145,0.08689685989405195,0.27369813310866614,0.7566666666666667
механические,45,эхо на четверти,0.7357562342989649,0.08758362373610591,0.31871982096156953,0.6016666666666667
механические,45,словарь к 25,0.744264974277984,0.09011928432876225,0.3951671263242878,0.6616666666666667
механические,45,словарь к 60,0.7334096786611245,0.08383156941444987,0.36604733660981176,0.5583333333333333
механические,45,все слова разные,0.7017655337262042,0.10821011060685232,0.344592852586491,0.40499999999999997
механические,45,чужие хапаксы,0.7129469661129072,0.11218546474958258,0.37033228629222914,0.5083333333333333
механические,45,хапаксы одного домена,0.720706879925554,0.10016865628471693,0.37677860817554976,0.5333333333333333
механические,45,20 чужих хапаксов,0.7344600827853188,0.08890329489828785,0.3605310476174952,0.5299999999999999
механические,45,маркер каждые 3,0.7713258982705696,0.0876585940405112,0.3971716795117997,0.62
механические,45,без пунктуации,0.7606367358200165,0.08241739514173738,0.45364391091397066,0.4766666666666666
механические,45,без служебных,0.717608825901291,0.09891025732628171,0.3548182899439544,0.5116666666666666
механические,46,исходный,0.7600134677648525,0.08629620167477482,0.3977572265127362,0.385
механические,46,перемешивание,0.7285013846041499,0.0847190790131211,0.421658110137252,0.4000000000000001
механические,46,эхо x2,0.7552946032081204,0.08681299915392765,0.3450756282152852,0.505
механические,46,эхо x4,0.7860508015274688,0.08837613511458871,0.24649653374320088,0.6883333333333334
механические,46,эхо на четверти,0.7560967417447717,0.08628940415736215,0.36734637904834533,0.465
механические,46,словарь к 25,0.7516649828476237,0.08647929701801471,0.4318855019985774,0.715
механические,46,словарь к 60,0.7531311088456262,0.0771102058411003,0.42818359984756754,0.6083333333333334
механические,46,все слова разные,0.7261259372803419,0.09724821829936613,0.3706305501038483,0.27499999999999997
механические,46,чужие хапаксы,0.7172349093707332,0.09741664836990026,0.3823049216813394,0.3666666666666667
механические,46,хапаксы одного домена,0.7218306116486882,0.09412084186862879,0.37897969745998106,0.3466666666666667
механические,46,20 чужих хапаксов,0.7447230417031206,0.089240014774836,0.3848508325757331,0.38999999999999996
механические,46,маркер каждые 3,0.7634562106165625,0.08368901804665962,0.37468327156670084,0.4916666666666667
механические,46,без пунктуации,0.768613470107745,0.08096997172771155,0.4397792016834214,0.34
механические,46,без служебных,0.7397428343034967,0.08992483338833827,0.3629119025439243,0.3133333333333333
механические,47,исходный,0.7575026456760737,0.09306054752932151,0.3895125935435233,0.34
механические,47,перемешивание,0.7544483472702418,0.09133687707999873,0.4499443838040243,0.3666666666666667
механические,47,эхо x2,0.7730725587705288,0.09145405629984758,0.3235076132912063,0.5283333333333333
механические,47,эхо x4,0.8024841348343444,0.08798848673916589,0.2174927043205576,0.7283333333333334
механические,47,эхо на четверти,0.7538668511003545,0.0964618381881519,0.38675687117560287,0.39666666666666667
механические,47,словарь к 25,0.7687099581968204,0.08800535370585394,0.45538689668266247,0.6683333333333334
механические,47,словарь к 60,0.7693343377467042,0.09670438566250476,0.42838315460857407,0.5483333333333333
механические,47,все слова разные,0.731599589997379,0.1127771777198326,0.39798787333543006,0.25
механические,47,чужие хапаксы,0.746214228691947,0.11108834734446543,0.4164736242897515,0.34833333333333333
механические,47,хапаксы одного домена,0.7491877743074528,0.08708578765299894,0.4147286232452925,0.33666666666666667
механические,47,20 чужих хапаксов,0.752409338918585,0.09494740927670636,0.39582949534987977,0.375
механические,47,маркер каждые 3,0.7675681843907407,0.10216105214910493,0.37912662997579294,0.46166666666666667
механические,47,без пунктуации,0.7647288286944063,0.08054839110148085,0.4311155266487334,0.3416666666666666
механические,47,без служебных,0.7371826448980547,0.09423222205161919,0.4060285150441452,0.2966666666666667
механические,48,исходный,0.7566463164946127,0.09499809079919012,0.46191444012957095,0.3016666666666667
механические,48,перемешивание,0.7539590554369635,0.08441597849641147,0.49732058343619195,0.3133333333333333
механические,48,эхо x2,0.7750240609990561,0.08414266715511078,0.3732611532241616,0.4283333333333334
механические,48,эхо x4,0.7837241857197128,0.0750495200120083,0.2636943539605381,0.5483333333333333
механические,48,эхо на четверти,0.7525143583294289,0.09199238343933407,0.41716393080933617,0.3466666666666667
механические,48,словарь к 25,0.7460060229828231,0.09732301480953742,0.4204686291831643,0.6116666666666667
механические,48,словарь к 60,0.757382258774329,0.09356985853219361,0.4680898133200641,0.5099999999999999
механические,48,все слова разные,0.7448727491724597,0.10073529878500448,0.44463632704612216,0.215
механические,48,чужие хапаксы,0.74509361169456,0.10259872171306757,0.4547123144464515,0.31833333333333336
механические,48,хапаксы одного домена,0.7528525722468445,0.08925092178565042,0.46067215763361685,0.30833333333333335
механические,48,20 чужих хапаксов,0.7563252167025251,0.10078617647889916,0.44842373590738155,0.3
механические,48,маркер каждые 3,0.7541723573335952,0.10194759109263772,0.41334810293186947,0.3866666666666667
механические,48,без пунктуации,0.7708045559715794,0.09041965962514091,0.4802948897074509,0.2783333333333333
механические,48,без служебных,0.7470709522269869,0.09356488157508953,0.4476668920932922,0.26333333333333336
механические,49,исходный,0.7248701523153963,0.11583793473689781,0.3652517994414166,0.33666666666666667
механические,49,перемешивание,0.7034502554470402,0.10543875624063524,0.3756253984823977,0.35000000000000003
механические,49,эхо x2,0.7707649329474192,0.08660244418204721,0.3207609318861135,0.51
механические,49,эхо x4,0.7862393269858959,0.08279405696717371,0.2382081209684563,0.6766666666666667
механические,49,эхо на четверти,0.7405007059113228,0.103438719978496,0.34660146008395637,0.39666666666666667
механические,49,словарь к 25,0.7304855724510123,0.14190354187076226,0.3683631671182368,0.66
механические,49,словарь к 60,0.7309763725061428,0.11903018245626061,0.3989875477217843,0.5216666666666666
механические,49,все слова разные,0.6991256482147428,0.12231158848567336,0.3601804277546912,0.2233333333333333
механические,49,чужие хапаксы,0.7046584059160473,0.12173769069343561,0.36305772780699336,0.2933333333333333
механические,49,хапаксы одного домена,0.7042006195387494,0.13172244780186138,0.3756119536008831,0.28
механические,49,20 чужих хапаксов,0.7247069625898703,0.10632754732382159,0.36582706247271074,0.3016666666666667
механические,49,маркер каждые 3,0.7746849116449493,0.10144521724884692,0.3632030995357574,0.4483333333333333
механические,49,без пунктуации,0.7601118628157506,0.08490410932019953,0.46372841668156495,0.2866666666666667
механические,49,без служебных,0.7074324675374943,0.11326514699913844,0.3458377846908249,0.31
LLM,coling::dc12cc52-6173-4721-b8be-42699b3cf392,исходный,0.7727831697640616,0.08972118236048554,0.37599725768043796,0.32666666666666666
LLM,coling::dc12cc52-6173-4721-b8be-42699b3cf392,тема вписана,0.7779305459041796,0.08610796480397499,0.3993503378205965,0.33666666666666667
LLM,coling::dc12cc52-6173-4721-b8be-42699b3cf392,меньше мыслей,0.6775712091269658,0.16744607263130426,0.3068665357350672,0.45
LLM,coling::dc12cc52-6173-4721-b8be-42699b3cf392,одна тема,0.7739588227129189,0.09508791194266614,0.3992727055717646,0.42166666666666663
LLM,coling::dc12cc52-6173-4721-b8be-42699b3cf392,беднее словарь,0.7765493401088928,0.09133437166497942,0.3970181401638966,0.43333333333333335
LLM,coling::dc12cc52-6173-4721-b8be-42699b3cf392,без синонимов,0.7765385600648275,0.08936189272077978,0.39408300606631635,0.40166666666666667
LLM,coling::dc12cc52-6173-4721-b8be-42699b3cf392,термин в той же обёртке,0.7818015550022888,0.08928124991125351,0.38519868022077697,0.39333333333333337
LLM,coling::dc12cc52-6173-4721-b8be-42699b3cf392,каждое предложение о своём,0.769083698540422,0.0821233508923595,0.40114469462024077,0.20333333333333334
LLM,coling::dc12cc52-6173-4721-b8be-42699b3cf392,богаче словарь,0.7634809885495053,0.09096117298844288,0.366921943468796,0.24666666666666667
LLM,coling::dc12cc52-6173-4721-b8be-42699b3cf392,ни одного слова дважды,0.7692700075000126,0.08800237934228601,0.44206227676677784,0.25499999999999995
LLM,coling::dc12cc52-6173-4721-b8be-42699b3cf392,редкие синонимы,0.7762832768897266,0.08792291084527264,0.357794346885603,0.32
LLM,coling::dc12cc52-6173-4721-b8be-42699b3cf392,художественный стиль,0.7717100738793962,0.08911946490081707,0.39593765781173884,0.305
LLM,coling::dc12cc52-6173-4721-b8be-42699b3cf392,анафора,0.7381627089742603,0.08481614301686091,0.29862993751866357,0.4283333333333333
LLM,coling::dc12cc52-6173-4721-b8be-42699b3cf392,поле: значение,0.7036614294905,0.11927033263548982,0.32822808233006723,0.35666666666666663
LLM,coling::dc12cc52-6173-4721-b8be-42699b3cf392,перемешивание,0.737517976148732,0.088066871099738,0.45336091121108074,0.36333333333333334
LLM,coling::dc12cc52-6173-4721-b8be-42699b3cf392,чужие хапаксы,0.7239771545142709,0.09934557120898198,0.39173476125718554,0.35166666666666674
LLM,coling::7876816d-0ac2-4404-b2bf-deeaa0b7ea1d,исходный,0.7581177505670235,0.09655784942740786,0.36362819629964344,0.38166666666666665
LLM,coling::7876816d-0ac2-4404-b2bf-deeaa0b7ea1d,тема вписана,0.7586489603196025,0.08560960957832704,0.3978114779542614,0.36166666666666664
LLM,coling::7876816d-0ac2-4404-b2bf-deeaa0b7ea1d,меньше мыслей,0.7180263283965561,0.12985678963771854,0.33023819910971136,0.5133333333333333
LLM,coling::7876816d-0ac2-4404-b2bf-deeaa0b7ea1d,одна тема,0.7547917657610738,0.08949201701267862,0.3628684951348271,0.4000000000000001
LLM,coling::7876816d-0ac2-4404-b2bf-deeaa0b7ea1d,беднее словарь,0.7577424836416634,0.09715738147214807,0.36223657635397677,0.41500000000000004
LLM,coling::7876816d-0ac2-4404-b2bf-deeaa0b7ea1d,без синонимов,0.752040469764362,0.09670510630193208,0.34524658811544745,0.41
LLM,coling::7876816d-0ac2-4404-b2bf-deeaa0b7ea1d,термин в той же обёртке,0.7510146543748174,0.09063351250272256,0.35613141133062504,0.4183333333333333
LLM,coling::7876816d-0ac2-4404-b2bf-deeaa0b7ea1d,богаче словарь,0.746543185809986,0.10774211101772596,0.3821375015518311,0.285
LLM,coling::7876816d-0ac2-4404-b2bf-deeaa0b7ea1d,ни одного слова дважды,0.7524388887954547,0.09480140326966269,0.3811764392568851,0.27166666666666667
LLM,coling::7876816d-0ac2-4404-b2bf-deeaa0b7ea1d,редкие синонимы,0.765028743077222,0.09668087439097132,0.3708445120466217,0.3566666666666667
LLM,coling::7876816d-0ac2-4404-b2bf-deeaa0b7ea1d,художественный стиль,0.7540438582618966,0.08908053195937395,0.40381655757533275,0.3116666666666667
LLM,coling::7876816d-0ac2-4404-b2bf-deeaa0b7ea1d,анафора,0.7626681293469132,0.08398637613095251,0.3395270952854576,0.4183333333333333
LLM,coling::7876816d-0ac2-4404-b2bf-deeaa0b7ea1d,поле: значение,0.7333999700624135,0.10367435669660519,0.33388180953421864,0.33166666666666667
LLM,coling::7876816d-0ac2-4404-b2bf-deeaa0b7ea1d,перемешивание,0.7549621055461398,0.09157011790285936,0.4404637384678393,0.40666666666666673
LLM,coling::7876816d-0ac2-4404-b2bf-deeaa0b7ea1d,чужие хапаксы,0.7472157412939525,0.0961758053066762,0.390293725873238,0.37666666666666665
LLM,coling::1a16d27a-89fc-4df9-8b4f-cf2532a8cec8,исходный,0.7630046281997958,0.09951250591269056,0.3584229413045636,0.35833333333333334
LLM,coling::1a16d27a-89fc-4df9-8b4f-cf2532a8cec8,тема вписана,0.754345774040947,0.1047949568305964,0.4036502808160174,0.3216666666666667
LLM,coling::1a16d27a-89fc-4df9-8b4f-cf2532a8cec8,меньше мыслей,0.686402539071072,0.14713723302000983,0.2672961148760513,0.6166666666666667
LLM,coling::1a16d27a-89fc-4df9-8b4f-cf2532a8cec8,одна тема,0.7464532758975672,0.09144484940619746,0.3892333819915093,0.4183333333333333
LLM,coling::1a16d27a-89fc-4df9-8b4f-cf2532a8cec8,беднее словарь,0.7617484719335984,0.1030175884914663,0.36369071243971884,0.37333333333333335
LLM,coling::1a16d27a-89fc-4df9-8b4f-cf2532a8cec8,без синонимов,0.7547175764349232,0.08910439747963901,0.39337785281711285,0.37333333333333335
LLM,coling::1a16d27a-89fc-4df9-8b4f-cf2532a8cec8,термин в той же обёртке,0.7209039622311396,0.08679929684931059,0.2866051789295828,0.4883333333333333
LLM,coling::1a16d27a-89fc-4df9-8b4f-cf2532a8cec8,каждое предложение о своём,0.7473597158235852,0.09236744342026637,0.4044215897546209,0.18833333333333332
LLM,coling::1a16d27a-89fc-4df9-8b4f-cf2532a8cec8,богаче словарь,0.7573059345276626,0.11161193081015675,0.34961328805747804,0.3
LLM,coling::1a16d27a-89fc-4df9-8b4f-cf2532a8cec8,ни одного слова дважды,0.7558848714942511,0.10878371758841883,0.4003694834700897,0.3466666666666667
LLM,coling::1a16d27a-89fc-4df9-8b4f-cf2532a8cec8,редкие синонимы,0.7634785012106257,0.09839129590745078,0.3774286988738029,0.3516666666666666
LLM,coling::1a16d27a-89fc-4df9-8b4f-cf2532a8cec8,художественный стиль,0.754550169405241,0.09331942594336151,0.3947504409625337,0.29666666666666663
LLM,coling::1a16d27a-89fc-4df9-8b4f-cf2532a8cec8,анафора,0.739464501091429,0.0824041842753182,0.3450081149299366,0.45333333333333337
LLM,coling::1a16d27a-89fc-4df9-8b4f-cf2532a8cec8,поле: значение,0.7200116651348315,0.10782711685099618,0.3522020891637359,0.34833333333333333
LLM,coling::1a16d27a-89fc-4df9-8b4f-cf2532a8cec8,перемешивание,0.75478209226667,0.0799707325512651,0.4480379854342143,0.36833333333333335
LLM,coling::1a16d27a-89fc-4df9-8b4f-cf2532a8cec8,чужие хапаксы,0.7354628895718954,0.09853290882171911,0.4195213784649326,0.37833333333333335
LLM,coling::2e921a31-8ffa-4c78-8c4d-ef7e72432bc8,исходный,0.7539609723406353,0.1026996841643445,0.413084807645079,0.38000000000000006
LLM,coling::2e921a31-8ffa-4c78-8c4d-ef7e72432bc8,тема вписана,0.74920214789473,0.09568154491353552,0.44941610319119096,0.3016666666666667
LLM,coling::2e921a31-8ffa-4c78-8c4d-ef7e72432bc8,меньше мыслей,0.6866175107650113,0.12768945884281477,0.3512275980929518,0.3566666666666667
LLM,coling::2e921a31-8ffa-4c78-8c4d-ef7e72432bc8,одна тема,0.7523803550488369,0.10129710487774642,0.41232991525103707,0.38833333333333336
LLM,coling::2e921a31-8ffa-4c78-8c4d-ef7e72432bc8,беднее словарь,0.7424092998786058,0.10131534922257403,0.42069047911381025,0.42333333333333334
LLM,coling::2e921a31-8ffa-4c78-8c4d-ef7e72432bc8,без синонимов,0.7390677531341824,0.09855266232803979,0.42120783862443795,0.4283333333333333
LLM,coling::2e921a31-8ffa-4c78-8c4d-ef7e72432bc8,термин в той же обёртке,0.7132432678824311,0.10357824383277509,0.3561581694333776,0.44999999999999996
LLM,coling::2e921a31-8ffa-4c78-8c4d-ef7e72432bc8,богаче словарь,0.7425829493271121,0.10360091291930891,0.41671641973483736,0.33
LLM,coling::2e921a31-8ffa-4c78-8c4d-ef7e72432bc8,ни одного слова дважды,0.7444473684267464,0.1043231522362583,0.4125644698367817,0.3233333333333333
LLM,coling::2e921a31-8ffa-4c78-8c4d-ef7e72432bc8,редкие синонимы,0.7494072913511771,0.10663148259444853,0.4300564201812331,0.38166666666666665
LLM,coling::2e921a31-8ffa-4c78-8c4d-ef7e72432bc8,художественный стиль,0.7420484023547513,0.09319530699567068,0.4160527376426246,0.29
LLM,coling::2e921a31-8ffa-4c78-8c4d-ef7e72432bc8,анафора,0.7157482436901331,0.09251793538980613,0.3340490261125755,0.4466666666666667
LLM,coling::2e921a31-8ffa-4c78-8c4d-ef7e72432bc8,поле: значение,0.6967215274089472,0.10567889332173719,0.3193303753420603,0.40833333333333327
LLM,coling::2e921a31-8ffa-4c78-8c4d-ef7e72432bc8,перемешивание,0.7464600849721847,0.09725958178965326,0.45523863681617577,0.4083333333333334
LLM,coling::2e921a31-8ffa-4c78-8c4d-ef7e72432bc8,чужие хапаксы,0.7292175415249745,0.12426693996493991,0.40976669106455327,0.3866666666666667
LLM,coling::28a6b262-a893-4fcb-a538-fc9aa5adc135,исходный,0.7506781650723845,0.1017710542303293,0.3546043484538677,0.32166666666666666
LLM,coling::28a6b262-a893-4fcb-a538-fc9aa5adc135,тема вписана,0.7532035462512496,0.1098597093314832,0.390248372875021,0.315
LLM,coling::28a6b262-a893-4fcb-a538-fc9aa5adc135,меньше мыслей,0.74897876519166,0.10983483478148302,0.3648535799368888,0.30666666666666664
LLM,coling::28a6b262-a893-4fcb-a538-fc9aa5adc135,одна тема,0.7308663064580999,0.12229137201954617,0.34006735707237806,0.3516666666666666
LLM,coling::28a6b262-a893-4fcb-a538-fc9aa5adc135,без синонимов,0.7344165760483161,0.10442761926220574,0.3287281532608663,0.35333333333333333
LLM,coling::28a6b262-a893-4fcb-a538-fc9aa5adc135,термин в той же обёртке,0.739929260006566,0.10609011694849817,0.3305000942039496,0.35666666666666663
LLM,coling::28a6b262-a893-4fcb-a538-fc9aa5adc135,каждое предложение о своём,0.7364805865505336,0.10681701750343299,0.3927457594170957,0.22999999999999998
LLM,coling::28a6b262-a893-4fcb-a538-fc9aa5adc135,богаче словарь,0.7462885198724617,0.10469551746249588,0.33102242932693077,0.265
LLM,coling::28a6b262-a893-4fcb-a538-fc9aa5adc135,ни одного слова дважды,0.7492935648413965,0.10382873813479772,0.3507498149635417,0.26
LLM,coling::28a6b262-a893-4fcb-a538-fc9aa5adc135,редкие синонимы,0.7457120683285913,0.10762447347781272,0.35904455253667383,0.315
LLM,coling::28a6b262-a893-4fcb-a538-fc9aa5adc135,художественный стиль,0.7281360491541027,0.1150518434660985,0.37628804492057416,0.2816666666666667
LLM,coling::28a6b262-a893-4fcb-a538-fc9aa5adc135,анафора,0.7401361791545997,0.11175656974202071,0.32488531839822093,0.3866666666666667
LLM,coling::28a6b262-a893-4fcb-a538-fc9aa5adc135,поле: значение,0.7154226373575593,0.12502305799231728,0.3238999967229617,0.3033333333333333
LLM,coling::28a6b262-a893-4fcb-a538-fc9aa5adc135,перемешивание,0.7372382601799222,0.09707353114494437,0.4204719730391198,0.31
LLM,coling::28a6b262-a893-4fcb-a538-fc9aa5adc135,чужие хапаксы,0.7326860663423741,0.10996233639121288,0.3617701384863212,0.355
LLM,coling::efafda31-a3f3-48d6-9d8f-b2b5d4b1143b,исходный,0.7552202551375459,0.10091531781648568,0.361677218851225,0.365
LLM,coling::efafda31-a3f3-48d6-9d8f-b2b5d4b1143b,меньше мыслей,0.6481186407761316,0.14936312963122755,0.2718656147200554,0.6383333333333333
LLM,coling::efafda31-a3f3-48d6-9d8f-b2b5d4b1143b,одна тема,0.7477078191166179,0.10470129417368335,0.3814781803822842,0.41333333333333333
LLM,coling::efafda31-a3f3-48d6-9d8f-b2b5d4b1143b,беднее словарь,0.7607549780757744,0.09903605198027633,0.38044937460985656,0.41
LLM,coling::efafda31-a3f3-48d6-9d8f-b2b5d4b1143b,термин в той же обёртке,0.7581182248011104,0.1010432122312303,0.34820124192244856,0.39666666666666667
LLM,coling::efafda31-a3f3-48d6-9d8f-b2b5d4b1143b,каждое предложение о своём,0.7523767700874718,0.08116481820233025,0.3914792130414077,0.17499999999999996
LLM,coling::efafda31-a3f3-48d6-9d8f-b2b5d4b1143b,богаче словарь,0.7583540138010515,0.08895476321497131,0.3455137677940761,0.24166666666666667
LLM,coling::efafda31-a3f3-48d6-9d8f-b2b5d4b1143b,редкие синонимы,0.7506185436112416,0.11479898343299853,0.3571681961854871,0.3333333333333333
LLM,coling::efafda31-a3f3-48d6-9d8f-b2b5d4b1143b,художественный стиль,0.7562104248776302,0.0867799692409701,0.3958403713583343,0.2933333333333333
LLM,coling::efafda31-a3f3-48d6-9d8f-b2b5d4b1143b,анафора,0.7358080230889966,0.10254319707373287,0.28470675105456017,0.4266666666666667
LLM,coling::efafda31-a3f3-48d6-9d8f-b2b5d4b1143b,поле: значение,0.7342217298066851,0.10120779575781368,0.3594772032222791,0.35833333333333334
LLM,coling::efafda31-a3f3-48d6-9d8f-b2b5d4b1143b,перемешивание,0.7443814953101041,0.08505115603049355,0.4407060786941365,0.38833333333333336
LLM,coling::efafda31-a3f3-48d6-9d8f-b2b5d4b1143b,чужие хапаксы,0.736124205267422,0.11377745397533201,0.38926571709178787,0.36000000000000004
LLM,coling::f4961832-eeb4-41fc-8a64-82c3010783ae,исходный,0.7630942520016119,0.08655678727015875,0.4429126786488933,0.3016666666666667
LLM,coling::f4961832-eeb4-41fc-8a64-82c3010783ae,тема вписана,0.7599162070990682,0.08723736369246955,0.4611963797533316,0.29
LLM,coling::f4961832-eeb4-41fc-8a64-82c3010783ae,меньше мыслей,0.7214536280912349,0.10789454805674491,0.334037843851787,0.53
LLM,coling::f4961832-eeb4-41fc-8a64-82c3010783ae,одна тема,0.7602348070649131,0.09588309041936498,0.4220807489440131,0.27666666666666667
LLM,coling::f4961832-eeb4-41fc-8a64-82c3010783ae,беднее словарь,0.7580717928421099,0.09557721328536319,0.42473044544343636,0.3366666666666666
LLM,coling::f4961832-eeb4-41fc-8a64-82c3010783ae,без синонимов,0.7244317309562667,0.10078226387631223,0.3948987770538294,0.34166666666666673
LLM,coling::f4961832-eeb4-41fc-8a64-82c3010783ae,термин в той же обёртке,0.7372314173398742,0.09861400809495784,0.4028320661709969,0.3133333333333333
LLM,coling::f4961832-eeb4-41fc-8a64-82c3010783ae,богаче словарь,0.758781019263045,0.08902697175186654,0.4419644431944625,0.25833333333333336
LLM,coling::f4961832-eeb4-41fc-8a64-82c3010783ae,ни одного слова дважды,0.7571614082583425,0.08951579522377773,0.4419492714619231,0.305
LLM,coling::f4961832-eeb4-41fc-8a64-82c3010783ae,редкие синонимы,0.7588057370993185,0.0910056806727552,0.4394297648037575,0.265
LLM,coling::f4961832-eeb4-41fc-8a64-82c3010783ae,художественный стиль,0.7407370404019252,0.09405473701923922,0.40855293958531225,0.22833333333333336
LLM,coling::f4961832-eeb4-41fc-8a64-82c3010783ae,анафора,0.7249358141785737,0.08714657400556654,0.3425736029478939,0.36166666666666664
LLM,coling::f4961832-eeb4-41fc-8a64-82c3010783ae,поле: значение,0.6982656440507409,0.11268448809068339,0.3302982898860338,0.3433333333333333
LLM,coling::f4961832-eeb4-41fc-8a64-82c3010783ae,перемешивание,0.750389187813521,0.08656010224488286,0.4896182347939202,0.3033333333333333
LLM,coling::f4961832-eeb4-41fc-8a64-82c3010783ae,чужие хапаксы,0.7409979941033905,0.09781027830947837,0.4503675642018459,0.2833333333333334
LLM,coling::2b392f9b-db4c-468a-bf65-fc00202e096d,исходный,0.7452388787040681,0.1036080359697625,0.40059672399859675,0.34
LLM,coling::2b392f9b-db4c-468a-bf65-fc00202e096d,тема вписана,0.7586061156763542,0.10213717050945632,0.4164976497348996,0.3333333333333333
LLM,coling::2b392f9b-db4c-468a-bf65-fc00202e096d,меньше мыслей,0.6992651544134739,0.11880609666003916,0.2621514954062815,0.49499999999999994
LLM,coling::2b392f9b-db4c-468a-bf65-fc00202e096d,одна тема,0.7568173714881592,0.09010732987960283,0.33942982982054715,0.43166666666666664
LLM,coling::2b392f9b-db4c-468a-bf65-fc00202e096d,беднее словарь,0.7498826989833697,0.10795334036523287,0.39255154282991106,0.3383333333333334
LLM,coling::2b392f9b-db4c-468a-bf65-fc00202e096d,без синонимов,0.7445412994364934,0.1073200185309763,0.36086011650206506,0.38999999999999996
LLM,coling::2b392f9b-db4c-468a-bf65-fc00202e096d,термин в той же обёртке,0.7506647683757852,0.11701760550231725,0.3603658496092878,0.3833333333333333
LLM,coling::2b392f9b-db4c-468a-bf65-fc00202e096d,каждое предложение о своём,0.7389351382842335,0.09910307050529898,0.39179047850803156,0.20833333333333334
LLM,coling::2b392f9b-db4c-468a-bf65-fc00202e096d,богаче словарь,0.748770510520111,0.10175135029251592,0.4020719997147843,0.24
LLM,coling::2b392f9b-db4c-468a-bf65-fc00202e096d,ни одного слова дважды,0.7486096793930628,0.11180793432280774,0.39950308057734624,0.23166666666666666
LLM,coling::2b392f9b-db4c-468a-bf65-fc00202e096d,редкие синонимы,0.7503906434870485,0.107115636086903,0.3974600630984922,0.3233333333333333
LLM,coling::2b392f9b-db4c-468a-bf65-fc00202e096d,художественный стиль,0.7542443348981638,0.09664037364915662,0.39264007990781424,0.27166666666666667
LLM,coling::2b392f9b-db4c-468a-bf65-fc00202e096d,анафора,0.7087018706947141,0.10268430261480364,0.3012673362026557,0.435
LLM,coling::2b392f9b-db4c-468a-bf65-fc00202e096d,поле: значение,0.7185795495053585,0.11742709922705798,0.30458574550451717,0.33
LLM,coling::2b392f9b-db4c-468a-bf65-fc00202e096d,перемешивание,0.7184952671258258,0.09945817751111642,0.4444064336201157,0.33
LLM,coling::2b392f9b-db4c-468a-bf65-fc00202e096d,чужие хапаксы,0.7156992631061629,0.10662622941559934,0.4050164450634081,0.35000000000000003
LLM,coling::3bec38ad-9c98-4004-95a3-5b24858e7401,исходный,0.761564834899743,0.0928888115586722,0.44510707621233275,0.3499999999999999
LLM,coling::3bec38ad-9c98-4004-95a3-5b24858e7401,тема вписана,0.7567198107725108,0.09117545907718132,0.44208027583730974,0.3433333333333333
LLM,coling::3bec38ad-9c98-4004-95a3-5b24858e7401,меньше мыслей,0.7298282020105198,0.0870020041012299,0.35668361269449894,0.48
LLM,coling::3bec38ad-9c98-4004-95a3-5b24858e7401,одна тема,0.751431272749172,0.08630341184640396,0.4122497792167084,0.41333333333333333
LLM,coling::3bec38ad-9c98-4004-95a3-5b24858e7401,беднее словарь,0.758998584708099,0.09182577474908556,0.44715787112434646,0.37666666666666665
LLM,coling::3bec38ad-9c98-4004-95a3-5b24858e7401,без синонимов,0.7704387789812864,0.07880255465925233,0.46601053611470783,0.34
LLM,coling::3bec38ad-9c98-4004-95a3-5b24858e7401,термин в той же обёртке,0.7562481333996437,0.0926256266171162,0.4342701912533348,0.3466666666666667
LLM,coling::3bec38ad-9c98-4004-95a3-5b24858e7401,богаче словарь,0.7539067394815074,0.09048165406522342,0.4369517911496801,0.315
LLM,coling::3bec38ad-9c98-4004-95a3-5b24858e7401,ни одного слова дважды,0.7509694312513379,0.09345730512427651,0.4340652408299679,0.33666666666666667
LLM,coling::3bec38ad-9c98-4004-95a3-5b24858e7401,редкие синонимы,0.7555666929605466,0.09242516845455682,0.4391639503169515,0.315
LLM,coling::3bec38ad-9c98-4004-95a3-5b24858e7401,художественный стиль,0.7699215542151382,0.09379431569162378,0.4228646088561372,0.215
LLM,coling::3bec38ad-9c98-4004-95a3-5b24858e7401,анафора,0.7390440652332432,0.09489579412520037,0.3568013846690814,0.38999999999999996
LLM,coling::3bec38ad-9c98-4004-95a3-5b24858e7401,поле: значение,0.6808452328472762,0.12291362892421835,0.2622451105035273,0.3516666666666666
LLM,coling::3bec38ad-9c98-4004-95a3-5b24858e7401,перемешивание,0.7459490122947953,0.0776797038648302,0.47301986388815037,0.34
LLM,coling::3bec38ad-9c98-4004-95a3-5b24858e7401,чужие хапаксы,0.7369510692170058,0.10696170514357377,0.4397049788381518,0.31833333333333336
LLM,coling::365ba259-c2eb-480e-84d9-eab251a43b47,исходный,0.7532380020530615,0.1013227283410893,0.4416413127139505,0.34
LLM,coling::365ba259-c2eb-480e-84d9-eab251a43b47,тема вписана,0.7547472268448665,0.09044284697126144,0.45034901399889193,0.28833333333333333
LLM,coling::365ba259-c2eb-480e-84d9-eab251a43b47,беднее словарь,0.7592339880652962,0.07876989666902556,0.4321617765165178,0.355
LLM,coling::365ba259-c2eb-480e-84d9-eab251a43b47,без синонимов,0.7566518455371779,0.09289167306374435,0.39655932460456444,0.39666666666666667
LLM,coling::365ba259-c2eb-480e-84d9-eab251a43b47,термин в той же обёртке,0.7528162505794241,0.09879784989208396,0.44520314072529005,0.315
LLM,coling::365ba259-c2eb-480e-84d9-eab251a43b47,богаче словарь,0.7415318586102854,0.09745791739991218,0.4062273988948084,0.165
LLM,coling::365ba259-c2eb-480e-84d9-eab251a43b47,ни одного слова дважды,0.7577911944809274,0.09524024315089263,0.4141018963503708,0.17666666666666667
LLM,coling::365ba259-c2eb-480e-84d9-eab251a43b47,редкие синонимы,0.7510803879670817,0.08979460412345319,0.44453751877514414,0.3033333333333333
LLM,coling::365ba259-c2eb-480e-84d9-eab251a43b47,художественный стиль,0.7549321336336595,0.09087252138956263,0.401874631840404,0.225
LLM,coling::365ba259-c2eb-480e-84d9-eab251a43b47,анафора,0.6989544791229183,0.09086081098148062,0.3031972174343555,0.4566666666666667
LLM,coling::365ba259-c2eb-480e-84d9-eab251a43b47,поле: значение,0.6997266759916135,0.11443563978892428,0.31906324267814007,0.31666666666666665
LLM,coling::365ba259-c2eb-480e-84d9-eab251a43b47,перемешивание,0.7431212908030682,0.08610514836355347,0.4664221733423435,0.3216666666666667
LLM,coling::365ba259-c2eb-480e-84d9-eab251a43b47,чужие хапаксы,0.720240362150257,0.10633867645377838,0.42425851516709284,0.3383333333333334
LLM,coling::17ad7e76-2fa1-4c9b-a42b-44a53287fb2e,исходный,0.749026996692766,0.09448237767701549,0.42779826138217253,0.30833333333333335
LLM,coling::17ad7e76-2fa1-4c9b-a42b-44a53287fb2e,тема вписана,0.7566675747706766,0.09407399695211087,0.42978446774957896,0.3333333333333333
LLM,coling::17ad7e76-2fa1-4c9b-a42b-44a53287fb2e,меньше мыслей,0.7379182497718949,0.0919430655298038,0.34283178913218815,0.49666666666666665
LLM,coling::17ad7e76-2fa1-4c9b-a42b-44a53287fb2e,одна тема,0.7585208783210516,0.08323567010216283,0.4228054792243529,0.36000000000000004
LLM,coling::17ad7e76-2fa1-4c9b-a42b-44a53287fb2e,беднее словарь,0.7536533401137229,0.08621270037764216,0.43539021438386943,0.33
LLM,coling::17ad7e76-2fa1-4c9b-a42b-44a53287fb2e,без синонимов,0.7511089949846478,0.09443618345129727,0.4205036346881184,0.3283333333333333
LLM,coling::17ad7e76-2fa1-4c9b-a42b-44a53287fb2e,термин в той же обёртке,0.7572380128987525,0.0941675350702798,0.43433094759594404,0.34166666666666673
LLM,coling::17ad7e76-2fa1-4c9b-a42b-44a53287fb2e,богаче словарь,0.7433471031105529,0.09754096711038379,0.4281685535353179,0.24166666666666667
LLM,coling::17ad7e76-2fa1-4c9b-a42b-44a53287fb2e,ни одного слова дважды,0.7552008637530202,0.08817551846524663,0.4561869980281998,0.2866666666666666
LLM,coling::17ad7e76-2fa1-4c9b-a42b-44a53287fb2e,редкие синонимы,0.7493607487159606,0.09635211830881561,0.4251085725071451,0.2933333333333333
LLM,coling::17ad7e76-2fa1-4c9b-a42b-44a53287fb2e,художественный стиль,0.7694479428667146,0.09857109028173862,0.4453378287241339,0.2933333333333334
LLM,coling::17ad7e76-2fa1-4c9b-a42b-44a53287fb2e,анафора,0.7066274176482653,0.09912707438583251,0.33817052251523094,0.41333333333333333
LLM,coling::17ad7e76-2fa1-4c9b-a42b-44a53287fb2e,поле: значение,0.702468181252434,0.12023112371771265,0.30655138723656306,0.325
LLM,coling::17ad7e76-2fa1-4c9b-a42b-44a53287fb2e,перемешивание,0.7534951806876623,0.08740936648269317,0.4646179061610305,0.3066666666666667
LLM,coling::17ad7e76-2fa1-4c9b-a42b-44a53287fb2e,чужие хапаксы,0.7217431981313109,0.11456070766213335,0.4270879646538453,0.3216666666666667
LLM,coling::bd4df89c-701f-407b-9fc6-2c51aa5be36c,исходный,0.7639134584272992,0.09418482167777992,0.4365115207077417,0.26
LLM,coling::bd4df89c-701f-407b-9fc6-2c51aa5be36c,меньше мыслей,0.7558937288427532,0.09526360995723554,0.4247948688887418,0.3466666666666667
LLM,coling::bd4df89c-701f-407b-9fc6-2c51aa5be36c,одна тема,0.7661649928380863,0.09822737780005081,0.43810347334772254,0.2783333333333333
LLM,coling::bd4df89c-701f-407b-9fc6-2c51aa5be36c,беднее словарь,0.7630192506283112,0.09382981271576372,0.45363235606890245,0.3233333333333333
LLM,coling::bd4df89c-701f-407b-9fc6-2c51aa5be36c,термин в той же обёртке,0.7670045745659598,0.0990134020146244,0.41323197438397274,0.32666666666666666
LLM,coling::bd4df89c-701f-407b-9fc6-2c51aa5be36c,богаче словарь,0.7592080270327107,0.09940645511149371,0.43018447393444803,0.285
LLM,coling::bd4df89c-701f-407b-9fc6-2c51aa5be36c,редкие синонимы,0.7526614896284683,0.09360741178055794,0.4433139481494425,0.25333333333333335
LLM,coling::bd4df89c-701f-407b-9fc6-2c51aa5be36c,художественный стиль,0.7660802426304567,0.09299637152648986,0.4497221939509061,0.27499999999999997
LLM,coling::bd4df89c-701f-407b-9fc6-2c51aa5be36c,анафора,0.7284367272691615,0.08692042658913961,0.33859104521284883,0.38166666666666665
LLM,coling::bd4df89c-701f-407b-9fc6-2c51aa5be36c,поле: значение,0.7060808988765698,0.11390882417484473,0.36690732793855885,0.295
LLM,coling::bd4df89c-701f-407b-9fc6-2c51aa5be36c,перемешивание,0.7296105465916206,0.09701199559621311,0.44007543276165967,0.26333333333333336
LLM,coling::bd4df89c-701f-407b-9fc6-2c51aa5be36c,чужие хапаксы,0.7319349239346774,0.10415010628072797,0.4289900114618175,0.26
LLM,coling::4b504a77-e4f6-447f-996a-b39d54b5c54c,исходный,0.7458751564334597,0.09551123004514228,0.4329727212733996,0.3116666666666667
LLM,coling::4b504a77-e4f6-447f-996a-b39d54b5c54c,тема вписана,0.7443645040466506,0.10125578675238134,0.4289645572587315,0.2833333333333334
LLM,coling::4b504a77-e4f6-447f-996a-b39d54b5c54c,меньше мыслей,0.713980386229709,0.12349911785929407,0.33753506135775474,0.42166666666666663
LLM,coling::4b504a77-e4f6-447f-996a-b39d54b5c54c,одна тема,0.7335335536859012,0.10086608896508481,0.3812372635360419,0.34500000000000003
LLM,coling::4b504a77-e4f6-447f-996a-b39d54b5c54c,беднее словарь,0.7360562367785403,0.10684881600792066,0.4012164808158441,0.34
LLM,coling::4b504a77-e4f6-447f-996a-b39d54b5c54c,без синонимов,0.721090388848222,0.10351015409107579,0.3724277440628581,0.37166666666666665
LLM,coling::4b504a77-e4f6-447f-996a-b39d54b5c54c,термин в той же обёртке,0.731542511346432,0.10671025832628002,0.3481835662458626,0.35833333333333334
LLM,coling::4b504a77-e4f6-447f-996a-b39d54b5c54c,каждое предложение о своём,0.7494492833766898,0.08716924032090256,0.4331143376093412,0.18666666666666668
LLM,coling::4b504a77-e4f6-447f-996a-b39d54b5c54c,богаче словарь,0.7382072691151743,0.11039577381208847,0.42411329722111585,0.24333333333333332
LLM,coling::4b504a77-e4f6-447f-996a-b39d54b5c54c,ни одного слова дважды,0.7377980907884916,0.1034138689297364,0.41960175743757705,0.26333333333333336
LLM,coling::4b504a77-e4f6-447f-996a-b39d54b5c54c,редкие синонимы,0.7464495171270005,0.0980054563150362,0.4061552453058956,0.295
LLM,coling::4b504a77-e4f6-447f-996a-b39d54b5c54c,художественный стиль,0.741034867172929,0.09440254290503736,0.41166647037491727,0.285
LLM,coling::4b504a77-e4f6-447f-996a-b39d54b5c54c,анафора,0.716602413462613,0.10530667289160715,0.3666580379062827,0.315
LLM,coling::4b504a77-e4f6-447f-996a-b39d54b5c54c,поле: значение,0.7085129997525459,0.11416250360772573,0.3086217684138957,0.3133333333333333
LLM,coling::4b504a77-e4f6-447f-996a-b39d54b5c54c,перемешивание,0.7398371254885273,0.08206752977104265,0.4566630837391159,0.3016666666666667
LLM,coling::4b504a77-e4f6-447f-996a-b39d54b5c54c,чужие хапаксы,0.7347967006351511,0.11045369057453543,0.4199857904434232,0.27166666666666667
LLM,coling::ef2146c2-c9fe-4563-b26a-b39f1bb94bdd,исходный,0.7456883285170254,0.09819816353919943,0.4098827946123839,0.34333333333333327
LLM,coling::ef2146c2-c9fe-4563-b26a-b39f1bb94bdd,тема вписана,0.7603735609033917,0.10112863257230047,0.4338041708721166,0.3316666666666666
LLM,coling::ef2146c2-c9fe-4563-b26a-b39f1bb94bdd,меньше мыслей,0.726902448247207,0.1141830297440562,0.33434187950523175,0.6183333333333333
LLM,coling::ef2146c2-c9fe-4563-b26a-b39f1bb94bdd,одна тема,0.7453756111081334,0.10713513633038789,0.4147904513692559,0.375
LLM,coling::ef2146c2-c9fe-4563-b26a-b39f1bb94bdd,беднее словарь,0.7609170648479123,0.09531314707013411,0.4043175563376669,0.43166666666666664
LLM,coling::ef2146c2-c9fe-4563-b26a-b39f1bb94bdd,без синонимов,0.720046895688525,0.09301833016269452,0.37602257641070924,0.45333333333333337
LLM,coling::ef2146c2-c9fe-4563-b26a-b39f1bb94bdd,каждое предложение о своём,0.7533093076259197,0.0909364574869496,0.42527195065373763,0.255
LLM,coling::ef2146c2-c9fe-4563-b26a-b39f1bb94bdd,богаче словарь,0.7440807461899563,0.1018525543493403,0.40784703424842855,0.3233333333333333
LLM,coling::ef2146c2-c9fe-4563-b26a-b39f1bb94bdd,ни одного слова дважды,0.7517360283072705,0.11209847511438663,0.38185907631779825,0.2916666666666667
LLM,coling::ef2146c2-c9fe-4563-b26a-b39f1bb94bdd,редкие синонимы,0.7462707241381952,0.10787046891471856,0.4216748082118753,0.3383333333333334
LLM,coling::ef2146c2-c9fe-4563-b26a-b39f1bb94bdd,художественный стиль,0.7417693275170545,0.09258515211518624,0.4229846053429534,0.24500000000000002
LLM,coling::ef2146c2-c9fe-4563-b26a-b39f1bb94bdd,анафора,0.7185101471384989,0.10837190034436796,0.33539522135731187,0.3466666666666667
LLM,coling::ef2146c2-c9fe-4563-b26a-b39f1bb94bdd,поле: значение,0.7167257159255392,0.12669531326391945,0.3515308121606752,0.40166666666666667
LLM,coling::ef2146c2-c9fe-4563-b26a-b39f1bb94bdd,перемешивание,0.7467016558343835,0.08473557991303982,0.4639339793072463,0.37833333333333335
LLM,coling::ef2146c2-c9fe-4563-b26a-b39f1bb94bdd,чужие хапаксы,0.7351488512506039,0.1048162025314315,0.4346878912451242,0.34833333333333333
LLM,coling::a1534ce8-2639-4c7c-b509-3d430b55cf97,исходный,0.7519923997405508,0.1038745026497293,0.3979224300422841,0.3316666666666666
LLM,coling::a1534ce8-2639-4c7c-b509-3d430b55cf97,тема вписана,0.75496540476172,0.10687878875967043,0.3996906621660024,0.33
LLM,coling::a1534ce8-2639-4c7c-b509-3d430b55cf97,меньше мыслей,0.7037739988998823,0.13423722643803998,0.3358968772109335,0.5216666666666666
LLM,coling::a1534ce8-2639-4c7c-b509-3d430b55cf97,одна тема,0.7490841817442058,0.09571849166461693,0.4013759684636433,0.37166666666666665
LLM,coling::a1534ce8-2639-4c7c-b509-3d430b55cf97,беднее словарь,0.7594541498756607,0.10029773304862384,0.38770942799223373,0.39166666666666666
LLM,coling::a1534ce8-2639-4c7c-b509-3d430b55cf97,без синонимов,0.7570891661301827,0.09523835762783499,0.3766557323480986,0.4066666666666667
LLM,coling::a1534ce8-2639-4c7c-b509-3d430b55cf97,термин в той же обёртке,0.7480732087020613,0.10276982216214771,0.3804418452061518,0.3433333333333333
LLM,coling::a1534ce8-2639-4c7c-b509-3d430b55cf97,каждое предложение о своём,0.7516449441512622,0.09343656311922711,0.42658666263525724,0.29833333333333334
LLM,coling::a1534ce8-2639-4c7c-b509-3d430b55cf97,богаче словарь,0.7320329249593751,0.10175825635823788,0.3714604846859588,0.2733333333333334
LLM,coling::a1534ce8-2639-4c7c-b509-3d430b55cf97,ни одного слова дважды,0.7444200999673295,0.10894653318952614,0.41247903753456133,0.30833333333333335
LLM,coling::a1534ce8-2639-4c7c-b509-3d430b55cf97,редкие синонимы,0.7542479545119205,0.09287624580899768,0.4036170660018558,0.2916666666666667
LLM,coling::a1534ce8-2639-4c7c-b509-3d430b55cf97,художественный стиль,0.7497296998126318,0.08764556402527028,0.42342622007344927,0.27666666666666667
LLM,coling::a1534ce8-2639-4c7c-b509-3d430b55cf97,анафора,0.7328168437558711,0.10190147742264173,0.3605711211286889,0.36833333333333335
LLM,coling::a1534ce8-2639-4c7c-b509-3d430b55cf97,поле: значение,0.7261526545782141,0.10440766870615985,0.29314969515762285,0.465
LLM,coling::a1534ce8-2639-4c7c-b509-3d430b55cf97,перемешивание,0.7446604898900239,0.0894434135893452,0.4733591508187067,0.3416666666666666
LLM,coling::a1534ce8-2639-4c7c-b509-3d430b55cf97,чужие хапаксы,0.73739599356442,0.10740443388467463,0.42660677924785007,0.31000000000000005
LLM,coling::49a2d576-81e8-4b16-889d-beb4a986f322,исходный,0.7506525039098152,0.0985883251531647,0.40415151254514375,0.37333333333333335
LLM,coling::49a2d576-81e8-4b16-889d-beb4a986f322,тема вписана,0.7472001578912013,0.09787295224172654,0.4027073242044337,0.35000000000000003
LLM,coling::49a2d576-81e8-4b16-889d-beb4a986f322,меньше мыслей,0.7216441079960202,0.10474019605111064,0.3365534153847203,0.57
LLM,coling::49a2d576-81e8-4b16-889d-beb4a986f322,одна тема,0.7515238251520406,0.10338842505588842,0.4112545671870029,0.40666666666666673
LLM,coling::49a2d576-81e8-4b16-889d-beb4a986f322,беднее словарь,0.7611571694925553,0.09480862891342227,0.40696021349359573,0.3933333333333333
LLM,coling::49a2d576-81e8-4b16-889d-beb4a986f322,без синонимов,0.7240955731670876,0.09213983215411177,0.35884492440426713,0.4666666666666666
LLM,coling::49a2d576-81e8-4b16-889d-beb4a986f322,термин в той же обёртке,0.7469746738244366,0.09881759765974892,0.377706586380449,0.395
LLM,coling::49a2d576-81e8-4b16-889d-beb4a986f322,каждое предложение о своём,0.7424011186866203,0.095665933436607,0.4277768077219182,0.27499999999999997
LLM,coling::49a2d576-81e8-4b16-889d-beb4a986f322,богаче словарь,0.7448153762378636,0.10755320709718337,0.398947560091957,0.34
LLM,coling::49a2d576-81e8-4b16-889d-beb4a986f322,ни одного слова дважды,0.7455934573519402,0.10584092446291617,0.3976527995112263,0.27999999999999997
LLM,coling::49a2d576-81e8-4b16-889d-beb4a986f322,редкие синонимы,0.7568318495612852,0.09665871236789958,0.4086774547097072,0.3283333333333333
LLM,coling::49a2d576-81e8-4b16-889d-beb4a986f322,художественный стиль,0.7466694750883928,0.103111197753313,0.4235662142828294,0.27499999999999997
LLM,coling::49a2d576-81e8-4b16-889d-beb4a986f322,анафора,0.7337079483172296,0.08823207079958667,0.3411939742507575,0.38166666666666665
LLM,coling::49a2d576-81e8-4b16-889d-beb4a986f322,поле: значение,0.7138869788229157,0.11993434282740752,0.35607123226217663,0.38000000000000006
LLM,coling::49a2d576-81e8-4b16-889d-beb4a986f322,перемешивание,0.7384463204863262,0.10583545464564152,0.4823356546508179,0.39166666666666666
LLM,coling::49a2d576-81e8-4b16-889d-beb4a986f322,чужие хапаксы,0.7398604766320163,0.11103287491638718,0.42920985303129516,0.355
LLM,coling::724b2f69-4d19-4d08-9bbd-53e0153760b2,исходный,0.7506525039098152,0.0985883251531647,0.40415151254514375,0.37333333333333335
LLM,coling::724b2f69-4d19-4d08-9bbd-53e0153760b2,тема вписана,0.7577499067435524,0.11091887372805748,0.43236545388536535,0.33166666666666667
LLM,coling::724b2f69-4d19-4d08-9bbd-53e0153760b2,меньше мыслей,0.7102541865278797,0.11178566410432915,0.34880769338350376,0.5233333333333333
LLM,coling::724b2f69-4d19-4d08-9bbd-53e0153760b2,одна тема,0.7515238251520406,0.10338842505588842,0.4112545671870029,0.40666666666666673
LLM,coling::724b2f69-4d19-4d08-9bbd-53e0153760b2,беднее словарь,0.7611571694925553,0.09480862891342227,0.40696021349359573,0.3933333333333333
LLM,coling::724b2f69-4d19-4d08-9bbd-53e0153760b2,без синонимов,0.7186749076810117,0.0944738944533457,0.36556545912653876,0.4683333333333333
LLM,coling::724b2f69-4d19-4d08-9bbd-53e0153760b2,термин в той же обёртке,0.7469746738244366,0.09881759765974892,0.377706586380449,0.395
LLM,coling::724b2f69-4d19-4d08-9bbd-53e0153760b2,каждое предложение о своём,0.7541879567001594,0.10300857768867301,0.4358754384864601,0.2866666666666667
LLM,coling::724b2f69-4d19-4d08-9bbd-53e0153760b2,богаче словарь,0.7448153762378636,0.10755320709718337,0.398947560091957,0.34
LLM,coling::724b2f69-4d19-4d08-9bbd-53e0153760b2,ни одного слова дважды,0.7537431152064157,0.10533967735244258,0.39969444982059227,0.37833333333333335
LLM,coling::724b2f69-4d19-4d08-9bbd-53e0153760b2,редкие синонимы,0.7525339684439306,0.1038640884179574,0.3943397114549269,0.37833333333333335
LLM,coling::724b2f69-4d19-4d08-9bbd-53e0153760b2,художественный стиль,0.7597810792118768,0.09371853681126878,0.4456771173536309,0.29833333333333334
LLM,coling::724b2f69-4d19-4d08-9bbd-53e0153760b2,анафора,0.719023027876314,0.09879131990710445,0.2845072970053308,0.4183333333333333
LLM,coling::724b2f69-4d19-4d08-9bbd-53e0153760b2,поле: значение,0.7316406877680109,0.09920814110294966,0.3414678796719286,0.38666666666666666
LLM,coling::724b2f69-4d19-4d08-9bbd-53e0153760b2,перемешивание,0.7509660556130676,0.09555361248767193,0.47181344283569393,0.37333333333333335
LLM,coling::724b2f69-4d19-4d08-9bbd-53e0153760b2,чужие хапаксы,0.7445114838928829,0.1159112971384778,0.4217892761070355,0.36999999999999994
LLM,coling::6d5e183d-832b-4aa4-a6e2-563f242380e3,исходный,0.7472243793665352,0.11259651759434625,0.41530260496294563,0.355
LLM,coling::6d5e183d-832b-4aa4-a6e2-563f242380e3,меньше мыслей,0.700989151693309,0.11514942203130729,0.3185591488491503,0.4083333333333334
LLM,coling::6d5e183d-832b-4aa4-a6e2-563f242380e3,одна тема,0.743606080027809,0.10398408279429272,0.39176874878301704,0.34500000000000003
LLM,coling::6d5e183d-832b-4aa4-a6e2-563f242380e3,беднее словарь,0.7549973205265904,0.10353230276698737,0.3990472040524102,0.41333333333333333
LLM,coling::6d5e183d-832b-4aa4-a6e2-563f242380e3,термин в той же обёртке,0.6940771485842906,0.10222912663114125,0.267070138896436,0.5066666666666667
LLM,coling::6d5e183d-832b-4aa4-a6e2-563f242380e3,каждое предложение о своём,0.7576858464510523,0.09779474014707268,0.3904219559383784,0.23666666666666666
LLM,coling::6d5e183d-832b-4aa4-a6e2-563f242380e3,богаче словарь,0.7439179938610346,0.1084098351122426,0.4048074942938656,0.305
LLM,coling::6d5e183d-832b-4aa4-a6e2-563f242380e3,редкие синонимы,0.7488067925329368,0.10799272218794266,0.41231685832967574,0.3216666666666667
LLM,coling::6d5e183d-832b-4aa4-a6e2-563f242380e3,художественный стиль,0.7523396180190861,0.0998226420616629,0.416953879508511,0.26833333333333337
LLM,coling::6d5e183d-832b-4aa4-a6e2-563f242380e3,анафора,0.716677097059482,0.10990856096744263,0.3311614737306819,0.3133333333333333
LLM,coling::6d5e183d-832b-4aa4-a6e2-563f242380e3,поле: значение,0.7110638882115566,0.1188528243498488,0.3321189343760803,0.385
LLM,coling::6d5e183d-832b-4aa4-a6e2-563f242380e3,перемешивание,0.7458787694046564,0.09799076048069277,0.46590441387731296,0.325
LLM,coling::6d5e183d-832b-4aa4-a6e2-563f242380e3,чужие хапаксы,0.7279728679187217,0.10498430920683365,0.4031173130892453,0.32
LLM,coling::23d0bd02-f2a0-4752-971c-cac75280ef8f,исходный,0.7206071119281102,0.10336092152425007,0.3655261330631078,0.4366666666666667
LLM,coling::23d0bd02-f2a0-4752-971c-cac75280ef8f,тема вписана,0.7315349499042049,0.09838090783205435,0.3759517599867057,0.4166666666666667
LLM,coling::23d0bd02-f2a0-4752-971c-cac75280ef8f,меньше мыслей,0.7348516451338053,0.10627060825813743,0.37069249067255666,0.39166666666666666
LLM,coling::23d0bd02-f2a0-4752-971c-cac75280ef8f,одна тема,0.723761904299514,0.10241572707583557,0.370410727361917,0.41500000000000004
LLM,coling::23d0bd02-f2a0-4752-971c-cac75280ef8f,беднее словарь,0.7376546078882731,0.09486705062213585,0.3837287418410638,0.4583333333333333
LLM,coling::23d0bd02-f2a0-4752-971c-cac75280ef8f,без синонимов,0.7213488574946396,0.10634060846393213,0.3590652866545036,0.45166666666666666
LLM,coling::23d0bd02-f2a0-4752-971c-cac75280ef8f,термин в той же обёртке,0.7304417716803412,0.11082659983007899,0.3456384254910761,0.4466666666666667
LLM,coling::23d0bd02-f2a0-4752-971c-cac75280ef8f,богаче словарь,0.7189257444885836,0.11023953199276741,0.35632977807096805,0.40833333333333327
LLM,coling::23d0bd02-f2a0-4752-971c-cac75280ef8f,ни одного слова дважды,0.7220716964240573,0.10756103863070893,0.3567013545635316,0.4033333333333333
LLM,coling::23d0bd02-f2a0-4752-971c-cac75280ef8f,редкие синонимы,0.7173913618964888,0.11087891748992558,0.3652893657803731,0.4066666666666667
LLM,coling::23d0bd02-f2a0-4752-971c-cac75280ef8f,художественный стиль,0.7391588345587857,0.09462492462463168,0.3826731037767153,0.315
LLM,coling::23d0bd02-f2a0-4752-971c-cac75280ef8f,анафора,0.7508613275032568,0.07710283087356533,0.31839732780887925,0.4366666666666666
LLM,coling::23d0bd02-f2a0-4752-971c-cac75280ef8f,поле: значение,0.6803998796620342,0.10149990864722369,0.22314107954206727,0.5650000000000001
LLM,coling::23d0bd02-f2a0-4752-971c-cac75280ef8f,перемешивание,0.7157055324327057,0.1073724533459376,0.4286289482369372,0.445
LLM,coling::23d0bd02-f2a0-4752-971c-cac75280ef8f,чужие хапаксы,0.695203141607315,0.12749268280723156,0.3666371653584199,0.4466666666666667
LLM,coling::65648d18-be4d-475d-bcab-2fbcdb8ade2d,исходный,0.7505942683165493,0.10104023335507496,0.45825349051752445,0.3083333333333333
LLM,coling::65648d18-be4d-475d-bcab-2fbcdb8ade2d,тема вписана,0.7533863779768596,0.10492883906876266,0.4530488766453579,0.32
LLM,coling::65648d18-be4d-475d-bcab-2fbcdb8ade2d,меньше мыслей,0.7380204142966389,0.09301445336925375,0.38215273505025155,0.49499999999999994
LLM,coling::65648d18-be4d-475d-bcab-2fbcdb8ade2d,одна тема,0.7530987806307251,0.09310832228806092,0.4110055459406685,0.41333333333333333
LLM,coling::65648d18-be4d-475d-bcab-2fbcdb8ade2d,беднее словарь,0.7500413117442375,0.08654405904301594,0.42592225226558217,0.38833333333333336
LLM,coling::65648d18-be4d-475d-bcab-2fbcdb8ade2d,без синонимов,0.7412553585173461,0.0891937892093358,0.3911086254393925,0.47
LLM,coling::65648d18-be4d-475d-bcab-2fbcdb8ade2d,термин в той же обёртке,0.7515948947968586,0.10335699800943017,0.4201121588448335,0.3766666666666667
LLM,coling::65648d18-be4d-475d-bcab-2fbcdb8ade2d,каждое предложение о своём,0.7495403140508107,0.10191246167949035,0.4103566104273217,0.20166666666666666
LLM,coling::65648d18-be4d-475d-bcab-2fbcdb8ade2d,богаче словарь,0.7396461932587431,0.1163166655988751,0.4222015817594847,0.18333333333333335
LLM,coling::65648d18-be4d-475d-bcab-2fbcdb8ade2d,ни одного слова дважды,0.7475121006532088,0.10562558658825716,0.44379980523086165,0.3
LLM,coling::65648d18-be4d-475d-bcab-2fbcdb8ade2d,редкие синонимы,0.739562654585308,0.09387489502774816,0.4295414791541119,0.31
LLM,coling::65648d18-be4d-475d-bcab-2fbcdb8ade2d,художественный стиль,0.7492828446688038,0.09606003867694113,0.4298190299826754,0.26
LLM,coling::65648d18-be4d-475d-bcab-2fbcdb8ade2d,анафора,0.7399684735409143,0.07682969557084188,0.32105936820715747,0.36166666666666664
LLM,coling::65648d18-be4d-475d-bcab-2fbcdb8ade2d,поле: значение,0.7081350459452048,0.10728594971420473,0.3239948033823336,0.28
LLM,coling::65648d18-be4d-475d-bcab-2fbcdb8ade2d,перемешивание,0.7312341067146897,0.10942198083002952,0.47063694404708656,0.3133333333333333
LLM,coling::65648d18-be4d-475d-bcab-2fbcdb8ade2d,чужие хапаксы,0.7317734660788426,0.11617622648074959,0.4345085803388953,0.2816666666666667
LLM,coling::6ea6d618-d59e-455d-a265-490e14187344,исходный,0.7572410049085937,0.10153609783625689,0.4085556644671908,0.4366666666666667
LLM,coling::6ea6d618-d59e-455d-a265-490e14187344,тема вписана,0.763171288035864,0.08890082494644468,0.41159157361861826,0.375
LLM,coling::6ea6d618-d59e-455d-a265-490e14187344,меньше мыслей,0.6974727391320688,0.10600489005122575,0.35395529639816226,0.52
LLM,coling::6ea6d618-d59e-455d-a265-490e14187344,одна тема,0.7658639454776835,0.09697398528885343,0.4145224194177623,0.42500000000000004
LLM,coling::6ea6d618-d59e-455d-a265-490e14187344,беднее словарь,0.7656660589112506,0.0936179232169921,0.4033362960980777,0.45333333333333337
LLM,coling::6ea6d618-d59e-455d-a265-490e14187344,без синонимов,0.7584476683890351,0.09862260987864764,0.40056511445583914,0.4883333333333333
LLM,coling::6ea6d618-d59e-455d-a265-490e14187344,термин в той же обёртке,0.758524488205282,0.0949427939442296,0.4031913971029873,0.42
LLM,coling::6ea6d618-d59e-455d-a265-490e14187344,каждое предложение о своём,0.7557925033401313,0.09093668880417645,0.40637587514440193,0.2933333333333333
LLM,coling::6ea6d618-d59e-455d-a265-490e14187344,богаче словарь,0.7515306028171205,0.09415890451898967,0.404778978892925,0.3433333333333333
LLM,coling::6ea6d618-d59e-455d-a265-490e14187344,ни одного слова дважды,0.7514686650199058,0.10051406258510437,0.40704581922409505,0.36000000000000004
LLM,coling::6ea6d618-d59e-455d-a265-490e14187344,редкие синонимы,0.7635205715763186,0.0932143787645587,0.41100092017044304,0.4066666666666667
LLM,coling::6ea6d618-d59e-455d-a265-490e14187344,художественный стиль,0.7685669236040472,0.0931013059149735,0.40224774499260607,0.27499999999999997
LLM,coling::6ea6d618-d59e-455d-a265-490e14187344,анафора,0.7011333185605592,0.09298095504507418,0.2787574882429688,0.5233333333333334
LLM,coling::6ea6d618-d59e-455d-a265-490e14187344,поле: значение,0.6822646834178583,0.1175120086963181,0.2899011861830842,0.35333333333333333
LLM,coling::6ea6d618-d59e-455d-a265-490e14187344,перемешивание,0.7558779738090929,0.0748052042768601,0.4615953917114178,0.4283333333333333
LLM,coling::6ea6d618-d59e-455d-a265-490e14187344,чужие хапаксы,0.7380667717186532,0.10421113495362355,0.43802562438009546,0.3666666666666667
LLM,coling::37e384a6-d2b8-444e-ac7f-d4288c173442,исходный,0.7498691404723067,0.09493210416289836,0.4174074465597018,0.3866666666666667
LLM,coling::37e384a6-d2b8-444e-ac7f-d4288c173442,тема вписана,0.7560585309525628,0.09861494714215653,0.4292485949714661,0.34833333333333333
LLM,coling::37e384a6-d2b8-444e-ac7f-d4288c173442,меньше мыслей,0.7194948067595698,0.11538894217308644,0.3616700031726208,0.4566666666666667
LLM,coling::37e384a6-d2b8-444e-ac7f-d4288c173442,одна тема,0.7364517478078628,0.09471477652040944,0.42596353638802964,0.35333333333333333
LLM,coling::37e384a6-d2b8-444e-ac7f-d4288c173442,беднее словарь,0.760635824116208,0.08912340986761312,0.4115383887206234,0.4116666666666666
LLM,coling::37e384a6-d2b8-444e-ac7f-d4288c173442,без синонимов,0.7542274744460117,0.092429283033945,0.4046992708652782,0.39333333333333337
LLM,coling::37e384a6-d2b8-444e-ac7f-d4288c173442,термин в той же обёртке,0.7564490123259927,0.08895973347645958,0.4133254424617989,0.3866666666666667
LLM,coling::37e384a6-d2b8-444e-ac7f-d4288c173442,каждое предложение о своём,0.7573012613864781,0.08570775464086078,0.4311385706810387,0.22666666666666666
LLM,coling::37e384a6-d2b8-444e-ac7f-d4288c173442,богаче словарь,0.7630767362619556,0.08526704721318072,0.4239229194063525,0.15166666666666667
LLM,coling::37e384a6-d2b8-444e-ac7f-d4288c173442,редкие синонимы,0.7605482310879053,0.09237775159980421,0.4248830794520458,0.3566666666666667
LLM,coling::37e384a6-d2b8-444e-ac7f-d4288c173442,художественный стиль,0.761320227798223,0.08992185697944166,0.40398736186163675,0.205
LLM,coling::37e384a6-d2b8-444e-ac7f-d4288c173442,анафора,0.7007121346452919,0.1015333897147207,0.31011567333493134,0.38833333333333336
LLM,coling::37e384a6-d2b8-444e-ac7f-d4288c173442,поле: значение,0.700527626047212,0.095905952313797,0.358285849554715,0.33666666666666667
LLM,coling::37e384a6-d2b8-444e-ac7f-d4288c173442,перемешивание,0.7484357323862413,0.08661543152938611,0.4687689229092718,0.36999999999999994
LLM,coling::37e384a6-d2b8-444e-ac7f-d4288c173442,чужие хапаксы,0.7362686330973794,0.08668057553587645,0.43103760907347993,0.37166666666666665
LLM,coling::5895f991-9d37-49fe-9f39-eeff324a797c,исходный,0.7503875137890446,0.08331283912334432,0.4093312672871483,0.31833333333333336
LLM,coling::5895f991-9d37-49fe-9f39-eeff324a797c,тема вписана,0.7581870116045945,0.08209033030496628,0.41451561301048906,0.3
LLM,coling::5895f991-9d37-49fe-9f39-eeff324a797c,меньше мыслей,0.7372207318477261,0.07989647776796585,0.3995178359375968,0.38833333333333336
LLM,coling::5895f991-9d37-49fe-9f39-eeff324a797c,одна тема,0.7559698212051039,0.0881596177948567,0.4073113915826449,0.355
LLM,coling::5895f991-9d37-49fe-9f39-eeff324a797c,беднее словарь,0.7486361200420806,0.08181147904630921,0.41050307581042284,0.34833333333333333
LLM,coling::5895f991-9d37-49fe-9f39-eeff324a797c,без синонимов,0.7421364724056604,0.08645969818913864,0.40950963985892197,0.37833333333333335
LLM,coling::5895f991-9d37-49fe-9f39-eeff324a797c,термин в той же обёртке,0.7485117993414679,0.0893798512460705,0.40622574361824193,0.3416666666666666
LLM,coling::5895f991-9d37-49fe-9f39-eeff324a797c,каждое предложение о своём,0.7644748559278595,0.09434018207730771,0.40494696610794056,0.15833333333333333
LLM,coling::5895f991-9d37-49fe-9f39-eeff324a797c,богаче словарь,0.7466339959040315,0.08973249936277604,0.3876002244036049,0.2966666666666667
LLM,coling::5895f991-9d37-49fe-9f39-eeff324a797c,ни одного слова дважды,0.7417699241146053,0.08486031664854177,0.39398569220671714,0.15000000000000002
LLM,coling::5895f991-9d37-49fe-9f39-eeff324a797c,редкие синонимы,0.7471998590630013,0.09134084062562464,0.40838855876464447,0.3
LLM,coling::5895f991-9d37-49fe-9f39-eeff324a797c,художественный стиль,0.7545362014094756,0.09815128683663261,0.42388840933880206,0.23666666666666666
LLM,coling::5895f991-9d37-49fe-9f39-eeff324a797c,анафора,0.7218957212584294,0.08536305734556415,0.3416409184425082,0.37833333333333335
LLM,coling::5895f991-9d37-49fe-9f39-eeff324a797c,поле: значение,0.6905001919089343,0.10339980680758225,0.3308120223353193,0.325
LLM,coling::5895f991-9d37-49fe-9f39-eeff324a797c,перемешивание,0.7251272570327444,0.1058577434193293,0.45040886984226364,0.35166666666666674
LLM,coling::5895f991-9d37-49fe-9f39-eeff324a797c,чужие хапаксы,0.7138136576463311,0.10809083234792115,0.40951345654492116,0.35000000000000003
LLM,coling::a9b058a8-5ce8-448f-820a-6ffba6409219,исходный,0.7573075295090049,0.09071442204309116,0.4359017382524247,0.36333333333333334
LLM,coling::a9b058a8-5ce8-448f-820a-6ffba6409219,тема вписана,0.7544165837028979,0.10100738316542483,0.4163737165729557,0.36833333333333335
LLM,coling::a9b058a8-5ce8-448f-820a-6ffba6409219,меньше мыслей,0.7384062813144587,0.08193423482735081,0.3341375991681547,0.5833333333333334
LLM,coling::a9b058a8-5ce8-448f-820a-6ffba6409219,одна тема,0.7482425195212065,0.0914631420155918,0.3961777462493221,0.45
LLM,coling::a9b058a8-5ce8-448f-820a-6ffba6409219,беднее словарь,0.7618123611144677,0.09144481393755827,0.43627729663610043,0.4383333333333333
LLM,coling::a9b058a8-5ce8-448f-820a-6ffba6409219,без синонимов,0.7628297100172569,0.08506392239581018,0.41542316868456736,0.41333333333333333
LLM,coling::a9b058a8-5ce8-448f-820a-6ffba6409219,термин в той же обёртке,0.7243594245936844,0.0959916869979237,0.3172636393457698,0.48333333333333334
LLM,coling::a9b058a8-5ce8-448f-820a-6ffba6409219,каждое предложение о своём,0.7561468725850893,0.10194908148824154,0.3884129190934007,0.25166666666666665
LLM,coling::a9b058a8-5ce8-448f-820a-6ffba6409219,богаче словарь,0.7563316989726747,0.09689217888774439,0.4276759058545929,0.34333333333333327
LLM,coling::a9b058a8-5ce8-448f-820a-6ffba6409219,ни одного слова дважды,0.7506671643625543,0.09954136779453049,0.42058669704424917,0.36166666666666664
LLM,coling::a9b058a8-5ce8-448f-820a-6ffba6409219,художественный стиль,0.7596527456449064,0.09193305534520768,0.4137185784738324,0.3033333333333333
LLM,coling::a9b058a8-5ce8-448f-820a-6ffba6409219,анафора,0.7427498628595118,0.08905574884125929,0.348180543210135,0.4216666666666667
LLM,coling::a9b058a8-5ce8-448f-820a-6ffba6409219,поле: значение,0.7123531699761937,0.10966212811682612,0.3522921697419297,0.3383333333333333
LLM,coling::a9b058a8-5ce8-448f-820a-6ffba6409219,перемешивание,0.7609843510422043,0.08331740743327198,0.4888928215012775,0.38499999999999995
LLM,coling::a9b058a8-5ce8-448f-820a-6ffba6409219,чужие хапаксы,0.732625401595428,0.10584831430100344,0.43031021369996925,0.35333333333333333
LLM,coling::1770be09-c92d-43e3-ab15-7b7318ca2f96,исходный,0.7311333966326297,0.0955021417249113,0.42421261648869796,0.36999999999999994
LLM,coling::1770be09-c92d-43e3-ab15-7b7318ca2f96,меньше мыслей,0.7112329533041701,0.10295516284423938,0.3393296185695321,0.595
LLM,coling::1770be09-c92d-43e3-ab15-7b7318ca2f96,одна тема,0.7549264187677388,0.08250321980400165,0.41315025159781094,0.435
LLM,coling::1770be09-c92d-43e3-ab15-7b7318ca2f96,термин в той же обёртке,0.7231227103246597,0.09190795809800233,0.38404713536872687,0.43
LLM,coling::1770be09-c92d-43e3-ab15-7b7318ca2f96,каждое предложение о своём,0.7456041995717303,0.07891422791957904,0.4165010392123379,0.22166666666666665
LLM,coling::1770be09-c92d-43e3-ab15-7b7318ca2f96,богаче словарь,0.7392138520527175,0.08100475012778789,0.3811493929766561,0.25666666666666665
LLM,coling::1770be09-c92d-43e3-ab15-7b7318ca2f96,редкие синонимы,0.740318897711081,0.09014284338678304,0.4103595017202066,0.3016666666666667
LLM,coling::1770be09-c92d-43e3-ab15-7b7318ca2f96,художественный стиль,0.7451765626332723,0.097956103484913,0.407154541949648,0.23666666666666666
LLM,coling::1770be09-c92d-43e3-ab15-7b7318ca2f96,анафора,0.7380285757441533,0.07284853204807935,0.3157930570380391,0.4566666666666667
LLM,coling::1770be09-c92d-43e3-ab15-7b7318ca2f96,поле: значение,0.7166657397763906,0.08793174269980485,0.3822924542225952,0.31666666666666665
LLM,coling::1770be09-c92d-43e3-ab15-7b7318ca2f96,перемешивание,0.7233024817308228,0.09432172703137853,0.4529840621403188,0.39666666666666667
LLM,coling::1770be09-c92d-43e3-ab15-7b7318ca2f96,чужие хапаксы,0.7129006879618168,0.11572253913339714,0.4244572057407552,0.35666666666666663
LLM,coling::3dd39352-d471-4ab9-bd50-b7345fc1d97c,исходный,0.7514961600574117,0.09957835214283199,0.41535415217623367,0.3516666666666666
LLM,coling::3dd39352-d471-4ab9-bd50-b7345fc1d97c,тема вписана,0.755545012044441,0.09123723990214767,0.4243627979140703,0.3116666666666667
LLM,coling::3dd39352-d471-4ab9-bd50-b7345fc1d97c,меньше мыслей,0.7236711160813029,0.12319463075450195,0.33755474854714884,0.435
LLM,coling::3dd39352-d471-4ab9-bd50-b7345fc1d97c,одна тема,0.7565701641143293,0.10270111712459977,0.4068222908544466,0.31666666666666665
LLM,coling::3dd39352-d471-4ab9-bd50-b7345fc1d97c,беднее словарь,0.7533222219110537,0.09950711414138835,0.4071248643172831,0.36166666666666664
LLM,coling::3dd39352-d471-4ab9-bd50-b7345fc1d97c,без синонимов,0.7420718284337523,0.09193336919993685,0.39721697469112427,0.39833333333333326
LLM,coling::3dd39352-d471-4ab9-bd50-b7345fc1d97c,термин в той же обёртке,0.7438383238218341,0.10204599930765905,0.3814680491073224,0.36999999999999994
LLM,coling::3dd39352-d471-4ab9-bd50-b7345fc1d97c,богаче словарь,0.752083972566297,0.09382947108805013,0.4267947399642544,0.27166666666666667
LLM,coling::3dd39352-d471-4ab9-bd50-b7345fc1d97c,ни одного слова дважды,0.7525651264469135,0.09914919526910072,0.4135651187008265,0.27666666666666667
LLM,coling::3dd39352-d471-4ab9-bd50-b7345fc1d97c,редкие синонимы,0.7583976091323011,0.0975278014346897,0.3902809560645805,0.3666666666666667
LLM,coling::3dd39352-d471-4ab9-bd50-b7345fc1d97c,художественный стиль,0.76047770018284,0.09373967719383965,0.4033488533051031,0.26166666666666666
LLM,coling::3dd39352-d471-4ab9-bd50-b7345fc1d97c,анафора,0.7171309221297246,0.10935424043018886,0.308779271103011,0.45166666666666666
LLM,coling::3dd39352-d471-4ab9-bd50-b7345fc1d97c,поле: значение,0.6571879415777889,0.11918022609172786,0.24304073714278018,0.395
LLM,coling::3dd39352-d471-4ab9-bd50-b7345fc1d97c,перемешивание,0.7309681028692646,0.09814924016088968,0.4584944189283992,0.335
LLM,coling::3dd39352-d471-4ab9-bd50-b7345fc1d97c,чужие хапаксы,0.7272103613484027,0.1074961099815317,0.4087594100139704,0.3433333333333333
LLM,coling::8eb96c1a-6193-4f0f-843b-4b91efbea553,исходный,0.7454474371437563,0.11787753069923336,0.40008988722446315,0.4366666666666667
LLM,coling::8eb96c1a-6193-4f0f-843b-4b91efbea553,тема вписана,0.7486109515115648,0.10667663327751777,0.3956545675888239,0.43333333333333335
LLM,coling::8eb96c1a-6193-4f0f-843b-4b91efbea553,меньше мыслей,0.7293543852783722,0.10127124062417105,0.3145254037484239,0.6066666666666666
LLM,coling::8eb96c1a-6193-4f0f-843b-4b91efbea553,одна тема,0.7476155977453004,0.11089734933203303,0.399635352513599,0.48
LLM,coling::8eb96c1a-6193-4f0f-843b-4b91efbea553,беднее словарь,0.7450537319174271,0.09953111475153226,0.3926941939300401,0.47
LLM,coling::8eb96c1a-6193-4f0f-843b-4b91efbea553,без синонимов,0.7515637080834142,0.10414084236021326,0.387336808654448,0.465
LLM,coling::8eb96c1a-6193-4f0f-843b-4b91efbea553,термин в той же обёртке,0.7440207282617957,0.10347203336449597,0.38318205156153606,0.4633333333333333
LLM,coling::8eb96c1a-6193-4f0f-843b-4b91efbea553,каждое предложение о своём,0.7239788056720816,0.10827900946438741,0.37947019974023205,0.25833333333333336
LLM,coling::8eb96c1a-6193-4f0f-843b-4b91efbea553,богаче словарь,0.7328837609569603,0.10797093087902743,0.3844570497456046,0.3133333333333333
LLM,coling::8eb96c1a-6193-4f0f-843b-4b91efbea553,ни одного слова дважды,0.7397045352789696,0.10823575685405522,0.4013409325091481,0.3983333333333334
LLM,coling::8eb96c1a-6193-4f0f-843b-4b91efbea553,редкие синонимы,0.7364580404130837,0.11892176505230036,0.3810739046249872,0.4166666666666667
LLM,coling::8eb96c1a-6193-4f0f-843b-4b91efbea553,художественный стиль,0.7324718105767477,0.10176812595446753,0.39242599329585154,0.37833333333333335
LLM,coling::8eb96c1a-6193-4f0f-843b-4b91efbea553,анафора,0.7210137167733087,0.10106739131297955,0.33141102815785933,0.51
LLM,coling::8eb96c1a-6193-4f0f-843b-4b91efbea553,поле: значение,0.6996678545116876,0.10943163941278057,0.3315580933035784,0.42166666666666663
LLM,coling::8eb96c1a-6193-4f0f-843b-4b91efbea553,перемешивание,0.7438196883598138,0.10634482574276348,0.48131616550455075,0.4266666666666667
LLM,coling::8eb96c1a-6193-4f0f-843b-4b91efbea553,чужие хапаксы,0.7203593015077132,0.10789142346677331,0.41336806860330005,0.42166666666666663
LLM,coling::59aec439-babf-4d21-b03b-4f331a96f0bf,исходный,0.7536401455196845,0.10192416013643944,0.3846780585956195,0.38999999999999996
LLM,coling::59aec439-babf-4d21-b03b-4f331a96f0bf,тема вписана,0.7541810751329207,0.1050933586049223,0.41469961499677116,0.34500000000000003
LLM,coling::59aec439-babf-4d21-b03b-4f331a96f0bf,меньше мыслей,0.7430130169329633,0.11052549606356854,0.3510551887232956,0.49333333333333335
LLM,coling::59aec439-babf-4d21-b03b-4f331a96f0bf,одна тема,0.761472714840142,0.10485298767877309,0.37679442899282795,0.44166666666666665
LLM,coling::59aec439-babf-4d21-b03b-4f331a96f0bf,беднее словарь,0.7451108672574972,0.10097694530325955,0.3970023296830434,0.3866666666666667
LLM,coling::59aec439-babf-4d21-b03b-4f331a96f0bf,без синонимов,0.7544525163475075,0.1022356619797451,0.3908301643153426,0.40499999999999997
LLM,coling::59aec439-babf-4d21-b03b-4f331a96f0bf,термин в той же обёртке,0.7554805368940368,0.09937035802372692,0.39276690039347634,0.38999999999999996
LLM,coling::59aec439-babf-4d21-b03b-4f331a96f0bf,богаче словарь,0.7405692664890343,0.10493171419016993,0.38756654754586783,0.285
LLM,coling::59aec439-babf-4d21-b03b-4f331a96f0bf,ни одного слова дважды,0.7462574211832768,0.10465345844789087,0.41164675150441826,0.335
LLM,coling::59aec439-babf-4d21-b03b-4f331a96f0bf,редкие синонимы,0.7433826421661885,0.10367159540746906,0.4185686801091162,0.37833333333333335
LLM,coling::59aec439-babf-4d21-b03b-4f331a96f0bf,художественный стиль,0.7511651056821252,0.09682623606449808,0.4137875889392568,0.2733333333333334
LLM,coling::59aec439-babf-4d21-b03b-4f331a96f0bf,анафора,0.748754725278833,0.1026721961400731,0.3538821255079994,0.4566666666666667
LLM,coling::59aec439-babf-4d21-b03b-4f331a96f0bf,поле: значение,0.7046197002690983,0.13429976768939086,0.3524771249475098,0.37666666666666665
LLM,coling::59aec439-babf-4d21-b03b-4f331a96f0bf,перемешивание,0.7534851361598913,0.0897413687725556,0.4773115938231756,0.39666666666666667
LLM,coling::59aec439-babf-4d21-b03b-4f331a96f0bf,чужие хапаксы,0.7314675274704395,0.10906680390085671,0.4192620535059673,0.3566666666666667
LLM,coling::9e189795-5152-41d4-9713-20ef5189d721,исходный,0.7514856683832379,0.09576736185007094,0.41159775278755556,0.3416666666666666
LLM,coling::9e189795-5152-41d4-9713-20ef5189d721,тема вписана,0.7464873994731901,0.09525395498373279,0.40753076528391,0.31
LLM,coling::9e189795-5152-41d4-9713-20ef5189d721,меньше мыслей,0.7231967864025046,0.11760975134870162,0.34139229404170207,0.5466666666666667
LLM,coling::9e189795-5152-41d4-9713-20ef5189d721,одна тема,0.7593346149582721,0.09674792285777252,0.38463025205857543,0.44
LLM,coling::9e189795-5152-41d4-9713-20ef5189d721,беднее словарь,0.7523787180475727,0.08917251874020764,0.3938509517642554,0.38166666666666665
LLM,coling::9e189795-5152-41d4-9713-20ef5189d721,без синонимов,0.7533432773540353,0.09481788296171678,0.3892154896275614,0.40166666666666667
LLM,coling::9e189795-5152-41d4-9713-20ef5189d721,термин в той же обёртке,0.7570356018285632,0.10060621279355902,0.40008536447292814,0.37333333333333335
LLM,coling::9e189795-5152-41d4-9713-20ef5189d721,богаче словарь,0.7554836369908703,0.08476284680474631,0.425224669723469,0.25666666666666665
LLM,coling::9e189795-5152-41d4-9713-20ef5189d721,ни одного слова дважды,0.7600721910739686,0.09779228393645188,0.403523718144766,0.3033333333333333
LLM,coling::9e189795-5152-41d4-9713-20ef5189d721,редкие синонимы,0.753931728131337,0.09293043679623107,0.4123606804117686,0.31
LLM,coling::9e189795-5152-41d4-9713-20ef5189d721,художественный стиль,0.7435344592437648,0.08725237638550798,0.4281120442630925,0.2783333333333333
LLM,coling::9e189795-5152-41d4-9713-20ef5189d721,анафора,0.717976986174384,0.09223962065477824,0.32881946218112884,0.47333333333333333
LLM,coling::9e189795-5152-41d4-9713-20ef5189d721,поле: значение,0.6822155441267709,0.10634315415023972,0.30793246162055027,0.3633333333333333
LLM,coling::9e189795-5152-41d4-9713-20ef5189d721,перемешивание,0.7404966015589761,0.08474163711451858,0.4943454276514907,0.3516666666666666
LLM,coling::9e189795-5152-41d4-9713-20ef5189d721,чужие хапаксы,0.7277395718178482,0.10212383215727201,0.42861349102606966,0.35833333333333334
LLM,coling::df393828-70be-448f-bbdb-11367e15a5fb,исходный,0.7570614339773459,0.09206437409662789,0.38312037247104175,0.39166666666666666
LLM,coling::df393828-70be-448f-bbdb-11367e15a5fb,тема вписана,0.758894970165137,0.0954908110392284,0.40140673939862953,0.3333333333333333
LLM,coling::df393828-70be-448f-bbdb-11367e15a5fb,меньше мыслей,0.7146479175279029,0.11762731184743501,0.27350468601830685,0.5733333333333334
LLM,coling::df393828-70be-448f-bbdb-11367e15a5fb,одна тема,0.7523039486076061,0.10494012118162359,0.33909180487191853,0.4383333333333333
LLM,coling::df393828-70be-448f-bbdb-11367e15a5fb,беднее словарь,0.7668534496068204,0.08593577938584733,0.396321081429903,0.4066666666666667
LLM,coling::df393828-70be-448f-bbdb-11367e15a5fb,без синонимов,0.7528578056413693,0.09531237688752077,0.3723940556293421,0.3833333333333333
LLM,coling::df393828-70be-448f-bbdb-11367e15a5fb,термин в той же обёртке,0.7566158535760978,0.08641656089649828,0.385332544480877,0.4000000000000001
LLM,coling::df393828-70be-448f-bbdb-11367e15a5fb,богаче словарь,0.7564436392028656,0.09625214757849569,0.4148264998620161,0.33499999999999996
LLM,coling::df393828-70be-448f-bbdb-11367e15a5fb,ни одного слова дважды,0.7563333150530279,0.10073135279322269,0.37628459411284004,0.31666666666666665
LLM,coling::df393828-70be-448f-bbdb-11367e15a5fb,редкие синонимы,0.7688547995296364,0.09147188436076958,0.38742203551060506,0.3516666666666666
LLM,coling::df393828-70be-448f-bbdb-11367e15a5fb,художественный стиль,0.7592389565120726,0.08987109648952452,0.4035945754731947,0.29833333333333334
LLM,coling::df393828-70be-448f-bbdb-11367e15a5fb,анафора,0.7441289831979035,0.08418981364395928,0.29247167050289163,0.48666666666666664
LLM,coling::df393828-70be-448f-bbdb-11367e15a5fb,поле: значение,0.7156775858203167,0.09570161737568121,0.33951411069433207,0.365
LLM,coling::df393828-70be-448f-bbdb-11367e15a5fb,перемешивание,0.7414767899665199,0.0827283807425406,0.4573938271454991,0.38000000000000006
LLM,coling::df393828-70be-448f-bbdb-11367e15a5fb,чужие хапаксы,0.7230163323486923,0.09888883344550219,0.40775137430079056,0.35000000000000003
LLM,coling::b21c6524-7e1a-4589-933c-d0152005962d,исходный,0.7596941273373771,0.10047470934487684,0.42117327033198887,0.36999999999999994
LLM,coling::b21c6524-7e1a-4589-933c-d0152005962d,меньше мыслей,0.7090619121733974,0.11551844609640478,0.3015033910489282,0.5416666666666666
LLM,coling::b21c6524-7e1a-4589-933c-d0152005962d,одна тема,0.7295810715268932,0.08092285952591545,0.3737194099965732,0.4033333333333333
LLM,coling::b21c6524-7e1a-4589-933c-d0152005962d,беднее словарь,0.7607166819780877,0.10159537246299004,0.4296097041708847,0.40499999999999997
LLM,coling::b21c6524-7e1a-4589-933c-d0152005962d,термин в той же обёртке,0.7592834925661786,0.09685625203029935,0.41135336387448485,0.3833333333333333
LLM,coling::b21c6524-7e1a-4589-933c-d0152005962d,каждое предложение о своём,0.7497561059358433,0.0896438780808372,0.4017880086461405,0.295
LLM,coling::b21c6524-7e1a-4589-933c-d0152005962d,богаче словарь,0.7447715338996975,0.1028552407423623,0.43124993491899827,0.18333333333333335
LLM,coling::b21c6524-7e1a-4589-933c-d0152005962d,редкие синонимы,0.7500362834831016,0.10307351549114398,0.4250600565195381,0.3833333333333333
LLM,coling::b21c6524-7e1a-4589-933c-d0152005962d,художественный стиль,0.7629658380685421,0.08685730177840219,0.4330752951833825,0.27166666666666667
LLM,coling::b21c6524-7e1a-4589-933c-d0152005962d,анафора,0.7237544944179185,0.10683609943471646,0.36261327573127633,0.4716666666666667
LLM,coling::b21c6524-7e1a-4589-933c-d0152005962d,поле: значение,0.6798555507745193,0.1296971469917364,0.283016282860472,0.4166666666666667
LLM,coling::b21c6524-7e1a-4589-933c-d0152005962d,перемешивание,0.7386287079776226,0.10592681111184332,0.4637199045974025,0.36999999999999994
LLM,coling::b21c6524-7e1a-4589-933c-d0152005962d,чужие хапаксы,0.7374210640471427,0.10533809306505854,0.41105350687770326,0.36166666666666664
LLM,coling::cbaa1dc4-0458-47d8-b3a6-f6f1b4b4c270,исходный,0.7552023659718223,0.08416858762131231,0.4589258912134681,0.3333333333333333
LLM,coling::cbaa1dc4-0458-47d8-b3a6-f6f1b4b4c270,тема вписана,0.7450087317765536,0.09487346859761227,0.4377648347563998,0.29833333333333334
LLM,coling::cbaa1dc4-0458-47d8-b3a6-f6f1b4b4c270,меньше мыслей,0.7295612772625919,0.09494154521255732,0.36135509746008904,0.4683333333333333
LLM,coling::cbaa1dc4-0458-47d8-b3a6-f6f1b4b4c270,одна тема,0.7505339483952852,0.08279015046220528,0.43107512769139683,0.39333333333333337
LLM,coling::cbaa1dc4-0458-47d8-b3a6-f6f1b4b4c270,беднее словарь,0.7482332149688724,0.08352582597297566,0.4298068305577996,0.3833333333333333
LLM,coling::cbaa1dc4-0458-47d8-b3a6-f6f1b4b4c270,без синонимов,0.7380813484452352,0.08866788169123245,0.40991256125835024,0.37833333333333324
LLM,coling::cbaa1dc4-0458-47d8-b3a6-f6f1b4b4c270,термин в той же обёртке,0.746364321083941,0.07827177558960004,0.4354075415786299,0.35333333333333333
LLM,coling::cbaa1dc4-0458-47d8-b3a6-f6f1b4b4c270,богаче словарь,0.7474021564026984,0.08738563559329533,0.43235999519914586,0.25666666666666665
LLM,coling::cbaa1dc4-0458-47d8-b3a6-f6f1b4b4c270,ни одного слова дважды,0.7513805393360764,0.0866924338768381,0.4194300065101131,0.3216666666666667
LLM,coling::cbaa1dc4-0458-47d8-b3a6-f6f1b4b4c270,редкие синонимы,0.7522791237950127,0.0898239906244475,0.4296382448321249,0.2866666666666667
LLM,coling::cbaa1dc4-0458-47d8-b3a6-f6f1b4b4c270,художественный стиль,0.7506722453879342,0.08914448891740816,0.41001011937271037,0.28
LLM,coling::cbaa1dc4-0458-47d8-b3a6-f6f1b4b4c270,анафора,0.7232360358643648,0.08893444401925492,0.2639845214110403,0.4583333333333333
LLM,coling::cbaa1dc4-0458-47d8-b3a6-f6f1b4b4c270,поле: значение,0.6959476380333487,0.10851394332200708,0.31738637811819603,0.365
LLM,coling::cbaa1dc4-0458-47d8-b3a6-f6f1b4b4c270,перемешивание,0.751738299091274,0.08456918499204773,0.5036273659550144,0.3066666666666667
LLM,coling::cbaa1dc4-0458-47d8-b3a6-f6f1b4b4c270,чужие хапаксы,0.750380233389043,0.09527976241388207,0.4469267175229917,0.27166666666666667
LLM,coling::dc1c93ce-9792-4a14-bd29-c025f2613860,исходный,0.7552023659718223,0.08416858762131231,0.4589258912134681,0.3333333333333333
LLM,coling::dc1c93ce-9792-4a14-bd29-c025f2613860,тема вписана,0.7563196050555043,0.07929304255776505,0.42714168746117553,0.32
LLM,coling::dc1c93ce-9792-4a14-bd29-c025f2613860,меньше мыслей,0.7537159274381301,0.08359100149552277,0.41123507823613864,0.355
LLM,coling::dc1c93ce-9792-4a14-bd29-c025f2613860,одна тема,0.7505339483952852,0.08279015046220528,0.43107512769139683,0.39333333333333337
LLM,coling::dc1c93ce-9792-4a14-bd29-c025f2613860,беднее словарь,0.7482332149688724,0.08352582597297566,0.4298068305577996,0.3833333333333333
LLM,coling::dc1c93ce-9792-4a14-bd29-c025f2613860,без синонимов,0.7377777405209237,0.08632732487818713,0.40766834335843577,0.365
LLM,coling::dc1c93ce-9792-4a14-bd29-c025f2613860,термин в той же обёртке,0.746364321083941,0.07827177558960004,0.4354075415786299,0.35333333333333333
LLM,coling::dc1c93ce-9792-4a14-bd29-c025f2613860,богаче словарь,0.7441103219128556,0.09579237805425635,0.4070644071830243,0.225
LLM,coling::dc1c93ce-9792-4a14-bd29-c025f2613860,ни одного слова дважды,0.7499182001122563,0.08966392948350467,0.42980156534876524,0.29833333333333334
LLM,coling::dc1c93ce-9792-4a14-bd29-c025f2613860,редкие синонимы,0.7475643951124685,0.09478510491530327,0.4298190048509805,0.32499999999999996
LLM,coling::dc1c93ce-9792-4a14-bd29-c025f2613860,художественный стиль,0.7573160552780317,0.08072257413144567,0.42621565000874195,0.27166666666666667
LLM,coling::dc1c93ce-9792-4a14-bd29-c025f2613860,анафора,0.7227165071868907,0.08033397376465398,0.2806329932368263,0.4666666666666666
LLM,coling::dc1c93ce-9792-4a14-bd29-c025f2613860,поле: значение,0.7036643227933809,0.1200251422733359,0.31421343482641645,0.34500000000000003
LLM,coling::dc1c93ce-9792-4a14-bd29-c025f2613860,перемешивание,0.7508705441906658,0.08388365166867219,0.49165329064040053,0.3116666666666667
LLM,coling::dc1c93ce-9792-4a14-bd29-c025f2613860,чужие хапаксы,0.7482807619179677,0.08539114689794756,0.4423346344464685,0.315
LLM,coling::a3c20aed-e22b-4f5a-ac3a-784b5d941b8f,исходный,0.7575894595978366,0.09536975950495798,0.3884927197172687,0.3016666666666667
LLM,coling::a3c20aed-e22b-4f5a-ac3a-784b5d941b8f,тема вписана,0.7602305162431744,0.08914861425900962,0.39551711937877293,0.2833333333333334
LLM,coling::a3c20aed-e22b-4f5a-ac3a-784b5d941b8f,меньше мыслей,0.7094095085934727,0.11922589928849714,0.2871225560843406,0.44
LLM,coling::a3c20aed-e22b-4f5a-ac3a-784b5d941b8f,одна тема,0.7616495480614526,0.08396681446265242,0.38205814690683076,0.245
LLM,coling::a3c20aed-e22b-4f5a-ac3a-784b5d941b8f,беднее словарь,0.760042451217528,0.09003401798403039,0.3941269815735797,0.325
LLM,coling::a3c20aed-e22b-4f5a-ac3a-784b5d941b8f,без синонимов,0.7571660281483577,0.09204437733819183,0.36140950878991546,0.3516666666666666
LLM,coling::a3c20aed-e22b-4f5a-ac3a-784b5d941b8f,термин в той же обёртке,0.7640220111813001,0.08916864644674653,0.3915597535395902,0.3233333333333333
LLM,coling::a3c20aed-e22b-4f5a-ac3a-784b5d941b8f,богаче словарь,0.7545575957734295,0.09012177482598678,0.3857382369409145,0.2916666666666667
LLM,coling::a3c20aed-e22b-4f5a-ac3a-784b5d941b8f,ни одного слова дважды,0.7535243480029425,0.09034194791176242,0.37900743759405553,0.26499999999999996
LLM,coling::a3c20aed-e22b-4f5a-ac3a-784b5d941b8f,редкие синонимы,0.7449027582026551,0.09011364185782567,0.3849152053260599,0.24666666666666667
LLM,coling::a3c20aed-e22b-4f5a-ac3a-784b5d941b8f,художественный стиль,0.7556155497948521,0.09118462324832866,0.38640396066081256,0.26333333333333336
LLM,coling::a3c20aed-e22b-4f5a-ac3a-784b5d941b8f,анафора,0.7264356540068668,0.09617914785346426,0.3172020374358893,0.37333333333333335
LLM,coling::a3c20aed-e22b-4f5a-ac3a-784b5d941b8f,поле: значение,0.7288636549707869,0.10217857488334071,0.3734294580332547,0.26499999999999996
LLM,coling::a3c20aed-e22b-4f5a-ac3a-784b5d941b8f,перемешивание,0.7362728638948838,0.09636461890224268,0.41704817209613393,0.2833333333333334
LLM,coling::a3c20aed-e22b-4f5a-ac3a-784b5d941b8f,чужие хапаксы,0.7288917030872093,0.09891670746011465,0.3789748571335671,0.3216666666666667
LLM,coling::fedf3b3b-fd89-4a69-bc59-0ff4e485de6a,исходный,0.7505542003089963,0.09458213142140544,0.4249945780392053,0.28
LLM,coling::fedf3b3b-fd89-4a69-bc59-0ff4e485de6a,тема вписана,0.7532751217225598,0.08767598682441924,0.42680662429036303,0.2916666666666667
LLM,coling::fedf3b3b-fd89-4a69-bc59-0ff4e485de6a,меньше мыслей,0.7407143453284668,0.08966426746383797,0.3769040246439204,0.42166666666666663
LLM,coling::fedf3b3b-fd89-4a69-bc59-0ff4e485de6a,одна тема,0.760009534570511,0.09620344861631137,0.4305062377428688,0.295
LLM,coling::fedf3b3b-fd89-4a69-bc59-0ff4e485de6a,беднее словарь,0.7525225340036021,0.08920702454287345,0.41408620255871303,0.34
LLM,coling::fedf3b3b-fd89-4a69-bc59-0ff4e485de6a,без синонимов,0.7482102481491112,0.08682876556401113,0.4056619079105878,0.3466666666666667
LLM,coling::fedf3b3b-fd89-4a69-bc59-0ff4e485de6a,термин в той же обёртке,0.7498347015729877,0.08823183238922783,0.3890796222090263,0.3233333333333333
LLM,coling::fedf3b3b-fd89-4a69-bc59-0ff4e485de6a,богаче словарь,0.7567767334894594,0.09474205721999157,0.4155672919317836,0.26666666666666666
LLM,coling::fedf3b3b-fd89-4a69-bc59-0ff4e485de6a,ни одного слова дважды,0.7548137963441516,0.09962999907272939,0.41734792799754256,0.22833333333333336
LLM,coling::fedf3b3b-fd89-4a69-bc59-0ff4e485de6a,редкие синонимы,0.7523924646078566,0.10193189671808824,0.40565190052078237,0.27166666666666667
LLM,coling::fedf3b3b-fd89-4a69-bc59-0ff4e485de6a,художественный стиль,0.7617870795058342,0.08666992693783733,0.42004925141613864,0.21166666666666667
LLM,coling::fedf3b3b-fd89-4a69-bc59-0ff4e485de6a,анафора,0.7378474710681483,0.09085021453613218,0.28913675377242587,0.375
LLM,coling::fedf3b3b-fd89-4a69-bc59-0ff4e485de6a,поле: значение,0.6857780095740159,0.11882174444676323,0.3124928394837415,0.305
LLM,coling::fedf3b3b-fd89-4a69-bc59-0ff4e485de6a,перемешивание,0.7470379818759193,0.08426085201601476,0.473809939335053,0.28833333333333333
LLM,coling::fedf3b3b-fd89-4a69-bc59-0ff4e485de6a,чужие хапаксы,0.7421733640180705,0.10087147272967896,0.4375441602482108,0.2916666666666667
LLM,coling::019875e1-f507-4de8-a2a7-1f1dffeba025,исходный,0.7512001047839517,0.07788887001258636,0.39957622062863357,0.37666666666666665
LLM,coling::019875e1-f507-4de8-a2a7-1f1dffeba025,тема вписана,0.7545703783575716,0.08615549047450217,0.4089043320957098,0.35833333333333334
LLM,coling::019875e1-f507-4de8-a2a7-1f1dffeba025,меньше мыслей,0.7451232366585435,0.10164837471362859,0.3802529165158565,0.2966666666666667
LLM,coling::019875e1-f507-4de8-a2a7-1f1dffeba025,одна тема,0.7524461396636418,0.08605738972300814,0.40043415980484953,0.38833333333333336
LLM,coling::019875e1-f507-4de8-a2a7-1f1dffeba025,беднее словарь,0.7531514772674713,0.08232595630460637,0.3964346501783511,0.4066666666666667
LLM,coling::019875e1-f507-4de8-a2a7-1f1dffeba025,без синонимов,0.7455758284034336,0.08433319313738045,0.37347718580539135,0.405
LLM,coling::019875e1-f507-4de8-a2a7-1f1dffeba025,термин в той же обёртке,0.7565866191747057,0.0772850456192346,0.39025700849669526,0.36166666666666664
LLM,coling::019875e1-f507-4de8-a2a7-1f1dffeba025,каждое предложение о своём,0.7663247905745519,0.0871936608982759,0.41583655085012655,0.285
LLM,coling::019875e1-f507-4de8-a2a7-1f1dffeba025,богаче словарь,0.7464562146079308,0.0834121601986497,0.40649201703652776,0.3433333333333333
LLM,coling::019875e1-f507-4de8-a2a7-1f1dffeba025,ни одного слова дважды,0.7537256014288382,0.09123332690556107,0.3919094620954844,0.31
LLM,coling::019875e1-f507-4de8-a2a7-1f1dffeba025,редкие синонимы,0.7505350021639124,0.08411401684716345,0.39051739543666075,0.345
LLM,coling::019875e1-f507-4de8-a2a7-1f1dffeba025,художественный стиль,0.7552986472979408,0.09385948760392493,0.40495523179842347,0.26666666666666666
LLM,coling::019875e1-f507-4de8-a2a7-1f1dffeba025,анафора,0.7412127387025959,0.08969216804956076,0.3335654775856885,0.39666666666666667
LLM,coling::019875e1-f507-4de8-a2a7-1f1dffeba025,поле: значение,0.699381297101142,0.1253899208937699,0.29425937749728076,0.3383333333333334
LLM,coling::019875e1-f507-4de8-a2a7-1f1dffeba025,перемешивание,0.7304475244690015,0.08317070624796612,0.45909357160047254,0.3499999999999999
LLM,coling::019875e1-f507-4de8-a2a7-1f1dffeba025,чужие хапаксы,0.7215050923086954,0.09661935728167843,0.39542456283314914,0.355
LLM,coling::7c3f2a9c-bdfc-4800-8191-0036c8cec709,исходный,0.759724623885106,0.08910056220198238,0.42884575383270995,0.2933333333333334
LLM,coling::7c3f2a9c-bdfc-4800-8191-0036c8cec709,меньше мыслей,0.7311337829637222,0.08949385250467146,0.38646625812076835,0.2783333333333333
LLM,coling::7c3f2a9c-bdfc-4800-8191-0036c8cec709,одна тема,0.7413193860349575,0.08790779743472658,0.4024132228198012,0.41333333333333333
LLM,coling::7c3f2a9c-bdfc-4800-8191-0036c8cec709,термин в той же обёртке,0.7481106196182857,0.09061490678621653,0.40100117319017164,0.3666666666666667
LLM,coling::7c3f2a9c-bdfc-4800-8191-0036c8cec709,каждое предложение о своём,0.7553447626133266,0.09909542223657046,0.409916549599493,0.25333333333333335
LLM,coling::7c3f2a9c-bdfc-4800-8191-0036c8cec709,богаче словарь,0.7550257034597267,0.09021007423624844,0.41471683321941555,0.25666666666666665
LLM,coling::7c3f2a9c-bdfc-4800-8191-0036c8cec709,редкие синонимы,0.7412226844036788,0.09972047732640972,0.4056418875073844,0.26499999999999996
LLM,coling::7c3f2a9c-bdfc-4800-8191-0036c8cec709,художественный стиль,0.7531310128156723,0.08734121628635962,0.41583045812431374,0.22166666666666668
LLM,coling::7c3f2a9c-bdfc-4800-8191-0036c8cec709,анафора,0.6809630786597992,0.09962128178785586,0.28750166024595925,0.40166666666666667
LLM,coling::7c3f2a9c-bdfc-4800-8191-0036c8cec709,поле: значение,0.6986152516359952,0.12148106964178962,0.326653591243236,0.3333333333333333
LLM,coling::7c3f2a9c-bdfc-4800-8191-0036c8cec709,перемешивание,0.7312872089919278,0.11144137506219438,0.4516637381279171,0.2816666666666667
LLM,coling::7c3f2a9c-bdfc-4800-8191-0036c8cec709,чужие хапаксы,0.7198475144487938,0.10218114421094097,0.42706567679322455,0.32
LLM,coling::c986a4de-fede-44ef-b275-ef7634245f1b,исходный,0.7811352881632075,0.09268244886169286,0.41545917873043736,0.5183333333333334
LLM,coling::c986a4de-fede-44ef-b275-ef7634245f1b,тема вписана,0.7595091584408308,0.09943389123841623,0.41681897995861245,0.38999999999999996
LLM,coling::c986a4de-fede-44ef-b275-ef7634245f1b,меньше мыслей,0.7125622689058578,0.12443085472404146,0.31943600764966923,0.5766666666666667
LLM,coling::c986a4de-fede-44ef-b275-ef7634245f1b,одна тема,0.7675392488493281,0.1006990319619993,0.4374942604254343,0.48166666666666663
LLM,coling::c986a4de-fede-44ef-b275-ef7634245f1b,беднее словарь,0.7721811363151709,0.09727069409331272,0.3846382141190295,0.52
LLM,coling::c986a4de-fede-44ef-b275-ef7634245f1b,без синонимов,0.784144616050129,0.09123578768467634,0.3840572051271913,0.5666666666666668
LLM,coling::c986a4de-fede-44ef-b275-ef7634245f1b,каждое предложение о своём,0.7592058937839111,0.08702544993105721,0.4021304914781578,0.35333333333333333
LLM,coling::c986a4de-fede-44ef-b275-ef7634245f1b,богаче словарь,0.7594882703354687,0.1040551899808324,0.42552872678241394,0.20166666666666666
LLM,coling::c986a4de-fede-44ef-b275-ef7634245f1b,ни одного слова дважды,0.7722946639370267,0.09409881767122681,0.4135834502488336,0.375
LLM,coling::c986a4de-fede-44ef-b275-ef7634245f1b,редкие синонимы,0.7661108664167987,0.09395290675715655,0.4135863919284812,0.41333333333333333
LLM,coling::c986a4de-fede-44ef-b275-ef7634245f1b,художественный стиль,0.7576375812274455,0.08938335683917897,0.40071287344536627,0.2333333333333333
LLM,coling::c986a4de-fede-44ef-b275-ef7634245f1b,анафора,0.7375057995024049,0.10743770070106225,0.34286302321159196,0.35666666666666663
LLM,coling::c986a4de-fede-44ef-b275-ef7634245f1b,поле: значение,0.6760995991905737,0.1474916198989365,0.2843689981370832,0.4583333333333333
LLM,coling::c986a4de-fede-44ef-b275-ef7634245f1b,перемешивание,0.7805521960139584,0.09997182950341577,0.5322415404062775,0.49
LLM,coling::c986a4de-fede-44ef-b275-ef7634245f1b,чужие хапаксы,0.7551098924599938,0.09696858730373452,0.4420542441115762,0.48
LLM,coling::c5dd6ecd-4882-4b86-be71-efecfae71001,исходный,0.7745191533437064,0.08539472060921839,0.45083910402597044,0.34833333333333333
LLM,coling::c5dd6ecd-4882-4b86-be71-efecfae71001,тема вписана,0.7696117045618425,0.09099075676165615,0.45504333623119925,0.33666666666666667
LLM,coling::c5dd6ecd-4882-4b86-be71-efecfae71001,меньше мыслей,0.7000104027710176,0.13846050535542817,0.3017863276424375,0.6283333333333334
LLM,coling::c5dd6ecd-4882-4b86-be71-efecfae71001,одна тема,0.7610565772770014,0.09697316443363835,0.4277430032942699,0.34
LLM,coling::c5dd6ecd-4882-4b86-be71-efecfae71001,беднее словарь,0.7652621533968261,0.08121949010556719,0.45483738871020707,0.39666666666666667
LLM,coling::c5dd6ecd-4882-4b86-be71-efecfae71001,без синонимов,0.7695345308360966,0.08433342453354159,0.4447797870598693,0.36833333333333335
LLM,coling::c5dd6ecd-4882-4b86-be71-efecfae71001,термин в той же обёртке,0.7688529714148585,0.09105117669188001,0.42302824333525396,0.38999999999999996
LLM,coling::c5dd6ecd-4882-4b86-be71-efecfae71001,каждое предложение о своём,0.765983979731015,0.0859475233692768,0.43118541123588444,0.25166666666666665
LLM,coling::c5dd6ecd-4882-4b86-be71-efecfae71001,богаче словарь,0.7557037806116127,0.0925746727187049,0.41213424641001906,0.21166666666666667
LLM,coling::c5dd6ecd-4882-4b86-be71-efecfae71001,ни одного слова дважды,0.7611709896726389,0.09462812373491981,0.44117723511848667,0.3416666666666666
LLM,coling::c5dd6ecd-4882-4b86-be71-efecfae71001,редкие синонимы,0.7433198256342951,0.09998723313961629,0.4331338306673019,0.365
LLM,coling::c5dd6ecd-4882-4b86-be71-efecfae71001,художественный стиль,0.7609729384550082,0.09840497025528967,0.42810107072851694,0.2283333333333333
LLM,coling::c5dd6ecd-4882-4b86-be71-efecfae71001,анафора,0.7036297972629537,0.1148462168352748,0.316400680889704,0.48
LLM,coling::c5dd6ecd-4882-4b86-be71-efecfae71001,поле: значение,0.6982643721885675,0.10505922735562666,0.2955533843356368,0.34
LLM,coling::c5dd6ecd-4882-4b86-be71-efecfae71001,перемешивание,0.7424304084483387,0.09590473147932442,0.49194960125443865,0.37166666666666665
LLM,coling::c5dd6ecd-4882-4b86-be71-efecfae71001,чужие хапаксы,0.7268302873155937,0.11030051111377309,0.4458513259463562,0.3466666666666667
LLM,coling::b53b4239-d0ed-4e79-b84e-c3496abd88eb,исходный,0.7385948690088603,0.09477915992272024,0.4315634865487601,0.4283333333333333
LLM,coling::b53b4239-d0ed-4e79-b84e-c3496abd88eb,тема вписана,0.7502035642036892,0.08766076217589862,0.40873207429802566,0.38833333333333336
LLM,coling::b53b4239-d0ed-4e79-b84e-c3496abd88eb,меньше мыслей,0.6914742414717189,0.11255290332854513,0.32326651604630113,0.3
LLM,coling::b53b4239-d0ed-4e79-b84e-c3496abd88eb,одна тема,0.7468586055173461,0.08559731650288736,0.39082523650707524,0.49499999999999994
LLM,coling::b53b4239-d0ed-4e79-b84e-c3496abd88eb,беднее словарь,0.7287930334395578,0.0876439515696155,0.3767757345866207,0.49833333333333335
LLM,coling::b53b4239-d0ed-4e79-b84e-c3496abd88eb,без синонимов,0.7391504822790753,0.08416488731982519,0.390820710076252,0.4766666666666666
LLM,coling::b53b4239-d0ed-4e79-b84e-c3496abd88eb,термин в той же обёртке,0.7101449921477032,0.08275875624981971,0.4006951190789054,0.48500000000000004
LLM,coling::b53b4239-d0ed-4e79-b84e-c3496abd88eb,каждое предложение о своём,0.7498925973079663,0.09198525324404618,0.4278437283461953,0.24666666666666667
LLM,coling::b53b4239-d0ed-4e79-b84e-c3496abd88eb,богаче словарь,0.7422853546480054,0.09347985547189852,0.41970979733353325,0.4000000000000001
LLM,coling::b53b4239-d0ed-4e79-b84e-c3496abd88eb,ни одного слова дважды,0.7523224868143172,0.09330155335798623,0.4133126035390528,0.26333333333333336
LLM,coling::b53b4239-d0ed-4e79-b84e-c3496abd88eb,редкие синонимы,0.7456085182173414,0.09225522008923483,0.4173329186003933,0.4533333333333333
LLM,coling::b53b4239-d0ed-4e79-b84e-c3496abd88eb,художественный стиль,0.7477017881880833,0.09506358266614495,0.3894523992038856,0.27666666666666667
LLM,coling::b53b4239-d0ed-4e79-b84e-c3496abd88eb,анафора,0.6952830815534421,0.10385604592015744,0.2865508683542565,0.38166666666666665
LLM,coling::b53b4239-d0ed-4e79-b84e-c3496abd88eb,поле: значение,0.6874600895890658,0.11894924134540164,0.2623628495139,0.32
LLM,coling::b53b4239-d0ed-4e79-b84e-c3496abd88eb,перемешивание,0.7424737433136195,0.08572807772802038,0.5169629730394405,0.42333333333333334
LLM,coling::b53b4239-d0ed-4e79-b84e-c3496abd88eb,чужие хапаксы,0.7275768094134675,0.09624132699471775,0.45088082648184663,0.47333333333333333
LLM,coling::1eb5e451-a672-4645-8dea-c413ad11c953,исходный,0.7572030806122655,0.08491131821567767,0.44540979915499407,0.3833333333333333
LLM,coling::1eb5e451-a672-4645-8dea-c413ad11c953,тема вписана,0.7600406044782666,0.09200157226143857,0.4126357151325224,0.36833333333333335
LLM,coling::1eb5e451-a672-4645-8dea-c413ad11c953,меньше мыслей,0.7021984675247439,0.12206525628712249,0.31837056340864606,0.4766666666666666
LLM,coling::1eb5e451-a672-4645-8dea-c413ad11c953,одна тема,0.7149580441099402,0.09749772632735769,0.34118896331102694,0.315
LLM,coling::1eb5e451-a672-4645-8dea-c413ad11c953,беднее словарь,0.7352142226594474,0.08881181874904738,0.36614768912353307,0.43
LLM,coling::1eb5e451-a672-4645-8dea-c413ad11c953,без синонимов,0.7390157627964081,0.09332678606239651,0.36722407647230654,0.455
LLM,coling::1eb5e451-a672-4645-8dea-c413ad11c953,термин в той же обёртке,0.7270458237486989,0.08618749064743686,0.37547326407111564,0.38666666666666666
LLM,coling::1eb5e451-a672-4645-8dea-c413ad11c953,каждое предложение о своём,0.7576061444318,0.10238601659201448,0.4382880270632709,0.18999999999999997
LLM,coling::1eb5e451-a672-4645-8dea-c413ad11c953,богаче словарь,0.7609938654665135,0.09237123561922649,0.4094745771920257,0.17166666666666666
LLM,coling::1eb5e451-a672-4645-8dea-c413ad11c953,ни одного слова дважды,0.7639441819756817,0.09321051465418305,0.42441821052380213,0.3066666666666667
LLM,coling::1eb5e451-a672-4645-8dea-c413ad11c953,редкие синонимы,0.7501377241583357,0.09265121846847862,0.4346036407244063,0.3133333333333333
LLM,coling::1eb5e451-a672-4645-8dea-c413ad11c953,художественный стиль,0.7619465556813473,0.09787943221120754,0.4148122928244848,0.28
LLM,coling::1eb5e451-a672-4645-8dea-c413ad11c953,анафора,0.7379097454881439,0.08668747728337618,0.33430883016557583,0.4633333333333334
LLM,coling::1eb5e451-a672-4645-8dea-c413ad11c953,поле: значение,0.6903555140581482,0.10983535302419771,0.32835003932541706,0.3333333333333333
LLM,coling::1eb5e451-a672-4645-8dea-c413ad11c953,перемешивание,0.7599047581675199,0.08021898374154918,0.5108509410877283,0.35666666666666663
LLM,coling::1eb5e451-a672-4645-8dea-c413ad11c953,чужие хапаксы,0.7329509395251995,0.09836119114033726,0.46242798447148353,0.375
LLM,coling::f2d66835-0de6-4a50-b3da-a170f0608965,исходный,0.760761364407605,0.09774769130089885,0.4133880108403192,0.49333333333333335
LLM,coling::f2d66835-0de6-4a50-b3da-a170f0608965,тема вписана,0.7553502628629017,0.09397132260359109,0.4237372077179358,0.45166666666666666
LLM,coling::f2d66835-0de6-4a50-b3da-a170f0608965,меньше мыслей,0.7163132474197168,0.09716731734639178,0.2989711078983338,0.505
LLM,coling::f2d66835-0de6-4a50-b3da-a170f0608965,одна тема,0.7337869367778671,0.09673624506649064,0.3905135807907523,0.3466666666666667
LLM,coling::f2d66835-0de6-4a50-b3da-a170f0608965,беднее словарь,0.7516769114501881,0.1013697108300403,0.3679769538592856,0.5383333333333334
LLM,coling::f2d66835-0de6-4a50-b3da-a170f0608965,без синонимов,0.7502056884658236,0.09492367472116675,0.396911990650802,0.5583333333333335
LLM,coling::f2d66835-0de6-4a50-b3da-a170f0608965,термин в той же обёртке,0.7604132653290554,0.09713272378773045,0.4109635445511759,0.51
LLM,coling::f2d66835-0de6-4a50-b3da-a170f0608965,каждое предложение о своём,0.7518102160248237,0.0932969048560643,0.4022672214920328,0.29000000000000004
LLM,coling::f2d66835-0de6-4a50-b3da-a170f0608965,богаче словарь,0.7558634463634727,0.09360630568457422,0.43115168637684115,0.24666666666666667
LLM,coling::f2d66835-0de6-4a50-b3da-a170f0608965,ни одного слова дважды,0.7590113908423507,0.09927529692501398,0.44764435377134665,0.245
LLM,coling::f2d66835-0de6-4a50-b3da-a170f0608965,редкие синонимы,0.7616435235947933,0.08776850673659142,0.44003561213842907,0.45166666666666666
LLM,coling::f2d66835-0de6-4a50-b3da-a170f0608965,художественный стиль,0.7543727370190508,0.09708936039119508,0.4138323179776699,0.27666666666666667
LLM,coling::f2d66835-0de6-4a50-b3da-a170f0608965,анафора,0.7110601465253769,0.10646224708995251,0.3467716387041336,0.385
LLM,coling::f2d66835-0de6-4a50-b3da-a170f0608965,поле: значение,0.6931468624062397,0.1268781626176602,0.3060700169660773,0.3116666666666667
LLM,coling::f2d66835-0de6-4a50-b3da-a170f0608965,перемешивание,0.7498148920058557,0.08579358074338467,0.4851398690036101,0.5266666666666667
LLM,coling::f2d66835-0de6-4a50-b3da-a170f0608965,чужие хапаксы,0.730278616372761,0.10617545920413295,0.4226649558061335,0.49833333333333335
LLM,coling::1eb3e11f-345c-4e21-9971-65b1c025ebf0,исходный,0.7593888593865339,0.09904568673610344,0.4482497517028672,0.41333333333333333
LLM,coling::1eb3e11f-345c-4e21-9971-65b1c025ebf0,меньше мыслей,0.7199649867738817,0.10875456682665097,0.3484474003338818,0.435
LLM,coling::1eb3e11f-345c-4e21-9971-65b1c025ebf0,одна тема,0.7604502957277569,0.10130506993362727,0.4036273319304285,0.39833333333333326
LLM,coling::1eb3e11f-345c-4e21-9971-65b1c025ebf0,беднее словарь,0.7565526302088363,0.10369835911194163,0.44890449423389406,0.41
LLM,coling::1eb3e11f-345c-4e21-9971-65b1c025ebf0,термин в той же обёртке,0.7543796754127633,0.09988810993458552,0.4114939582453874,0.44333333333333336
LLM,coling::1eb3e11f-345c-4e21-9971-65b1c025ebf0,каждое предложение о своём,0.7566151240966166,0.09521642074762786,0.40511143682934114,0.2683333333333333
LLM,coling::1eb3e11f-345c-4e21-9971-65b1c025ebf0,богаче словарь,0.7592577733992062,0.09058694947856605,0.45620388905721154,0.26
LLM,coling::1eb3e11f-345c-4e21-9971-65b1c025ebf0,редкие синонимы,0.7632851081939585,0.08931487209799926,0.4383525475489088,0.38833333333333336
LLM,coling::1eb3e11f-345c-4e21-9971-65b1c025ebf0,художественный стиль,0.7508902058822341,0.09704983569547658,0.42809949864899743,0.26166666666666666
LLM,coling::1eb3e11f-345c-4e21-9971-65b1c025ebf0,анафора,0.7381653117891647,0.1079163955007733,0.31659840897602426,0.47000000000000003
LLM,coling::1eb3e11f-345c-4e21-9971-65b1c025ebf0,поле: значение,0.7035809849871199,0.12658777483548056,0.33007327609424203,0.3233333333333333
LLM,coling::1eb3e11f-345c-4e21-9971-65b1c025ebf0,перемешивание,0.7446339004467517,0.08304213732805044,0.4864847892354241,0.405
LLM,coling::1eb3e11f-345c-4e21-9971-65b1c025ebf0,чужие хапаксы,0.7346662408417451,0.1109058941286503,0.4464079088916142,0.415
LLM,coling::c0381ae0-3b9c-40a4-bc53-f4a76564adb9,исходный,0.7570386389041275,0.09220657221577493,0.41261422067726267,0.3316666666666667
LLM,coling::c0381ae0-3b9c-40a4-bc53-f4a76564adb9,тема вписана,0.755323654215413,0.08621052223831654,0.4185504054193443,0.32
LLM,coling::c0381ae0-3b9c-40a4-bc53-f4a76564adb9,меньше мыслей,0.7150572766746013,0.10245224174803146,0.3205825403770079,0.465
LLM,coling::c0381ae0-3b9c-40a4-bc53-f4a76564adb9,одна тема,0.7574587832969725,0.08915364228662903,0.389375251610943,0.4033333333333333
LLM,coling::c0381ae0-3b9c-40a4-bc53-f4a76564adb9,беднее словарь,0.7662422366543119,0.08652849940860756,0.4134327139445819,0.3833333333333333
LLM,coling::c0381ae0-3b9c-40a4-bc53-f4a76564adb9,без синонимов,0.7598258171738269,0.08730884674119428,0.41116477160103315,0.35833333333333334
LLM,coling::c0381ae0-3b9c-40a4-bc53-f4a76564adb9,термин в той же обёртке,0.7598060139508713,0.08868738417255384,0.40260979557426996,0.33666666666666667
LLM,coling::c0381ae0-3b9c-40a4-bc53-f4a76564adb9,каждое предложение о своём,0.7557330393771325,0.0899811183065551,0.39159219403630646,0.23666666666666666
LLM,coling::c0381ae0-3b9c-40a4-bc53-f4a76564adb9,богаче словарь,0.7568668194312494,0.09504984379206953,0.3986902451694562,0.2816666666666667
LLM,coling::c0381ae0-3b9c-40a4-bc53-f4a76564adb9,ни одного слова дважды,0.7527709655578528,0.09235636541943404,0.3944515557734507,0.24333333333333332
LLM,coling::c0381ae0-3b9c-40a4-bc53-f4a76564adb9,редкие синонимы,0.7578294439801897,0.08520269205241622,0.40734201278858695,0.3316666666666667
LLM,coling::c0381ae0-3b9c-40a4-bc53-f4a76564adb9,художественный стиль,0.7648880933023645,0.09204247896758426,0.4155032828718824,0.25333333333333335
LLM,coling::c0381ae0-3b9c-40a4-bc53-f4a76564adb9,анафора,0.7074895684712402,0.10702288653662412,0.30217122753615083,0.3433333333333333
LLM,coling::c0381ae0-3b9c-40a4-bc53-f4a76564adb9,поле: значение,0.696427558904258,0.08903354502315397,0.25363569727091234,0.3666666666666667
LLM,coling::c0381ae0-3b9c-40a4-bc53-f4a76564adb9,перемешивание,0.7618528699798531,0.0850731851073161,0.4602700404153315,0.3499999999999999
LLM,coling::c0381ae0-3b9c-40a4-bc53-f4a76564adb9,чужие хапаксы,0.7391968699531696,0.10096151207088618,0.41401761504363854,0.325
LLM,coling::07106895-c293-4117-be28-f75985334b33,исходный,0.7457310323297901,0.09223443079590597,0.38799958184403854,0.36166666666666664
LLM,coling::07106895-c293-4117-be28-f75985334b33,тема вписана,0.7423962875240407,0.09189936822479279,0.39490283070831816,0.3333333333333333
LLM,coling::07106895-c293-4117-be28-f75985334b33,меньше мыслей,0.7527984291272674,0.1018515907591916,0.3789655686450925,0.445
LLM,coling::07106895-c293-4117-be28-f75985334b33,одна тема,0.7341783003950842,0.09158983110047876,0.3260566946717533,0.4716666666666667
LLM,coling::07106895-c293-4117-be28-f75985334b33,беднее словарь,0.746284220693919,0.0836375184092369,0.35812701922391726,0.43
LLM,coling::07106895-c293-4117-be28-f75985334b33,без синонимов,0.747414460644437,0.08038152322468911,0.35813588922585504,0.4183333333333334
LLM,coling::07106895-c293-4117-be28-f75985334b33,термин в той же обёртке,0.7487787253558883,0.08369675575350144,0.3726890139351727,0.385
LLM,coling::07106895-c293-4117-be28-f75985334b33,каждое предложение о своём,0.7459926051885177,0.09641527878409956,0.388817572133987,0.285
LLM,coling::07106895-c293-4117-be28-f75985334b33,богаче словарь,0.739030770584253,0.09153597471179609,0.38093417299420435,0.29833333333333334
LLM,coling::07106895-c293-4117-be28-f75985334b33,ни одного слова дважды,0.7439865128636848,0.08546680796228305,0.37667747652630207,0.31833333333333336
LLM,coling::07106895-c293-4117-be28-f75985334b33,редкие синонимы,0.7468185083303084,0.08813890184686977,0.3836349939773804,0.36166666666666664
LLM,coling::07106895-c293-4117-be28-f75985334b33,художественный стиль,0.739784333552245,0.09072502974861645,0.3784383378263714,0.29666666666666663
LLM,coling::07106895-c293-4117-be28-f75985334b33,анафора,0.7459520924567924,0.08926609344874133,0.3511744434841655,0.4166666666666667
LLM,coling::07106895-c293-4117-be28-f75985334b33,поле: значение,0.7280775460128378,0.08896215946085793,0.33344066802210487,0.3933333333333333
LLM,coling::07106895-c293-4117-be28-f75985334b33,перемешивание,0.7372394076117254,0.08452959518160284,0.40854151687567586,0.3633333333333333
LLM,coling::07106895-c293-4117-be28-f75985334b33,чужие хапаксы,0.7230967002403895,0.0977552550303446,0.38803888319656704,0.37833333333333335
LLM,coling::745b25d5-34c6-4c43-a690-6414f20591ce,исходный,0.7641161413570522,0.08612710395160554,0.4209391634732073,0.34500000000000003
LLM,coling::745b25d5-34c6-4c43-a690-6414f20591ce,тема вписана,0.7661405819666904,0.09836256747931245,0.4237048804033779,0.3466666666666667
LLM,coling::745b25d5-34c6-4c43-a690-6414f20591ce,меньше мыслей,0.6993388141353695,0.12107999579414996,0.27047216653767087,0.5416666666666666
LLM,coling::745b25d5-34c6-4c43-a690-6414f20591ce,одна тема,0.7679626638050624,0.08068563194539384,0.3978893195272899,0.4000000000000001
LLM,coling::745b25d5-34c6-4c43-a690-6414f20591ce,беднее словарь,0.7683386079791384,0.08747781110413304,0.4173110390269989,0.36500000000000005
LLM,coling::745b25d5-34c6-4c43-a690-6414f20591ce,без синонимов,0.7624275278121896,0.0958432451628175,0.4145074813621062,0.375
LLM,coling::745b25d5-34c6-4c43-a690-6414f20591ce,термин в той же обёртке,0.7632208874318693,0.08484420365048405,0.41550410925664955,0.34333333333333327
LLM,coling::745b25d5-34c6-4c43-a690-6414f20591ce,каждое предложение о своём,0.7554359025609698,0.0935567569335678,0.4321207679173848,0.2733333333333333
LLM,coling::745b25d5-34c6-4c43-a690-6414f20591ce,богаче словарь,0.7600365737184673,0.09587374616492211,0.4000399409337057,0.28833333333333333
LLM,coling::745b25d5-34c6-4c43-a690-6414f20591ce,ни одного слова дважды,0.761652273177786,0.09448056731429706,0.4005741897372854,0.295
LLM,coling::745b25d5-34c6-4c43-a690-6414f20591ce,редкие синонимы,0.7700543499436178,0.09189552339699507,0.42528665972768714,0.31666666666666665
LLM,coling::745b25d5-34c6-4c43-a690-6414f20591ce,художественный стиль,0.7607675056017191,0.08913306535337806,0.4099540429687896,0.24833333333333332
LLM,coling::745b25d5-34c6-4c43-a690-6414f20591ce,анафора,0.7263945399220303,0.09552072182787084,0.3539915523270715,0.37166666666666665
LLM,coling::745b25d5-34c6-4c43-a690-6414f20591ce,поле: значение,0.7014142921432197,0.11583017007689063,0.31615138139929483,0.3433333333333333
LLM,coling::745b25d5-34c6-4c43-a690-6414f20591ce,перемешивание,0.7532539910348168,0.08917816643710585,0.4507683785334862,0.3466666666666667
LLM,coling::745b25d5-34c6-4c43-a690-6414f20591ce,чужие хапаксы,0.7388980788298133,0.10480769087497636,0.42323366757065584,0.31833333333333336
LLM,coling::4e7728dc-010d-47cb-95f2-16525a713ce3,исходный,0.7483443704297308,0.10182070337456599,0.3955345812310393,0.3466666666666667
LLM,coling::4e7728dc-010d-47cb-95f2-16525a713ce3,тема вписана,0.7444325339562937,0.10959249349839446,0.41136561020308315,0.3116666666666667
LLM,coling::4e7728dc-010d-47cb-95f2-16525a713ce3,меньше мыслей,0.6803475578799946,0.1558084485383099,0.2459516669770331,0.695
LLM,coling::4e7728dc-010d-47cb-95f2-16525a713ce3,одна тема,0.7337979519800791,0.0997589861818791,0.33886812364861907,0.42
LLM,coling::4e7728dc-010d-47cb-95f2-16525a713ce3,беднее словарь,0.744528107819279,0.09538375561114232,0.39188975233067086,0.31666666666666665
LLM,coling::4e7728dc-010d-47cb-95f2-16525a713ce3,без синонимов,0.745907171404359,0.10210632504086765,0.4010655781151799,0.3316666666666667
LLM,coling::4e7728dc-010d-47cb-95f2-16525a713ce3,термин в той же обёртке,0.7357104479644118,0.10944570201839914,0.38097156788603037,0.3433333333333333
LLM,coling::4e7728dc-010d-47cb-95f2-16525a713ce3,богаче словарь,0.7451208561265218,0.10082668483663626,0.4053838394186082,0.28833333333333333
LLM,coling::4e7728dc-010d-47cb-95f2-16525a713ce3,ни одного слова дважды,0.7378991686055567,0.10230471859391192,0.37966412753392825,0.31833333333333336
LLM,coling::4e7728dc-010d-47cb-95f2-16525a713ce3,редкие синонимы,0.7401631909529689,0.10824785748109801,0.4040134154177934,0.33499999999999996
LLM,coling::4e7728dc-010d-47cb-95f2-16525a713ce3,художественный стиль,0.740056757489822,0.09655725539290595,0.40416775742977346,0.25
LLM,coling::4e7728dc-010d-47cb-95f2-16525a713ce3,анафора,0.7188097659672104,0.09663970942398381,0.33361437755629914,0.39666666666666667
LLM,coling::4e7728dc-010d-47cb-95f2-16525a713ce3,поле: значение,0.7056388314995572,0.10751925566572094,0.29201313726019273,0.38833333333333336
LLM,coling::4e7728dc-010d-47cb-95f2-16525a713ce3,перемешивание,0.7364915536867231,0.08577138644270214,0.44270032992322034,0.34
LLM,coling::4e7728dc-010d-47cb-95f2-16525a713ce3,чужие хапаксы,0.7262148615675198,0.10832130782612148,0.40196342957837633,0.305
LLM,coling::a0b0f9d5-62dc-4996-9de4-5e5f9b3bcf06,исходный,0.7626825124040099,0.08083309638627835,0.39508006563035963,0.33
LLM,coling::a0b0f9d5-62dc-4996-9de4-5e5f9b3bcf06,тема вписана,0.7542540223627481,0.09114573749770226,0.4060515671691077,0.32
LLM,coling::a0b0f9d5-62dc-4996-9de4-5e5f9b3bcf06,меньше мыслей,0.6928370163215161,0.1141823706878335,0.3034926004143746,0.64
LLM,coling::a0b0f9d5-62dc-4996-9de4-5e5f9b3bcf06,одна тема,0.7559637251563989,0.09107519724693919,0.35881976397332677,0.35333333333333333
LLM,coling::a0b0f9d5-62dc-4996-9de4-5e5f9b3bcf06,беднее словарь,0.7603474549015129,0.08339446576462102,0.4171643255749442,0.37666666666666665
LLM,coling::a0b0f9d5-62dc-4996-9de4-5e5f9b3bcf06,без синонимов,0.758026647042246,0.07943114144743334,0.3813978998559871,0.36000000000000004
LLM,coling::a0b0f9d5-62dc-4996-9de4-5e5f9b3bcf06,термин в той же обёртке,0.7624125524219152,0.08431309671275328,0.4153043201007796,0.3316666666666666
LLM,coling::a0b0f9d5-62dc-4996-9de4-5e5f9b3bcf06,каждое предложение о своём,0.7597223823162257,0.08085625727345715,0.4023079397791635,0.21666666666666667
LLM,coling::a0b0f9d5-62dc-4996-9de4-5e5f9b3bcf06,богаче словарь,0.7604135465458196,0.08525077246314854,0.41283241375632196,0.29833333333333334
LLM,coling::a0b0f9d5-62dc-4996-9de4-5e5f9b3bcf06,ни одного слова дважды,0.756143693611088,0.09648422680036668,0.36953959921010515,0.22
LLM,coling::a0b0f9d5-62dc-4996-9de4-5e5f9b3bcf06,редкие синонимы,0.7551581628512399,0.08533614059545526,0.39789775239209996,0.30333333333333334
LLM,coling::a0b0f9d5-62dc-4996-9de4-5e5f9b3bcf06,художественный стиль,0.7607459454021801,0.08570412608144244,0.41960050315399505,0.23666666666666666
LLM,coling::a0b0f9d5-62dc-4996-9de4-5e5f9b3bcf06,анафора,0.7404654457412742,0.08154924042123697,0.3053525123900899,0.3466666666666667
LLM,coling::a0b0f9d5-62dc-4996-9de4-5e5f9b3bcf06,поле: значение,0.7292701388192645,0.09234149397517122,0.3524633537206523,0.34
LLM,coling::a0b0f9d5-62dc-4996-9de4-5e5f9b3bcf06,перемешивание,0.7556528457776167,0.07983042642013206,0.46439183190521555,0.33666666666666667
LLM,coling::a0b0f9d5-62dc-4996-9de4-5e5f9b3bcf06,чужие хапаксы,0.731072608197152,0.09640031066730352,0.41981150916440946,0.33
LLM,coling::d8e4451f-f606-413a-a2c5-5f2b5e9c789f,исходный,0.7728091897576156,0.0847948648979452,0.4326294288777242,0.375
LLM,coling::d8e4451f-f606-413a-a2c5-5f2b5e9c789f,меньше мыслей,0.7358905699354499,0.08898204683570778,0.3968772310919925,0.46166666666666667
LLM,coling::d8e4451f-f606-413a-a2c5-5f2b5e9c789f,одна тема,0.7609787791223352,0.08230785320247293,0.4019578332907015,0.3283333333333333
LLM,coling::d8e4451f-f606-413a-a2c5-5f2b5e9c789f,беднее словарь,0.7714956104545739,0.08784324559267055,0.42410307530697317,0.4083333333333334
LLM,coling::d8e4451f-f606-413a-a2c5-5f2b5e9c789f,термин в той же обёртке,0.764535805501326,0.07213204934234806,0.4046287386746859,0.42
LLM,coling::d8e4451f-f606-413a-a2c5-5f2b5e9c789f,богаче словарь,0.7702632628582559,0.08948451893731557,0.41098869153831025,0.36833333333333335
LLM,coling::d8e4451f-f606-413a-a2c5-5f2b5e9c789f,редкие синонимы,0.7701688458709067,0.09210897413005499,0.40035443959518835,0.3433333333333333
LLM,coling::d8e4451f-f606-413a-a2c5-5f2b5e9c789f,художественный стиль,0.7651710770840249,0.0968411221420075,0.41659626669440075,0.25166666666666665
LLM,coling::d8e4451f-f606-413a-a2c5-5f2b5e9c789f,анафора,0.7344436729975224,0.08299684397758439,0.3239195617544213,0.445
LLM,coling::d8e4451f-f606-413a-a2c5-5f2b5e9c789f,поле: значение,0.7258986385478204,0.11005204506560155,0.3448209025906552,0.33166666666666667
LLM,coling::d8e4451f-f606-413a-a2c5-5f2b5e9c789f,перемешивание,0.7634236401103056,0.08478243351693843,0.4523142164818342,0.38999999999999996
LLM,coling::d8e4451f-f606-413a-a2c5-5f2b5e9c789f,чужие хапаксы,0.7430775180015546,0.10330358397692456,0.4382945808144639,0.35333333333333333
LLM,coling::60e5cc06-240c-4ed3-80bd-353d0ba88cb2,исходный,0.7557523584927477,0.10025160202865363,0.4108832295088501,0.38000000000000006
LLM,coling::60e5cc06-240c-4ed3-80bd-353d0ba88cb2,тема вписана,0.7505961575137987,0.09906724704051549,0.38915334985729594,0.35000000000000003
LLM,coling::60e5cc06-240c-4ed3-80bd-353d0ba88cb2,меньше мыслей,0.7086189574384957,0.11306172244377675,0.3493390747388263,0.4466666666666666
LLM,coling::60e5cc06-240c-4ed3-80bd-353d0ba88cb2,одна тема,0.7545460769216271,0.10393663665323231,0.3887733801642015,0.36500000000000005
LLM,coling::60e5cc06-240c-4ed3-80bd-353d0ba88cb2,беднее словарь,0.7603364697880037,0.10041285360777778,0.38535224428705694,0.425
LLM,coling::60e5cc06-240c-4ed3-80bd-353d0ba88cb2,без синонимов,0.7471163510916807,0.10040196323719314,0.38288672923008565,0.405
LLM,coling::60e5cc06-240c-4ed3-80bd-353d0ba88cb2,термин в той же обёртке,0.7427540680297269,0.10775222350513018,0.38049945599571317,0.42500000000000004
LLM,coling::60e5cc06-240c-4ed3-80bd-353d0ba88cb2,каждое предложение о своём,0.7593015608955683,0.09783758559164835,0.42271852565213924,0.18166666666666664
LLM,coling::60e5cc06-240c-4ed3-80bd-353d0ba88cb2,богаче словарь,0.7372994901588573,0.09651767959016765,0.39145514269345183,0.24666666666666667
LLM,coling::60e5cc06-240c-4ed3-80bd-353d0ba88cb2,ни одного слова дважды,0.7401496003743303,0.09952052739784513,0.3771403090667265,0.3033333333333333
LLM,coling::60e5cc06-240c-4ed3-80bd-353d0ba88cb2,редкие синонимы,0.7574121202309693,0.10417276817788247,0.40458148379581144,0.3316666666666666
LLM,coling::60e5cc06-240c-4ed3-80bd-353d0ba88cb2,художественный стиль,0.7621412569745528,0.09617875061361973,0.4088671876496754,0.205
LLM,coling::60e5cc06-240c-4ed3-80bd-353d0ba88cb2,анафора,0.6922432356873497,0.09608627430803753,0.2851786655076973,0.4883333333333333
LLM,coling::60e5cc06-240c-4ed3-80bd-353d0ba88cb2,поле: значение,0.6774818276922879,0.11774445714049642,0.27018011163580574,0.3116666666666667
LLM,coling::60e5cc06-240c-4ed3-80bd-353d0ba88cb2,перемешивание,0.730184300576132,0.10333302992867606,0.4232487457480816,0.36833333333333335
LLM,coling::60e5cc06-240c-4ed3-80bd-353d0ba88cb2,чужие хапаксы,0.7175200166846567,0.09558791544786117,0.4018523590493599,0.38166666666666665
