набор,текст,условие,крупный,мелкий,средний,типов
механические,0,исходный,26.347983564868056,15.116103023093634,23.79250682601305,124.0
механические,0,перемешивание,27.64998039627135,20.79883575116097,27.347029968361213,119.66666666666667
механические,0,эхо на четверти,26.066694657005144,18.328377290986115,23.60361756318984,117.0
механические,0,словарь к 60,24.637721760659108,15.86477610687101,23.844473347808496,101.0
механические,0,все слова разные,22.46740499205499,22.382939054084602,24.224534402754326,139.0
механические,0,чужие хапаксы,22.051234314988903,23.35476929173771,25.968606426304678,125.0
механические,0,хапаксы одного домена,22.22634018396081,24.04813720880344,30.278174561665566,123.0
механические,0,20 чужих хапаксов,25.0924642680077,18.138481511772422,24.802476597102356,120.0
механические,0,маркер каждые 3,42.429688346739844,19.54279849492993,28.667871210592846,108.0
механические,0,без пунктуации,47.032786900847206,18.228874663984627,33.442395551266934,118.33333333333333
механические,0,без служебных,24.154249461185383,15.922952908230139,23.745368042814444,122.0
механические,1,исходный,29.284670100211724,21.731689596071277,26.133901618672496,130.66666666666666
механические,1,перемешивание,32.88163652072411,23.009837567351088,30.126598814610933,137.0
механические,1,эхо x2,36.72178252049029,25.578099488969247,32.053679496430455,105.66666666666667
механические,1,эхо на четверти,25.095954405077805,21.18407409359668,28.194760875212165,122.33333333333333
механические,1,словарь к 60,27.47755674307585,21.517146327296263,28.03925260757288,110.66666666666667
механические,1,все слова разные,26.828847037761104,27.20275450982111,29.18212485137761,144.66666666666666
механические,1,чужие хапаксы,28.304806505944423,21.14657904899939,25.51608967980722,139.66666666666666
механические,1,хапаксы одного домена,26.313222431565837,22.505717833576426,27.950089391815865,138.66666666666666
механические,1,20 чужих хапаксов,25.302136507644178,21.08351136475314,24.37501668872228,133.66666666666666
механические,1,маркер каждые 3,33.26351300815148,21.785907253306604,33.99690413341825,117.33333333333333
механические,1,без пунктуации,38.16979808006824,18.12505609879913,32.02479085021338,138.0
механические,1,без служебных,27.18327901486084,20.082123217963396,26.333800617319767,144.66666666666666
механические,2,исходный,28.616553063616568,16.150553486434095,25.68973553436376,122.33333333333333
механические,2,перемешивание,35.52309311842308,23.245931374423805,33.769116422181746,123.33333333333333
механические,2,эхо x2,28.27673018850155,15.040949178280206,27.784543956946948,101.0
механические,2,эхо на четверти,34.128100561339686,18.51811777009694,27.550934440661763,115.66666666666667
механические,2,словарь к 60,28.99462256769781,22.004312045846152,22.75924821703046,107.0
механические,2,все слова разные,28.667817751105915,32.22736460378281,32.5170446813813,163.66666666666666
механические,2,чужие хапаксы,29.096020705068867,22.941074592546062,24.446894191774387,121.33333333333333
механические,2,хапаксы одного домена,31.34904655108133,24.741416849183565,27.113072070355457,121.0
механические,2,20 чужих хапаксов,31.822633285893364,17.39388417916173,27.25054003466722,125.33333333333333
механические,2,маркер каждые 3,29.419201579429913,22.694663578983874,30.0154567339311,108.66666666666667
механические,2,без пунктуации,29.386584413184718,16.56969165058013,26.895986566697236,118.0
механические,2,без служебных,29.922158082447634,18.275388576667243,24.6745433414584,126.33333333333333
механические,3,исходный,29.409107919613877,14.458594266769081,26.832078662521173,135.0
механические,3,перемешивание,40.82978740863112,20.641470892071588,34.66484321588649,137.0
механические,3,эхо x2,42.84346578606138,17.81649499501727,34.483612288795435,108.33333333333333
механические,3,эхо на четверти,31.2680385539051,14.436334710359121,27.169865275008835,130.33333333333334
механические,3,словарь к 60,25.858653920808752,19.12054356608764,26.223022340025864,104.0
механические,3,все слова разные,32.310489195495784,24.25465868269411,32.992140011584645,159.33333333333334
механические,3,чужие хапаксы,28.705118506775147,19.038647966944698,33.759997873708976,131.33333333333334
механические,3,хапаксы одного домена,25.89245834174334,22.303709248486538,31.75504543252971,139.33333333333334
механические,3,20 чужих хапаксов,31.01601277157458,16.519344485893814,29.554412058745186,138.33333333333334
механические,3,маркер каждые 3,80.1800870631851,19.560639390551504,46.850616576767585,110.33333333333333
механические,3,без пунктуации,40.758338496719766,16.82485264473072,33.87274454553262,135.33333333333334
механические,3,без служебных,28.499234023262105,16.93101773974152,29.952738193761746,142.0
механические,4,исходный,26.747209108255063,17.391774332717322,24.13389108154638,131.0
механические,4,перемешивание,23.218526473195766,18.952204970569664,24.006603424444986,131.33333333333334
механические,4,эхо x2,22.994974908107878,18.630414380697896,24.179038308832542,105.33333333333333
механические,4,эхо на четверти,23.79783242869792,19.769291080857567,23.876054539387336,116.66666666666667
механические,4,словарь к 60,26.44133663507257,17.63123824017912,25.152937743954695,107.33333333333333
механические,4,все слова разные,30.623857206881254,26.56266332404441,32.079265310694105,149.33333333333334
механические,4,чужие хапаксы,23.91575717269289,25.199748472140687,27.841787110245832,127.33333333333333
механические,4,хапаксы одного домена,21.92699737195331,26.7569464692247,26.359300383997795,129.0
механические,4,20 чужих хапаксов,23.341398134919114,24.065495609565062,25.611471544649902,132.0
механические,4,маркер каждые 3,32.879711069685975,19.324952010939338,27.10685255750624,113.33333333333333
механические,4,без пунктуации,37.7661678620178,22.663885098170507,33.397717523471115,134.66666666666666
механические,4,без служебных,27.306699009899877,21.218947317233084,24.34585660900089,137.66666666666666
механические,5,исходный,27.485716917503108,14.97223839956524,24.41176037133305,123.0
механические,5,перемешивание,28.48808363431215,19.160358115817786,26.918113747199314,130.0
механические,5,эхо x2,41.174510677683955,18.450026966475715,30.232802305817373,107.66666666666667
механические,5,эхо на четверти,33.3557150396846,18.594103562384003,29.803799888042562,116.0
механические,5,все слова разные,25.997911996875715,25.1721241677765,32.79553760103138,141.0
механические,5,чужие хапаксы,25.416296708234977,26.625961409104107,31.217154127413295,127.0
механические,5,хапаксы одного домена,23.070469212241353,24.724856550609758,30.061421421480983,128.33333333333334
механические,5,20 чужих хапаксов,27.28568502889787,19.000468696251993,30.075311062808623,124.0
механические,5,маркер каждые 3,44.583141351049754,18.238508734290242,35.39031532349649,106.66666666666667
механические,5,без пунктуации,37.20468278269604,17.952412636451097,30.582781515869744,132.0
механические,5,без служебных,21.17342634285724,16.052581961942412,25.55217822544579,140.0
механические,6,исходный,38.86833533602104,18.1414361693582,33.604142887009836,133.0
механические,6,перемешивание,39.65577070057912,26.507583088363777,36.881430477721715,131.33333333333334
механические,6,эхо x2,64.54830712907084,23.26782496749911,44.709144583836384,116.33333333333333
механические,6,эхо на четверти,32.906612998392305,19.054126060411374,33.0058178347679,126.0
механические,6,все слова разные,33.6184421284529,30.26536816056479,38.754782182566224,144.33333333333334
механические,6,чужие хапаксы,31.050984867137924,25.664248356800726,37.59387235845066,133.0
механические,6,хапаксы одного домена,29.284910103403305,29.250527086855925,33.28744584104141,135.33333333333334
механические,6,20 чужих хапаксов,32.58526339629925,22.046359314361165,33.17581085414677,129.33333333333334
механические,6,маркер каждые 3,56.34869947967339,28.089797585044554,46.55697587134089,106.66666666666667
механические,6,без пунктуации,38.49282896049403,24.65612455047014,32.21161820675156,135.33333333333334
механические,6,без служебных,32.978323434292584,19.459578396570556,32.539144506629945,145.66666666666666
механические,7,исходный,34.17929654486879,22.93657794610402,31.427321957387232,131.66666666666666
механические,7,перемешивание,40.502340027163406,19.4861379366332,32.982098563912324,130.66666666666666
механические,7,эхо на четверти,37.44505724301123,25.060423396964946,32.37603454981252,109.66666666666667
механические,7,все слова разные,29.11467060787651,24.40119260656778,28.044159853653706,153.33333333333334
механические,7,чужие хапаксы,35.482825249686066,28.159914536539976,34.34207161529962,134.0
механические,7,хапаксы одного домена,35.65600510400654,22.663865115248328,33.52978493680671,133.66666666666666
механические,7,20 чужих хапаксов,54.917239785697156,24.584142256897493,39.59947422573091,129.66666666666666
механические,7,маркер каждые 3,74.0719335328898,20.730414515487876,39.30812782995768,109.33333333333333
механические,7,без пунктуации,46.37691889151674,24.712632195488883,37.14185702984424,132.66666666666666
механические,7,без служебных,30.291209470187454,23.785053615622825,28.015480573830022,145.33333333333334
механические,8,исходный,33.16566175274969,18.421235536425392,26.0634653908787,129.66666666666666
механические,8,перемешивание,35.988312453397945,26.093914161036178,29.11641141375742,127.33333333333333
механические,8,эхо x2,45.85882401374881,20.13971474447688,29.935352381740888,104.0
механические,8,эхо на четверти,39.75984806102914,20.190838845481267,24.853693869363735,112.66666666666667
механические,8,словарь к 60,34.14681363278857,20.715746738619636,26.473303103001523,102.5
механические,8,все слова разные,27.66199364979558,26.104006317318078,31.250881131295042,164.33333333333334
механические,8,чужие хапаксы,31.815306853760756,27.015743997679028,27.791120858420044,135.66666666666666
механические,8,хапаксы одного домена,33.63488639814841,21.801902532773322,25.983995987125127,132.66666666666666
механические,8,20 чужих хапаксов,44.31167665082347,19.884341685035636,24.265844764774997,130.33333333333334
механические,8,маркер каждые 3,53.96459073391812,21.697168352351003,34.2703563938028,112.0
механические,8,без пунктуации,36.54227470142715,18.80753866994016,29.002793139840573,127.0
механические,8,без служебных,36.089364841949326,20.704919209681435,29.358446220272715,131.66666666666666
механические,9,исходный,35.96668244511357,25.629326310784798,33.47547301831734,101.0
механические,9,все слова разные,28.6452479469795,29.94565564984151,31.40201265442037,136.33333333333334
механические,9,чужие хапаксы,51.136353446157244,17.640731044688362,32.62403630070556,101.0
механические,9,20 чужих хапаксов,35.19614744554139,20.345057150574892,30.51344920720448,107.0
механические,9,без пунктуации,90.43460967599201,28.422089994971298,41.91813586413211,101.0
механические,9,без служебных,50.71720433235243,25.1277505049966,36.776364394897,113.66666666666667
механические,10,исходный,26.712845897109474,16.220262227092476,28.70557666733578,134.33333333333334
механические,10,перемешивание,34.09047875212723,21.33278826127088,29.832600200442027,137.66666666666666
механические,10,эхо x2,29.109732221124357,20.94871973735698,29.370497221478605,113.33333333333333
механические,10,эхо на четверти,34.336759612087256,18.262363846651194,29.657802215013376,129.0
механические,10,все слова разные,27.96335978437914,26.345764864451116,31.74706040957322,145.33333333333334
механические,10,чужие хапаксы,23.536412580252904,20.61919699326779,27.328857212565932,136.0
механические,10,хапаксы одного домена,22.34573241862847,21.81999320339108,26.238741270294337,135.33333333333334
механические,10,20 чужих хапаксов,27.23331168789279,20.49514518401003,28.855759546765707,140.0
механические,10,маркер каждые 3,40.8189537726473,21.028954215086227,29.765499200532815,115.66666666666667
механические,10,без пунктуации,49.736550000369256,18.65974561286534,34.25480626102243,141.0
механические,10,без служебных,28.496676376646892,16.61617904321776,28.75332545083496,141.0
механические,11,исходный,40.06323390863222,20.343516032985626,33.46960566712027,121.0
механические,11,перемешивание,40.50259181050695,26.106848385600582,39.22293211770557,121.66666666666667
механические,11,эхо x2,51.219665060880814,22.131500722797668,34.382212713825524,102.5
механические,11,эхо на четверти,36.30095144778975,21.840729930846937,32.90917102200708,107.0
механические,11,все слова разные,24.647221798924203,27.93018946646042,32.53214124902083,138.33333333333334
механические,11,чужие хапаксы,38.09766512675836,33.28861646969626,43.18694523859879,120.0
механические,11,хапаксы одного домена,29.13647113168724,23.54268830297882,35.46719498352202,117.0
механические,11,20 чужих хапаксов,33.429240843849826,22.906010154503278,34.880853268881076,118.66666666666667
механические,11,маркер каждые 3,52.663387071752354,28.584076331032236,35.8961345470731,105.0
механические,11,без пунктуации,50.16676879427299,22.920777389403877,33.59257683760432,117.66666666666667
механические,11,без служебных,31.15741568154975,20.545226368478595,34.46565631233807,132.0
механические,12,исходный,37.368916049124515,16.825935845786557,30.83399146525984,118.66666666666667
механические,12,перемешивание,77.56515094040942,27.890866217130718,42.60146232044229,109.66666666666667
механические,12,эхо x2,44.19733380607417,17.158170675299935,41.08319010746079,105.0
механические,12,эхо на четверти,40.538619424223235,16.638482144211437,36.33051072342853,110.33333333333333
механические,12,все слова разные,31.738395161101167,33.80191003866839,36.8786615868564,142.66666666666666
механические,12,чужие хапаксы,33.26297521380666,25.227745697010377,30.015402592801777,120.0
механические,12,хапаксы одного домена,39.38055628745469,29.21661530223774,33.449688068380816,121.0
механические,12,20 чужих хапаксов,34.13255045706523,16.745563690312224,28.852271375890012,119.66666666666667
механические,12,маркер каждые 3,60.446588035077056,20.10721871434661,36.10243731371031,107.0
механические,12,без пунктуации,36.073362748918896,23.48913164089065,29.390622402692216,114.66666666666667
механические,12,без служебных,29.572033914440592,22.12573242056988,26.468081649915447,117.0
механические,13,исходный,26.407964067227596,21.621279740753025,28.402196093071193,131.0
механические,13,перемешивание,31.130157150401715,25.932502498903805,31.716814956464475,122.33333333333333
механические,13,эхо x2,34.20539409112134,18.748805673978882,33.90008386180836,119.66666666666667
механические,13,эхо x4,47.93246824198411,23.163095260680578,37.76143767467067,105.33333333333333
механические,13,эхо на четверти,30.26279006531679,16.97198607770127,26.815546329689557,125.0
механические,13,все слова разные,26.417304670120615,35.936127119707784,34.34565039235804,135.66666666666666
механические,13,чужие хапаксы,24.67358388715357,29.961579331197914,30.300524254336636,130.33333333333334
механические,13,хапаксы одного домена,27.74361528217392,37.109181795968304,28.024507365442773,129.33333333333334
механические,13,20 чужих хапаксов,24.709672621890686,20.75996001297371,29.69948803072535,131.33333333333334
механические,13,маркер каждые 3,27.148752865131296,22.9255737316734,30.50131578649571,107.0
механические,13,без пунктуации,35.65172373798927,22.396114901957514,31.862743108133298,136.33333333333334
механические,13,без служебных,24.076681133344263,24.823012230192003,26.500434483522366,141.33333333333334
механические,14,исходный,36.6060023429117,18.22200991555236,31.028650583379985,132.66666666666666
механические,14,перемешивание,32.84158632426743,26.010383346272324,35.53197642016004,132.66666666666666
механические,14,эхо x2,41.975089159962586,24.273708191625698,38.09037815486229,110.66666666666667
механические,14,эхо на четверти,38.21686956068009,20.15268497542094,35.238108419915285,120.33333333333333
механические,14,все слова разные,25.89507569054278,26.00594852776283,28.816922204138667,148.66666666666666
механические,14,чужие хапаксы,33.49745782196687,24.020940020972528,32.670382300594326,132.0
механические,14,хапаксы одного домена,35.084025545883456,26.368814724178577,36.220087134842856,130.33333333333334
механические,14,20 чужих хапаксов,31.773260805442177,20.397152028998573,33.52102902967835,127.0
механические,14,маркер каждые 3,51.42584273977161,25.34697996591498,47.558944490815634,108.0
механические,14,без пунктуации,54.2722487087835,19.14330079269877,37.810156465516975,133.33333333333334
механические,14,без служебных,30.731278221245734,17.32945542777983,32.43213773957873,136.33333333333334
механические,15,исходный,33.932286183006376,22.191582605721795,31.00351089975331,139.66666666666666
механические,15,перемешивание,34.10427493398867,20.63240726721234,36.56709257427547,138.66666666666666
механические,15,эхо x2,29.651269764442844,25.885277734932078,27.396723677155475,118.0
механические,15,эхо на четверти,30.455134567058327,21.52423184880801,30.91492566049415,129.0
механические,15,словарь к 60,35.63645587925013,32.244907309552225,35.73731939921019,108.0
механические,15,все слова разные,31.16479848692993,22.545908135928865,33.11011201603297,161.66666666666666
механические,15,чужие хапаксы,29.823910454763396,21.79654782856029,30.03146190893874,140.33333333333334
механические,15,хапаксы одного домена,32.320397087385636,25.817723979668973,34.07895945325824,141.0
механические,15,20 чужих хапаксов,32.321045208619985,24.47805409723018,29.646832485349496,144.66666666666666
механические,15,маркер каждые 3,46.87641210349162,32.27007591490727,43.976673726310516,111.66666666666667
механические,15,без пунктуации,49.711938692815984,21.103743006494316,35.96510639531707,137.33333333333334
механические,15,без служебных,30.878894467006543,19.983515401441586,27.860910499572793,148.0
механические,16,исходный,53.330963166519815,21.972703072643938,40.73467376935263,131.0
механические,16,перемешивание,51.017233858004495,26.84636762042119,37.68866350479609,136.0
механические,16,эхо x2,50.592102453475974,25.85507816510957,39.733223249787564,110.66666666666667
механические,16,эхо на четверти,38.271189956927145,24.694306848578975,33.81877611998758,130.33333333333334
механические,16,словарь к 60,37.08639861106677,24.15962385646473,49.93010358312013,106.0
механические,16,все слова разные,31.25689335939897,18.92820578718516,35.050679841740184,141.66666666666666
механические,16,чужие хапаксы,30.837897884234817,26.471657578652053,36.244699135754225,138.66666666666666
механические,16,хапаксы одного домена,33.40220088067179,30.263487905741567,37.722888157640256,133.66666666666666
механические,16,20 чужих хапаксов,37.091565891748,24.80362281540607,34.907625404855075,136.33333333333334
механические,16,маркер каждые 3,70.09190843426182,27.51642490962035,47.38007759642657,112.66666666666667
механические,16,без пунктуации,41.16538562334378,24.092265843611496,33.457407446605025,139.33333333333334
механические,16,без служебных,37.98583296249137,21.50270794834728,33.772470068657064,146.66666666666666
механические,17,исходный,29.298491861736323,24.269195053650822,28.444765198637743,121.33333333333333
механические,17,перемешивание,43.619218499466,29.630531535160515,38.65646939889,124.66666666666667
механические,17,эхо x2,45.568339440570156,31.746947169364553,34.11568318392841,102.0
механические,17,эхо на четверти,32.24990324331171,28.45485085276317,27.581697901585756,114.33333333333333
механические,17,все слова разные,27.296858177417008,33.522965880655825,34.30630666228274,133.66666666666666
механические,17,чужие хапаксы,26.982443888332728,28.979005510305473,29.201921991257194,134.33333333333334
механические,17,хапаксы одного домена,29.645807667010633,31.339670324486764,34.41914356698202,123.33333333333333
механические,17,20 чужих хапаксов,27.334637006879507,28.963566864070923,29.963048528922105,124.33333333333333
механические,17,маркер каждые 3,32.534720141944625,27.573895065574323,35.883015941890775,104.0
механические,17,без пунктуации,37.50586334269714,21.46236528033928,30.6041133607346,134.33333333333334
механические,17,без служебных,25.563802448298635,22.75139312419813,26.462310945702484,135.33333333333334
механические,18,исходный,26.59753543311867,16.095754683551835,28.342248365483513,130.0
механические,18,перемешивание,28.775373881742578,19.361183337584905,27.633154748922788,130.0
механические,18,эхо на четверти,28.017762396206006,19.54455211624347,27.611016736399847,109.33333333333333
механические,18,все слова разные,28.212486409615064,23.2004407960206,29.091467517650912,142.66666666666666
механические,18,чужие хапаксы,35.20637937424192,21.144299581244834,31.466595545779654,130.0
механические,18,хапаксы одного домена,30.353521572609676,22.950342370680996,28.15600610463082,133.66666666666666
механические,18,20 чужих хапаксов,28.81694879043047,16.761191297683464,27.96489141743345,125.66666666666667
механические,18,без пунктуации,50.49607419921546,18.274104444966536,36.66142825967576,128.33333333333334
механические,18,без служебных,22.134781108743265,19.08154522585352,23.656495657910906,143.0
механические,19,исходный,28.87143776642051,21.82323094391171,29.520925882591538,117.66666666666667
механические,19,перемешивание,35.65313679684423,34.82981276202452,34.403489544566746,119.33333333333333
механические,19,эхо на четверти,31.641277046074705,22.70197180555869,33.68951497093898,107.33333333333333
механические,19,словарь к 60,31.80330493815456,25.99797826546611,34.308641781175204,104.0
механические,19,все слова разные,31.927888880149098,32.39760898158357,34.351239639208565,140.0
механические,19,чужие хапаксы,25.02354367804271,26.259711509149753,30.22951044805322,115.0
механические,19,хапаксы одного домена,23.958175388635123,27.893383544516634,30.31463061930063,115.66666666666667
механические,19,20 чужих хапаксов,25.856499428869665,22.700396294963838,27.834597888326442,117.33333333333333
механические,19,маркер каждые 3,46.27906114383208,20.043706280257208,38.57282893855972,101.0
механические,19,без пунктуации,34.05437970367271,19.69112200663236,29.44995310998677,126.33333333333333
механические,19,без служебных,23.07494948496664,22.26743934139778,25.96346259593913,125.0
механические,20,исходный,33.713370041375526,19.476049824031403,28.981968437420353,111.0
механические,20,перемешивание,30.046227445060662,23.89809077797258,29.60285173290818,109.33333333333333
механические,20,все слова разные,31.224293372191507,28.827643812972223,33.15066953470252,142.33333333333334
механические,20,чужие хапаксы,30.787450910644182,22.16815059324587,30.377665901795538,111.0
механические,20,хапаксы одного домена,30.780883216577223,24.731119532914406,32.803752032103034,111.66666666666667
механические,20,20 чужих хапаксов,26.028785008569386,20.43543216608293,26.5485558803333,114.33333333333333
механические,20,без пунктуации,40.37184054481245,17.32105892672118,31.010735578392172,109.33333333333333
механические,20,без служебных,23.956984026683468,20.7170071846197,22.68654848573568,122.0
механические,21,исходный,28.55410152512252,14.642209384146762,28.149830092429255,130.66666666666666
механические,21,перемешивание,31.42817275070074,22.068608663220108,25.865097787261735,134.0
механические,21,эхо x2,26.096891326249253,19.15635886799465,28.158520479361712,105.33333333333333
механические,21,эхо на четверти,28.12730821756516,15.751539221788533,28.624732828832624,118.66666666666667
механические,21,словарь к 60,36.02478995815515,19.0731490596852,28.83532648556971,105.66666666666667
механические,21,все слова разные,21.964833754658443,26.813472773468433,25.904025433800786,150.66666666666666
механические,21,чужие хапаксы,30.242537082902544,27.363710486331062,30.13344727970158,135.33333333333334
механические,21,хапаксы одного домена,22.230272586623574,23.836182320002084,24.45964278211991,141.33333333333334
механические,21,20 чужих хапаксов,25.041460689862898,16.515079414074208,24.617121934399467,134.0
механические,21,маркер каждые 3,29.631407009489738,20.075769571500825,32.812794669120684,109.33333333333333
механические,21,без пунктуации,53.63616777225121,18.72320387123666,35.01744466152061,130.0
механические,21,без служебных,24.329872664108724,16.01956041017027,23.103534476337714,146.66666666666666
механические,22,исходный,33.838847396468005,17.47212299225415,34.28729290046287,109.0
механические,22,перемешивание,109.82159970279332,18.98358673921721,40.75269973311281,103.0
механические,22,эхо на четверти,34.23594047296625,18.858419263269393,33.69262943161503,101.0
механические,22,все слова разные,35.6382918899847,26.711173202770343,34.98031368013187,140.0
механические,22,чужие хапаксы,42.962668837330696,21.877417673884135,35.00530916513607,108.0
механические,22,хапаксы одного домена,30.459499782210457,20.406633548053406,26.12127291563063,114.0
механические,22,20 чужих хапаксов,35.282356134826955,16.02981493340354,32.50359534131083,102.5
механические,22,без пунктуации,95.29384073540717,17.237305189584287,42.963512948683096,103.5
механические,22,без служебных,31.31775827873646,15.013982022488575,35.79204581034215,107.0
механические,23,исходный,54.68461176477166,16.582467665593157,33.80523957227346,122.66666666666667
механические,23,перемешивание,38.11652278363923,22.903656129991365,32.28708772185953,127.66666666666667
механические,23,эхо x2,57.19498230638196,20.633189261964166,39.71415161558852,111.0
механические,23,эхо на четверти,56.18075434976831,15.747994232314468,39.754825059586466,115.66666666666667
механические,23,все слова разные,41.428806936477,30.65947689292928,35.28943309396416,158.0
механические,23,чужие хапаксы,33.91306974632176,21.113603921298957,30.60778209862869,129.33333333333334
механические,23,хапаксы одного домена,39.40867549110117,24.57643226346114,36.09831775790202,129.33333333333334
механические,23,20 чужих хапаксов,38.16426693389,16.5138394921672,31.93255064479145,128.33333333333334
механические,23,маркер каждые 3,89.63069934336824,21.57061284436225,60.46602565504941,107.0
механические,23,без пунктуации,45.74233571963226,16.650355646788338,37.773897685267634,128.33333333333334
механические,23,без служебных,27.58931716928923,16.157377683773404,26.9357122251108,134.33333333333334
механические,24,исходный,36.021908052880406,23.491019446657656,27.247316357744676,125.33333333333333
механические,24,перемешивание,34.95029218750701,22.457956731056537,36.35097084674064,130.0
механические,24,эхо x2,35.74402500981412,20.76873660221239,32.938810148039856,109.33333333333333
механические,24,эхо на четверти,36.14824075761587,20.63583567399512,30.688152002954684,121.66666666666667
механические,24,словарь к 60,28.38761100861754,25.103059668549747,28.079833406046696,107.0
механические,24,все слова разные,28.475367213174238,29.41611400302608,32.50108574958186,143.66666666666666
механические,24,чужие хапаксы,26.21189175923215,25.97644927734447,26.810635082545872,128.66666666666666
механические,24,хапаксы одного домена,25.076106763002855,25.93849142280463,27.3911621908314,129.66666666666666
механические,24,20 чужих хапаксов,32.91020429560248,24.37724853927757,25.6364629582081,121.33333333333333
механические,24,маркер каждые 3,31.928456970668297,20.344041250934655,31.141732194249354,111.33333333333333
механические,24,без пунктуации,46.357416813059025,27.5729852592893,35.35639312788968,122.33333333333333
механические,24,без служебных,24.43552241577414,28.040871966506163,25.24738335256957,135.66666666666666
механические,25,исходный,34.64573177546672,23.246684812340288,28.54857725943006,104.0
механические,25,перемешивание,32.92365504449156,22.886642575250228,34.67442507744964,109.0
механические,25,все слова разные,23.68259945989955,29.566357165379873,27.583964182854825,139.0
механические,25,чужие хапаксы,26.463217447830093,25.579088611169546,27.193731430394543,104.5
механические,25,хапаксы одного домена,25.222448752887917,34.22954932045972,24.86998553309327,103.0
механические,25,20 чужих хапаксов,26.890977591545827,22.635817026641263,29.5314583457802,108.0
механические,25,без служебных,21.708286980999663,21.142383228566057,23.6558326779223,109.0
механические,26,исходный,38.64195717967661,14.414570044753011,23.5715571786081,114.66666666666667
механические,26,перемешивание,31.321069630580933,15.894754379107889,27.888017919503373,111.66666666666667
механические,26,все слова разные,24.331049591932,25.109270484209997,28.366537198986247,148.33333333333334
механические,26,чужие хапаксы,31.65115716823654,23.398567462923314,27.092213395526215,118.66666666666667
механические,26,хапаксы одного домена,35.2135540972462,16.712663544006347,31.07546691582516,109.33333333333333
механические,26,20 чужих хапаксов,45.23011041510079,14.412346572558823,27.020831125715286,112.33333333333333
механические,26,без пунктуации,40.49128504627956,21.911285352946198,30.13738871761527,111.33333333333333
механические,26,без служебных,27.21183144545667,15.721478258924696,24.932809010687976,118.66666666666667
механические,27,исходный,38.69725207550601,21.421900186399174,30.409483462458677,130.0
механические,27,перемешивание,31.757236162025162,24.787696383650886,32.2505721652208,130.0
механические,27,эхо x2,37.867870583892675,22.872872559695875,34.86563709991007,119.0
механические,27,эхо на четверти,33.57055204005541,22.104070969321587,29.249167293018782,126.0
механические,27,все слова разные,22.90123664512862,25.982899004127475,28.058762103072812,145.0
механические,27,чужие хапаксы,24.419246484652785,32.448890537192646,29.47084720149609,135.33333333333334
механические,27,хапаксы одного домена,27.30463436509363,29.522723245505233,32.78763812127414,135.66666666666666
механические,27,20 чужих хапаксов,32.48422597342876,24.614906756856936,29.85049765814587,134.66666666666666
механические,27,маркер каждые 3,35.55003295538885,26.437304226863247,31.39683111322033,111.66666666666667
механические,27,без пунктуации,38.59762392268821,23.706286021289205,35.0607304098497,138.33333333333334
механические,27,без служебных,26.225150946429064,23.005907299916757,28.485182453944812,142.33333333333334
механические,28,исходный,22.135052637416866,15.810039826444873,23.104310365277186,118.66666666666667
механические,28,перемешивание,25.893336898731462,21.114294471591208,26.533143619764,119.33333333333333
механические,28,эхо x2,22.672926441295132,18.921557474594444,24.578485513373316,101.0
механические,28,эхо на четверти,24.180563065640598,18.959381560698557,25.26472379293698,106.33333333333333
механические,28,словарь к 60,24.331367197263177,17.13822109347346,21.68696301830369,109.66666666666667
механические,28,все слова разные,22.465072090183032,30.81291356226737,28.5238894224622,134.66666666666666
механические,28,чужие хапаксы,22.794712281572988,20.424511351756436,23.35243406327938,115.0
механические,28,хапаксы одного домена,23.26748136136706,21.25417020425864,24.005502087836877,114.33333333333333
механические,28,20 чужих хапаксов,22.23568493808344,19.0714132709308,23.377178193307714,116.33333333333333
механические,28,маркер каждые 3,22.243688868031384,23.963836365428712,24.277078024519714,101.5
механические,28,без пунктуации,30.026924948698696,21.236554757804132,30.541006853350837,113.33333333333333
механические,28,без служебных,19.29283371318639,17.798493627487435,20.172554435134785,120.0
механические,29,исходный,30.821045026853298,18.849840172721443,34.46321431534777,132.66666666666666
механические,29,перемешивание,28.430679290547914,19.079061218056196,30.265359236771644,130.66666666666666
механические,29,эхо x2,36.87977874381071,20.221011129370883,34.50443059056104,115.66666666666667
механические,29,эхо на четверти,29.859519214516855,18.75508493294279,34.50762926848244,131.33333333333334
механические,29,словарь к 60,31.192423219626058,19.5597347871499,31.64412353627805,104.5
механические,29,все слова разные,27.484796346813024,25.83823343445901,34.49851253898289,139.66666666666666
механические,29,чужие хапаксы,25.9528970926048,37.363479988137826,32.71061051480341,131.0
механические,29,хапаксы одного домена,26.924857075380178,23.47347013812572,30.988627396715316,132.33333333333334
механические,29,20 чужих хапаксов,28.762463247194585,24.31480082956418,33.487179661614874,132.33333333333334
механические,29,маркер каждые 3,51.22634956693617,21.657344165568002,49.251809874713445,109.0
механические,29,без пунктуации,47.09461483846396,24.104505058745747,35.95197770527589,135.33333333333334
механические,29,без служебных,25.97794499383389,21.63595405492686,29.934661065006637,147.33333333333334
механические,30,исходный,31.918962077044654,17.99641574423278,27.486912655016983,118.33333333333333
механические,30,перемешивание,43.601547576867915,28.717273821707305,49.86660871619349,118.0
механические,30,эхо x2,33.21103694093375,25.197291561116522,33.740713596256825,112.5
механические,30,эхо на четверти,27.610860790957577,19.049988536738088,26.85875050400013,127.66666666666667
механические,30,все слова разные,32.77532251045499,42.21474620764555,35.77759636995172,139.66666666666666
механические,30,чужие хапаксы,27.78134820753778,25.326145759244696,30.299869533936015,125.33333333333333
механические,30,хапаксы одного домена,24.24681090366055,23.453373139257963,31.679656240776293,118.33333333333333
механические,30,20 чужих хапаксов,31.356896530720956,24.153623173041012,33.510115904812466,117.33333333333333
механические,30,маркер каждые 3,40.47106241258272,19.35131883657333,35.72358255222796,104.66666666666667
механические,30,без пунктуации,35.689980765580565,26.18090092223386,34.98704144599932,133.0
механические,30,без служебных,24.52466662231596,22.18603634389126,27.83346019056833,127.33333333333333
механические,31,исходный,32.176206775491444,20.48018312526894,32.64374099743882,132.66666666666666
механические,31,перемешивание,29.738637665878468,27.61436513136749,36.98987062511602,137.33333333333334
механические,31,эхо x2,39.253112703842056,19.092703838750605,33.58840237240107,114.0
механические,31,эхо на четверти,32.723537654909464,18.516255476918637,30.10716039436223,127.33333333333333
механические,31,все слова разные,31.299003527210857,33.367816011290785,34.67178956736664,148.0
механические,31,чужие хапаксы,31.088842511947238,25.619313181902182,37.059910153528826,141.66666666666666
механические,31,хапаксы одного домена,29.44908864214771,26.16522522417523,32.03668641893815,133.0
механические,31,20 чужих хапаксов,37.07586982494902,24.780925137913957,33.17388688398345,126.66666666666667
механические,31,маркер каждые 3,43.00936094485912,32.9349610332958,38.71609089298792,113.66666666666667
механические,31,без пунктуации,42.79672572622508,17.949454830078693,35.07573290220544,135.0
механические,31,без служебных,29.298243797139122,16.202094169741162,28.03214640168939,142.66666666666666
механические,32,исходный,27.26594498300761,28.125241630650255,27.453311055691355,110.0
механические,32,перемешивание,35.01485581200069,25.540647262711346,40.63374482123891,112.0
механические,32,эхо на четверти,26.774888797273377,18.602315076243848,25.920851125765147,102.0
механические,32,все слова разные,26.371778141889706,24.178185264036888,29.50076265346466,151.66666666666666
механические,32,чужие хапаксы,25.630162476699656,28.671855765162025,31.60314257733441,119.0
механические,32,хапаксы одного домена,30.613562653968398,28.487245928836128,32.03796587374518,113.0
механические,32,20 чужих хапаксов,28.708977373218715,27.805393285330116,29.869802634663888,105.66666666666667
механические,32,без пунктуации,32.4194330478059,24.85795769609182,31.04969343023187,112.66666666666667
механические,32,без служебных,29.035397388221252,20.17206527191875,30.514664073436137,116.33333333333333
механические,33,исходный,30.744295141715877,20.459939650850824,25.008576465855185,113.33333333333333
механические,33,перемешивание,31.781055047431142,19.49922592811465,27.284081676360824,114.0
механические,33,эхо на четверти,64.18908250561239,17.032776234740115,33.83024429063255,108.0
механические,33,все слова разные,22.40285263620268,26.012026641494217,25.233580481833915,142.66666666666666
механические,33,чужие хапаксы,24.590605402491676,29.39538348301077,23.665835626964967,119.66666666666667
механические,33,хапаксы одного домена,23.690229578205916,23.697500816667368,24.24763104339009,121.33333333333333
механические,33,20 чужих хапаксов,35.37582975601284,19.670762686269324,28.192506380062195,114.33333333333333
механические,33,без пунктуации,54.63446338240809,20.792895249063594,41.71093663073914,112.66666666666667
механические,33,без служебных,19.308495658783045,19.256825495910984,23.037154535173148,127.66666666666667
механические,34,исходный,28.618804539673665,21.227819351284143,24.24140150506463,127.66666666666667
механические,34,перемешивание,37.50913572094026,25.6726488044343,32.49033357596332,138.0
механические,34,эхо x2,37.04398285854976,24.60094894312495,31.31649886567995,110.0
механические,34,эхо на четверти,30.418775798946296,22.342872321341257,26.510251278032797,130.33333333333334
механические,34,все слова разные,26.517989589785188,24.86482684717612,29.232141071505755,163.66666666666666
механические,34,чужие хапаксы,40.01915814282262,26.570834557861172,33.81673990139466,128.33333333333334
механические,34,хапаксы одного домена,30.70875076023749,28.60264885926934,30.704765756880402,133.66666666666666
механические,34,20 чужих хапаксов,31.375033645682738,20.02299591271965,26.449529090138174,132.0
механические,34,маркер каждые 3,27.322666724035873,30.59382585035142,26.510317162288427,116.66666666666667
механические,34,без пунктуации,29.38039452197245,20.452156101654737,25.90016335371851,131.33333333333334
механические,34,без служебных,26.889266737623988,21.94179447280736,26.849442020268807,137.66666666666666
механические,35,исходный,39.15173657037153,24.344716968100204,34.5217069974872,134.33333333333334
механические,35,перемешивание,47.51915775761858,28.63562399341006,35.18667594076029,139.0
механические,35,эхо x2,32.40216009189097,20.528856394533577,31.655599481513846,111.0
механические,35,эхо на четверти,33.13230404029803,22.560754316160182,29.39370697105822,130.33333333333334
механические,35,все слова разные,29.853514446475018,27.56498490285419,32.391912709745824,150.66666666666666
механические,35,чужие хапаксы,32.94116847030324,34.00496611179123,36.21055601807886,143.33333333333334
механические,35,хапаксы одного домена,26.21437501507026,25.63286073447891,30.90428956901795,137.66666666666666
механические,35,20 чужих хапаксов,31.654954001591506,28.485562044893538,29.984554635167218,141.0
механические,35,маркер каждые 3,50.60246828675005,22.744057485051332,32.183052699575526,113.33333333333333
механические,35,без пунктуации,40.45428544029627,25.981334855472312,33.144564899008536,140.66666666666666
механические,35,без служебных,27.88906087939232,23.37341314942886,28.418406448409197,152.66666666666666
механические,36,исходный,38.628379762569885,15.20054787945818,33.97283022603318,128.66666666666666
механические,36,перемешивание,38.12046876016242,23.916171891422664,31.64933868874304,129.33333333333334
механические,36,эхо на четверти,44.15444114715504,17.354187916689366,34.381018688505065,117.0
механические,36,все слова разные,32.69817456037003,26.341825075974743,39.223998608657496,132.66666666666666
механические,36,чужие хапаксы,34.79723389474248,37.40671799385485,37.877435120589546,126.33333333333333
механические,36,хапаксы одного домена,31.36005822035202,23.2058901523687,35.16947982321104,127.33333333333333
механические,36,20 чужих хапаксов,35.539142712632376,17.3914397079765,35.09101949998834,128.33333333333334
механические,36,маркер каждые 3,54.975475309982784,22.34009525619296,41.99965990450828,107.0
механические,36,без пунктуации,35.24253155172358,20.242759653933405,30.4778622998235,134.33333333333334
механические,36,без служебных,33.963551664958196,17.417945331808408,31.772493266538163,142.33333333333334
механические,37,исходный,35.87470329236779,20.531521639823534,32.66627898208119,110.66666666666667
механические,37,перемешивание,44.79127796553675,25.832920233203776,36.508350462449485,106.66666666666667
механические,37,эхо на четверти,27.94473461032667,22.929240650285593,24.59806474262685,105.0
механические,37,все слова разные,25.99288230331403,27.391643710530825,33.35253371812603,122.33333333333333
механические,37,чужие хапаксы,27.47030270982215,20.54055346481499,30.188306805852104,108.33333333333333
механические,37,хапаксы одного домена,32.40327466735531,18.494910671120625,34.88886881041596,112.66666666666667
механические,37,20 чужих хапаксов,30.6916112060046,24.115103841506794,30.405628488086595,108.66666666666667
механические,37,без пунктуации,41.881706476899886,20.106543597001686,37.095825677460624,114.33333333333333
механические,37,без служебных,27.239644402946585,19.75819153939487,26.544669034786295,113.0
механические,38,исходный,32.48760865101491,18.6463018672823,31.080546004132476,122.0
механические,38,перемешивание,32.18180102384819,22.531536245591102,31.0603178040819,121.33333333333333
механические,38,эхо x2,48.303463601801795,22.590958090453363,39.44735498735005,104.5
механические,38,эхо на четверти,29.63427779286478,17.385703275901434,28.90098238074854,114.0
механические,38,все слова разные,26.904374881404447,29.122611393782293,34.554122581742824,131.0
механические,38,чужие хапаксы,28.433743624963938,25.2458009120917,29.34145484618939,125.33333333333333
механические,38,хапаксы одного домена,26.453572171072466,23.192257862828157,28.53323352282456,122.66666666666667
механические,38,20 чужих хапаксов,28.219969429528913,21.497996839503553,29.099226591533505,123.33333333333333
механические,38,маркер каждые 3,58.711541027109014,19.05077940638702,42.12329587884274,105.33333333333333
механические,38,без пунктуации,31.668224046669668,21.858154169033625,32.72567705580475,127.66666666666667
механические,38,без служебных,34.67232837614292,18.01730687631984,26.70261657929016,127.0
механические,39,исходный,27.669396204730905,20.64854102997391,29.53613915793936,132.66666666666666
механические,39,перемешивание,48.03399489770131,23.195563497985333,40.27530284381626,135.0
механические,39,эхо x2,29.576175072562577,21.584355113012528,33.02970157476212,106.0
механические,39,эхо на четверти,26.920871863962773,18.135231614498462,26.708070861576648,120.66666666666667
механические,39,словарь к 60,30.910506206622546,25.16446039321976,36.01608058776635,101.0
механические,39,все слова разные,28.859762822851263,29.58423065201831,32.90030860057829,158.33333333333334
механические,39,чужие хапаксы,29.825547339212775,23.994065927738472,32.35770795882314,135.0
механические,39,хапаксы одного домена,27.599369311883404,27.6496810213705,35.04315143775109,130.33333333333334
механические,39,20 чужих хапаксов,33.574306313268835,23.06342639204118,35.38335457011596,132.66666666666666
механические,39,маркер каждые 3,48.7029532471912,22.872632253478383,39.19212022515835,111.0
механические,39,без пунктуации,35.19095908003333,20.533797203327687,31.898917764924704,142.0
механические,39,без служебных,30.96561894801266,20.081888379858768,31.9204576670539,140.66666666666666
механические,40,исходный,36.991182803047735,22.278098287833455,32.11237721952133,141.0
механические,40,перемешивание,34.08809318532555,25.585524457338607,30.24983521707279,138.33333333333334
механические,40,эхо x2,34.17170244652079,19.920914141461953,31.25426506480083,119.66666666666667
механические,40,эхо на четверти,41.93725874672965,21.190588606249904,37.50364443941155,129.33333333333334
механические,40,все слова разные,32.933688008541544,22.944500467588313,32.83477126413864,149.33333333333334
механические,40,чужие хапаксы,28.213161356184017,21.481497338551577,32.303685532601115,138.66666666666666
механические,40,хапаксы одного домена,37.37428233225851,25.467400922816637,42.66065775862902,141.66666666666666
механические,40,20 чужих хапаксов,35.25700382868035,22.999958918078118,31.03663494527633,138.66666666666666
механические,40,маркер каждые 3,72.53522081422066,27.032158876119393,48.928220495597934,108.66666666666667
механические,40,без пунктуации,45.35992295152547,22.069129833282215,36.16141885948456,137.66666666666666
механические,40,без служебных,33.545701901829425,18.301886759749717,30.9094157593874,155.66666666666666
механические,41,исходный,29.584026570134174,20.586708599302472,30.770850263376627,137.33333333333334
механические,41,перемешивание,43.1737974483918,26.24976119797272,37.70084074633667,136.0
механические,41,эхо x2,42.15853014203186,26.420676184597244,35.63916756985709,110.66666666666667
механические,41,эхо на четверти,39.18327791467857,26.262736220753485,35.6894160489432,126.0
механические,41,все слова разные,29.01734087256705,31.594752377413744,34.19978423285053,146.0
механические,41,чужие хапаксы,27.807199601930822,26.8087560921209,31.271016879099392,141.0
механические,41,хапаксы одного домена,36.11273071747075,29.6471240643356,34.480488225700675,135.0
механические,41,20 чужих хапаксов,28.671536489538344,23.888317932425206,29.336557083865475,138.33333333333334
механические,41,маркер каждые 3,50.63953134440036,23.21862584888217,41.36977660937043,108.33333333333333
механические,41,без пунктуации,44.60506176027483,27.645348894987748,33.294295260830715,138.66666666666666
механические,41,без служебных,28.912279179941986,24.72177530437479,26.534353164378416,150.33333333333334
механические,42,исходный,30.439955951015794,26.659671966618017,27.95758872401225,129.66666666666666
механические,42,перемешивание,40.02350713145342,22.251387354136046,37.92758797356487,123.66666666666667
механические,42,эхо x2,40.94946402659306,29.222016891109156,32.78385461397731,103.5
механические,42,эхо на четверти,36.18127664870428,19.01161212318148,33.05937256147285,115.66666666666667
механические,42,все слова разные,26.247593168845054,25.430815535281955,34.45607391947991,153.66666666666666
механические,42,чужие хапаксы,33.331039695963405,34.53529452052192,37.306195461885984,128.33333333333334
механические,42,хапаксы одного домена,37.339436953162824,30.197477722694185,39.98724264278358,125.66666666666667
механические,42,20 чужих хапаксов,27.94072303684244,26.023335409872846,27.97085517525652,127.0
механические,42,маркер каждые 3,33.4511970174305,23.65037439832597,29.417440294345965,118.0
механические,42,без пунктуации,40.97040557903966,25.99995401201785,33.26065828581006,127.0
механические,42,без служебных,24.21687022679346,20.10628666560612,25.836282892935248,133.0
механические,43,исходный,31.51031506809997,19.093864953775125,31.761014559775475,138.0
механические,43,перемешивание,35.551526167581464,30.24618240961053,31.78519745749323,139.0
механические,43,эхо x2,29.43076095465081,25.765029841473606,33.19599067784899,107.33333333333333
механические,43,эхо на четверти,29.669092506569267,18.275050759584975,29.811785628978836,129.0
механические,43,словарь к 60,50.66017973680457,26.688028449605724,43.92049550199993,108.0
механические,43,все слова разные,30.561431736416225,29.333714599460922,31.516985041270203,153.33333333333334
механические,43,чужие хапаксы,39.691346818856935,27.02372912527328,36.91024695631748,142.0
механические,43,хапаксы одного домена,34.87627825273799,26.459627210631385,35.32013651084657,136.0
механические,43,20 чужих хапаксов,34.624664178283126,20.755829871883233,33.20349040871688,138.0
механические,43,маркер каждые 3,51.313665265340596,32.340665589637155,45.89459522310613,111.0
механические,43,без пунктуации,43.04473548907072,21.020834994160836,36.32469926508767,146.33333333333334
механические,43,без служебных,32.12296477792547,19.802337924949715,29.938059803048603,140.0
механические,44,исходный,24.022109971220207,18.26065488700473,31.370009152378802,122.0
механические,44,перемешивание,35.141328330597744,24.980281424009032,34.99452465887626,116.33333333333333
механические,44,эхо на четверти,44.6380075218834,20.32283963031266,37.648924579531304,105.0
механические,44,все слова разные,26.883263880208744,26.36519138121167,30.58758141096419,128.66666666666666
механические,44,чужие хапаксы,22.96707204375477,24.689364209153524,29.82211927671157,118.0
механические,44,хапаксы одного домена,26.52452237837571,22.572053505366537,32.868018825265544,122.0
механические,44,20 чужих хапаксов,22.169992563381765,21.002048902289783,30.57995980480207,120.33333333333333
механические,44,без пунктуации,34.177665270483296,19.055978810951597,32.84294280759217,130.0
механические,44,без служебных,21.26844407821606,24.090793281598895,31.819336057305552,118.0
механические,45,исходный,23.42896302733005,15.094301195416653,28.73001817531466,101.0
механические,45,перемешивание,53.66005637335158,20.836244325229533,39.235139378321115,101.0
механические,45,все слова разные,28.953419426390813,42.34619714575329,34.3686755079052,120.0
механические,45,чужие хапаксы,28.708629810135864,24.78287086330499,32.02205843259173,104.0
механические,45,хапаксы одного домена,25.288016197111972,26.82389787120229,28.15609348259911,102.0
механические,45,20 чужих хапаксов,23.80770603445417,15.9730781030276,28.705462908438726,104.0
механические,45,без пунктуации,43.16789890352226,19.615760507714953,32.70650745905526,105.66666666666667
механические,45,без служебных,25.97630742045498,18.819584414779303,30.462583080016564,103.0
механические,46,исходный,38.24691410419453,19.711684952951092,27.43651167869793,124.0
механические,46,перемешивание,31.91201926224325,21.165015473555012,33.37948641655916,121.0
механические,46,эхо x2,34.13818109128525,20.431184626225566,26.263043472669956,105.0
механические,46,эхо на четверти,33.57190516744874,18.92422738056015,31.85953804337016,108.0
механические,46,все слова разные,29.082355208421735,27.76286061344209,34.73191703794769,146.0
механические,46,чужие хапаксы,26.662609586092035,23.61252115927695,29.20436425015907,127.66666666666667
механические,46,хапаксы одного домена,27.438811520212543,20.447293209471752,30.34137191517056,131.66666666666666
механические,46,20 чужих хапаксов,27.306690417813556,19.9788549238017,26.07558764073154,123.0
механические,46,маркер каждые 3,32.03236189118563,18.55077385379169,31.626494659886554,104.0
механические,46,без пунктуации,42.07678558692291,20.697345802170332,31.603856269192136,133.0
механические,46,без служебных,23.689674724155537,19.998315920516664,24.24697020328483,138.33333333333334
механические,47,исходный,27.272751395254385,18.02168781593308,27.448877598974722,133.0
механические,47,перемешивание,32.76849205239212,25.21157694279637,28.703874310277545,127.66666666666667
механические,47,эхо на четверти,34.33907030660463,21.48917463861996,27.569616946446047,121.66666666666667
механические,47,все слова разные,24.162164188826853,22.656353452922556,28.183825820291514,151.0
механические,47,чужие хапаксы,31.213490331835803,25.751169153305828,30.189994227850274,131.33333333333334
механические,47,хапаксы одного домена,25.678216646163833,25.999855867190018,30.55606053955705,133.66666666666666
механические,47,20 чужих хапаксов,33.42872047194019,19.538146589067967,31.05966828736202,126.0
механические,47,маркер каждые 3,34.188381382040156,23.663078030658085,30.92321462029646,108.66666666666667
механические,47,без пунктуации,34.29374487988208,18.15649179442053,31.709081744074933,132.66666666666666
механические,47,без служебных,25.229304258693347,22.673160942996134,26.386012484032335,141.66666666666666
механические,48,исходный,31.41790825176879,20.616089353091223,29.233303886355383,140.66666666666666
механические,48,перемешивание,33.15353586501888,23.243961987972273,30.005565615948225,138.33333333333334
механические,48,эхо x2,41.95899972621465,27.171839098566583,37.141001618044285,115.33333333333333
механические,48,эхо на четверти,33.765701950767536,19.21009748183769,28.0695487939785,131.66666666666666
механические,48,все слова разные,27.693836833293897,25.537247277290067,32.8165888828675,158.0
механические,48,чужие хапаксы,37.45342784975876,22.376639941622333,34.688358923738974,137.33333333333334
механические,48,хапаксы одного домена,33.770521401016396,22.921204688849027,31.94685531129477,139.33333333333334
механические,48,20 чужих хапаксов,34.78283062314244,20.643252443036378,30.01136533854724,141.0
механические,48,маркер каждые 3,57.16535783483281,21.76589648287037,30.145613606683536,123.66666666666667
механические,48,без пунктуации,48.586046771424584,21.96434727745211,37.46432835405617,145.33333333333334
механические,48,без служебных,29.867517746108543,20.623426322087443,27.480895994359955,148.33333333333334
механические,49,исходный,20.075933223062822,17.59141393211418,23.922509903438055,133.66666666666666
механические,49,перемешивание,17.461896066275518,18.926040423141714,24.45412777686154,131.0
механические,49,эхо x2,33.544612713731496,16.604950363488577,31.685032470112663,101.0
механические,49,эхо на четверти,29.311185257037128,18.46294549593912,29.36595676808257,121.66666666666667
механические,49,все слова разные,17.693169543308795,30.35470051718153,30.5121213711919,156.33333333333334
механические,49,чужие хапаксы,16.982061732062643,22.268702360373798,26.606514228963096,142.33333333333334
механические,49,хапаксы одного домена,18.725156222511686,20.27728138446508,25.15257549029394,145.0
механические,49,20 чужих хапаксов,19.838123695823324,18.955279118345512,25.817559021617257,140.66666666666666
механические,49,маркер каждые 3,32.20148251320624,20.646366562342077,32.506329876466346,111.33333333333333
механические,49,без пунктуации,34.57517309844295,21.23493410476207,25.936770002115267,143.66666666666666
механические,49,без служебных,17.507809223967744,18.47597473553514,23.12614463265925,139.0
LLM,coling::dc12cc52-6173-4721-b8be-42699b3cf392,исходный,34.956442167967836,18.689084241717755,30.346595225441092,135.66666666666666
LLM,coling::dc12cc52-6173-4721-b8be-42699b3cf392,тема вписана,47.49900458608545,19.372320904865024,34.7576701965231,133.66666666666666
LLM,coling::dc12cc52-6173-4721-b8be-42699b3cf392,меньше мыслей,18.434317802957707,8.905193325580212,12.050392685169754,111.0
LLM,coling::dc12cc52-6173-4721-b8be-42699b3cf392,одна тема,48.44295887756272,15.60252763397041,34.83693223978278,116.66666666666667
LLM,coling::dc12cc52-6173-4721-b8be-42699b3cf392,беднее словарь,48.160248102291824,17.794872916334413,35.873267120392434,114.33333333333333
LLM,coling::dc12cc52-6173-4721-b8be-42699b3cf392,без синонимов,44.43446463672738,18.491757921719028,31.63740338444279,120.66666666666667
LLM,coling::dc12cc52-6173-4721-b8be-42699b3cf392,термин в той же обёртке,48.45654453562398,15.805939347984308,38.23564250345863,122.33333333333333
LLM,coling::dc12cc52-6173-4721-b8be-42699b3cf392,каждое предложение о своём,34.78120549566666,20.531488155402776,34.66229845404795,160.33333333333334
LLM,coling::dc12cc52-6173-4721-b8be-42699b3cf392,богаче словарь,32.774014861512875,24.914038904196236,28.176821204378314,151.66666666666666
LLM,coling::dc12cc52-6173-4721-b8be-42699b3cf392,ни одного слова дважды,47.42464017678207,19.630575881426164,36.00229944912696,150.0
LLM,coling::dc12cc52-6173-4721-b8be-42699b3cf392,редкие синонимы,33.898255729383024,22.07005656527392,31.141913628111126,137.0
LLM,coling::dc12cc52-6173-4721-b8be-42699b3cf392,художественный стиль,46.602397251182175,18.53640283221304,34.862078504455674,140.0
LLM,coling::dc12cc52-6173-4721-b8be-42699b3cf392,анафора,47.2836809482018,17.755185418214737,35.63525484168451,115.33333333333333
LLM,coling::dc12cc52-6173-4721-b8be-42699b3cf392,поле: значение,22.583991903032572,20.248889498603607,26.09634556380789,129.66666666666666
LLM,coling::dc12cc52-6173-4721-b8be-42699b3cf392,перемешивание,45.28004069006301,17.701819270557007,33.95568508840868,128.33333333333334
LLM,coling::dc12cc52-6173-4721-b8be-42699b3cf392,чужие хапаксы,27.88593507661723,21.908715863440744,29.732950314645525,130.66666666666666
LLM,coling::7876816d-0ac2-4404-b2bf-deeaa0b7ea1d,исходный,43.333028441368235,19.300791928852092,32.59700989134503,124.66666666666667
LLM,coling::7876816d-0ac2-4404-b2bf-deeaa0b7ea1d,тема вписана,35.36020866539693,26.583882575542944,30.44832352925152,128.66666666666666
LLM,coling::7876816d-0ac2-4404-b2bf-deeaa0b7ea1d,меньше мыслей,30.913556082921744,10.457802952869285,19.004848611332072,101.0
LLM,coling::7876816d-0ac2-4404-b2bf-deeaa0b7ea1d,одна тема,35.43206784156273,20.063426537841,29.488154769542543,121.0
LLM,coling::7876816d-0ac2-4404-b2bf-deeaa0b7ea1d,беднее словарь,42.95588041986114,18.51203994048728,29.097856633678408,118.0
LLM,coling::7876816d-0ac2-4404-b2bf-deeaa0b7ea1d,без синонимов,33.32732829921033,17.319643960503456,27.71381933773719,119.0
LLM,coling::7876816d-0ac2-4404-b2bf-deeaa0b7ea1d,термин в той же обёртке,43.057301592999785,21.25681197442442,37.103660984237415,117.33333333333333
LLM,coling::7876816d-0ac2-4404-b2bf-deeaa0b7ea1d,богаче словарь,35.45589741507808,21.12035079736569,29.492014042672974,144.0
LLM,coling::7876816d-0ac2-4404-b2bf-deeaa0b7ea1d,ни одного слова дважды,30.800222360373464,21.242984256744258,28.276202786099372,146.66666666666666
LLM,coling::7876816d-0ac2-4404-b2bf-deeaa0b7ea1d,редкие синонимы,40.4294189636774,16.734959484455924,30.68128621673324,129.66666666666666
LLM,coling::7876816d-0ac2-4404-b2bf-deeaa0b7ea1d,художественный стиль,33.41300585267697,21.34978554602493,27.3929948304005,138.66666666666666
LLM,coling::7876816d-0ac2-4404-b2bf-deeaa0b7ea1d,анафора,34.64070129998365,23.83971303872256,32.09052060116792,117.33333333333333
LLM,coling::7876816d-0ac2-4404-b2bf-deeaa0b7ea1d,поле: значение,24.403262327053415,21.257034632177692,24.033885411632195,134.66666666666666
LLM,coling::7876816d-0ac2-4404-b2bf-deeaa0b7ea1d,перемешивание,41.105186824733515,25.420810985843982,35.32156797994645,119.66666666666667
LLM,coling::7876816d-0ac2-4404-b2bf-deeaa0b7ea1d,чужие хапаксы,33.36708537406884,29.06815911599645,32.7625154730599,125.66666666666667
LLM,coling::1a16d27a-89fc-4df9-8b4f-cf2532a8cec8,исходный,28.06286433813712,18.896038028564522,26.111835119430026,129.33333333333334
LLM,coling::1a16d27a-89fc-4df9-8b4f-cf2532a8cec8,тема вписана,34.414161473243766,18.57372183069776,28.188546963542024,136.66666666666666
LLM,coling::1a16d27a-89fc-4df9-8b4f-cf2532a8cec8,одна тема,37.6917224372564,16.400262447072517,30.60803489573,117.33333333333333
LLM,coling::1a16d27a-89fc-4df9-8b4f-cf2532a8cec8,беднее словарь,32.8280137027702,20.245515771663616,25.99288991507669,126.33333333333333
LLM,coling::1a16d27a-89fc-4df9-8b4f-cf2532a8cec8,без синонимов,28.575607323413703,16.319201463662427,23.87675152269087,126.33333333333333
LLM,coling::1a16d27a-89fc-4df9-8b4f-cf2532a8cec8,термин в той же обёртке,24.22148769058224,22.246794302890354,20.83818305318896,103.33333333333333
LLM,coling::1a16d27a-89fc-4df9-8b4f-cf2532a8cec8,каждое предложение о своём,26.655558984016206,17.53132145699274,24.408880515646956,163.33333333333334
LLM,coling::1a16d27a-89fc-4df9-8b4f-cf2532a8cec8,богаче словарь,30.330842778677034,17.794963061855395,24.879766199293783,141.0
LLM,coling::1a16d27a-89fc-4df9-8b4f-cf2532a8cec8,ни одного слова дважды,35.54477224533767,15.16610737049426,28.33738503379891,131.66666666666666
LLM,coling::1a16d27a-89fc-4df9-8b4f-cf2532a8cec8,редкие синонимы,32.326409660535155,18.01051880772257,31.528144628382506,130.66666666666666
LLM,coling::1a16d27a-89fc-4df9-8b4f-cf2532a8cec8,художественный стиль,37.71715034147438,18.649493200754083,29.10897037876534,141.66666666666666
LLM,coling::1a16d27a-89fc-4df9-8b4f-cf2532a8cec8,анафора,30.65675497065675,18.926050401962407,27.714973397620156,110.33333333333333
LLM,coling::1a16d27a-89fc-4df9-8b4f-cf2532a8cec8,поле: значение,22.646697763215727,25.181290386640825,24.644044350681437,131.33333333333334
LLM,coling::1a16d27a-89fc-4df9-8b4f-cf2532a8cec8,перемешивание,31.28996549505816,32.8690045272864,32.572102869088376,127.33333333333333
LLM,coling::1a16d27a-89fc-4df9-8b4f-cf2532a8cec8,чужие хапаксы,31.097954554079763,22.483135455838497,29.111932191118566,125.33333333333333
LLM,coling::2e921a31-8ffa-4c78-8c4d-ef7e72432bc8,исходный,32.97467533563688,16.482474312549495,26.67415566816935,125.0
LLM,coling::2e921a31-8ffa-4c78-8c4d-ef7e72432bc8,тема вписана,29.610144747766828,22.415101632656988,27.020610473413,140.66666666666666
LLM,coling::2e921a31-8ffa-4c78-8c4d-ef7e72432bc8,меньше мыслей,21.98336470924593,13.13857748086859,14.610832065877739,129.66666666666666
LLM,coling::2e921a31-8ffa-4c78-8c4d-ef7e72432bc8,одна тема,46.412733129977035,14.56165241891235,27.942983269331393,123.33333333333333
LLM,coling::2e921a31-8ffa-4c78-8c4d-ef7e72432bc8,беднее словарь,35.17439740601554,15.39854300524545,26.404007339567542,116.33333333333333
LLM,coling::2e921a31-8ffa-4c78-8c4d-ef7e72432bc8,без синонимов,29.483145349366485,14.941630019144023,26.304166724808606,115.33333333333333
LLM,coling::2e921a31-8ffa-4c78-8c4d-ef7e72432bc8,термин в той же обёртке,22.684785756450538,17.67649394648986,24.792693953025324,111.0
LLM,coling::2e921a31-8ffa-4c78-8c4d-ef7e72432bc8,богаче словарь,26.671363955155595,19.973550431528448,26.93359228739406,135.0
LLM,coling::2e921a31-8ffa-4c78-8c4d-ef7e72432bc8,ни одного слова дважды,33.79891863435852,19.927158012895095,30.736255816029892,136.33333333333334
LLM,coling::2e921a31-8ffa-4c78-8c4d-ef7e72432bc8,редкие синонимы,41.589256173685015,15.610215346997235,31.275918670017138,124.66666666666667
LLM,coling::2e921a31-8ffa-4c78-8c4d-ef7e72432bc8,художественный стиль,25.176454243733122,20.212726005106656,26.581739987464157,143.0
LLM,coling::2e921a31-8ffa-4c78-8c4d-ef7e72432bc8,анафора,25.150474289419094,17.477411579421016,22.750463262288104,111.66666666666667
LLM,coling::2e921a31-8ffa-4c78-8c4d-ef7e72432bc8,поле: значение,21.708174074487516,18.704399215760777,25.548870403863038,119.33333333333333
LLM,coling::2e921a31-8ffa-4c78-8c4d-ef7e72432bc8,перемешивание,38.462046824222284,21.214384358765624,35.24754484771382,119.33333333333333
LLM,coling::2e921a31-8ffa-4c78-8c4d-ef7e72432bc8,чужие хапаксы,31.946965412592363,22.549996568189403,32.825731531492515,123.66666666666667
LLM,coling::28a6b262-a893-4fcb-a538-fc9aa5adc135,исходный,27.466576347346876,16.498662894594197,25.41445243256702,136.66666666666666
LLM,coling::28a6b262-a893-4fcb-a538-fc9aa5adc135,тема вписана,31.343320135242994,18.454191231730288,33.265244826513204,138.0
LLM,coling::28a6b262-a893-4fcb-a538-fc9aa5adc135,меньше мыслей,31.684086144610486,13.829775259367656,24.86176354125335,139.66666666666666
LLM,coling::28a6b262-a893-4fcb-a538-fc9aa5adc135,одна тема,25.766268389019107,15.881303889967612,23.125924405877058,130.66666666666666
LLM,coling::28a6b262-a893-4fcb-a538-fc9aa5adc135,без синонимов,26.192373066411875,16.624629394392553,24.574919928228734,130.33333333333334
LLM,coling::28a6b262-a893-4fcb-a538-fc9aa5adc135,термин в той же обёртке,27.86104404078029,18.452808371337678,26.37308444295625,129.66666666666666
LLM,coling::28a6b262-a893-4fcb-a538-fc9aa5adc135,каждое предложение о своём,26.575221620544173,22.284965144567405,24.970956659328774,155.0
LLM,coling::28a6b262-a893-4fcb-a538-fc9aa5adc135,богаче словарь,24.314624788791672,18.702578376038975,25.223239179350994,148.0
LLM,coling::28a6b262-a893-4fcb-a538-fc9aa5adc135,ни одного слова дважды,27.083846049207782,18.78778704921282,25.599597994495866,149.0
LLM,coling::28a6b262-a893-4fcb-a538-fc9aa5adc135,редкие синонимы,24.877147002828384,15.258113089498307,24.931879759227858,138.0
LLM,coling::28a6b262-a893-4fcb-a538-fc9aa5adc135,художественный стиль,24.906176703878486,19.943880951645045,25.23510237275705,144.66666666666666
LLM,coling::28a6b262-a893-4fcb-a538-fc9aa5adc135,анафора,27.830757368165255,19.8299145922795,32.024051009960495,123.66666666666667
LLM,coling::28a6b262-a893-4fcb-a538-fc9aa5adc135,поле: значение,23.998916716987285,18.729917456186623,23.76807925342692,140.33333333333334
LLM,coling::28a6b262-a893-4fcb-a538-fc9aa5adc135,перемешивание,23.330600445950633,26.879260900607665,24.086819109477727,139.0
LLM,coling::28a6b262-a893-4fcb-a538-fc9aa5adc135,чужие хапаксы,24.99707647242684,26.602816977599375,23.7320851828852,130.0
LLM,coling::efafda31-a3f3-48d6-9d8f-b2b5d4b1143b,исходный,28.39426045118016,14.368656709352384,22.900302182326943,128.0
LLM,coling::efafda31-a3f3-48d6-9d8f-b2b5d4b1143b,одна тема,29.973135740027697,15.512449549579964,24.160166332294505,118.33333333333333
LLM,coling::efafda31-a3f3-48d6-9d8f-b2b5d4b1143b,беднее словарь,40.47748197642751,16.427453962185208,26.184899772543996,119.0
LLM,coling::efafda31-a3f3-48d6-9d8f-b2b5d4b1143b,термин в той же обёртке,29.492173794775386,16.229788127590144,24.243456950338356,121.66666666666667
LLM,coling::efafda31-a3f3-48d6-9d8f-b2b5d4b1143b,каждое предложение о своём,26.284724994884797,24.74979460073079,24.629968083615907,166.0
LLM,coling::efafda31-a3f3-48d6-9d8f-b2b5d4b1143b,богаче словарь,32.37350078734705,23.842709001431444,29.20738875455528,152.66666666666666
LLM,coling::efafda31-a3f3-48d6-9d8f-b2b5d4b1143b,редкие синонимы,27.831857241743705,13.47413295470747,22.45758042284757,134.33333333333334
LLM,coling::efafda31-a3f3-48d6-9d8f-b2b5d4b1143b,художественный стиль,37.345582199670865,19.28785917330975,27.191296814132652,142.33333333333334
LLM,coling::efafda31-a3f3-48d6-9d8f-b2b5d4b1143b,анафора,37.643516115214595,14.951792903393212,24.344789606904186,115.66666666666667
LLM,coling::efafda31-a3f3-48d6-9d8f-b2b5d4b1143b,поле: значение,27.759979774908278,19.612129465011634,25.09220685767869,129.33333333333334
LLM,coling::efafda31-a3f3-48d6-9d8f-b2b5d4b1143b,перемешивание,32.873825769654324,22.046346774272678,30.50095355417356,123.33333333333333
LLM,coling::efafda31-a3f3-48d6-9d8f-b2b5d4b1143b,чужие хапаксы,41.50089766996866,19.02938652908607,35.69700922735065,129.0
LLM,coling::f4961832-eeb4-41fc-8a64-82c3010783ae,исходный,37.724228938745675,20.92636171182995,34.560211127188744,140.66666666666666
LLM,coling::f4961832-eeb4-41fc-8a64-82c3010783ae,тема вписана,36.07188515256968,21.565295916430728,33.57112349488563,143.0
LLM,coling::f4961832-eeb4-41fc-8a64-82c3010783ae,одна тема,54.91259081208477,23.049628077185087,37.39465552991049,145.66666666666666
LLM,coling::f4961832-eeb4-41fc-8a64-82c3010783ae,беднее словарь,41.59347961146637,20.429442962879108,32.930204181479134,133.66666666666666
LLM,coling::f4961832-eeb4-41fc-8a64-82c3010783ae,без синонимов,34.633373346026545,23.20581764362787,35.36002833395208,132.66666666666666
LLM,coling::f4961832-eeb4-41fc-8a64-82c3010783ae,термин в той же обёртке,30.452664218733286,33.15348647376811,38.65735205793599,138.33333333333334
LLM,coling::f4961832-eeb4-41fc-8a64-82c3010783ae,богаче словарь,36.731345392598215,19.515387815265786,35.02170079567884,149.33333333333334
LLM,coling::f4961832-eeb4-41fc-8a64-82c3010783ae,ни одного слова дважды,45.652722925781156,21.401260125952955,38.38745714606578,140.0
LLM,coling::f4961832-eeb4-41fc-8a64-82c3010783ae,редкие синонимы,41.98416309212459,21.956581222951794,36.693200408431075,148.0
LLM,coling::f4961832-eeb4-41fc-8a64-82c3010783ae,художественный стиль,31.297798050151183,21.29427290168661,32.17925114128812,155.33333333333334
LLM,coling::f4961832-eeb4-41fc-8a64-82c3010783ae,анафора,39.82587190941631,20.97801445085091,36.84219460843355,128.66666666666666
LLM,coling::f4961832-eeb4-41fc-8a64-82c3010783ae,поле: значение,21.99810682617927,23.66194278017424,26.463075645222585,132.33333333333334
LLM,coling::f4961832-eeb4-41fc-8a64-82c3010783ae,перемешивание,33.85559756877927,27.099506828564206,36.75669682657719,140.33333333333334
LLM,coling::f4961832-eeb4-41fc-8a64-82c3010783ae,чужие хапаксы,30.12081577760446,26.21097677124138,33.596759613356944,144.33333333333334
LLM,coling::2b392f9b-db4c-468a-bf65-fc00202e096d,исходный,36.01182857785236,16.87896465089835,27.215154927210147,133.0
LLM,coling::2b392f9b-db4c-468a-bf65-fc00202e096d,тема вписана,42.68466902012974,19.47016026752938,30.94218787479296,134.33333333333334
LLM,coling::2b392f9b-db4c-468a-bf65-fc00202e096d,меньше мыслей,18.858787628250155,11.848498204180835,16.511627854198775,104.0
LLM,coling::2b392f9b-db4c-468a-bf65-fc00202e096d,одна тема,39.96711928444934,16.326094164944237,27.04035512178986,114.66666666666667
LLM,coling::2b392f9b-db4c-468a-bf65-fc00202e096d,беднее словарь,36.805612554254566,14.931762479307997,28.462448408168257,133.33333333333334
LLM,coling::2b392f9b-db4c-468a-bf65-fc00202e096d,без синонимов,30.759165615403372,14.209419602006571,25.600971832214785,123.0
LLM,coling::2b392f9b-db4c-468a-bf65-fc00202e096d,термин в той же обёртке,36.66845483050671,15.12505824834996,28.110436055511414,124.33333333333333
LLM,coling::2b392f9b-db4c-468a-bf65-fc00202e096d,каждое предложение о своём,29.196196051699022,20.65229623663521,24.616374601602658,159.33333333333334
LLM,coling::2b392f9b-db4c-468a-bf65-fc00202e096d,богаче словарь,31.96262029864206,15.426553083449695,27.44856889502293,153.0
LLM,coling::2b392f9b-db4c-468a-bf65-fc00202e096d,ни одного слова дважды,41.25263066230247,17.2282847912912,33.97555872060536,154.66666666666666
LLM,coling::2b392f9b-db4c-468a-bf65-fc00202e096d,редкие синонимы,39.92033801541687,17.50988900069643,28.18517702229448,136.33333333333334
LLM,coling::2b392f9b-db4c-468a-bf65-fc00202e096d,художественный стиль,36.74949900972796,17.891633627156704,29.69225394526765,146.66666666666666
LLM,coling::2b392f9b-db4c-468a-bf65-fc00202e096d,анафора,38.553325914078776,15.907029729831583,32.65809093152917,114.0
LLM,coling::2b392f9b-db4c-468a-bf65-fc00202e096d,поле: значение,21.719864309441743,15.256592037483225,24.15809706935039,135.0
LLM,coling::2b392f9b-db4c-468a-bf65-fc00202e096d,перемешивание,25.28361401965636,20.376669693584592,26.65977255646754,135.0
LLM,coling::2b392f9b-db4c-468a-bf65-fc00202e096d,чужие хапаксы,25.42684464634837,30.065094384708917,25.513594674150365,131.0
LLM,coling::3bec38ad-9c98-4004-95a3-5b24858e7401,исходный,37.34605622965225,23.512570765342584,32.30740787401162,131.0
LLM,coling::3bec38ad-9c98-4004-95a3-5b24858e7401,тема вписана,34.04560312102971,23.023581222026284,34.21895909222325,132.33333333333334
LLM,coling::3bec38ad-9c98-4004-95a3-5b24858e7401,меньше мыслей,25.53818753971571,16.33387647159118,24.524566778954767,105.0
LLM,coling::3bec38ad-9c98-4004-95a3-5b24858e7401,одна тема,36.69658053566891,20.672315185492252,34.55281519698534,118.33333333333333
LLM,coling::3bec38ad-9c98-4004-95a3-5b24858e7401,беднее словарь,42.982243584373435,19.85920209575192,37.24399031891141,125.66666666666667
LLM,coling::3bec38ad-9c98-4004-95a3-5b24858e7401,без синонимов,37.147475097600854,24.159283895268384,36.478771576661835,133.0
LLM,coling::3bec38ad-9c98-4004-95a3-5b24858e7401,термин в той же обёртке,39.625806468373604,21.881316982268846,33.829870377513224,131.66666666666666
LLM,coling::3bec38ad-9c98-4004-95a3-5b24858e7401,богаче словарь,37.851895521105995,24.259641685039167,33.03390407010543,138.0
LLM,coling::3bec38ad-9c98-4004-95a3-5b24858e7401,ни одного слова дважды,30.764238191851547,18.874978290436697,34.055989511231616,133.66666666666666
LLM,coling::3bec38ad-9c98-4004-95a3-5b24858e7401,редкие синонимы,34.35407916962996,20.394033469164807,33.44921202226476,138.0
LLM,coling::3bec38ad-9c98-4004-95a3-5b24858e7401,художественный стиль,40.87008092276915,22.75805642474461,38.20237208827192,158.0
LLM,coling::3bec38ad-9c98-4004-95a3-5b24858e7401,анафора,84.01867134635826,23.483619630497426,47.23493661630882,123.0
LLM,coling::3bec38ad-9c98-4004-95a3-5b24858e7401,поле: значение,21.497805923770187,25.38095983251181,29.321956570457797,130.66666666666666
LLM,coling::3bec38ad-9c98-4004-95a3-5b24858e7401,перемешивание,34.881478324139586,29.670394660438077,34.31516034443308,133.0
LLM,coling::3bec38ad-9c98-4004-95a3-5b24858e7401,чужие хапаксы,28.89053853729071,30.510498012737745,32.45808468590591,137.33333333333334
LLM,coling::365ba259-c2eb-480e-84d9-eab251a43b47,исходный,48.105061263319556,19.0168077796815,33.71314607755246,133.0
LLM,coling::365ba259-c2eb-480e-84d9-eab251a43b47,тема вписана,32.14160582888693,27.391857250171324,31.313399840541155,143.33333333333334
LLM,coling::365ba259-c2eb-480e-84d9-eab251a43b47,беднее словарь,31.440743319594674,24.240593271984096,30.32081483482911,130.0
LLM,coling::365ba259-c2eb-480e-84d9-eab251a43b47,без синонимов,40.22305789966649,20.73528355459683,33.82424902990254,121.66666666666667
LLM,coling::365ba259-c2eb-480e-84d9-eab251a43b47,термин в той же обёртке,39.863461867978764,24.142527343077262,31.092094906276255,138.0
LLM,coling::365ba259-c2eb-480e-84d9-eab251a43b47,богаче словарь,28.82063380360178,19.015056488507177,30.006762812762133,168.0
LLM,coling::365ba259-c2eb-480e-84d9-eab251a43b47,ни одного слова дважды,36.479089878927596,22.128480121169797,31.629454199751176,165.66666666666666
LLM,coling::365ba259-c2eb-480e-84d9-eab251a43b47,редкие синонимы,37.00629087638182,24.176139598457507,32.21905799385399,140.33333333333334
LLM,coling::365ba259-c2eb-480e-84d9-eab251a43b47,художественный стиль,35.209310225008046,20.242488130526265,32.03718125407386,156.0
LLM,coling::365ba259-c2eb-480e-84d9-eab251a43b47,анафора,36.61359997304679,30.059647667440213,38.90350910029161,109.66666666666667
LLM,coling::365ba259-c2eb-480e-84d9-eab251a43b47,поле: значение,19.192540811439976,22.976233278992854,23.40315409520194,137.66666666666666
LLM,coling::365ba259-c2eb-480e-84d9-eab251a43b47,перемешивание,38.92850582508019,21.70420522493339,34.73208466516008,136.66666666666666
LLM,coling::365ba259-c2eb-480e-84d9-eab251a43b47,чужие хапаксы,30.290014319665584,28.980321787016077,33.814116844957816,133.33333333333334
LLM,coling::17ad7e76-2fa1-4c9b-a42b-44a53287fb2e,исходный,28.44345343642461,20.32671305578555,28.578301386046647,139.33333333333334
LLM,coling::17ad7e76-2fa1-4c9b-a42b-44a53287fb2e,тема вписана,34.620985219889654,22.96110999809207,34.62606331845741,134.33333333333334
LLM,coling::17ad7e76-2fa1-4c9b-a42b-44a53287fb2e,меньше мыслей,31.610137637980916,17.47275767751271,24.285062470680735,103.0
LLM,coling::17ad7e76-2fa1-4c9b-a42b-44a53287fb2e,одна тема,24.77797990681067,20.781944104357308,26.48493829350021,129.0
LLM,coling::17ad7e76-2fa1-4c9b-a42b-44a53287fb2e,беднее словарь,30.42565369566354,26.25956874942048,29.20583448246531,135.0
LLM,coling::17ad7e76-2fa1-4c9b-a42b-44a53287fb2e,без синонимов,29.919724416585407,18.851911157387253,28.558954003538428,135.33333333333334
LLM,coling::17ad7e76-2fa1-4c9b-a42b-44a53287fb2e,термин в той же обёртке,29.675819563472576,21.48549952657469,30.036332259305937,132.66666666666666
LLM,coling::17ad7e76-2fa1-4c9b-a42b-44a53287fb2e,богаче словарь,25.350800673118332,20.95411396128534,27.042684190804366,152.66666666666666
LLM,coling::17ad7e76-2fa1-4c9b-a42b-44a53287fb2e,ни одного слова дважды,29.48576110255226,22.017855984300066,30.59656641665588,143.66666666666666
LLM,coling::17ad7e76-2fa1-4c9b-a42b-44a53287fb2e,редкие синонимы,31.190941245936198,20.967852282099486,30.893177357830353,142.33333333333334
LLM,coling::17ad7e76-2fa1-4c9b-a42b-44a53287fb2e,художественный стиль,42.42040114004302,19.396265428017927,35.89393021449208,142.33333333333334
LLM,coling::17ad7e76-2fa1-4c9b-a42b-44a53287fb2e,анафора,45.32114719081346,19.990919314131574,35.538436065636816,118.33333333333333
LLM,coling::17ad7e76-2fa1-4c9b-a42b-44a53287fb2e,поле: значение,23.294459160453147,23.457762088386108,31.028519715152026,136.0
LLM,coling::17ad7e76-2fa1-4c9b-a42b-44a53287fb2e,перемешивание,36.28670930696783,25.347457242116178,32.97591527218871,139.66666666666666
LLM,coling::17ad7e76-2fa1-4c9b-a42b-44a53287fb2e,чужие хапаксы,24.567662022641183,36.300443548698546,34.49094605486241,136.66666666666666
LLM,coling::bd4df89c-701f-407b-9fc6-2c51aa5be36c,исходный,37.39763765157091,21.00505883235553,34.07389453075282,149.0
LLM,coling::bd4df89c-701f-407b-9fc6-2c51aa5be36c,меньше мыслей,40.12284302216798,16.64571449793648,31.227799370917523,131.66666666666666
LLM,coling::bd4df89c-701f-407b-9fc6-2c51aa5be36c,одна тема,36.54350005264408,19.80677934504649,31.359430491263964,145.33333333333334
LLM,coling::bd4df89c-701f-407b-9fc6-2c51aa5be36c,беднее словарь,40.26864085749607,19.276270606242495,32.051425196803045,136.33333333333334
LLM,coling::bd4df89c-701f-407b-9fc6-2c51aa5be36c,термин в той же обёртке,55.23953839380732,19.695349338910813,32.74671648819915,135.66666666666666
LLM,coling::bd4df89c-701f-407b-9fc6-2c51aa5be36c,богаче словарь,35.466267285468355,19.994591695236362,31.46911959536836,144.0
LLM,coling::bd4df89c-701f-407b-9fc6-2c51aa5be36c,редкие синонимы,36.545946436359316,21.16511871157004,31.68416053106775,150.33333333333334
LLM,coling::bd4df89c-701f-407b-9fc6-2c51aa5be36c,художественный стиль,41.863842530931,20.928598976113136,33.94252659465618,146.0
LLM,coling::bd4df89c-701f-407b-9fc6-2c51aa5be36c,анафора,39.827181282552225,22.874275526030573,37.49422369147502,124.66666666666667
LLM,coling::bd4df89c-701f-407b-9fc6-2c51aa5be36c,поле: значение,19.117603914939277,21.9733348523087,24.636704346636805,142.0
LLM,coling::bd4df89c-701f-407b-9fc6-2c51aa5be36c,перемешивание,33.657055362389706,23.5613817615782,33.98253115236937,148.33333333333334
LLM,coling::bd4df89c-701f-407b-9fc6-2c51aa5be36c,чужие хапаксы,27.627399316684137,22.980875264363572,31.477556633570543,149.0
LLM,coling::4b504a77-e4f6-447f-996a-b39d54b5c54c,исходный,33.26027605062547,22.01902149592391,27.06158463012778,138.66666666666666
LLM,coling::4b504a77-e4f6-447f-996a-b39d54b5c54c,тема вписана,35.97562909766393,25.128254169516143,30.918847882561366,144.33333333333334
LLM,coling::4b504a77-e4f6-447f-996a-b39d54b5c54c,меньше мыслей,24.30870178594797,13.051478319172483,20.210548164240233,116.66666666666667
LLM,coling::4b504a77-e4f6-447f-996a-b39d54b5c54c,одна тема,35.520492648654084,17.886843873046427,27.530859352209102,132.0
LLM,coling::4b504a77-e4f6-447f-996a-b39d54b5c54c,беднее словарь,30.69610879112777,16.98983506153435,25.283370232664343,133.0
LLM,coling::4b504a77-e4f6-447f-996a-b39d54b5c54c,без синонимов,26.95573881185236,23.812143353291315,27.395254201048512,126.66666666666667
LLM,coling::4b504a77-e4f6-447f-996a-b39d54b5c54c,термин в той же обёртке,32.85164162841771,23.193024599815207,27.743539108282345,129.33333333333334
LLM,coling::4b504a77-e4f6-447f-996a-b39d54b5c54c,каждое предложение о своём,23.64972139784493,22.77171355318157,24.309431031605666,163.66666666666666
LLM,coling::4b504a77-e4f6-447f-996a-b39d54b5c54c,богаче словарь,31.014280534408375,18.166126489268958,24.3388711946471,152.33333333333334
LLM,coling::4b504a77-e4f6-447f-996a-b39d54b5c54c,ни одного слова дважды,29.859111682152996,18.239455150839394,25.6649304894956,148.33333333333334
LLM,coling::4b504a77-e4f6-447f-996a-b39d54b5c54c,редкие синонимы,31.550316643613172,20.287455359475917,25.822521834849805,142.0
LLM,coling::4b504a77-e4f6-447f-996a-b39d54b5c54c,художественный стиль,30.202557273227672,22.189564638121055,27.42664945263614,144.0
LLM,coling::4b504a77-e4f6-447f-996a-b39d54b5c54c,анафора,34.11690506722418,20.113615398185434,27.68789456692782,138.0
LLM,coling::4b504a77-e4f6-447f-996a-b39d54b5c54c,поле: значение,21.36350931211867,26.116245767212362,24.40711471434474,138.33333333333334
LLM,coling::4b504a77-e4f6-447f-996a-b39d54b5c54c,перемешивание,30.047743200660637,22.85254679412665,28.378125932081673,140.66666666666666
LLM,coling::4b504a77-e4f6-447f-996a-b39d54b5c54c,чужие хапаксы,32.452181107377896,22.680078840555527,34.24955264444456,146.66666666666666
LLM,coling::ef2146c2-c9fe-4563-b26a-b39f1bb94bdd,исходный,31.86485259594673,21.31011830834608,27.41037061795609,132.33333333333334
LLM,coling::ef2146c2-c9fe-4563-b26a-b39f1bb94bdd,тема вписана,36.65745185092373,22.62687853674021,27.970983106091648,134.66666666666666
LLM,coling::ef2146c2-c9fe-4563-b26a-b39f1bb94bdd,одна тема,32.919154605764135,18.23575731066047,28.94545973430517,126.0
LLM,coling::ef2146c2-c9fe-4563-b26a-b39f1bb94bdd,беднее словарь,34.28650503517874,19.720306748574245,32.162037306522386,114.66666666666667
LLM,coling::ef2146c2-c9fe-4563-b26a-b39f1bb94bdd,без синонимов,32.644454627066295,25.419527174230026,32.155832711868044,110.33333333333333
LLM,coling::ef2146c2-c9fe-4563-b26a-b39f1bb94bdd,каждое предложение о своём,35.93581976660089,25.300525464840522,32.946787894243414,150.0
LLM,coling::ef2146c2-c9fe-4563-b26a-b39f1bb94bdd,богаче словарь,33.324587787022104,20.060120141358908,29.308942071853437,136.33333333333334
LLM,coling::ef2146c2-c9fe-4563-b26a-b39f1bb94bdd,ни одного слова дважды,45.33192175825955,17.960008964494957,31.34280256143636,142.66666666666666
LLM,coling::ef2146c2-c9fe-4563-b26a-b39f1bb94bdd,редкие синонимы,36.829649059680825,18.76218838414508,29.57643639611429,133.33333333333334
LLM,coling::ef2146c2-c9fe-4563-b26a-b39f1bb94bdd,художественный стиль,27.52268554474631,20.27523054587594,28.529359168622875,152.0
LLM,coling::ef2146c2-c9fe-4563-b26a-b39f1bb94bdd,анафора,53.1957563147164,23.484583413632652,34.33320779078151,131.66666666666666
LLM,coling::ef2146c2-c9fe-4563-b26a-b39f1bb94bdd,поле: значение,26.789584976723138,18.321492642936047,27.94006828118438,120.66666666666667
LLM,coling::ef2146c2-c9fe-4563-b26a-b39f1bb94bdd,перемешивание,36.66132323584594,22.644678313181235,32.67294013696185,125.33333333333333
LLM,coling::ef2146c2-c9fe-4563-b26a-b39f1bb94bdd,чужие хапаксы,30.18512817810637,22.9554301956841,31.63883271625703,131.33333333333334
LLM,coling::a1534ce8-2639-4c7c-b509-3d430b55cf97,исходный,32.06046592109545,19.644871706672756,27.170327947350472,134.66666666666666
LLM,coling::a1534ce8-2639-4c7c-b509-3d430b55cf97,тема вписана,30.44287492156285,23.221581936235637,29.045365305108316,135.0
LLM,coling::a1534ce8-2639-4c7c-b509-3d430b55cf97,одна тема,29.06670007200303,24.29308046029222,28.728605095363843,126.66666666666667
LLM,coling::a1534ce8-2639-4c7c-b509-3d430b55cf97,беднее словарь,34.23458294717088,19.157201969060022,30.724173536264953,122.66666666666667
LLM,coling::a1534ce8-2639-4c7c-b509-3d430b55cf97,без синонимов,32.381537048827774,22.114726911541325,30.370221374995015,119.66666666666667
LLM,coling::a1534ce8-2639-4c7c-b509-3d430b55cf97,термин в той же обёртке,29.394635669675946,18.321654956313086,26.71150115490578,132.33333333333334
LLM,coling::a1534ce8-2639-4c7c-b509-3d430b55cf97,каждое предложение о своём,28.88588131192267,22.814630728276132,28.300006495422576,141.33333333333334
LLM,coling::a1534ce8-2639-4c7c-b509-3d430b55cf97,богаче словарь,24.02667084864359,17.92759964371925,24.457286383212402,146.33333333333334
LLM,coling::a1534ce8-2639-4c7c-b509-3d430b55cf97,ни одного слова дважды,26.56857242421316,20.557684654373627,24.939040084330557,139.33333333333334
LLM,coling::a1534ce8-2639-4c7c-b509-3d430b55cf97,редкие синонимы,29.174463881905705,24.619172510480322,29.472597675287897,142.66666666666666
LLM,coling::a1534ce8-2639-4c7c-b509-3d430b55cf97,художественный стиль,32.618058849882885,24.68713948559683,30.081735742529077,145.66666666666666
LLM,coling::a1534ce8-2639-4c7c-b509-3d430b55cf97,анафора,36.73947757385296,15.795632673980395,29.916578389391002,127.33333333333333
LLM,coling::a1534ce8-2639-4c7c-b509-3d430b55cf97,поле: значение,41.07758974264509,19.924122578184647,28.687618665128117,108.0
LLM,coling::a1534ce8-2639-4c7c-b509-3d430b55cf97,перемешивание,37.64999902871032,26.10045459356103,33.46491634436125,132.66666666666666
LLM,coling::a1534ce8-2639-4c7c-b509-3d430b55cf97,чужие хапаксы,28.25333420118925,26.59216796718017,30.19736168205823,139.0
LLM,coling::49a2d576-81e8-4b16-889d-beb4a986f322,исходный,34.34734193416392,19.29158739197284,27.57391229203037,126.33333333333333
LLM,coling::49a2d576-81e8-4b16-889d-beb4a986f322,тема вписана,34.26383723070555,20.71703281859686,30.24965533342502,131.0
LLM,coling::49a2d576-81e8-4b16-889d-beb4a986f322,одна тема,40.37536682206086,17.729486211869016,29.41002552456179,119.66666666666667
LLM,coling::49a2d576-81e8-4b16-889d-beb4a986f322,беднее словарь,32.4911793518551,21.2318399105579,28.42006180979433,122.33333333333333
LLM,coling::49a2d576-81e8-4b16-889d-beb4a986f322,без синонимов,28.388955570029236,22.246057129363674,36.11440567487998,107.66666666666667
LLM,coling::49a2d576-81e8-4b16-889d-beb4a986f322,термин в той же обёртке,33.15180549161736,22.399441248444997,32.88776592580786,122.0
LLM,coling::49a2d576-81e8-4b16-889d-beb4a986f322,каждое предложение о своём,38.17161341242597,17.713003327450348,29.800588946558943,146.0
LLM,coling::49a2d576-81e8-4b16-889d-beb4a986f322,богаче словарь,32.38453123328272,16.922385585802502,29.06920632692426,133.0
LLM,coling::49a2d576-81e8-4b16-889d-beb4a986f322,ни одного слова дважды,28.753188107355484,18.56579268479864,26.89952575501057,145.0
LLM,coling::49a2d576-81e8-4b16-889d-beb4a986f322,редкие синонимы,34.75462241806908,21.50206688131014,29.690540801855416,135.33333333333334
LLM,coling::49a2d576-81e8-4b16-889d-beb4a986f322,художественный стиль,32.29554789379363,22.57913282235214,32.01593233163246,146.0
LLM,coling::49a2d576-81e8-4b16-889d-beb4a986f322,анафора,36.787028261329624,21.91275671025308,33.72241291318573,124.66666666666667
LLM,coling::49a2d576-81e8-4b16-889d-beb4a986f322,поле: значение,31.791559620159124,18.240497484071412,27.976486798299845,125.0
LLM,coling::49a2d576-81e8-4b16-889d-beb4a986f322,перемешивание,42.616530478237735,21.343807800144884,32.15741456831079,122.66666666666667
LLM,coling::49a2d576-81e8-4b16-889d-beb4a986f322,чужие хапаксы,37.97224171848188,26.857726753174486,32.31113109977823,130.0
LLM,coling::724b2f69-4d19-4d08-9bbd-53e0153760b2,исходный,34.34734193416392,19.29158739197284,27.57391229203037,126.33333333333333
LLM,coling::724b2f69-4d19-4d08-9bbd-53e0153760b2,тема вписана,40.572309845759996,19.51777915719397,32.639237988308714,134.66666666666666
LLM,coling::724b2f69-4d19-4d08-9bbd-53e0153760b2,одна тема,40.37536682206086,17.729486211869016,29.41002552456179,119.66666666666667
LLM,coling::724b2f69-4d19-4d08-9bbd-53e0153760b2,беднее словарь,32.4911793518551,21.2318399105579,28.42006180979433,122.33333333333333
LLM,coling::724b2f69-4d19-4d08-9bbd-53e0153760b2,без синонимов,26.114006625036062,21.813189236447847,31.899576361668405,111.5
LLM,coling::724b2f69-4d19-4d08-9bbd-53e0153760b2,термин в той же обёртке,33.15180549161736,22.399441248444997,32.88776592580786,122.0
LLM,coling::724b2f69-4d19-4d08-9bbd-53e0153760b2,каждое предложение о своём,43.516135120222465,22.49804165502759,30.585258650337213,143.66666666666666
LLM,coling::724b2f69-4d19-4d08-9bbd-53e0153760b2,богаче словарь,32.38453123328272,16.922385585802502,29.06920632692426,133.0
LLM,coling::724b2f69-4d19-4d08-9bbd-53e0153760b2,ни одного слова дважды,35.96745608937331,21.968656918469836,29.296972713090884,125.33333333333333
LLM,coling::724b2f69-4d19-4d08-9bbd-53e0153760b2,редкие синонимы,34.768836759302374,21.45392001576619,31.11910630897329,125.33333333333333
LLM,coling::724b2f69-4d19-4d08-9bbd-53e0153760b2,художественный стиль,38.23902818150015,26.477730249801862,33.99579904494955,141.33333333333334
LLM,coling::724b2f69-4d19-4d08-9bbd-53e0153760b2,анафора,31.874761671384345,17.632878826897944,31.132610597840724,117.33333333333333
LLM,coling::724b2f69-4d19-4d08-9bbd-53e0153760b2,поле: значение,23.221099845158268,18.16082752178847,25.24894230666791,123.66666666666667
LLM,coling::724b2f69-4d19-4d08-9bbd-53e0153760b2,перемешивание,46.17061987945504,28.48951170751316,40.92993639317461,126.33333333333333
LLM,coling::724b2f69-4d19-4d08-9bbd-53e0153760b2,чужие хапаксы,41.632973861704734,25.758197082166618,35.07649495363547,127.0
LLM,coling::6d5e183d-832b-4aa4-a6e2-563f242380e3,исходный,31.59345016090983,16.838167399386688,28.726063797173538,130.0
LLM,coling::6d5e183d-832b-4aa4-a6e2-563f242380e3,меньше мыслей,19.096589271597562,10.35485705784482,16.911529217348235,119.33333333333333
LLM,coling::6d5e183d-832b-4aa4-a6e2-563f242380e3,одна тема,37.72499623973238,18.881973171057393,35.187987005776804,132.0
LLM,coling::6d5e183d-832b-4aa4-a6e2-563f242380e3,беднее словарь,46.662055482001385,20.677484548459272,33.53346006274821,118.33333333333333
LLM,coling::6d5e183d-832b-4aa4-a6e2-563f242380e3,термин в той же обёртке,28.526854604245564,19.959799604767035,31.04888640810055,101.0
LLM,coling::6d5e183d-832b-4aa4-a6e2-563f242380e3,каждое предложение о своём,30.417394031175032,17.220647539668374,24.91932397725024,153.66666666666666
LLM,coling::6d5e183d-832b-4aa4-a6e2-563f242380e3,богаче словарь,31.798671442070248,15.522917100962886,29.821571154389687,140.0
LLM,coling::6d5e183d-832b-4aa4-a6e2-563f242380e3,редкие синонимы,36.5475472506056,18.322000667520665,30.463199322762858,136.66666666666666
LLM,coling::6d5e183d-832b-4aa4-a6e2-563f242380e3,художественный стиль,33.24419054440616,19.98975265247701,35.32241955291367,147.33333333333334
LLM,coling::6d5e183d-832b-4aa4-a6e2-563f242380e3,анафора,37.00019276031065,19.6266863323448,37.913751459375284,138.33333333333334
LLM,coling::6d5e183d-832b-4aa4-a6e2-563f242380e3,поле: значение,23.430850531338596,22.458475690823544,26.869732250829358,124.0
LLM,coling::6d5e183d-832b-4aa4-a6e2-563f242380e3,перемешивание,31.3991608539078,23.75971808048966,28.923959232146398,136.0
LLM,coling::6d5e183d-832b-4aa4-a6e2-563f242380e3,чужие хапаксы,26.507876772192517,22.42195382063043,27.269388983668694,137.0
LLM,coling::23d0bd02-f2a0-4752-971c-cac75280ef8f,исходный,27.557698963827704,18.01304984273672,26.761085018675654,113.66666666666667
LLM,coling::23d0bd02-f2a0-4752-971c-cac75280ef8f,тема вписана,25.72508944132181,18.85441418161403,31.582224462181667,117.66666666666667
LLM,coling::23d0bd02-f2a0-4752-971c-cac75280ef8f,меньше мыслей,30.09568182128383,18.69112772747593,30.70291491889542,122.66666666666667
LLM,coling::23d0bd02-f2a0-4752-971c-cac75280ef8f,одна тема,24.710822720154056,18.644160755536234,25.912251783990342,118.0
LLM,coling::23d0bd02-f2a0-4752-971c-cac75280ef8f,беднее словарь,30.954902784718062,18.83605031279608,29.21165671300439,109.33333333333333
LLM,coling::23d0bd02-f2a0-4752-971c-cac75280ef8f,без синонимов,23.603473351850557,19.543582093816497,24.56157722878254,110.66666666666667
LLM,coling::23d0bd02-f2a0-4752-971c-cac75280ef8f,термин в той же обёртке,31.759507079534284,17.08050001909726,28.29652049532815,111.66666666666667
LLM,coling::23d0bd02-f2a0-4752-971c-cac75280ef8f,богаче словарь,29.643569692840426,21.01632878548427,28.00664845414322,119.33333333333333
LLM,coling::23d0bd02-f2a0-4752-971c-cac75280ef8f,ни одного слова дважды,30.19453347719866,20.230632875146043,27.88043120332303,120.33333333333333
LLM,coling::23d0bd02-f2a0-4752-971c-cac75280ef8f,редкие синонимы,28.672175352620396,19.30128189156916,23.955236744324466,119.66666666666667
LLM,coling::23d0bd02-f2a0-4752-971c-cac75280ef8f,художественный стиль,30.039614486463062,18.40719212147935,27.718729931049463,138.0
LLM,coling::23d0bd02-f2a0-4752-971c-cac75280ef8f,анафора,38.8893738561517,18.059327779570577,40.28170700532244,113.66666666666667
LLM,coling::23d0bd02-f2a0-4752-971c-cac75280ef8f,перемешивание,49.46823654513728,29.82386005485597,44.20462957696998,112.0
LLM,coling::23d0bd02-f2a0-4752-971c-cac75280ef8f,чужие хапаксы,25.80850952845692,21.362769551924114,25.352660562297036,111.66666666666667
LLM,coling::65648d18-be4d-475d-bcab-2fbcdb8ade2d,исходный,29.15594808942952,23.233879327608246,28.83472300257715,139.33333333333334
LLM,coling::65648d18-be4d-475d-bcab-2fbcdb8ade2d,тема вписана,33.46601223231616,22.295524523924254,35.287639670449465,137.0
LLM,coling::65648d18-be4d-475d-bcab-2fbcdb8ade2d,меньше мыслей,29.566121472460594,12.872672759405116,21.272281826923475,103.0
LLM,coling::65648d18-be4d-475d-bcab-2fbcdb8ade2d,одна тема,28.03018830986827,17.90647674205835,28.839349421036932,118.33333333333333
LLM,coling::65648d18-be4d-475d-bcab-2fbcdb8ade2d,беднее словарь,29.07085330852348,23.299171029044725,28.33055955319412,123.33333333333333
LLM,coling::65648d18-be4d-475d-bcab-2fbcdb8ade2d,без синонимов,31.08455835071885,19.668192990070928,28.021245305651888,107.0
LLM,coling::65648d18-be4d-475d-bcab-2fbcdb8ade2d,термин в той же обёртке,27.23526112047554,23.88452558901281,27.581284774912373,125.66666666666667
LLM,coling::65648d18-be4d-475d-bcab-2fbcdb8ade2d,каждое предложение о своём,31.615871777429884,24.386870468330347,32.649557730087366,160.66666666666666
LLM,coling::65648d18-be4d-475d-bcab-2fbcdb8ade2d,богаче словарь,31.87393418987162,29.075927452841835,29.863305377154756,164.33333333333334
LLM,coling::65648d18-be4d-475d-bcab-2fbcdb8ade2d,ни одного слова дважды,36.35269879064723,21.861553267046588,29.971618969439884,141.0
LLM,coling::65648d18-be4d-475d-bcab-2fbcdb8ade2d,редкие синонимы,27.969475305927162,22.199627304642448,26.93263474887389,139.0
LLM,coling::65648d18-be4d-475d-bcab-2fbcdb8ade2d,художественный стиль,38.82608293679554,26.20244303213433,38.37252925976755,149.0
LLM,coling::65648d18-be4d-475d-bcab-2fbcdb8ade2d,анафора,39.390471508301914,31.404087227755088,37.066668283349614,128.66666666666666
LLM,coling::65648d18-be4d-475d-bcab-2fbcdb8ade2d,поле: значение,23.84463976726779,26.20857029252593,25.180611610408075,145.0
LLM,coling::65648d18-be4d-475d-bcab-2fbcdb8ade2d,перемешивание,39.884968552642086,24.872487846742803,34.935477402936954,138.33333333333334
LLM,coling::65648d18-be4d-475d-bcab-2fbcdb8ade2d,чужие хапаксы,29.549263253653283,26.93212063386913,33.63673850574826,144.66666666666666
LLM,coling::6ea6d618-d59e-455d-a265-490e14187344,исходный,35.657894020914796,15.942290373389724,28.106200943140106,113.66666666666667
LLM,coling::6ea6d618-d59e-455d-a265-490e14187344,тема вписана,32.41831151491829,20.04705693234193,32.132506150220074,126.0
LLM,coling::6ea6d618-d59e-455d-a265-490e14187344,одна тема,32.04535148807974,17.67474123338219,30.025555862069506,116.0
LLM,coling::6ea6d618-d59e-455d-a265-490e14187344,беднее словарь,41.152412919997424,19.660763574676725,36.39793364715829,110.33333333333333
LLM,coling::6ea6d618-d59e-455d-a265-490e14187344,без синонимов,44.22128567462177,16.170003773167416,31.91532572163195,105.0
LLM,coling::6ea6d618-d59e-455d-a265-490e14187344,термин в той же обёртке,33.18042514652978,18.21280300576943,30.07394382888984,117.0
LLM,coling::6ea6d618-d59e-455d-a265-490e14187344,каждое предложение о своём,34.674200491190604,22.32107623029292,30.042278125867586,142.33333333333334
LLM,coling::6ea6d618-d59e-455d-a265-490e14187344,богаче словарь,32.485549766846425,16.843772357171453,29.94209070620248,132.33333333333334
LLM,coling::6ea6d618-d59e-455d-a265-490e14187344,ни одного слова дважды,46.40127300004585,20.94750410423499,33.36955109782185,129.0
LLM,coling::6ea6d618-d59e-455d-a265-490e14187344,редкие синонимы,47.45018408345908,20.162115717816732,37.69473063393984,119.66666666666667
LLM,coling::6ea6d618-d59e-455d-a265-490e14187344,художественный стиль,44.54248625975797,19.168232628946765,37.73819597947914,146.0
LLM,coling::6ea6d618-d59e-455d-a265-490e14187344,анафора,41.47782567811622,27.430737884028424,44.212446532575015,102.0
LLM,coling::6ea6d618-d59e-455d-a265-490e14187344,поле: значение,18.66102337923901,31.893046397329528,26.037224682558193,130.33333333333334
LLM,coling::6ea6d618-d59e-455d-a265-490e14187344,перемешивание,39.29007297409954,25.502967767683728,40.654526507680586,115.33333333333333
LLM,coling::6ea6d618-d59e-455d-a265-490e14187344,чужие хапаксы,33.96399222009575,23.644563161845905,31.78849515404281,127.66666666666667
LLM,coling::37e384a6-d2b8-444e-ac7f-d4288c173442,исходный,32.693948125987525,17.923881110723272,26.38148487766053,123.66666666666667
LLM,coling::37e384a6-d2b8-444e-ac7f-d4288c173442,тема вписана,44.4490493708201,17.56226443158914,34.44252028204127,131.33333333333334
LLM,coling::37e384a6-d2b8-444e-ac7f-d4288c173442,меньше мыслей,32.44883567769549,13.7933571298729,20.75048310870144,109.66666666666667
LLM,coling::37e384a6-d2b8-444e-ac7f-d4288c173442,одна тема,30.82240715128162,16.400132297809048,25.34490653023114,130.33333333333334
LLM,coling::37e384a6-d2b8-444e-ac7f-d4288c173442,беднее словарь,37.69679954069537,18.337016038790722,29.992344902602145,118.66666666666667
LLM,coling::37e384a6-d2b8-444e-ac7f-d4288c173442,без синонимов,31.090545418740135,19.960174786981867,31.785552936254206,122.33333333333333
LLM,coling::37e384a6-d2b8-444e-ac7f-d4288c173442,термин в той же обёртке,39.749469292264706,19.25331433445802,34.78803055467201,123.66666666666667
LLM,coling::37e384a6-d2b8-444e-ac7f-d4288c173442,каждое предложение о своём,28.992416496865587,23.69864691902993,25.487011003011634,155.66666666666666
LLM,coling::37e384a6-d2b8-444e-ac7f-d4288c173442,богаче словарь,40.250506385484826,21.307619347253617,31.234296718869228,170.66666666666666
LLM,coling::37e384a6-d2b8-444e-ac7f-d4288c173442,редкие синонимы,37.404395986299185,16.23246213526123,29.71812794313007,129.66666666666666
LLM,coling::37e384a6-d2b8-444e-ac7f-d4288c173442,художественный стиль,33.577348230728234,21.903105177024315,30.213354365716224,160.0
LLM,coling::37e384a6-d2b8-444e-ac7f-d4288c173442,анафора,37.31904691649115,17.233545063922435,33.623456132836175,123.33333333333333
LLM,coling::37e384a6-d2b8-444e-ac7f-d4288c173442,поле: значение,18.509282509319583,20.01347110224857,25.528465377047738,133.66666666666666
LLM,coling::37e384a6-d2b8-444e-ac7f-d4288c173442,перемешивание,45.57049126439454,22.205757891369228,33.83031932355376,127.0
LLM,coling::37e384a6-d2b8-444e-ac7f-d4288c173442,чужие хапаксы,28.289461958545548,26.335690430509946,32.98894282299103,126.66666666666667
LLM,coling::5895f991-9d37-49fe-9f39-eeff324a797c,исходный,31.337126600900888,21.37715203192423,31.547904043876255,137.33333333333334
LLM,coling::5895f991-9d37-49fe-9f39-eeff324a797c,тема вписана,30.261384672323018,18.540550119803296,31.070627269108268,141.0
LLM,coling::5895f991-9d37-49fe-9f39-eeff324a797c,меньше мыслей,24.386665317623812,19.425426493341703,25.792814539536778,123.33333333333333
LLM,coling::5895f991-9d37-49fe-9f39-eeff324a797c,одна тема,38.273028492073514,20.811454550544603,30.673970754581536,130.0
LLM,coling::5895f991-9d37-49fe-9f39-eeff324a797c,беднее словарь,24.835286428816104,18.19295295615119,29.4453514740549,131.33333333333334
LLM,coling::5895f991-9d37-49fe-9f39-eeff324a797c,без синонимов,29.402750736531374,21.01717754739239,28.86106544723928,125.33333333333333
LLM,coling::5895f991-9d37-49fe-9f39-eeff324a797c,термин в той же обёртке,32.03080469295085,19.826943178383406,30.01890203874991,132.66666666666666
LLM,coling::5895f991-9d37-49fe-9f39-eeff324a797c,каждое предложение о своём,34.5257641375349,24.955498057988155,35.27431908677617,169.33333333333334
LLM,coling::5895f991-9d37-49fe-9f39-eeff324a797c,богаче словарь,31.616530368158106,19.39733060583556,28.753212600087352,141.66666666666666
LLM,coling::5895f991-9d37-49fe-9f39-eeff324a797c,ни одного слова дважды,28.240052552150228,22.572085724358022,29.86616074830353,171.0
LLM,coling::5895f991-9d37-49fe-9f39-eeff324a797c,редкие синонимы,30.881763869848346,17.810653550504366,26.147532443299024,141.0
LLM,coling::5895f991-9d37-49fe-9f39-eeff324a797c,художественный стиль,30.897988729582682,19.92384358410627,31.897303717575657,153.66666666666666
LLM,coling::5895f991-9d37-49fe-9f39-eeff324a797c,анафора,38.316592344962096,20.84389535510827,33.778740762257534,125.33333333333333
LLM,coling::5895f991-9d37-49fe-9f39-eeff324a797c,поле: значение,18.5258289644478,22.523281060411325,25.672731369761436,136.0
LLM,coling::5895f991-9d37-49fe-9f39-eeff324a797c,перемешивание,37.490825008076435,22.782309646635394,33.099363144183435,130.66666666666666
LLM,coling::5895f991-9d37-49fe-9f39-eeff324a797c,чужие хапаксы,26.841638308720434,30.6345345942275,28.303240627304564,131.0
LLM,coling::a9b058a8-5ce8-448f-820a-6ffba6409219,исходный,30.2380047722522,22.137878899246644,29.08837484011637,128.33333333333334
LLM,coling::a9b058a8-5ce8-448f-820a-6ffba6409219,тема вписана,29.691114887113795,16.95332492756061,27.548758635264093,127.33333333333333
LLM,coling::a9b058a8-5ce8-448f-820a-6ffba6409219,одна тема,30.173999507127444,22.953649318081457,27.29069544429339,111.0
LLM,coling::a9b058a8-5ce8-448f-820a-6ffba6409219,беднее словарь,33.03732167430726,18.697977386317763,30.079821431940758,113.33333333333333
LLM,coling::a9b058a8-5ce8-448f-820a-6ffba6409219,без синонимов,31.555391261545235,19.887157345733645,29.771183815063807,118.33333333333333
LLM,coling::a9b058a8-5ce8-448f-820a-6ffba6409219,термин в той же обёртке,31.680252957333533,19.49459290664893,30.95729929806315,104.33333333333333
LLM,coling::a9b058a8-5ce8-448f-820a-6ffba6409219,каждое предложение о своём,31.76131492078278,20.587421317968303,28.596426435960407,150.66666666666666
LLM,coling::a9b058a8-5ce8-448f-820a-6ffba6409219,богаче словарь,32.6090498115075,17.309786859446408,30.907678236728362,132.33333333333334
LLM,coling::a9b058a8-5ce8-448f-820a-6ffba6409219,ни одного слова дважды,28.988572507307225,22.653739712288218,30.11270043824237,128.66666666666666
LLM,coling::a9b058a8-5ce8-448f-820a-6ffba6409219,художественный стиль,37.041204021137446,23.610350710645395,32.80764899635216,140.33333333333334
LLM,coling::a9b058a8-5ce8-448f-820a-6ffba6409219,анафора,44.78680238597594,22.201574273336394,34.64519373242928,116.66666666666667
LLM,coling::a9b058a8-5ce8-448f-820a-6ffba6409219,поле: значение,21.512192631902455,24.960956818432468,25.366744988519983,133.33333333333334
LLM,coling::a9b058a8-5ce8-448f-820a-6ffba6409219,перемешивание,31.503677664683284,25.513963970683445,34.121171711616526,124.0
LLM,coling::a9b058a8-5ce8-448f-820a-6ffba6409219,чужие хапаксы,26.180348430396077,34.503159672824886,28.104948387632945,130.33333333333334
LLM,coling::1770be09-c92d-43e3-ab15-7b7318ca2f96,исходный,27.93423163949595,15.261259528639435,26.40533885573458,127.0
LLM,coling::1770be09-c92d-43e3-ab15-7b7318ca2f96,одна тема,34.84465795838865,23.412153133550927,31.506888049890545,114.0
LLM,coling::1770be09-c92d-43e3-ab15-7b7318ca2f96,термин в той же обёртке,34.75240768766449,16.653271176976748,30.242407787075688,115.0
LLM,coling::1770be09-c92d-43e3-ab15-7b7318ca2f96,каждое предложение о своём,28.388739205411422,24.89227967428032,29.67705709520156,156.66666666666666
LLM,coling::1770be09-c92d-43e3-ab15-7b7318ca2f96,богаче словарь,28.1777363288017,22.21942597502857,28.872055617802033,149.66666666666666
LLM,coling::1770be09-c92d-43e3-ab15-7b7318ca2f96,редкие синонимы,30.21528370949672,17.481607177762033,25.93447450473343,140.66666666666666
LLM,coling::1770be09-c92d-43e3-ab15-7b7318ca2f96,художественный стиль,33.93208461684795,15.938966135348748,28.289573334161705,153.66666666666666
LLM,coling::1770be09-c92d-43e3-ab15-7b7318ca2f96,анафора,39.99841660124585,22.56843095849906,38.53666855433786,109.66666666666667
LLM,coling::1770be09-c92d-43e3-ab15-7b7318ca2f96,поле: значение,21.20387093197306,19.938593350454155,26.917984898784795,137.66666666666666
LLM,coling::1770be09-c92d-43e3-ab15-7b7318ca2f96,перемешивание,36.081509019771886,17.292830371255636,29.46136507482113,121.66666666666667
LLM,coling::1770be09-c92d-43e3-ab15-7b7318ca2f96,чужие хапаксы,30.454188717924534,22.83849662071383,27.307944174287844,129.66666666666666
LLM,coling::3dd39352-d471-4ab9-bd50-b7345fc1d97c,исходный,28.55410152512252,14.642209384146762,28.149830092429255,130.66666666666666
LLM,coling::3dd39352-d471-4ab9-bd50-b7345fc1d97c,тема вписана,33.720952871291,19.39941721681274,32.58143537475156,138.66666666666666
LLM,coling::3dd39352-d471-4ab9-bd50-b7345fc1d97c,меньше мыслей,26.91454374780389,11.676244224735589,20.63851728162065,114.0
LLM,coling::3dd39352-d471-4ab9-bd50-b7345fc1d97c,одна тема,34.56598463535147,12.316461293737758,26.54908483153835,137.66666666666666
LLM,coling::3dd39352-d471-4ab9-bd50-b7345fc1d97c,беднее словарь,29.71971221590655,14.85390563384817,26.463199460232914,128.66666666666666
LLM,coling::3dd39352-d471-4ab9-bd50-b7345fc1d97c,без синонимов,28.18811561133829,16.76704341367997,25.807750369750703,121.33333333333333
LLM,coling::3dd39352-d471-4ab9-bd50-b7345fc1d97c,термин в той же обёртке,27.957254191569465,15.694697797416206,26.185013052554964,127.0
LLM,coling::3dd39352-d471-4ab9-bd50-b7345fc1d97c,богаче словарь,26.667817676144605,22.057668274092,27.70227184352781,146.66666666666666
LLM,coling::3dd39352-d471-4ab9-bd50-b7345fc1d97c,ни одного слова дважды,23.995797617627385,18.11522440347545,26.404999375519267,145.66666666666666
LLM,coling::3dd39352-d471-4ab9-bd50-b7345fc1d97c,редкие синонимы,30.731468850240002,18.679992376227002,27.831023667913808,127.66666666666667
LLM,coling::3dd39352-d471-4ab9-bd50-b7345fc1d97c,художественный стиль,35.457604061676754,16.30124338041829,31.133955632178456,148.66666666666666
LLM,coling::3dd39352-d471-4ab9-bd50-b7345fc1d97c,анафора,31.602695536634474,13.228739281549915,28.882315525673658,110.66666666666667
LLM,coling::3dd39352-d471-4ab9-bd50-b7345fc1d97c,поле: значение,19.786518939793957,21.9723851510779,21.89435631224624,122.0
LLM,coling::3dd39352-d471-4ab9-bd50-b7345fc1d97c,перемешивание,28.719306455157618,21.48076324937742,27.896164161994648,134.0
LLM,coling::3dd39352-d471-4ab9-bd50-b7345fc1d97c,чужие хапаксы,26.239068115939485,21.342509646034443,27.988312638997854,132.33333333333334
LLM,coling::8eb96c1a-6193-4f0f-843b-4b91efbea553,исходный,32.971233307440066,15.081768206339211,26.321794781538888,113.66666666666667
LLM,coling::8eb96c1a-6193-4f0f-843b-4b91efbea553,тема вписана,34.5540782956935,17.247379327279386,34.37336143711398,114.33333333333333
LLM,coling::8eb96c1a-6193-4f0f-843b-4b91efbea553,одна тема,58.566399562045,15.160949577545475,33.40039692715353,105.0
LLM,coling::8eb96c1a-6193-4f0f-843b-4b91efbea553,беднее словарь,27.779134499922083,14.163256860190302,24.204329289348397,107.0
LLM,coling::8eb96c1a-6193-4f0f-843b-4b91efbea553,без синонимов,32.23591492527186,16.981634640641918,27.14594355337162,108.0
LLM,coling::8eb96c1a-6193-4f0f-843b-4b91efbea553,термин в той же обёртке,28.881926879662917,16.22264988533984,27.519967053873188,108.33333333333333
LLM,coling::8eb96c1a-6193-4f0f-843b-4b91efbea553,каждое предложение о своём,27.499881122157273,17.1018722062288,24.471501214744734,149.33333333333334
LLM,coling::8eb96c1a-6193-4f0f-843b-4b91efbea553,богаче словарь,24.23349839493567,14.113877656287618,26.772785103191733,138.33333333333334
LLM,coling::8eb96c1a-6193-4f0f-843b-4b91efbea553,ни одного слова дважды,28.772799235566342,16.83304894262519,26.901210478710208,121.33333333333333
LLM,coling::8eb96c1a-6193-4f0f-843b-4b91efbea553,редкие синонимы,25.790565663235785,13.619629792712269,23.75318170717632,117.66666666666667
LLM,coling::8eb96c1a-6193-4f0f-843b-4b91efbea553,художественный стиль,27.223704574886444,17.123755478877907,25.31520790854489,125.33333333333333
LLM,coling::8eb96c1a-6193-4f0f-843b-4b91efbea553,анафора,30.196633480711,15.121556438743976,25.790182339070373,103.0
LLM,coling::8eb96c1a-6193-4f0f-843b-4b91efbea553,поле: значение,19.957619851794416,16.641250726736256,20.7420390666226,116.66666666666667
LLM,coling::8eb96c1a-6193-4f0f-843b-4b91efbea553,перемешивание,30.632579891168657,20.97831877603081,28.89394154323705,115.66666666666667
LLM,coling::8eb96c1a-6193-4f0f-843b-4b91efbea553,чужие хапаксы,29.7240397604663,20.215006941406912,27.033635980117428,116.66666666666667
LLM,coling::59aec439-babf-4d21-b03b-4f331a96f0bf,исходный,29.656365558135406,22.39463687630084,29.666173904051984,123.0
LLM,coling::59aec439-babf-4d21-b03b-4f331a96f0bf,тема вписана,34.33025670502601,22.867403582954143,32.22424271411441,132.0
LLM,coling::59aec439-babf-4d21-b03b-4f331a96f0bf,меньше мыслей,31.318593260685347,11.18186973083199,20.5130828883543,111.0
LLM,coling::59aec439-babf-4d21-b03b-4f331a96f0bf,одна тема,40.32763331844001,22.405662793286623,33.255374372742835,112.66666666666667
LLM,coling::59aec439-babf-4d21-b03b-4f331a96f0bf,беднее словарь,28.67799885321568,20.95359361699162,26.601453497974163,123.66666666666667
LLM,coling::59aec439-babf-4d21-b03b-4f331a96f0bf,без синонимов,34.080662001255696,18.375280960383947,29.494194132275975,120.0
LLM,coling::59aec439-babf-4d21-b03b-4f331a96f0bf,термин в той же обёртке,38.80916584421741,20.014489348673827,33.53272882223758,123.0
LLM,coling::59aec439-babf-4d21-b03b-4f331a96f0bf,богаче словарь,26.22589160646994,19.19252692369366,27.298007119459147,144.0
LLM,coling::59aec439-babf-4d21-b03b-4f331a96f0bf,ни одного слова дважды,30.35454261327023,18.648771110415723,27.60327540076433,134.0
LLM,coling::59aec439-babf-4d21-b03b-4f331a96f0bf,редкие синонимы,37.27457369501478,18.06488688841279,28.14123044412963,125.33333333333333
LLM,coling::59aec439-babf-4d21-b03b-4f331a96f0bf,художественный стиль,28.454889256570567,20.893719859298347,28.674062221640288,146.33333333333334
LLM,coling::59aec439-babf-4d21-b03b-4f331a96f0bf,анафора,38.65470875549881,23.982669897291043,35.65525161472197,109.66666666666667
LLM,coling::59aec439-babf-4d21-b03b-4f331a96f0bf,поле: значение,24.635996221998933,21.34472014091915,22.909147332345327,125.66666666666667
LLM,coling::59aec439-babf-4d21-b03b-4f331a96f0bf,перемешивание,38.066658497538135,26.509039612019496,33.37955941485975,121.66666666666667
LLM,coling::59aec439-babf-4d21-b03b-4f331a96f0bf,чужие хапаксы,28.33807243883002,23.11409775434403,30.394041459948596,129.66666666666666
LLM,coling::9e189795-5152-41d4-9713-20ef5189d721,исходный,28.29563983353013,20.46667653750631,27.92369767367858,132.66666666666666
LLM,coling::9e189795-5152-41d4-9713-20ef5189d721,тема вписана,30.221943376178952,24.789834723554716,31.473699322999437,139.0
LLM,coling::9e189795-5152-41d4-9713-20ef5189d721,одна тема,55.779335675202844,18.327201166550953,34.39468921451872,113.0
LLM,coling::9e189795-5152-41d4-9713-20ef5189d721,беднее словарь,33.56168667263108,20.914987183658482,32.68148387909037,124.66666666666667
LLM,coling::9e189795-5152-41d4-9713-20ef5189d721,без синонимов,41.19314036420951,24.73984196871018,35.42862272974953,120.66666666666667
LLM,coling::9e189795-5152-41d4-9713-20ef5189d721,термин в той же обёртке,33.82548744004037,20.568723776654377,31.07840638720077,126.33333333333333
LLM,coling::9e189795-5152-41d4-9713-20ef5189d721,богаче словарь,33.08383705427086,21.297467876435576,31.654267977788056,149.66666666666666
LLM,coling::9e189795-5152-41d4-9713-20ef5189d721,ни одного слова дважды,34.071969925574045,18.34012909478295,29.523396150658897,140.33333333333334
LLM,coling::9e189795-5152-41d4-9713-20ef5189d721,редкие синонимы,29.537897539976626,17.956325246942203,27.558810540673495,139.0
LLM,coling::9e189795-5152-41d4-9713-20ef5189d721,художественный стиль,29.51792963625687,21.36066084620495,31.021065856156923,145.33333333333334
LLM,coling::9e189795-5152-41d4-9713-20ef5189d721,анафора,34.21399369960651,21.524889467384835,30.75726853768745,106.33333333333333
LLM,coling::9e189795-5152-41d4-9713-20ef5189d721,поле: значение,19.885701205664706,21.688993921959142,21.81046270080074,128.33333333333334
LLM,coling::9e189795-5152-41d4-9713-20ef5189d721,перемешивание,37.94711364661934,22.731419267717154,31.72998510057177,130.66666666666666
LLM,coling::9e189795-5152-41d4-9713-20ef5189d721,чужие хапаксы,30.657203367359532,25.144533688108126,31.00695690819319,129.33333333333334
LLM,coling::df393828-70be-448f-bbdb-11367e15a5fb,исходный,32.46746532240095,18.747831197385494,35.2348270510845,122.66666666666667
LLM,coling::df393828-70be-448f-bbdb-11367e15a5fb,тема вписана,29.365022741527625,17.950864257574192,28.759106671637813,134.33333333333334
LLM,coling::df393828-70be-448f-bbdb-11367e15a5fb,одна тема,34.76732983520747,18.55036588215827,28.335722355420803,113.33333333333333
LLM,coling::df393828-70be-448f-bbdb-11367e15a5fb,беднее словарь,32.690763922528056,19.951545446625683,33.4760623827052,119.66666666666667
LLM,coling::df393828-70be-448f-bbdb-11367e15a5fb,без синонимов,28.283425040958267,19.350328017498537,29.347500775306344,124.33333333333333
LLM,coling::df393828-70be-448f-bbdb-11367e15a5fb,термин в той же обёртке,27.156897168360544,22.05767822495069,33.269543617197044,121.0
LLM,coling::df393828-70be-448f-bbdb-11367e15a5fb,богаче словарь,30.249448394272974,17.609403470889248,28.08001272355733,134.0
LLM,coling::df393828-70be-448f-bbdb-11367e15a5fb,ни одного слова дважды,31.546490089940047,20.935346032895453,30.632290377137934,137.66666666666666
LLM,coling::df393828-70be-448f-bbdb-11367e15a5fb,редкие синонимы,35.054318247725554,20.399317146068086,32.24378306975536,130.66666666666666
LLM,coling::df393828-70be-448f-bbdb-11367e15a5fb,художественный стиль,30.01955494423888,24.806875047374916,32.01546654234874,141.33333333333334
LLM,coling::df393828-70be-448f-bbdb-11367e15a5fb,анафора,45.94584748070616,21.577975547730077,37.78261280123567,105.5
LLM,coling::df393828-70be-448f-bbdb-11367e15a5fb,поле: значение,23.123627254769687,23.533081325696582,28.99009726400575,128.0
LLM,coling::df393828-70be-448f-bbdb-11367e15a5fb,перемешивание,28.147966002212016,22.051010240830035,29.870163079262966,125.0
LLM,coling::df393828-70be-448f-bbdb-11367e15a5fb,чужие хапаксы,23.44258945970353,28.11076056122961,29.166376003835897,131.0
LLM,coling::b21c6524-7e1a-4589-933c-d0152005962d,исходный,32.39883435077342,21.38817244225251,29.444525107793783,127.0
LLM,coling::b21c6524-7e1a-4589-933c-d0152005962d,одна тема,25.082940599848996,27.25863512882752,30.462170803445957,120.33333333333333
LLM,coling::b21c6524-7e1a-4589-933c-d0152005962d,беднее словарь,35.11933503349759,24.67784438177314,26.226515116803338,120.0
LLM,coling::b21c6524-7e1a-4589-933c-d0152005962d,термин в той же обёртке,31.80686084678521,26.504075326089747,28.39584874512973,124.33333333333333
LLM,coling::b21c6524-7e1a-4589-933c-d0152005962d,каждое предложение о своём,27.363434823969513,23.86894510395946,30.95291106449962,142.0
LLM,coling::b21c6524-7e1a-4589-933c-d0152005962d,богаче словарь,32.33918594320654,21.152981690673226,28.394870543167894,164.33333333333334
LLM,coling::b21c6524-7e1a-4589-933c-d0152005962d,редкие синонимы,30.917208744917303,20.929147300564676,26.884408309574948,124.33333333333333
LLM,coling::b21c6524-7e1a-4589-933c-d0152005962d,художественный стиль,33.74690286952714,24.810291218281673,32.04359544364588,146.66666666666666
LLM,coling::b21c6524-7e1a-4589-933c-d0152005962d,анафора,29.211255461262734,18.94594664070675,27.262749327135015,106.66666666666667
LLM,coling::b21c6524-7e1a-4589-933c-d0152005962d,поле: значение,25.28107881120194,22.60491953211535,26.151193494431364,117.66666666666667
LLM,coling::b21c6524-7e1a-4589-933c-d0152005962d,перемешивание,28.493270242064906,26.521815184867304,32.44192803053329,127.0
LLM,coling::b21c6524-7e1a-4589-933c-d0152005962d,чужие хапаксы,34.07792256852046,32.91346030980875,33.0456098447063,128.66666666666666
LLM,coling::cbaa1dc4-0458-47d8-b3a6-f6f1b4b4c270,исходный,39.15173657037153,24.344716968100204,34.5217069974872,134.33333333333334
LLM,coling::cbaa1dc4-0458-47d8-b3a6-f6f1b4b4c270,тема вписана,29.238421739433203,23.215991393936807,31.759684586065248,141.33333333333334
LLM,coling::cbaa1dc4-0458-47d8-b3a6-f6f1b4b4c270,меньше мыслей,33.00652746713584,14.072446961153263,23.93986125484588,107.33333333333333
LLM,coling::cbaa1dc4-0458-47d8-b3a6-f6f1b4b4c270,одна тема,29.573580375074414,22.65951876467601,29.89866184083557,122.33333333333333
LLM,coling::cbaa1dc4-0458-47d8-b3a6-f6f1b4b4c270,беднее словарь,27.94560354658269,22.014517824985063,31.99211481849744,124.33333333333333
LLM,coling::cbaa1dc4-0458-47d8-b3a6-f6f1b4b4c270,без синонимов,33.65021035921087,28.620323254766916,33.7238631213773,125.33333333333333
LLM,coling::cbaa1dc4-0458-47d8-b3a6-f6f1b4b4c270,термин в той же обёртке,25.828219058078133,22.997360916778806,29.995144406334017,130.33333333333334
LLM,coling::cbaa1dc4-0458-47d8-b3a6-f6f1b4b4c270,богаче словарь,25.539838914797656,22.900154091416596,29.79986134599241,149.66666666666666
LLM,coling::cbaa1dc4-0458-47d8-b3a6-f6f1b4b4c270,ни одного слова дважды,29.83720758080634,22.758801656316336,33.16212118629286,136.66666666666666
LLM,coling::cbaa1dc4-0458-47d8-b3a6-f6f1b4b4c270,редкие синонимы,31.8441508711518,23.325655620961925,31.591008865806128,143.66666666666666
LLM,coling::cbaa1dc4-0458-47d8-b3a6-f6f1b4b4c270,художественный стиль,29.401972373921932,23.66015969412318,30.459188308724872,145.0
LLM,coling::cbaa1dc4-0458-47d8-b3a6-f6f1b4b4c270,анафора,37.961055668492435,24.972997033534618,28.850603312030984,114.5
LLM,coling::cbaa1dc4-0458-47d8-b3a6-f6f1b4b4c270,поле: значение,20.125162641527712,18.946869848460583,26.28361890134282,128.0
LLM,coling::cbaa1dc4-0458-47d8-b3a6-f6f1b4b4c270,перемешивание,36.616039701896035,24.898242295494686,31.0911292490009,139.66666666666666
LLM,coling::cbaa1dc4-0458-47d8-b3a6-f6f1b4b4c270,чужие хапаксы,34.73971599615388,28.439864713438052,36.00249386361313,146.66666666666666
LLM,coling::dc1c93ce-9792-4a14-bd29-c025f2613860,исходный,39.15173657037153,24.344716968100204,34.5217069974872,134.33333333333334
LLM,coling::dc1c93ce-9792-4a14-bd29-c025f2613860,тема вписана,30.70885131109934,26.30532320968214,32.252084440077944,137.0
LLM,coling::dc1c93ce-9792-4a14-bd29-c025f2613860,меньше мыслей,33.08595711361186,18.604620426087223,28.99955338376454,130.0
LLM,coling::dc1c93ce-9792-4a14-bd29-c025f2613860,одна тема,29.573580375074414,22.65951876467601,29.89866184083557,122.33333333333333
LLM,coling::dc1c93ce-9792-4a14-bd29-c025f2613860,беднее словарь,27.94560354658269,22.014517824985063,31.99211481849744,124.33333333333333
LLM,coling::dc1c93ce-9792-4a14-bd29-c025f2613860,без синонимов,27.447614226555373,26.84524975747532,29.751039570527922,128.0
LLM,coling::dc1c93ce-9792-4a14-bd29-c025f2613860,термин в той же обёртке,25.828219058078133,22.997360916778806,29.995144406334017,130.33333333333334
LLM,coling::dc1c93ce-9792-4a14-bd29-c025f2613860,богаче словарь,26.685410666621635,20.841543825941972,28.468639179082782,156.0
LLM,coling::dc1c93ce-9792-4a14-bd29-c025f2613860,ни одного слова дважды,29.28223544779375,23.03663123189395,32.69551558737894,141.33333333333334
LLM,coling::dc1c93ce-9792-4a14-bd29-c025f2613860,редкие синонимы,35.222761126904544,22.085957139313763,32.25667345050246,136.0
LLM,coling::dc1c93ce-9792-4a14-bd29-c025f2613860,художественный стиль,29.429155038878765,27.62426005896044,31.160632263464645,146.66666666666666
LLM,coling::dc1c93ce-9792-4a14-bd29-c025f2613860,анафора,38.030392733305625,21.40005568601303,30.59515445598088,107.66666666666667
LLM,coling::dc1c93ce-9792-4a14-bd29-c025f2613860,поле: значение,24.305867712563032,21.626524178655316,26.157060485213748,132.0
LLM,coling::dc1c93ce-9792-4a14-bd29-c025f2613860,перемешивание,36.57391426707981,29.365630000377564,31.596232018344114,138.66666666666666
LLM,coling::dc1c93ce-9792-4a14-bd29-c025f2613860,чужие хапаксы,31.684102353634547,30.606597843827434,34.51389142300716,138.0
LLM,coling::a3c20aed-e22b-4f5a-ac3a-784b5d941b8f,исходный,42.32242638879233,23.090301814866326,34.29788675485857,140.66666666666666
LLM,coling::a3c20aed-e22b-4f5a-ac3a-784b5d941b8f,тема вписана,34.175434625350654,25.814897439151697,31.841704923567647,144.33333333333334
LLM,coling::a3c20aed-e22b-4f5a-ac3a-784b5d941b8f,меньше мыслей,18.206904305651356,11.39251352882665,16.8389457011821,113.0
LLM,coling::a3c20aed-e22b-4f5a-ac3a-784b5d941b8f,одна тема,33.87813168799675,28.375862952297144,33.54760175521059,152.0
LLM,coling::a3c20aed-e22b-4f5a-ac3a-784b5d941b8f,беднее словарь,36.29920859705589,19.340296008747586,32.344857989339644,136.0
LLM,coling::a3c20aed-e22b-4f5a-ac3a-784b5d941b8f,без синонимов,39.99459277322914,21.283780646993122,30.650438135785766,130.66666666666666
LLM,coling::a3c20aed-e22b-4f5a-ac3a-784b5d941b8f,термин в той же обёртке,37.1078301250588,20.4079000975839,33.52623522152975,136.33333333333334
LLM,coling::a3c20aed-e22b-4f5a-ac3a-784b5d941b8f,богаче словарь,39.85264674975187,23.761109848560597,34.245559857720345,142.66666666666666
LLM,coling::a3c20aed-e22b-4f5a-ac3a-784b5d941b8f,ни одного слова дважды,31.829773913177547,19.604978504926496,30.047799176202478,148.0
LLM,coling::a3c20aed-e22b-4f5a-ac3a-784b5d941b8f,редкие синонимы,32.41122659110462,21.652859155296948,27.778239886898252,151.66666666666666
LLM,coling::a3c20aed-e22b-4f5a-ac3a-784b5d941b8f,художественный стиль,37.60311149110597,26.542804963422853,30.673719686109195,148.33333333333334
LLM,coling::a3c20aed-e22b-4f5a-ac3a-784b5d941b8f,анафора,37.02007786787553,20.591898686288342,40.21824370303731,126.33333333333333
LLM,coling::a3c20aed-e22b-4f5a-ac3a-784b5d941b8f,поле: значение,22.44219210024818,20.583794025962302,26.81278705009864,148.0
LLM,coling::a3c20aed-e22b-4f5a-ac3a-784b5d941b8f,перемешивание,32.800641229514504,27.319140267974376,28.778072894370183,144.33333333333334
LLM,coling::a3c20aed-e22b-4f5a-ac3a-784b5d941b8f,чужие хапаксы,30.38349075055214,22.646158955827076,30.58468994959546,136.66666666666666
LLM,coling::fedf3b3b-fd89-4a69-bc59-0ff4e485de6a,исходный,35.95343488763382,19.066350908546198,32.37733835156655,145.0
LLM,coling::fedf3b3b-fd89-4a69-bc59-0ff4e485de6a,тема вписана,28.43840022844436,24.001736489458338,29.826616722324644,142.66666666666666
LLM,coling::fedf3b3b-fd89-4a69-bc59-0ff4e485de6a,меньше мыслей,28.52622690274144,21.203968877190338,30.18066912990793,116.66666666666667
LLM,coling::fedf3b3b-fd89-4a69-bc59-0ff4e485de6a,одна тема,37.99815317783692,18.860297205542967,33.098279491844686,142.0
LLM,coling::fedf3b3b-fd89-4a69-bc59-0ff4e485de6a,беднее словарь,37.663783700324664,19.191969906925394,33.03017408028422,133.0
LLM,coling::fedf3b3b-fd89-4a69-bc59-0ff4e485de6a,без синонимов,34.017862194711746,31.563731794670264,31.590629866756753,131.66666666666666
LLM,coling::fedf3b3b-fd89-4a69-bc59-0ff4e485de6a,термин в той же обёртке,31.662131458406776,22.6756349081635,32.73209782514752,136.33333333333334
LLM,coling::fedf3b3b-fd89-4a69-bc59-0ff4e485de6a,богаче словарь,33.73997695906126,20.213826836987195,31.925421286839576,147.66666666666666
LLM,coling::fedf3b3b-fd89-4a69-bc59-0ff4e485de6a,ни одного слова дважды,37.195204054264465,19.81117332271321,34.11499635185367,155.33333333333334
LLM,coling::fedf3b3b-fd89-4a69-bc59-0ff4e485de6a,редкие синонимы,38.036124910457005,18.89540143800524,31.14578153679064,146.66666666666666
LLM,coling::fedf3b3b-fd89-4a69-bc59-0ff4e485de6a,художественный стиль,34.17198059216475,21.14678741974576,30.774169556513062,158.66666666666666
LLM,coling::fedf3b3b-fd89-4a69-bc59-0ff4e485de6a,анафора,32.92803498280916,21.62760104314783,34.72996238005572,126.0
LLM,coling::fedf3b3b-fd89-4a69-bc59-0ff4e485de6a,поле: значение,23.61622381493957,22.07894805848261,23.29723082362254,140.0
LLM,coling::fedf3b3b-fd89-4a69-bc59-0ff4e485de6a,перемешивание,37.6691343443498,27.147077370662448,31.52367322866193,143.33333333333334
LLM,coling::fedf3b3b-fd89-4a69-bc59-0ff4e485de6a,чужие хапаксы,37.959271956784,26.73377152167326,34.459219380288694,142.66666666666666
LLM,coling::019875e1-f507-4de8-a2a7-1f1dffeba025,исходный,36.531774293811445,29.864997386114982,29.32470062179895,125.66666666666667
LLM,coling::019875e1-f507-4de8-a2a7-1f1dffeba025,тема вписана,35.91510841199062,20.889667710483298,32.13550227807904,129.33333333333334
LLM,coling::019875e1-f507-4de8-a2a7-1f1dffeba025,меньше мыслей,26.821496841321018,14.75609513382652,29.353651243184817,141.66666666666666
LLM,coling::019875e1-f507-4de8-a2a7-1f1dffeba025,одна тема,36.789456720740496,20.58575226453848,28.46432304188734,123.33333333333333
LLM,coling::019875e1-f507-4de8-a2a7-1f1dffeba025,беднее словарь,34.757989677845174,21.704567279772025,31.067257431899687,119.66666666666667
LLM,coling::019875e1-f507-4de8-a2a7-1f1dffeba025,без синонимов,32.59221291217694,20.95333482399509,29.106055890406836,120.0
LLM,coling::019875e1-f507-4de8-a2a7-1f1dffeba025,термин в той же обёртке,35.07259412573264,23.52084598662107,33.33546322222768,128.66666666666666
LLM,coling::019875e1-f507-4de8-a2a7-1f1dffeba025,каждое предложение о своём,36.32339513146973,21.127911924934057,29.836705407965184,144.0
LLM,coling::019875e1-f507-4de8-a2a7-1f1dffeba025,богаче словарь,31.46325521971471,22.932742022929506,28.429264504322347,132.33333333333334
LLM,coling::019875e1-f507-4de8-a2a7-1f1dffeba025,ни одного слова дважды,36.43861044457072,23.669014545884554,33.29805889708697,139.0
LLM,coling::019875e1-f507-4de8-a2a7-1f1dffeba025,редкие синонимы,37.732176963661075,27.608944238906663,33.06054754067449,132.0
LLM,coling::019875e1-f507-4de8-a2a7-1f1dffeba025,художественный стиль,29.946133749593404,18.862614612928876,27.395595712304985,147.66666666666666
LLM,coling::019875e1-f507-4de8-a2a7-1f1dffeba025,анафора,34.32741701944391,23.151068092337486,35.39607736921292,121.66666666666667
LLM,coling::019875e1-f507-4de8-a2a7-1f1dffeba025,поле: значение,21.535751298595155,20.847093926691667,25.313832337090986,133.33333333333334
LLM,coling::019875e1-f507-4de8-a2a7-1f1dffeba025,перемешивание,30.94016645948598,25.515050566826346,31.3066612076987,131.0
LLM,coling::019875e1-f507-4de8-a2a7-1f1dffeba025,чужие хапаксы,28.32780805497544,23.92734438623948,32.24359005729371,130.0
LLM,coling::7c3f2a9c-bdfc-4800-8191-0036c8cec709,исходный,40.50932408508486,22.982631365905807,40.05766656759351,142.33333333333334
LLM,coling::7c3f2a9c-bdfc-4800-8191-0036c8cec709,меньше мыслей,24.821585257738764,19.0408394823648,23.740896124806124,145.33333333333334
LLM,coling::7c3f2a9c-bdfc-4800-8191-0036c8cec709,одна тема,37.951426697230936,21.48638890850572,33.66688981746457,118.33333333333333
LLM,coling::7c3f2a9c-bdfc-4800-8191-0036c8cec709,термин в той же обёртке,29.374127652193405,22.37137848878289,31.1040671075631,127.66666666666667
LLM,coling::7c3f2a9c-bdfc-4800-8191-0036c8cec709,каждое предложение о своём,31.9421378648271,22.488888859809197,31.934569248850256,150.33333333333334
LLM,coling::7c3f2a9c-bdfc-4800-8191-0036c8cec709,богаче словарь,36.17591489709344,19.35502831844302,29.940822123200906,149.66666666666666
LLM,coling::7c3f2a9c-bdfc-4800-8191-0036c8cec709,редкие синонимы,32.126064247065145,17.769355858453704,31.39056301340575,148.0
LLM,coling::7c3f2a9c-bdfc-4800-8191-0036c8cec709,художественный стиль,33.26231789176064,26.290639235862866,34.58538707156614,156.66666666666666
LLM,coling::7c3f2a9c-bdfc-4800-8191-0036c8cec709,анафора,37.88739715180743,18.75592661313509,35.211526966592494,120.66666666666667
LLM,coling::7c3f2a9c-bdfc-4800-8191-0036c8cec709,поле: значение,20.791338422088444,23.26813268298128,24.470522907811457,134.33333333333334
LLM,coling::7c3f2a9c-bdfc-4800-8191-0036c8cec709,перемешивание,45.24780433665543,24.572310170253814,34.4783897135609,144.66666666666666
LLM,coling::7c3f2a9c-bdfc-4800-8191-0036c8cec709,чужие хапаксы,31.672327813430012,25.42740579047474,34.6034060430112,137.0
LLM,coling::c986a4de-fede-44ef-b275-ef7634245f1b,исходный,241.6007323380765,21.403959521313688,54.179576673761005,101.0
LLM,coling::c986a4de-fede-44ef-b275-ef7634245f1b,тема вписана,39.59414029500586,14.549249276000026,30.428400104731512,123.0
LLM,coling::c986a4de-fede-44ef-b275-ef7634245f1b,одна тема,93.65226293602703,17.46577544423365,42.11536470057842,108.0
LLM,coling::c986a4de-fede-44ef-b275-ef7634245f1b,каждое предложение о своём,29.393816302025424,15.650834900821593,26.12054190702096,130.33333333333334
LLM,coling::c986a4de-fede-44ef-b275-ef7634245f1b,богаче словарь,40.07252076280543,17.179163665993354,35.30373535410511,160.66666666666666
LLM,coling::c986a4de-fede-44ef-b275-ef7634245f1b,ни одного слова дважды,45.90333288638177,20.793773100657322,30.54464466058086,126.0
LLM,coling::c986a4de-fede-44ef-b275-ef7634245f1b,редкие синонимы,46.85587126335389,20.08862198144876,32.856027152755246,118.33333333333333
LLM,coling::c986a4de-fede-44ef-b275-ef7634245f1b,художественный стиль,33.46273552496016,21.193139519866573,28.629382694017835,154.33333333333334
LLM,coling::c986a4de-fede-44ef-b275-ef7634245f1b,анафора,36.976317567007726,15.266397656796512,29.765730762974574,129.66666666666666
LLM,coling::c986a4de-fede-44ef-b275-ef7634245f1b,поле: значение,23.723194378788268,16.731510843829287,26.741901880209593,109.33333333333333
LLM,coling::c986a4de-fede-44ef-b275-ef7634245f1b,перемешивание,93.41970711666774,23.138225875818517,46.724519629464886,103.0
LLM,coling::c986a4de-fede-44ef-b275-ef7634245f1b,чужие хапаксы,51.20036760184921,22.988413798658108,33.08639942200968,108.0
LLM,coling::c5dd6ecd-4882-4b86-be71-efecfae71001,исходный,40.20015472995261,18.845199554658485,35.10356236578204,131.33333333333334
LLM,coling::c5dd6ecd-4882-4b86-be71-efecfae71001,тема вписана,44.39455249928606,18.940518133956967,34.977936661208126,133.66666666666666
LLM,coling::c5dd6ecd-4882-4b86-be71-efecfae71001,одна тема,37.85412069897232,18.086150711426345,31.793901945436613,133.0
LLM,coling::c5dd6ecd-4882-4b86-be71-efecfae71001,беднее словарь,37.99840032478397,19.539272983715254,30.87350829417146,121.66666666666667
LLM,coling::c5dd6ecd-4882-4b86-be71-efecfae71001,без синонимов,35.77258496026849,22.19044905577898,29.561482966320124,127.33333333333333
LLM,coling::c5dd6ecd-4882-4b86-be71-efecfae71001,термин в той же обёртке,41.87091337937438,19.018108044410365,33.016560690113586,123.0
LLM,coling::c5dd6ecd-4882-4b86-be71-efecfae71001,каждое предложение о своём,40.6435233887069,25.525541874469667,42.88432999323533,150.66666666666666
LLM,coling::c5dd6ecd-4882-4b86-be71-efecfae71001,богаче словарь,30.91469878865637,19.727731270048793,31.677669907677217,158.66666666666666
LLM,coling::c5dd6ecd-4882-4b86-be71-efecfae71001,ни одного слова дважды,38.374111105123546,19.078319127227733,33.008433677849496,132.66666666666666
LLM,coling::c5dd6ecd-4882-4b86-be71-efecfae71001,редкие синонимы,37.3703311477777,21.7495596637209,30.75820969886028,128.0
LLM,coling::c5dd6ecd-4882-4b86-be71-efecfae71001,художественный стиль,36.55080874050607,23.1226414311363,36.87583447254544,155.33333333333334
LLM,coling::c5dd6ecd-4882-4b86-be71-efecfae71001,анафора,58.90585383436425,19.791499437534497,42.507074338389764,105.0
LLM,coling::c5dd6ecd-4882-4b86-be71-efecfae71001,поле: значение,20.612981614800958,22.3260847809164,26.24613154983649,133.0
LLM,coling::c5dd6ecd-4882-4b86-be71-efecfae71001,перемешивание,36.756819719959054,20.36389829913458,36.29309393427528,126.66666666666667
LLM,coling::c5dd6ecd-4882-4b86-be71-efecfae71001,чужие хапаксы,28.641690909189716,21.75570168387564,31.864852584465297,131.66666666666666
LLM,coling::b53b4239-d0ed-4e79-b84e-c3496abd88eb,исходный,35.99395713020301,15.874770346379174,29.752243242147017,115.33333333333333
LLM,coling::b53b4239-d0ed-4e79-b84e-c3496abd88eb,тема вписана,32.50288122112923,17.492847559388,31.559976824771436,123.33333333333333
LLM,coling::b53b4239-d0ed-4e79-b84e-c3496abd88eb,меньше мыслей,15.933294037302053,10.346729805773156,14.82619097322744,141.0
LLM,coling::b53b4239-d0ed-4e79-b84e-c3496abd88eb,одна тема,36.764639585911354,14.178675396863808,31.861650698785002,103.5
LLM,coling::b53b4239-d0ed-4e79-b84e-c3496abd88eb,беднее словарь,32.191180761643835,18.84426393314336,28.76549428406495,104.5
LLM,coling::b53b4239-d0ed-4e79-b84e-c3496abd88eb,без синонимов,36.13335048912711,15.09507911600957,31.95795537281175,105.66666666666667
LLM,coling::b53b4239-d0ed-4e79-b84e-c3496abd88eb,термин в той же обёртке,34.7354137110591,23.70820353972644,31.369680017962683,104.0
LLM,coling::b53b4239-d0ed-4e79-b84e-c3496abd88eb,каждое предложение о своём,27.96178705931708,15.444388722539117,25.002335153390337,151.66666666666666
LLM,coling::b53b4239-d0ed-4e79-b84e-c3496abd88eb,богаче словарь,38.556820931506884,17.136374916897193,30.972452696390366,121.0
LLM,coling::b53b4239-d0ed-4e79-b84e-c3496abd88eb,ни одного слова дважды,33.397381893251165,17.877805782852903,24.752066568971617,148.33333333333334
LLM,coling::b53b4239-d0ed-4e79-b84e-c3496abd88eb,редкие синонимы,41.24606671498062,18.780926977936165,31.690442318545447,110.33333333333333
LLM,coling::b53b4239-d0ed-4e79-b84e-c3496abd88eb,художественный стиль,34.07487985211144,18.80696503833943,27.087554269539357,145.66666666666666
LLM,coling::b53b4239-d0ed-4e79-b84e-c3496abd88eb,анафора,35.26744705366635,17.978959448057577,30.443301977375228,124.66666666666667
LLM,coling::b53b4239-d0ed-4e79-b84e-c3496abd88eb,поле: значение,21.114590805688096,19.99426506184294,24.486605334222673,137.0
LLM,coling::b53b4239-d0ed-4e79-b84e-c3496abd88eb,перемешивание,42.70943581339228,21.652590180361532,32.51187816043167,116.33333333333333
LLM,coling::b53b4239-d0ed-4e79-b84e-c3496abd88eb,чужие хапаксы,46.53485937081223,17.11808128553407,31.523774726986364,106.33333333333333
LLM,coling::1eb5e451-a672-4645-8dea-c413ad11c953,исходный,31.09951088620727,18.1148370287264,29.1223195426689,124.33333333333333
LLM,coling::1eb5e451-a672-4645-8dea-c413ad11c953,тема вписана,42.55174578245809,17.940120211982304,32.629337954680544,127.33333333333333
LLM,coling::1eb5e451-a672-4645-8dea-c413ad11c953,меньше мыслей,24.023543541272925,11.054856541517864,15.318913975499044,105.66666666666667
LLM,coling::1eb5e451-a672-4645-8dea-c413ad11c953,одна тема,27.880951503253186,15.048403911283494,26.038670880962723,138.0
LLM,coling::1eb5e451-a672-4645-8dea-c413ad11c953,беднее словарь,31.4292101678589,17.246316734327014,31.038619690012997,115.0
LLM,coling::1eb5e451-a672-4645-8dea-c413ad11c953,без синонимов,35.38180964472743,19.140267061309405,32.50621075971754,110.0
LLM,coling::1eb5e451-a672-4645-8dea-c413ad11c953,термин в той же обёртке,31.75493230238133,20.00604709293156,34.308628723495694,123.66666666666667
LLM,coling::1eb5e451-a672-4645-8dea-c413ad11c953,каждое предложение о своём,35.45062220035553,21.003686953164323,33.237539152160416,163.0
LLM,coling::1eb5e451-a672-4645-8dea-c413ad11c953,богаче словарь,39.84231836996031,23.372046628333624,33.92374817756079,166.66666666666666
LLM,coling::1eb5e451-a672-4645-8dea-c413ad11c953,ни одного слова дважды,32.08091593706627,16.226685379615915,28.270133236614612,139.66666666666666
LLM,coling::1eb5e451-a672-4645-8dea-c413ad11c953,редкие синонимы,32.383892870189676,19.933445958115886,34.63158559759567,138.33333333333334
LLM,coling::1eb5e451-a672-4645-8dea-c413ad11c953,художественный стиль,32.75602715316563,18.279607825573752,34.62485374876209,145.0
LLM,coling::1eb5e451-a672-4645-8dea-c413ad11c953,анафора,46.44789148337708,18.455652707140143,36.07730838673371,108.33333333333333
LLM,coling::1eb5e451-a672-4645-8dea-c413ad11c953,поле: значение,19.88106949782214,23.394910098675766,23.287234331553446,134.33333333333334
LLM,coling::1eb5e451-a672-4645-8dea-c413ad11c953,перемешивание,43.151753577816585,19.549753472950155,40.94457787971577,129.66666666666666
LLM,coling::1eb5e451-a672-4645-8dea-c413ad11c953,чужие хапаксы,31.512340001005537,24.953615520011244,34.18807033126208,126.0
LLM,coling::f2d66835-0de6-4a50-b3da-a170f0608965,исходный,33.838847396468005,17.47212299225415,34.28729290046287,109.0
LLM,coling::f2d66835-0de6-4a50-b3da-a170f0608965,тема вписана,33.42767707761963,18.07230319831189,34.498449969512365,110.66666666666667
LLM,coling::f2d66835-0de6-4a50-b3da-a170f0608965,меньше мыслей,21.663277808579736,11.72937315964553,18.179757010677427,102.5
LLM,coling::f2d66835-0de6-4a50-b3da-a170f0608965,одна тема,25.256557061658068,19.53913570622025,29.43102503945718,131.66666666666666
LLM,coling::f2d66835-0de6-4a50-b3da-a170f0608965,термин в той же обёртке,39.205868243997585,17.58866469074087,40.11384408331665,101.0
LLM,coling::f2d66835-0de6-4a50-b3da-a170f0608965,каждое предложение о своём,35.94793664177515,19.05298214016746,34.73358239273852,143.0
LLM,coling::f2d66835-0de6-4a50-b3da-a170f0608965,богаче словарь,36.886935264927104,21.656500114524192,35.02689624124074,151.66666666666666
LLM,coling::f2d66835-0de6-4a50-b3da-a170f0608965,ни одного слова дважды,37.265466411961945,21.677280190836015,31.317957414832563,152.0
LLM,coling::f2d66835-0de6-4a50-b3da-a170f0608965,редкие синонимы,39.527503531264536,18.564387946861384,31.335252632361243,110.66666666666667
LLM,coling::f2d66835-0de6-4a50-b3da-a170f0608965,художественный стиль,39.00807041431711,20.672474466671304,31.059488133973833,145.66666666666666
LLM,coling::f2d66835-0de6-4a50-b3da-a170f0608965,анафора,43.443250892246986,17.405542738403387,40.785680553460104,124.0
LLM,coling::f2d66835-0de6-4a50-b3da-a170f0608965,поле: значение,22.72771007972752,21.908064906063846,29.099119974829307,138.66666666666666
LLM,coling::f2d66835-0de6-4a50-b3da-a170f0608965,перемешивание,61.34088648923122,17.927410520265088,44.85546155576536,101.0
LLM,coling::f2d66835-0de6-4a50-b3da-a170f0608965,чужие хапаксы,86.94571219719337,21.988113981519895,49.28796870050447,104.0
LLM,coling::1eb3e11f-345c-4e21-9971-65b1c025ebf0,исходный,30.419990901272268,22.31907899802454,29.02989016169434,118.33333333333333
LLM,coling::1eb3e11f-345c-4e21-9971-65b1c025ebf0,меньше мыслей,22.195718886457044,12.084857620025248,19.177966670298947,114.0
LLM,coling::1eb3e11f-345c-4e21-9971-65b1c025ebf0,одна тема,32.46413463418116,19.367688344755837,31.144495675182565,121.33333333333333
LLM,coling::1eb3e11f-345c-4e21-9971-65b1c025ebf0,беднее словарь,29.972439020862243,21.6883369064705,31.167877765696264,119.0
LLM,coling::1eb3e11f-345c-4e21-9971-65b1c025ebf0,термин в той же обёртке,52.34362345319531,22.43802976829654,40.34223769694937,112.33333333333333
LLM,coling::1eb3e11f-345c-4e21-9971-65b1c025ebf0,каждое предложение о своём,28.672494081575692,24.710124701594356,28.94183945131108,147.33333333333334
LLM,coling::1eb3e11f-345c-4e21-9971-65b1c025ebf0,богаче словарь,31.18139901464419,22.043084802266474,29.31444597326986,149.0
LLM,coling::1eb3e11f-345c-4e21-9971-65b1c025ebf0,редкие синонимы,44.70194871586188,26.7460059076644,32.22053367797062,123.33333333333333
LLM,coling::1eb3e11f-345c-4e21-9971-65b1c025ebf0,художественный стиль,30.751174883625993,23.87023803330096,34.59985824146316,148.66666666666666
LLM,coling::1eb3e11f-345c-4e21-9971-65b1c025ebf0,анафора,50.61195684241131,19.298993500566098,41.445463292327396,107.0
LLM,coling::1eb3e11f-345c-4e21-9971-65b1c025ebf0,поле: значение,21.37756640626237,24.814411691892143,26.509362608269313,136.33333333333334
LLM,coling::1eb3e11f-345c-4e21-9971-65b1c025ebf0,перемешивание,45.96747031012628,20.129033415441466,38.76853957694772,120.0
LLM,coling::1eb3e11f-345c-4e21-9971-65b1c025ebf0,чужие хапаксы,38.728650253467855,28.679977591231125,37.23284281801481,118.0
LLM,coling::c0381ae0-3b9c-40a4-bc53-f4a76564adb9,исходный,33.107353618527625,21.50612272807363,29.113231116004883,134.66666666666666
LLM,coling::c0381ae0-3b9c-40a4-bc53-f4a76564adb9,тема вписана,27.995542270862614,18.901596200302507,28.2823664603422,137.0
LLM,coling::c0381ae0-3b9c-40a4-bc53-f4a76564adb9,меньше мыслей,28.278047685054645,18.036865482055507,21.76962715191485,108.0
LLM,coling::c0381ae0-3b9c-40a4-bc53-f4a76564adb9,одна тема,33.25824950990705,20.120064155584455,28.931487478557646,120.33333333333333
LLM,coling::c0381ae0-3b9c-40a4-bc53-f4a76564adb9,беднее словарь,28.6826103784245,21.051474065556622,29.78035022599704,124.33333333333333
LLM,coling::c0381ae0-3b9c-40a4-bc53-f4a76564adb9,без синонимов,30.775875802471983,22.1416845858988,30.488160389100873,129.33333333333334
LLM,coling::c0381ae0-3b9c-40a4-bc53-f4a76564adb9,термин в той же обёртке,31.192316773840933,23.90044833144024,29.744852034138376,133.66666666666666
LLM,coling::c0381ae0-3b9c-40a4-bc53-f4a76564adb9,каждое предложение о своём,27.558540925634897,19.91568603915943,27.157165424558013,153.66666666666666
LLM,coling::c0381ae0-3b9c-40a4-bc53-f4a76564adb9,богаче словарь,31.216011504062607,20.54094155386574,28.18390809774766,144.66666666666666
LLM,coling::c0381ae0-3b9c-40a4-bc53-f4a76564adb9,ни одного слова дважды,30.26853201206102,21.499547456060387,27.657860688999904,152.33333333333334
LLM,coling::c0381ae0-3b9c-40a4-bc53-f4a76564adb9,редкие синонимы,27.229232986552304,23.12277831394641,29.981934374386423,134.66666666666666
LLM,coling::c0381ae0-3b9c-40a4-bc53-f4a76564adb9,художественный стиль,35.43539304475612,20.934206045420876,32.48402502769223,150.33333333333334
LLM,coling::c0381ae0-3b9c-40a4-bc53-f4a76564adb9,анафора,88.88440791565579,21.033135082635855,35.9626325659598,132.33333333333334
LLM,coling::c0381ae0-3b9c-40a4-bc53-f4a76564adb9,поле: значение,18.22026681264684,27.531731578963647,23.9914955456827,127.66666666666667
LLM,coling::c0381ae0-3b9c-40a4-bc53-f4a76564adb9,перемешивание,36.91495105894139,22.066366159997198,34.21919041025231,131.0
LLM,coling::c0381ae0-3b9c-40a4-bc53-f4a76564adb9,чужие хапаксы,27.838252919229785,27.052866523882585,33.48824081931025,136.0
LLM,coling::07106895-c293-4117-be28-f75985334b33,исходный,27.27470076638708,18.838246784184083,24.478425742162568,128.66666666666666
LLM,coling::07106895-c293-4117-be28-f75985334b33,тема вписана,27.55347339448184,24.805739246464352,27.06285738564579,134.33333333333334
LLM,coling::07106895-c293-4117-be28-f75985334b33,меньше мыслей,40.2033948485329,18.129845227199997,29.797667781192132,112.0
LLM,coling::07106895-c293-4117-be28-f75985334b33,одна тема,30.93335961120992,19.872067489938374,27.62225583566895,106.66666666666667
LLM,coling::07106895-c293-4117-be28-f75985334b33,беднее словарь,26.791294643257938,19.978476814246232,25.266296181233475,115.0
LLM,coling::07106895-c293-4117-be28-f75985334b33,без синонимов,29.29385096084074,21.029400110356466,25.577018604130615,117.33333333333333
LLM,coling::07106895-c293-4117-be28-f75985334b33,термин в той же обёртке,31.29532400921644,17.749949765910298,28.31040193125074,124.0
LLM,coling::07106895-c293-4117-be28-f75985334b33,каждое предложение о своём,25.68371924902355,19.79953453277298,23.194477304900445,144.0
LLM,coling::07106895-c293-4117-be28-f75985334b33,богаче словарь,27.389046150357856,18.355639515415884,25.31787360141622,141.33333333333334
LLM,coling::07106895-c293-4117-be28-f75985334b33,ни одного слова дважды,29.514049015123934,18.435160756980768,27.195038504049972,137.33333333333334
LLM,coling::07106895-c293-4117-be28-f75985334b33,редкие синонимы,30.881384462069956,20.50422097856763,26.354377676442397,128.66666666666666
LLM,coling::07106895-c293-4117-be28-f75985334b33,художественный стиль,26.9261149091797,21.187362589252647,29.047204335161865,141.66666666666666
LLM,coling::07106895-c293-4117-be28-f75985334b33,анафора,40.68700586384552,18.848567311646768,32.74300461973911,117.66666666666667
LLM,coling::07106895-c293-4117-be28-f75985334b33,поле: значение,23.64130418992473,21.947979241385756,23.754654274777764,122.33333333333333
LLM,coling::07106895-c293-4117-be28-f75985334b33,перемешивание,27.699912872312648,23.21802302253055,31.110139446181197,128.33333333333334
LLM,coling::07106895-c293-4117-be28-f75985334b33,чужие хапаксы,22.648828258455314,19.191954287026256,24.946572032224186,125.33333333333333
LLM,coling::745b25d5-34c6-4c43-a690-6414f20591ce,исходный,36.86794467698554,22.452191856462452,30.825441504315133,132.0
LLM,coling::745b25d5-34c6-4c43-a690-6414f20591ce,тема вписана,38.95062254569948,24.14169742480389,32.90946504547946,131.66666666666666
LLM,coling::745b25d5-34c6-4c43-a690-6414f20591ce,одна тема,37.92590904870593,27.183779309890895,36.7125789296137,121.0
LLM,coling::745b25d5-34c6-4c43-a690-6414f20591ce,беднее словарь,35.94672714029631,29.25469828104204,34.15346555056678,128.0
LLM,coling::745b25d5-34c6-4c43-a690-6414f20591ce,без синонимов,35.84079645208593,22.13551713920708,32.53354538148519,126.0
LLM,coling::745b25d5-34c6-4c43-a690-6414f20591ce,термин в той же обёртке,39.829829663218305,24.892610660091915,31.123191415211068,132.33333333333334
LLM,coling::745b25d5-34c6-4c43-a690-6414f20591ce,каждое предложение о своём,28.282354234864826,21.553323277484367,24.699123839563246,146.33333333333334
LLM,coling::745b25d5-34c6-4c43-a690-6414f20591ce,богаче словарь,33.64228066605616,21.783212608050963,28.70081874199954,143.33333333333334
LLM,coling::745b25d5-34c6-4c43-a690-6414f20591ce,ни одного слова дважды,31.08198423567362,25.445391359161817,28.098656362062325,142.0
LLM,coling::745b25d5-34c6-4c43-a690-6414f20591ce,редкие синонимы,37.91968219553005,25.894356366270916,34.12595574491659,137.66666666666666
LLM,coling::745b25d5-34c6-4c43-a690-6414f20591ce,художественный стиль,33.39060106782523,25.58863074193569,31.76969272219723,151.33333333333334
LLM,coling::745b25d5-34c6-4c43-a690-6414f20591ce,анафора,37.006219172693484,23.977795674768455,33.44293334145428,126.66666666666667
LLM,coling::745b25d5-34c6-4c43-a690-6414f20591ce,поле: значение,24.29169487735453,22.095486209762413,27.518963645835555,132.33333333333334
LLM,coling::745b25d5-34c6-4c43-a690-6414f20591ce,перемешивание,39.3168391451953,23.049737743528095,31.586213167309946,131.66666666666666
LLM,coling::745b25d5-34c6-4c43-a690-6414f20591ce,чужие хапаксы,31.449179317825013,26.23801243996172,34.9744986735423,137.33333333333334
LLM,coling::4e7728dc-010d-47cb-95f2-16525a713ce3,исходный,26.84360020926464,22.40563794478247,29.846890543197947,131.66666666666666
LLM,coling::4e7728dc-010d-47cb-95f2-16525a713ce3,тема вписана,27.588994619332265,22.413608720890732,28.534289417338197,138.66666666666666
LLM,coling::4e7728dc-010d-47cb-95f2-16525a713ce3,одна тема,24.345560132307057,23.494235003190454,27.012266846527968,117.0
LLM,coling::4e7728dc-010d-47cb-95f2-16525a713ce3,беднее словарь,23.922592809949805,18.369149559159485,25.60824359519331,137.66666666666666
LLM,coling::4e7728dc-010d-47cb-95f2-16525a713ce3,без синонимов,25.133718352393988,20.801730544336497,26.247635650562312,134.66666666666666
LLM,coling::4e7728dc-010d-47cb-95f2-16525a713ce3,термин в той же обёртке,30.445166877727342,19.754019121116357,27.65000751197121,132.33333333333334
LLM,coling::4e7728dc-010d-47cb-95f2-16525a713ce3,богаче словарь,26.9634560063008,18.538774808989377,28.16831426441696,143.33333333333334
LLM,coling::4e7728dc-010d-47cb-95f2-16525a713ce3,ни одного слова дважды,30.712990790771784,23.249835051761618,32.96027032963725,137.33333333333334
LLM,coling::4e7728dc-010d-47cb-95f2-16525a713ce3,редкие синонимы,25.974800333828508,18.51852245520226,24.622472277837428,134.0
LLM,coling::4e7728dc-010d-47cb-95f2-16525a713ce3,художественный стиль,21.190730380638286,27.301808538123804,24.98148120188783,151.0
LLM,coling::4e7728dc-010d-47cb-95f2-16525a713ce3,анафора,35.89934655967651,28.604299455850025,30.629884790925285,121.66666666666667
LLM,coling::4e7728dc-010d-47cb-95f2-16525a713ce3,поле: значение,18.512331841619442,24.98619462940245,23.295170725041118,123.33333333333333
LLM,coling::4e7728dc-010d-47cb-95f2-16525a713ce3,перемешивание,25.94191740492324,20.311128462144882,26.692474076439012,133.0
LLM,coling::4e7728dc-010d-47cb-95f2-16525a713ce3,чужие хапаксы,25.00496737820657,28.7774741664233,26.06886162191461,140.0
LLM,coling::a0b0f9d5-62dc-4996-9de4-5e5f9b3bcf06,исходный,33.75892689333019,23.89680032958107,30.441676595296965,135.0
LLM,coling::a0b0f9d5-62dc-4996-9de4-5e5f9b3bcf06,тема вписана,29.76325971507482,22.364669438942958,29.262042225313735,137.0
LLM,coling::a0b0f9d5-62dc-4996-9de4-5e5f9b3bcf06,одна тема,29.81314022914164,19.403378913610094,29.978386625330188,130.33333333333334
LLM,coling::a0b0f9d5-62dc-4996-9de4-5e5f9b3bcf06,беднее словарь,32.314987025398416,21.295647603859408,29.287083832579157,125.66666666666667
LLM,coling::a0b0f9d5-62dc-4996-9de4-5e5f9b3bcf06,без синонимов,28.66598930486083,21.28792490923781,26.411932641423338,129.0
LLM,coling::a0b0f9d5-62dc-4996-9de4-5e5f9b3bcf06,термин в той же обёртке,35.46343500687815,25.119954554226563,31.687052216854564,134.66666666666666
LLM,coling::a0b0f9d5-62dc-4996-9de4-5e5f9b3bcf06,каждое предложение о своём,31.046492097062032,24.070102865103006,26.92822392115028,157.66666666666666
LLM,coling::a0b0f9d5-62dc-4996-9de4-5e5f9b3bcf06,богаче словарь,34.751528008767394,21.94179049778866,32.22067917694223,141.33333333333334
LLM,coling::a0b0f9d5-62dc-4996-9de4-5e5f9b3bcf06,ни одного слова дважды,36.649557573928405,24.590208658764595,33.404038222982905,157.0
LLM,coling::a0b0f9d5-62dc-4996-9de4-5e5f9b3bcf06,редкие синонимы,25.754741983140843,24.47191771547413,25.22760905378711,140.33333333333334
LLM,coling::a0b0f9d5-62dc-4996-9de4-5e5f9b3bcf06,художественный стиль,35.77033852871899,22.38557447744488,31.89843992026611,153.66666666666666
LLM,coling::a0b0f9d5-62dc-4996-9de4-5e5f9b3bcf06,анафора,39.47658826847737,22.94340805569514,32.08109942425753,131.66666666666666
LLM,coling::a0b0f9d5-62dc-4996-9de4-5e5f9b3bcf06,поле: значение,25.245768046082247,28.712367808889848,33.761883656699744,133.0
LLM,coling::a0b0f9d5-62dc-4996-9de4-5e5f9b3bcf06,перемешивание,35.97567707115587,22.355547888207553,30.844646595400505,133.66666666666666
LLM,coling::a0b0f9d5-62dc-4996-9de4-5e5f9b3bcf06,чужие хапаксы,28.667612846545083,29.541967842338476,30.49347180592136,135.0
LLM,coling::d8e4451f-f606-413a-a2c5-5f2b5e9c789f,исходный,36.783101508141065,23.681933650588174,31.525893371313384,126.0
LLM,coling::d8e4451f-f606-413a-a2c5-5f2b5e9c789f,меньше мыслей,27.603462333247,17.75649984529673,24.480322011271294,108.66666666666667
LLM,coling::d8e4451f-f606-413a-a2c5-5f2b5e9c789f,одна тема,39.01164018258785,21.41217842553186,30.726102665845705,135.33333333333334
LLM,coling::d8e4451f-f606-413a-a2c5-5f2b5e9c789f,беднее словарь,47.80502293341269,25.471398013533076,33.610828905727494,119.33333333333333
LLM,coling::d8e4451f-f606-413a-a2c5-5f2b5e9c789f,термин в той же обёртке,36.91278885497591,29.732268709526,33.22174492890568,117.0
LLM,coling::d8e4451f-f606-413a-a2c5-5f2b5e9c789f,богаче словарь,41.37881979521708,25.22990647419825,36.32849609692733,127.33333333333333
LLM,coling::d8e4451f-f606-413a-a2c5-5f2b5e9c789f,редкие синонимы,48.194896541865205,20.41877974486181,36.020601210562866,132.33333333333334
LLM,coling::d8e4451f-f606-413a-a2c5-5f2b5e9c789f,художественный стиль,33.19782404378095,21.12311459104787,31.61195595965815,150.66666666666666
LLM,coling::d8e4451f-f606-413a-a2c5-5f2b5e9c789f,анафора,56.782013841236015,22.56986325780184,40.464486212398896,112.0
LLM,coling::d8e4451f-f606-413a-a2c5-5f2b5e9c789f,поле: значение,24.606844662692783,21.596590589105006,29.1622386724448,134.66666666666666
LLM,coling::d8e4451f-f606-413a-a2c5-5f2b5e9c789f,перемешивание,60.266562730345264,20.012720561927487,45.67163041025022,123.0
LLM,coling::d8e4451f-f606-413a-a2c5-5f2b5e9c789f,чужие хапаксы,40.428400272610084,33.75190749154827,35.19553798343463,130.33333333333334
LLM,coling::60e5cc06-240c-4ed3-80bd-353d0ba88cb2,исходный,38.15883780699573,14.213685919074935,28.76402858489422,125.0
LLM,coling::60e5cc06-240c-4ed3-80bd-353d0ba88cb2,тема вписана,28.177807230755302,19.27580133586969,29.339688202606663,131.0
LLM,coling::60e5cc06-240c-4ed3-80bd-353d0ba88cb2,меньше мыслей,23.443830210417,14.496668495054315,21.4853838027686,111.66666666666667
LLM,coling::60e5cc06-240c-4ed3-80bd-353d0ba88cb2,одна тема,32.708372280684095,18.54937933028019,26.79884204413438,128.0
LLM,coling::60e5cc06-240c-4ed3-80bd-353d0ba88cb2,беднее словарь,34.195163979969244,13.166627154012916,27.615999633257662,116.0
LLM,coling::60e5cc06-240c-4ed3-80bd-353d0ba88cb2,без синонимов,35.868207156713396,18.03833862445912,28.36444969087165,120.0
LLM,coling::60e5cc06-240c-4ed3-80bd-353d0ba88cb2,термин в той же обёртке,37.27326241392128,15.344349772133233,27.18223598964863,116.0
LLM,coling::60e5cc06-240c-4ed3-80bd-353d0ba88cb2,каждое предложение о своём,33.391964589827744,21.394206623812764,34.32741149792971,164.66666666666666
LLM,coling::60e5cc06-240c-4ed3-80bd-353d0ba88cb2,богаче словарь,24.93289630394877,20.4014858932515,25.914124903015335,151.66666666666666
LLM,coling::60e5cc06-240c-4ed3-80bd-353d0ba88cb2,ни одного слова дважды,23.92038451625262,18.058768782509844,24.48979149547102,140.33333333333334
LLM,coling::60e5cc06-240c-4ed3-80bd-353d0ba88cb2,редкие синонимы,35.12290390658619,21.096280727267253,29.3894058604965,134.66666666666666
LLM,coling::60e5cc06-240c-4ed3-80bd-353d0ba88cb2,художественный стиль,34.88490917707966,18.14602054182217,30.500109084137605,160.0
LLM,coling::60e5cc06-240c-4ed3-80bd-353d0ba88cb2,анафора,34.6450705289184,20.801094986527666,40.37985315071133,106.0
LLM,coling::60e5cc06-240c-4ed3-80bd-353d0ba88cb2,поле: значение,21.100211106805318,19.656451009368826,24.867375721435554,138.66666666666666
LLM,coling::60e5cc06-240c-4ed3-80bd-353d0ba88cb2,перемешивание,38.17871125052578,18.187658949584407,37.31943026497796,127.33333333333333
LLM,coling::60e5cc06-240c-4ed3-80bd-353d0ba88cb2,чужие хапаксы,27.831042196965793,27.218062907116884,32.21271840463808,124.66666666666667
