набор,текст,условие,d(x) среднее,d(x) разброс,"d(x) разброс, одиночки","d(x) разброс, повторные",d(x) одиночки,d(x) повторные,центров
механические,0,исходный,10.470898635972665,2.7424730096212837,2.8471978512841964,2.229841889691133,10.791024348646038,9.622770389315306,124.0
механические,0,перемешивание,10.30384340981219,2.6691909097786635,2.7455101817031857,2.288468790039729,10.67509906475645,9.45947915315721,119.66666666666667
механические,0,эхо x2,10.858706668334513,2.3955578465997682,2.2783581124570893,2.441126344513311,11.17350061894684,10.593635654089907,96.66666666666667
механические,0,эхо x4,10.373234679552858,2.1500236300552307,1.9294366493042567,2.1840813768425353,10.823710205566174,10.273394033672483,70.0
механические,0,эхо на четверти,10.135904053336288,2.7585942655528464,2.804258626833302,2.573145558281803,10.323548672428126,9.77877417487685,117.0
механические,0,словарь к 25,8.191567930063696,2.80278802254499,2.7127791307099685,2.5022159771509433,9.131266819062446,7.246522693966136,75.66666666666667
механические,0,словарь к 60,9.26131312547219,2.750081433052151,2.8372088852309267,2.5435911457254483,9.603613219468981,8.781720277084327,99.33333333333333
механические,0,все слова разные,10.053313554287127,3.1986904691131137,3.382904683444817,1.9870357870931785,10.046152814663651,10.088038764218,139.0
механические,0,чужие хапаксы,9.515286218510488,3.258196675068342,3.3449834061020063,2.473414284898428,8.952477808207746,10.968208420906668,125.0
механические,0,хапаксы одного домена,9.131079603499174,3.2604915608616962,3.504704210983409,2.546070685981627,8.981103965886726,9.483241366604572,123.0
механические,0,20 чужих хапаксов,10.215251762567975,2.647962454730312,2.704998114397595,2.229647225947586,10.507202006165848,9.571019486841992,120.0
механические,0,маркер каждые 3,10.198535884339135,2.930043869185124,2.9829492463869003,2.383307119474256,10.560789810237042,9.119170259015545,108.0
механические,0,без пунктуации,11.050355710396557,2.6679082768271294,2.4726455538990106,2.602379867038852,11.677176828225411,9.827428649306775,118.33333333333333
механические,0,без служебных,9.400405432716516,3.10013896349207,3.1400658751148076,2.847818810021151,9.65217823026498,8.795952653337727,122.0
механические,1,исходный,11.059101695838555,2.618901144219663,2.508147399321794,2.69974025038513,11.371455956755725,10.226276329579692,130.66666666666666
механические,1,перемешивание,10.870552565564521,2.9668089711606753,3.0294246906435944,2.699426300318855,10.95797927050822,10.585003728482784,137.0
механические,1,эхо x2,11.05891560647003,2.4198729802422627,2.2375070299634694,2.4943452352308184,11.52502530619187,10.67570463886013,105.66666666666667
механические,1,эхо x4,10.148488308114016,2.172401094316628,1.5705686060823059,2.2438803911453946,10.657337120898507,10.073637623518708,61.333333333333336
механические,1,эхо на четверти,10.743828047060981,2.6248939252533905,2.639578409378066,2.584145812491885,10.818083681386057,10.574755046120453,122.33333333333333
механические,1,словарь к 25,9.932205269816587,2.601392038836618,2.377438606991563,2.6938542557031657,10.433665045399474,9.28491278025635,81.66666666666667
механические,1,словарь к 60,10.535825642403937,2.5746493677607454,2.4632170471988557,2.5146683639568663,11.033749252389805,9.66810577976718,110.66666666666667
механические,1,все слова разные,9.746817514528516,3.3045044864183954,3.332161320125675,3.1659311822887948,9.69305177088757,10.008765626930922,144.66666666666666
механические,1,чужие хапаксы,10.46502138455156,3.0931962869591967,3.2478932067969417,2.462568253240165,10.552157738718266,10.15515434700479,139.66666666666666
механические,1,хапаксы одного домена,10.187511397477667,3.346580220462578,3.424603785424536,3.0328566898601377,10.062074574175172,10.547624359983704,138.66666666666666
механические,1,20 чужих хапаксов,10.776828161897207,2.8405181614504413,2.871919256296488,2.7132736952333487,10.912258869571586,10.38111500551477,133.66666666666666
механические,1,маркер каждые 3,10.97532161414683,2.6703345079624783,2.5416709962326895,2.9586480606111767,11.194274977756729,10.130402745313075,117.33333333333333
механические,1,без пунктуации,11.527519233607554,2.6685703931150506,2.587649696979826,2.7734931546376558,11.760752653132867,10.895083179106209,138.0
механические,1,без служебных,10.856702048330176,2.919697330896264,2.8572101035632045,2.894898517169833,11.108014252318283,9.73253578969463,144.66666666666666
механические,2,исходный,9.889955440737038,3.1460405167039074,3.0520284213144016,3.062554608682699,10.404620665058806,8.838713158304131,122.33333333333333
механические,2,перемешивание,9.84243805526769,3.1075222246391743,3.102265643345019,3.0592914222999466,10.0927984187405,9.401412952715745,123.33333333333333
механические,2,эхо x2,10.360702153907177,2.6039532049586627,2.1507214488603736,2.7793138485080804,11.090411549480239,9.765103737335453,99.0
механические,2,эхо x4,10.08292569607105,2.2222231529163126,1.7002228014212013,2.3425478468052585,10.768717658648749,9.828879471755316,72.0
механические,2,эхо на четверти,9.91249320507506,2.9005012004171693,2.6570845639959164,3.1127778214070303,10.369981277310485,9.155724203596327,115.66666666666667
механические,2,словарь к 25,8.359015605778863,2.896227684655924,2.8597456513034403,2.8720016302091373,8.738090924727766,8.04117289370531,81.0
механические,2,словарь к 60,9.24931110921458,2.8513535402125343,2.8696665469414224,2.5521842347113144,9.873942691725814,8.330651388820263,103.33333333333333
механические,2,все слова разные,9.324195862727649,3.9597488923446895,3.988475274600195,3.3379396588003982,9.14352415194015,10.655031518302991,163.66666666666666
механические,2,чужие хапаксы,8.928611158703324,3.33097836416162,3.494252614839871,2.7609435462495386,8.461581169189069,9.800577225215406,121.33333333333333
механические,2,хапаксы одного домена,8.344570535344504,3.7514513202429765,3.9354444573436957,2.9544126805510387,7.558280421370111,9.62760189936275,121.0
механические,2,20 чужих хапаксов,10.248990188056807,2.828324514282416,2.6823818279185416,2.7971353938818644,10.732555943380936,9.158549441575802,125.33333333333333
механические,2,маркер каждые 3,9.229104604431166,2.9671486131574407,3.123220482045653,2.5763295614334636,9.023938251030508,9.645359129742658,108.66666666666667
механические,2,без пунктуации,10.685098092708104,2.5639730838446,2.5083418901628485,2.537115584441104,11.025079081575456,10.056041399659065,118.0
механические,2,без служебных,9.24544459723012,3.277759726264653,3.3817853141651475,2.983165486148353,9.283449874415602,9.12577599694297,126.33333333333333
механические,3,исходный,10.731847678845535,2.7466679339778195,2.520959704458589,2.8839733405957175,11.197386877325897,9.3107255983713,135.0
механические,3,перемешивание,10.831349520061984,3.0174656003794165,2.9174350123595723,3.1857803384006647,11.017694592369997,10.285423766340491,137.0
механические,3,эхо x2,10.919316188043075,2.5659482389981427,2.387394714443053,2.44112728489312,11.66297171275088,10.003167701991075,108.33333333333333
механические,3,эхо x4,11.220549649666921,2.315943349698991,1.8650040104530667,2.4373367789894984,11.858746770432072,10.896818341493388,80.0
механические,3,эхо на четверти,10.61265252703114,3.019713155443876,2.9988438857672137,2.693789641984734,11.089003072729811,9.376240799785206,130.33333333333334
механические,3,словарь к 25,9.034267395453353,2.53462065449748,2.2302273299246553,2.6764966861820074,9.59877609898416,8.49858857602134,79.33333333333333
механические,3,словарь к 60,9.017016976508257,2.8474109754686943,2.654090743566139,2.7217237141232986,9.83392710362771,7.92657547199074,97.66666666666667
механические,3,все слова разные,9.95792995069325,3.6937024641163076,3.7298443541684017,3.383837277776737,10.018726106974787,9.540211738315385,159.33333333333334
механические,3,чужие хапаксы,9.841995489136641,3.462565908730481,3.4201544669298976,3.513422080920206,9.939916525096665,9.608037145288248,131.33333333333334
механические,3,хапаксы одного домена,10.168575587813105,3.304265959550435,3.392076723836412,2.7597747136903714,10.297337926369236,9.81330285536177,139.33333333333334
механические,3,20 чужих хапаксов,10.378709428852625,3.067419512151846,2.980731667235901,3.0209455363220266,10.786807633498546,9.222955208059018,138.33333333333334
механические,3,маркер каждые 3,10.241268568111318,3.295436223089586,3.2556075352561926,3.2887600013870273,10.4509791685086,9.584941482532962,110.33333333333333
механические,3,без пунктуации,11.954573768117251,2.543736535959751,2.3414158251114325,2.716037662081438,12.366177013235387,10.655558955277764,135.33333333333334
механические,3,без служебных,10.567611848103654,2.9235942632297784,2.9039271834584994,2.7846850504187395,10.897283484097729,9.587842336087128,142.0
механические,4,исходный,9.967727388320265,2.7931555348698525,2.808008689038352,2.415370622815782,10.401175796457887,8.931712556311943,131.0
механические,4,перемешивание,10.419463636126386,2.6971552869005264,2.766349524219544,2.49818938828991,10.453959879372855,10.33312496653427,131.33333333333334
механические,4,эхо x2,10.28455243521877,2.4536663213439573,2.236855418022045,2.5169534498884265,10.573666287085729,10.059295937741334,105.33333333333333
механические,4,эхо x4,9.9901024208974,2.4727358086039923,2.1964972728029157,2.5014015868887705,10.498728151170749,9.909675577138728,65.33333333333333
механические,4,эхо на четверти,9.773212687009533,2.916453964137556,2.8805479235374416,2.915419970625622,9.863991241836757,9.662495058030458,116.66666666666667
механические,4,словарь к 25,8.913234101634192,2.6188981431730762,2.545220322280622,2.442104971163564,9.517717587850365,8.2681867738932,83.66666666666667
механические,4,словарь к 60,9.593264914094702,2.813347115630876,2.7656971579555703,2.5557973964962923,10.283137001995472,8.61406326952691,107.33333333333333
механические,4,все слова разные,9.868579023408728,3.793446733260993,3.900415401803477,3.019157240794471,9.819339256247744,10.155438036971935,149.33333333333334
механические,4,чужие хапаксы,9.012625729704057,3.3147373080106806,3.5626600341719263,2.589124930564121,9.044431651118112,8.931504580334694,127.33333333333333
механические,4,хапаксы одного домена,8.693764333294494,3.2651379432559295,3.4640333745994774,2.621931181407888,8.699120672808917,8.692467492929275,129.0
механические,4,20 чужих хапаксов,9.988327298348532,2.8709678128265828,2.9198205835353606,2.504297537866773,10.265457712795884,9.093246321837086,132.0
механические,4,маркер каждые 3,10.387090305734032,2.637434578333051,2.583306443031517,2.734295959841805,10.549771084295728,9.848618855611422,113.33333333333333
механические,4,без пунктуации,11.20594181333354,2.777479356264801,2.6549018680537375,2.827845803170574,11.576454686873959,10.27943729250651,134.66666666666666
механические,4,без служебных,9.602144585559929,3.2596976214221036,3.395110608727414,2.6828817760071053,9.858431275084904,8.861978480077232,137.66666666666666
механические,5,исходный,10.144736344038138,2.782452329979368,2.7341542787521953,2.5533518251810587,10.615900761426955,9.030057268468063,123.0
механические,5,перемешивание,10.652098539883129,2.6764549831512348,2.6872871247827503,2.5841305061955344,10.787399570899723,10.311450479145803,130.0
механические,5,эхо x2,10.906276429747729,2.3195394158613154,2.18081240719953,2.3311120672976116,11.413615896866565,10.386780080799172,107.66666666666667
механические,5,эхо x4,11.102371987256758,1.9837047172686895,1.8968507907480132,1.998370225557519,10.900721042371984,11.16098875759012,72.33333333333333
механические,5,эхо на четверти,11.072277334299926,2.64583878977416,2.481800526176412,2.799124115329244,11.395134552112447,10.486651955441525,116.0
механические,5,словарь к 25,8.498743136765173,2.5745043579980886,2.225772608143616,2.762247498547872,9.00529264227503,8.004367748628122,75.66666666666667
механические,5,словарь к 60,9.537173506836545,2.718201197384466,2.345751547693537,2.9647488445412833,10.142930677891146,8.622171653339777,96.33333333333333
механические,5,все слова разные,9.666928983737538,3.582085546838061,3.663861902004738,2.9103857812995635,9.396067093356768,10.854713329889199,141.0
механические,5,чужие хапаксы,9.001340758927611,3.4492569233812724,3.58236795541615,2.936583335253894,8.717557812412803,9.734392399528693,127.0
механические,5,хапаксы одного домена,9.272623145409979,3.3482952763196074,3.4516230017646694,2.8206296030440936,9.06513709398737,9.884045879101095,128.33333333333334
механические,5,20 чужих хапаксов,10.225585950981051,2.8510520142243956,2.8269671923047714,2.7343190433268987,10.50735451407097,9.431026845265833,124.0
механические,5,маркер каждые 3,10.388138503377204,2.8109253292722,2.7812784040010734,2.8365625655422373,10.486034343204173,10.154919747499093,106.66666666666667
механические,5,без пунктуации,11.128992627289458,2.578763686719641,2.51245593834478,2.68141862614509,11.269116940545743,10.740905466246794,132.0
механические,5,без служебных,9.877154128467806,2.8549516698553945,2.835717309667014,2.892782908866934,9.877142680289106,9.851223786986607,140.0
механические,6,исходный,10.945453182534584,3.0479463717378508,2.9991982583234815,2.9482361484131334,11.254803452785644,9.947635589089005,133.0
механические,6,перемешивание,11.046149902301153,3.0436810387046673,3.002456081083577,3.107999371032959,11.120990901806211,10.819787832253626,131.33333333333334
механические,6,эхо x2,11.776495265776163,2.854589820780589,2.648619939076842,2.8897986617267204,12.371542855703245,10.739741571496827,116.33333333333333
механические,6,эхо x4,11.709821740066523,2.3813215279194733,2.142006409594005,2.5041589988735087,12.173903931974573,11.268419935760114,92.66666666666667
механические,6,эхо на четверти,10.700568093195551,2.9752095202745377,2.9516317630190385,2.704689975493823,11.075497666077084,9.706944046787182,126.0
механические,6,словарь к 25,9.181510757802782,2.687806281110067,2.5368601940486672,2.7215602544402433,9.6434651597191,8.610336638265004,72.66666666666667
механические,6,словарь к 60,9.016167306746334,3.017665435230322,3.035610978121118,2.6947547117157744,9.640121232111643,8.026311123361126,85.66666666666667
механические,6,все слова разные,10.655547372260362,3.2028943316062706,3.275089776393372,2.606182447135154,10.630159361602876,10.759824988243553,144.33333333333334
механические,6,чужие хапаксы,9.438318712444195,3.549616369856029,3.700196151616024,2.8730921136777954,9.39456960413792,9.601414462249679,133.0
механические,6,хапаксы одного домена,9.974503908831052,3.1574722934229964,3.2622692501340236,2.7626077297278417,9.854752917068359,10.37447813395867,135.33333333333334
механические,6,20 чужих хапаксов,10.53588547093596,3.087571215182136,3.113535226981817,2.7061330617524177,10.857711753256572,9.53095374279015,129.33333333333334
механические,6,маркер каждые 3,10.646310533963927,3.0049869608826345,3.0872128545045676,2.5002456377581823,10.853048986592455,9.860457595742352,106.66666666666667
механические,6,без пунктуации,11.81881491064967,2.4748292747314493,2.4876394693493977,2.301266353658977,12.02344360824789,11.118386527525267,135.33333333333334
механические,6,без служебных,10.812317759408856,3.068216521806248,3.1599011632881884,2.446526352518014,11.032060328043677,9.95701394738116,145.66666666666666
механические,7,исходный,10.675946553604852,2.9899035902937405,2.9811666512751747,2.781534382707959,10.936656245491463,9.861525643797917,131.66666666666666
механические,7,перемешивание,10.671100166469662,3.0231301727315567,2.8653627549635488,3.3383058575300737,10.898936419836218,10.013794986918326,130.66666666666666
механические,7,эхо x2,10.49888611625839,2.6826207254161503,2.1593807564188716,2.8625492899456026,11.286160288546574,9.881236953557856,94.66666666666667
механические,7,эхо x4,10.235635112751588,2.2462350660141657,1.7562467531417698,2.287858594986415,10.921314042585992,10.145073744660253,60.0
механические,7,эхо на четверти,10.043085089543517,2.853299651128721,2.6789005470541265,3.121413072156267,10.14274118656725,9.872154050031972,109.66666666666667
механические,7,словарь к 25,8.676034262269624,2.487604482786192,2.3236344677854457,2.446235326939418,9.401547834694876,8.018348359610139,65.33333333333333
механические,7,словарь к 60,9.745600875485444,2.702749159144782,2.527545583078813,2.5242584371742898,10.602226713131722,8.710002802471271,87.33333333333333
механические,7,все слова разные,10.340421355141793,3.235171593177928,3.2991620787994873,2.4971330807961594,10.247789491156668,11.099992307836985,153.33333333333334
механические,7,чужие хапаксы,9.921125807313185,3.2474764395119937,3.3408326858164084,2.7887519606456377,9.90522966264964,9.989655816465097,134.0
механические,7,хапаксы одного домена,10.102269591393808,3.224558471433704,3.339426203187815,2.738624455960352,10.213998646355963,9.732601123458535,133.66666666666666
механические,7,20 чужих хапаксов,10.335273169773762,3.1442851700022785,3.309000191835231,2.383785414894456,10.438539785837337,10.006967437082828,129.66666666666666
механические,7,маркер каждые 3,10.460022348381601,3.2701826811950903,3.2953180456620434,3.092406979272473,10.589473776802448,9.97210006957089,109.33333333333333
механические,7,без пунктуации,11.551571089128323,2.707632899325868,2.667751697266771,2.5245493341545338,11.884087805528127,10.565717643718676,132.66666666666666
механические,7,без служебных,9.596731904491412,3.2947406794716088,3.231755880864005,3.3645739016304534,9.818521575248278,8.81234827022855,145.33333333333334
механические,8,исходный,9.494760251947712,3.0098263797942626,3.135490237254341,2.724072574191169,9.461836131549463,9.568486513115383,129.66666666666666
механические,8,перемешивание,10.657818442683615,2.6484070928416474,2.6679532110861626,2.416352708862147,10.975697955857862,9.947803466424865,127.33333333333333
механические,8,эхо x2,10.817356455038814,2.4805694504259272,2.157081387170899,2.5785328633805547,11.452187098818753,10.255027413684479,104.0
механические,8,эхо x4,10.203874023960923,2.287991444673482,1.9749982475491528,2.345896290980622,10.67019431389002,10.069795918838675,76.33333333333333
механические,8,эхо на четверти,9.997015116622476,2.576095668030428,2.5843848250462855,2.5017197288275206,10.021373038999245,9.92970219357091,112.66666666666667
механические,8,словарь к 25,8.509668626021977,2.153954112401904,1.8393138595862393,2.30951914965683,8.876030468986501,8.239104680505037,74.0
механические,8,словарь к 60,9.069231682851765,2.8086699937290756,2.745099954383503,2.815029881904423,9.40402323541563,8.69388743632532,99.66666666666667
механические,8,все слова разные,10.293878936938851,3.636945436326815,3.695187711290533,2.958044839338408,10.142051229013084,11.265149027129176,164.33333333333334
механические,8,чужие хапаксы,9.49042485682275,3.3423975688842873,3.415325855364942,2.751196043456479,9.01771298298346,10.745516487083231,135.66666666666666
механические,8,хапаксы одного домена,10.010679118612442,2.8944903444056607,3.0875772053953994,2.3231914773732085,9.841960588883136,10.371439618565892,132.66666666666666
механические,8,20 чужих хапаксов,9.157026289084508,3.0494743628054355,3.1012815844198,2.813755908347387,8.830813890756266,9.751878605643034,130.33333333333334
механические,8,маркер каждые 3,9.867777294993614,3.0929299558430965,3.0308628332856067,3.174920581809191,10.014108525980909,9.495597728409955,112.0
механические,8,без пунктуации,10.470201878438274,2.8134526318550805,2.8320345827252393,2.763130199530616,10.443138936075739,10.528459156263315,127.0
механические,8,без служебных,9.205673620369167,3.614745229221102,3.8199006953290255,3.0356819786872804,9.013603922580776,9.660749018049442,131.66666666666666
механические,9,исходный,9.768505793870668,2.659089406816712,2.499652796849156,2.4327877214295066,10.442852026901617,8.402551646595937,96.66666666666667
механические,9,перемешивание,11.00770549702541,2.711466592252281,2.3322726273850747,2.8213734686852017,11.706743423275968,9.613137066995305,96.0
механические,9,эхо x2,10.199265191853776,2.3628525369166087,2.048454923098036,2.440974811597755,10.881363723599227,9.551318997534509,80.0
механические,9,эхо на четверти,9.966158226389696,2.6213035639273277,2.557269870996256,2.5271783347331205,10.406376948938373,9.338210061149999,84.33333333333333
механические,9,словарь к 25,8.10196433627717,2.836198604141143,2.6185449556579083,2.6408267218540082,9.252848841730101,7.125456271044379,61.0
механические,9,словарь к 60,9.042560005426305,2.7082857356882166,2.4987247742302263,2.4231012647531767,10.087664355931594,7.893690548865649,79.33333333333333
механические,9,все слова разные,10.827932386081613,3.0127222931180992,3.0348925954101134,2.7648882610097103,10.83631818432094,10.701397738246422,136.33333333333334
механические,9,чужие хапаксы,9.827778244428702,2.850601357346634,3.075511897486471,2.2415221597218493,9.879907348758652,9.746932643908925,97.0
механические,9,хапаксы одного домена,9.603303433413174,2.9981286084760383,3.200552966867256,2.47812512144626,9.571300116501245,9.712795567171424,94.33333333333333
механические,9,20 чужих хапаксов,9.811582791129196,2.789691160302547,2.885886769511916,2.350905911962178,10.079525639052296,9.143185296252952,95.33333333333333
механические,9,маркер каждые 3,10.451805446044991,2.588821146591154,2.5320958806248823,2.608227516478127,10.735594776954436,9.872694974040654,79.0
механические,9,без пунктуации,10.473725619041836,2.6268324799358407,2.5265491211730775,2.707808686917012,10.752746046928669,9.827164290002159,96.66666666666667
механические,9,без служебных,11.184594791907536,2.5461375253904968,2.2646935333866516,2.587424038724574,11.769609096461465,9.617617150235413,113.66666666666667
механические,10,исходный,10.398670767551613,2.964344328383984,2.9573964286827183,2.7727856963108373,10.613488088797475,9.540716083946846,134.33333333333334
механические,10,перемешивание,10.94036692104424,2.9921134517847947,3.0821986224855364,2.6188336689832963,10.966338689470996,10.853253902291561,137.66666666666666
механические,10,эхо x2,11.206049133426149,2.488786653241471,2.2981414037668086,2.5656156193553836,11.693457498927971,10.554644495553756,113.33333333333333
механические,10,эхо x4,11.02812197384707,2.2408449913886224,1.8481226944599822,2.3471901168502596,11.430930029744252,10.87899828546678,78.66666666666667
механические,10,эхо на четверти,10.65801036064414,2.8682649553039643,2.7838254681573495,3.0206852838721776,10.823480280890978,10.280734915511124,129.0
механические,10,словарь к 25,8.979256033368051,2.3485856905509483,2.2734996660332896,2.1301067894120447,9.693737794534368,8.193762568209278,65.66666666666667
механические,10,словарь к 60,9.4537198644622,2.490804680665424,2.5445898123210315,2.334260994853121,9.747193770113183,9.016370023667028,93.0
механические,10,все слова разные,9.661199303262423,3.4867127947235503,3.6491732970155275,2.389237856259181,9.506003732604057,10.424041617205098,145.33333333333334
механические,10,чужие хапаксы,9.179707471726696,3.328004711902532,3.472772396979314,2.6270415651365604,9.007470896244088,9.810330087376029,136.0
механические,10,хапаксы одного домена,8.77285490727101,3.4692540217182617,3.5730258243551583,2.7558650618511042,8.442118493814574,9.94342205111699,135.33333333333334
механические,10,20 чужих хапаксов,10.141249861233932,3.2143170071729465,3.336962263053002,2.4953730538850745,10.341012317808476,9.37916585460684,140.0
механические,10,маркер каждые 3,10.357435817936022,2.862931589354702,2.9286245888696185,2.4986829175934537,10.417944179440761,10.125099713485868,115.66666666666667
механические,10,без пунктуации,11.235559133598608,2.8717254595472,2.918727669368088,2.5602743731229807,11.313691453366317,10.889349266659556,141.0
механические,10,без служебных,9.996404606106688,3.3584963300187973,3.391183485578077,3.1974360283084464,10.05282369069784,9.757515554227174,141.0
механические,11,исходный,9.975952233904575,2.8458063871447763,2.8488437378562534,2.8205393343631955,10.073149262122362,9.755449569569329,121.0
механические,11,перемешивание,10.55159069825258,2.914426146318627,2.9847811151805477,2.606524118875434,10.755933313699543,10.080908393715356,121.66666666666667
механические,11,эхо x2,10.996015150756769,2.4660704880171114,2.3253874584529384,2.3495777598554453,11.664581063743448,10.0998656095683,101.33333333333333
механические,11,эхо x4,11.16049180029352,2.1559399348072605,1.7635752973968148,2.2496183024357466,11.886879241590153,10.732161014413412,75.33333333333333
механические,11,эхо на четверти,10.737193118501404,2.518770496653206,2.4659683469909734,2.474579829222542,11.06636757443001,10.167709971295636,107.0
механические,11,словарь к 25,8.753385009731138,2.5142148215431015,2.180497873436804,2.629747368900748,9.317528489571158,8.310856743640228,66.0
механические,11,словарь к 60,9.363247616745824,2.779104556277106,2.6773120214812085,2.7842468735500674,9.824973256775316,8.882526685410776,86.66666666666667
механические,11,все слова разные,9.508900759818816,3.2385964928918374,3.27461578789333,2.7317374042511156,9.348065437963172,10.448913877816983,138.33333333333334
механические,11,чужие хапаксы,9.221001306232766,3.751986843901958,3.858033233255378,3.286641260329027,8.812550978840727,10.161719000061154,120.0
механические,11,хапаксы одного домена,8.616649380065596,3.635268037455964,3.622256102959551,3.384326801702706,8.154154991643184,9.562551003535907,117.0
механические,11,20 чужих хапаксов,9.798393468019958,2.9963169954397575,3.117201321455079,2.6762374080796807,9.765095793571225,9.89061812956499,118.66666666666667
механические,11,маркер каждые 3,10.44337393776266,2.63772538903835,2.581418805937498,2.7267075513575576,10.610403877443234,10.008739288852366,97.0
механические,11,без пунктуации,11.414856072308927,2.487356092986523,2.4560279745556772,2.5128389319215265,11.502348207623369,11.16928574097441,117.66666666666667
механические,11,без служебных,9.497586959091445,3.4672221226966546,3.54371710221017,3.241232459502425,9.415088562128835,9.733524282003948,132.0
механические,12,исходный,10.691127518141386,2.6846347208776753,2.4730821638127463,2.691836218675704,11.184792273212219,9.372723485432418,118.66666666666667
механические,12,перемешивание,11.079432901225518,2.616760918443504,2.4088509548349584,2.6438458329752215,11.612526454906336,9.891257016686346,109.66666666666667
механические,12,эхо x2,10.726294464819054,2.8457243253549227,2.6093951479972675,2.784955641066157,11.485441922580833,9.615036885453316,100.66666666666667
механические,12,эхо x4,10.765555734533846,2.2945567426778277,1.8481390130838047,2.3600943440800655,11.427651074743304,10.562239496008685,69.33333333333333
механические,12,эхо на четверти,11.04606060902889,2.6623255770505962,2.5526783339011416,2.681843219684288,11.48079751034532,10.232116673725525,110.33333333333333
механические,12,словарь к 25,9.227713133755927,2.8469557680350603,2.4226331627562137,2.7831151911188807,10.389032098230102,8.226447914570286,74.33333333333333
механические,12,словарь к 60,9.641895970498084,2.7966464816124366,2.3833972950792823,2.878741157377208,10.534880150546726,8.574917815315265,91.66666666666667
механические,12,все слова разные,9.681258276841733,3.9370026978645893,3.9660806226554652,3.4463700891144966,9.424630973561177,11.033557028294188,142.66666666666666
механические,12,чужие хапаксы,8.667004292480405,3.7600569764162834,3.9441126050907322,2.8688304363995756,8.20224213099677,9.899795268852907,120.0
механические,12,хапаксы одного домена,9.441426498329195,3.6031155403962596,3.7519123923225517,3.0058728143951807,9.118917389422604,10.296188384316439,121.0
механические,12,20 чужих хапаксов,10.414711341244358,2.9092799717774356,2.927952813802444,2.550101373588094,10.847615578470267,9.334331759934603,119.66666666666667
механические,12,маркер каждые 3,10.908351362564188,2.534372309433033,2.5042506041252617,2.230588786809253,11.300911794102205,9.743607852328969,99.66666666666667
механические,12,без пунктуации,10.666678111531025,2.6875667414156177,2.5514814099813496,2.5613636937664697,11.158302643004184,9.463970795934992,114.66666666666667
механические,12,без служебных,10.029921836167404,2.909984613961407,2.981280450731982,2.411116521812216,10.318546040839069,9.142303904524343,117.0
механические,13,исходный,10.149112905005692,2.8820389913998206,2.85164251277747,2.5014785301331566,10.572936793353266,8.773625248130294,131.0
механические,13,перемешивание,10.510532631510987,2.634122598727516,2.651324111006082,2.429601714158141,10.747686035938436,9.834304665679186,122.33333333333333
механические,13,эхо x2,11.172490765621106,2.525812483892949,2.258119380657815,2.327944204130518,11.89427627550011,9.543296491899065,119.66666666666667
механические,13,эхо x4,11.382016647387701,2.546490743373314,2.1287656078605504,2.6676915896336246,12.144512256057618,10.539635838224415,105.33333333333333
механические,13,эхо на четверти,10.522100262057398,2.6883757653234084,2.613982247656075,2.3918933358508547,10.977943639556534,9.220001114696128,125.0
механические,13,словарь к 25,8.140229232233471,2.9520496345562246,2.905050798881746,2.8534701900224504,8.755617845966324,7.590339936547299,71.33333333333333
механические,13,словарь к 60,8.991975042519806,2.747268577719247,2.605921316773079,2.6593615431052506,9.576520622770476,8.009843169892983,94.0
механические,13,все слова разные,7.80166913882568,4.025908237319997,4.101081402752118,3.5066764371521866,7.656618224130952,8.496249680006597,135.66666666666666
механические,13,чужие хапаксы,8.136809608562428,3.6749083077191087,3.8438828928774935,2.9320515466254378,8.056987490271757,8.391939399470553,130.33333333333334
механические,13,хапаксы одного домена,8.440197504520627,3.6527463186278113,3.8035240737360536,2.9742395995455877,8.39315618355508,8.524491509284292,129.33333333333334
механические,13,20 чужих хапаксов,9.553027504712484,2.9326343755302187,2.9979909004326744,2.4437169276248163,9.81434059290787,8.6446897927166,131.33333333333334
механические,13,маркер каждые 3,9.922548771066749,2.81208120318839,2.8743375617616045,2.454583776907532,9.91563264401241,9.964448138733392,107.0
механические,13,без пунктуации,11.54856560194385,2.543545072094462,2.4348110827632605,2.575774589541093,11.878673612218774,10.444008291861236,136.33333333333334
механические,13,без служебных,9.364250314367093,3.24110753478951,3.177406550340908,3.3741993526358827,9.554736269490979,8.596665463602175,141.33333333333334
механические,14,исходный,10.705403395901337,3.0672809663267073,2.8315660635205284,2.994610693421888,11.258703458530022,8.539429439960957,132.66666666666666
механические,14,перемешивание,10.54055751503816,3.040171783237513,3.09485101744637,2.6847180425899335,10.47647014065221,10.86017600105007,132.66666666666666
механические,14,эхо x2,10.496292871729288,2.8360141294928263,2.513141505295062,3.0620388870086845,11.063923359018586,9.796497572038836,110.66666666666667
механические,14,эхо x4,10.138901564184202,2.798691787273579,2.411178733899446,2.868302237123153,10.987366276752033,9.639385275990236,81.66666666666667
механические,14,эхо на четверти,10.164858899036636,3.1378253683569297,2.940553030362972,3.1638326086684763,10.694403332908719,8.927899103683187,120.33333333333333
механические,14,словарь к 25,8.322396227519802,2.7519987065284224,2.7663561351401724,2.486595009009742,9.13351504899999,7.531732556527714,68.0
механические,14,словарь к 60,9.287607850456322,2.85210673563599,2.579094043837381,2.7868399736731604,10.174924448230648,8.18014053034714,86.0
механические,14,все слова разные,9.136344441884539,3.7484838774090554,3.7352902462578528,3.468715404131565,8.921420050212042,10.527538728150182,148.66666666666666
механические,14,чужие хапаксы,8.694705613573447,3.5661738310412168,3.6299782017700655,3.2824645137481614,8.637652527176447,8.912788383953647,132.0
механические,14,хапаксы одного домена,8.25462193104511,3.9446582198058984,4.089504043270914,3.337772512230574,8.063321054960664,8.887798418289742,130.33333333333334
механические,14,20 чужих хапаксов,9.554070149801257,3.110628138866813,3.0140556605738644,2.879841012722905,10.040088677712857,8.13503222341099,127.0
механические,14,маркер каждые 3,10.924927496745882,2.7523723132984776,2.716864456401854,2.471548365866381,11.281725646726747,9.800325219572501,108.0
механические,14,без пунктуации,11.776493979667583,2.6020214240651742,2.4655126208535605,2.3958808063348207,12.227606038790235,10.234464853360874,133.33333333333334
механические,14,без служебных,9.82046006211346,3.2793693077050388,3.2962715525983826,2.577943153929166,10.225011040365066,8.163248691942316,136.33333333333334
механические,15,исходный,10.362271149491868,3.09890736680658,3.1405448191826957,2.6893831767988274,10.699999206219937,9.394449079734146,139.66666666666666
механические,15,перемешивание,10.395910223356948,3.0665055075309717,2.996948037103514,2.7969639772254933,10.84910082759628,9.002047447972286,138.66666666666666
механические,15,эхо x2,10.51172843960637,2.921241877209082,2.9566892825226003,2.821908919149458,10.650221291581103,10.336788853324535,118.0
механические,15,эхо x4,10.343052572068158,2.3133822099688417,1.9327644431962412,2.3367390461549316,11.150096311991353,10.178899874095652,67.33333333333333
механические,15,эхо на четверти,10.599897814941594,3.0376352729529574,3.0467158533198457,2.826564961177107,10.934813748600943,9.93395256339817,129.0
механические,15,словарь к 25,9.364207153481413,2.6317635994672126,2.3833939906222223,2.4556717313513907,10.285522082516081,8.246889083998262,76.0
механические,15,словарь к 60,9.739770710689418,2.85174439259874,2.752420907591068,2.8054425772950324,10.226881045165904,9.032053010775838,98.66666666666667
механические,15,все слова разные,10.724812962627347,3.2373583536933865,3.2809697740119628,2.8611776387559633,10.715887674384888,10.837031403823607,161.66666666666666
механические,15,чужие хапаксы,9.812280683670048,3.4756473397955383,3.65551932130553,2.787158513446267,9.839647612774927,9.73619336450169,140.33333333333334
механические,15,хапаксы одного домена,9.67614832893171,3.6573824595988342,3.902166724048391,2.5730337931719593,9.668033408084817,9.741986373523604,141.0
механические,15,20 чужих хапаксов,10.15607611422919,3.3435055877800934,3.439381151069922,2.7940662160527334,10.352927394493994,9.374399912676632,144.66666666666666
механические,15,маркер каждые 3,10.858835219200204,2.6152465797280144,2.5490823353388357,2.664712282077,11.087560450508718,10.179049721994021,111.66666666666667
механические,15,без пунктуации,11.120926569575056,3.0125079240434722,2.896718424686286,2.738362649502163,11.67237252561695,9.505037435013369,137.33333333333334
механические,15,без служебных,10.29274210960287,3.210069545627072,3.256719563059329,2.7245144826240786,10.594360029143186,9.236980250330413,148.0
механические,16,исходный,11.207677490639051,2.8123975174148423,2.7938564633425678,2.440230920088459,11.584007182123079,9.920005830287336,131.0
механические,16,перемешивание,11.694040152732248,2.6891114963588945,2.664930812726489,2.7362962464218827,11.813309839904434,11.264054332795261,136.0
механические,16,эхо x2,11.987274688045908,2.1842240202568477,1.9277911390477473,2.3915508994845283,12.354603888027428,11.496267656280153,110.66666666666667
механические,16,эхо x4,11.269651824610369,2.0693847550574795,1.6258018645523362,2.1519488837705714,11.738541503885806,11.1240439131065,74.0
механические,16,эхо на четверти,10.850904167104915,2.837682657666177,2.868369296225246,2.635873059662248,10.983003772045315,10.477185954165032,130.33333333333334
механические,16,словарь к 25,9.746320395774168,2.585865999114628,2.3944989985529475,2.5379892622824625,10.374344554938844,8.73103813347067,76.33333333333333
механические,16,словарь к 60,10.53290229204684,2.658393157682997,2.457568354521934,2.6309971904918767,11.159891704332956,9.38118081687266,98.33333333333333
механические,16,все слова разные,11.031534608036411,3.0171947408776565,3.1016616563313164,2.309902326389058,11.07696294673218,10.739151788063088,141.66666666666666
механические,16,чужие хапаксы,10.377668887853341,3.1841024998182306,3.246522133324961,2.7494000002486296,10.35158628308279,10.59874743295452,138.66666666666666
механические,16,хапаксы одного домена,10.17998512229408,3.12481932545751,3.1114017308850976,3.1555178242492303,10.208922077293602,10.079716295569623,133.66666666666666
механические,16,20 чужих хапаксов,10.872400716648215,2.9075420059832666,2.9774071665330637,2.4390197955957205,11.023552047730567,10.28699774680164,136.33333333333334
механические,16,маркер каждые 3,12.174194050545433,2.337934084098976,2.2668367258341697,2.591876982040773,12.261317600688182,11.79296355501461,112.66666666666667
механические,16,без пунктуации,12.187848850739329,2.556743152918717,2.5795639353251976,2.3056178324772385,12.342860606364843,11.68290193771722,139.33333333333334
механические,16,без служебных,10.750312733596543,3.212218534982757,3.2555903697628756,2.8414672007474358,10.936614598441773,9.846516112719575,146.66666666666666
механические,17,исходный,10.190513125664495,2.8996811650899192,2.8639256851102926,2.749220758330552,10.548109306039754,9.273714918878094,121.33333333333333
механические,17,перемешивание,10.420424125301507,3.252748843263136,3.257882171370389,3.2065930776188214,10.514720557078443,10.138474082985555,124.66666666666667
механические,17,эхо x2,10.897416384579977,2.634997396901443,2.1993240581330764,2.8248303159978794,11.53604820038045,10.368512756822417,99.66666666666667
механические,17,эхо x4,11.210248813992981,2.0446025677707147,1.5957220583823652,2.114651136414904,11.884479446333762,11.019388628017765,73.33333333333333
механические,17,эхо на четверти,10.396871927363224,2.8202849923510427,2.8045353758891096,2.699256442743869,10.758736029812924,9.616902602621227,114.33333333333333
механические,17,словарь к 25,9.165451578126119,2.881675323937546,2.2494600766496053,2.971799954696653,10.310704162326827,8.06144011554596,71.0
механические,17,словарь к 60,9.221902962598646,3.2622738359690495,3.2579151121118133,2.6559664054855396,10.248110694883723,7.807031959479612,92.0
механические,17,все слова разные,8.764318679046996,3.9219934315165736,3.9470476405614576,3.1949391054082454,8.400678612651484,10.575242144413538,133.66666666666666
механические,17,чужие хапаксы,9.097091952155873,3.935893784121228,3.9816628880023885,3.462247682020204,8.742938847805211,10.36696080586873,134.33333333333334
механические,17,хапаксы одного домена,9.59943495642626,3.4977455502388306,3.621205850125729,3.08113232467802,9.508792181602908,9.88717260299912,123.33333333333333
механические,17,20 чужих хапаксов,9.999181830902971,3.220847954427617,3.322992872072438,2.870717302472609,10.069848189655204,9.774417201172069,124.33333333333333
механические,17,маркер каждые 3,10.381232160691662,2.6947125757472397,2.756747539654619,2.3871577226861933,10.490496190152983,10.028635999855192,99.33333333333333
механические,17,без пунктуации,11.924971346714882,2.5054994642010064,2.39337506850926,2.4553718869958496,12.309740406169945,10.743610294134628,134.33333333333334
механические,17,без служебных,10.162215711408978,3.170197565529444,3.1872008725097203,3.0355730158601175,10.303844471869915,9.715839496047368,135.33333333333334
механические,18,исходный,10.453414780258786,3.00026466038398,2.967214355995509,2.681236954710658,10.963226884151089,9.183296195506353,130.0
механические,18,перемешивание,10.435157583975288,2.8472071339500626,2.772623856482406,3.012488038009765,10.487239267365494,10.333116639755444,130.0
механические,18,эхо x2,10.207794441753627,2.7318060914021274,2.5621447813887834,2.797852469291866,10.703496727091833,9.717455329663684,97.0
механические,18,эхо x4,10.014930846392565,2.0974067473468323,1.9120190873727705,2.041398931638819,11.085366882093469,9.751341295148054,65.33333333333333
механические,18,эхо на четверти,10.07507908260416,2.601014016198607,2.592061677511698,2.425477930065396,10.501519654078892,9.340046035575686,109.33333333333333
механические,18,словарь к 25,9.744291897382938,2.420587984498171,2.3201680658406683,2.26263044783516,10.402071053408267,8.966606644025132,75.0
механические,18,словарь к 60,10.025875393570452,2.7027884732309815,2.7143388158047244,2.383275007958895,10.597482495026222,9.070938211571885,94.33333333333333
механические,18,все слова разные,9.916507653920041,3.1316045425026893,3.199646675102192,2.595202531121171,9.795576945618846,10.588724602742642,142.66666666666666
механические,18,чужие хапаксы,9.249301738891578,3.4091772887504708,3.5324997328333807,2.9227074627160246,9.04501850246706,9.827636416720155,130.0
механические,18,хапаксы одного домена,10.09567000930444,3.3109476183204376,3.493439427211667,2.6073178050345898,9.977718097399995,10.454726410764913,133.66666666666666
механические,18,20 чужих хапаксов,10.213252684429307,2.922560113490526,2.8923472882811776,2.6013987889477406,10.673660998617022,8.952427013083941,125.66666666666667
механические,18,маркер каждые 3,10.441180380242157,2.3796173978307724,2.230927645793875,2.1635109660920957,11.023491039022353,9.131757541075325,99.33333333333333
механические,18,без пунктуации,11.469711520595702,2.7642888280867015,2.7165329572479244,2.432792786414097,11.97565358301855,10.192384400948397,128.33333333333334
механические,18,без служебных,10.115572260813728,3.0343219490767197,3.0443896413086136,2.738435459527505,10.397686263283903,9.084179402727713,143.0
механические,19,исходный,10.316403479549473,2.8486308220261862,2.785338823701649,2.9039507756471603,10.544831773777487,9.716860177118969,117.66666666666667
механические,19,перемешивание,10.913899687751831,2.5873682438410484,2.463729339994929,2.756598761951224,11.17124503158733,10.199237395403104,119.33333333333333
механические,19,эхо x2,10.14373506473615,2.5606541282032214,2.5088748978488766,2.5684653176369583,10.496054549264928,9.861796852408114,86.66666666666667
механические,19,эхо на четверти,10.086361902748205,2.9498497603851654,2.8743367822097468,3.029908237938727,10.2091316536403,9.873307127456068,107.33333333333333
механические,19,словарь к 25,9.096980794141112,2.5785226850584007,2.2164753613507693,2.5012385699937507,10.06995694296395,8.13958963840532,72.66666666666667
механические,19,словарь к 60,9.25915393822458,3.0553296341298846,2.8454567327522926,3.1671776001788015,9.700529295364865,8.466161235831075,100.0
механические,19,все слова разные,9.97849232390251,3.3690870321205693,3.3759259180401293,3.1812987743752323,9.837120341702303,10.757563369765236,140.0
механические,19,чужие хапаксы,9.142678171103022,3.5721190870187116,3.704614598817951,3.0025834949322388,8.777509083677998,10.079392178320692,115.0
механические,19,хапаксы одного домена,8.810391259110022,3.839431089116235,3.9271404715836744,3.371139770680852,8.41255807124278,9.842207832163789,115.66666666666667
механические,19,20 чужих хапаксов,10.253122274398573,3.0165991114765944,3.0489673017824805,2.900220408967723,10.34015581411275,9.966240046631203,117.33333333333333
механические,19,маркер каждые 3,10.722774764901354,2.660255895823127,2.6486357705797534,2.661581831256711,10.817753596182802,10.500230891557905,94.33333333333333
механические,19,без пунктуации,11.759315987819724,2.462517014218014,2.452043597629153,2.2573670770054126,12.051583937063015,10.901819017883815,126.33333333333333
механические,19,без служебных,9.456973354460152,3.303135004046682,3.33631367856562,3.116807045590644,9.542248793169234,9.185568956395477,125.0
механические,20,исходный,9.7213601496627,2.9282220579833833,2.9388007411608714,2.401647248071681,10.289664470818733,8.433880668285438,111.0
механические,20,перемешивание,9.49150056604832,2.768486770376434,2.8359957402393072,2.550873289412689,9.749780669071994,8.994889954481062,109.33333333333333
механические,20,эхо x2,9.827303720281058,2.4896902702699744,1.9115699515311784,2.622119539369353,10.734816376182096,9.235261806245488,83.33333333333333
механические,20,эхо на четверти,9.640319116463997,2.5755064474934706,2.409745765179037,2.598675928951652,10.175151017173997,8.897348804448006,96.66666666666667
механические,20,словарь к 25,8.555320247300877,2.468426335062486,1.8826878921453796,2.394405179689573,9.955378238031036,7.733345539909326,61.0
механические,20,словарь к 60,8.941823427063655,2.63859905391405,2.434583221862184,2.456447988970552,9.821191503338724,7.873595356647756,87.33333333333333
механические,20,все слова разные,10.246625488907599,3.218693778260725,3.22579624670619,2.9253067659432097,10.087291379900762,11.342587643072354,142.33333333333334
механические,20,чужие хапаксы,9.419618206461024,3.269766246826378,3.3727202418376785,2.8795589151875975,9.153289415216134,10.095442858607433,111.0
механические,20,хапаксы одного домена,8.730588951547153,3.2819545292526233,3.4899343992120238,2.714524928008956,8.573413847495894,9.073334658171257,111.66666666666667
механические,20,20 чужих хапаксов,9.802359634812747,2.82332535747169,2.7516156220577996,2.7966084735946417,10.123259957517321,8.945474829881578,114.33333333333333
механические,20,маркер каждые 3,9.886868110211557,2.642892187656362,2.617896913299093,2.542397301515896,10.136111630484145,9.18552807961813,97.33333333333333
механические,20,без пунктуации,10.899748510753843,2.5005569566926606,2.3803826541597313,2.482368921715638,11.335866069985054,9.985099588844458,109.33333333333333
механические,20,без служебных,8.941164596819531,3.0240926875886713,2.9849409627553314,3.024544522601777,9.173484383946027,8.32062578521971,122.0
механические,21,исходный,10.746196037008312,2.7925237431883603,2.6134839130642145,2.836934310969036,11.221987547836639,9.413821320563896,130.66666666666666
механические,21,перемешивание,10.431972180763685,2.81611888262278,3.0022250253458673,2.14957737900652,10.396877722045465,10.515974036119863,134.0
механические,21,эхо x2,10.343899525157438,2.7220722386034026,2.4644959269000846,2.8437419265747654,10.839714731093267,9.871001481475348,105.33333333333333
механические,21,эхо x4,10.269987987816437,2.1967090631614314,2.0128082950054305,2.245100706277007,10.40426177291902,10.228941363957043,76.0
механические,21,эхо на четверти,11.022467709850295,2.729458989217434,2.6244819033878675,2.7555089647728916,11.41123657930732,10.308527093336325,118.66666666666667
механические,21,словарь к 25,8.705535387514363,2.732434934049112,2.5609390570875457,2.5700318950252403,9.515165330716439,7.725772864908188,86.33333333333333
механические,21,словарь к 60,9.621924106603908,2.8039408380367035,2.5887021351622015,2.7485120166640034,10.293886543949604,8.380526617707766,105.66666666666667
механические,21,все слова разные,9.606722489336597,3.6122055737231165,3.613623828518462,2.620979497662819,9.188910130734646,11.858051311679754,150.66666666666666
механические,21,чужие хапаксы,9.402067205891989,3.507179437269693,3.657415305214105,2.6037273649996417,9.026397899375057,10.601191014464048,135.33333333333334
механические,21,хапаксы одного домена,9.406537065137707,3.4540403596518465,3.634549525279748,2.5429443961451486,9.215440461428983,10.038791987705979,141.33333333333334
механические,21,20 чужих хапаксов,10.285975560158333,2.9635744502138976,2.9212377283438493,2.912958261961059,10.564480317817768,9.604750914155359,134.0
механические,21,маркер каждые 3,10.895272246013327,2.4370058811866477,2.3955031521336956,2.3001218617747536,11.202355084205566,9.942118790890119,109.33333333333333
механические,21,без пунктуации,11.499466427162963,2.6818736794121243,2.7120797249246866,2.4626973988626273,11.720526081143467,10.837927210587877,130.0
механические,21,без служебных,10.281598916349294,3.009381619042983,3.0615249503459445,2.663198563224185,10.425459438005234,9.65918905577165,146.66666666666666
механические,22,исходный,10.156912882630698,2.8557837021625403,2.823776746584716,2.204301481551228,11.00355055588239,8.700683003478595,102.33333333333333
механические,22,перемешивание,10.349189821638722,2.9426162560153415,3.0336106904084628,2.5514428307655046,10.842219886154739,9.556076944282315,101.0
механические,22,эхо x2,10.223994587785006,2.8082451666588533,2.62778776315383,2.6284990228035223,11.173897692742571,9.183481491847823,89.33333333333333
механические,22,эхо x4,10.423835124719828,2.3951962969902687,2.0148322352211494,2.4024255540987,11.406985659050633,9.934044047324187,74.33333333333333
механические,22,эхо на четверти,10.326109094803535,2.7663117941548734,2.5692819849841517,2.6305922435088664,11.251168262256193,9.332353202798698,98.0
механические,22,словарь к 60,9.584741980795108,2.4438906640430784,2.457727343056463,2.067183430622111,10.522372236912444,8.734232445820306,79.0
механические,22,все слова разные,11.319009639828986,2.8343257828236736,2.8357134743366323,2.726631310975936,11.420639820640707,10.624246091769066,140.0
механические,22,чужие хапаксы,9.529211511346707,2.9865838091775596,3.1799576567970917,2.5326943396902215,9.436084393651464,9.66897923306004,104.66666666666667
механические,22,хапаксы одного домена,9.367982234274022,3.054453363937853,3.225753326725936,2.652425909850044,9.3235711526241,9.4684867764822,104.0
механические,22,20 чужих хапаксов,10.21776774506061,2.706619422985703,2.604812430280074,2.2846256980180244,10.99773090670729,8.91522518778673,100.33333333333333
механические,22,маркер каждые 3,10.579958755286297,2.4795788403084784,2.1687620554227975,2.749590762500084,11.012867647771854,9.93947612707001,83.66666666666667
механические,22,без пунктуации,11.348823556829691,2.359662730151904,2.0475147076149196,2.391456741776772,12.054500266215555,10.298544678574004,102.33333333333333
механические,22,без служебных,10.218185255328407,2.8790638380679923,2.7125187086346156,2.7846122766004022,10.899455003895987,9.10052108064977,107.0
механические,23,исходный,10.478874509879732,3.0073177494662517,2.7938089675672924,2.8182334704633116,11.126986651315605,8.687785540328148,122.66666666666667
механические,23,перемешивание,10.480142810110882,2.932168584785843,3.0116175458846466,2.5794695047636913,10.68539051328189,9.942799282177674,127.66666666666667
механические,23,эхо x2,10.93624295232027,2.8360845352224544,2.5108596081959007,3.0869712673896554,11.42789603968645,10.2804450498016,105.66666666666667
механические,23,эхо x4,10.743129489724488,2.298635609009086,2.000515944854623,2.431520415888448,10.942822543187683,10.633135981554146,78.0
механические,23,эхо на четверти,11.099344007872979,2.8772156100346993,2.716822408158505,2.849090464604393,11.630314486993896,9.923475509723822,115.66666666666667
механические,23,словарь к 25,8.569132429296396,2.8272797420845457,2.4961768712017816,2.8283523521313794,9.51197377068337,7.691826705204298,65.33333333333333
механические,23,словарь к 60,9.191771927070752,2.8788179660531035,2.6170715562228977,2.8129470517289668,10.083036687758142,8.242868381940989,84.0
механические,23,все слова разные,10.622187745311505,3.403657129589057,3.4408688882206917,2.665997042726298,10.447970715484237,11.95850163129713,158.0
механические,23,чужие хапаксы,9.025135322126582,3.291575242940612,3.2731310756838248,3.300746428587549,9.119148423311602,8.76367488308628,129.33333333333334
механические,23,хапаксы одного домена,8.973461420724078,3.7080830934172773,3.8234743345806237,3.2869010705194746,8.808100748099442,9.43485857737573,129.33333333333334
механические,23,20 чужих хапаксов,9.71784984841735,3.1474035323689535,3.186403881719636,2.874955434554579,9.908877419207597,9.188756298149835,128.33333333333334
механические,23,маркер каждые 3,10.982125249441,2.852717295044677,2.7325389126808637,2.8404187165243795,11.370150506610974,9.813662659584539,104.66666666666667
механические,23,без пунктуации,11.612774325388976,2.7164229167366947,2.5442784383907795,2.6941317459464447,12.106363592613556,10.333665472831948,128.33333333333334
механические,23,без служебных,9.77941337867378,3.2813525199924256,3.189625104888863,3.276717902167235,10.154643251604389,8.606566221338587,134.33333333333334
механические,24,исходный,10.074874576761584,3.0922588676971756,3.1347534385045024,2.8268281341567043,10.376665230217649,9.320038686387354,125.33333333333333
механические,24,перемешивание,10.17450354556749,3.0643092197766166,3.078960041330054,2.932655054045479,10.316455349021973,9.775655638399636,130.0
механические,24,эхо x2,10.179036843433254,2.8834293456207774,2.8019012669031818,2.822471257323906,10.722081584579064,9.478016925531461,109.33333333333333
механические,24,эхо x4,10.63197675861707,2.4453102601583336,1.911165541378094,2.5360425464808434,11.476443142266936,10.213679343220745,83.0
механические,24,эхо на четверти,10.41546496539032,2.816169485806315,2.6754450960550247,2.7816899254873433,10.877002580316372,9.449595656541717,121.66666666666667
механические,24,словарь к 25,8.380185560114327,2.8337060000927123,2.6136587148106702,2.599431104818807,9.37620559694663,7.288448950770338,83.0
механические,24,словарь к 60,9.782911065342136,2.631890683740056,2.4196395671306394,2.334931254977173,10.650664483656453,8.399110748492923,104.33333333333333
механические,24,все слова разные,8.827116881718181,3.835535017841315,3.9484315345062115,2.537136420795335,8.524234260119641,10.4491614332046,143.66666666666666
механические,24,чужие хапаксы,8.848152341165294,3.708488459289505,3.943446016230018,2.696575387528657,8.537832635517894,9.738060348690466,128.66666666666666
механические,24,хапаксы одного домена,9.119356201171103,3.6185792500112144,3.844337045467814,2.7834353748453604,8.836515242669456,9.865906039796421,129.66666666666666
механические,24,20 чужих хапаксов,9.671380433340081,3.0343935799555335,3.240787203265761,2.512523872279203,9.857618853205478,9.321850564616309,121.33333333333333
механические,24,маркер каждые 3,10.313920781481455,2.7992351045397172,2.8312647302738454,2.607964211831312,10.388682918496633,10.11916881422853,111.33333333333333
механические,24,без пунктуации,10.859977972568943,2.4591133275774193,2.448182003479225,2.2178573940808026,11.205688750981535,10.003563875882643,122.33333333333333
механические,24,без служебных,9.728527786799463,3.2264566978321043,3.3202024803375685,2.743702066340751,9.993823792747598,8.98553949232121,135.66666666666666
механические,25,исходный,9.636669797458188,2.681505474670233,2.560944753842259,2.272503150758022,10.382988695959401,8.197914491708007,96.66666666666667
механические,25,перемешивание,10.525633410167513,2.778042139087498,2.7174445426756493,2.704870336980939,10.937037607879786,9.707998779504342,101.0
механические,25,эхо x2,10.937455852223856,2.379354245136304,2.0149825556810184,2.506389730565408,11.60587040271613,10.381296663879622,77.66666666666667
механические,25,эхо на четверти,10.1666524472029,2.6703375016679036,2.3518784041484664,2.661721192010192,11.004498025963374,9.1972624946236,95.66666666666667
механические,25,словарь к 25,7.711482559649148,2.7986500702692862,2.742555849775701,2.574260633192348,8.683741351592198,6.893406297908689,70.33333333333333
механические,25,словарь к 60,9.629516044000946,2.6210264056201975,2.40809632512422,2.4875336539463295,10.38272991112155,8.432333829676535,91.0
механические,25,все слова разные,8.927477964685435,3.4065468563059844,3.465340087625466,2.8218764891098593,8.737387512200927,9.986434475231476,139.0
механические,25,чужие хапаксы,8.781323456511489,3.0591668654593813,3.271457267643173,2.471107332297486,8.750289287215777,8.844842621146348,103.0
механические,25,хапаксы одного домена,8.105093386693957,3.3654325640876106,3.7961553340987195,2.2228701585600112,7.7913460838186355,8.669549913881168,103.0
механические,25,20 чужих хапаксов,9.964230978456563,2.7607965487633943,2.696619124483098,2.5075297783456505,10.519496076012162,8.830252713059261,105.33333333333333
механические,25,маркер каждые 3,10.066450974337043,2.339263124735817,2.3178264290051938,2.025061321127892,10.611654710767352,9.057739339182364,87.33333333333333
механические,25,без пунктуации,11.292842514490749,2.204379195889363,1.9927738765428582,2.1057052073715385,11.892245680100189,10.107227349456961,96.66666666666667
механические,25,без служебных,8.957662760458513,3.0297543733468237,2.974816794934697,2.8662781125330477,9.437838315392257,7.942498084391365,109.0
механические,26,исходный,10.864086030666265,2.5624603480719355,2.2596908980410304,2.4715003686590924,11.604833024450414,9.354758922025013,114.66666666666667
механические,26,перемешивание,10.758663131862733,2.6053800245609637,2.6577509785575164,2.4526068253372544,10.745224955729938,10.792236528889482,111.66666666666667
механические,26,эхо x2,10.921167985219808,2.3640344865556133,1.9835534356957858,2.4596457709301496,11.68506365838279,10.10089322703257,88.0
механические,26,эхо на четверти,10.755384822490766,2.5437172955779017,2.047236840533173,2.7240288410684683,11.556213859939371,9.736820897860696,95.0
механические,26,словарь к 25,9.225159687624572,2.3184306876117784,2.1537059607754916,2.2466347692299338,10.00652627039371,8.579120953406623,73.33333333333333
механические,26,словарь к 60,10.49212957102226,2.3192598190883165,2.132957883259447,2.278859096413591,11.10428229047641,9.735875829562525,94.0
механические,26,все слова разные,9.66088341127915,3.694955850479989,3.7248710919204715,2.1564812349569626,9.23926785321541,12.229598720855137,148.33333333333334
механические,26,чужие хапаксы,9.946964966173985,3.164969709477289,3.4314844425919246,2.130202418883705,9.58379018954311,10.837306897584481,118.66666666666667
механические,26,хапаксы одного домена,10.127198019176939,2.7713134294865793,3.052083609875705,2.06537699890131,10.036817333393188,10.318358906158117,109.33333333333333
механические,26,20 чужих хапаксов,10.74985358732856,2.4640860187799567,2.253199770383362,2.39692241831814,11.354826077007475,9.535107603052921,112.33333333333333
механические,26,маркер каждые 3,10.71203412977116,2.3291252934220097,2.1065538821156964,2.2667173202362574,11.299950066153146,9.499806997256007,92.33333333333333
механические,26,без пунктуации,11.33922228110544,2.2757212357735686,2.24472863786156,2.241844665312307,11.55952882557119,10.877445968131942,111.33333333333333
механические,26,без служебных,10.168486784928637,2.7769181113575954,2.84927717758891,2.570274341122454,10.229740995410511,10.010729334432312,118.66666666666667
механические,27,исходный,10.56160708636406,3.162193214792039,3.0076683223435445,2.7271273101205193,11.165125278578293,8.436642504137568,130.0
механические,27,перемешивание,10.783824610559412,3.0063012503733346,3.0635450975574643,2.655253942245359,11.02426338358947,10.018679783561051,130.0
механические,27,эхо x2,11.832209653819453,2.408758680264401,1.9220224007012725,2.4307838456401387,12.650932587722545,10.232848515739049,119.0
механические,27,эхо x4,11.114825198469035,2.518030907479602,1.7404644337533552,2.721075099252129,12.037884191192356,10.564677176488901,82.0
механические,27,эхо на четверти,11.123626562940531,2.9453709008298623,2.7961466825580974,2.78179669185338,11.639306318179258,9.777667750342204,126.0
механические,27,словарь к 25,8.095831978429038,2.6905194828891683,2.6656103807152496,2.4294642592747806,8.822054183420548,7.312225564329002,71.0
механические,27,словарь к 60,8.847122767191886,2.9104684595706516,2.840023581879349,2.134509574841626,10.08537349373423,7.336198660957663,86.0
механические,27,все слова разные,9.167665817008373,3.632253017316804,3.745810080924651,2.5313734402863433,8.962846540569728,10.400484079347471,145.0
механические,27,чужие хапаксы,8.759546003524424,3.860242697465479,3.973380260386419,2.88788510638625,8.373288996339712,10.307108370513902,135.33333333333334
механические,27,хапаксы одного домена,9.0841347472446,3.8485694163759443,3.9667092780850624,2.74563958445038,8.779183679400973,10.528767115048296,135.66666666666666
механические,27,20 чужих хапаксов,10.382302899161242,3.2369076150744096,3.3914443701649812,2.370129524922696,10.569496270433747,9.662289190094958,134.66666666666666
механические,27,маркер каждые 3,10.028873264796632,2.6875252538052696,2.7549206642888433,2.072010232188624,10.323993960252858,9.028695032412578,111.66666666666667
механические,27,без пунктуации,12.027591169460484,2.76069779861176,2.6275723458577445,2.616004543154085,12.416926670954929,10.482687034601543,138.33333333333334
механические,27,без служебных,9.803056475006153,3.420334790964825,3.498136172775085,2.9998754075832443,9.900767258867956,9.400448774576695,142.33333333333334
механические,28,исходный,9.266278902098593,2.8595024312054416,2.9246413234049538,2.6441200533869176,9.46076952026808,8.842714381441837,118.66666666666667
механические,28,перемешивание,9.35868703979746,3.090826070915575,3.0515845146657994,3.1517149511141143,9.245255929642534,9.598923363116436,119.33333333333333
механические,28,эхо x2,10.103393581211824,2.3116171435598223,2.1592346720997337,2.4497660012127205,10.287223689774473,9.879350261836283,99.33333333333333
механические,28,эхо x4,11.211057126587486,2.2933057574978872,2.1001436212728826,2.3425597828571436,11.503776920409608,11.110507911840564,80.66666666666667
механические,28,эхо на четверти,9.36149893624672,2.722132742978627,2.5798249289383484,2.9062899296148252,9.418955415089318,9.285558258937671,106.33333333333333
механические,28,словарь к 25,9.036472476034957,2.771785141552064,2.5368564081209937,2.9180807955922146,9.489736886607927,8.576040756003286,87.33333333333333
механические,28,словарь к 60,9.467751840472316,2.749773275240811,2.564581112592227,2.9499947556816437,9.671876400760787,9.176620440829533,109.66666666666667
механические,28,все слова разные,7.5189789206086255,3.8561592067779706,3.728333784404736,3.0030927199409976,6.8387543888724425,10.26326870350104,134.66666666666666
механические,28,чужие хапаксы,8.467609555077223,3.4578566470493897,3.5553002465043466,2.7336837874290523,7.782776595842715,9.823613369024159,115.0
механические,28,хапаксы одного домена,8.187437163606246,3.5978189667152507,3.5934787823269296,3.1189306047639946,7.458008478303234,9.617450001654168,114.33333333333333
механические,28,20 чужих хапаксов,9.051626110742491,2.844615877542586,2.87817553183613,2.7415933886410744,9.084091786765491,8.99939953616763,116.33333333333333
механические,28,маркер каждые 3,8.355243092332103,3.075080924546024,3.1170669195184857,2.9792455367748087,8.2234464205507,8.64471960587121,98.33333333333333
механические,28,без пунктуации,9.26021261203402,3.0899939930267024,3.150258165761384,2.8805677455616654,9.065791817596336,9.632770761728274,113.33333333333333
механические,28,без служебных,8.101319284482953,3.3396730796281595,3.4271820523827916,3.090406274780174,7.843016381273828,8.635681362862345,120.0
механические,29,исходный,10.561506194738465,3.0652253543544443,3.0259726024644285,3.027160320201123,10.807592116632717,9.68234033529454,132.66666666666666
механические,29,перемешивание,10.372022661576521,3.0212686929233654,3.1847898150197143,2.284989558037244,10.401307039060354,10.246882182074804,130.66666666666666
механические,29,эхо x2,11.4056253510163,2.712519508877548,2.203913375776452,2.90797942536919,12.195560213045335,10.020021950999585,115.66666666666667
механические,29,эхо x4,10.99639618110102,2.215584651625658,1.734306977071868,2.3772894619047764,11.651151975022232,10.592770816834141,87.33333333333333
механические,29,эхо на четверти,10.855659420151236,3.012726919402206,2.9340804358387333,2.989033881460594,11.19827754792341,9.803519947890187,131.33333333333334
механические,29,словарь к 25,9.447082423693182,2.5815927382444954,2.2741188024941694,2.7803594007702706,9.973761110211436,8.63430402263003,81.0
механические,29,словарь к 60,9.815332134808317,2.6526696415679276,2.5769353507691304,2.5556854193723244,10.245014154538309,8.93922437439411,102.33333333333333
механические,29,все слова разные,8.820890852182428,3.8041499526556244,3.8841989159412456,2.8697033266840086,8.515056754515976,10.354116550882422,139.66666666666666
механические,29,чужие хапаксы,8.787486327157032,3.651142372582498,3.7736306745975,2.9910104969631397,8.525607048132432,9.689928920408926,131.0
механические,29,хапаксы одного домена,8.822392642166346,3.8131529946107308,3.9906255874820626,2.7313080390278563,8.495934292336353,10.017163223414657,132.33333333333334
механические,29,20 чужих хапаксов,10.091362016038866,3.186248194284527,3.226846878485086,2.8736369406787863,10.298054530795406,9.380578283104775,132.33333333333334
механические,29,маркер каждые 3,11.23260313224801,2.6722292382965267,2.74187291514833,2.3005285805082454,11.402842751764892,10.645451481964804,109.0
механические,29,без пунктуации,11.678078406112673,2.6863572422219044,2.7365678294692874,2.4644050644286364,11.785948069699549,11.297634950520779,135.33333333333334
механические,29,без служебных,10.236260918836749,3.2305670010458662,3.1660505169957083,3.1918395192055056,10.518136583352808,9.037101993905255,147.33333333333334
механические,30,исходный,9.561955732048828,2.9266057262582152,2.878310420711989,2.870123673578268,9.896124999496374,8.801855363212468,118.33333333333333
механические,30,перемешивание,10.187247764879361,3.369669759398524,3.393515599300463,3.268100877980283,10.004137572351672,10.605546011669594,118.0
механические,30,эхо x2,10.662733078435915,2.661062964092729,2.3576039029998204,2.904016515056109,11.167234262220425,9.789081109617788,107.33333333333333
механические,30,эхо x4,11.29413454241771,2.3292857158828917,1.9609142755827211,2.543462699242949,11.709883016205874,10.908783085895486,90.66666666666667
механические,30,эхо на четверти,9.747306930126568,3.0536225587154564,3.138448231786788,2.7461683121743214,9.949606589908546,9.217975973740762,127.66666666666667
механические,30,словарь к 25,7.335092432698471,2.9738158675692667,2.5395818696939196,3.1003303214685936,7.388567912978314,7.30274185720589,63.666666666666664
механические,30,словарь к 60,9.104443170069791,2.5623605871189388,2.234368346805652,2.6698863051075197,9.539842640004338,8.682199159640371,81.33333333333333
механические,30,все слова разные,7.371655259380906,4.010333276953909,3.878129946929491,4.289298609024184,7.064987597638033,9.20010082856902,139.66666666666666
механические,30,чужие хапаксы,7.805193418280389,3.6403396069913554,3.675004494971926,3.0569186257736054,7.386672617038097,9.11225792967891,125.33333333333333
механические,30,хапаксы одного домена,7.558029859380923,3.6256991045253106,3.557075513203556,3.166542018150698,6.812331120324322,9.287641535969351,118.33333333333333
механические,30,20 чужих хапаксов,8.60809350548101,3.4531026455953273,3.596586187246404,2.978220409355321,8.470033542712494,8.935729281910398,117.33333333333333
механические,30,маркер каждые 3,9.690705687989215,3.2407386784220464,3.311707883431494,2.8994477476757012,9.558303028195905,10.078971280439134,104.66666666666667
механические,30,без пунктуации,10.657840801854276,3.131222537581383,3.1272764543538862,3.1191762281302116,10.607032732753446,10.844516313766116,133.0
механические,30,без служебных,8.840442034229094,3.325505461858965,3.3658592855419696,2.975192583817526,8.518355212244296,9.826187026371962,127.33333333333333
механические,31,исходный,11.616125155504639,2.7408608360287956,2.3938263632199934,2.8043972466079645,12.22079883635226,9.650823955146832,132.66666666666666
механические,31,перемешивание,10.74416816726889,2.9847014109933707,2.97518071225887,2.7516608514965903,11.051737848899476,9.69745758339972,137.33333333333334
механические,31,эхо x2,10.950028678348694,2.838577488957416,2.6918974915998954,2.901131799572802,11.428840575920328,10.269874496781421,114.0
механические,31,эхо x4,11.02568960393308,2.5495003015968547,1.7264781727882825,2.724414093585858,11.964623862464668,10.646004466139045,79.33333333333333
механические,31,эхо на четверти,11.384722626894414,2.5893214788256094,2.3459317778663435,2.5874976567937176,11.977336645278768,9.968654514088067,127.33333333333333
механические,31,словарь к 25,8.561513323866508,3.0412347580040127,2.994204448222931,3.0448409556942138,8.874637945938177,8.271482113141827,74.66666666666667
механические,31,словарь к 60,10.309273484287981,2.417245523212699,2.2261174495112357,2.2152795822136784,11.041728993047492,9.10840153304659,93.66666666666667
механические,31,все слова разные,10.296521103269248,3.482785865841618,3.5974657008306683,2.58212414475676,10.309818039872491,10.24063241667354,148.0
механические,31,чужие хапаксы,10.931499442921103,2.9748477811707006,3.0520971294645007,2.5710816222856665,10.921824815138137,10.97399952123961,141.66666666666666
механические,31,хапаксы одного домена,9.963086362424255,3.089752702413822,3.2330280557299247,2.4681655534006572,10.111584809979396,9.452337405278692,133.0
механические,31,20 чужих хапаксов,11.203037110756114,2.5006252689896695,2.2623618354030834,2.5671466352930303,11.66124037560675,9.90046741260975,126.66666666666667
механические,31,маркер каждые 3,11.10103715269676,2.847040700967009,2.8364611565680864,2.6550629361716513,11.3285683348209,10.309540527298388,113.66666666666667
механические,31,без пунктуации,11.825016045949262,2.6654313336466005,2.413095781994148,2.930715166185191,12.257143515908908,10.343051437324604,135.0
механические,31,без служебных,10.7585521108009,2.8940661443617457,2.939735448843367,2.444038334050774,11.033862233113112,9.754994307322384,142.66666666666666
механические,32,исходный,9.860907666049371,2.7770962624135698,2.8522197753936545,2.44580896101924,10.011168296569691,9.392238416208842,110.0
механические,32,перемешивание,9.931175568409918,3.12792023776102,3.1760840072666556,2.9441713720915197,9.916256042360269,9.963461413793892,108.0
механические,32,эхо x2,9.867710964499155,2.4216631354351343,2.472775516144424,2.2690826016304726,9.973799681040791,9.678114225502258,88.33333333333333
механические,32,эхо x4,10.649365472772397,2.000439907403002,1.8361919960548556,2.06744185559744,11.023411723433435,10.356617262113216,85.66666666666667
механические,32,эхо на четверти,9.686999635247485,2.665840138981325,2.7555239729013556,2.441751313756058,9.826229237566489,9.447386693829829,100.0
механические,32,словарь к 25,8.666550028231496,2.3850062276810564,2.1945133079658254,2.442007075258321,9.127019148096235,8.280416571165786,65.33333333333333
механические,32,словарь к 60,8.963122297574593,2.545159122897669,2.452837505895871,2.6278837823556955,9.197403889966301,8.65136793090226,78.33333333333333
механические,32,все слова разные,9.271471754183805,3.816695877064614,3.871456600295849,3.0811406095453315,9.096532416214401,10.566743832291662,151.66666666666666
механические,32,чужие хапаксы,8.803972807659392,3.630460962814164,3.6901361144608793,2.6882813831120917,8.288475142674294,10.55087723477735,119.0
механические,32,хапаксы одного домена,8.986298596921507,3.453876356604948,3.580581202491261,2.7160643296708122,8.441276367260443,10.289157105163419,113.0
механические,32,20 чужих хапаксов,9.35534726852062,3.0334491533645362,3.20692162464522,2.315490194526363,9.09046315898159,10.042109736518064,105.66666666666667
механические,32,маркер каждые 3,9.191830872174421,2.935126402448784,3.1232698523401887,2.287970881064492,9.013711440972974,9.711212545641096,87.66666666666667
механические,32,без пунктуации,10.405929073990682,2.7369738105214325,2.812933963647323,2.430898557113249,10.542493643135117,9.992637984192305,112.66666666666667
механические,32,без служебных,9.739799613132698,3.097883303995214,3.2662241022422402,2.3765995886261915,9.617643432012313,10.15233481610532,116.33333333333333
механические,33,исходный,8.530418681863809,3.0098857711326747,3.1539222139044867,2.35306107028317,9.03330215119243,7.54617093933162,113.33333333333333
механические,33,перемешивание,9.392661867045483,3.148791118410059,3.1737311441619007,3.0847267949126156,9.431635253872306,9.305866780968206,114.0
механические,33,эхо x2,9.910753934607767,2.5820222032980102,2.1647292239493616,2.6335741815922775,10.824064059026187,9.439237266027819,77.0
механические,33,эхо на четверти,9.434240827638448,3.1131918657068973,3.1580270003585134,2.707653232228992,10.110212025910124,8.467640067769802,105.0
механические,33,словарь к 25,6.088591724010672,2.956935073402795,2.7607377069960477,2.8364692171949275,7.153592682850312,5.321778609171473,71.66666666666667
механические,33,словарь к 60,7.772269960578306,3.1436918176032385,3.371984504652915,2.3952148186822417,8.691033929084115,6.698856476941432,94.66666666666667
механические,33,все слова разные,7.938611638086809,3.864160880684071,3.784972340401977,3.81648013082061,7.651617645176709,9.298374553241537,142.66666666666666
механические,33,чужие хапаксы,7.568226046477013,3.590754065922726,3.6614870569094218,3.296069035030502,7.227822193756644,8.284151418580395,119.66666666666667
механические,33,хапаксы одного домена,7.790122250682717,3.611651665286964,3.742744749457089,3.1887002367309747,7.574647896119682,8.280089017535879,121.33333333333333
механические,33,20 чужих хапаксов,8.666868719697845,3.203062148431845,3.332475588927808,2.77853259563962,9.12894382316423,7.864789935902787,114.33333333333333
механические,33,маркер каждые 3,8.68601974165177,2.8964063774594973,2.9956355389611082,2.630293902015154,8.912108545631986,8.255682013334562,89.0
механические,33,без пунктуации,10.698595722880583,2.6861683318308622,2.587700458955827,2.650388822132324,11.143657063979129,9.839341161772593,112.66666666666667
механические,33,без служебных,7.554191688348918,3.333281848440508,3.328351755437549,2.9618050613318787,8.093668119036009,6.259190279619536,127.66666666666667
механические,34,исходный,10.009384944438356,2.6368017158656305,2.638809268124266,2.4438654010794316,10.272629631181102,9.1867133479062,127.66666666666667
механические,34,перемешивание,11.280204074555698,2.8897593635645205,2.875386172083825,2.7760167344537994,11.489482966839612,10.395457535558558,138.0
механические,34,эхо x2,10.613037681051894,2.499615479874237,2.3726962003486487,2.325885226659253,11.201465042230359,9.532789974414777,110.0
механические,34,эхо x4,10.932107539078325,2.264539067509297,1.979809820577672,2.2166286074543278,11.796319111546822,10.206097907414415,78.66666666666667
механические,34,эхо на четверти,10.621502279764398,2.6125674291896783,2.6642329987718365,2.308255079576942,10.821780453220825,10.016966857579488,130.33333333333334
механические,34,словарь к 25,9.305311532569851,2.1860518662945245,1.9908854665485878,2.2813714096751085,9.71468414166457,8.868112919172773,69.66666666666667
механические,34,словарь к 60,9.931082690133238,2.410722297350652,2.3779788728924074,2.3081919627527423,10.24756983258421,9.549519524656231,82.33333333333333
механические,34,все слова разные,9.918002180492781,3.481706736598533,3.536718385147209,2.6719749914158477,9.811100718975998,10.723592758871746,163.66666666666666
механические,34,чужие хапаксы,9.75333313126241,3.3253790477537186,3.472785013668697,2.652625986236233,9.562890470051743,10.359690165259986,128.33333333333334
механические,34,хапаксы одного домена,9.414907998832165,3.572798778785041,3.760524150511994,2.371729912539717,9.175175566123608,10.428783878061632,133.66666666666666
механические,34,20 чужих хапаксов,10.232323506208859,2.820021790785455,2.9570397016965706,2.1104176864926263,10.386739340130783,9.614296618964199,132.0
механические,34,маркер каждые 3,9.928381689648823,2.728690111869702,2.853276996303436,2.1717091338771404,10.020761544435592,9.62747961583915,116.66666666666667
механические,34,без пунктуации,10.877589160718026,2.8869928718896976,2.9690585681830175,2.2739167840256638,11.161081614351659,9.879417242215313,131.33333333333334
механические,34,без служебных,10.100432294151247,2.999254218606106,3.080967364546064,2.6353521656774093,10.099298101957308,10.097564010105076,137.66666666666666
механические,35,исходный,10.898200293980052,2.740399770128884,2.657612688590628,2.744591584407322,11.183140963780227,9.949709932262978,134.33333333333334
механические,35,перемешивание,11.214734020514854,2.8995413064736604,2.892763897532045,2.8017781148734695,11.242887287656634,11.138270632946627,139.0
механические,35,эхо x2,11.325678034989927,2.514663995687101,2.1967296059898955,2.6845329512946123,11.92032147251912,10.575857937050442,111.0
механические,35,эхо x4,11.127375832353422,1.9658483761877428,1.8569116800158418,1.9654781411098827,11.298722628073463,11.044520163115346,79.33333333333333
механические,35,эхо на четверти,10.67559151388726,2.70577574108995,2.694176305343276,2.647562193277349,10.847016608861951,10.132219897388064,130.33333333333334
механические,35,словарь к 25,10.444840889573351,2.0666703250645084,1.7359304547464405,2.210604347211359,11.026551085133619,9.6941522088442,71.0
механические,35,словарь к 60,10.449536352261047,2.422580147233653,2.2401453510411495,2.335038089936799,11.15347535329846,9.535754423724999,97.33333333333333
механические,35,все слова разные,10.533530551314536,3.304884958157921,3.357157932274491,2.8159911595398213,10.54158284959813,10.534933125230282,150.66666666666666
механические,35,чужие хапаксы,10.634342646467958,3.2720454765834996,3.3506850298914124,2.732870940213981,10.502567062897526,11.279294217970739,143.33333333333334
механические,35,хапаксы одного домена,11.027021015249398,2.69722350165598,2.750708496469624,2.463942715061626,11.12414256580601,10.690492102219117,137.66666666666666
механические,35,20 чужих хапаксов,10.858811291827726,2.8124550997948305,2.7662562339343055,2.6211376253552356,11.165000408960609,9.714905903728834,141.0
механические,35,маркер каждые 3,11.287938615612987,2.3442931906084534,2.2446508678450545,2.3833022414416427,11.478293085230417,10.70751955476805,113.33333333333333
механические,35,без пунктуации,12.120623689372565,2.4449384341569065,2.4004292503330134,2.211069572703025,12.467271940515346,10.917033079193338,140.66666666666666
механические,35,без служебных,10.923394694837155,3.24722017812532,3.1901932183804296,3.3057768042774742,11.10367364672837,10.146273894343516,152.66666666666666
механические,36,исходный,11.525461363949864,3.1083104119131946,2.7948405614693708,2.638814448478898,12.273838517992473,8.82439929543174,128.66666666666666
механические,36,перемешивание,11.291629715693738,2.5291833932420738,2.427648704640912,2.7386874391787384,11.484260672789107,10.672817594555944,129.33333333333334
механические,36,эхо x2,11.605013618493729,2.29806263114375,1.9681554786247393,2.383412511287324,12.308864033494352,10.94385951091173,96.33333333333333
механические,36,эхо x4,11.442751876023818,2.0966455289524424,1.7574522161651818,2.1359553245172784,11.701937051616499,11.384568733659883,71.0
механические,36,эхо на четверти,11.092253842925368,2.775853743514928,2.554523402249528,2.4084202919938775,11.847274734195645,9.325359682748996,117.0
механические,36,словарь к 25,9.391498692126314,2.3433352995399073,2.18830926374364,2.4283174428008056,9.74997617819212,9.045240883382526,71.33333333333333
механические,36,словарь к 60,10.103565465537264,2.721791783943998,2.526772420696284,2.3534563290740835,11.094805192392096,8.729992367334397,91.0
механические,36,все слова разные,9.66796939569668,3.687170104578692,3.7452665775114418,3.204793681597222,9.517356826338224,10.40974080642156,132.66666666666666
механические,36,чужие хапаксы,9.982738550949803,3.1379640102524395,3.1996594545511936,2.821473639951849,9.811730692733299,10.574940004593271,126.33333333333333
механические,36,хапаксы одного домена,9.94353503708966,3.233461743913234,3.321148008229533,2.8244077651627237,9.936087117631525,9.950063990115469,127.33333333333333
механические,36,20 чужих хапаксов,11.260580952475808,2.762935942560528,2.6160724045722725,2.4575288169166076,11.78491677850807,9.432438585374593,128.33333333333334
механические,36,маркер каждые 3,11.900644937649247,2.3529847027196724,2.0833785765413144,2.3591836545142653,12.39326964867602,9.976641168058345,104.66666666666667
механические,36,без пунктуации,11.622448119624003,2.696199262350561,2.508253897481036,2.647799085507873,12.131425208278642,10.130864748183406,134.33333333333334
механические,36,без служебных,11.068691570265434,2.852499506213643,2.826635486814851,2.4396104294970966,11.434992362225303,9.601963160831431,142.33333333333334
механические,37,исходный,9.858822776107528,2.907922965589062,2.965152516807576,2.5044195279382278,10.157425533579799,9.012381903803243,110.66666666666667
механические,37,перемешивание,11.164827105168419,2.4895185734504763,2.3509573927071035,2.5248826062099146,11.579199035330488,10.099427168024556,106.66666666666667
механические,37,эхо x2,10.52659681723364,2.3092924251801468,2.185363669513023,2.249244446581073,11.084522071802127,9.934977854581435,89.0
механические,37,эхо x4,10.166790686180398,2.1410989865771466,1.7292620298724712,2.218234607075077,10.837447888462727,9.909746987822246,61.5
механические,37,эхо на четверти,9.589428122810675,2.711850286323291,2.833220580484411,2.338535911806806,9.931273287447604,8.943017981321384,102.33333333333333
механические,37,словарь к 25,8.727543958936268,2.4978376656267867,2.3878316639861903,2.4784364770863845,9.249796036015786,8.230503016619318,62.333333333333336
механические,37,словарь к 60,9.419566194053532,2.59610097869675,2.4782884799073535,2.620798014758797,9.86401542196976,8.797146275123035,84.0
механические,37,все слова разные,8.559444339935737,3.35982158320936,3.2238110293879565,3.566453382385312,8.247203763184624,9.954117015542598,122.33333333333333
механические,37,чужие хапаксы,8.539791467399573,3.4207001274108397,3.566791475960766,2.981336391977132,8.536324274870593,8.525886494957245,108.33333333333333
механические,37,хапаксы одного домена,8.725815742750298,3.530284474890344,3.6864746269328847,2.893211787387792,8.547226651163136,9.285191485400363,112.66666666666667
механические,37,20 чужих хапаксов,9.376221986046817,2.9573081522492153,2.987005437223932,2.7560296197851506,9.492462074008218,9.048179173519806,108.66666666666667
механические,37,маркер каждые 3,10.80071646430121,2.2729639486858026,2.1978873890939563,2.3730750593538223,10.951742577635876,10.428238563609545,90.0
механические,37,без пунктуации,11.146639514163995,2.569754826157142,2.572587159208638,2.4889047276391016,11.318293700718192,10.740133104393161,114.33333333333333
механические,37,без служебных,8.850969459850981,3.171727696132919,3.2685507023445943,2.7737925341594996,8.768029540251993,9.163148810345362,113.0
механические,38,исходный,10.095593183706233,3.047944779846254,2.936785361382746,3.0547517044859234,10.467510579690238,8.912606326957993,122.0
механические,38,перемешивание,10.419580035955041,2.9510192931875476,2.998528077092337,2.6687582977274658,10.53848425557394,9.949692905421244,121.33333333333333
механические,38,эхо x2,10.573238353739116,2.771270846232726,2.181717413124462,2.9514827941281965,11.522629075559045,9.431319589498179,103.0
механические,38,эхо x4,10.586143816970784,2.361254668205938,2.1518933122255426,2.4153242821034357,11.040311933372214,10.39645566051561,76.66666666666667
механические,38,эхо на четверти,10.130588661861708,2.767006337514983,2.6484677960102743,2.8667302402600328,10.45883694785531,9.389344424885406,114.0
механические,38,словарь к 25,8.797814010133541,2.4793759962886717,2.4562421784975714,2.22276347102434,9.568547367661658,7.956920069317625,68.66666666666667
механические,38,словарь к 60,9.125001489149055,2.688064580241915,2.510650877502995,2.654938490963538,9.7928684576069,8.26559116332905,83.66666666666667
механические,38,все слова разные,9.950631359032847,3.262966491025582,3.3187924063706706,2.900919756265528,9.897329394371631,10.234449373820343,131.0
механические,38,чужие хапаксы,9.109796275101312,3.617927653045753,3.7118308910405204,3.2524823043205604,9.023271168601513,9.404972457428729,125.33333333333333
механические,38,хапаксы одного домена,9.084218601608775,3.3941492950364687,3.395499458408883,3.3262352442622984,9.124360210396086,8.934331220385063,122.66666666666667
механические,38,20 чужих хапаксов,9.628323238501386,3.082169067466389,3.003808737553959,3.237212677108175,9.827941930579998,8.912104597126387,123.33333333333333
механические,38,маркер каждые 3,10.45210698739727,2.926880590719682,2.8833112343583385,2.719302903409037,10.708764787782775,9.614212470904457,105.33333333333333
механические,38,без пунктуации,11.187085798485311,2.716153063013254,2.586746563616233,2.970255968998772,11.401305394470954,10.488114811511231,127.66666666666667
механические,38,без служебных,9.59368253997859,3.2603941244929757,3.2276761775901988,2.9706344656702774,9.936951147644733,8.199096130156368,127.0
механические,39,исходный,10.465754908645154,3.1095644364583404,3.0434742021215087,3.26562866826252,10.579313855714913,10.109072015631389,132.66666666666666
механические,39,перемешивание,11.101126838026978,3.100954401520529,3.0476725361084047,3.1818740712158924,11.183421768462074,10.815096104791039,135.0
механические,39,эхо x2,10.624273351574452,2.465568813220042,2.067994231859403,2.712133516863951,11.104297976994948,10.16429641798119,104.0
механические,39,эхо x4,11.285106829222682,1.8150142541680436,1.6646270172119098,1.8267732177467284,11.543198339543736,11.254640551486231,68.66666666666667
механические,39,эхо на четверти,10.398848252701754,2.971830343787687,3.0548587048938725,2.744767554971092,10.380680714061846,10.445134468354754,120.66666666666667
механические,39,словарь к 25,8.472671914714027,2.7036866862717033,2.5989264836838917,2.6602917234757353,9.071031993671978,7.892195789136449,72.0
механические,39,словарь к 60,9.077408631050808,3.3325094109458857,3.3383748927138868,3.3231907568874344,9.101703769685765,9.048316153768488,97.66666666666667
механические,39,все слова разные,9.827265570245453,3.457109424898596,3.432196056125067,3.40400227038853,9.769579047915594,10.137987534004095,158.33333333333334
механические,39,чужие хапаксы,9.209174832309266,4.045201201218796,3.950598741291253,3.8025971590233816,8.64606710869463,10.958831941903446,135.0
механические,39,хапаксы одного домена,9.656532455508126,3.751528652885378,3.7237164648877616,3.615878514437052,9.254891326548295,10.699821059390038,130.33333333333334
механические,39,20 чужих хапаксов,9.81079970110765,3.4432373910457343,3.4406883184372785,3.4305445665333365,9.88874371135686,9.594168254655994,132.66666666666666
механические,39,маркер каждые 3,11.03391807944615,2.6059059960715842,2.4895539809879854,2.910190138325598,11.148775958015436,10.620897836039441,111.0
механические,39,без пунктуации,11.894008621424247,2.646818292992014,2.6046217216985084,2.6895877526922534,12.041919691366559,11.425739599934204,142.0
механические,39,без служебных,9.96803504336781,3.5248718593613777,3.51195048415163,3.5174300003872414,10.09688814477383,9.53682156007472,140.66666666666666
механические,40,исходный,11.179494418452983,2.9119019636075287,2.759139885505554,2.451230365253618,11.632077334882183,8.935896206044346,141.0
механические,40,перемешивание,11.376460732658986,2.795582685806743,2.845879383181492,2.3176592468743227,11.500288848866196,10.794947807637406,138.33333333333334
механические,40,эхо x2,11.626092812181996,2.7078997983032758,2.3787048116639813,2.9086995737624264,12.204273197864318,10.46274332825071,119.66666666666667
механические,40,эхо x4,11.821038072794407,2.270004510297668,1.7008078062403884,2.423847370479942,12.510458137334751,11.48698435523025,85.0
механические,40,эхо на четверти,11.687022734463431,2.852596367863939,2.5816320132220283,2.7750952584569917,12.292641863854406,9.727158843705325,129.33333333333334
механические,40,словарь к 25,8.710925956945662,2.5234962035509323,2.035327408506419,2.4805678869002987,9.852509084787755,7.716034325724579,63.5
механические,40,словарь к 60,9.640983006734373,2.738717180783334,2.231107927142363,2.386660658965465,10.916576574434991,7.904620611345471,84.0
механические,40,все слова разные,10.72816080557682,3.1422419403631157,3.2269564350768074,2.375022988450829,10.803568795747706,10.213603732155084,149.33333333333334
механические,40,чужие хапаксы,10.556286309567033,3.2674547632562305,3.379098674615396,2.6238623302841413,10.464215862005187,10.969497191721237,138.66666666666666
механические,40,хапаксы одного домена,11.093717332219471,3.0694040589516765,3.202241150875372,2.307804901418488,11.171347941268936,10.725769757455355,141.66666666666666
механические,40,20 чужих хапаксов,10.76748122307405,3.039538755639408,2.987963089034023,2.430249736323032,11.198695542656315,8.836257059099529,138.66666666666666
механические,40,маркер каждые 3,12.03755340054417,2.4502449037315204,2.324179225759756,2.4707015286624467,12.366371223285258,10.64889435948879,108.66666666666667
механические,40,без пунктуации,12.024019533565644,2.8040713298316713,2.5338525906982237,2.724263905848995,12.558251835688145,9.678654920683455,137.66666666666666
механические,40,без служебных,11.68600660852246,2.82977567315868,2.803818953412996,2.6997525232728967,11.848951535286327,10.704094954167168,155.66666666666666
механические,41,исходный,10.391426902374862,3.2836935483754566,3.372233667902998,2.616178441645807,10.656591066517997,9.383582672859818,137.33333333333334
механические,41,перемешивание,9.97515629758953,3.3189293804226474,3.387232836327803,2.8568350018661053,9.961158487786452,10.149480444673381,136.0
механические,41,эхо x2,10.993334666263353,2.7082675090947244,2.3484839264585533,2.6822574671743915,11.84334337437579,9.6738539728739,110.66666666666667
механические,41,эхо x4,11.111082885148946,2.303481546381699,1.6103618981374268,2.4344994798867217,11.782319444774956,10.912220103449092,73.66666666666667
механические,41,эхо на четверти,10.333299081171091,3.1888236974585946,3.212897659269108,2.8191131134982825,10.85637039427906,9.272265271858956,126.0
механические,41,словарь к 25,8.534028043586437,2.8213206824046204,2.7126386930607143,2.8059463852963304,9.067295775989324,7.866208362719803,75.33333333333333
механические,41,словарь к 60,9.665147401781644,2.907530928572651,2.6741777943164515,2.673150956112272,10.48067723776098,8.151773366801104,94.33333333333333
механические,41,все слова разные,10.033901318006839,3.680446308647982,3.7854791073795337,2.801561459902613,9.850436063434074,10.99796855275394,146.0
механические,41,чужие хапаксы,9.768433805262939,3.7030718295771816,3.865119445357591,2.7973784433393427,9.653183805347377,10.229452799340743,141.0
механические,41,хапаксы одного домена,9.909775933162058,3.5668345617481356,3.7276190847721846,2.768268656262682,9.79989436492979,10.35405488735145,135.0
механические,41,20 чужих хапаксов,9.80862758649675,3.3062905169935313,3.4479558461661335,2.542468343594265,9.924156732916423,9.280242564345468,138.33333333333334
механические,41,маркер каждые 3,11.199787354768839,2.5460721752827182,2.342352430508043,2.455504756990404,11.670300520624854,9.494942356681586,108.33333333333333
механические,41,без пунктуации,11.859271518602204,2.594522689801677,2.587329912861678,1.983152475667193,12.205493080578988,10.299924975785418,138.66666666666666
механические,41,без служебных,9.800535174627655,3.3642220419995073,3.432655912964341,2.738331012856341,10.005963995770628,8.722863380889201,150.33333333333334
механические,42,исходный,10.234686776274298,3.076497629809553,3.0288461928063644,3.0743662213169802,10.474062886131561,9.539931932953493,129.66666666666666
механические,42,перемешивание,10.979747046501126,2.844847626588557,2.892217891172111,2.6493379456358372,11.084397825569532,10.677912042360338,123.66666666666667
механические,42,эхо x2,10.385636834431644,2.4370187193629573,2.357572883155039,2.44077361953128,10.806596180639692,9.822648353626262,102.33333333333333
механические,42,эхо x4,10.566869098791164,2.1531328686563485,2.0230870921141864,2.1329349150739656,11.236734138583886,10.303020196002743,75.66666666666667
механические,42,эхо на четверти,10.581318270836787,2.692243266661777,2.59202007922172,2.6896586272442673,10.962259958700002,9.807275270218327,115.66666666666667
механические,42,словарь к 25,8.550932143572817,2.9439037893755766,2.9941638958751517,2.6962714630990576,9.152123788005998,7.986137974245246,72.66666666666667
механические,42,словарь к 60,8.924210574752832,3.0562453231133184,2.873826978488275,3.025308884248181,9.602763718667271,7.95889291338656,93.33333333333333
механические,42,все слова разные,9.975830785738072,3.5762614432484177,3.6464666214309642,2.9902873333191025,9.920930454106903,10.34879013885358,153.66666666666666
механические,42,чужие хапаксы,9.317126124940755,3.7372094323619134,3.879115042844351,3.13431164120497,9.167908161363806,9.796963526285095,128.33333333333334
механические,42,хапаксы одного домена,8.871340976198567,3.7729799901694445,3.94035403747888,3.030977402333606,8.55092293181034,9.79546588801008,125.66666666666667
механические,42,20 чужих хапаксов,9.878060896402843,3.1961007093441034,3.215890001704808,3.037325085001959,10.113789531895977,9.23611273405217,127.0
механические,42,маркер каждые 3,10.485232820370486,2.595195182683941,2.556092878130591,2.3612106257021725,10.824311414868083,9.450910222814493,99.66666666666667
механические,42,без пунктуации,11.57068349905712,2.6051668665308854,2.499769197919702,2.794116042284655,11.799793762638801,10.866343172830073,127.0
механические,42,без служебных,10.010085188398007,3.1672474029596303,3.0774101312265785,3.2928835173727418,10.26341510796261,9.237885976121518,133.0
механические,43,исходный,8.92397465159616,3.743559523816718,3.7440010377410053,3.735731942280631,8.930338067054876,8.91506467428731,138.0
механические,43,перемешивание,10.767359633873363,2.819728375468056,2.8217152985020024,2.757455228178521,10.917851263385154,10.301063979773266,139.0
механические,43,эхо x2,9.810215926896573,2.9342363709027715,2.8801489573581627,2.8966263089222193,10.259870265322794,9.371871436089748,107.33333333333333
механические,43,эхо x4,9.91327377426384,2.289665724118084,1.7807803124708583,2.357507423272778,10.088429498516076,9.865117588570216,66.66666666666667
механические,43,эхо на четверти,9.132037580265111,3.327576517428478,3.379290585524826,3.1417079194783124,8.970541210224729,9.490605335982517,129.0
механические,43,словарь к 25,8.32774799504034,3.392709028644648,3.4284932555643173,3.224384998152774,8.638752866420255,7.896305472291996,84.66666666666667
механические,43,словарь к 60,8.617261562490159,3.608171489287449,3.59469322975746,3.5477462925888084,8.813098291786687,8.269440927248416,108.0
механические,43,все слова разные,9.372172438456507,3.7760091356619347,3.7766324726376617,3.3767990499577305,9.163148822336094,10.73477690812664,153.33333333333334
механические,43,чужие хапаксы,8.211821245447123,3.9274077563444116,3.9767364779608294,3.5148163883620605,7.938540632139817,9.24675473216356,142.0
механические,43,хапаксы одного домена,8.229956440324544,3.916098018521819,3.8999190406567728,3.7812660063752617,7.93133016302145,9.178363377134174,136.0
механические,43,20 чужих хапаксов,8.670321535694214,3.5786545775490537,3.571895105293167,3.583591096756681,8.590634030009307,8.959593752185677,138.0
механические,43,маркер каждые 3,10.90759523382235,2.766006101377345,2.7002583596285823,2.8762300264036043,11.083128812633376,10.296607918113358,111.0
механические,43,без пунктуации,10.923884755543076,3.0469654122435403,2.954773313376354,3.17201668561624,11.16749643368341,10.023584314065907,146.33333333333334
механические,43,без служебных,8.255082847594805,3.721439313863192,3.6670090670162296,3.882965309378281,8.193975458418345,8.542932311232175,140.0
механические,44,исходный,9.09951026089933,3.2570523459755134,3.3421875930658445,2.804117021147963,9.508774312021888,8.114794718287486,122.0
механические,44,перемешивание,10.478974459315573,2.7284066176882233,2.9778788518256434,1.981454450930178,10.718213333284334,9.996393088070082,116.33333333333333
механические,44,эхо x2,10.494677589466093,2.5249782318965632,2.3156282585717,2.3578943758204622,11.405914599155423,9.59853265521583,91.0
механические,44,эхо x4,9.822988161569176,2.541864409057196,2.274974450165344,2.525218486196726,10.868010334018804,9.40233908345759,65.66666666666667
механические,44,эхо на четверти,10.542032798252185,2.6665757241662176,2.61550252543381,2.6497113990720638,10.87653500163932,9.998472131452035,105.0
механические,44,словарь к 25,8.518425888045057,2.929080866265952,2.8520338697190915,2.6732152873648123,9.234029479343034,7.42406641942159,82.33333333333333
механические,44,словарь к 60,9.087358838371237,2.9185714896385484,3.0403437456230784,2.6173135412625883,9.547717434660223,8.60020098143095,89.66666666666667
механические,44,все слова разные,7.784291585540548,3.7060612394353747,3.750425799657973,3.358559942383621,7.535215734421207,8.676341574365791,128.66666666666666
механические,44,чужие хапаксы,7.7711851252105895,3.4246873155103024,3.518926534047813,2.964806646524592,7.440988552637651,8.517030444606071,118.0
механические,44,хапаксы одного домена,8.793040072855149,3.428512121299761,3.593326629367254,2.960529261243963,8.773402661484239,8.838322214044787,122.0
механические,44,20 чужих хапаксов,8.397051803666399,3.333407270012268,3.4750352759605048,2.945907348974117,8.4973249497041,8.1641632888901,120.33333333333333
механические,44,маркер каждые 3,10.814172991352065,2.567447492118827,2.5875196363934525,2.317907739147969,11.098797067547087,10.051402461936997,97.0
механические,44,без пунктуации,10.4826552583317,3.3293482213601817,3.34166309051758,3.1645059212287556,10.803868145716066,9.67666922735342,130.0
механические,44,без служебных,8.328438047658883,3.4416145355643444,3.594721536937389,2.832632116517645,8.429437502297398,8.032843139106362,118.0
механические,45,исходный,9.93967869718238,2.7532496555602557,2.5340574587623874,2.6460741931432925,10.690999781738606,8.739880541992767,96.66666666666667
механические,45,перемешивание,10.317027583792528,2.645930657266486,2.5900118434087607,2.5806692050654068,10.71328303860304,9.612750705608695,97.33333333333333
механические,45,эхо x2,9.546667670481058,2.172470739082311,2.056372170345753,2.0867019441194157,10.243003336209314,9.022295938144925,65.0
механические,45,эхо на четверти,9.418105426466752,2.595761149318603,2.559330767732567,2.520250337560521,9.833365527376593,8.9168979054635,80.66666666666667
механические,45,словарь к 25,9.37697352747014,2.4782500741661315,2.2316292665457405,2.4512446389666227,10.173737457387828,8.680577854637969,68.66666666666667
механические,45,словарь к 60,9.445540681118404,2.898751001483344,2.658317121166387,2.8286714185834345,10.222046879669717,8.245812254280578,89.33333333333333
механические,45,все слова разные,8.438863878444513,3.566299504224332,3.5924933826107224,3.175962266654137,8.22629655878028,9.47565460054792,120.0
механические,45,чужие хапаксы,8.57907225137802,3.7081447231195823,3.779065450539044,3.3600189826333726,8.05708983385346,9.551389866181237,99.33333333333333
механические,45,хапаксы одного домена,8.978564630330265,3.4227812237240856,3.663080763922764,2.9408276319600177,8.659266423988035,9.495502485006433,94.33333333333333
механические,45,20 чужих хапаксов,9.497477271918598,2.7804378439280986,2.668751864525921,2.8366615759520024,9.856334238066834,8.91137742343045,95.0
механические,45,маркер каждые 3,10.361571130004926,2.464010407716135,2.365925184575417,2.430178168995448,10.790458227802242,9.64241279339881,77.0
механические,45,без пунктуации,11.374703931710561,2.5092855804523535,2.14293209484132,2.767900378927082,11.961289583287813,10.244873610154741,105.66666666666667
механические,45,без служебных,9.949487504008246,3.2728856732610865,3.1237806825964536,2.8051060461674187,10.750412582592014,8.046962069676507,98.66666666666667
механические,46,исходный,10.822929492826551,2.6149563259289352,2.3391223150320664,2.2928594160730746,11.362780347958855,8.282274518004115,124.0
механические,46,перемешивание,10.924788955694096,2.6283879561907124,2.626527806617482,2.5641946339068027,10.977083375268345,10.665711558907473,121.0
механические,46,эхо x2,10.445771467441483,2.5753592252675612,2.275633710679461,2.629176601299761,11.077541125533985,9.64825639087461,100.0
механические,46,эхо x4,10.063654176673486,2.1470761337478157,1.6162887834984119,2.2381622530842367,10.899856346263329,9.65148280496543,63.333333333333336
механические,46,эхо на четверти,10.494014916640518,2.7905227346933916,2.5289010383268433,2.8485888147292244,11.077475015272467,9.09341449338798,108.0
механические,46,словарь к 25,9.379796868444902,2.113524361378989,1.7884105056906479,2.0069760148527918,10.228272387855052,8.319202469182208,63.0
механические,46,словарь к 60,9.176776244248984,2.462465007970343,1.9697739629289062,2.493037729903342,10.05591986665103,7.752152949935624,79.33333333333333
механические,46,все слова разные,10.901897794931834,3.1134645452956335,3.1456784587376467,2.6963529480127875,10.884151871774856,11.026084276366456,146.0
механические,46,чужие хапаксы,9.929099555372675,3.1215465407622616,3.2491407719987078,2.329384302460411,9.978716156205111,9.649886084827807,127.66666666666667
механические,46,хапаксы одного домена,9.861119963881984,2.9837667172504294,3.0883685938536924,2.230343709825027,9.913665871556928,9.573438223658373,131.66666666666666
механические,46,20 чужих хапаксов,10.326318447279732,2.8280933174081078,2.773926861883233,2.5592296928349456,10.6661788947693,8.860232007482574,123.0
механические,46,маркер каждые 3,10.65828015169017,2.3879589611411043,2.210855122857478,2.1817434521258785,11.104635097288892,8.774736271666248,102.66666666666667
механические,46,без пунктуации,11.9545696051879,2.3999086529048532,2.191230224685597,1.8264520798942065,12.423822113768871,9.442351959033637,133.0
механические,46,без служебных,10.496625933559576,2.7214310223620117,2.5828206768059867,3.220526365506253,10.68470229999078,9.224871570182493,138.33333333333334
механические,47,исходный,10.824080853269292,2.8808455628478913,2.670352634249904,2.8165217577424997,11.364728165543774,9.119418907036717,133.0
механические,47,перемешивание,10.82899432062118,2.9281702343956684,2.8210488824577244,2.946992404097194,11.19632060692232,9.738887546350833,127.66666666666667
механические,47,эхо x2,10.911350244535711,2.703024859870759,2.2523025340864717,2.818034452765003,11.797994697867592,10.10261391918313,95.33333333333333
механические,47,эхо на четверти,10.568618661297918,2.7488743134114944,2.5797934284206967,2.796890527455389,11.021763712443088,9.528109411414993,121.66666666666667
механические,47,словарь к 25,8.758899053095808,2.6223360987255586,2.307593729629193,2.370697509562456,9.965581132602098,7.819264402126461,67.33333333333333
механические,47,словарь к 60,10.049391918116681,2.8801852249436606,2.470977054206426,2.8083318838903764,11.125857930847431,8.840072239905508,91.33333333333333
механические,47,все слова разные,9.603675765311024,3.618821320796172,3.6906001391018575,2.9923633948287254,9.534131839129905,10.066567409112555,151.0
механические,47,чужие хапаксы,9.759695592373921,3.3227812587481753,3.4030040948613944,3.0361151520088465,9.748327942908341,9.79122371512784,131.33333333333334
механические,47,хапаксы одного домена,10.365345985907254,3.061250846972646,3.085550454956777,2.950829738159921,10.405005555733263,10.23206656695801,133.66666666666666
механические,47,20 чужих хапаксов,10.502278063548454,2.9314520661731702,2.8869392002510685,2.7894769566642617,10.84335265988316,9.504917014962311,126.0
механические,47,маркер каждые 3,9.839286208410483,2.9955670319392596,2.9984869709710185,2.7064164150363847,10.17679720183767,8.760486840951549,108.66666666666667
механические,47,без пунктуации,12.051480540283897,2.458073681730015,2.204724024607582,2.6116410786867625,12.476504760664815,10.606256205193873,132.66666666666666
механические,47,без служебных,10.728059870838692,3.2165352271835332,3.173958432887595,3.0509867705580187,11.07815384178943,9.616577667883485,141.66666666666666
механические,48,исходный,10.966272287043987,2.8858574888191875,2.753125425759371,2.914409425017661,11.353068709995538,9.752022417889082,140.66666666666666
механические,48,перемешивание,11.100662753697753,2.705513829365549,2.6427244816355624,2.7304689316521493,11.350992137283662,10.321253555318476,138.33333333333334
механические,48,эхо x2,10.972950425149671,2.8371622558579226,2.7105826263268757,2.8685480416729594,11.4628236386026,10.334066470741993,115.33333333333333
механические,48,эхо x4,10.846548522585366,2.527659617751944,2.16422923979361,2.612086015254889,11.634160835050993,10.355775492162762,91.33333333333333
механические,48,эхо на четверти,10.686489855966869,2.863848700751541,2.8122100548460818,2.77011414761696,11.011035909567616,9.858812449068347,131.66666666666666
механические,48,словарь к 25,9.054273184443566,2.654683981826528,2.223396023666736,2.8383715985728997,9.727298498626519,8.30858325245117,78.66666666666667
механические,48,словарь к 60,9.590893891276771,2.963005694173679,2.527699284291326,3.0736136196226496,10.438481403733327,8.28219271190733,99.0
механические,48,все слова разные,10.216066578823716,3.514975849623141,3.659328168042135,2.3427765870342934,10.162395282220261,10.586223196616602,158.0
механические,48,чужие хапаксы,10.296633206843126,3.280565706665335,3.302403951468404,3.182312647369604,10.19687771933886,10.580101927223632,137.33333333333334
механические,48,хапаксы одного домена,11.249048557146653,2.848431640071299,2.7707620614620585,2.939059474447376,11.47903984833035,10.55436816292852,139.33333333333334
механические,48,20 чужих хапаксов,10.657347805840878,3.0695763198365125,3.037213902383057,3.061982817053319,10.842048414653432,10.044864270716973,141.0
механические,48,маркер каждые 3,10.69386668282629,3.0151140793837636,3.061968750369237,2.8262920603711628,10.635862592466163,10.930621399884762,123.66666666666667
механические,48,без пунктуации,11.937257532739949,2.7477419128606315,2.576789339070522,3.0267651950293186,12.229381087149166,10.841992384889068,145.33333333333334
механические,48,без служебных,10.737930893963025,3.1267665514812166,3.0520461772822913,3.311175207927279,10.876924587892843,10.261977109397144,148.33333333333334
механические,49,исходный,8.564412808286107,3.0479663552476244,3.0282936734129144,2.4893883743229224,9.05601565027422,6.92515779352764,133.66666666666666
механические,49,перемешивание,8.096443435477717,3.3956649460696458,3.391258639089474,3.0456255720271983,8.46307680354021,6.757872049439875,131.0
механические,49,эхо x2,10.52946017162621,2.562867097461554,1.9614235973400653,2.6809006409808664,11.542306801681496,9.635095773267357,99.0
механические,49,эхо x4,9.95710455833043,2.2690212821723965,1.5529904784742161,2.407104132158175,10.578431319935683,9.82392147817155,65.66666666666667
механические,49,эхо на четверти,9.761634652616161,3.1834600378678686,3.1594426361803847,3.0529195859973135,10.16306580788405,8.867653273739512,121.66666666666667
механические,49,словарь к 25,5.483042947591149,2.675123463588631,2.599998591329273,2.2099499354864647,6.53172151348513,4.3217608192983725,69.0
механические,49,словарь к 60,6.588405278049912,3.033268831786952,2.814212919851571,2.8022200725268376,7.465562806680103,5.224316146871293,96.66666666666667
механические,49,все слова разные,7.631165420464601,3.6030088472455564,3.6303746367985887,3.260675723993654,7.5907861053350105,8.003155987756024,156.33333333333334
механические,49,чужие хапаксы,7.942242426441591,3.529311968072703,3.615928878927653,3.0018854410972953,8.07363181313698,7.312699512812444,142.33333333333334
механические,49,хапаксы одного домена,7.962771253402315,3.3390640177113173,3.39002561518484,3.0462115015295623,8.033513910663265,7.670280668297678,145.0
механические,49,20 чужих хапаксов,8.697912392297527,3.01921273771876,2.981188435148311,2.780044170818483,9.003417916703505,7.397369260320684,140.66666666666666
механические,49,маркер каждые 3,9.897866953230972,3.089632950501283,3.1752677393295294,2.5075443444104257,10.188369535402815,8.883864086358026,111.33333333333333
механические,49,без пунктуации,11.24886408922095,2.6547067515957585,2.39788541332468,1.8431182028676159,11.960819129007263,8.70744157011922,143.66666666666666
механические,49,без служебных,8.179627664793735,3.31018935519975,3.328270335423421,2.789358212092487,8.437858477851849,6.836684074362857,139.0
LLM,coling::dc12cc52-6173-4721-b8be-42699b3cf392,исходный,11.27117314165765,2.8047087254685787,2.492472120013495,2.2844686868604094,11.887330206711056,8.385772869778297,135.66666666666666
LLM,coling::dc12cc52-6173-4721-b8be-42699b3cf392,тема вписана,12.026170826202154,2.670832400275035,2.521899839869212,2.04898510855763,12.514083732318161,9.78943044556869,133.66666666666666
LLM,coling::dc12cc52-6173-4721-b8be-42699b3cf392,меньше мыслей,9.240218871947027,2.1742862201833053,2.211183976405784,2.1045463463531395,9.342882479570358,9.069203646554156,111.0
LLM,coling::dc12cc52-6173-4721-b8be-42699b3cf392,одна тема,11.145437149861754,2.705118813355769,2.344259190585427,1.9645723259453725,11.946451117162773,8.42311683907129,116.66666666666667
LLM,coling::dc12cc52-6173-4721-b8be-42699b3cf392,беднее словарь,11.320974173493132,2.6466440595525937,2.2847124091393516,2.2378452647899687,12.095551851431532,8.991863165729788,114.33333333333333
LLM,coling::dc12cc52-6173-4721-b8be-42699b3cf392,без синонимов,11.224060031317814,2.6928279794900494,2.2645567817887655,2.423538597335907,11.9830692860043,8.628176197863135,120.66666666666667
LLM,coling::dc12cc52-6173-4721-b8be-42699b3cf392,термин в той же обёртке,11.506424852198046,2.7324826934364204,2.3437459283349504,2.0941819420873617,12.298143508946884,8.805909559857712,122.33333333333333
LLM,coling::dc12cc52-6173-4721-b8be-42699b3cf392,каждое предложение о своём,12.630928338042155,2.5162209380062985,2.405765015193186,2.491924506834627,12.872040684469598,10.608202496496535,160.33333333333334
LLM,coling::dc12cc52-6173-4721-b8be-42699b3cf392,богаче словарь,11.376161188673612,2.649254419744937,2.5257495402114984,2.2449384057500916,11.73344766820839,9.110151263511876,151.66666666666666
LLM,coling::dc12cc52-6173-4721-b8be-42699b3cf392,ни одного слова дважды,12.605120134882483,2.351350318256013,2.2394419760658013,2.2597263788331694,12.909149799984817,11.24062498693219,150.0
LLM,coling::dc12cc52-6173-4721-b8be-42699b3cf392,редкие синонимы,11.80786111061098,2.8495518188745947,2.683685584873317,2.654716541505705,12.243535319893823,9.69353321626035,137.0
LLM,coling::dc12cc52-6173-4721-b8be-42699b3cf392,художественный стиль,12.119054302001414,2.5647626931678156,2.3270397817520294,2.080665038818166,12.682544722174443,9.726324108070022,140.0
LLM,coling::dc12cc52-6173-4721-b8be-42699b3cf392,анафора,10.82893693856318,2.8789756116739054,2.5056120117006366,2.570096396479533,11.61689943161681,8.378244554330685,115.33333333333333
LLM,coling::dc12cc52-6173-4721-b8be-42699b3cf392,поле: значение,7.981581165947811,3.2064823950312125,3.061347853555953,3.428426322104641,8.293882637634626,6.997280815736947,129.66666666666666
LLM,coling::dc12cc52-6173-4721-b8be-42699b3cf392,перемешивание,11.569077537328008,2.599830096789722,2.53976506697361,2.6692061648455936,11.530522063106327,11.7841767659785,128.33333333333334
LLM,coling::dc12cc52-6173-4721-b8be-42699b3cf392,чужие хапаксы,10.353209583233207,3.295322084099079,3.3716384336146503,2.75604042410405,10.16202585413355,11.223100884213352,130.66666666666666
LLM,coling::7876816d-0ac2-4404-b2bf-deeaa0b7ea1d,исходный,10.247769516868827,2.9794637544373987,2.8601618435844323,2.8663437979058526,10.679949442226752,8.67316592340086,124.66666666666667
LLM,coling::7876816d-0ac2-4404-b2bf-deeaa0b7ea1d,тема вписана,10.826085461093237,2.7138685836555827,2.6083846689088355,2.62246948768975,11.203483869842337,9.420557377847015,128.66666666666666
LLM,coling::7876816d-0ac2-4404-b2bf-deeaa0b7ea1d,меньше мыслей,9.814063207500407,2.3844237429630426,2.307718064569487,2.4469465373589507,9.970240804090091,9.598914370934544,98.33333333333333
LLM,coling::7876816d-0ac2-4404-b2bf-deeaa0b7ea1d,одна тема,10.598093133768158,2.788261073465954,2.6275421517217157,2.831312009483741,11.035196632459874,9.229390604736764,121.0
LLM,coling::7876816d-0ac2-4404-b2bf-deeaa0b7ea1d,беднее словарь,10.189709322542802,3.0099903236412033,2.836499202056473,2.762308115628361,10.770153616311559,8.35079051986896,118.0
LLM,coling::7876816d-0ac2-4404-b2bf-deeaa0b7ea1d,без синонимов,10.149198246949709,3.003306357208946,2.934630965592578,2.604643785876703,10.652639265650931,8.557039101753194,119.0
LLM,coling::7876816d-0ac2-4404-b2bf-deeaa0b7ea1d,термин в той же обёртке,9.713308836887238,3.0760515415555267,2.9808579764043706,3.2025275413899745,9.946202436762492,9.000275946232,117.33333333333333
LLM,coling::7876816d-0ac2-4404-b2bf-deeaa0b7ea1d,богаче словарь,10.445463407106347,3.262243802424168,3.2587829242538078,3.09394252947874,10.656172517541718,9.50825667678169,144.0
LLM,coling::7876816d-0ac2-4404-b2bf-deeaa0b7ea1d,ни одного слова дважды,10.619804823337635,3.090760732415229,3.046254396024839,2.92227678385658,10.87819045364293,9.267093854635984,146.66666666666666
LLM,coling::7876816d-0ac2-4404-b2bf-deeaa0b7ea1d,редкие синонимы,10.72075891645167,3.043976769927395,2.935432441164526,2.7641437088060496,11.138563619515145,8.967347224068632,129.66666666666666
LLM,coling::7876816d-0ac2-4404-b2bf-deeaa0b7ea1d,художественный стиль,10.795500337807596,2.7738395123603303,2.6390084885140204,2.707211411356159,11.161711177160441,9.206800450521113,138.66666666666666
LLM,coling::7876816d-0ac2-4404-b2bf-deeaa0b7ea1d,анафора,10.246410269350692,2.816180406550679,2.608252045814357,3.092599960467099,10.635273400791457,9.233379429468942,117.33333333333333
LLM,coling::7876816d-0ac2-4404-b2bf-deeaa0b7ea1d,поле: значение,9.359433647739975,3.227015986115749,3.259789980645289,3.0527076635929,9.433568135660147,9.156813067815934,134.66666666666666
LLM,coling::7876816d-0ac2-4404-b2bf-deeaa0b7ea1d,перемешивание,10.642480556980393,2.882665653735797,2.914424327651748,2.576768187647683,10.866965925566367,9.875624257380052,119.66666666666667
LLM,coling::7876816d-0ac2-4404-b2bf-deeaa0b7ea1d,чужие хапаксы,10.465376241757633,3.107721613867247,3.2583983568018327,2.31609459089016,10.313398203656247,11.052179570227358,125.66666666666667
LLM,coling::1a16d27a-89fc-4df9-8b4f-cf2532a8cec8,исходный,10.554790184424105,2.9797667622591377,2.6577604783660633,2.7495194394831888,11.230227767982045,8.026622568237043,129.33333333333334
LLM,coling::1a16d27a-89fc-4df9-8b4f-cf2532a8cec8,тема вписана,10.550574840209729,2.9891786129119997,2.976345187346805,2.938252298438338,10.727324187136185,9.99217748824024,136.66666666666666
LLM,coling::1a16d27a-89fc-4df9-8b4f-cf2532a8cec8,меньше мыслей,8.453640734646086,2.1057361672667025,2.158958526498982,1.9558373461170468,8.123096579335185,8.863948829336353,77.66666666666667
LLM,coling::1a16d27a-89fc-4df9-8b4f-cf2532a8cec8,одна тема,10.900819246891212,3.0514774822728055,2.6143076532719327,3.0365182835247766,11.712979433601793,8.611437407020942,117.33333333333333
LLM,coling::1a16d27a-89fc-4df9-8b4f-cf2532a8cec8,беднее словарь,10.25458536698819,3.0787283647973798,2.8855399848731906,3.238711687742392,10.694121578944007,8.932108118486624,126.33333333333333
LLM,coling::1a16d27a-89fc-4df9-8b4f-cf2532a8cec8,без синонимов,10.572128715238797,2.7728232623477265,2.5622438200618554,2.781669694118851,11.117227307311575,9.10895640424679,126.33333333333333
LLM,coling::1a16d27a-89fc-4df9-8b4f-cf2532a8cec8,термин в той же обёртке,9.273926647550086,2.706078603876461,2.7382213354202682,2.5346681591038025,9.511653256086147,8.725721730817437,103.33333333333333
LLM,coling::1a16d27a-89fc-4df9-8b4f-cf2532a8cec8,каждое предложение о своём,11.629915257144354,2.28047283121487,2.225490203580629,2.157960425948017,11.81748096672306,10.180201208004421,163.33333333333334
LLM,coling::1a16d27a-89fc-4df9-8b4f-cf2532a8cec8,богаче словарь,10.310635626292465,3.2812414198090516,3.1848918537313726,3.331618486968868,10.604840934317775,8.936528940657274,141.0
LLM,coling::1a16d27a-89fc-4df9-8b4f-cf2532a8cec8,ни одного слова дважды,10.357432896504006,3.0045128132758605,2.8526309503697647,2.8136569154395694,10.930760194158411,8.757816546066424,131.66666666666666
LLM,coling::1a16d27a-89fc-4df9-8b4f-cf2532a8cec8,редкие синонимы,11.106755983073702,2.836068414149595,2.5394669413891724,2.8305731523404796,11.710639495643276,9.052005802577463,130.66666666666666
LLM,coling::1a16d27a-89fc-4df9-8b4f-cf2532a8cec8,художественный стиль,11.430774249606044,2.782106574185036,2.596047649056828,2.5303355416901874,11.932197093129133,9.316196624839451,141.66666666666666
LLM,coling::1a16d27a-89fc-4df9-8b4f-cf2532a8cec8,анафора,10.232206570894574,2.592512812537095,2.414545880230092,2.412456457268609,10.866386723346453,8.817938033706334,110.33333333333333
LLM,coling::1a16d27a-89fc-4df9-8b4f-cf2532a8cec8,поле: значение,8.361518049168845,3.266921414385292,3.289330909112511,3.101606150390374,8.589298673146784,7.7369898524927265,131.33333333333334
LLM,coling::1a16d27a-89fc-4df9-8b4f-cf2532a8cec8,перемешивание,10.788980761225952,2.7648595388935946,2.617002533160274,3.0648345201359355,10.96923680418118,10.323859943978848,127.33333333333333
LLM,coling::1a16d27a-89fc-4df9-8b4f-cf2532a8cec8,чужие хапаксы,10.06745423725083,3.1961547851456547,3.2850761428915987,2.8789318467594143,10.020951792816412,10.17692093364984,125.33333333333333
LLM,coling::2e921a31-8ffa-4c78-8c4d-ef7e72432bc8,исходный,10.35474225095267,2.9695027460897556,2.852176946238718,2.5731468463869596,10.948542537342759,8.588706214053898,125.0
LLM,coling::2e921a31-8ffa-4c78-8c4d-ef7e72432bc8,тема вписана,10.645958772937265,3.010321036551033,3.1465336711660488,2.323168938605717,10.842708406546429,9.930819270007367,140.66666666666666
LLM,coling::2e921a31-8ffa-4c78-8c4d-ef7e72432bc8,меньше мыслей,9.768942905852557,2.513664512395955,2.487225211827253,2.3950229493658024,10.07628430598096,8.982604234985871,129.66666666666666
LLM,coling::2e921a31-8ffa-4c78-8c4d-ef7e72432bc8,одна тема,10.75083651615752,2.5767236791542523,2.452974356529929,2.470957802300195,11.234623498670976,9.553384638068884,123.33333333333333
LLM,coling::2e921a31-8ffa-4c78-8c4d-ef7e72432bc8,беднее словарь,9.798234625227087,2.9439609594968643,2.7457817497091703,2.7977365350614236,10.482087787321946,8.40549143970386,116.33333333333333
LLM,coling::2e921a31-8ffa-4c78-8c4d-ef7e72432bc8,без синонимов,9.597219773213224,2.8595807053132583,2.827391599589424,2.4698787630464176,10.246071474632616,8.348649059252313,115.33333333333333
LLM,coling::2e921a31-8ffa-4c78-8c4d-ef7e72432bc8,термин в той же обёртке,8.404730782359449,3.085338074650499,3.19978375121217,2.5730666282073056,8.969258645286766,7.414062625486132,111.0
LLM,coling::2e921a31-8ffa-4c78-8c4d-ef7e72432bc8,богаче словарь,10.53423645308066,3.031984934456181,3.051544450814978,2.693066680149593,10.86777716990076,9.479023079276503,135.0
LLM,coling::2e921a31-8ffa-4c78-8c4d-ef7e72432bc8,ни одного слова дважды,10.256429528496549,3.1607110216566547,3.1373367634893294,2.6695801030880997,10.674635822948217,8.713611277194861,136.33333333333334
LLM,coling::2e921a31-8ffa-4c78-8c4d-ef7e72432bc8,редкие синонимы,10.260798234139694,3.1111634185320205,3.0395288620127316,2.961965738151943,10.680348115542435,9.10834461560355,124.66666666666667
LLM,coling::2e921a31-8ffa-4c78-8c4d-ef7e72432bc8,художественный стиль,10.693606394432072,2.9362124528430926,2.844037366254963,2.508818439027895,11.158201503732139,8.832110472107097,143.0
LLM,coling::2e921a31-8ffa-4c78-8c4d-ef7e72432bc8,анафора,9.535100636585572,2.7707779829395593,2.618297548839162,2.3716415057929243,10.173064111945285,7.780088309446065,111.66666666666667
LLM,coling::2e921a31-8ffa-4c78-8c4d-ef7e72432bc8,поле: значение,8.19451333395219,3.0321755048006303,3.0537061808242676,2.8744372566137133,8.38761098952416,7.735584935460174,119.33333333333333
LLM,coling::2e921a31-8ffa-4c78-8c4d-ef7e72432bc8,перемешивание,10.498278863389322,2.9640360331929116,2.904956024770669,3.0394502865289064,10.718154819468383,9.911525981095993,119.33333333333333
LLM,coling::2e921a31-8ffa-4c78-8c4d-ef7e72432bc8,чужие хапаксы,8.97398310804036,3.7293663202556346,3.9431152739217605,3.073584257451467,8.838508231805948,9.330161557146868,123.66666666666667
LLM,coling::28a6b262-a893-4fcb-a538-fc9aa5adc135,исходный,10.279439073202534,3.1527281581533235,2.9036630066044977,3.68167021136135,10.601603321399564,8.964315471714677,136.66666666666666
LLM,coling::28a6b262-a893-4fcb-a538-fc9aa5adc135,тема вписана,9.877305032177746,3.2436677292461646,3.1555631781910054,3.3395292285723777,10.044324076518635,9.128553545598175,138.0
LLM,coling::28a6b262-a893-4fcb-a538-fc9aa5adc135,меньше мыслей,11.026492337313128,2.698649330995162,2.52562289837375,2.3673739434493117,11.556531414700736,9.107346874272253,139.66666666666666
LLM,coling::28a6b262-a893-4fcb-a538-fc9aa5adc135,одна тема,9.284555332184505,3.092366280596952,2.9177657455642083,3.5079281990750615,9.446082845123128,8.731681492372237,130.66666666666666
LLM,coling::28a6b262-a893-4fcb-a538-fc9aa5adc135,без синонимов,9.635746622526487,3.1078335018645724,3.0619745745007503,3.208172585249551,9.75351356920884,9.247046449007579,130.33333333333334
LLM,coling::28a6b262-a893-4fcb-a538-fc9aa5adc135,термин в той же обёртке,9.63506128608312,3.296216333818949,3.18358755479071,3.6251613539110727,9.687050619510762,9.477820694748708,129.66666666666666
LLM,coling::28a6b262-a893-4fcb-a538-fc9aa5adc135,каждое предложение о своём,10.055152338220134,3.1766091852131595,3.158561654797321,2.9447490552167714,10.24473822596059,8.803248912601282,155.0
LLM,coling::28a6b262-a893-4fcb-a538-fc9aa5adc135,богаче словарь,10.102561538156447,3.2490242969621996,3.2309996574585482,3.20173356085496,10.216596751119887,9.334595561661473,148.0
LLM,coling::28a6b262-a893-4fcb-a538-fc9aa5adc135,ни одного слова дважды,10.60673886651426,3.34889964403528,3.221887087052752,3.6014954900037655,10.855473787392135,9.272721758132308,149.0
LLM,coling::28a6b262-a893-4fcb-a538-fc9aa5adc135,редкие синонимы,10.305044730367012,3.052195229685612,2.868771612427899,3.470280949008272,10.583876226975796,9.151299584628147,138.0
LLM,coling::28a6b262-a893-4fcb-a538-fc9aa5adc135,художественный стиль,9.312725715057388,3.32363677864209,3.326774431999451,3.2978032206392665,9.343245963656186,9.176643490306972,144.66666666666666
LLM,coling::28a6b262-a893-4fcb-a538-fc9aa5adc135,анафора,8.949647968258583,3.365945710250037,3.2547654006838624,3.6202743002018223,8.806290056398579,9.3721090546724,123.66666666666667
LLM,coling::28a6b262-a893-4fcb-a538-fc9aa5adc135,поле: значение,8.773203789489253,3.7319237692246277,3.7877586656401543,3.362898419144783,8.555633753542212,9.59340715111703,140.33333333333334
LLM,coling::28a6b262-a893-4fcb-a538-fc9aa5adc135,перемешивание,9.89852087217472,3.124902946380345,3.1360612628761757,3.0807664257221163,9.845054753037072,10.130357232727937,139.0
LLM,coling::28a6b262-a893-4fcb-a538-fc9aa5adc135,чужие хапаксы,9.270875506856546,3.3356615335462565,3.398209515618362,2.941924019152506,8.953337029195644,10.234009175667273,130.0
LLM,coling::efafda31-a3f3-48d6-9d8f-b2b5d4b1143b,исходный,10.596614471335045,3.0212725324457987,2.513279290270166,2.9014333074638867,11.455816785821531,7.903871157877522,128.0
LLM,coling::efafda31-a3f3-48d6-9d8f-b2b5d4b1143b,меньше мыслей,8.294283250755809,1.6518182854089485,1.2694987351429854,1.7970050681804886,7.968082496778244,8.473808798679913,73.33333333333333
LLM,coling::efafda31-a3f3-48d6-9d8f-b2b5d4b1143b,одна тема,10.328342375881894,3.1953322537739832,2.787714662950924,3.4270147429500724,11.021832765891917,8.454581265756266,118.33333333333333
LLM,coling::efafda31-a3f3-48d6-9d8f-b2b5d4b1143b,беднее словарь,10.561229444998611,3.1057468650977573,2.5665309797259286,3.1701557956540825,11.507208115392253,8.534082600271725,119.0
LLM,coling::efafda31-a3f3-48d6-9d8f-b2b5d4b1143b,термин в той же обёртке,10.20599775898738,3.0260346859827663,2.5724807502090408,3.3064522297132277,10.919572273742654,8.508078092183542,121.66666666666667
LLM,coling::efafda31-a3f3-48d6-9d8f-b2b5d4b1143b,каждое предложение о своём,11.520390193822506,2.7659177473975567,2.731522771098803,1.7709238737933433,11.762471816313663,9.199171454043917,166.0
LLM,coling::efafda31-a3f3-48d6-9d8f-b2b5d4b1143b,богаче словарь,11.370409215396492,2.7900171436778116,2.754600294178996,2.7333984269409055,11.533868899257676,10.086231308992648,152.66666666666666
LLM,coling::efafda31-a3f3-48d6-9d8f-b2b5d4b1143b,редкие синонимы,10.671724462880944,2.9874335680072974,2.6377767034185173,3.0560802633816704,11.273893040635919,8.324320301519014,134.33333333333334
LLM,coling::efafda31-a3f3-48d6-9d8f-b2b5d4b1143b,художественный стиль,11.932096053339817,2.7145558191899983,2.4835744002992786,2.918799435185256,12.33254484889249,10.23885108847395,142.33333333333334
LLM,coling::efafda31-a3f3-48d6-9d8f-b2b5d4b1143b,анафора,10.423991914802789,2.63339802302269,2.3584841820318534,2.806304662214769,10.933151730586843,8.853991113213583,115.66666666666667
LLM,coling::efafda31-a3f3-48d6-9d8f-b2b5d4b1143b,поле: значение,10.20609412517963,2.913146938128629,2.8869715045862576,2.595537520561076,10.628231320359708,8.933994960240495,129.33333333333334
LLM,coling::efafda31-a3f3-48d6-9d8f-b2b5d4b1143b,перемешивание,11.121425273194276,2.5604009764491114,2.580971490450605,2.410831391597503,11.364404631614102,10.531718769087275,123.33333333333333
LLM,coling::efafda31-a3f3-48d6-9d8f-b2b5d4b1143b,чужие хапаксы,10.289225813929486,3.3252469184104405,3.5377432700685603,2.3781294070374384,9.91371404224215,11.337560981399797,129.0
LLM,coling::f4961832-eeb4-41fc-8a64-82c3010783ae,исходный,11.680654006606886,2.992981874402293,2.8353007799885064,2.991050219904418,12.076431754463755,10.028328617129842,140.66666666666666
LLM,coling::f4961832-eeb4-41fc-8a64-82c3010783ae,тема вписана,11.470223420456266,2.8947975402564956,2.8433659603586716,2.624719565535077,11.808218353547119,10.110319152171856,143.0
LLM,coling::f4961832-eeb4-41fc-8a64-82c3010783ae,меньше мыслей,9.734820951134868,2.684169784637287,2.4967394054511427,2.705934215196119,10.347342487723736,8.951072220830035,95.0
LLM,coling::f4961832-eeb4-41fc-8a64-82c3010783ae,одна тема,11.754981873387178,2.875096374301911,2.8290619948970446,2.78786730063243,11.994853041342296,10.572296638061928,145.66666666666666
LLM,coling::f4961832-eeb4-41fc-8a64-82c3010783ae,беднее словарь,11.44107876660411,3.031675680693006,2.933663434663513,2.557294304418655,11.939879679557912,9.572625030974391,133.66666666666666
LLM,coling::f4961832-eeb4-41fc-8a64-82c3010783ae,без синонимов,10.200892359922113,3.321573223751106,3.2684015174721495,3.0401362620395846,10.582672506043492,8.694431247005921,132.66666666666666
LLM,coling::f4961832-eeb4-41fc-8a64-82c3010783ae,термин в той же обёртке,9.902422704514882,3.687601659819267,3.5702251041221444,2.9249347612680183,10.516371209307463,7.440810712982848,138.33333333333334
LLM,coling::f4961832-eeb4-41fc-8a64-82c3010783ae,богаче словарь,11.70256845497146,2.88474333323796,2.8097413002403564,2.5570960093483297,12.03090922363748,9.984774589121601,149.33333333333334
LLM,coling::f4961832-eeb4-41fc-8a64-82c3010783ae,ни одного слова дважды,11.371230155024946,3.0363300092672763,2.9598872304010215,2.6220003603652238,11.73930969986899,9.696508314348863,140.0
LLM,coling::f4961832-eeb4-41fc-8a64-82c3010783ae,редкие синонимы,11.482076819224266,3.0124811008326944,2.994158933252239,2.873435917964056,11.690831581910535,10.480488204698142,148.0
LLM,coling::f4961832-eeb4-41fc-8a64-82c3010783ae,художественный стиль,11.19930137621468,2.8932760255134813,2.905280372508679,2.4647110541604342,11.353993433811562,10.178115729174955,155.33333333333334
LLM,coling::f4961832-eeb4-41fc-8a64-82c3010783ae,анафора,11.009581707687412,3.2186938789742023,2.8409665457908204,3.00810416213895,11.714270158319247,8.058361951544072,128.66666666666666
LLM,coling::f4961832-eeb4-41fc-8a64-82c3010783ae,поле: значение,8.167319929307373,3.444459430009276,3.4392926727085515,3.3866913866404986,8.0901360643254,8.436897422277283,132.33333333333334
LLM,coling::f4961832-eeb4-41fc-8a64-82c3010783ae,перемешивание,11.14497379122412,3.109021515823804,3.191315279236377,2.6960795118832337,11.168653610020137,11.019050133832799,140.33333333333334
LLM,coling::f4961832-eeb4-41fc-8a64-82c3010783ae,чужие хапаксы,10.38803584813708,3.304187122930468,3.375309827889934,2.753069124714011,10.396824551436124,10.342125956052568,144.33333333333334
LLM,coling::2b392f9b-db4c-468a-bf65-fc00202e096d,исходный,10.874347413905204,2.8244251795136055,2.767085278545693,2.575010316071945,11.283231402424539,9.573610999052445,133.0
LLM,coling::2b392f9b-db4c-468a-bf65-fc00202e096d,тема вписана,11.225234044527598,2.8936701499009403,2.7025598248325244,2.3271564996842202,11.859578650941865,9.062046414090558,134.33333333333334
LLM,coling::2b392f9b-db4c-468a-bf65-fc00202e096d,меньше мыслей,8.922285155379887,2.0704180138242196,2.1218693378830857,1.9407211915540383,8.940624430739438,8.881432590436793,102.0
LLM,coling::2b392f9b-db4c-468a-bf65-fc00202e096d,одна тема,11.131857637346341,2.430030839367546,2.347951770182176,2.2847453223043424,11.510284895215307,9.954803571135303,114.66666666666667
LLM,coling::2b392f9b-db4c-468a-bf65-fc00202e096d,беднее словарь,10.731310112045078,2.886984516840346,2.7708925812334186,2.646057773372337,11.20766359537516,9.242269399887189,133.33333333333334
LLM,coling::2b392f9b-db4c-468a-bf65-fc00202e096d,без синонимов,10.751496045291049,2.8506531502203933,2.8218698784768352,2.449447559629638,11.18763766062546,9.430735969178661,123.0
LLM,coling::2b392f9b-db4c-468a-bf65-fc00202e096d,термин в той же обёртке,10.514772494954464,2.9808696931623238,3.02389931924125,2.5776829995912185,10.905716973471556,9.464788458411997,124.33333333333333
LLM,coling::2b392f9b-db4c-468a-bf65-fc00202e096d,каждое предложение о своём,11.059352168602034,2.9503781238376323,3.0216598300376236,2.0770473595893275,11.200356763728943,10.064523077731957,159.33333333333334
LLM,coling::2b392f9b-db4c-468a-bf65-fc00202e096d,богаче словарь,11.958724060007677,2.6358436387812416,2.4725034494929585,2.547755942699945,12.327732168093243,9.930329122945482,153.0
LLM,coling::2b392f9b-db4c-468a-bf65-fc00202e096d,ни одного слова дважды,11.280983420841743,2.929376651938177,2.8922231656930086,2.6062014919991454,11.525991315525781,9.804977964587573,154.66666666666666
LLM,coling::2b392f9b-db4c-468a-bf65-fc00202e096d,редкие синонимы,11.28455448618857,2.6899533560882247,2.5336590513245514,2.5197812574147007,11.785429488752106,9.729375867517126,136.33333333333334
LLM,coling::2b392f9b-db4c-468a-bf65-fc00202e096d,художественный стиль,11.577821329455148,2.8721532848017266,2.7109691830352602,1.9990671933803383,12.083644916069106,8.870990237378193,146.66666666666666
LLM,coling::2b392f9b-db4c-468a-bf65-fc00202e096d,анафора,10.712194456412405,2.8881660709533055,2.498764593809909,3.331154061175411,11.23730114743117,9.032674478037235,114.0
LLM,coling::2b392f9b-db4c-468a-bf65-fc00202e096d,поле: значение,8.66662686709713,2.869561504427414,2.8938371239149974,2.6630439343682277,8.819979704709304,8.015921372094818,135.0
LLM,coling::2b392f9b-db4c-468a-bf65-fc00202e096d,перемешивание,9.959419238907467,2.985545536732806,3.019647141761889,2.838918237233259,10.06742298929458,9.602135106572392,135.0
LLM,coling::2b392f9b-db4c-468a-bf65-fc00202e096d,чужие хапаксы,9.517636555626519,3.6849957291400677,3.8922844654216955,2.460086880899889,9.00694634235014,10.991976795960838,131.0
LLM,coling::3bec38ad-9c98-4004-95a3-5b24858e7401,исходный,10.495777251422297,3.1455305167998517,3.101714424015063,2.543406788215238,11.045925588640243,8.680285944308674,131.0
LLM,coling::3bec38ad-9c98-4004-95a3-5b24858e7401,тема вписана,10.881619104977778,3.1115805042734093,3.120853080337941,2.870261793991079,11.171246800369005,9.928235708267543,132.33333333333334
LLM,coling::3bec38ad-9c98-4004-95a3-5b24858e7401,меньше мыслей,10.031651624143153,2.2950483718205272,2.236833454606583,2.3740226246779432,10.094528023977771,9.93626837808187,105.0
LLM,coling::3bec38ad-9c98-4004-95a3-5b24858e7401,одна тема,10.728574892342026,2.870065947130287,2.758102743958943,2.612335036545518,11.263379241908112,9.178841789474285,118.33333333333333
LLM,coling::3bec38ad-9c98-4004-95a3-5b24858e7401,беднее словарь,11.110962361332952,2.9936557535771917,2.889301776639704,2.627508190216091,11.696967117131685,9.38957251602704,125.66666666666667
LLM,coling::3bec38ad-9c98-4004-95a3-5b24858e7401,без синонимов,11.694307571369906,2.732792674378255,2.6076307663710354,2.8286089936185768,12.021194015577317,10.661628676673379,133.0
LLM,coling::3bec38ad-9c98-4004-95a3-5b24858e7401,термин в той же обёртке,10.778031797511263,3.026105683982053,2.953174301410358,2.673940259647795,11.243760612385364,9.164215434422664,131.66666666666666
LLM,coling::3bec38ad-9c98-4004-95a3-5b24858e7401,богаче словарь,10.981724266800152,3.0817389580493644,3.0818960698787325,2.5829254910820136,11.261998095178749,9.639296489873852,138.0
LLM,coling::3bec38ad-9c98-4004-95a3-5b24858e7401,ни одного слова дважды,10.478526761695987,3.0861383911317666,3.133824333302743,2.309270202282109,10.887686835287722,9.076990215623352,133.66666666666666
LLM,coling::3bec38ad-9c98-4004-95a3-5b24858e7401,редкие синонимы,10.89004452133309,2.9165451110793135,2.9369387450175743,2.641541161517336,11.108051217697614,10.03446688178064,138.0
LLM,coling::3bec38ad-9c98-4004-95a3-5b24858e7401,художественный стиль,12.024582965842798,3.132799409631877,3.0587607916425585,2.585845641419992,12.335647108875321,9.658113175366289,158.0
LLM,coling::3bec38ad-9c98-4004-95a3-5b24858e7401,анафора,10.963439578348599,3.129151427121119,2.8974255260991035,3.0055775866294625,11.561770437023904,8.930556007073113,123.0
LLM,coling::3bec38ad-9c98-4004-95a3-5b24858e7401,поле: значение,6.591117459269864,3.5229343318062862,3.6170458929821003,2.763524817191188,6.266810292809559,7.709791163138946,130.66666666666666
LLM,coling::3bec38ad-9c98-4004-95a3-5b24858e7401,перемешивание,11.09239231990501,2.7605832384729427,2.786603166656917,2.5073483766246594,11.294027423061662,10.420880953766902,133.0
LLM,coling::3bec38ad-9c98-4004-95a3-5b24858e7401,чужие хапаксы,9.61412128353421,3.670536805721578,3.900189266602023,2.7849947532257886,9.456148908717235,10.121226702569013,137.33333333333334
LLM,coling::365ba259-c2eb-480e-84d9-eab251a43b47,исходный,11.02378483026934,3.0590228323223463,2.9462867696485104,2.9506780221179825,11.434498712789667,9.656460791733918,133.0
LLM,coling::365ba259-c2eb-480e-84d9-eab251a43b47,тема вписана,10.895144569135253,3.0897298979063716,3.038169360568203,3.191367552926387,11.075612444162482,10.025325923881747,143.33333333333334
LLM,coling::365ba259-c2eb-480e-84d9-eab251a43b47,беднее словарь,11.273192065923853,2.8650653393096683,2.6377107535688924,3.0592825646804775,11.711445886414637,10.010356993170799,130.0
LLM,coling::365ba259-c2eb-480e-84d9-eab251a43b47,без синонимов,10.930849820061377,2.948138325103649,2.8270868088699896,3.0998718655857807,11.151348444068992,10.231338508356025,121.66666666666667
LLM,coling::365ba259-c2eb-480e-84d9-eab251a43b47,термин в той же обёртке,10.822091230451804,3.1739757610335873,3.175512968501249,2.7210905564477286,11.192057028894297,9.452892634192741,138.0
LLM,coling::365ba259-c2eb-480e-84d9-eab251a43b47,богаче словарь,11.406542404877003,3.2083310592348213,3.2576121408067316,2.625114166486284,11.388286741775838,11.675334840406803,168.0
LLM,coling::365ba259-c2eb-480e-84d9-eab251a43b47,ни одного слова дважды,11.65778717822357,2.8768827149803062,2.8906870378883873,2.65364313207542,11.74036926329069,10.936091851981757,165.66666666666666
LLM,coling::365ba259-c2eb-480e-84d9-eab251a43b47,редкие синонимы,11.055437273075588,3.0231988279802473,2.901750314850046,3.110537259170414,11.405606819220935,9.776277320526242,140.33333333333334
LLM,coling::365ba259-c2eb-480e-84d9-eab251a43b47,художественный стиль,11.625710897737648,2.9817298050870575,2.983270396398017,2.311599108777276,11.880833890796097,10.007981324634764,156.0
LLM,coling::365ba259-c2eb-480e-84d9-eab251a43b47,анафора,9.956685911847993,2.9934545764680394,2.6517764639254113,2.921090490592236,10.635146144999949,7.812186328073618,109.66666666666667
LLM,coling::365ba259-c2eb-480e-84d9-eab251a43b47,поле: значение,7.801724046638875,3.2920384394011304,3.3861914065021743,2.8339715659264733,7.8200551607837285,7.760158345751452,137.66666666666666
LLM,coling::365ba259-c2eb-480e-84d9-eab251a43b47,перемешивание,11.22750894609419,2.8235838838738903,2.9250335569344585,2.2989168438194643,11.161761383301586,11.436536149544054,136.66666666666666
LLM,coling::365ba259-c2eb-480e-84d9-eab251a43b47,чужие хапаксы,9.324818734886692,3.7169969768462146,3.768639332203153,3.1026130905908613,8.873783189324795,10.801796360596008,133.33333333333334
LLM,coling::17ad7e76-2fa1-4c9b-a42b-44a53287fb2e,исходный,10.634582105160574,2.9751828125113593,2.8591896348236987,2.917938812785415,11.032451870023381,9.135002975276345,139.33333333333334
LLM,coling::17ad7e76-2fa1-4c9b-a42b-44a53287fb2e,тема вписана,10.663042077778604,3.0520848335055173,3.015689282910241,2.8592590728066725,11.003069282138043,9.526032944675787,134.33333333333334
LLM,coling::17ad7e76-2fa1-4c9b-a42b-44a53287fb2e,меньше мыслей,10.47735748226659,2.3098533876666396,2.37660878950161,2.0728179824389574,10.710851159385305,10.0570262928341,101.66666666666667
LLM,coling::17ad7e76-2fa1-4c9b-a42b-44a53287fb2e,одна тема,10.755215312970313,2.9080299167892805,2.8011235294167247,2.578175961023847,11.286475668152539,9.230401294449498,129.0
LLM,coling::17ad7e76-2fa1-4c9b-a42b-44a53287fb2e,беднее словарь,10.839932867917556,2.8888426572339223,2.8874436497126434,2.519219379840981,11.228160588197213,9.655852473193528,135.0
LLM,coling::17ad7e76-2fa1-4c9b-a42b-44a53287fb2e,без синонимов,10.81824101009795,2.9082682950535585,2.792875373879839,2.9500942157755587,11.196085758971778,9.674133913394575,135.33333333333334
LLM,coling::17ad7e76-2fa1-4c9b-a42b-44a53287fb2e,термин в той же обёртке,10.603675900025719,3.0915742217948208,2.9004007548061366,3.052373816072654,11.124196682896708,8.743913274917935,132.66666666666666
LLM,coling::17ad7e76-2fa1-4c9b-a42b-44a53287fb2e,богаче словарь,10.423331589497046,3.2790786296369903,3.2754992390546467,3.2198856631964063,10.515215269808234,10.01712322017143,152.66666666666666
LLM,coling::17ad7e76-2fa1-4c9b-a42b-44a53287fb2e,ни одного слова дважды,10.47248272004083,3.0594730809423147,3.079805988574806,2.4826094636711957,10.866333406875176,9.086228350630511,143.66666666666666
LLM,coling::17ad7e76-2fa1-4c9b-a42b-44a53287fb2e,редкие синонимы,10.689123216783535,3.1937379489644298,3.2845657677161206,2.8256056571258656,10.781375879928838,10.368111322793803,142.33333333333334
LLM,coling::17ad7e76-2fa1-4c9b-a42b-44a53287fb2e,художественный стиль,11.532030191789604,3.083506768423471,3.029006258751156,2.7101134785092587,11.897991550058713,9.81798989828568,142.33333333333334
LLM,coling::17ad7e76-2fa1-4c9b-a42b-44a53287fb2e,анафора,10.808063868437609,2.9954933045334187,2.8931065411936046,3.0502497351752154,11.146366486289912,9.682058969336047,118.33333333333333
LLM,coling::17ad7e76-2fa1-4c9b-a42b-44a53287fb2e,поле: значение,7.552365601760296,3.7546095398221317,3.873689042558423,3.141781289863029,7.443268647350043,7.964366593850682,136.0
LLM,coling::17ad7e76-2fa1-4c9b-a42b-44a53287fb2e,перемешивание,11.035680818883142,2.98511840566229,2.9625941649039107,2.928442995781604,11.264177696296803,10.268114853298863,139.66666666666666
LLM,coling::17ad7e76-2fa1-4c9b-a42b-44a53287fb2e,чужие хапаксы,8.438429656677416,3.8676596251251074,4.007536194160083,3.2176959683632718,8.210910777656167,9.194303166775669,136.66666666666666
LLM,coling::bd4df89c-701f-407b-9fc6-2c51aa5be36c,исходный,11.482292871857325,3.0714140542237427,2.9151964092183973,3.0740850162345836,11.911308394873865,9.732757770092144,149.0
LLM,coling::bd4df89c-701f-407b-9fc6-2c51aa5be36c,меньше мыслей,11.351296311011195,2.672309604870277,2.4629918873093923,2.7960524081643823,11.781135747621752,10.347984488219653,131.66666666666666
LLM,coling::bd4df89c-701f-407b-9fc6-2c51aa5be36c,одна тема,11.393381916113006,3.0799613429268295,2.8696524928079383,2.8196867786731787,11.949861783167643,9.090826024927695,145.33333333333334
LLM,coling::bd4df89c-701f-407b-9fc6-2c51aa5be36c,беднее словарь,11.298594467286902,3.0524075376145476,2.734677896345112,2.8833192448550933,11.992036329235596,9.029535087817147,136.33333333333334
LLM,coling::bd4df89c-701f-407b-9fc6-2c51aa5be36c,термин в той же обёртке,11.23819408366932,3.0711748609553813,2.7854883609325953,3.1060333272567315,11.842589021087322,9.586284643028913,135.66666666666666
LLM,coling::bd4df89c-701f-407b-9fc6-2c51aa5be36c,богаче словарь,11.113709849888167,3.2005790290450364,3.0055841033780357,2.9199908188147674,11.620279612251183,8.78780738303103,144.0
LLM,coling::bd4df89c-701f-407b-9fc6-2c51aa5be36c,редкие синонимы,11.116773157007076,3.091067996737983,3.0601772933836267,2.799495878569545,11.414089152803797,9.929391357447008,150.33333333333334
LLM,coling::bd4df89c-701f-407b-9fc6-2c51aa5be36c,художественный стиль,11.552611786387871,3.0033133727282677,2.9893218448938357,2.4097647295704743,11.93046739734685,9.945440872617292,146.0
LLM,coling::bd4df89c-701f-407b-9fc6-2c51aa5be36c,анафора,11.22438677245558,2.9276109338219087,2.6947991876890547,3.324689020089662,11.588302762506279,9.846068854024024,124.66666666666667
LLM,coling::bd4df89c-701f-407b-9fc6-2c51aa5be36c,поле: значение,7.638917264305536,3.6574903605814484,3.758195034051974,3.0947947604832575,7.815014655622034,6.989272669406387,142.0
LLM,coling::bd4df89c-701f-407b-9fc6-2c51aa5be36c,перемешивание,10.5949849128561,3.4210951843533586,3.5155106409269563,2.7772169739481747,10.395743780012038,11.483142051550155,148.33333333333334
LLM,coling::bd4df89c-701f-407b-9fc6-2c51aa5be36c,чужие хапаксы,9.515963728317006,3.667190094619984,3.7635494101799742,3.160579603083755,9.364795022668751,10.13618249682272,149.0
LLM,coling::4b504a77-e4f6-447f-996a-b39d54b5c54c,исходный,10.32085510153748,2.9730417254203876,2.859202100172959,2.7762910768519924,10.798641321255147,8.733835870663784,138.66666666666666
LLM,coling::4b504a77-e4f6-447f-996a-b39d54b5c54c,тема вписана,10.961984229870579,2.934256982344021,2.8578965357541617,2.9151471306384997,11.237485520341286,9.713179947062203,144.33333333333334
LLM,coling::4b504a77-e4f6-447f-996a-b39d54b5c54c,меньше мыслей,9.21896952470813,2.536145225299473,2.413265619640542,2.160714589844071,9.872889619224397,7.828103263460896,116.66666666666667
LLM,coling::4b504a77-e4f6-447f-996a-b39d54b5c54c,одна тема,10.321541525566888,2.758878787379729,2.6838078895741444,2.492826359613846,10.738763705396451,8.869857949369482,132.0
LLM,coling::4b504a77-e4f6-447f-996a-b39d54b5c54c,беднее словарь,10.036835332477608,2.908433119419149,2.8104050500834297,2.661346903449467,10.51458183527843,8.516245125465174,133.0
LLM,coling::4b504a77-e4f6-447f-996a-b39d54b5c54c,без синонимов,8.91356938330584,3.0094760081293415,3.09466822207689,2.6453144767932706,9.176262844197202,8.19645050548838,126.66666666666667
LLM,coling::4b504a77-e4f6-447f-996a-b39d54b5c54c,термин в той же обёртке,9.555632272271376,3.0365748917578723,3.0981545730988564,2.7290570559590885,9.688039485161882,9.05140398682805,129.33333333333334
LLM,coling::4b504a77-e4f6-447f-996a-b39d54b5c54c,каждое предложение о своём,10.962519457636013,2.9012619745376784,2.778718732014294,2.287222990144508,11.358625032506504,8.402530429547127,163.66666666666666
LLM,coling::4b504a77-e4f6-447f-996a-b39d54b5c54c,богаче словарь,10.56851470986936,2.915935746816794,2.9014418673186824,2.48285288624403,10.844177795520443,9.089634857075056,152.33333333333334
LLM,coling::4b504a77-e4f6-447f-996a-b39d54b5c54c,ни одного слова дважды,10.60805242439197,2.7641518282127335,2.746346128060764,2.3094613158145654,10.890087507145859,9.180026569741413,148.33333333333334
LLM,coling::4b504a77-e4f6-447f-996a-b39d54b5c54c,редкие синонимы,10.810757916656334,2.9032433613488418,2.845312416034543,2.8347316494381793,11.069780467130466,9.912580546259568,142.0
LLM,coling::4b504a77-e4f6-447f-996a-b39d54b5c54c,художественный стиль,10.777093871405512,2.9652370829823878,3.0121510727963763,2.56972807711892,10.943397392917257,9.972986732238239,144.0
LLM,coling::4b504a77-e4f6-447f-996a-b39d54b5c54c,анафора,10.005831049950709,3.2874353797927527,2.966717655895419,3.9021090924603334,10.407993653641059,8.611590300831349,138.0
LLM,coling::4b504a77-e4f6-447f-996a-b39d54b5c54c,поле: значение,8.528765193047052,3.345927285046866,3.3758301605322742,2.687896945361793,8.962636295146796,6.91302787504264,138.33333333333334
LLM,coling::4b504a77-e4f6-447f-996a-b39d54b5c54c,перемешивание,10.964855727622933,2.602287563135071,2.6498940173801553,2.3021199845017755,11.128981489513192,10.326080026132656,140.66666666666666
LLM,coling::4b504a77-e4f6-447f-996a-b39d54b5c54c,чужие хапаксы,10.208989836370682,3.5977784626459592,3.7397147353923557,2.7987136450607863,10.039396772201092,10.930837216879839,146.66666666666666
LLM,coling::ef2146c2-c9fe-4563-b26a-b39f1bb94bdd,исходный,10.305872523042403,3.1443830652520908,3.0658427051925092,3.167781636354988,10.61220165081194,9.390264508575335,132.33333333333334
LLM,coling::ef2146c2-c9fe-4563-b26a-b39f1bb94bdd,тема вписана,10.27113967470562,3.296231721872225,3.1677890616100792,3.125376020616752,10.807924291692984,8.580081367286484,134.66666666666666
LLM,coling::ef2146c2-c9fe-4563-b26a-b39f1bb94bdd,меньше мыслей,9.239371697730103,2.160304612166399,2.206384177157758,2.0023192706557897,9.841802584603645,8.77383975933468,77.33333333333333
LLM,coling::ef2146c2-c9fe-4563-b26a-b39f1bb94bdd,одна тема,9.890140718607624,3.0433779365056712,3.1335433270238386,2.649389707369232,10.00442907608584,9.527084595877282,126.0
LLM,coling::ef2146c2-c9fe-4563-b26a-b39f1bb94bdd,беднее словарь,10.113948286568043,2.956950816001767,2.6934947869774266,3.1133397312261395,10.680507847754695,8.89249273983795,114.66666666666667
LLM,coling::ef2146c2-c9fe-4563-b26a-b39f1bb94bdd,без синонимов,10.014926216172059,3.174606532662768,2.941446141503493,3.1412493506613743,10.671134485307803,8.409919975415383,110.33333333333333
LLM,coling::ef2146c2-c9fe-4563-b26a-b39f1bb94bdd,каждое предложение о своём,10.980500274934217,3.147438914922208,3.073010454548504,3.2137138420350464,11.213338781762445,9.577511178822798,150.0
LLM,coling::ef2146c2-c9fe-4563-b26a-b39f1bb94bdd,богаче словарь,10.20994955338506,3.345484779088155,3.3834762118066077,2.836300700774347,10.499699191172006,9.12016692511825,136.33333333333334
LLM,coling::ef2146c2-c9fe-4563-b26a-b39f1bb94bdd,ни одного слова дважды,10.964207410277984,3.430362997320176,3.436063030311502,3.3528774968543824,11.066905306432275,10.587055480028654,142.66666666666666
LLM,coling::ef2146c2-c9fe-4563-b26a-b39f1bb94bdd,редкие синонимы,10.16770073849762,3.426095977354711,3.513166108940027,3.1152007994528472,10.112885369630861,10.292416520071084,133.33333333333334
LLM,coling::ef2146c2-c9fe-4563-b26a-b39f1bb94bdd,художественный стиль,10.837247739024,3.29937005493793,3.3378423517844844,2.7203991654191206,11.030498279555133,9.917409826890394,152.0
LLM,coling::ef2146c2-c9fe-4563-b26a-b39f1bb94bdd,анафора,10.203419077903165,3.2693967087565774,3.048245360337359,3.141689478775284,10.714802745894522,7.820391760883008,131.66666666666666
LLM,coling::ef2146c2-c9fe-4563-b26a-b39f1bb94bdd,поле: значение,7.720272294956711,3.6311429498873324,3.710893337696037,3.40348044641196,7.847764319610949,7.442781814611995,120.66666666666667
LLM,coling::ef2146c2-c9fe-4563-b26a-b39f1bb94bdd,перемешивание,10.788537234905546,2.7714703587251392,2.7490913356079574,2.60224043315659,11.138013444334876,9.941109866335216,125.33333333333333
LLM,coling::ef2146c2-c9fe-4563-b26a-b39f1bb94bdd,чужие хапаксы,9.76449115696217,3.558399589606731,3.688439013651506,3.065732717077646,9.774241711433755,9.748940124860583,131.33333333333334
LLM,coling::a1534ce8-2639-4c7c-b509-3d430b55cf97,исходный,9.996416808110274,2.980484671771345,2.8986610544347258,2.7687762562839198,10.471180291785165,8.61573576399788,134.66666666666666
LLM,coling::a1534ce8-2639-4c7c-b509-3d430b55cf97,тема вписана,9.80449139176483,3.114989164630746,3.1138081704116267,2.7225417067539577,10.13127607749972,8.664419730750176,135.0
LLM,coling::a1534ce8-2639-4c7c-b509-3d430b55cf97,меньше мыслей,9.36236068722407,2.3125026283186454,2.3320517415988458,2.2314822067500546,9.770406926113058,9.017208188809297,96.66666666666667
LLM,coling::a1534ce8-2639-4c7c-b509-3d430b55cf97,одна тема,9.974626719340263,3.018317064181336,3.0347709800127434,2.5034115809475814,10.4320101384029,8.639029653785633,126.66666666666667
LLM,coling::a1534ce8-2639-4c7c-b509-3d430b55cf97,беднее словарь,10.106237331319052,2.8948951803172878,2.806877050439315,2.5606827434906534,10.730718391001842,8.694588343741826,122.66666666666667
LLM,coling::a1534ce8-2639-4c7c-b509-3d430b55cf97,без синонимов,10.291814521606636,2.912940582425541,2.783259631025715,3.015167551127719,10.627947688494155,9.27331508421315,119.66666666666667
LLM,coling::a1534ce8-2639-4c7c-b509-3d430b55cf97,термин в той же обёртке,9.98154135689221,3.1143258852273785,2.969209320755669,3.0624898402005734,10.468871673616196,8.545028574562343,132.33333333333334
LLM,coling::a1534ce8-2639-4c7c-b509-3d430b55cf97,каждое предложение о своём,10.801041899407265,3.0287235537081965,3.032178457495972,2.132121112148559,11.17446201965462,8.937613033980442,141.33333333333334
LLM,coling::a1534ce8-2639-4c7c-b509-3d430b55cf97,богаче словарь,9.489923039338393,3.0730486580828713,3.0754812721047458,2.897223402399527,9.615719044569536,8.85916438774617,146.33333333333334
LLM,coling::a1534ce8-2639-4c7c-b509-3d430b55cf97,ни одного слова дважды,9.848653012444421,3.0390427862156066,2.987422524504826,2.841594192410188,10.196585489241032,8.518273627905709,139.33333333333334
LLM,coling::a1534ce8-2639-4c7c-b509-3d430b55cf97,редкие синонимы,10.40658525623703,3.0510097236768243,3.0415565460948275,2.648238057633882,10.797288301776737,8.91303220749846,142.66666666666666
LLM,coling::a1534ce8-2639-4c7c-b509-3d430b55cf97,художественный стиль,11.189018389269071,2.9931794892310926,3.083339796522443,2.186898655002583,11.365458148443842,10.214780048024908,145.66666666666666
LLM,coling::a1534ce8-2639-4c7c-b509-3d430b55cf97,анафора,10.42927093919896,3.080417183073633,2.872660713650916,3.170462967549257,10.898048730308831,8.732135343290862,127.33333333333333
LLM,coling::a1534ce8-2639-4c7c-b509-3d430b55cf97,поле: значение,9.59049252823095,3.209910070821374,3.2666514295328226,2.776587336415869,8.980270072959145,10.586075502555387,108.0
LLM,coling::a1534ce8-2639-4c7c-b509-3d430b55cf97,перемешивание,11.079365463605727,2.8467796881876457,2.825039458204714,2.7566427700869274,11.319023425971961,10.306789323372122,132.66666666666666
LLM,coling::a1534ce8-2639-4c7c-b509-3d430b55cf97,чужие хапаксы,9.679121885447772,3.4981255035059853,3.6384310809950855,2.9890698877532054,9.660141499261055,9.702403156305769,139.0
LLM,coling::49a2d576-81e8-4b16-889d-beb4a986f322,исходный,10.31223377180177,3.103221406415916,2.9879068959011392,3.235116689062736,10.458303660144253,9.899247117205798,126.33333333333333
LLM,coling::49a2d576-81e8-4b16-889d-beb4a986f322,тема вписана,10.3247791932717,3.142070943927727,3.218660072482498,2.857791914992328,10.319133682846141,10.238929122792518,131.0
LLM,coling::49a2d576-81e8-4b16-889d-beb4a986f322,меньше мыслей,9.981125640828205,1.8935910611469746,1.8777726473061767,1.8785760022980156,10.117314943995423,9.862311657154843,87.0
LLM,coling::49a2d576-81e8-4b16-889d-beb4a986f322,одна тема,10.421016111708475,3.044252160027508,2.875192104519939,3.1354411171804575,10.847842061883442,9.273305679932605,119.66666666666667
LLM,coling::49a2d576-81e8-4b16-889d-beb4a986f322,беднее словарь,10.37253752782735,3.1738231188170665,3.0073768464385164,3.1280042107005017,10.921205198352022,9.003153409757338,122.33333333333333
LLM,coling::49a2d576-81e8-4b16-889d-beb4a986f322,без синонимов,9.693971186369728,3.2693513524037794,3.064992531228484,3.19801257949427,10.371766155543632,8.315341922157083,107.66666666666667
LLM,coling::49a2d576-81e8-4b16-889d-beb4a986f322,термин в той же обёртке,10.077168343308431,3.3232823601418224,3.257167980463223,2.976250243060438,10.62330635589498,8.84382986166588,122.0
LLM,coling::49a2d576-81e8-4b16-889d-beb4a986f322,каждое предложение о своём,11.48183167721416,2.620281687338857,2.6392100324977226,2.481698865995098,11.56832424766985,11.013696229295988,146.0
LLM,coling::49a2d576-81e8-4b16-889d-beb4a986f322,богаче словарь,10.570795951238592,3.265501054902042,3.2305240946538505,3.3009603501750924,10.706250352748691,10.15071180477157,133.0
LLM,coling::49a2d576-81e8-4b16-889d-beb4a986f322,ни одного слова дважды,10.55753766975813,3.424370671123467,3.387578163350357,3.518418574081281,10.626971748217398,10.310953611249465,145.0
LLM,coling::49a2d576-81e8-4b16-889d-beb4a986f322,редкие синонимы,10.888293470651325,3.094040461972423,2.9427716355478815,3.3908728547405254,11.073322448725845,10.390132342051905,135.33333333333334
LLM,coling::49a2d576-81e8-4b16-889d-beb4a986f322,художественный стиль,10.442651007150522,3.356903223547262,3.459075244180646,2.7382139573275737,10.560665734479718,9.869249381726805,146.0
LLM,coling::49a2d576-81e8-4b16-889d-beb4a986f322,анафора,10.845106002963528,2.681244441708815,2.4724316258879706,2.5422086082237088,11.419375785073006,9.122662914711249,124.66666666666667
LLM,coling::49a2d576-81e8-4b16-889d-beb4a986f322,поле: значение,8.441032300648386,3.550932638492577,3.623288405711309,3.32227028121717,8.359528198626547,8.646209510515238,125.0
LLM,coling::49a2d576-81e8-4b16-889d-beb4a986f322,перемешивание,10.051042058714058,3.0183470429049435,3.057813878830574,2.883835311977384,10.238508593755599,9.637157476087433,122.66666666666667
LLM,coling::49a2d576-81e8-4b16-889d-beb4a986f322,чужие хапаксы,9.84947350146305,3.4221728484215803,3.577237511160197,2.899964475336072,9.648331645852492,10.392658741625718,130.0
LLM,coling::724b2f69-4d19-4d08-9bbd-53e0153760b2,исходный,10.31223377180177,3.103221406415916,2.9879068959011392,3.235116689062736,10.458303660144253,9.899247117205798,126.33333333333333
LLM,coling::724b2f69-4d19-4d08-9bbd-53e0153760b2,тема вписана,10.170586001345058,3.2317979003032753,3.0580234835206057,3.413798047544256,10.559887486573514,8.938272904772385,134.66666666666666
LLM,coling::724b2f69-4d19-4d08-9bbd-53e0153760b2,меньше мыслей,10.047350918824074,1.8798074749854479,1.815506070519983,1.9007997962407412,10.27396820586265,9.736141645894124,96.33333333333333
LLM,coling::724b2f69-4d19-4d08-9bbd-53e0153760b2,одна тема,10.421016111708475,3.044252160027508,2.875192104519939,3.1354411171804575,10.847842061883442,9.273305679932605,119.66666666666667
LLM,coling::724b2f69-4d19-4d08-9bbd-53e0153760b2,беднее словарь,10.37253752782735,3.1738231188170665,3.0073768464385164,3.1280042107005017,10.921205198352022,9.003153409757338,122.33333333333333
LLM,coling::724b2f69-4d19-4d08-9bbd-53e0153760b2,без синонимов,9.578185755708175,3.152705127886003,2.9298921495347,2.9844428200689492,10.328221363679384,8.089007816751492,107.33333333333333
LLM,coling::724b2f69-4d19-4d08-9bbd-53e0153760b2,термин в той же обёртке,10.077168343308431,3.3232823601418224,3.257167980463223,2.976250243060438,10.62330635589498,8.84382986166588,122.0
LLM,coling::724b2f69-4d19-4d08-9bbd-53e0153760b2,каждое предложение о своём,11.311675961213128,2.8265345484183677,2.7756798238897944,2.7854244332538585,11.523459334975705,10.121006168053533,143.66666666666666
LLM,coling::724b2f69-4d19-4d08-9bbd-53e0153760b2,богаче словарь,10.570795951238592,3.265501054902042,3.2305240946538505,3.3009603501750924,10.706250352748691,10.15071180477157,133.0
LLM,coling::724b2f69-4d19-4d08-9bbd-53e0153760b2,ни одного слова дважды,10.104745088848505,3.3166631619323517,3.318323288407283,3.2175047857059234,10.29349839911899,9.547702091508242,125.33333333333333
LLM,coling::724b2f69-4d19-4d08-9bbd-53e0153760b2,редкие синонимы,10.462581048247076,3.3699258192084023,3.3458393020839114,3.3574309469855828,10.584887693643262,10.144973950505332,125.33333333333333
LLM,coling::724b2f69-4d19-4d08-9bbd-53e0153760b2,художественный стиль,11.055915506882462,3.1663905149461358,3.1865417402715885,2.8173557158242275,11.255780719961523,10.194049888005159,141.33333333333334
LLM,coling::724b2f69-4d19-4d08-9bbd-53e0153760b2,анафора,10.943654497458887,2.868812007418532,2.5735978238861943,3.115140960388621,11.412992034912243,9.130901258370542,117.33333333333333
LLM,coling::724b2f69-4d19-4d08-9bbd-53e0153760b2,поле: значение,9.032142712474121,3.2268088221872975,3.310794190424748,2.9435498656764736,9.151253918675772,8.713543197327745,123.66666666666667
LLM,coling::724b2f69-4d19-4d08-9bbd-53e0153760b2,перемешивание,10.520198689360026,3.1061402711869697,3.043946985811315,3.2013234714692,10.711074406737007,10.079187456400927,126.33333333333333
LLM,coling::724b2f69-4d19-4d08-9bbd-53e0153760b2,чужие хапаксы,9.64946066418541,3.5727033146130593,3.727083128012645,2.990533612241926,9.609227141076966,9.739732666890719,127.0
LLM,coling::6d5e183d-832b-4aa4-a6e2-563f242380e3,исходный,10.081350988207605,3.376525651987818,3.2627721844699997,3.230322329830115,10.617297130816336,8.737869597184458,130.0
LLM,coling::6d5e183d-832b-4aa4-a6e2-563f242380e3,меньше мыслей,9.85247862803308,2.0857853642298747,2.1194417634155758,2.009933527971354,10.04889136394731,9.585494023823,119.33333333333333
LLM,coling::6d5e183d-832b-4aa4-a6e2-563f242380e3,одна тема,10.314646742033881,3.312621061275333,3.13947918955766,3.453879363865841,10.734158491015185,8.97042160495585,132.0
LLM,coling::6d5e183d-832b-4aa4-a6e2-563f242380e3,беднее словарь,10.423098586768324,3.090132396746102,2.997546925368416,3.174605290348222,10.72300821960733,9.650242005543872,118.33333333333333
LLM,coling::6d5e183d-832b-4aa4-a6e2-563f242380e3,термин в той же обёртке,8.06707605331273,3.5232394281719785,3.6393117445389667,3.068035936695624,7.6381389959707695,8.922927934084965,99.66666666666667
LLM,coling::6d5e183d-832b-4aa4-a6e2-563f242380e3,каждое предложение о своём,11.706308222471959,2.746121581766199,2.5041193527069363,2.9957587954477396,12.089520787125918,9.557546229557454,153.66666666666666
LLM,coling::6d5e183d-832b-4aa4-a6e2-563f242380e3,богаче словарь,10.58709849315601,3.049354687256979,2.908407928519315,3.1225607864411025,10.966513531872662,9.355366458757695,140.0
LLM,coling::6d5e183d-832b-4aa4-a6e2-563f242380e3,редкие синонимы,10.284933005509123,3.4381378290557727,3.4170147404239954,3.3782208906870728,10.582627000260487,9.448840757360747,136.66666666666666
LLM,coling::6d5e183d-832b-4aa4-a6e2-563f242380e3,художественный стиль,11.042812420386374,3.1690788167175437,3.069320347181258,3.151872649733169,11.35088876525407,9.550288936160877,147.33333333333334
LLM,coling::6d5e183d-832b-4aa4-a6e2-563f242380e3,анафора,10.528944308192742,3.323016080579137,3.053904644954629,3.7589801176983215,10.957015238800176,8.514328226133049,138.33333333333334
LLM,coling::6d5e183d-832b-4aa4-a6e2-563f242380e3,поле: значение,7.3246280781812985,3.9596404309458273,3.9157050509816265,3.8847867613123026,6.91384450847993,8.302691354913447,124.0
LLM,coling::6d5e183d-832b-4aa4-a6e2-563f242380e3,перемешивание,10.652982108074584,3.1127291279659883,3.1548963461435187,2.8922094846849027,10.87647871834504,10.040813402955537,136.0
LLM,coling::6d5e183d-832b-4aa4-a6e2-563f242380e3,чужие хапаксы,9.606973740914656,3.622668885924871,3.7927219665883207,2.8886725804129227,9.37688859944806,10.352597388230368,137.0
LLM,coling::23d0bd02-f2a0-4752-971c-cac75280ef8f,исходный,8.99096932008364,3.1965782003163525,3.1172568014951856,2.9080757537747197,9.551940484223769,7.490325245350832,113.66666666666667
LLM,coling::23d0bd02-f2a0-4752-971c-cac75280ef8f,тема вписана,9.269561464823957,3.0952383762608497,2.994977833923263,2.716258375085862,9.89495295955664,7.653098652516867,117.66666666666667
LLM,coling::23d0bd02-f2a0-4752-971c-cac75280ef8f,меньше мыслей,9.797182952180227,3.18747089191276,2.945315819969137,2.8082761195181596,10.49473137755512,7.461040148690287,122.66666666666667
LLM,coling::23d0bd02-f2a0-4752-971c-cac75280ef8f,одна тема,9.174767048879682,3.12256810289611,3.002314830974118,2.5253528218574814,9.973986891604932,7.331286589655462,118.0
LLM,coling::23d0bd02-f2a0-4752-971c-cac75280ef8f,беднее словарь,9.20461986974218,3.0349398730022332,2.9587572467187293,2.568821702470793,9.963230597110323,7.672114451142782,109.33333333333333
LLM,coling::23d0bd02-f2a0-4752-971c-cac75280ef8f,без синонимов,8.791071179832286,3.1995275917456127,3.1327722062410075,3.016506477431476,9.31982171771271,7.627964883492379,110.66666666666667
LLM,coling::23d0bd02-f2a0-4752-971c-cac75280ef8f,термин в той же обёртке,8.962321485491568,3.377523937594283,3.26491711672034,3.538799534612201,9.09769885379246,8.694167478565449,111.66666666666667
LLM,coling::23d0bd02-f2a0-4752-971c-cac75280ef8f,богаче словарь,9.104383675999784,3.21416112443537,3.1707185057440124,2.970532821898704,9.567593782850734,7.853088625943218,119.33333333333333
LLM,coling::23d0bd02-f2a0-4752-971c-cac75280ef8f,ни одного слова дважды,9.408594268739643,3.2947809254943565,3.2472663144015073,2.9839309355847283,9.847681053025253,7.882451749557703,120.33333333333333
LLM,coling::23d0bd02-f2a0-4752-971c-cac75280ef8f,редкие синонимы,8.89992403528214,3.304432147087614,3.216561239099196,3.274386423547851,9.346613338789497,7.732410145082748,119.66666666666667
LLM,coling::23d0bd02-f2a0-4752-971c-cac75280ef8f,художественный стиль,10.836763965559776,2.8788747180728755,2.795867239993296,2.6505413830765483,11.220212662307267,9.289200487478489,138.0
LLM,coling::23d0bd02-f2a0-4752-971c-cac75280ef8f,анафора,11.147948646592305,2.816110168132598,2.5076728732990934,2.7697986189606403,11.797712173992005,9.15715980654283,113.66666666666667
LLM,coling::23d0bd02-f2a0-4752-971c-cac75280ef8f,поле: значение,7.1647160580422025,3.119394504369461,3.112394196627548,3.0990690821610443,7.115881446987931,7.361321893180936,88.0
LLM,coling::23d0bd02-f2a0-4752-971c-cac75280ef8f,перемешивание,9.844196874628645,3.487142577890612,3.2978374958065975,3.8666111593646213,9.89417108310293,9.723258052988946,112.0
LLM,coling::23d0bd02-f2a0-4752-971c-cac75280ef8f,чужие хапаксы,7.94715581429235,3.5883711837541843,3.5625654020683584,3.608427624051295,8.131830991899045,7.52252489032993,111.66666666666667
LLM,coling::65648d18-be4d-475d-bcab-2fbcdb8ade2d,исходный,9.615350247775982,3.3185155957286248,3.3729903266747097,2.528823848894733,9.961872000807382,8.086920258839173,139.33333333333334
LLM,coling::65648d18-be4d-475d-bcab-2fbcdb8ade2d,тема вписана,9.942217974854296,3.525036731237259,3.641163238159377,2.626067501793887,10.256627338482259,8.667894077165736,137.0
LLM,coling::65648d18-be4d-475d-bcab-2fbcdb8ade2d,меньше мыслей,10.14051496891816,2.3907820407680966,2.0757547138647245,2.2789289872601834,10.953565256015928,8.828150787473843,102.0
LLM,coling::65648d18-be4d-475d-bcab-2fbcdb8ade2d,одна тема,10.379287673170365,2.904264734951609,2.9821932578865407,2.463206950088008,10.710368464991312,9.493816999268955,118.33333333333333
LLM,coling::65648d18-be4d-475d-bcab-2fbcdb8ade2d,беднее словарь,10.320066831573675,2.838762308575301,2.868919923938129,2.6140746840872273,10.554930158389586,9.632430533900859,123.33333333333333
LLM,coling::65648d18-be4d-475d-bcab-2fbcdb8ade2d,без синонимов,10.326355970518131,2.716863032453112,2.8131759994891183,2.2636554769357966,10.608047838101397,9.587990818414985,107.0
LLM,coling::65648d18-be4d-475d-bcab-2fbcdb8ade2d,термин в той же обёртке,10.385837006578113,2.9118793622216255,2.9908753780532247,2.341855845434504,10.612098678469454,9.78389806472849,125.66666666666667
LLM,coling::65648d18-be4d-475d-bcab-2fbcdb8ade2d,каждое предложение о своём,10.61895629952327,3.1334175394934713,3.149335037050516,2.5870683814769055,10.788948614501278,9.380165047864468,160.66666666666666
LLM,coling::65648d18-be4d-475d-bcab-2fbcdb8ade2d,богаче словарь,9.700967151352677,3.8787990000343644,3.9548897253360145,3.164317336406303,9.835116903334054,8.809354526853678,164.33333333333334
LLM,coling::65648d18-be4d-475d-bcab-2fbcdb8ade2d,ни одного слова дважды,9.870297120371225,3.5333094483259155,3.6001423363918836,2.9573839594874443,10.122869203235538,8.751152227614677,141.0
LLM,coling::65648d18-be4d-475d-bcab-2fbcdb8ade2d,редкие синонимы,10.650918531116568,2.888673543094835,3.030041321139873,2.3741657251755153,10.629905753815619,10.721365693663943,139.0
LLM,coling::65648d18-be4d-475d-bcab-2fbcdb8ade2d,художественный стиль,11.281487931596608,3.439474645680257,3.4975737231447135,2.9587922903789337,11.430382829947213,10.345942555396046,149.0
LLM,coling::65648d18-be4d-475d-bcab-2fbcdb8ade2d,анафора,11.273334603154728,2.817890612467829,2.6300580705579244,2.573471544626854,11.737221929063558,9.063937038580967,128.66666666666666
LLM,coling::65648d18-be4d-475d-bcab-2fbcdb8ade2d,поле: значение,8.135019683998854,3.6477197293843973,3.7623667358884845,2.8909562727753855,8.103262632522538,8.286171393961224,145.0
LLM,coling::65648d18-be4d-475d-bcab-2fbcdb8ade2d,перемешивание,9.911261261237607,3.329937072635889,3.3494277706697697,3.1296850562931184,9.765963520862543,10.565502428026969,138.33333333333334
LLM,coling::65648d18-be4d-475d-bcab-2fbcdb8ade2d,чужие хапаксы,9.125291367896555,3.8968671042356333,4.030189898316613,3.0576474970905085,8.942412393740435,9.96073878488368,144.66666666666666
LLM,coling::6ea6d618-d59e-455d-a265-490e14187344,исходный,10.321897774269175,3.085615957339151,2.9767103523811778,2.3934959527989075,11.133420692897849,8.386165267793237,113.66666666666667
LLM,coling::6ea6d618-d59e-455d-a265-490e14187344,тема вписана,10.90258335261899,2.862461855505666,2.585430363470868,2.577247728055548,11.533743917502486,8.554364714540123,126.0
LLM,coling::6ea6d618-d59e-455d-a265-490e14187344,меньше мыслей,9.431989075163585,2.17271745992815,2.091900449075773,2.1613223691999606,9.748799700284069,8.999998616213396,97.0
LLM,coling::6ea6d618-d59e-455d-a265-490e14187344,одна тема,10.484824796503961,3.025397809806282,2.7702639480782185,2.5946758243492574,11.37250638638792,8.534227697236105,116.0
LLM,coling::6ea6d618-d59e-455d-a265-490e14187344,беднее словарь,10.776738665679105,2.645920113943635,2.517010732436025,2.4498574875352994,11.302586254793525,9.444667706905818,110.33333333333333
LLM,coling::6ea6d618-d59e-455d-a265-490e14187344,без синонимов,10.670059124887658,2.651981749369169,2.54933654686804,2.3279897119367434,11.290363343908211,9.38636414417501,103.33333333333333
LLM,coling::6ea6d618-d59e-455d-a265-490e14187344,термин в той же обёртке,10.54621043011012,2.8764073598916586,2.637697392415036,2.7389293536602817,11.203304418945711,8.834182393140612,117.0
LLM,coling::6ea6d618-d59e-455d-a265-490e14187344,каждое предложение о своём,11.089574926832661,2.954176549761513,2.790659058661543,3.0014407715441465,11.463316951592127,9.371947780972631,142.33333333333334
LLM,coling::6ea6d618-d59e-455d-a265-490e14187344,богаче словарь,10.974389520657397,2.7295027900049846,2.5977008555912557,2.3992153293461773,11.49004871044635,9.176673520387455,132.33333333333334
LLM,coling::6ea6d618-d59e-455d-a265-490e14187344,ни одного слова дважды,10.638537904107013,2.9065574603755113,2.6852141834997876,2.872966102326584,11.137379767795286,8.957914590742304,129.0
LLM,coling::6ea6d618-d59e-455d-a265-490e14187344,редкие синонимы,11.091307848880163,2.692203510588753,2.465201409124566,2.679469599902987,11.631782962327323,9.599551457267939,119.66666666666667
LLM,coling::6ea6d618-d59e-455d-a265-490e14187344,художественный стиль,12.033268990149518,2.8070235976170874,2.671334955582681,2.5486621862815215,12.401573752681472,9.981481354707421,146.0
LLM,coling::6ea6d618-d59e-455d-a265-490e14187344,анафора,10.181817822880559,2.766163206709775,2.5275591564583366,2.7438898909487386,10.773914289940729,8.79223103687615,96.33333333333333
LLM,coling::6ea6d618-d59e-455d-a265-490e14187344,поле: значение,6.0132508099069435,3.4449826758994333,3.278140854882244,3.6085726407218703,5.644925225313322,7.37491530863996,130.33333333333334
LLM,coling::6ea6d618-d59e-455d-a265-490e14187344,перемешивание,11.343684955421026,2.4557910037181983,2.464475741642177,2.2804228679285456,11.591161699363283,10.739171480722362,115.33333333333333
LLM,coling::6ea6d618-d59e-455d-a265-490e14187344,чужие хапаксы,9.57763154015342,3.4308758033498363,3.516827071485924,3.0926218239418866,9.465101154070714,9.96387208022272,127.66666666666667
LLM,coling::37e384a6-d2b8-444e-ac7f-d4288c173442,исходный,10.491590000912444,2.797291951133939,2.64580951431088,2.691531703983611,11.026733720017509,9.13503564020864,123.66666666666667
LLM,coling::37e384a6-d2b8-444e-ac7f-d4288c173442,тема вписана,10.703167870645396,2.993706967213996,2.844273827956927,2.754835507376321,11.231232216367717,8.903774967452563,131.33333333333334
LLM,coling::37e384a6-d2b8-444e-ac7f-d4288c173442,меньше мыслей,9.758139293910292,2.510397412356005,2.33934003761159,2.2681626043721983,10.437746962252634,8.396564861126699,109.66666666666667
LLM,coling::37e384a6-d2b8-444e-ac7f-d4288c173442,одна тема,10.37635496296368,2.7114932844779367,2.650940114740001,2.1309988624897565,10.969411123518645,8.74024236924584,130.33333333333334
LLM,coling::37e384a6-d2b8-444e-ac7f-d4288c173442,беднее словарь,10.412035853087742,2.6937676090234723,2.575701795273471,2.5357184473790277,10.95578393303157,9.149704501506607,118.66666666666667
LLM,coling::37e384a6-d2b8-444e-ac7f-d4288c173442,без синонимов,10.13113293374713,2.9246646950500206,2.8022397945615265,2.901388646889052,10.547647979749394,8.92859842160767,122.33333333333333
LLM,coling::37e384a6-d2b8-444e-ac7f-d4288c173442,термин в той же обёртке,10.721117205063713,2.920026609450461,2.6737428447416907,2.6800510246103095,11.427374094973537,8.80859594463568,123.66666666666667
LLM,coling::37e384a6-d2b8-444e-ac7f-d4288c173442,каждое предложение о своём,11.747657222602248,2.722848299790153,2.5078389288322747,2.6781625182769626,12.112201026516487,9.025659005474088,155.66666666666666
LLM,coling::37e384a6-d2b8-444e-ac7f-d4288c173442,богаче словарь,12.534506704838805,2.643472664229826,2.613685374672117,2.613896867797402,12.668790459292772,11.50799476694359,170.66666666666666
LLM,coling::37e384a6-d2b8-444e-ac7f-d4288c173442,редкие синонимы,11.256890661978538,2.827626501318621,2.575982570044204,2.338833831004272,12.025804090821145,9.1022259632657,129.66666666666666
LLM,coling::37e384a6-d2b8-444e-ac7f-d4288c173442,художественный стиль,11.88225957999226,2.9726194935068904,2.96567206247806,2.4599546232278837,12.136796262301212,10.352620669431035,160.0
LLM,coling::37e384a6-d2b8-444e-ac7f-d4288c173442,анафора,10.410037731333965,3.118628063150376,2.767242610627891,3.4029498450614053,10.994416333953993,8.486735830626516,123.33333333333333
LLM,coling::37e384a6-d2b8-444e-ac7f-d4288c173442,поле: значение,8.122216290495729,3.0719853634483294,3.030479975347587,2.783394332651305,8.57204690454688,6.855373962095715,133.66666666666666
LLM,coling::37e384a6-d2b8-444e-ac7f-d4288c173442,перемешивание,11.024338734471451,2.8595969898886118,2.9710124206361956,2.4766262596642368,11.077906272558671,10.879322709230742,127.0
LLM,coling::37e384a6-d2b8-444e-ac7f-d4288c173442,чужие хапаксы,9.708836832826139,3.381363975814778,3.602001739152744,2.6032800106081826,9.490144497789633,10.297113558774239,126.66666666666667
LLM,coling::5895f991-9d37-49fe-9f39-eeff324a797c,исходный,11.027052119953652,2.7718237001592616,2.649243781228582,2.370058377662519,11.53503578715835,9.241860994081312,137.33333333333334
LLM,coling::5895f991-9d37-49fe-9f39-eeff324a797c,тема вписана,11.62807125462424,2.8276511806689513,2.5722785731478464,2.8730769319866174,12.130984489653342,9.57072282064664,141.0
LLM,coling::5895f991-9d37-49fe-9f39-eeff324a797c,меньше мыслей,10.339174230058134,2.7961469062173747,2.6586902672468895,2.8832781592836274,10.70955065058403,9.439416996167173,123.33333333333333
LLM,coling::5895f991-9d37-49fe-9f39-eeff324a797c,одна тема,11.221705859754275,2.573335163012471,2.4033872404397734,2.5387663248928596,11.662488964181776,9.758869551472879,130.0
LLM,coling::5895f991-9d37-49fe-9f39-eeff324a797c,беднее словарь,11.156224839909711,2.7049262882631595,2.3537780475977734,2.5961232339757614,11.87472559339583,9.231027044411716,131.33333333333334
LLM,coling::5895f991-9d37-49fe-9f39-eeff324a797c,без синонимов,10.668112622649277,2.8580334503834095,2.776223924839936,2.5386220847668324,11.235516549526642,9.240765014473723,125.33333333333333
LLM,coling::5895f991-9d37-49fe-9f39-eeff324a797c,термин в той же обёртке,11.056022563324952,2.8060920521427577,2.6235094135851904,2.5267651666656783,11.619478224240163,9.071591544536098,132.66666666666666
LLM,coling::5895f991-9d37-49fe-9f39-eeff324a797c,каждое предложение о своём,11.826958834334684,3.229219421053417,3.2044811899579497,2.6914874007828096,12.006686000565155,9.642549864358456,169.33333333333334
LLM,coling::5895f991-9d37-49fe-9f39-eeff324a797c,богаче словарь,11.24207463813868,2.718764943180434,2.577448837144341,2.4986700897203704,11.675050884564577,9.367747535587284,141.66666666666666
LLM,coling::5895f991-9d37-49fe-9f39-eeff324a797c,ни одного слова дважды,11.810139396869703,2.980843243789142,2.961744066359415,3.1415628473729686,11.846976559791871,11.381607781328407,171.0
LLM,coling::5895f991-9d37-49fe-9f39-eeff324a797c,редкие синонимы,11.400380929626406,2.630325995297521,2.403822867200848,2.6635094974143434,11.885884032322252,9.89210038540852,141.0
LLM,coling::5895f991-9d37-49fe-9f39-eeff324a797c,художественный стиль,11.23206828083807,2.9434483966394445,2.8756339369702375,2.6861884498496713,11.562966027855088,9.56387764686387,153.66666666666666
LLM,coling::5895f991-9d37-49fe-9f39-eeff324a797c,анафора,11.140642695022942,2.7510035132419812,2.548916699182282,2.849583139740068,11.569627049895141,9.611154507598352,125.33333333333333
LLM,coling::5895f991-9d37-49fe-9f39-eeff324a797c,поле: значение,7.421584378098522,3.270937631756994,3.375086854690035,2.7838822015144973,7.384913628677018,7.593310281583908,136.0
LLM,coling::5895f991-9d37-49fe-9f39-eeff324a797c,перемешивание,10.382389065441883,3.292686187825803,3.434958768343145,2.6352079756030626,10.495497206471445,9.963506524590816,130.66666666666666
LLM,coling::5895f991-9d37-49fe-9f39-eeff324a797c,чужие хапаксы,8.786243794794627,3.522665439937775,3.6634571911675304,2.9555639470587303,8.665772207225787,9.144195472197636,131.0
LLM,coling::a9b058a8-5ce8-448f-820a-6ffba6409219,исходный,10.546343052890892,3.05083037996244,2.806913460755043,2.9155730401858064,11.15023129592201,8.630591071961137,128.33333333333334
LLM,coling::a9b058a8-5ce8-448f-820a-6ffba6409219,тема вписана,10.469852787269241,3.027587696857696,2.857810552219535,3.153666467467804,10.901097425457536,9.293780578841885,127.33333333333333
LLM,coling::a9b058a8-5ce8-448f-820a-6ffba6409219,меньше мыслей,10.296869579211373,2.1364659938506234,1.9872367718692854,2.007295361756904,10.846018180080165,9.292745036722588,84.33333333333333
LLM,coling::a9b058a8-5ce8-448f-820a-6ffba6409219,одна тема,10.072427283434601,3.280947654526145,3.011757949203958,3.173707615245076,10.842876034398735,8.29103723358648,111.0
LLM,coling::a9b058a8-5ce8-448f-820a-6ffba6409219,беднее словарь,10.820957825117736,2.6531135813083875,2.3135203624357175,2.564383849280252,11.533954768810204,8.92405077092637,113.33333333333333
LLM,coling::a9b058a8-5ce8-448f-820a-6ffba6409219,без синонимов,10.954340537304248,2.613442206809694,2.4284616517647866,2.895137509745378,11.233675024087743,10.215998093948334,118.33333333333333
LLM,coling::a9b058a8-5ce8-448f-820a-6ffba6409219,термин в той же обёртке,9.37085949510857,3.115704544815479,3.0366340838337655,3.0786611093985274,9.757985100739718,8.660272675899456,104.33333333333333
LLM,coling::a9b058a8-5ce8-448f-820a-6ffba6409219,каждое предложение о своём,10.894382020301826,3.024357496780303,2.7866226297275376,3.4825986863898035,11.251837223366783,9.07528436044764,150.66666666666666
LLM,coling::a9b058a8-5ce8-448f-820a-6ffba6409219,богаче словарь,10.824618026141643,2.925085220934104,2.8250903829831784,2.753277994847595,11.262629932769917,9.488062410038593,132.33333333333334
LLM,coling::a9b058a8-5ce8-448f-820a-6ffba6409219,ни одного слова дважды,10.02694159949851,3.010015837323305,2.860359201247841,2.963917307314867,10.5125674030661,8.518846209152274,128.66666666666666
LLM,coling::a9b058a8-5ce8-448f-820a-6ffba6409219,художественный стиль,11.29510360869395,3.0325135172493867,3.0529085297822376,2.2383397024385556,11.647556873987037,9.643615084471955,140.33333333333334
LLM,coling::a9b058a8-5ce8-448f-820a-6ffba6409219,анафора,10.93422624247827,2.686127751105193,2.5211467223941275,2.4875075948963907,11.448060654305328,9.341858889865419,116.66666666666667
LLM,coling::a9b058a8-5ce8-448f-820a-6ffba6409219,поле: значение,7.685365629798071,3.5283783701237676,3.5667750693937954,3.3764792668714954,7.644229002525793,7.839878920251213,133.33333333333334
LLM,coling::a9b058a8-5ce8-448f-820a-6ffba6409219,перемешивание,10.785241951813637,2.6767335105185235,2.5765807499112374,2.7308687596408876,11.126525198949368,10.004755418237062,124.0
LLM,coling::a9b058a8-5ce8-448f-820a-6ffba6409219,чужие хапаксы,9.056269872743949,3.681998729174664,3.776495230540446,2.976271259133863,8.664169253394904,10.241958061533905,130.33333333333334
LLM,coling::1770be09-c92d-43e3-ab15-7b7318ca2f96,исходный,10.205818895258002,2.8147587172606734,2.62521308638506,2.779843680548589,10.746734541948578,8.70842679615023,127.0
LLM,coling::1770be09-c92d-43e3-ab15-7b7318ca2f96,меньше мыслей,9.313659986719038,2.0342342075545674,2.0282409935512917,1.8918434179414432,10.054592173401339,8.88653493888772,82.0
LLM,coling::1770be09-c92d-43e3-ab15-7b7318ca2f96,одна тема,10.90756650270481,2.77340061750814,2.5124248304908776,2.393464812660105,11.733923529141045,9.104695634035998,114.0
LLM,coling::1770be09-c92d-43e3-ab15-7b7318ca2f96,термин в той же обёртке,10.023484644033706,2.776341204074221,2.697706335431453,2.563667852477831,10.542830903176577,8.871612449584413,115.0
LLM,coling::1770be09-c92d-43e3-ab15-7b7318ca2f96,каждое предложение о своём,12.083557495434107,2.7059452657850898,2.6243142584702572,2.086273312628906,12.398246173038801,9.970802148059699,156.66666666666666
LLM,coling::1770be09-c92d-43e3-ab15-7b7318ca2f96,богаче словарь,10.95526234165231,2.8155729477272353,2.8180936773772456,2.3109032140856556,11.25780576938895,9.492776831939054,149.66666666666666
LLM,coling::1770be09-c92d-43e3-ab15-7b7318ca2f96,редкие синонимы,10.991055537810801,2.7290134603594836,2.5610126432391698,2.6740385238906614,11.45191342722527,9.430486219099327,140.66666666666666
LLM,coling::1770be09-c92d-43e3-ab15-7b7318ca2f96,художественный стиль,11.520878319525032,2.7709026101750633,2.542693525432128,2.198357235363479,12.010149762158692,8.603786147489656,153.66666666666666
LLM,coling::1770be09-c92d-43e3-ab15-7b7318ca2f96,анафора,10.96671142179182,2.6257413047437432,2.3384602540926416,2.659632175134559,11.59665213940331,9.543474509370645,109.66666666666667
LLM,coling::1770be09-c92d-43e3-ab15-7b7318ca2f96,поле: значение,9.509630015743342,2.965224315874192,2.9507243414028017,2.482988685083063,9.922747977194826,8.142378048131214,137.66666666666666
LLM,coling::1770be09-c92d-43e3-ab15-7b7318ca2f96,перемешивание,9.917788449738877,2.9380284171825424,2.910046985693451,2.864684056319724,10.195856621200475,9.24458346392061,121.66666666666667
LLM,coling::1770be09-c92d-43e3-ab15-7b7318ca2f96,чужие хапаксы,8.924745759359524,3.76161809186508,3.9776163294608526,3.0411002941190746,8.742268197599934,9.416309054119326,129.66666666666666
LLM,coling::3dd39352-d471-4ab9-bd50-b7345fc1d97c,исходный,10.746196037008312,2.7925237431883603,2.6134839130642145,2.836934310969036,11.221987547836639,9.413821320563896,130.66666666666666
LLM,coling::3dd39352-d471-4ab9-bd50-b7345fc1d97c,тема вписана,10.920281959978896,2.7811147293620415,2.7310005177042433,2.663294066471954,11.213663474341388,9.792088843204938,138.66666666666666
LLM,coling::3dd39352-d471-4ab9-bd50-b7345fc1d97c,меньше мыслей,9.343843474883075,2.4531285324219305,2.3588321812015263,2.1744116020359745,9.912159695193724,8.142071206764232,114.0
LLM,coling::3dd39352-d471-4ab9-bd50-b7345fc1d97c,одна тема,11.37932281689328,2.6892547640631146,2.4724478192713377,2.414411057172852,11.929553700397216,9.272686756183402,137.66666666666666
LLM,coling::3dd39352-d471-4ab9-bd50-b7345fc1d97c,беднее словарь,10.693404050419247,2.9306080727508124,2.7001690402616085,3.1849585338218316,11.12349180596989,9.582872511852292,128.66666666666666
LLM,coling::3dd39352-d471-4ab9-bd50-b7345fc1d97c,без синонимов,10.810707741823927,2.7139050633602433,2.569844646523292,2.7014036906195624,11.278064755003085,9.615392772726018,121.33333333333333
LLM,coling::3dd39352-d471-4ab9-bd50-b7345fc1d97c,термин в той же обёртке,10.280361147025111,2.837606476575442,2.6666271512303203,2.725680651555203,10.802035435644823,8.90258437207679,127.0
LLM,coling::3dd39352-d471-4ab9-bd50-b7345fc1d97c,богаче словарь,10.833349833102313,3.00760164580932,2.9299913686625487,2.840373069778334,11.185498848248157,9.40762916717661,146.66666666666666
LLM,coling::3dd39352-d471-4ab9-bd50-b7345fc1d97c,ни одного слова дважды,10.563728723006282,3.21571162523686,3.087113169405761,3.2834808593666316,10.941524700419023,9.251408793255242,145.66666666666666
LLM,coling::3dd39352-d471-4ab9-bd50-b7345fc1d97c,редкие синонимы,10.94685518469261,2.865865810655586,2.7936160560609906,2.9038181131662255,11.229170670260737,10.099136154239824,127.66666666666667
LLM,coling::3dd39352-d471-4ab9-bd50-b7345fc1d97c,художественный стиль,12.057195458521079,2.653061984832409,2.482582745880601,2.5575752500153954,12.46070467046662,10.073145784505058,148.66666666666666
LLM,coling::3dd39352-d471-4ab9-bd50-b7345fc1d97c,анафора,10.37952894914401,2.747561388686659,2.578098671002786,2.8525113135817683,10.798075141365784,9.111101001621668,110.66666666666667
LLM,coling::3dd39352-d471-4ab9-bd50-b7345fc1d97c,поле: значение,6.39082630984831,3.50887213256645,3.6062071238764233,3.145774445414272,6.297315477033281,6.674064543281787,122.0
LLM,coling::3dd39352-d471-4ab9-bd50-b7345fc1d97c,перемешивание,10.01429572071744,3.114972154609751,3.2741917721681837,2.457950165018257,9.819400860812662,10.590193505251621,134.0
LLM,coling::3dd39352-d471-4ab9-bd50-b7345fc1d97c,чужие хапаксы,9.422269358582227,3.559963996823823,3.6804666253487652,2.8839764979575775,9.03570950886209,10.548401077336163,132.33333333333334
LLM,coling::8eb96c1a-6193-4f0f-843b-4b91efbea553,исходный,9.686592086368334,3.1919129070942707,3.413935442218465,2.693251502895883,9.956042162441019,9.215419517669798,113.66666666666667
LLM,coling::8eb96c1a-6193-4f0f-843b-4b91efbea553,тема вписана,10.286364441865045,3.211602517269041,3.312658228565302,2.80350062046657,10.646958205241647,9.5047953290065,114.33333333333333
LLM,coling::8eb96c1a-6193-4f0f-843b-4b91efbea553,меньше мыслей,9.682989899510043,2.4957938639360377,2.214431526145697,2.634940994594132,10.130327396254481,9.256810013395283,79.66666666666667
LLM,coling::8eb96c1a-6193-4f0f-843b-4b91efbea553,одна тема,10.258529235439482,2.8514022194502764,2.8712305876572017,2.780283134134135,10.481443498787533,9.807699416559169,105.0
LLM,coling::8eb96c1a-6193-4f0f-843b-4b91efbea553,беднее словарь,9.895983570818528,2.7902466015872336,2.7481140104528543,2.6728129806108267,10.312749206536475,9.086437367061123,107.0
LLM,coling::8eb96c1a-6193-4f0f-843b-4b91efbea553,без синонимов,9.866565951270264,2.896592630521646,2.931990225332459,2.7337346480299893,10.140303059614928,9.332858026292866,108.0
LLM,coling::8eb96c1a-6193-4f0f-843b-4b91efbea553,термин в той же обёртке,10.055791281199363,2.8578460154645877,2.886566622501339,2.7244269956692775,10.260175180410284,9.667186828232596,108.33333333333333
LLM,coling::8eb96c1a-6193-4f0f-843b-4b91efbea553,каждое предложение о своём,10.55842335674597,2.8948892172050975,2.996553657558055,2.3064307295067725,10.573652988317837,10.609008754743678,149.33333333333334
LLM,coling::8eb96c1a-6193-4f0f-843b-4b91efbea553,богаче словарь,10.451320301733608,3.0278034750100375,2.934457264075773,3.2729664447494,10.47464552814003,10.389892930371381,138.33333333333334
LLM,coling::8eb96c1a-6193-4f0f-843b-4b91efbea553,ни одного слова дважды,9.968150389312525,3.036672382534294,3.154831957942219,2.640437601183851,10.0973511339559,9.679591593270121,121.33333333333333
LLM,coling::8eb96c1a-6193-4f0f-843b-4b91efbea553,редкие синонимы,9.516428464357642,3.2053297081411203,3.402516805326556,2.7074376687456194,9.571337485768437,9.402439634886376,117.66666666666667
LLM,coling::8eb96c1a-6193-4f0f-843b-4b91efbea553,художественный стиль,10.73018357736376,2.863772529326944,2.9332313236709093,2.645795798164752,10.619700322519567,11.018969972280223,125.33333333333333
LLM,coling::8eb96c1a-6193-4f0f-843b-4b91efbea553,анафора,9.562105950234665,2.9085853358154643,2.9305116790462438,2.864264254980761,9.451140477457221,9.776516893391499,99.0
LLM,coling::8eb96c1a-6193-4f0f-843b-4b91efbea553,поле: значение,8.176242160614168,2.9562983116814965,3.081667743200281,2.618161038400794,8.01261571593272,8.475696220085121,116.66666666666667
LLM,coling::8eb96c1a-6193-4f0f-843b-4b91efbea553,перемешивание,9.426829422142921,3.197123419201086,3.2175182131674127,3.069597688280219,9.669630379582683,8.903454917939579,115.66666666666667
LLM,coling::8eb96c1a-6193-4f0f-843b-4b91efbea553,чужие хапаксы,9.263650029110908,3.3769342743255155,3.566650715892669,2.571878613165271,8.821852648928825,10.298193299884433,116.66666666666667
LLM,coling::59aec439-babf-4d21-b03b-4f331a96f0bf,исходный,9.774017790831456,3.058455697754099,3.087309363202397,2.850620889562576,10.005538862569669,9.131256251158725,123.0
LLM,coling::59aec439-babf-4d21-b03b-4f331a96f0bf,тема вписана,10.082694968532989,3.111736440638799,3.1164147223702616,2.980990868786449,10.318331149900468,9.355596636410905,132.0
LLM,coling::59aec439-babf-4d21-b03b-4f331a96f0bf,меньше мыслей,10.483414223889591,2.2471284546506487,2.1913783475020856,2.0826872082669996,10.859831189705297,9.712968415126978,102.33333333333333
LLM,coling::59aec439-babf-4d21-b03b-4f331a96f0bf,одна тема,10.095712129117752,2.9145033797971442,2.9018763915756285,2.7540330418296404,10.492532652731928,9.208727008221627,112.66666666666667
LLM,coling::59aec439-babf-4d21-b03b-4f331a96f0bf,беднее словарь,9.672872204301177,2.9339310439475024,2.8513758750739,2.9947094346145864,9.94803937901532,8.896110010949672,123.66666666666667
LLM,coling::59aec439-babf-4d21-b03b-4f331a96f0bf,без синонимов,10.069406707761052,2.8986301489722486,2.838450455366988,2.708878069197812,10.500345820408187,8.928690002175484,120.0
LLM,coling::59aec439-babf-4d21-b03b-4f331a96f0bf,термин в той же обёртке,10.431070911849753,2.945664829591377,2.870266197977308,2.9480228800612935,10.744322342355941,9.589429089324112,123.0
LLM,coling::59aec439-babf-4d21-b03b-4f331a96f0bf,богаче словарь,10.416865277254173,3.309380734927608,3.3548109831076753,3.0344688459485827,10.53214913837924,9.91095836687301,144.0
LLM,coling::59aec439-babf-4d21-b03b-4f331a96f0bf,ни одного слова дважды,10.239647196117266,3.139395837873339,3.220452553971324,2.847247868537289,10.236472992220378,10.247502811896043,134.0
LLM,coling::59aec439-babf-4d21-b03b-4f331a96f0bf,редкие синонимы,10.381265010063894,2.8024512907659935,2.87803824846357,2.5448366082408014,10.47770894524664,10.138154649702427,125.33333333333333
LLM,coling::59aec439-babf-4d21-b03b-4f331a96f0bf,художественный стиль,10.751503682741907,3.284933877005701,3.3691470901663245,2.614866591817519,10.95051855779547,9.79548245629548,146.33333333333334
LLM,coling::59aec439-babf-4d21-b03b-4f331a96f0bf,анафора,9.558387758353229,3.0702163705293906,3.115343844282748,2.8085922318958256,9.886189815657824,8.79825447307236,109.66666666666667
LLM,coling::59aec439-babf-4d21-b03b-4f331a96f0bf,поле: значение,7.402610845038008,3.6759630107541823,3.7982462466914675,3.224565021598291,7.715038049677283,6.662399334870752,125.66666666666667
LLM,coling::59aec439-babf-4d21-b03b-4f331a96f0bf,перемешивание,10.540684543946039,2.9057251786375855,2.9892123738446963,2.6694204573843625,10.6110009356782,10.356027125233535,121.66666666666667
LLM,coling::59aec439-babf-4d21-b03b-4f331a96f0bf,чужие хапаксы,9.448105466254441,3.6484047665020825,3.817144603157311,2.848932735815494,9.083879270473338,10.42880479131508,129.66666666666666
LLM,coling::9e189795-5152-41d4-9713-20ef5189d721,исходный,10.67743840362865,2.8617296054163623,2.7613214314411056,2.5890254283062943,11.167849504527494,9.131085502378246,132.66666666666666
LLM,coling::9e189795-5152-41d4-9713-20ef5189d721,тема вписана,10.763712174593275,3.067108759446956,3.209605485150807,2.3090504022664438,10.962804847924682,10.101564770929416,139.0
LLM,coling::9e189795-5152-41d4-9713-20ef5189d721,меньше мыслей,9.195011194569442,2.4044593592857115,2.5105344839284247,1.7809534356467764,9.801491831313404,8.235169766729047,91.66666666666667
LLM,coling::9e189795-5152-41d4-9713-20ef5189d721,одна тема,11.400408653925325,2.395235841370024,2.32319465676404,2.096324004654624,11.832784444634996,10.198770767462735,113.0
LLM,coling::9e189795-5152-41d4-9713-20ef5189d721,беднее словарь,10.896201730477456,2.7565672342109644,2.7909202453258732,2.342983011150277,11.324551889740247,9.894158347420884,124.66666666666667
LLM,coling::9e189795-5152-41d4-9713-20ef5189d721,без синонимов,10.335871929523156,2.902317013391842,2.896694613503939,2.4904562145758944,10.856667926517792,9.099645523759841,120.66666666666667
LLM,coling::9e189795-5152-41d4-9713-20ef5189d721,термин в той же обёртке,10.722538633722797,2.996516711423561,2.9446802957419034,2.5250634561465635,11.271633802922407,9.092687491922005,126.33333333333333
LLM,coling::9e189795-5152-41d4-9713-20ef5189d721,богаче словарь,11.965607382329429,2.506436965034737,2.407557731635844,2.1683769121495415,12.329664010986207,10.21902652595685,149.66666666666666
LLM,coling::9e189795-5152-41d4-9713-20ef5189d721,ни одного слова дважды,11.41108375578544,2.7044448684391704,2.5916616609749,2.176892673243396,11.927955617940716,9.377217876040506,140.33333333333334
LLM,coling::9e189795-5152-41d4-9713-20ef5189d721,редкие синонимы,11.275069854572841,2.686660072032288,2.6438593570554123,2.4554107439006256,11.633751953736498,10.068215986188605,139.0
LLM,coling::9e189795-5152-41d4-9713-20ef5189d721,художественный стиль,11.055776003512031,2.7525593585712103,2.808570147954857,2.223259697569931,11.310966617455188,10.021818710252063,145.33333333333334
LLM,coling::9e189795-5152-41d4-9713-20ef5189d721,анафора,10.11173961734514,2.7523634231241476,2.6523070633029766,2.6383216652694386,10.557030079216501,8.93777279524698,106.33333333333333
LLM,coling::9e189795-5152-41d4-9713-20ef5189d721,поле: значение,7.080439769678862,3.622691047489075,3.7089655599095273,3.089752733260095,6.680601195733146,8.113728947972985,128.33333333333334
LLM,coling::9e189795-5152-41d4-9713-20ef5189d721,перемешивание,11.169310503426367,2.5697590897491107,2.500052621083731,2.6418772902358576,11.375652214849671,10.508139911390588,130.66666666666666
LLM,coling::9e189795-5152-41d4-9713-20ef5189d721,чужие хапаксы,9.59075702914023,3.28357010700763,3.451565896909155,2.480835520866382,9.551007604210302,9.716486284154009,129.33333333333334
LLM,coling::df393828-70be-448f-bbdb-11367e15a5fb,исходный,10.628597847137693,2.9606226911022655,2.8097678302424725,2.491147789821822,11.297615324339462,8.693943581163131,122.66666666666667
LLM,coling::df393828-70be-448f-bbdb-11367e15a5fb,тема вписана,10.730768132908855,3.0049253758221677,3.052454397488779,2.5424229688615902,11.009673607291125,9.71861752675031,134.33333333333334
LLM,coling::df393828-70be-448f-bbdb-11367e15a5fb,меньше мыслей,9.255802781460524,2.133701267102179,2.184394068156395,1.8844156910808618,9.626782354147176,8.629944200045772,86.33333333333333
LLM,coling::df393828-70be-448f-bbdb-11367e15a5fb,одна тема,10.060511322900789,3.0703252235650496,2.881072593689997,2.872302271355855,10.640946695841068,8.17621906666041,113.33333333333333
LLM,coling::df393828-70be-448f-bbdb-11367e15a5fb,беднее словарь,10.692571261828805,2.843090792884073,2.633499638393108,2.3596939325662407,11.469402479033413,8.786083366364721,119.66666666666667
LLM,coling::df393828-70be-448f-bbdb-11367e15a5fb,без синонимов,10.131149952797921,2.98294802490249,2.9002269465083415,2.388319698298383,10.706280048906114,8.250487593568872,124.33333333333333
LLM,coling::df393828-70be-448f-bbdb-11367e15a5fb,термин в той же обёртке,10.017278229857505,3.027451825418495,2.920434420582852,2.6701717697266187,10.621298754625382,8.397544230821104,121.0
LLM,coling::df393828-70be-448f-bbdb-11367e15a5fb,богаче словарь,10.812947997232433,2.945857910697351,2.894141677433923,2.5487779285193812,11.254174088270382,9.256534167426302,134.0
LLM,coling::df393828-70be-448f-bbdb-11367e15a5fb,ни одного слова дважды,10.762969235567004,3.133382879311419,3.1833700486612746,2.01951054399678,11.200254172749453,8.886322408617346,137.66666666666666
LLM,coling::df393828-70be-448f-bbdb-11367e15a5fb,редкие синонимы,11.277149996389111,2.9477602340981606,2.8644641697873623,2.5035003812131804,11.774649453651278,9.498635039563778,130.66666666666666
LLM,coling::df393828-70be-448f-bbdb-11367e15a5fb,художественный стиль,10.885103366062024,2.9782579349924263,2.997469059725032,2.3874001779005476,11.12098284617788,9.691763425154113,141.33333333333334
LLM,coling::df393828-70be-448f-bbdb-11367e15a5fb,анафора,11.056166349046395,2.561548450073653,2.446600031881314,2.334928662825584,11.569432078153797,9.629663446514995,103.66666666666667
LLM,coling::df393828-70be-448f-bbdb-11367e15a5fb,поле: значение,8.822329837459186,3.2199737039068914,3.3163468991787735,2.6038846734812258,9.149278142752562,7.790893844212451,128.0
LLM,coling::df393828-70be-448f-bbdb-11367e15a5fb,перемешивание,10.860429248713595,2.7459961927218095,2.7201965578152927,2.783402004041878,10.910953098978267,10.67287227791256,125.0
LLM,coling::df393828-70be-448f-bbdb-11367e15a5fb,чужие хапаксы,9.55413298316895,3.529705783018754,3.6842467268726047,2.5473327708587896,9.15299329801863,10.848143214483288,131.0
LLM,coling::b21c6524-7e1a-4589-933c-d0152005962d,исходный,10.350229612389874,2.948547346228878,2.8603653531504194,2.9248677846582467,10.662663801619638,9.486617886365787,127.0
LLM,coling::b21c6524-7e1a-4589-933c-d0152005962d,меньше мыслей,9.448080497408752,2.144114916030875,2.125977528053994,2.1441513897182136,9.527432358910184,9.346321230246382,92.66666666666667
LLM,coling::b21c6524-7e1a-4589-933c-d0152005962d,одна тема,10.452059181235587,2.5252514481422317,2.4848761535430763,2.4080558280891204,10.743720270842411,9.519108888751164,120.33333333333333
LLM,coling::b21c6524-7e1a-4589-933c-d0152005962d,беднее словарь,9.839432586786467,2.967491922194147,2.9205292027129324,2.982052915750534,10.093896042344243,9.17566975640847,120.0
LLM,coling::b21c6524-7e1a-4589-933c-d0152005962d,термин в той же обёртке,10.37328904996208,3.0164158342579923,2.969029117849693,2.8105610172834545,10.742852130353127,9.343982313605188,124.33333333333333
LLM,coling::b21c6524-7e1a-4589-933c-d0152005962d,каждое предложение о своём,11.212468944763318,2.978224684607101,3.0513267730094,2.5091467394553177,11.269991704550273,10.87895235896948,142.0
LLM,coling::b21c6524-7e1a-4589-933c-d0152005962d,богаче словарь,10.994082970082104,3.1817667527151223,3.232420678353938,2.7052340322348214,10.980419515412322,11.057187207450852,164.33333333333334
LLM,coling::b21c6524-7e1a-4589-933c-d0152005962d,редкие синонимы,10.383919233266576,2.838154681431316,2.80204576521407,2.856499516649904,10.581665126933345,9.778257278752088,124.33333333333333
LLM,coling::b21c6524-7e1a-4589-933c-d0152005962d,художественный стиль,11.49544608412382,2.785681525155933,2.7502094579519714,2.4915689518283264,11.802368747919411,10.15106682280217,146.66666666666666
LLM,coling::b21c6524-7e1a-4589-933c-d0152005962d,анафора,9.442195579325245,3.02504248900835,2.742374625389282,2.972784463368345,10.130009420575156,7.78356624289886,106.66666666666667
LLM,coling::b21c6524-7e1a-4589-933c-d0152005962d,поле: значение,6.780782296718179,3.924611243228529,3.825197322659701,3.3471493441886166,6.001328115016484,8.789605963571875,117.66666666666667
LLM,coling::b21c6524-7e1a-4589-933c-d0152005962d,перемешивание,9.552261414251564,3.173790077773635,3.198197147892549,3.0650693771982858,9.665536948422687,9.211953197763377,127.0
LLM,coling::b21c6524-7e1a-4589-933c-d0152005962d,чужие хапаксы,9.844466928849725,3.486514304045525,3.622861373610156,2.3594707710425147,9.370695361789329,11.375360492312824,128.66666666666666
LLM,coling::cbaa1dc4-0458-47d8-b3a6-f6f1b4b4c270,исходный,10.898200293980052,2.740399770128884,2.657612688590628,2.744591584407322,11.183140963780227,9.949709932262978,134.33333333333334
LLM,coling::cbaa1dc4-0458-47d8-b3a6-f6f1b4b4c270,тема вписана,10.477756507998437,3.116578465985729,3.1827423855159225,2.7704705257264695,10.649117347321656,9.818852197912918,141.33333333333334
LLM,coling::cbaa1dc4-0458-47d8-b3a6-f6f1b4b4c270,меньше мыслей,10.26226104544807,2.591565232943319,2.4916197603710164,2.557599663670214,10.631597263978952,9.688469475320353,107.33333333333333
LLM,coling::cbaa1dc4-0458-47d8-b3a6-f6f1b4b4c270,одна тема,10.876924508598655,2.6207944179743943,2.5173427309988394,2.529725701624225,11.272577716177546,9.674353962290716,122.33333333333333
LLM,coling::cbaa1dc4-0458-47d8-b3a6-f6f1b4b4c270,беднее словарь,10.479220044084824,2.8395968466763435,2.806139833576193,2.5715926742217374,10.88975527542825,9.375780858790977,124.33333333333333
LLM,coling::cbaa1dc4-0458-47d8-b3a6-f6f1b4b4c270,без синонимов,10.2845649975195,3.0568909811793006,2.9905672042898668,2.6623003651367845,10.825392402064208,8.81296044542508,125.33333333333333
LLM,coling::cbaa1dc4-0458-47d8-b3a6-f6f1b4b4c270,термин в той же обёртке,10.616212780759144,2.932676059030794,2.9006909459591554,2.813621570518412,10.922252311977068,9.801447533505582,130.33333333333334
LLM,coling::cbaa1dc4-0458-47d8-b3a6-f6f1b4b4c270,богаче словарь,10.620895928892343,3.1148412453620495,3.1422419616619153,2.9284784605107994,10.667661015624956,10.388319138980656,149.66666666666666
LLM,coling::cbaa1dc4-0458-47d8-b3a6-f6f1b4b4c270,ни одного слова дважды,10.715584905247391,3.0185149266308167,3.032120129737063,2.678870341851004,10.979090030465734,9.59006918758016,136.66666666666666
LLM,coling::cbaa1dc4-0458-47d8-b3a6-f6f1b4b4c270,редкие синонимы,10.651433358492781,3.0599301435369495,3.089337032530622,2.605166096672979,10.932270768328571,9.564646961100921,143.66666666666666
LLM,coling::cbaa1dc4-0458-47d8-b3a6-f6f1b4b4c270,художественный стиль,11.179996849115597,2.9788622997010523,2.9508116401539675,2.5704852652005523,11.508528256226176,9.602554821434907,145.0
LLM,coling::cbaa1dc4-0458-47d8-b3a6-f6f1b4b4c270,анафора,10.247191809454707,2.8514296195472077,2.8075727957436563,2.609500334594386,10.6235810873742,9.071380123628792,109.33333333333333
LLM,coling::cbaa1dc4-0458-47d8-b3a6-f6f1b4b4c270,поле: значение,8.219265971405614,3.069343653091733,3.211110943943927,2.575569633568659,8.267395157144051,8.086232576485855,128.0
LLM,coling::cbaa1dc4-0458-47d8-b3a6-f6f1b4b4c270,перемешивание,11.30463910591493,2.8810897161072617,2.8682459255498833,2.799773114402105,11.4228649376463,10.91799662265236,139.66666666666666
LLM,coling::cbaa1dc4-0458-47d8-b3a6-f6f1b4b4c270,чужие хапаксы,10.636448097564893,3.382958123100978,3.527961422000615,2.38678096510859,10.538952471761496,11.152626470419884,146.66666666666666
LLM,coling::dc1c93ce-9792-4a14-bd29-c025f2613860,исходный,10.898200293980052,2.740399770128884,2.657612688590628,2.744591584407322,11.183140963780227,9.949709932262978,134.33333333333334
LLM,coling::dc1c93ce-9792-4a14-bd29-c025f2613860,тема вписана,11.051218449752815,2.7909031563554763,2.6798181282387854,2.7960973024595686,11.395331036680743,9.754183060026808,137.0
LLM,coling::dc1c93ce-9792-4a14-bd29-c025f2613860,меньше мыслей,11.740063491525492,2.551382902509443,2.401686328271091,2.32326963141927,12.22685882372899,10.149134750251816,130.0
LLM,coling::dc1c93ce-9792-4a14-bd29-c025f2613860,одна тема,10.876924508598655,2.6207944179743943,2.5173427309988394,2.529725701624225,11.272577716177546,9.674353962290716,122.33333333333333
LLM,coling::dc1c93ce-9792-4a14-bd29-c025f2613860,беднее словарь,10.479220044084824,2.8395968466763435,2.806139833576193,2.5715926742217374,10.88975527542825,9.375780858790977,124.33333333333333
LLM,coling::dc1c93ce-9792-4a14-bd29-c025f2613860,без синонимов,10.0558164568917,2.959905113056813,2.9749913473418204,2.684384783726005,10.418826397310026,9.103448845801298,128.0
LLM,coling::dc1c93ce-9792-4a14-bd29-c025f2613860,термин в той же обёртке,10.616212780759144,2.932676059030794,2.9006909459591554,2.813621570518412,10.922252311977068,9.801447533505582,130.33333333333334
LLM,coling::dc1c93ce-9792-4a14-bd29-c025f2613860,богаче словарь,10.887785815122639,3.184777828160174,3.219431712773639,2.969583378696908,10.955183243019457,10.523688295662582,156.0
LLM,coling::dc1c93ce-9792-4a14-bd29-c025f2613860,ни одного слова дважды,10.476683650280654,2.9865097384645396,2.9386591597745486,2.9334420026289476,10.730830454793242,9.423041543529967,141.33333333333334
LLM,coling::dc1c93ce-9792-4a14-bd29-c025f2613860,редкие синонимы,10.652459034645155,3.048127866679724,3.14602554565092,2.5169471877797407,10.841756014461495,10.0367696097646,136.0
LLM,coling::dc1c93ce-9792-4a14-bd29-c025f2613860,художественный стиль,11.40026284079048,2.965742942964338,2.9671923050376656,2.674981211585014,11.574667423500818,10.54600250389345,146.66666666666666
LLM,coling::dc1c93ce-9792-4a14-bd29-c025f2613860,анафора,10.18117962938429,2.604986087811206,2.6112898447902997,2.45432118550306,10.364423545393052,9.731145629891122,107.66666666666667
LLM,coling::dc1c93ce-9792-4a14-bd29-c025f2613860,поле: значение,8.600182348096867,3.0441882209517916,3.22683435143681,2.3535646393483507,8.677560986167213,8.403972651733241,132.0
LLM,coling::dc1c93ce-9792-4a14-bd29-c025f2613860,перемешивание,11.48104134377293,2.8886175614702707,2.882621045846888,2.899907443647272,11.484366278057095,11.4739114198138,138.66666666666666
LLM,coling::dc1c93ce-9792-4a14-bd29-c025f2613860,чужие хапаксы,10.750877251616652,3.0197487031982573,3.073015921322679,2.6923926892016734,10.617891874564462,11.256574661567717,138.0
LLM,coling::a3c20aed-e22b-4f5a-ac3a-784b5d941b8f,исходный,11.16497731529625,3.176190039185014,3.13314095617968,2.919537397000101,11.483754922383346,9.776973249000989,140.66666666666666
LLM,coling::a3c20aed-e22b-4f5a-ac3a-784b5d941b8f,тема вписана,11.229781778364307,3.057591826451423,3.035340088062551,2.6614140278969702,11.524010785014232,9.74187921647103,144.33333333333334
LLM,coling::a3c20aed-e22b-4f5a-ac3a-784b5d941b8f,меньше мыслей,9.92196388858646,2.343153961184679,2.2574339439069147,1.753718899415756,10.581064544900036,8.418097671659813,113.0
LLM,coling::a3c20aed-e22b-4f5a-ac3a-784b5d941b8f,одна тема,11.560285055018992,3.0682592655743703,2.9691624066567943,3.1849953826841255,11.805465548158898,10.067473249592991,152.0
LLM,coling::a3c20aed-e22b-4f5a-ac3a-784b5d941b8f,беднее словарь,11.166985456990707,2.976698013312575,2.9161007971521076,2.939590650934385,11.455328824184717,10.045053361220626,136.0
LLM,coling::a3c20aed-e22b-4f5a-ac3a-784b5d941b8f,без синонимов,10.90979253323376,3.020046330075093,2.9298272476453904,3.006237822536644,11.180120873304523,9.85652401726256,130.66666666666666
LLM,coling::a3c20aed-e22b-4f5a-ac3a-784b5d941b8f,термин в той же обёртке,11.432425205729134,2.9790659303957,2.8702924032562476,2.8925776836451127,11.793718398794452,9.766796415668693,136.33333333333334
LLM,coling::a3c20aed-e22b-4f5a-ac3a-784b5d941b8f,богаче словарь,10.974365085967415,3.1479207905591644,3.207567323895848,2.4455732852078893,11.193429721099532,9.697951253363739,142.66666666666666
LLM,coling::a3c20aed-e22b-4f5a-ac3a-784b5d941b8f,ни одного слова дважды,11.33181563672924,2.9777418719265385,2.949820411837688,2.72365053530345,11.58088702169652,9.8698054256756,148.0
LLM,coling::a3c20aed-e22b-4f5a-ac3a-784b5d941b8f,редкие синонимы,11.384887118786317,2.950378985614684,2.962843289469881,2.773758907078675,11.509871904228588,10.68781022042711,151.66666666666666
LLM,coling::a3c20aed-e22b-4f5a-ac3a-784b5d941b8f,художественный стиль,11.36628227777882,2.937303248965884,2.958689822451852,2.1937709439258284,11.522150434770856,9.955707843954997,148.33333333333334
LLM,coling::a3c20aed-e22b-4f5a-ac3a-784b5d941b8f,анафора,10.884583953779691,3.1436525887000397,2.993201545891832,3.447655690253209,11.167969967885158,9.490054112519418,126.33333333333333
LLM,coling::a3c20aed-e22b-4f5a-ac3a-784b5d941b8f,поле: значение,9.560830477763819,3.392864567866248,3.350309918795485,2.774601657136513,9.908109550223648,7.717490439047111,148.0
LLM,coling::a3c20aed-e22b-4f5a-ac3a-784b5d941b8f,перемешивание,10.74841014289405,3.4262346701584168,3.4593449393933926,2.6978406003690387,10.503959987291337,12.242556092972885,144.33333333333334
LLM,coling::a3c20aed-e22b-4f5a-ac3a-784b5d941b8f,чужие хапаксы,10.188271463972852,3.3437623406367067,3.429583943604335,2.5630181644657495,9.920195068615337,11.436168980296054,136.66666666666666
LLM,coling::fedf3b3b-fd89-4a69-bc59-0ff4e485de6a,исходный,11.285985900269656,3.0272769973282294,3.1373373053203797,2.4264122112626283,11.38825692265877,10.852289373231267,145.0
LLM,coling::fedf3b3b-fd89-4a69-bc59-0ff4e485de6a,тема вписана,11.213443404787578,2.856207271502584,2.9084472433681907,2.1511513960246638,11.429851082957404,10.16159846204116,142.66666666666666
LLM,coling::fedf3b3b-fd89-4a69-bc59-0ff4e485de6a,меньше мыслей,10.729619705783996,2.561038074914101,2.4301296519683637,2.692639608073572,11.032043642064336,10.00083650030635,116.66666666666667
LLM,coling::fedf3b3b-fd89-4a69-bc59-0ff4e485de6a,одна тема,11.511637933403852,2.885239834657654,2.9312117045037085,2.372015031924657,11.760318672694568,10.454218536932949,142.0
LLM,coling::fedf3b3b-fd89-4a69-bc59-0ff4e485de6a,беднее словарь,11.344035173104025,2.662117569367026,2.671780739003987,2.2804578877117216,11.69626090653746,10.297919463356164,133.0
LLM,coling::fedf3b3b-fd89-4a69-bc59-0ff4e485de6a,без синонимов,10.782595972086511,2.880789197950568,2.9860829993452787,2.3818635258063967,10.975496855510613,10.167629862455666,131.66666666666666
LLM,coling::fedf3b3b-fd89-4a69-bc59-0ff4e485de6a,термин в той же обёртке,11.122771108584411,2.7167560557752655,2.7483180491478016,2.5250710324041243,11.316899455677202,10.570627343115122,136.33333333333334
LLM,coling::fedf3b3b-fd89-4a69-bc59-0ff4e485de6a,богаче словарь,11.364698634171809,3.1013396153747195,3.1416841857447153,2.4371763702142144,11.65002119509999,9.940162971146533,147.66666666666666
LLM,coling::fedf3b3b-fd89-4a69-bc59-0ff4e485de6a,ни одного слова дважды,11.73718983117673,3.0554790135513943,3.0859259526959746,2.396440485686445,11.980470973172507,10.347808836194773,155.33333333333334
LLM,coling::fedf3b3b-fd89-4a69-bc59-0ff4e485de6a,редкие синонимы,11.16813659826076,3.107839656197912,3.0680795604039584,2.798445661052901,11.531180118857222,9.651028581759064,146.66666666666666
LLM,coling::fedf3b3b-fd89-4a69-bc59-0ff4e485de6a,художественный стиль,12.282463671156437,2.685159188541759,2.5475234288999764,2.6816185476288226,12.582144467699313,10.390634085496908,158.66666666666666
LLM,coling::fedf3b3b-fd89-4a69-bc59-0ff4e485de6a,анафора,10.801199693017983,2.849338588376592,2.719910068262361,3.0913192317464446,11.050942710683188,9.767849905414835,126.0
LLM,coling::fedf3b3b-fd89-4a69-bc59-0ff4e485de6a,поле: значение,8.047819780313548,3.5379942638907806,3.5841591161721795,3.187076898470266,8.216167929708588,7.273593237507572,140.0
LLM,coling::fedf3b3b-fd89-4a69-bc59-0ff4e485de6a,перемешивание,11.370213420296858,2.9746971637046875,3.0357632459183983,2.696416547080737,11.38491691014378,11.303850724597341,143.33333333333334
LLM,coling::fedf3b3b-fd89-4a69-bc59-0ff4e485de6a,чужие хапаксы,10.648970860939372,3.5077594727673733,3.6570633675073956,2.613630267399991,10.504800463041153,11.298345468066204,142.66666666666666
LLM,coling::019875e1-f507-4de8-a2a7-1f1dffeba025,исходный,11.020855073436728,2.5217300892355,2.540844103079454,2.3269476313817763,11.203209035889756,10.408414773319317,125.66666666666667
LLM,coling::019875e1-f507-4de8-a2a7-1f1dffeba025,тема вписана,11.381424472386671,2.61630148721715,2.5984227502037336,2.420886295885149,11.657563277167737,10.385314706922758,129.33333333333334
LLM,coling::019875e1-f507-4de8-a2a7-1f1dffeba025,меньше мыслей,11.01893330181907,3.074214218274312,3.0508008350298446,2.933978836098092,11.344425159027907,10.077119223353208,141.66666666666666
LLM,coling::019875e1-f507-4de8-a2a7-1f1dffeba025,одна тема,11.225314934401323,2.4959437214200695,2.239626321178491,2.493809393601827,11.70646397049065,9.41764701848128,123.33333333333333
LLM,coling::019875e1-f507-4de8-a2a7-1f1dffeba025,беднее словарь,10.834657306877999,2.542910503987681,2.3504195497984193,2.3695201237120345,11.385438162541975,9.261750702800967,119.66666666666667
LLM,coling::019875e1-f507-4de8-a2a7-1f1dffeba025,без синонимов,10.732122752607145,2.7597131455104567,2.7397061304934227,2.648643273451619,10.952726930854622,9.929629523837802,120.0
LLM,coling::019875e1-f507-4de8-a2a7-1f1dffeba025,термин в той же обёртке,11.487559650847494,2.56105105692798,2.5248644911846414,2.3199372359459285,11.803938056461911,10.320189390086684,128.66666666666666
LLM,coling::019875e1-f507-4de8-a2a7-1f1dffeba025,каждое предложение о своём,12.20321581634684,2.552976221594546,2.377690423181326,2.132275072763852,12.645104770612235,9.87249444358825,144.0
LLM,coling::019875e1-f507-4de8-a2a7-1f1dffeba025,богаче словарь,11.158783709218975,2.4763126392163533,2.3433279761250136,2.367894727466442,11.535224360659301,9.625723740439106,132.33333333333334
LLM,coling::019875e1-f507-4de8-a2a7-1f1dffeba025,ни одного слова дважды,11.120516728727543,2.6892556531921237,2.674793470493802,2.1127556781358012,11.390860688346294,9.65085332919903,139.0
LLM,coling::019875e1-f507-4de8-a2a7-1f1dffeba025,редкие синонимы,11.137795831968438,2.764198112648908,2.6611612610585462,2.757416188224193,11.467864135783381,9.944371364417213,132.0
LLM,coling::019875e1-f507-4de8-a2a7-1f1dffeba025,художественный стиль,11.52783801397806,2.8349689368794304,2.784874665212706,2.560733405905305,11.78697846346311,9.898631924639878,147.66666666666666
LLM,coling::019875e1-f507-4de8-a2a7-1f1dffeba025,анафора,10.946979484047903,2.613261081390951,2.196603012698447,2.7419951676884686,11.583156896480146,8.69648046962955,121.66666666666667
LLM,coling::019875e1-f507-4de8-a2a7-1f1dffeba025,поле: значение,7.614113498502975,3.4944175008671476,3.562296736114727,3.12580186775585,7.5973461923923225,7.7462983778287,133.33333333333334
LLM,coling::019875e1-f507-4de8-a2a7-1f1dffeba025,перемешивание,10.459479789628231,2.8405034002663996,2.8865094889228757,2.6653129064345857,10.506974781897133,10.319103067645868,131.0
LLM,coling::019875e1-f507-4de8-a2a7-1f1dffeba025,чужие хапаксы,9.9091852751738,3.315495035000002,3.4072867669574802,2.879746864804367,9.726578389731442,10.50528917605338,130.0
LLM,coling::7c3f2a9c-bdfc-4800-8191-0036c8cec709,исходный,11.83815624721606,2.966149269130384,2.8983979786498772,2.526635479796878,12.256239440198899,10.014940792279754,142.33333333333334
LLM,coling::7c3f2a9c-bdfc-4800-8191-0036c8cec709,меньше мыслей,10.620866819238023,2.829357386163425,2.8283814514050003,2.314473785396656,10.965404516859286,9.155522791232368,145.33333333333334
LLM,coling::7c3f2a9c-bdfc-4800-8191-0036c8cec709,одна тема,10.954539555179522,2.717216222586023,2.7069035077637493,2.3972228005454217,11.233813857274038,9.868327437170814,118.33333333333333
LLM,coling::7c3f2a9c-bdfc-4800-8191-0036c8cec709,термин в той же обёртке,10.840383153206043,2.9519102194558324,2.8614730749688935,2.691548888597312,11.274014407796168,9.186079998664654,127.66666666666667
LLM,coling::7c3f2a9c-bdfc-4800-8191-0036c8cec709,каждое предложение о своём,11.114545712255783,3.2352253847570034,3.1922273621465673,2.4515949771359984,11.426423148082455,8.993684468634283,150.33333333333334
LLM,coling::7c3f2a9c-bdfc-4800-8191-0036c8cec709,богаче словарь,11.988469426387203,2.8164713997502755,2.731712093597586,2.5933490099051917,12.313629684709221,10.272187211119245,149.66666666666666
LLM,coling::7c3f2a9c-bdfc-4800-8191-0036c8cec709,редкие синонимы,10.82158224477696,3.130652704799985,3.0990676198512825,2.5640131476554484,11.186166748070141,9.004359173780133,148.0
LLM,coling::7c3f2a9c-bdfc-4800-8191-0036c8cec709,художественный стиль,11.53115763146761,2.9935344678813203,2.958715524754631,2.3610587608463,11.81455823489255,9.559101488934758,156.66666666666666
LLM,coling::7c3f2a9c-bdfc-4800-8191-0036c8cec709,анафора,10.536657422693734,3.3277228363027853,3.001913097929171,3.188927965319871,11.178047035338112,7.672600081131545,120.66666666666667
LLM,coling::7c3f2a9c-bdfc-4800-8191-0036c8cec709,поле: значение,7.526634953852077,3.4034450056688743,3.488750264099787,2.9882519316297125,7.619379692425814,7.160113907218018,134.33333333333334
LLM,coling::7c3f2a9c-bdfc-4800-8191-0036c8cec709,перемешивание,10.659883009353104,3.542663677323265,3.645248927329264,2.866312211337089,10.63637974841945,10.912455292147802,144.66666666666666
LLM,coling::7c3f2a9c-bdfc-4800-8191-0036c8cec709,чужие хапаксы,9.892502884363529,3.452175585324515,3.550131133421043,2.881181604029569,9.754139990965056,10.415556592516733,137.0
LLM,coling::c986a4de-fede-44ef-b275-ef7634245f1b,исходный,11.150096922269974,2.5693732353279626,2.5368205412343428,2.468070132190657,11.554113658078201,10.648665855182912,97.33333333333333
LLM,coling::c986a4de-fede-44ef-b275-ef7634245f1b,тема вписана,11.111535709769404,2.9325825681507482,2.931365121521455,2.8069083086437607,11.428188090650115,10.411954259506738,123.0
LLM,coling::c986a4de-fede-44ef-b275-ef7634245f1b,меньше мыслей,9.470983532796245,2.1274882670221142,1.895125907534034,2.313835862034384,9.529514838309693,9.400023094304428,85.66666666666667
LLM,coling::c986a4de-fede-44ef-b275-ef7634245f1b,одна тема,10.954760063072461,2.734879955350697,2.6710146237749695,2.712886131929659,11.344204555287982,10.306482843241335,104.66666666666667
LLM,coling::c986a4de-fede-44ef-b275-ef7634245f1b,беднее словарь,10.569559597219763,2.7721736106297286,2.7894069452170904,2.7005193630058293,10.859655161327447,10.198160591838764,97.0
LLM,coling::c986a4de-fede-44ef-b275-ef7634245f1b,без синонимов,10.805919260095633,2.699235324831894,2.319315993427294,2.9779979841004063,11.35421553556437,10.037255571146474,87.66666666666667
LLM,coling::c986a4de-fede-44ef-b275-ef7634245f1b,каждое предложение о своём,11.158027564207861,2.6724551500834184,2.2409743168060943,2.2970152066050935,11.950421407414366,8.585848874782391,130.33333333333334
LLM,coling::c986a4de-fede-44ef-b275-ef7634245f1b,богаче словарь,11.715617734431502,3.23793799075526,3.2940466865389446,2.6581919983707287,11.87658740955534,10.814637485372254,160.66666666666666
LLM,coling::c986a4de-fede-44ef-b275-ef7634245f1b,ни одного слова дважды,11.282157047068756,2.5360173650824973,2.4207942248342875,2.4438609121667567,11.698737609993932,10.062191277803397,126.0
LLM,coling::c986a4de-fede-44ef-b275-ef7634245f1b,редкие синонимы,11.344956167774624,2.812108278488411,2.5920190138669787,3.002242796524495,11.764208280135492,10.500861535066358,118.33333333333333
LLM,coling::c986a4de-fede-44ef-b275-ef7634245f1b,художественный стиль,11.913727559984556,2.8485054069309412,2.867418384314938,2.210528440651858,12.169261748429642,10.486312884120492,154.33333333333334
LLM,coling::c986a4de-fede-44ef-b275-ef7634245f1b,анафора,11.37523303238119,2.9274631075458064,2.4483371350471193,2.6454642968485493,12.181438182749728,8.457899597455748,129.66666666666666
LLM,coling::c986a4de-fede-44ef-b275-ef7634245f1b,поле: значение,6.03309893533018,3.2923814539986593,3.212909515204744,3.3765069267925405,5.840224473676507,6.440809347150985,109.33333333333333
LLM,coling::c986a4de-fede-44ef-b275-ef7634245f1b,перемешивание,10.533191975664325,3.0407385325220755,2.918508616057896,2.7904307534676533,11.343714163307764,9.333910648932527,103.0
LLM,coling::c986a4de-fede-44ef-b275-ef7634245f1b,чужие хапаксы,10.534023229624644,2.9547313212908883,3.234128918769827,2.296357328955702,10.077437021810004,11.235758428531357,105.0
LLM,coling::c5dd6ecd-4882-4b86-be71-efecfae71001,исходный,11.271976175490233,3.040014033060798,2.666595597419319,2.8696732916492826,12.052252837576338,8.945494506097644,131.33333333333334
LLM,coling::c5dd6ecd-4882-4b86-be71-efecfae71001,тема вписана,11.22092301443501,3.010521074005988,2.878689818142989,2.858886558964976,11.739218981047353,9.67426811450183,133.66666666666666
LLM,coling::c5dd6ecd-4882-4b86-be71-efecfae71001,меньше мыслей,8.826170161402098,2.3966390738043413,2.3958223119941198,2.304432830119253,9.446879212818294,8.549891228991056,75.33333333333333
LLM,coling::c5dd6ecd-4882-4b86-be71-efecfae71001,одна тема,10.613473089555596,2.971540879026264,2.8242826642142957,2.842401195089281,11.162843310773198,9.160242020580156,133.0
LLM,coling::c5dd6ecd-4882-4b86-be71-efecfae71001,беднее словарь,10.947088144068772,2.8987884146988727,2.5110860882295234,2.823110254195696,11.791529081834966,9.055383589868045,121.66666666666667
LLM,coling::c5dd6ecd-4882-4b86-be71-efecfae71001,без синонимов,10.802037568080989,2.9795968113089124,2.6677902109784895,3.104184380838287,11.439772177825388,9.194275445821008,127.33333333333333
LLM,coling::c5dd6ecd-4882-4b86-be71-efecfae71001,термин в той же обёртке,10.855549017236868,3.0876029650336005,2.743959926498412,3.257492688075621,11.526123693448573,9.335267213057666,123.0
LLM,coling::c5dd6ecd-4882-4b86-be71-efecfae71001,каждое предложение о своём,11.402260878337456,3.2135907322231283,3.0215852677469983,2.899971900334592,11.864824138972802,8.790232835563058,150.66666666666666
LLM,coling::c5dd6ecd-4882-4b86-be71-efecfae71001,богаче словарь,11.137608563617604,3.3300921650710174,3.2638038239472795,3.3914660247389903,11.361497255557557,9.864181622460682,158.66666666666666
LLM,coling::c5dd6ecd-4882-4b86-be71-efecfae71001,ни одного слова дважды,10.613661803352196,3.0745418299754252,2.892912378727775,2.61075320921095,11.313267704000845,8.598581381513029,132.66666666666666
LLM,coling::c5dd6ecd-4882-4b86-be71-efecfae71001,редкие синонимы,10.471957015890508,3.1823344429792293,3.1980718429963324,2.9943322382483113,10.78357419049591,9.683106799143259,128.0
LLM,coling::c5dd6ecd-4882-4b86-be71-efecfae71001,художественный стиль,11.432377965177379,3.2388280648494536,3.165319539784898,2.763686987911239,11.745945898798334,9.226680098051697,155.33333333333334
LLM,coling::c5dd6ecd-4882-4b86-be71-efecfae71001,анафора,9.860982837138863,3.183213271081691,2.9026839270628138,2.895185702343604,10.680632607804734,7.78258966019256,105.0
LLM,coling::c5dd6ecd-4882-4b86-be71-efecfae71001,поле: значение,7.569788044765293,3.477296381045422,3.463318727750414,3.5036471944604735,7.692027986517612,7.133801924997947,133.0
LLM,coling::c5dd6ecd-4882-4b86-be71-efecfae71001,перемешивание,11.029872003865293,2.9663810031146114,2.879518112252415,3.0516437973943833,11.295418786481235,10.264845055534222,126.66666666666667
LLM,coling::c5dd6ecd-4882-4b86-be71-efecfae71001,чужие хапаксы,9.440586125234242,3.461889647902249,3.6209271465310144,2.759601501419203,9.164234749267555,10.24468518234445,131.66666666666666
LLM,coling::b53b4239-d0ed-4e79-b84e-c3496abd88eb,исходный,10.567301433226058,2.677932079654585,2.8333438702298195,2.2354925430853143,10.763490838259889,10.127452266862846,115.33333333333333
LLM,coling::b53b4239-d0ed-4e79-b84e-c3496abd88eb,тема вписана,10.564705845099406,2.8242579107453785,2.752706623905976,2.733573627420602,10.992672996514067,9.671693988638744,123.33333333333333
LLM,coling::b53b4239-d0ed-4e79-b84e-c3496abd88eb,меньше мыслей,9.625359888470664,2.0841926955719123,2.13458201282317,1.8753031244557483,9.622832088483342,9.691086294963656,141.0
LLM,coling::b53b4239-d0ed-4e79-b84e-c3496abd88eb,одна тема,10.479375704650739,2.661634912185642,2.6373966808684237,2.32605592559945,11.099004374840604,9.395354225789616,102.0
LLM,coling::b53b4239-d0ed-4e79-b84e-c3496abd88eb,беднее словарь,10.12989114005402,2.5588011083939293,2.5765956898431983,2.396038252805938,10.453868344659716,9.534748697675107,101.33333333333333
LLM,coling::b53b4239-d0ed-4e79-b84e-c3496abd88eb,без синонимов,10.831283599778443,2.5278316513251187,2.5754689970486915,2.268578067244643,11.106999148807448,10.156977670949251,105.66666666666667
LLM,coling::b53b4239-d0ed-4e79-b84e-c3496abd88eb,термин в той же обёртке,10.059064833696786,2.7736393108798345,2.6983690993455816,2.728518917492045,10.468200123498141,9.226452319912545,104.0
LLM,coling::b53b4239-d0ed-4e79-b84e-c3496abd88eb,каждое предложение о своём,11.239491571281443,2.705263114827762,2.3887622558130306,2.693742116815866,11.713423752361232,8.290642666836186,151.66666666666666
LLM,coling::b53b4239-d0ed-4e79-b84e-c3496abd88eb,богаче словарь,10.6441621243804,2.731242526625254,2.7488540003569937,2.517838427734961,10.974789145713038,9.904223951805896,121.0
LLM,coling::b53b4239-d0ed-4e79-b84e-c3496abd88eb,ни одного слова дважды,11.483983451161057,2.6733241246952066,2.6572380311156816,2.3871511486309527,11.78377380697111,10.428872507901659,148.33333333333334
LLM,coling::b53b4239-d0ed-4e79-b84e-c3496abd88eb,редкие синонимы,10.202331132090677,2.68899395838118,2.8070265383757858,2.329106542803746,10.465679033543728,9.651214601779635,110.33333333333333
LLM,coling::b53b4239-d0ed-4e79-b84e-c3496abd88eb,художественный стиль,11.14501871147921,2.7557926957224965,2.712254496308495,1.7916500939010194,11.53750748267874,9.031299214547486,145.66666666666666
LLM,coling::b53b4239-d0ed-4e79-b84e-c3496abd88eb,анафора,10.414085682305036,3.1496422756461566,2.810832761992801,3.027242315234666,11.107986360892033,7.968074740350768,124.66666666666667
LLM,coling::b53b4239-d0ed-4e79-b84e-c3496abd88eb,поле: значение,7.661649888962824,3.565967043105284,3.6156503542789884,3.247256683678078,7.597504792061758,8.006052771669623,137.0
LLM,coling::b53b4239-d0ed-4e79-b84e-c3496abd88eb,перемешивание,10.57038744337997,2.8772104209202403,2.914349212530579,2.725266105413851,10.782750592674512,10.066717170960793,116.33333333333333
LLM,coling::b53b4239-d0ed-4e79-b84e-c3496abd88eb,чужие хапаксы,10.000810818299621,2.782532882203012,2.9171636620531913,2.3889979447189877,9.685484634995225,10.58854332496643,106.33333333333333
LLM,coling::1eb5e451-a672-4645-8dea-c413ad11c953,исходный,11.016607194661175,2.6829764395848392,2.602510912374429,2.3777797526791167,11.570036693696201,9.74186884699911,124.33333333333333
LLM,coling::1eb5e451-a672-4645-8dea-c413ad11c953,тема вписана,10.886776372744825,2.878581084138195,2.641465409550998,2.700805366977541,11.55973369707708,9.114093240389275,127.33333333333333
LLM,coling::1eb5e451-a672-4645-8dea-c413ad11c953,меньше мыслей,9.272035409745571,2.3542270589057703,2.3389228948960175,2.1557272685633637,9.864509603411745,8.554275569856415,105.66666666666667
LLM,coling::1eb5e451-a672-4645-8dea-c413ad11c953,одна тема,11.141042035884924,2.908965031685293,2.6372958641092756,2.347569341148368,11.760987101037662,8.331996908811437,138.0
LLM,coling::1eb5e451-a672-4645-8dea-c413ad11c953,беднее словарь,10.634098429009006,2.598222805372004,2.5409189154373513,2.3833916954548724,11.050583042735257,9.540924025220775,115.0
LLM,coling::1eb5e451-a672-4645-8dea-c413ad11c953,без синонимов,10.319084585920871,2.9312660485814734,2.812928213114199,2.6172749970051528,10.958131451557863,8.876876657553282,110.0
LLM,coling::1eb5e451-a672-4645-8dea-c413ad11c953,термин в той же обёртке,10.8147482865781,2.790419646585724,2.636267459474761,2.6175484548583783,11.36330862255304,9.368613204842037,123.66666666666667
LLM,coling::1eb5e451-a672-4645-8dea-c413ad11c953,каждое предложение о своём,11.367649527234498,3.06747243194045,3.076751108096921,2.341900370848056,11.556532999252552,9.790991800576691,163.0
LLM,coling::1eb5e451-a672-4645-8dea-c413ad11c953,богаче словарь,11.883767102947422,3.004436484936259,2.995786497551954,2.526686615598545,12.047178702403778,10.307444799866836,166.66666666666666
LLM,coling::1eb5e451-a672-4645-8dea-c413ad11c953,ни одного слова дважды,11.330802796764624,2.9858449796622213,2.6325990050938817,2.77956983222999,12.069220259433964,8.951478758132138,139.66666666666666
LLM,coling::1eb5e451-a672-4645-8dea-c413ad11c953,редкие синонимы,10.692263559279986,3.1781534254694237,3.0494494326773967,3.081653276040225,11.168701975023197,9.44543184726961,138.33333333333334
LLM,coling::1eb5e451-a672-4645-8dea-c413ad11c953,художественный стиль,10.893693202065975,3.066389943954706,2.978160793341528,2.5597722088627592,11.314409586455312,8.810776809137199,145.0
LLM,coling::1eb5e451-a672-4645-8dea-c413ad11c953,анафора,11.17648476451052,2.648733423297129,2.372849041613597,2.607604465017913,11.832600516572237,9.650609025059644,108.33333333333333
LLM,coling::1eb5e451-a672-4645-8dea-c413ad11c953,поле: значение,7.018575235463833,3.4287135870989816,3.391518444684591,3.290284814880484,6.718132948129697,8.179880540114494,134.33333333333334
LLM,coling::1eb5e451-a672-4645-8dea-c413ad11c953,перемешивание,11.776029008937206,2.5605103920984345,2.452427993125839,2.663050438433832,12.077441695902579,11.023122154761888,129.66666666666666
LLM,coling::1eb5e451-a672-4645-8dea-c413ad11c953,чужие хапаксы,9.967748772930497,3.2818258284509,3.363531686985693,2.8805338684342394,9.63347069084901,10.672002119041794,126.0
LLM,coling::f2d66835-0de6-4a50-b3da-a170f0608965,исходный,10.156912882630698,2.8557837021625403,2.823776746584716,2.204301481551228,11.00355055588239,8.700683003478595,102.33333333333333
LLM,coling::f2d66835-0de6-4a50-b3da-a170f0608965,тема вписана,10.2500483816802,2.957890866939584,2.9086801223509173,2.8716703951169666,10.681611168675673,9.485195166158581,110.66666666666667
LLM,coling::f2d66835-0de6-4a50-b3da-a170f0608965,меньше мыслей,9.73905943169536,2.118061891954864,2.1150838434465116,2.06230271702543,9.92166932679097,9.354149578030295,100.0
LLM,coling::f2d66835-0de6-4a50-b3da-a170f0608965,одна тема,10.132994208275418,3.188544465418446,3.164731376918064,3.0972143001562817,10.35078101527461,9.506863906134454,131.66666666666666
LLM,coling::f2d66835-0de6-4a50-b3da-a170f0608965,беднее словарь,9.665571872919584,2.9123965377725844,2.7479090606329373,2.1052749257950807,10.92949547434325,7.915121924613312,93.33333333333333
LLM,coling::f2d66835-0de6-4a50-b3da-a170f0608965,без синонимов,9.536884291385423,2.7902635546557932,2.659202395196806,2.364675002808842,10.471925142470946,8.176261370971769,89.33333333333333
LLM,coling::f2d66835-0de6-4a50-b3da-a170f0608965,термин в той же обёртке,10.099386462014094,2.976399706740102,2.831004582730568,2.8522504111490328,10.838443390938288,9.102993273499159,99.0
LLM,coling::f2d66835-0de6-4a50-b3da-a170f0608965,каждое предложение о своём,11.111721449494262,2.9122650010966624,2.744412920238027,2.499077854407703,11.615619587966142,8.937538237756923,143.0
LLM,coling::f2d66835-0de6-4a50-b3da-a170f0608965,богаче словарь,11.653408695563579,2.907821317231655,2.829171445228205,2.900633384201838,11.942898823322329,10.276256594243872,151.66666666666666
LLM,coling::f2d66835-0de6-4a50-b3da-a170f0608965,ни одного слова дважды,10.997812824181638,3.1154784614630695,3.0168923372027248,3.1604965806501877,11.305088418278586,9.59733103068656,152.0
LLM,coling::f2d66835-0de6-4a50-b3da-a170f0608965,редкие синонимы,11.118483271412932,2.488616274383565,2.465954035486995,2.1968520692828815,11.662305254376664,10.139592700989045,110.66666666666667
LLM,coling::f2d66835-0de6-4a50-b3da-a170f0608965,художественный стиль,11.36080374462099,2.958034217046336,2.9104063456508293,2.062887151109575,11.806566889542063,9.232200544650029,145.66666666666666
LLM,coling::f2d66835-0de6-4a50-b3da-a170f0608965,анафора,10.467356305760026,3.3163178176419543,2.840764599527777,3.4042895975841105,11.28198826491293,7.907872915564442,124.0
LLM,coling::f2d66835-0de6-4a50-b3da-a170f0608965,поле: значение,6.114252020018192,3.567550841090105,3.511289648711067,3.7201184754088943,5.997168384740917,6.605767059869844,138.66666666666666
LLM,coling::f2d66835-0de6-4a50-b3da-a170f0608965,перемешивание,10.902812158403568,2.557246481619153,2.5186305294169897,2.5628239946209517,11.173440759730331,10.535027310780004,95.66666666666667
LLM,coling::f2d66835-0de6-4a50-b3da-a170f0608965,чужие хапаксы,9.251808524957575,3.064531356923128,3.2691558193741344,2.6557131121100035,9.198813141702423,9.375561097511094,101.33333333333333
LLM,coling::1eb3e11f-345c-4e21-9971-65b1c025ebf0,исходный,9.996931010984023,3.1053757500949355,2.9814516397864606,3.087325533895934,10.463707911758137,8.893259606151934,118.33333333333333
LLM,coling::1eb3e11f-345c-4e21-9971-65b1c025ebf0,меньше мыслей,9.997714157401694,2.228596952721653,2.057735624214812,2.1901538507175,10.5621495626223,9.178402760082816,114.0
LLM,coling::1eb3e11f-345c-4e21-9971-65b1c025ebf0,одна тема,9.907223750459986,3.0593933117665166,2.9740482192203195,2.5285635394599346,10.517072405463118,8.148422461269755,121.33333333333333
LLM,coling::1eb3e11f-345c-4e21-9971-65b1c025ebf0,беднее словарь,9.36610367414279,3.416945930739876,3.3074197862752235,3.47732801380141,9.70441666177876,8.671976476943236,119.0
LLM,coling::1eb3e11f-345c-4e21-9971-65b1c025ebf0,термин в той же обёртке,9.880335218499466,3.0457270956056437,3.0508044897373368,2.9674037175484727,10.148119044837758,9.315449192074995,112.33333333333333
LLM,coling::1eb3e11f-345c-4e21-9971-65b1c025ebf0,каждое предложение о своём,10.824377972404656,3.04474234197469,3.0396156042733034,2.6188683399701094,11.091510335509648,9.296778631324335,147.33333333333334
LLM,coling::1eb3e11f-345c-4e21-9971-65b1c025ebf0,богаче словарь,11.046581270057635,3.1537657171921816,3.002790507574907,3.013859378265717,11.413084803646404,9.315399841878884,149.0
LLM,coling::1eb3e11f-345c-4e21-9971-65b1c025ebf0,редкие синонимы,10.814707158586836,2.9696119219577874,2.9789326553930078,2.827791702942721,11.08019390905212,10.193608944855484,123.33333333333333
LLM,coling::1eb3e11f-345c-4e21-9971-65b1c025ebf0,художественный стиль,10.785319838178559,3.314837932349141,3.344141659753715,2.8251078048313283,10.999153461425983,9.634229400225697,148.66666666666666
LLM,coling::1eb3e11f-345c-4e21-9971-65b1c025ebf0,анафора,10.097731405060058,3.2311086800124436,3.167825040214323,3.1895708132999245,10.455741849608488,8.992554365185901,107.0
LLM,coling::1eb3e11f-345c-4e21-9971-65b1c025ebf0,поле: значение,6.726922965549581,3.776457157856972,3.8923496477815775,3.2957080344544756,6.69777143908471,6.874599598491582,136.33333333333334
LLM,coling::1eb3e11f-345c-4e21-9971-65b1c025ebf0,перемешивание,11.253907390266349,2.6578445601565632,2.6504192409989376,2.5936028012383434,11.478804107709038,10.689229631637629,120.0
LLM,coling::1eb3e11f-345c-4e21-9971-65b1c025ebf0,чужие хапаксы,9.092861285233674,3.435797787899691,3.530881575046459,3.1650687201371217,9.121303447199509,9.009596712905855,118.0
LLM,coling::c0381ae0-3b9c-40a4-bc53-f4a76564adb9,исходный,10.845429777000469,2.8479465174234893,2.798209954171885,2.4117005335773913,11.258395427223974,9.278368747773312,134.66666666666666
LLM,coling::c0381ae0-3b9c-40a4-bc53-f4a76564adb9,тема вписана,10.750488245913639,2.7329741412903084,2.610147343960301,2.6054765378372777,11.147587162269438,9.336448117206807,137.0
LLM,coling::c0381ae0-3b9c-40a4-bc53-f4a76564adb9,меньше мыслей,10.003105644827398,2.3965934025622917,2.341757350665296,2.24699293273079,10.438131072557063,9.152778287234069,108.0
LLM,coling::c0381ae0-3b9c-40a4-bc53-f4a76564adb9,одна тема,10.73322973077269,2.685046750528145,2.4534500825674104,2.527908107104562,11.286471715129395,8.840780439877397,120.33333333333333
LLM,coling::c0381ae0-3b9c-40a4-bc53-f4a76564adb9,беднее словарь,11.01548027330935,2.5336638308251205,2.3175856156359966,2.479693555827454,11.554155320084456,9.424325976338366,124.33333333333333
LLM,coling::c0381ae0-3b9c-40a4-bc53-f4a76564adb9,без синонимов,10.696443133266976,2.6688342482714607,2.5480325913925603,2.627501980508567,11.135930475678109,9.51595097357436,129.33333333333334
LLM,coling::c0381ae0-3b9c-40a4-bc53-f4a76564adb9,термин в той же обёртке,10.631668023146041,2.7782229104674374,2.66077291546673,2.715723840859353,10.999389049555637,9.415971343486959,133.66666666666666
LLM,coling::c0381ae0-3b9c-40a4-bc53-f4a76564adb9,каждое предложение о своём,11.703646636359837,2.870044957490201,2.8033576130733207,2.8698271021454893,11.886360946950086,10.742120239771259,153.66666666666666
LLM,coling::c0381ae0-3b9c-40a4-bc53-f4a76564adb9,богаче словарь,10.940551196381824,2.8951704096569135,2.849547924711461,2.7000155330786213,11.188202887955685,9.841482383628529,144.66666666666666
LLM,coling::c0381ae0-3b9c-40a4-bc53-f4a76564adb9,ни одного слова дважды,10.87257803360607,2.924172986106273,2.9500675888747883,2.51255355766185,11.058742755855077,9.923265075107922,152.33333333333334
LLM,coling::c0381ae0-3b9c-40a4-bc53-f4a76564adb9,редкие синонимы,11.032390406769473,2.7860063069780754,2.764140552079693,2.6109026998514007,11.285443322149705,10.134756499511548,134.66666666666666
LLM,coling::c0381ae0-3b9c-40a4-bc53-f4a76564adb9,художественный стиль,11.577932665333885,2.850572297268308,2.785873678122707,3.03465300148258,11.718861657634534,10.841322498448635,150.33333333333334
LLM,coling::c0381ae0-3b9c-40a4-bc53-f4a76564adb9,анафора,10.545272051892942,3.4134289600034844,3.0754001837916634,4.0569869761149535,10.970271230537008,8.87600855415781,132.33333333333334
LLM,coling::c0381ae0-3b9c-40a4-bc53-f4a76564adb9,поле: значение,7.632386200232708,3.2093648293727153,3.3321157102817516,2.694317448013751,7.483546699943946,8.12669464391423,127.66666666666667
LLM,coling::c0381ae0-3b9c-40a4-bc53-f4a76564adb9,перемешивание,11.330408540100583,2.6108108959782936,2.524119854250461,2.731846772489939,11.566231669391184,10.53789384160251,131.0
LLM,coling::c0381ae0-3b9c-40a4-bc53-f4a76564adb9,чужие хапаксы,9.940878358477672,3.4359339036096572,3.521487997166229,2.9583560445510177,9.802065554116028,10.456269659513836,136.0
LLM,coling::07106895-c293-4117-be28-f75985334b33,исходный,10.116815657564652,2.9573248994807404,2.8240378544996236,2.743271657032276,10.638931020503975,8.564621452423431,128.66666666666666
LLM,coling::07106895-c293-4117-be28-f75985334b33,тема вписана,10.194077586164736,3.101175644924515,3.2026825796746574,2.6176615135554457,10.330313439039406,9.73194069476545,134.33333333333334
LLM,coling::07106895-c293-4117-be28-f75985334b33,меньше мыслей,10.747167604578342,2.7709579673062534,2.471648551747229,2.119478236947831,11.559344375655593,8.5354743200647,112.0
LLM,coling::07106895-c293-4117-be28-f75985334b33,одна тема,9.734902030591055,2.7446133129532306,2.638167065721399,2.375586413465452,10.340976627969404,8.2942796949434,106.66666666666667
LLM,coling::07106895-c293-4117-be28-f75985334b33,беднее словарь,10.042642443791307,2.5968178784722586,2.4945808873702457,2.536812754011454,10.50961844620013,9.066700068807005,115.0
LLM,coling::07106895-c293-4117-be28-f75985334b33,без синонимов,10.43118068492028,2.7478647837217305,2.529997889029819,2.587622316420769,11.116004423165942,8.997093445462555,117.33333333333333
LLM,coling::07106895-c293-4117-be28-f75985334b33,термин в той же обёртке,10.701407196339353,2.6719935284320777,2.553102678750165,2.5470614160836766,11.188787523133575,9.499256274127974,124.0
LLM,coling::07106895-c293-4117-be28-f75985334b33,каждое предложение о своём,10.765675331911696,2.7190423550658136,2.633913983002095,2.555029982436536,11.06552809716854,9.181882092627385,144.0
LLM,coling::07106895-c293-4117-be28-f75985334b33,богаче словарь,10.357292578013611,3.0497157889794426,3.1911711209474176,2.301999307580339,10.508407881113008,9.791207896723542,141.33333333333334
LLM,coling::07106895-c293-4117-be28-f75985334b33,ни одного слова дважды,10.770930229774606,2.7634246604332677,2.7869512499777875,2.428885603996235,11.018408938982327,9.846980789220625,137.33333333333334
LLM,coling::07106895-c293-4117-be28-f75985334b33,редкие синонимы,10.622907625537055,2.754941922526818,2.7839706822716415,2.381517410497348,10.930355423199027,9.673227670099243,128.66666666666666
LLM,coling::07106895-c293-4117-be28-f75985334b33,художественный стиль,10.542842273609859,2.9203112320927396,2.9310906887603587,2.6978891461699206,10.742661032337194,9.606567377702406,141.66666666666666
LLM,coling::07106895-c293-4117-be28-f75985334b33,анафора,10.518251307840787,2.7569028736864727,2.7054585529115514,2.532793430326724,10.916055205423127,9.25535990361438,117.66666666666667
LLM,coling::07106895-c293-4117-be28-f75985334b33,поле: значение,9.40071786021585,3.2483942090964746,3.3853589076937105,2.8215142031289404,9.465860000427014,9.26945701102653,122.33333333333333
LLM,coling::07106895-c293-4117-be28-f75985334b33,перемешивание,10.737792472970808,2.8148950710726726,2.8252879589984343,2.519376613169845,11.031601403188134,9.71270769298195,128.33333333333334
LLM,coling::07106895-c293-4117-be28-f75985334b33,чужие хапаксы,9.191537276449031,3.2663220466851333,3.32991568386578,3.0447559507377893,9.242823942729531,9.003903491627957,125.33333333333333
LLM,coling::745b25d5-34c6-4c43-a690-6414f20591ce,исходный,10.886753299846196,3.0517821748419007,2.869093548304026,2.6536762608202085,11.478434196102585,8.779102241660524,132.0
LLM,coling::745b25d5-34c6-4c43-a690-6414f20591ce,тема вписана,10.325586287012653,3.168158290057479,3.099317077399828,2.9123593382239683,10.731677204838116,8.93006752482552,131.66666666666666
LLM,coling::745b25d5-34c6-4c43-a690-6414f20591ce,меньше мыслей,9.212801078459714,2.2746406722702077,2.2994708322419126,2.213820465614735,9.238638907342411,9.160494632936315,92.66666666666667
LLM,coling::745b25d5-34c6-4c43-a690-6414f20591ce,одна тема,11.091381358254923,2.803692370305528,2.746281882935636,2.499633725769953,11.530315651280466,9.767997893623294,121.0
LLM,coling::745b25d5-34c6-4c43-a690-6414f20591ce,беднее словарь,10.622340836068117,3.050092586290875,3.0538815345012273,2.5515092406682025,11.060092473315173,9.157105170111324,128.0
LLM,coling::745b25d5-34c6-4c43-a690-6414f20591ce,без синонимов,10.236613501262623,3.0849523513209025,3.0840255653347346,2.5081257005163162,10.720694995867069,8.692196336613664,126.0
LLM,coling::745b25d5-34c6-4c43-a690-6414f20591ce,термин в той же обёртке,10.684079186410107,2.84051407068304,2.7756954108300964,2.6159023231600127,11.113706115132473,9.420399728558595,132.33333333333334
LLM,coling::745b25d5-34c6-4c43-a690-6414f20591ce,каждое предложение о своём,11.533750638715395,2.735370568279153,2.601844293881929,2.7136135275359927,11.852038524674773,9.838717276531327,146.33333333333334
LLM,coling::745b25d5-34c6-4c43-a690-6414f20591ce,богаче словарь,10.933041004989372,3.045632618558777,2.9488697467102827,2.838597533616358,11.319406321192673,9.162823360693176,143.33333333333334
LLM,coling::745b25d5-34c6-4c43-a690-6414f20591ce,ни одного слова дважды,10.488090765063802,3.092514952893831,3.1395806572484886,2.323410123597227,10.799824905221378,9.064151095085146,142.0
LLM,coling::745b25d5-34c6-4c43-a690-6414f20591ce,редкие синонимы,10.858666513693839,3.163142528906619,3.1400357724944263,2.6140242763157926,11.25472545911438,9.143955966843182,137.66666666666666
LLM,coling::745b25d5-34c6-4c43-a690-6414f20591ce,художественный стиль,11.523178643056411,3.111501644820111,3.1098749647241326,2.8988824460044285,11.66940221646585,10.751166749349617,151.33333333333334
LLM,coling::745b25d5-34c6-4c43-a690-6414f20591ce,анафора,10.28385721419473,3.267425334182351,2.9484192995166505,3.682067936130831,10.76905018130904,9.01748873338979,126.66666666666667
LLM,coling::745b25d5-34c6-4c43-a690-6414f20591ce,поле: значение,8.296573670026987,3.5756759193873613,3.710451654416211,2.964525784317629,8.107268624594749,8.904637593160782,132.33333333333334
LLM,coling::745b25d5-34c6-4c43-a690-6414f20591ce,перемешивание,10.82205831351469,2.8279312263012533,2.7442281942172015,2.7792943429811774,11.159799921470706,9.657840095557406,131.66666666666666
LLM,coling::745b25d5-34c6-4c43-a690-6414f20591ce,чужие хапаксы,9.725901000208578,3.5132862326364376,3.6558495412699537,2.8451982355503165,9.559869216493238,10.27710746655759,137.33333333333334
LLM,coling::4e7728dc-010d-47cb-95f2-16525a713ce3,исходный,9.636940142907887,3.177930043625049,3.1351037444815404,3.0926014040306917,9.936454739736371,8.737673409562547,131.66666666666666
LLM,coling::4e7728dc-010d-47cb-95f2-16525a713ce3,тема вписана,9.216549403170772,3.5284803981851707,3.580213568886927,3.0425729826124814,9.450260770625526,8.298745674758871,138.66666666666666
LLM,coling::4e7728dc-010d-47cb-95f2-16525a713ce3,меньше мыслей,8.90172774233785,1.5755409200222914,1.491271168380364,1.5789418173310044,8.480226395338486,9.042516233073014,62.0
LLM,coling::4e7728dc-010d-47cb-95f2-16525a713ce3,одна тема,9.063695389498557,3.140163205434955,3.0460361129402074,3.2549118468918756,9.326060110116105,8.290734895568391,117.0
LLM,coling::4e7728dc-010d-47cb-95f2-16525a713ce3,беднее словарь,9.754642411607625,3.142222856698377,3.083813183571515,3.262459683949698,9.929700605095741,9.009892560232325,137.66666666666666
LLM,coling::4e7728dc-010d-47cb-95f2-16525a713ce3,без синонимов,9.708161528855888,3.047388278006046,3.003671364505802,2.985877327389371,9.904700310417779,8.984043219967349,134.66666666666666
LLM,coling::4e7728dc-010d-47cb-95f2-16525a713ce3,термин в той же обёртке,9.542436528879863,3.239592856846953,3.1895590086210674,3.275515453723891,9.751442422208115,8.936461951958872,132.33333333333334
LLM,coling::4e7728dc-010d-47cb-95f2-16525a713ce3,богаче словарь,9.924235335161292,3.2521759688306653,3.269747060009337,2.975483107521182,10.099423285070701,9.084101527088663,143.33333333333334
LLM,coling::4e7728dc-010d-47cb-95f2-16525a713ce3,ни одного слова дважды,10.004466741029566,3.2000968106597565,3.075166186608555,3.5472566526441045,10.122509014593007,9.482302113869528,137.33333333333334
LLM,coling::4e7728dc-010d-47cb-95f2-16525a713ce3,редкие синонимы,9.75216512132072,3.2029941177672208,3.248704658382705,2.767137442342804,10.055635827522382,8.763608154211804,134.0
LLM,coling::4e7728dc-010d-47cb-95f2-16525a713ce3,художественный стиль,9.808128343738487,3.35135967858634,3.4727857160060864,2.5247383529769114,9.940765351934793,9.142131162691117,151.0
LLM,coling::4e7728dc-010d-47cb-95f2-16525a713ce3,анафора,9.333992278620938,3.242857177359113,3.156181949143828,3.318718814689858,9.628905988271349,8.578272725237788,121.66666666666667
LLM,coling::4e7728dc-010d-47cb-95f2-16525a713ce3,поле: значение,7.982844096591426,3.4894202438731274,3.563251057081221,3.084675335119067,7.820132119277406,8.503135481840696,123.33333333333333
LLM,coling::4e7728dc-010d-47cb-95f2-16525a713ce3,перемешивание,10.945163493992226,2.625186486341379,2.6481258906910896,2.373515107764625,11.110635220009877,10.256226216340437,133.0
LLM,coling::4e7728dc-010d-47cb-95f2-16525a713ce3,чужие хапаксы,8.892795570528197,3.489226245916065,3.4433094233338513,3.4443072448716854,8.615392588377675,9.997983742895142,140.0
LLM,coling::a0b0f9d5-62dc-4996-9de4-5e5f9b3bcf06,исходный,11.253905821952733,2.7466788723686952,2.5933441040172656,2.6096979235926487,11.664473400319375,9.422495646965606,135.0
LLM,coling::a0b0f9d5-62dc-4996-9de4-5e5f9b3bcf06,тема вписана,10.820949346555503,2.903295617475789,2.887465280428474,2.354204113540533,11.180428866406197,9.373490007498859,137.0
LLM,coling::a0b0f9d5-62dc-4996-9de4-5e5f9b3bcf06,меньше мыслей,8.546560886230788,1.6453837313486765,1.7046074021008115,1.4671621058184003,9.240376522204075,8.159347763039595,73.0
LLM,coling::a0b0f9d5-62dc-4996-9de4-5e5f9b3bcf06,одна тема,10.76523459232684,2.813230890148915,2.851413006651294,2.100096226913579,11.085209401330275,9.357238300007879,130.33333333333334
LLM,coling::a0b0f9d5-62dc-4996-9de4-5e5f9b3bcf06,беднее словарь,10.979533922550736,2.74358339997814,2.6806786257863187,2.248148749921171,11.526118153218286,9.406373014574003,125.66666666666667
LLM,coling::a0b0f9d5-62dc-4996-9de4-5e5f9b3bcf06,без синонимов,11.162273428991222,2.542546033785173,2.445549033108572,2.41978454784709,11.547548765617078,9.887026046898905,129.0
LLM,coling::a0b0f9d5-62dc-4996-9de4-5e5f9b3bcf06,термин в той же обёртке,11.304500897995391,2.917785294067779,2.880008978120877,2.6025461212291323,11.752455845800549,9.991120110860965,134.66666666666666
LLM,coling::a0b0f9d5-62dc-4996-9de4-5e5f9b3bcf06,каждое предложение о своём,12.34481491965886,2.5031480296790325,2.378907680454248,2.3421203986290027,12.645305424356463,10.364600808232296,157.66666666666666
LLM,coling::a0b0f9d5-62dc-4996-9de4-5e5f9b3bcf06,богаче словарь,11.392152820038396,2.9850172335865466,3.0069280649789416,2.294747083930787,11.810004681169827,9.820326641097,141.33333333333334
LLM,coling::a0b0f9d5-62dc-4996-9de4-5e5f9b3bcf06,ни одного слова дважды,11.16769575487527,3.1264204615899005,3.0970449669449116,2.863753639228154,11.356651320188824,9.712241316158478,157.0
LLM,coling::a0b0f9d5-62dc-4996-9de4-5e5f9b3bcf06,редкие синонимы,10.88004371935625,2.9007952602363347,2.817713858958433,2.923904981041165,11.146680002240963,9.668595612395395,140.33333333333334
LLM,coling::a0b0f9d5-62dc-4996-9de4-5e5f9b3bcf06,художественный стиль,11.83183179236721,3.049262939284175,3.0573631589578394,2.3934696265503526,12.16118015834716,10.168855899232385,153.66666666666666
LLM,coling::a0b0f9d5-62dc-4996-9de4-5e5f9b3bcf06,анафора,11.511966830276991,2.881376915038349,2.614590404360495,2.754292006225499,12.08374086570521,9.184848941117112,131.66666666666666
LLM,coling::a0b0f9d5-62dc-4996-9de4-5e5f9b3bcf06,поле: значение,9.568862441856124,3.1851265715609816,3.197850300360855,2.7372676086120813,9.949849077081641,8.34458055690189,133.0
LLM,coling::a0b0f9d5-62dc-4996-9de4-5e5f9b3bcf06,перемешивание,11.632158213206253,2.5748880605308924,2.4749138283021033,2.764266281798651,11.78118544886317,11.161669018656289,133.66666666666666
LLM,coling::a0b0f9d5-62dc-4996-9de4-5e5f9b3bcf06,чужие хапаксы,10.281390892892817,3.4090157692609235,3.435153209214158,3.0493883937772757,10.000027048782977,11.34239056801689,135.0
LLM,coling::d8e4451f-f606-413a-a2c5-5f2b5e9c789f,исходный,11.285067281892664,2.7309752666443363,2.4626650888702435,2.231148998778201,12.010426167674348,9.054697926138793,126.0
LLM,coling::d8e4451f-f606-413a-a2c5-5f2b5e9c789f,меньше мыслей,10.278110929883587,2.364791424587718,2.072343978911022,2.2954496330423786,10.972377276067226,9.27776591256483,108.66666666666667
LLM,coling::d8e4451f-f606-413a-a2c5-5f2b5e9c789f,одна тема,11.626439982349003,2.6697204961637855,2.4642320199833434,2.3831538897013567,12.121990414195812,9.546001942989228,135.33333333333334
LLM,coling::d8e4451f-f606-413a-a2c5-5f2b5e9c789f,беднее словарь,11.084907861786641,2.742192285335285,2.4593946196005008,2.279272413411659,11.940930398992586,9.074626458969016,119.33333333333333
LLM,coling::d8e4451f-f606-413a-a2c5-5f2b5e9c789f,термин в той же обёртке,11.265689283890483,2.722643520361648,2.4265520738289044,2.533358750808025,11.986900603269499,9.38267141633929,117.0
LLM,coling::d8e4451f-f606-413a-a2c5-5f2b5e9c789f,богаче словарь,11.273277920535364,2.9216829306838137,2.7265242307541935,2.4866495431091686,11.920307333790122,9.181775699201475,127.33333333333333
LLM,coling::d8e4451f-f606-413a-a2c5-5f2b5e9c789f,редкие синонимы,11.575848614426667,2.8980355922284247,2.6819601887249416,2.6772157797838827,12.142413445542592,9.53255850974442,132.33333333333334
LLM,coling::d8e4451f-f606-413a-a2c5-5f2b5e9c789f,художественный стиль,11.353710397922221,3.008111314678468,2.9649267516300744,2.377091672736024,11.770011597283217,9.430990532790359,150.66666666666666
LLM,coling::d8e4451f-f606-413a-a2c5-5f2b5e9c789f,анафора,11.152384811597628,2.7431898433022144,2.4120971910444045,2.7654586721750647,11.745598849550776,9.094467237274273,112.0
LLM,coling::d8e4451f-f606-413a-a2c5-5f2b5e9c789f,поле: значение,8.68745465731424,3.2227098726469685,3.2862751206760836,2.704604165259994,9.006250335174029,7.630042503991466,134.66666666666666
LLM,coling::d8e4451f-f606-413a-a2c5-5f2b5e9c789f,перемешивание,11.914487355320702,2.480887124646743,2.481897138795191,2.346950378732104,12.14235758899928,11.214176412821056,123.0
LLM,coling::d8e4451f-f606-413a-a2c5-5f2b5e9c789f,чужие хапаксы,10.116604699042734,3.4489639733989645,3.577252225488403,2.7060282009278915,9.837033058637632,11.059386879659288,130.33333333333334
LLM,coling::60e5cc06-240c-4ed3-80bd-353d0ba88cb2,исходный,10.6242433378205,2.8475658344115993,2.554213109721508,2.539079775213412,11.31989366853369,8.35063581290556,125.0
LLM,coling::60e5cc06-240c-4ed3-80bd-353d0ba88cb2,тема вписана,10.254906555025485,3.0830123815109656,2.905323555712506,2.6523335495510185,10.81794603387619,7.988036644953778,131.0
LLM,coling::60e5cc06-240c-4ed3-80bd-353d0ba88cb2,меньше мыслей,9.102607900261418,2.828932798833377,2.973573745836246,2.208303171079952,9.568327510710033,8.225645908471305,111.66666666666667
LLM,coling::60e5cc06-240c-4ed3-80bd-353d0ba88cb2,одна тема,10.040543399735736,3.301575333881974,3.1374539638054806,2.4750248844710194,10.822131443964693,7.548866670450721,128.0
LLM,coling::60e5cc06-240c-4ed3-80bd-353d0ba88cb2,беднее словарь,10.457846270363946,2.9926635817521556,2.5678369615472607,2.5223682544342263,11.400961545970738,7.915708881311332,116.0
LLM,coling::60e5cc06-240c-4ed3-80bd-353d0ba88cb2,без синонимов,10.132181102001004,2.970576757391807,2.7949902686222683,2.342087576679153,10.838347643176755,7.906729760474121,120.0
LLM,coling::60e5cc06-240c-4ed3-80bd-353d0ba88cb2,термин в той же обёртке,10.244747467766802,2.9318223972801203,2.797612656231055,2.3093802631131726,10.954681031362483,8.289052723718216,116.0
LLM,coling::60e5cc06-240c-4ed3-80bd-353d0ba88cb2,каждое предложение о своём,11.515921334693202,3.0562852969046936,3.0638349567105068,2.4493262457780545,11.699595830919712,9.920051170192062,164.66666666666666
LLM,coling::60e5cc06-240c-4ed3-80bd-353d0ba88cb2,богаче словарь,10.424868243449366,3.158812848213159,3.0204996918225526,2.9734553082270807,10.819386470142225,8.216590989441697,151.66666666666666
LLM,coling::60e5cc06-240c-4ed3-80bd-353d0ba88cb2,ни одного слова дважды,9.957756112780032,3.1855943345363364,3.0531457350784668,2.8421639462354924,10.423169514239888,7.747863134046618,140.33333333333334
LLM,coling::60e5cc06-240c-4ed3-80bd-353d0ba88cb2,редкие синонимы,10.664776247645602,3.1041608295043726,3.0100008682634165,2.726666512329679,11.156900432589522,8.812087037698213,134.66666666666666
LLM,coling::60e5cc06-240c-4ed3-80bd-353d0ba88cb2,художественный стиль,11.489017318636689,2.9190756364852617,2.8150155594174446,2.2751478276204344,11.860714627118147,8.995213412088127,160.0
LLM,coling::60e5cc06-240c-4ed3-80bd-353d0ba88cb2,анафора,10.292140394275144,3.15668978602797,2.7906390226625213,2.865439692121026,11.0621920332365,7.565090958433317,103.33333333333333
LLM,coling::60e5cc06-240c-4ed3-80bd-353d0ba88cb2,поле: значение,7.254139113100294,3.3459826070267926,3.4232071949955483,2.9598487399312283,7.263310879866549,7.204006497280244,138.66666666666666
LLM,coling::60e5cc06-240c-4ed3-80bd-353d0ba88cb2,перемешивание,10.63173879364417,3.2930135393501634,3.209747361710354,3.6109517833686464,10.513687779652187,11.109677080061466,127.33333333333333
LLM,coling::60e5cc06-240c-4ed3-80bd-353d0ba88cb2,чужие хапаксы,9.530687423636985,3.348135927276003,3.4630447911776585,2.7254300099323223,9.27053261539668,10.423352891200084,124.66666666666667
