model,sub_source,id,крупный,мелкий,средний,группа,откл_крупный,откл_мелкий,откл_средний
13B,cmv,0798e34c-797a-4f00-86d9-9285160ea7ca,18.86733662294039,3.15113577707412,12.156936835362318,базовые,7.117898056796994,-10.027690261294822,-16.52204908817892
13B,cmv,3fd88681-c10c-471e-ac0a-d11824c0bd75,17.96748273474145,4.2894345881202245,11.673135413189272,базовые,2.009044645822844,22.4734078975837,-19.84416484136381
13B,cmv,7d48ff3a-440e-4eb8-ab5b-87c29c93761d,16.02565422686871,2.3385779795945623,7.087095049323878,базовые,-9.01554204105409,-33.22811925179441,-51.335095291935296
13B,cmv,bd357a24-f303-4f24-bc06-e06ae018c3c7,18.211790917151404,2.401274673868706,11.732984173550976,базовые,3.3960861504521587,-31.437981728090524,-19.43320178814837
13B,cmv,d340ba7b-5ce5-4177-9a11-1a6bf3f224a1,19.71212009290831,2.4815350976034645,11.67655221077686,базовые,11.914093271020526,-29.146358575397173,-19.82070274189294
13B,cmv,e82ebb13-f4e1-45fe-b1f3-c6b6c4128fe0,17.933892825747503,2.6351333226006255,10.774518467892676,базовые,1.818340439963933,-24.76076936172273,-26.01469136987185
13B,cmv,ed6d10dc-ec71-40b4-b362-b728cc6a36c4,18.489156282197456,2.8331616845528833,8.983981431196536,базовые,4.970807346731899,-19.106595635460643,-38.30975918829926
13B,eli5,0184fcca-2065-4616-b393-0ae2a3d22735,14.896919031191118,2.5831949419343636,10.154637118320965,базовые,-15.423852023540013,-26.243731824536905,-30.27122618382102
13B,eli5,20cbee54-dba7-4b6c-9bd7-8fbd6f7f7dc1,15.381438794918072,2.440613373818777,11.00527068221903,базовые,-12.673027161789136,-30.314769671543672,-24.430186795964914
13B,eli5,65682d73-7be2-4f5b-bc6d-8fce8b07b1f5,6.820764366752644,3.21515760172002,2.59086957968832,базовые,-61.275618455925,-8.199717160616055,-82.20929445293888
13B,eli5,736e3588-c459-4e1a-b9ef-2b042a801a2b,14.239176604764452,2.0262537309038295,5.275082356058687,базовые,-19.1581356476492,-42.14570834667079,-63.77762984718538
13B,eli5,766a9622-caa3-4797-b124-ba41fe33330d,17.488917260495235,3.107599940289034,11.293753422878115,базовые,-0.7079751809967569,-11.270740408628836,-22.4492644312458
13B,eli5,83aaee13-f0c6-40c6-be13-4524a4762468,18.025817524343857,2.9698510771593907,9.0044311906224,базовые,2.3402360678382785,-15.203793204964523,-38.16933697202639
13B,eli5,8f4c20f9-edf7-448d-a76e-730674a59abf,10.980563974504738,1.5942860806642696,5.146314174346801,базовые,-37.658666088725965,-54.479396887550244,-64.6618413963218
13B,eli5,aba469e5-a26e-4a7d-84f0-21605c68e8b0,17.9459118023755,3.10410660971109,12.90004156259714,базовые,1.886577284353494,-11.370483181715667,-11.41937719125762
13B,eli5,cd3d2e62-b253-4115-bf9f-f0e1087d83c9,22.23830866611656,2.121023805747044,15.502623760322836,базовые,26.25634069391062,-39.43980065783387,6.451755306014255
13B,hswag,05454c57-33e3-4e22-a40a-85fa36bf79af,10.004428381150523,2.179502679588353,4.801400164299201,базовые,-43.200603197718536,-37.770091790097844,-67.03025995351955
13B,hswag,132ec075-604b-4acb-a971-0726092c0c7c,5.183411938863574,2.363718393439491,1.959690291075421,базовые,-70.57156488221696,-32.51030153099933,-86.543408743812
13B,hswag,38acd6c6-c9c2-4ff1-84b5-40c0ad6e436d,14.4467221229804,3.258391186094225,7.912271085137881,базовые,-17.97981143015632,-6.965297027808521,-45.668864929454394
13B,hswag,483e6a6b-827d-4c38-81a6-19d834673c85,14.23803354126842,2.0007268671120793,7.242039871279672,базовые,-19.164625305489487,-42.874560118923405,-50.271136795117044
13B,hswag,59acd55c-24bc-4543-b639-38cf46abc753,8.52678673653305,1.8095604612997749,3.908243144269516,базовые,-51.58980355046789,-48.33280891940824,-73.16329485238553
13B,hswag,80e34ae7-e421-422f-be1d-a0eac0784077,19.512602279681396,3.050342281548126,14.107297929198245,базовые,10.781345750537422,-12.905580723866994,-3.1295185637157013
13B,hswag,b0f20c2a-93a6-420f-b7c4-5b6332719930,16.031143840106235,2.729041235308953,10.927815666162498,базовые,-8.984375170875206,-22.079478421935285,-24.96204659879235
13B,hswag,e9f0f7fa-9353-4cf3-b5a4-68ff9099dbd7,12.072226180917085,1.9465067698310736,4.969104118034579,базовые,-31.460835240849157,-44.42267093728965,-65.87868841808819
13B,roct,43d0e634-3b46-45d3-95c0-da0809e5575f,17.519321880365524,3.213826298191417,12.078805183271175,базовые,-0.5353552168327989,-8.237728995683007,-17.05855514280872
13B,roct,9c6020d7-aa4a-478b-9f4e-7c5c47a2121e,14.019931971070529,2.6465823824700254,7.715973455368226,базовые,-20.4028807216821,-24.43387187660608,-47.01678045488122
13B,roct,a4d72613-72ce-4abb-98cc-c335ba47e380,10.8750547517612,2.224444688802783,5.486559626842366,базовые,-38.257686840396474,-36.48689212515833,-62.32548038975837
13B,roct,c0a5b420-8d2f-47d5-aee5-dd77d33bcd5d,7.898327109575281,1.973382934911672,2.9807293612708015,базовые,-55.15783626216621,-43.65529345174524,-79.53224708893768
13B,sci_gen,b77dc4ec-3676-4a6f-8761-f9a6bdad839a,19.04176108225256,1.5992223448121412,9.945034718807856,базовые,8.108179929888482,-54.33845498016067,-31.710501476151165
13B,sci_gen,dec4f1c8-b33c-41db-8cc4-49a6b7e02461,21.183166987806217,2.771414883778983,11.319142147251515,базовые,20.265852423547074,-20.869611474074194,-22.274927859816763
13B,squad,3126274f-0512-4097-aaf8-e2ead144b310,14.362067613037446,3.2250791582226483,7.701498873189581,базовые,-18.460431103581335,-7.916433475654252,-47.11617296443702
13B,squad,3c3545c3-612f-4770-8e1d-75168bf7a267,17.694270739590706,2.8767304136635548,10.939417142616827,базовые,0.45790389769692474,-17.86260633516244,-24.882382823692193
13B,squad,3efe382d-8d18-45ff-ad0b-cd83c74bfbc4,15.087262549340826,2.521155105607318,11.397893608976686,базовые,-14.343190879871132,-28.01511451479292,-21.73416576282163
13B,squad,65e5d45d-c401-4000-9611-4a73b64b0f6f,19.87045521712215,3.122518123762123,11.914571272644558,базовые,12.81302914274957,-10.844791316258764,-18.18629895813114
13B,squad,9981152b-2e21-48cb-9da7-e3c609ec3bf3,21.145953061913872,3.8520179380425903,16.430971609531746,базовые,20.054573131737406,9.984137643988403,12.826434819025511
13B,squad,a008a6d1-231b-49d0-a199-7cb223a36587,22.408996682312832,2.7186233267882405,15.731445432896903,базовые,27.22540918957727,-22.376934119996427,8.023003442727102
13B,squad,a46bb27f-5aa5-45fc-ba59-8664b6b20af7,12.712776547820344,2.1477087685664293,10.795819789625668,базовые,-27.824158253872604,-38.67788244484564,-25.86842173681666
13B,squad,bf6248b7-e5c8-428f-9c8d-2c2507724d49,19.54063501135792,3.9563183589592454,15.382986020459684,базовые,10.94049949618738,12.962159043403934,5.63023969638744
13B,squad,c794867b-c3a9-4bdf-a802-a3998f679ddc,17.330211643866374,3.276347603051159,12.175694177945298,базовые,-1.6090144958103414,-6.452599250708382,-16.393248178493884
13B,tldr,0a990107-15bd-4cb8-893c-7d616f6cc7dd,17.551941391617365,2.6331062628643456,10.504919604207702,базовые,-0.3501603718598824,-24.818646666718067,-27.865943952110534
13B,tldr,133f2e29-9281-4661-b29a-c7ab1a411a21,18.80573361282524,2.7824187628516333,13.349634462800774,базовые,6.7681515563034855,-20.55542494379049,-8.332160850350832
13B,tldr,5c836f35-e457-4fde-9388-fbf7689f0fc3,20.29357862473269,3.1754358676535825,14.224902448245537,базовые,15.215280766688997,-9.333865738657455,-2.3219644568718447
13B,tldr,b86ad5f5-4d61-416c-96bf-99f6390021ba,19.344342731023385,2.6827665276921766,11.679815018305112,базовые,9.826064698397985,-23.400729748855394,-19.798298044857265
13B,tldr,cd3175ff-ae90-4a55-ab5c-b01b64719167,16.325587232776236,2.840100802894562,10.523175827790077,базовые,-7.312694745076602,-18.908467548028387,-27.740584072670206
13B,tldr,f828b1fb-102a-42cc-8338-cf539046eebc,14.421866564610326,3.208803924069721,11.682882164341532,базовые,-18.12092701105888,-8.381129544586194,-19.777236895183208
13B,wp,238770ab-e4f9-4a5f-b613-93f350f8c0b3,15.043407906060862,3.066903336428177,10.678654642854848,базовые,-14.592172349914373,-12.432723803480286,-26.672958809203223
13B,wp,26bd40c1-e1b6-480e-a385-d43b35b42b9a,14.49117725921544,3.2799579481936876,10.000982702243146,базовые,-17.727420706097465,-6.349515437630417,-31.326323859858785
13B,wp,c5b8b4f4-f1c9-4538-ad49-6c98595ba85d,11.09086435097094,2.766999327971061,6.247617866960394,базовые,-37.03244391873685,-20.995685938306817,-57.09952723478203
13B,wp,d6dc55c8-029d-4772-9512-b902439f5b3c,13.531098971991677,3.436134491370759,11.187256490393413,базовые,-23.17819365580657,-1.8903091987628382,-23.18054615316425
13B,wp,f07f8bc7-3626-4364-b7f9-1f6570a5f3ee,12.14893921546645,1.9628001471984735,4.794580132486642,базовые,-31.025302702329903,-43.95745683707386,-67.07709101701654
13B,xsum,0c091da4-85f5-4071-895d-a36d5c5a7d67,19.219746437202662,3.3422551502914,15.518540301779662,базовые,9.118678522676968,-4.570784351598178,6.561049306995987
13B,xsum,26873901-5967-4b69-9ee3-3f5c86776049,7.361592441225611,3.455612451675009,2.7466807581482997,базовые,-58.20510735489284,-1.3341677940280174,-81.13938695213155
13B,xsum,5680cc4f-f7ee-4769-9450-77fe15540776,16.993627823741566,2.514058651919588,13.455593587194514,базовые,-3.5199440590142452,-28.217734895001247,-7.60457209139052
13B,xsum,74b88d3f-295e-48d2-bad3-c261f6e58077,23.698345427958586,3.4382450348011524,14.82616626019868,базовые,34.54559063626928,-1.8300482386931833,1.8067294451379654
13B,xsum,b41e5cc8-1926-4841-a9b5-c365607e84a4,20.75172090929576,3.156575212937207,13.559978814536697,базовые,17.816349455613828,-9.87238162247384,-6.887790800017599
13B,xsum,edefbe8e-43e9-4512-9175-7dead569dfdf,19.77785926803284,3.113346736032971,14.207105607899914,базовые,12.287322540209765,-11.106655925046653,-2.444169892737561
13B,yelp,b0ee9bc7-4e92-461a-a530-8ef0d53445cb,15.144586460107316,3.455161907438036,10.790591433695456,базовые,-14.017738647135971,-1.3470318876462022,-25.90432325095649
13B,yelp,de0c321a-0fa4-405c-900e-24d07c235852,15.406315568745937,2.5471151399195007,7.1802943524680725,базовые,-12.531791131705525,-27.273894709237016,-50.69512430596652
30B,cmv,01fee878-5924-4b75-b74d-1ca949684e74,20.82155145138781,3.393597071637848,13.087915248541332,базовые,18.212807155953584,-3.1048521999052445,-10.12930630043484
30B,cmv,04acd9df-56ee-40b8-835d-67a687970d23,17.993640020858727,3.1868567055581427,12.579894603641218,базовые,2.157550689031208,-9.007774056762765,-13.61772801648791
30B,cmv,18274bb4-1a0f-4975-bbc0-9386edce8b4e,18.62206531771527,2.710389788559934,13.092283613481763,базовые,5.725388494137403,-22.61202092809662,-10.099310080252014
30B,cmv,287c09a7-26d3-4cc7-8a39-9afd0e6917aa,14.466554858786758,2.919514706993572,8.584764534297234,базовые,-17.867212550158087,-16.641014514382768,-41.051058988886425
30B,cmv,2b7680e1-1c19-4d2b-9abd-7730159f33f1,15.594589788685134,1.9618022545328295,9.603952264917051,базовые,-11.462878274463733,-43.98594901080135,-34.05260991418776
30B,eli5,aae59de4-c579-439f-bd16-57cf51aa7135,16.861895725231303,2.3411032290067766,10.945700589692006,базовые,-4.267843234241401,-33.15601746426236,-24.839236322760065
30B,eli5,ad501b3e-d27a-4c81-8e06-9a9d657816e0,10.644081868644454,1.6653530953275753,4.972138425325357,базовые,-39.56901817677077,-52.450267104564816,-65.85785276199314
30B,eli5,e1190be1-cab4-4a16-af27-a0485731bd89,13.77494197868712,2.502800197055961,10.449804454355542,базовые,-21.793793151640724,-28.539190160603926,-28.244402756015237
30B,hswag,0158f571-a72c-454a-9343-ec2e0e676694,16.59796760077664,2.3426600659764234,7.864900314806952,базовые,-5.766275498140348,-33.11156612101501,-45.994145458085406
30B,hswag,159d05f5-c0ec-4eaf-93f7-f11f293323d3,17.905918750150143,2.9074471265480537,10.688347779151597,базовые,1.6595197098335488,-16.98557221117902,-26.606399019766148
30B,hswag,1c8dbd2d-faac-4b6a-a4d0-45b973128b03,19.304715343462647,2.3917444304549087,9.683634988633804,базовые,9.601083157769342,-31.710092507495784,-33.5054531271591
30B,hswag,2f4cd9cb-d906-46c2-854c-b2cc381b18ca,7.937434574292518,2.424957062967944,3.182006526182556,базовые,-54.9358065447472,-30.76179403002579,-78.15013862529086
30B,hswag,4c4af084-6864-4b52-a7ca-b9f75fb81d04,13.669008337863694,2.7018080096108172,6.195084724766815,базовые,-22.39522350534057,-22.857050824725178,-57.46025618522975
30B,hswag,6e70fb49-4123-42a1-bca5-5febc04715ff,12.1285578311451,2.2057018205957424,8.670074749005689,базовые,-31.1410164933976,-37.02204492815223,-40.465259949855955
30B,hswag,6f6424d3-08a4-436b-bef7-4b008ce0944d,13.001794181164238,2.4023130794550207,8.803929026920054,базовые,-26.183282172427937,-31.408332815553646,-39.54612374043108
30B,hswag,ceb5e274-9db9-4327-af7f-d33fa4b42d76,11.338084462165863,2.689417562953952,6.8017603453621245,базовые,-35.628870155370095,-23.210827108350596,-53.29440105565965
30B,roct,061c84a4-d050-43f7-9c56-a346a094827c,18.74959695782953,3.273738958027905,12.733976448207576,базовые,6.449439879756174,-6.527082178336623,-12.55969532031573
30B,roct,066d7a1f-e65d-4975-a284-b8c312d2d470,14.46036522662979,2.935127483702339,7.556125830826905,базовые,-17.902353725600566,-16.195233157659786,-48.114404991023996
30B,roct,1bf11178-3544-4c0b-80e8-030436eb92c9,14.137317150826858,3.099170264404386,9.662031116578776,базовые,-19.73643510883239,-11.511427406380069,-33.653800280339084
30B,roct,207319d0-0e7e-464c-a8f5-253922ee4299,21.234431120476255,3.0393932675216813,11.158660656809795,базовые,20.55690071759418,-13.218200728529371,-23.376904958388284
30B,roct,6166cb10-c734-4599-a0c1-cdf0c8fe348f,17.720697570730035,2.424213562007325,11.904658108124591,базовые,0.6079402626868254,-30.783022724519544,-18.25436961378935
30B,roct,8922706d-60d1-47c9-ab42-6c4528282213,15.615360262703412,3.1519660877870765,10.39641248075002,базовые,-11.344955455628984,-10.003982944971296,-28.611029037955138
30B,roct,9270e874-6e08-446e-9828-42a1f5620947,16.482185026916298,3.2294880729082363,11.922920365212184,базовые,-6.423622435410024,-7.790548631024811,-18.12896830412205
30B,roct,977f502f-3c6e-4443-a1bf-b80169c2c150,13.435134428408452,2.3569308359284036,7.078406072685132,базовые,-23.7230252026247,-32.70410220160194,-51.39475982545606
30B,roct,cac35c25-a718-42ef-96ef-04059a0ba6f3,14.453710308327253,2.871027856146634,6.319145029990635,базовые,-17.94013652847062,-18.02542771371046,-56.60837217778349
30B,roct,ea16313c-550d-4f61-8241-2ed4b95bac48,13.619837850835456,2.3965925204654193,7.805745202342155,базовые,-22.67438528223333,-31.57166817832524,-46.40034544426575
30B,sci_gen,a72dfe80-b04f-48c5-a792-779ce97fcdea,19.644778373161827,3.2068189062501733,12.794257732021158,базовые,11.53176567413001,-8.437806454352046,-12.14576226141769
30B,squad,75f5fe71-5384-4b8c-8c10-886ba2b7aa24,14.099406439959209,1.5803917830178145,7.086653969229246,базовые,-19.951670345428738,-54.876111640543016,-51.33812405345528
30B,squad,885841be-8883-44bb-bffb-1ab3bca2d057,17.28762069839445,2.4665456045585423,9.141681441604067,базовые,-1.8508214156941556,-29.57434372312576,-37.226881658714625
30B,squad,c9d969a4-3707-4f41-a813-2dad90c6cfc3,19.04860030769108,3.947457739608701,14.769215291769276,базовые,8.147009122792156,12.709167599974549,1.415664638985365
30B,squad,e79bc21e-f165-4563-b6e3-3b5bce3722af,18.722775104147676,2.3216440001012133,13.520719362093402,базовые,6.297160803710325,-33.711624043675876,-7.157373400328004
30B,squad,f226adab-7189-445d-b015-33197d0b623b,18.45091737073437,3.810997310019054,11.977263169782969,базовые,4.753708775705959,8.8129026000841,-17.755812958017508
30B,tldr,389ca1fd-34a8-4e0e-87cd-f54ba74f2b36,20.63720846184701,3.2599373487645615,14.937068451319217,базовые,17.166213566421334,-6.921150460817012,2.5682607249126628
30B,tldr,55f1ada3-ee7c-4f1b-994e-1729bc5d3160,20.50065637172,2.9437357178390458,14.425260600144782,базовые,16.39094924788034,-15.949447903439417,-0.946166573281881
30B,tldr,a73a6fda-6cdf-44b6-b18d-1f268b8ccf1e,21.01108458625408,3.368572640103412,13.332233959394443,базовые,19.288867408904444,-3.819358353982124,-8.451644762200187
30B,tldr,a8132460-6998-48d4-acdf-1b64cd42e79d,16.125791636307365,2.077108829446456,8.278955677990238,базовые,-8.447019359221006,-40.69367612668247,-43.150954467568056
30B,tldr,cfd89532-52f6-4fbe-8431-f0b7588c1e2b,21.944922439416757,3.378349619313802,16.38471172554903,базовые,24.59066224914876,-3.540202689467129,12.508782405708482
30B,tldr,d492cc0c-cc31-421d-8b56-a34d05423ed6,20.988407195578365,3.188084233264802,14.754892652315451,базовые,19.160118212812733,-8.972725264565385,1.3173154734475252
30B,tldr,d92c67ca-2ed7-4256-bb9d-50e648e59007,18.78333816913811,3.7355160887653422,17.052786817226828,базовые,6.641003093234351,6.657736876187418,17.0962488426703
30B,wp,292f771c-cba1-4566-b6f6-502b56be2e1d,16.66287158495162,3.079421402304622,10.355066765976556,базовые,-5.397787963345315,-12.075303692116245,-28.89493736083411
30B,wp,da201428-2411-464d-a418-4b9896c5c5b2,14.551832256915084,3.3357902226395213,12.053934067609251,базовые,-17.383056475465896,-4.7553731837789455,-17.229337454213763
30B,xsum,b3eeac79-4c65-496e-8edc-c5cbc36d0dd6,15.102969118007028,2.783841368523474,10.58050647943004,базовые,-14.25401800641094,-20.51480621860761,-27.3469120985408
30B,yelp,3feb01c5-8d85-4b46-84f8-39dcd91eef36,13.45863791456402,3.196160170389404,9.581138976448466,базовые,-23.589585910990372,-8.742138337244961,-34.20926175837422
30B,yelp,45386be3-78bf-4a37-ae1f-b7821f61ed7b,15.934396977991376,3.507828364685615,13.106472134634236,базовые,-9.533648272873817,0.15671886749238703,-10.001881863891441
30B,yelp,7ce963d3-d170-4d19-8810-e6e3b374caa7,17.96199196937082,3.590886182662494,13.901013095649327,базовые,1.977871234494108,2.5282141802635327,-4.546013149651127
30B,yelp,861f9f63-d78e-4d8c-9306-09932fd1a620,19.13907901508496,3.150161713481866,13.666917399357468,базовые,8.660695243341062,-10.055502059144066,-6.1534763871730025
30B,yelp,b2e0861c-60ca-4fec-8372-37fc1b5d6faf,16.49380284636274,2.8755232457566215,11.982557470780456,базовые,-6.357663131032471,-17.897073807373385,-17.719458619357535
65B,cmv,032acf17-0212-44d1-a65e-c56f37e703ac,17.9503322683383,3.5047352237414606,15.172014020079388,базовые,1.9116741505317798,0.06840244611897026,4.181559775612791
65B,cmv,047d0b9e-a5d8-4a01-81e3-03a4c2a2330d,16.335062931146194,3.05852270478438,12.14674561838791,базовые,-7.258897173522389,-12.67201047324156,-16.592029044630337
65B,cmv,7ace64af-a5a9-4661-b1a6-8ee700ba8019,21.28803628330235,3.385916386217834,15.927776958481632,базовые,20.86124003594513,-3.3241537649608404,9.371151720304004
65B,cmv,8571e4d7-698a-4bf7-ada5-adce9aa3385b,17.64795940364256,2.5809626238991377,10.736044677050746,базовые,0.19497473805411777,-26.307469734899858,-26.2788790733032
65B,cmv,9814310d-020b-4d37-a71e-9775deffdc01,17.698750815328918,3.142308013658662,12.040540801762791,базовые,0.48333919393417696,-10.27974359079403,-17.321304896672423
65B,cmv,a27c3d5a-a77c-460b-a596-49d0e4ff72cf,22.32978892605235,3.8660148564314594,16.909142671057293,базовые,26.775713054400356,10.38378245962374,16.109888615163733
65B,cmv,b4cc0630-8d0f-4d8c-9754-8ee189a0f1dd,18.49293098843224,3.2212901702179657,13.817781192532408,базовые,4.992237960163589,-8.024617961017835,-5.117541061392933
65B,cmv,b690dd11-90c3-42a9-bb35-55e4297304ab,19.19249435291542,3.3024236484176797,14.542297132611065,базовые,8.963956844421302,-5.708067057730166,-0.14251265581715605
65B,cmv,c7e94600-fb5d-4e62-a4ed-cb6836e8d988,18.05744950623963,3.2914831205903536,12.52740967029914,базовые,2.519824288463239,-6.020444761524027,-13.978125931561033
65B,cmv,d1e2c717-60b3-4803-91b3-49dccbb82576,7.988175259535333,1.728034232357844,3.2995797146235817,базовые,-54.647730084471235,-50.66057377662514,-77.34279965609619
65B,cmv,d567c537-d1e6-4a73-bb2f-fc5164ef0d45,16.717529157362986,1.8638596406176575,8.732147978723784,базовые,-5.087473667978692,-46.78244012359512,-40.03902214887696
65B,cmv,ef8b5375-bab1-43b1-9fce-6fb2de044035,18.32640633781769,3.3118668148525514,11.34741394255301,базовые,4.046806662415696,-5.438442530099905,-22.080794125938823
65B,cmv,fbdcd3bb-8d1e-4fa7-85a8-db46247059b4,14.370574319530313,2.455338728339484,10.115556872693208,базовые,-18.412134911219237,-29.894326297574096,-30.539578225977415
65B,eli5,0d8e2d03-4d8c-49d2-b3ca-f6d6c79ef9af,17.72093554673538,2.728460987654242,11.480330477071169,базовые,0.6092913537279133,-22.09604585203291,-21.16809711236208
65B,eli5,5733c2ad-8025-42d8-8d93-1489dfc07d39,16.344680194995906,3.1822203188627256,11.45337906696514,базовые,-7.20429587450352,-9.140153760253614,-21.353164166695297
65B,eli5,64c50e85-22b3-48be-92f9-0f1fda19fe0a,20.151641999768884,3.0717213059288566,15.76713770160806,базовые,14.409446152760896,-12.295159485439603,8.26809128810725
65B,eli5,669981cf-7a97-4032-96dd-344c92fa590b,21.654118253032873,3.077864384899162,13.69424469191036,базовые,22.93964314591807,-12.119760187228842,-5.965828263539786
65B,eli5,738965b9-8015-4164-9f91-a023c1283f4d,22.295571114983645,2.705928829653414,11.620200730906928,базовые,26.581443981290832,-22.739391757176445,-20.207651044257005
65B,eli5,85b53dee-548e-4a6e-b3a3-b3a4cd4f40b6,16.05444367181904,2.6134089731155643,10.433632263619147,базовые,-8.852092112167378,-25.38105044099653,-28.355452222070078
65B,eli5,c7650f0f-e8e7-410a-8d4d-3fa1d3623722,19.223229479721383,3.888234004835724,15.567830112611023,базовые,9.138453237089712,11.018191207384827,6.899507297257534
65B,eli5,f55a01a1-0837-45a8-962d-986cbdd3c29d,17.22052690551317,2.311538472174385,10.119104185152477,базовые,-2.2317414262780564,-34.000160543854854,-30.51521992097394
65B,eli5,fe593566-e19f-437a-9e78-f1c8a277678f,19.023395640348888,3.804191717874805,13.799383269867404,базовые,8.003911501709084,8.618586998448482,-5.243873944906918
65B,hswag,3cf2b924-29af-4d25-8082-683fd37913ab,17.489027928098004,3.925161655159205,16.867046236842953,базовые,-0.7073468739267926,12.072562147856258,15.820825332488328
65B,hswag,490b9d22-6342-40e2-a20a-4d75f126ef0b,12.955238955802226,3.3007773620970804,8.505272915998257,базовые,-26.44759599604815,-5.755072389532493,-41.5969035137145
65B,hswag,8e002283-8b66-4f16-b6e9-2357729109de,15.855755254121055,2.8708977419618473,11.022076741634075,базовые,-9.980130801325096,-18.02914277855158,-24.31478474840393
65B,hswag,bd8326af-9d25-4489-9294-3e2e5c6eee63,16.797432677253415,2.271980352793688,11.401242493643824,базовые,-4.633827386627279,-35.12963753925917,-21.711170000514173
65B,hswag,ee1a6849-510c-4ef1-88af-354999a02239,4.293695068949635,4.173851214716019,1.7976433113835335,базовые,-75.62286612708769,19.173231768003056,-87.65613557618146
65B,roct,4a9c8004-ded4-4af6-bf51-558f7e2be509,14.547883321007296,3.0319824663209576,6.053953603350399,базовые,-17.405476264885934,-13.429796466769057,-58.42936024370113
65B,roct,cf9e42f3-95e6-4c16-b63e-b1dd34983a52,14.498098683273874,2.8455783140368456,10.967913174090686,базовые,-17.68812483665304,-18.752071770773643,-24.686709328898914
65B,sci_gen,6e52bd23-a0eb-40f4-9836-755baf204ad5,19.69015478260404,2.2442866197978377,13.092429544519131,базовые,11.789386858187568,-35.9203585043955,-10.09830801664513
65B,sci_gen,850396ce-7d52-453a-ac30-eb56e8b98f2c,19.32152999409563,1.843814283530019,8.708783494117638,базовые,9.696547084043635,-47.35478203594095,-40.19945888762504
65B,squad,04e9e2d2-16f5-4837-93ed-855310d8067e,15.385863695513583,3.7063361593809785,12.820640400070303,базовые,-12.647905118314004,5.824581521910289,-11.964600584084376
65B,squad,41f3d4af-e2c3-47fe-895d-840cfd9c5997,16.75826636569756,2.5011987944698575,11.11561585366924,базовые,-4.85619120258845,-28.584913956621072,-23.67248039916248
65B,squad,8241b397-aec7-4d92-bdcb-bc87dde504b3,21.594212987495325,2.92755449658508,15.31474642099069,базовые,22.599535463781617,-16.41145968382805,5.16165932849864
65B,squad,ab9dc07b-66e5-46e0-b1f8-21348881a4ed,17.272820651900172,2.992074428407883,13.00485874170576,базовые,-1.9348475770593017,-14.569264456153212,-10.699629819790408
65B,squad,b7eb3abc-363b-4513-8583-9c4380194e97,17.23653731925725,3.5863179032998658,14.311506490579706,базовые,-2.1408434950247424,2.3977791007034437,-1.7272811009702422
65B,squad,b8c7d804-7726-486e-8961-533a8cc677c1,18.902137049597354,3.4796994149252507,15.695279959626715,базовые,7.31547488650391,-0.6464285560102223,7.77466624699785
65B,tldr,05bf9d81-dc98-4b2d-bc27-4a314098f0bc,20.122166651726065,2.368466453092098,14.156254768630664,базовые,14.242102060166484,-32.37473330292417,-2.7933469857693893
65B,tldr,18c484b0-31cc-4831-838d-addd2823f841,15.33002128574228,3.256600037859805,13.251833012527106,базовые,-12.96494623952108,-7.01643850667073,-9.003733366981978
65B,tldr,1b76833d-351f-44c3-8d5e-f569d66f62ea,17.476428887707602,2.5738390705360508,11.578594236121786,базовые,-0.778876987112541,-26.510863874335815,-20.493350063370446
65B,tldr,872b1426-01e8-4205-a788-41a01004969b,19.683514493844473,3.532377467397505,12.735160528773402,базовые,11.751687113457827,0.8576532699611715,-12.551564602793025
65B,tldr,fbd39a40-8475-4be5-acea-c977ffe0f041,20.874863341697253,2.9068640761229583,12.891023297628736,базовые,18.51548144144011,-17.00221966693819,-11.481302846588193
65B,wp,272b8188-8e31-4d4d-ab21-b6e0b0970ba2,11.91673707627357,2.771654783923249,7.65252173465192,базовые,-32.34361304849666,-20.86276176285474,-47.452483930103604
65B,wp,501a14cc-bc41-4dcc-b032-0ccc7fa0304f,19.42539487977328,3.8305195090709994,11.6572869817313,базовые,10.286232234525954,9.37030712471972,-19.95299115190526
65B,wp,5b099732-2e46-48ba-b921-61ca6cb51488,15.625804867950068,2.2167261666618656,6.916792560977422,базовые,-11.28565698746605,-36.70727401724946,-52.504510166329744
65B,wp,c5c9ccb4-9782-4340-a87e-c4b084dfe758,11.929330888663182,3.247554411384749,8.798573778292463,базовые,-32.2721126168959,-7.274712336987883,-39.58289658774524
65B,wp,ccc5435c-390f-4e69-8790-704336fa3b94,15.861580581643713,3.1374585170911664,11.388188703844882,базовые,-9.947057938303148,-10.418208080462145,-21.800806365233907
65B,wp,d5e4f0ca-b9f5-43b4-871f-390ce72cb7b1,15.78964279033291,3.547939620920399,11.76778880204083,базовые,-10.35547938909193,1.3019892161142685,-19.194209095504874
65B,wp,d60c35c1-c0c4-4b95-9adb-ca2e469622c5,14.462207753868718,1.7402711597849088,5.767816629697158,базовые,-17.891892914470162,-50.31118082671543,-60.394174946957776
65B,wp,db4b790e-e118-4972-bdb6-e8240803071c,15.81741507308299,2.230565602842746,6.309330834576288,базовые,-10.197804322818374,-36.31212568764262,-56.67576324299448
65B,xsum,2da3d2d2-87fd-4fed-851b-7062036ac753,19.047902882270662,3.3926955660258784,15.777579112567253,базовые,8.143049541926061,-3.1305922974095823,8.33978924979824
65B,xsum,65ab2bd6-ac14-4661-934a-3cbf0633c943,13.39981008790641,2.73366705935175,11.50352253367834,базовые,-23.923576514155368,-21.94740030692568,-21.00884438371697
65B,xsum,a70ef57c-82c2-4f13-8241-0c3d9b0e7e13,17.455650863905774,1.4613285479042253,7.535521973049606,базовые,-0.8968426692809367,-58.2756459754547,-48.25588535334063
65B,xsum,f040e073-62a4-47ec-a022-32a144f2a29d,15.109977919885472,3.882963430762167,11.826511466056072,базовые,-14.214226055903067,10.867703968308394,-18.79097859998921
65B,xsum,f1f44c7d-4466-4ef9-97a8-abd489ce69ca,18.247379162045707,3.48153494496731,16.687627725608447,базовые,3.5981357595089634,-0.5940198725506327,14.588813529158129
7B,cmv,627f9162-db72-45ae-8ed5-93a586f7239c,14.128012451166503,1.740068583077011,6.239717216809144,базовые,-19.789261847952268,-50.31696486637549,-57.15377857246927
7B,cmv,647f5e5e-1522-420f-a6cb-67b7ea32e82d,16.45677952430559,3.547148356906688,12.593868655971384,базовые,-6.567860283767847,1.2793967745429984,-13.521772491650136
7B,cmv,af13fa5b-15ff-4923-bafa-8a985ef7f7e9,7.558670992058645,2.3967501046846604,2.339439047877712,базовые,-57.08620856492551,-31.56716877963647,-83.93579068109777
7B,cmv,d0b30dd8-3ce8-48fc-95df-3834da1afc72,20.389654582649783,3.1071743591836563,12.539462618974046,базовые,15.760744860087279,-11.282891746349852,-13.895362035404249
7B,eli5,01e97ce1-4b9f-44ad-a6ec-db965581b422,11.36096872118355,1.8129967308724095,4.8948725298962055,базовые,-35.49894647967856,-48.23469537172041,-66.38841393156594
7B,eli5,0664fc77-b872-4489-b1cf-dcbcc5da5e59,17.172819564705392,3.116435312536362,10.857657415568683,базовые,-2.502596299508815,-11.018469829151787,-25.44380175458898
7B,eli5,06f49587-c6dd-4335-843d-67de6d671c4f,11.481459060489415,1.6344091043657851,5.654430351501989,базовые,-34.8148715548213,-53.33379055018129,-61.172763689618506
7B,eli5,0dc714a4-d60c-4505-bf66-1a031858a5f0,18.727589440923527,2.5345444931763033,12.49345722657308,базовые,6.324493842086272,-27.63281612754701,-14.211266933203484
7B,eli5,8561d1c7-25e0-42bc-8b22-1984435a0ac0,11.350592581562193,2.13299148127794,5.282895481105416,базовые,-35.557856239354564,-39.0980954804334,-63.72397951750518
7B,hswag,293a2c03-0a4a-4cd1-a8a0-4dfcb829d463,20.35064469929683,2.8829208407815403,12.376425208548564,базовые,15.539269153594159,-17.685855136395805,-15.014889851383325
7B,hswag,2f4e2740-91c5-4bc4-8331-0fc8e717b840,16.237520548368348,3.751169463385435,11.702443136595146,базовые,-7.812686784818674,7.104677398402126,-19.642917707406816
7B,hswag,58d99346-2008-4848-a386-c4d644cb45e7,18.48652827820044,2.839551725036015,10.92474966853208,базовые,4.955887049825599,-18.924145007412804,-24.983099862715164
7B,hswag,639606f2-92ac-4bcb-a46a-98573b5e77f2,16.419835768988214,2.932521354165368,11.343285152939789,базовые,-6.777605702265871,-16.2696442622607,-22.10914525594183
7B,hswag,8bdfff86-034a-447a-a89c-9088f3179ef0,18.75276421527815,3.077884791480513,14.187272992108742,базовые,6.467421747959469,-12.119177531517394,-2.5803543732435927
7B,hswag,90c2c915-0c84-440e-8bd2-d1768f46e6cf,7.592143653686346,1.674952831680456,2.394018622467949,базовые,-56.8961700222535,-52.176172138922524,-83.56100950800005
7B,hswag,d765c401-3b51-43a1-8862-7806746ceb87,15.944081765435682,2.8972452758786207,12.189292469830525,базовые,-9.478663613677167,-17.276858951349418,-16.299872885206383
7B,hswag,fe50a50a-128a-4d06-ae15-a4bf4a86d38d,14.84432383716081,3.1235356667022733,11.950635612906384,базовые,-15.722457319295744,-10.815738081152329,-17.938656211704533
7B,roct,0d83e7b4-3ab4-4ff4-994e-632a1f717d84,13.664076396504402,3.112626767962002,9.26226304802442,базовые,-22.423224234977436,-11.127212700401898,-36.398884807374
7B,roct,17ac41a7-25e6-4005-b9e0-42df83d3cd0a,13.969011014846288,2.177057963156103,5.64185061004801,базовые,-20.691980657024896,-37.83989417235823,-61.25914490997032
7B,roct,254d54b7-e660-44bb-b08f-d0e5d6e59b02,6.403622600972715,1.9723412569738297,2.28532893216716,базовые,-63.643909754004525,-43.685035797585556,-84.30734822427587
7B,roct,31637d86-e55a-4dc5-8838-fbe02806755d,10.739258822592433,2.451380102619754,5.283062287912101,базовые,-39.02865811143118,-30.0073543371738,-63.722834106402956
7B,roct,78c9094e-5eb0-4a44-bbac-647b41aea0a7,16.03838583678097,2.098859706117328,12.709751439665414,базовые,-8.943259274284438,-40.07263763409895,-12.726041012598893
7B,roct,8073c725-a36b-4f5f-8d63-ef9b5075baa6,12.368959752697087,2.703112104462747,7.685691378630699,базовые,-29.776152493772273,-22.81981586112884,-47.224718173867316
7B,roct,a2f56bdf-4044-41c7-b893-d37c116508b5,17.662195690279376,3.5968074572384334,11.678612502607011,базовые,0.27580019482874424,2.6972804433139386,-19.80655535077044
7B,roct,d33d20ad-001f-473c-930e-ca091a7d020c,17.444971907918923,3.46269703557201,9.421349422194536,базовые,-0.9574716463121554,-1.1318863241566386,-35.30648754369137
7B,roct,dcc6cbd6-3a48-4e9d-99d4-3eea3b8c7dc7,11.841105673100744,2.200591555601959,4.2759783138907625,базовые,-32.77300470545734,-37.16795496738718,-70.6381704025407
7B,sci_gen,0dae447d-9ad2-4d16-b1ea-dcaa81e940e3,9.997561254567437,1.6359899247668857,2.629076967907806,базовые,-43.23959079729185,-53.288654423771284,-81.94693605448299
7B,sci_gen,2f9539e6-9831-4000-97d7-90150745c7e9,16.99985560424527,2.295720950777864,8.106418926113355,базовые,-3.4845862991752283,-34.4517878411425,-44.33571134331062
7B,sci_gen,343a25b5-9285-4c2a-832e-5194a99b0c0a,14.897848505183427,2.442999077755825,10.21143791645375,базовые,-15.418575004194654,-30.246652234291194,-29.881192550966368
7B,sci_gen,3c63f341-1963-4df3-8812-d1df69f5a609,18.962555145361215,2.3633620783429827,8.13433155443124,базовые,7.65849412404431,-32.52047516187264,-44.14404389878113
7B,sci_gen,90e27413-9f5d-407f-8723-0c8a29dccaca,15.825825901269846,2.1661648567277845,7.91146850847708,базовые,-10.150052472395704,-38.150917884099194,-45.674375976850676
7B,sci_gen,970161bd-0897-4755-9cec-e9dd786bf717,14.716774693730729,2.289199739451377,8.490312171927489,базовые,-16.446608078686065,-34.637983704109416,-41.69963434764555
7B,sci_gen,e4364e46-99a4-494e-96ac-cd3e00f70ae0,16.734846938377512,3.300492158177785,10.80347101634667,базовые,-4.989153256446498,-5.76321562967855,-25.8158831132077
7B,squad,024d1d46-21eb-46a3-9ff7-bc37ffe5b56d,16.351763599867077,3.148368752307688,9.69315425953965,базовые,-7.164080371062376,-10.106695301684178,-33.44008721795383
7B,squad,106efcaf-d30b-4194-8b4a-6092a610cd24,16.894332382870957,3.136613260992533,9.153269132707852,базовые,-4.083686527029054,-10.4423421225647,-37.147312543382114
7B,squad,108563e9-9175-4dcf-a2a4-e438e424b2a7,13.6807205885382,2.6123726829413205,10.40473509987802,базовые,-22.32872807470083,-25.41063895356224,-28.55388016892391
7B,squad,114c9575-e705-4c70-b3dc-a7b28be00598,12.213612030705328,2.6579003554399883,7.314782281733757,базовые,-30.65812761194746,-24.11071722961296,-49.771637007355515
7B,squad,11cea7a9-655c-4a3d-87ab-b8cdbf0ea9d9,15.471166550767537,2.6606581719046782,12.549330223298984,базовые,-12.16360451268763,-24.03197510781395,-13.827604227610232
7B,squad,496a987e-482f-421c-b957-ade2b9df2d0f,14.90073527133544,1.796995121974344,5.636478995800517,базовые,-15.402185604431192,-48.69157879850539,-61.29603013496919
7B,squad,51f604f1-cac3-4ffb-b1ad-2150da4d63de,19.835431164476464,3.978747193092497,13.344701864126824,базовые,12.614182693151868,13.602554810034043,-8.366031490261863
7B,squad,9c4b954c-0e94-4a46-9757-91a3de9a7412,13.669115364724313,2.5601204309204553,8.56807286722189,базовые,-22.394615868312933,-26.902563178970063,-41.16567553938942
7B,squad,bf68ef53-63ea-452b-9274-711b18efe794,17.698055282322652,2.833706541185778,13.386771687637616,базовые,0.4793903571084393,-19.091038701959196,-8.077150935113515
7B,squad,fdc1b906-497f-45ae-9ddb-5ab20660af19,16.860006407860666,2.4880688276126923,9.190080715588133,базовые,-4.27856969285871,-28.959805274705968,-36.894538711430634
7B,tldr,1fd32945-46f5-464d-9b59-aedeb9bd2264,15.945298726060145,2.456787389630456,9.359644406189952,базовые,-9.471754410395562,-29.852963623415125,-35.73019693420662
7B,tldr,4344347f-df41-468a-b529-4c3962fa5823,19.998208431987067,3.084703879884161,13.539678712057183,базовые,13.538338502507822,-11.924476580053389,-7.0271853680111125
7B,tldr,58f7bcb2-8a1a-40c3-891e-077a7dd4694d,17.17776331443922,2.667410700219057,10.373052716464771,базовые,-2.4745285287052554,-23.83917460285292,-28.771433363709576
7B,tldr,7b174b6d-5bc9-4dab-871a-9493d710a8fe,16.02446208375355,2.2948179175220647,9.610477400462212,базовые,-9.022310344775528,-34.47757155645754,-34.00780381277351
7B,tldr,8c8a8259-39d1-4d6e-9965-3f31f2f49275,17.857711661871466,1.7385586807760478,10.628902136898326,базовые,1.3858275575680472,-50.360076114861144,-27.01459398475976
7B,tldr,ba0730d5-e073-4198-9409-a4b06bfbe013,14.091735150344086,1.98312733641893,5.640830511848712,базовые,-19.995223520706155,-43.37706795698622,-61.26614961095376
7B,tldr,bf9f0437-dd18-4943-9b5c-7bc35b0196b7,18.499753619763275,2.004513928761329,11.599401675805314,базовые,5.030972941258298,-42.766430635521,-20.3504717666395
7B,tldr,e297f3f0-2dc1-4f61-b65e-863819a008d4,18.763356975697864,3.735049910430436,11.84463773467079,базовые,6.527561356079842,6.644426392441584,-18.666511081392546
7B,tldr,ffa1841e-0c80-4a64-aa88-25f876bf6141,19.025684227452903,3.237891280181947,12.726433566109373,базовые,8.016904784491983,-7.55061737413342,-12.611489974680957
7B,wp,203fc201-cfef-44a7-a8f2-5a8874c14d25,11.368390690600505,2.7323158942668884,8.330797349816706,базовые,-35.456808801251846,-21.98597923596064,-42.79497363172721
7B,wp,25015ae1-7cb8-4926-b596-aeaf70126f6f,13.040474096466914,1.7894706848079662,7.082967409195971,базовые,-25.96367983495758,-48.9064191098205,-51.36343852877575
7B,wp,2c7fa840-fb64-4bdd-a223-78a42bb5d2ac,11.928052457242943,2.68208349602732,8.181616811592189,базовые,-32.279370816040945,-23.42023190327188,-43.81935056282066
7B,wp,3befb6b0-8eec-4a96-a127-202b1e648103,18.334835835503696,2.986030857209274,7.532994279790602,базовые,4.094664507528911,-14.74182257432927,-48.27324224649989
7B,wp,42e40295-0ebb-478f-95e2-d06692ef0d54,13.297454819905084,2.978591433312046,9.329002080892618,базовые,-24.50469092274715,-14.954235557618878,-35.940608369392685
7B,wp,437f52fe-17b7-424d-add9-2bffbb0ac83a,18.33882117164774,3.914782898869648,12.502661491351237,базовые,4.1172909565784686,11.776224337730664,-14.148064074314279
7B,wp,473555d9-eebc-4c0a-bf59-0e6cbbf4286e,14.6859800738958,2.8927730943925183,11.697849374381018,базовые,-16.6214422385942,-17.404550211371518,-19.674461661431163
7B,wp,70743bd1-9cc3-4e9d-b091-348a731557d9,17.643166122449582,3.645428746293016,11.442138271988366,базовые,0.16776124118129204,4.085532168466795,-21.43035125288229
7B,wp,be8ef001-4dcd-4be8-8dc3-56c463f77f97,12.739090671972122,1.4263111619495097,5.185746204483538,базовые,-27.674761774407834,-59.275474392332015,-64.3910737580025
7B,xsum,5eec7c83-5b20-42e7-9b89-009b1a9e7bf4,19.50881230703595,2.7832463417703552,14.24360374306239,базовые,10.759828463196541,-20.531795626593116,-2.1935484099801874
7B,xsum,e39dbb46-67c8-4869-92e4-58f7ac9ce6b7,15.233642497851434,3.1823923964695173,10.640692126036154,базовые,-13.51212962753445,-9.135240541391386,-26.933635750968854
7B,yelp,5ae08579-805b-4dcf-b7e6-752da69e8a96,18.94714187916377,2.019317742819335,9.598426377007389,базовые,7.570986453499399,-42.34374705792606,-34.09055448903538
7B,yelp,6952cb42-bd18-4565-979c-0e688ba2bb6d,16.962617204312274,3.416708242204821,13.89353730789561,базовые,-3.6960045405273667,-2.44497412933652,-4.597347087762639
7B,yelp,83916cea-50cd-4683-8183-bfd028ebec1e,16.82678717042717,3.547996347822231,12.704242619000018,базовые,-4.467169438548263,1.3036089020761585,-12.763868391922795
7B,yelp,9fb8963f-60e4-44ca-8749-896fba0c52cc,14.877051556895433,3.506690034127378,12.797407939841902,базовые,-15.536648128723382,0.12421686287682665,-12.124130751985387
GLM130B,cmv,13524a82-cbb2-49fc-8e46-27b7233578ce,16.837458497317225,2.0621199603892317,7.5704261872752,базовые,-4.4065837751457355,-41.12164345810024,-48.01620883604029
GLM130B,cmv,6bf1772b-c60a-4cca-a462-630ad3da93e3,17.455888892914516,3.1661867409587416,11.922107125714094,базовые,-0.89549127731701,-9.597949977062894,-18.134552569946614
GLM130B,cmv,aaafc142-6afd-43ff-a9b1-76ec5994afbb,15.767678703813292,2.0026090789975415,10.728868552859922,базовые,-10.480178853978698,-42.82081855945626,-26.328155313778208
GLM130B,cmv,bcfdac0f-98d9-4e24-93d6-dd82a275f54a,18.770810748546,2.1906317502194104,11.24654639898151,базовые,6.569879596117733,-37.45233074749017,-22.773420563411523
GLM130B,cmv,dd85bb67-1247-4786-87d5-0ebee1bd0d6c,20.536206958747087,2.131924557727265,9.857323662617295,базовые,16.592785057201535,-39.128558647672094,-32.31278635615493
GLM130B,cmv,edae6d40-5a68-4209-8544-d998abf83a0a,15.5279021273776,1.8092231979025168,9.137421261477709,базовые,-11.841492503294589,-48.342438579628656,-37.256135007011146
GLM130B,eli5,01bbec37-4ba6-4eb4-a276-c160072649e9,19.96525808646549,2.504762975079975,10.109289856643985,базовые,13.351265370615693,-28.483148249109757,-30.582611900101547
GLM130B,eli5,0e34e084-2545-45ab-9525-ac167f99e5af,17.039505933768258,1.843078983917538,9.173852566108293,базовые,-3.259474507265091,-47.3757765627291,-37.00597242898745
GLM130B,eli5,1ddb6744-4086-41bc-9fd0-7cf3b16a4af6,17.523200777100186,2.7855430550340965,10.977537408214976,базовые,-0.5133330696002552,-20.466219081574106,-24.620622669514916
GLM130B,eli5,4024588d-48f8-4a84-bd24-6ea6806a8c90,23.377392391919003,3.21038423885131,15.542935549510844,базовые,32.723403685213036,-8.33600785479794,6.728563979496513
GLM130B,eli5,c06e4c32-ae34-4918-b09d-4cc7297f7e3a,8.644417966615151,1.7908362800235988,2.131231800798754,базовые,-50.921961005224404,-48.86742816674134,-85.36548589022195
GLM130B,eli5,c66ff334-b9bf-4e7c-bf79-4366ab15054d,17.988526379870862,3.2358155729987996,15.304374745363267,базовые,2.1285183732897703,-7.609883677720751,5.0904402179097845
GLM130B,eli5,cac9cea9-cc96-4f4d-95a4-5659c6a30e39,14.002126607770665,2.3484811153398075,6.396016700137407,базовые,-20.50396934531433,-32.94536152261684,-56.08051803212767
GLM130B,eli5,e79d7c4c-0f2d-463f-bd93-834562d7c538,16.90803734429309,1.9374655760617243,8.20331323309416,базовые,-4.005877629576974,-44.68081820347278,-43.670367901017606
GLM130B,hswag,2a72c61f-bb65-439b-8b45-79202a552c60,2.350635028641269,2.3390465860322074,0.9967620424448906,базовые,-86.65444474761853,-33.214739440026186,-93.15554123733331
GLM130B,hswag,460b5919-8a70-4223-97fc-19a770782cb4,11.868720040086432,3.05819260706354,8.139287589981556,базовые,-32.61622619417136,-12.681435536610634,-44.110012325039364
GLM130B,hswag,6c24d40b-08e1-4767-baef-7cdc6c1c5278,13.706201004162542,3.069061591785558,9.472398009329028,базовые,-22.184064913289138,-12.371100556103173,-34.95595257681261
GLM130B,hswag,b25ccc7c-d8ed-4692-a201-7751ff621f89,20.016237142031855,2.659297385508207,7.98384487128092,базовые,13.640695160644988,-24.07082874783869,-45.17738972586182
GLM130B,roct,020ed30e-b024-4a1d-b6da-1e958b78ffa3,8.642266120728129,1.2878025284238377,3.1888848707299715,базовые,-50.93417794993507,-63.23022041366267,-78.10290714615597
GLM130B,roct,0326e558-a7b2-4726-ad7c-b4273a68cb3d,9.11871723676914,1.3930143785261335,3.818377832506134,базовые,-48.22916223430545,-60.226175575462946,-73.78037234366917
GLM130B,roct,1fc7fed9-1354-4ce0-9624-2d26629ea462,15.930579703770867,2.2938723452774985,7.740910851206879,базовые,-9.555320562873147,-34.50456985957332,-46.845543017862354
GLM130B,roct,77700b6f-7c03-4cfc-8b3b-4e396fb59b20,13.227287366013805,2.927276015636592,5.999940507598071,базовые,-24.90306141472705,-16.41941096740522,-58.80025158062844
GLM130B,roct,87a6386e-f909-4a22-9b26-5653dcbc3dd0,15.114049059107291,2.9411731362431444,7.778135363882777,базовые,-14.191112466271786,-16.02261561228731,-46.58993372384709
GLM130B,roct,9bdb7980-9143-4662-9551-ac7d56a0bbdb,8.04919882874624,1.3506480701834824,2.978755852817831,базовые,-54.301273316543096,-61.43583294548901,-79.54579856526696
GLM130B,roct,a6b9eab4-bc94-4eeb-9bf1-662c9b89eea2,7.3494235243266495,1.6474187183168272,2.437138980254555,базовые,-58.27419547400021,-52.9623355895604,-83.26491525668013
GLM130B,sci_gen,066cf77c-45dd-409c-a301-f647782c0a12,13.760104576240536,1.519687297620451,7.270269398379519,базовые,-21.878031398642072,-56.60936693294796,-50.07729330399597
GLM130B,sci_gen,08e881ff-fc7c-4a4b-9f80-409fbb8beeef,12.964980185643164,1.561630206790753,5.042283539730619,базовые,-26.39229088934959,-55.41179860134255,-65.37618780836816
GLM130B,sci_gen,6bfc5ace-47cc-43c0-8c65-a7f602ef3b79,7.111342038992583,2.4474667352882187,2.2600609541996666,базовые,-59.62588536987121,-30.119090143747375,-84.48085566722612
GLM130B,sci_gen,7bcc7371-f498-432f-9106-427babba008b,22.592616674632165,3.386995950484357,16.04772969402558,базовые,28.267898016248072,-3.293329675666712,10.194830308511293
GLM130B,sci_gen,8b3dd7d2-11fa-4633-abb6-5560c766c405,14.379345975449391,1.6479331925226428,7.64024128300522,базовые,-18.3623344882286,-52.94764614553994,-47.53681001928392
GLM130B,sci_gen,95e3dd61-2665-4597-a997-8315cebc4507,13.154253193858096,1.9171342983182216,5.544024299572162,базовые,-25.31770748608222,-45.261323820473066,-61.93088813397334
GLM130B,sci_gen,a62a4365-7860-45bf-998f-bed4bfdf4fc1,14.138876481412186,2.153167528855906,9.3546264123728,базовые,-19.72758212560459,-38.522022048372925,-35.764653956334556
GLM130B,sci_gen,b53fa968-1890-4296-afd2-80193c6f8b38,22.359308451120494,2.611959065469168,10.01391601623789,базовые,26.943307958764873,-25.422448701523155,-31.237514765479034
GLM130B,sci_gen,d60b2057-fff9-4f01-98c0-82b4a12a5c88,8.27809361676171,2.3604289260531153,2.6561542724614156,базовые,-53.00174021028784,-32.604223532302996,-81.76100452165016
GLM130B,squad,163d11bd-8229-467e-9c40-9f2f889ba356,19.283800504576593,2.9514131760217053,10.840437985706844,базовые,9.482340718153004,-15.730238483571899,-25.562042290030025
GLM130B,squad,2328f0de-f738-441f-96b0-a3a92623c60d,17.483346311248567,2.729014665248895,10.63262041886828,базовые,-0.7396038303079985,-22.08023705940521,-26.989061684644383
GLM130B,squad,69037127-56a7-46e9-8f63-3c54dd33248f,17.54493894755445,2.5899040969135187,11.558146853053746,базовые,-0.38991622634375606,-26.052169729922873,-20.6337559619241
GLM130B,squad,8709e69e-98c3-451f-9577-d3e747018136,15.257577307736376,1.4981870568064892,9.815658310750097,базовые,-13.376241527560303,-57.223249184561574,-32.59888952877129
GLM130B,squad,c00cf076-59f3-4f34-9486-39edbf27a627,17.227766386165655,3.12000817066562,12.067815599526174,базовые,-2.1906398142161834,-10.916456358137049,-17.134017238633554
GLM130B,squad,e74132a6-ae3d-4407-892d-4612ea497595,14.508526606860912,1.790423037277934,5.92932541757272,базовые,-17.6289210773698,-48.87922721538302,-59.285143712470656
GLM130B,squad,e776e056-4e3e-4d32-9ebe-54040825dca2,18.142491831385772,1.9172545680002369,10.11697131995816,базовые,3.002645753812046,-45.25788983925233,-30.52986565109526
GLM130B,tldr,647d0532-f21c-4355-acf7-cdb205cc26b2,16.956303356220264,2.9653674572438216,11.863193583806485,базовые,-3.7318509426869406,-15.331811058948833,-18.53909376531578
GLM130B,tldr,eb8c9d18-096e-4bc4-9d31-d18fdf433746,16.5195374345988,1.6725662506014984,7.178185740012952,базовые,-6.2115569235536645,-52.24431462063174,-50.709603499977675
GLM130B,wp,245aed42-a9f0-46f3-9f86-7b58c64c7f60,18.47354637159501,1.7496462776167452,11.15385706119893,базовые,4.8821832422276366,-50.04349924614385,-23.409889773891937
GLM130B,wp,71697dfd-a7ae-439d-9000-d0337aa899cb,19.95783367094139,1.9935711458191911,10.428318892312264,базовые,13.309113804597903,-43.07887272812661,-28.3919375106867
GLM130B,wp,94d2c5dd-e53c-48c5-931a-6c2ff006f420,13.311010117979723,2.983775014601015,6.7955965537254315,базовые,-24.427731727800513,-14.806232166371828,-53.33672591945115
GLM130B,wp,c90c584f-cec2-4fae-897a-4d35ae7fc07c,13.91806113373946,2.7168078850188557,7.760519978546789,базовые,-20.98124481123367,-22.42876923620311,-46.71089316390052
GLM130B,wp,ec5c863f-bcb4-42e0-a951-82b97e1b07ab,9.421551546906214,1.8185886423526136,4.068565687099156,базовые,-46.50984299971238,-48.075033196771074,-72.06240919824104
GLM130B,wp,fb4b8618-d4a1-4759-9cc6-aab5c79215da,8.74094542513911,2.1211590388519572,2.754137425890788,базовые,-50.373933550767525,-39.435939435829184,-81.08818430526391
GLM130B,xsum,55ec6d5a-04d3-4939-be19-ae19af7c1b2d,13.07435751702148,1.454112525438157,7.119224496498697,базовые,-25.771309239079915,-58.481680324441534,-51.11447224762682
GLM130B,yelp,425e95cd-36ab-4630-b1a7-44ba2fb82f23,17.654496993885502,2.580024843211969,12.12707436833269,базовые,0.23209141960678242,-26.334245570795844,-16.72710547619551
GLM130B,yelp,8e3163e2-b3c3-491b-8de0-53d6264d241e,9.877001174377206,2.236707542869264,4.159983662182564,базовые,-43.924061670824386,-36.13675890894559,-71.43467004488191
bloom_7b,cmv,28f4ba1c-c86f-4f30-98c5-bd63db0db808,20.175250149638423,4.0075002399911,20.50112334256141,базовые,14.54347966483382,14.423521669131018,40.77491651099176
bloom_7b,cmv,7829f318-09c9-47cd-8c49-0246c31ad2d3,22.728747805025883,4.553064299518462,21.89167649695236,базовые,29.040772367264882,30.000653858489727,50.32341787565038
bloom_7b,cmv,ac0b5c9e-13a5-4cc8-bf01-1b1733d19265,23.65914023610228,5.003640297691568,22.982155368441525,базовые,34.32300608029891,42.86565433336563,57.81140131566942
bloom_7b,eli5,144c6e73-4c3a-4fbe-829b-15552463f0cb,22.89940600856684,6.177938097677497,21.794482618925535,базовые,30.00967160380203,76.39460797430198,49.65601737100582
bloom_7b,eli5,2040b545-943d-4f60-8cc3-63a3d35281a9,17.415878558752386,3.9447166418505826,16.01194841153511,базовые,-1.122646968745462,12.63090283642111,9.949131232851613
bloom_7b,eli5,2b003e79-4b0d-40dc-a102-cead3b68a875,22.94819299684225,4.95394819283532,21.801213208169,базовые,30.286656095096333,41.44682830808851,49.70223425985558
bloom_7b,eli5,c9ac2ab5-dfa4-4e08-b856-ed093618593e,20.493915334890076,5.636018535891045,22.43453460352303,базовые,16.352677513486885,60.92153473472662,54.051057739713215
bloom_7b,hswag,01e88e69-e4c8-4223-9729-3598769fb25c,19.860007915711712,4.5203881291235,18.803197400394943,базовые,12.753715367317634,29.06767263145419,29.115780630661618
bloom_7b,hswag,17823aa3-5d45-471f-ba17-be1ddf4c5e09,18.409047911779297,4.815739216899474,18.743913364624536,базовые,4.515998041770699,37.500638213063404,28.708695367743974
bloom_7b,hswag,2c132f76-e3a0-4db5-b177-d9043eeb103f,18.47957453970398,4.709068847276456,21.17261273346405,базовые,4.916407717566709,34.454949225146905,45.38582789193491
bloom_7b,hswag,6c5abef5-a52c-403d-9cec-cc1de3db081e,18.35938425620664,4.806551126796758,18.41247320043866,базовые,4.234036337208139,37.23829671237557,26.43279757121736
bloom_7b,hswag,a245e8a5-280c-4e67-b38c-85bbb5cf2f36,17.630332018314594,6.09953623773271,20.750860982524607,базовые,0.09489657109794479,74.15605117254054,42.48978817085265
bloom_7b,hswag,c01263c8-bcfa-4725-9cea-4b06ed1e3815,16.1703545597925,4.654538751441868,16.705553490117055,базовые,-8.19401668107991,32.89798722173038,14.711904247648466
bloom_7b,roct,675ca5ef-f09d-4058-a66d-114afad1b5e0,17.08882322298908,4.302047539104295,18.28141836353685,базовые,-2.979479271860717,22.83353720109205,25.5328842633006
bloom_7b,roct,6b64ef29-fae0-4257-be45-9902a9c7e6f7,18.13447467923035,4.585837386693719,19.09347270840532,базовые,2.9571289697289083,30.93640228668465,31.109012004745807
bloom_7b,roct,bc01a6bc-914e-4721-baf6-24a88917eaa4,18.74407538082629,4.6097551417688365,18.685933260471472,базовые,6.418091537678733,31.61931023483756,28.310563802704262
bloom_7b,roct,dcb09af4-c836-4a51-995a-3ca96f70b6f9,23.95095193941226,5.131924543423082,21.634031452657563,базовые,35.97974528581731,46.52847012680913,48.55424849922053
bloom_7b,sci_gen,1f66e2de-d5aa-4d6c-84a0-ca5c50b6d67e,17.42472003088083,3.707435240232084,15.000948442797418,базовые,-1.0724501694274673,5.855962855422788,3.006905003901867
bloom_7b,sci_gen,48e25fde-4112-4f09-9b28-4967a8b5880c,18.26895842718675,5.044011770915127,16.390133847723266,базовые,3.7206504296881264,44.01835448672129,12.546014453125398
bloom_7b,sci_gen,a1d444a9-e416-43ec-b040-8f16a8e2275e,23.822987566167257,4.935930270364828,21.30851612282576,базовые,35.25323709008746,40.93237440446514,46.31903472022793
bloom_7b,sci_gen,def312c5-4fa8-448d-bca8-cef4e71e762b,21.31378667549926,5.03067343726511,21.188166238539957,базовые,21.007435969234262,43.63751380848437,45.49262903360545
bloom_7b,squad,2f8196df-9f57-486a-8657-98c45649c9ca,18.28970102624757,6.838968382531243,18.742337438170836,базовые,3.8384149905286034,95.26857144113444,28.697873964875452
bloom_7b,squad,3dab6764-8557-4ef4-91c0-d07187aa42e7,21.605320822175138,5.566188758548831,19.724076433114913,базовые,22.662599367640585,58.927730976180825,35.43917407509518
bloom_7b,squad,47d6d260-557f-4296-bc42-4228409e6cf6,22.253139385132783,4.274097299956653,19.031376719336205,базовые,26.34054099623401,22.0354923843125,30.68261792229453
bloom_7b,squad,5bc2cdc0-f6cb-4e94-916d-70edb210da6a,24.901280001154426,6.476363024185616,24.76757892407968,базовые,41.37516205674818,84.91533885390547,70.0713564304176
bloom_7b,squad,c6ce506c-27df-4367-b228-f03b254bf39c,21.04568518531498,5.030384439823785,21.016567061411077,базовые,19.485309732321905,43.62926225439593,44.31431019565563
bloom_7b,squad,cd2896c5-8908-4dd0-a089-a816e192e5c2,17.216236131021574,4.975282935750952,18.09834939623299,базовые,-2.2561019787906336,42.05598520693318,24.275805899479845
bloom_7b,squad,ee32b94e-87ff-4516-baae-319f19391454,20.403814575509625,5.762714674658332,17.97564188550961,базовые,15.841137164627034,64.53900635330999,23.433211116320162
bloom_7b,squad,f963500b-90f3-48fd-b39d-95a6175adc51,20.5757496021673,5.373195304307903,20.068369031206213,базовые,16.817285469285796,53.41731566217294,37.80332558727274
bloom_7b,tldr,662b0316-cb4c-4fab-9114-11ede53f07cf,22.35519123901963,4.472382614468716,22.054442329728293,базовые,26.919932793795244,27.697002708212565,51.44108085133252
bloom_7b,tldr,8407f0bb-33fd-4108-8738-f079440f252d,24.079649767359047,6.5995975306907395,23.411999737283956,базовые,36.71041761597404,88.43397276058865,60.76301055802193
bloom_7b,tldr,e48a9578-81fb-44a0-ac2a-d1b28fb8c758,23.264494279533483,4.758632517394888,21.3589448557759,базовые,32.082433063073786,35.87010813772895,46.66531333882795
bloom_7b,wp,2c4723b5-b3d6-4ff3-ac7b-dde48afe3327,18.19270071950176,3.8464093045394585,19.694466545514302,базовые,3.2877029755194456,9.823998016103754,35.23585207243096
bloom_7b,wp,6935ebaa-da89-4673-aa93-f3f2e3e14292,17.606192192513046,4.462468874990512,17.451732362082414,базовые,-0.04215549146901141,27.413942217613833,19.835685352126486
bloom_7b,wp,8d6741b5-e7f7-4b1d-9b8a-8ac79110ed28,19.000157558334543,5.071912866653067,20.272807005433105,базовые,7.871979022313901,44.81499614400783,39.20713835755732
bloom_7b,xsum,2a9acf3f-15eb-4628-ab9f-18b0ffc4ba8d,23.787057923662264,4.922027022377298,22.113274589342826,базовые,35.04924922153015,40.53540409826349,51.845063906163226
bloom_7b,xsum,3b2fd93c-ee54-41de-bd3d-85af99c5e6f3,23.254542417177905,5.0044987999539705,21.889862677774836,базовые,32.02593210596551,42.89016658448036,50.31096293652263
bloom_7b,xsum,6d047c05-a1a9-4aa7-9ef0-9967844933fb,18.50478785899252,5.1785918042565555,17.391240791564893,базовые,5.059554459430603,47.860929767842066,19.420308319027836
bloom_7b,xsum,f789f82a-2640-4162-88cc-34cf09999366,20.569077089529728,5.78551127810745,20.72993139920131,базовые,16.77940277588937,65.189902795614,42.346071151267175
bloom_7b,yelp,392fccd0-9125-4835-a0c9-4dc533bb6c2d,19.48358171038339,5.5836619200065645,20.235748215826995,базовые,10.616583630385593,59.426630676481686,38.9526670329559
bloom_7b,yelp,4b4a6993-d6ac-4baa-aa14-2aa8151a4f9b,17.2914993567131,5.4681054601091175,17.54332748685611,базовые,-1.8288006220507493,56.12722299057897,20.46464093799245
bloom_7b,yelp,6f9c6d15-9edc-43ce-8ebd-ab5e8612bc59,18.08053192967676,5.866054734358288,20.26089522071332,базовые,2.650873027882864,67.48960718980389,39.12534379091797
bloom_7b,yelp,9cc5ab86-09f5-4168-adb7-c1e472303dfe,18.45403449382427,5.633881416807446,18.56566174765934,базовые,4.771406009822642,60.86051497748956,27.484696268917546
bloom_7b,yelp,d8c989b9-2485-439d-8d92-eca693eb6fbf,16.543638888323656,5.1632393371807,17.833360164817783,базовые,-6.074722715593396,47.42258086106005,22.456206246062667
bloomz,arxiv,07a28b05-2690-4027-92bc-82c4cdf2b461,18.940328880937756,3.851205906082696,15.764558166833131,инструктивные,7.53230616364079,9.960952228893037,8.250378415182674
bloomz,arxiv,0a3ce1f5-0f70-4a80-a48e-6ce332d72944,18.50198944781332,2.127012149087723,14.610683373319038,инструктивные,5.043666688442832,-39.268819424403944,0.32707465241483624
bloomz,arxiv,26e63191-3d98-46bc-b504-44987bbe927d,18.01995191642116,3.132755775839932,16.718666951424982,инструктивные,2.3069345158460033,-10.552482361994354,14.801950358290664
bloomz,arxiv,3a315bba-d94a-4c1d-8f5a-045e2f33a8f8,15.262891618781689,3.1895015816653225,14.813755615156262,инструктивные,-13.346069922517664,-8.932256646796814,1.721509357901736
bloomz,arxiv,74c504bc-cc11-4b69-afbf-c92dd7a5df77,17.15786708781907,3.661456209747425,16.64137272169888,инструктивные,-2.5874878730687083,4.543153803414178,14.271194625804343
bloomz,arxiv,ad1f1cc9-6ecf-41f3-be35-62344adae781,15.1806506090973,3.2770763347640304,16.010156205373526,инструктивные,-13.812987128030873,-6.431792252843077,9.936824703665312
bloomz,arxiv,d51b3b6e-1f94-43d6-9879-5afb1bbee699,14.393873773705325,2.8576018549784026,14.91979500733164,инструктивные,-18.279853995954102,-18.408771505002733,2.449649291062102
bloomz,arxiv,ec2c8ad8-7106-4bf9-b4f7-e3bb8085e7a4,19.71379782013984,4.10676114968588,18.58287756824037,инструктивные,11.923618442386545,17.257653215279984,27.602912020535957
bloomz,arxiv,ee1d4c0d-d19f-44e7-a78e-055ca464fcda,14.94642851913246,2.857310052621457,15.591506160085654,инструктивные,-15.14276559421873,-18.41710314600424,7.062083442518411
bloomz,arxiv,f5ca15ad-fd01-455f-8e6e-0e7c6e449e66,21.023054707164302,3.919010795236798,18.484306746439863,инструктивные,19.356826878596095,11.896940685231746,26.926056465963573
bloomz,wikihow,6ebfe68c-72fd-4139-8842-973038df7c4b,18.44844710819693,3.9968716461123543,17.702358923301002,инструктивные,4.739684044184646,14.12005041044938,21.556660961191607
bloomz,wikihow,a777f1f9-8b5a-4769-85c4-9d67c3e6a68f,20.169341734035857,5.259459745432978,19.98600493059113,инструктивные,14.509935075428274,50.16989896694534,37.2377566087417
bloomz,wikihow,b63bfea1-a23a-4730-a29d-f06001251ad0,18.736591091779054,3.4086994587426576,15.176654233240988,инструктивные,6.375600044193932,-2.673643662249203,4.213422694024749
bloomz,wikihow,f29bb316-70e1-4bbb-a0cd-bd45cc683f48,16.712401295331528,4.463717624466725,17.339817715418896,инструктивные,-5.116586722635656,27.44959694105587,19.067201851141636
bloomz,wikipedia,5b27f7da-bad2-4331-ace9-7068a240d4b9,14.485663598349078,4.072021835621277,16.390416519277608,инструктивные,-17.75872410489752,16.265764402404788,12.547955471858737
bloomz,wikipedia,aa657784-6183-4f85-a57b-36a3cce63895,18.34586413286296,5.934064994828135,19.07996155023485,инструктивные,4.1572768441760095,69.43145947840463,31.016235031912032
bloomz,wikipedia,efecec69-6730-4f9f-bb68-b3eb95fee469,15.338866493314509,4.035188958200155,16.669744047165416,инструктивные,-12.914728232499295,15.21409945035439,14.466011802752215
cohere,arxiv,3bdf6b3e-d61e-4e88-99e2-36fb3c67638a,18.04975210581778,2.386085857675799,11.879964280306693,инструктивные,2.4761228710258876,-31.871658018720378,-18.4239345440283
cohere,arxiv,4039eb0a-34cb-4629-91a6-7eb4e6b3ccb7,15.09830753538716,2.4906190672648916,7.954883650114911,инструктивные,-14.2804837944465,-28.8869899572687,-45.376257535375316
cohere,arxiv,6c7e6757-8230-48a5-91c1-d4a4fa2b7c90,17.171600837943764,2.3810327490892993,8.336124994328095,инструктивные,-2.509515529902599,-32.015936108606425,-42.75839033339965
cohere,arxiv,731ca992-5bc4-4348-897f-1f4194e3b6fc,16.170918233027308,2.2413356893309886,8.709627591617735,инструктивные,-8.190816468283044,-36.00461448343403,-40.19366272937957
cohere,arxiv,7921a186-ed6e-4ace-ab30-f0b074e8216a,15.526397667835315,2.9444160613352253,8.32524664349716,инструктивные,-11.850033960263401,-15.930022502537202,-42.833088626971836
cohere,arxiv,8c35783d-24af-4c54-9c9b-e5d73d789256,18.09757355024668,2.970169729558287,9.909310510285556,инструктивные,2.747625559064808,-15.194694932354036,-31.955808642403245
cohere,arxiv,aae04cd2-25b8-4922-8fd1-4277c1a79c71,17.961608132400517,2.6515585069583367,10.941318389871018,инструктивные,1.9756920286911297,-24.291791863101743,-24.869327542817913
cohere,arxiv,c9399f9e-a20c-4d92-aceb-2f9b470ffef3,15.153331453249203,2.438422867695809,10.213345831710182,инструктивные,-13.968089600076459,-30.37731375384381,-29.868091482968957
cohere,arxiv,d8d2a125-c9a2-48ea-b042-826d9aa55f4e,18.07135585581676,2.3445328144927085,10.846896131517274,инструктивные,2.59877655216185,-33.058094762911125,-25.517696186546424
cohere,arxiv,e3f77f5d-9217-41ad-a34b-5a0ea8f125dc,17.669099456487043,2.3501190006195634,8.259546367580443,инструктивные,0.31499581314096087,-32.89859606021475,-43.28423224005004
cohere,outfox,0378df53-028b-43cd-aa70-587ee7104539,20.70015577464824,2.913418630883057,15.766051220354626,инструктивные,17.523592245264282,-16.815071770815955,8.260630755082436
cohere,outfox,0ac9e262-ae8f-409f-aa98-485fc9ca6271,25.322545428398165,2.9510814909716507,16.414080553408375,инструктивные,43.76686513557497,-15.739708868909249,12.710449125177536
cohere,outfox,0ffb2b3b-7a46-4eac-970b-1732a9a386de,21.090241039228665,2.7060858641022043,14.288861390799994,инструктивные,19.738272273497785,-22.734908055722197,-1.8827780450939777
cohere,outfox,16fb5c2d-7a7f-41f1-abad-2822c9df55b1,19.96091426483764,2.8087012419105917,13.491893926309512,инструктивные,13.326603646939066,-19.804998585206445,-7.355308813332701
cohere,outfox,208079f2-fee1-43e3-8104-8d789c7877e0,22.164427666337662,3.2210819842321934,16.391605509464306,инструктивные,25.836886821813604,-8.030562158704093,12.556119902239843
cohere,outfox,23cda0b6-8b5c-48bc-b0bd-912bce36d4eb,17.844490360099503,2.6477911656045996,12.15670151832288,инструктивные,1.3107646017470667,-24.39935828586141,-16.52366493800466
cohere,outfox,47d2a498-4d6e-4c42-a9c8-6951be705e6a,22.847319495286527,2.94698621774941,12.45431485185109,инструктивные,29.7139543051076,-15.856638514879057,-14.48004559676533
cohere,outfox,5e3507a1-83de-4085-af3b-fed379c5cb97,21.623007430435056,3.073116947251869,15.358468720797998,инструктивные,22.763013768380798,-12.25531065559489,5.461886930771733
cohere,outfox,6ed5cf45-7293-41b8-827f-88d2c3397590,19.9302706696104,2.814801337198023,14.991611421779396,инструктивные,13.152626917989728,-19.630826571855124,2.942790548693232
cohere,outfox,96fbebf7-edfb-4b78-9a4f-39d7694d71e6,21.05673320195068,2.668206029608638,14.596688994192016,инструктивные,19.548034023691887,-23.816466085275138,0.23097954970699142
cohere,outfox,990b403e-0435-40fd-b1f4-84a10b49ba6f,16.46539585502284,3.077987448690418,13.706265028320407,инструктивные,-6.518941708038822,-12.116246427642514,-5.88328830578803
cohere,outfox,aa2203ae-3d22-4e5f-a511-7d3455080467,19.02719604414365,2.8246241096655416,14.693089199200935,инструктивные,8.02548801112309,-19.350363402552716,0.8929301455360278
cohere,outfox,b08232a8-15e6-4ede-a536-315627beaa0b,19.99808126710984,3.0902018055364726,14.262333497643244,инструктивные,13.53761653339117,-11.767497920704896,-2.0649369386313414
cohere,outfox,b153b7a8-0352-4038-9d25-37642a9ee9c1,17.74677983327297,2.8675670851589223,12.329990551416904,инструктивные,0.7560203651411258,-18.124240834207036,-15.333742378227806
cohere,outfox,bd4ba864-6ddd-4921-b2f3-109cf72379ec,19.343315365417833,2.672935097576965,11.812360782681065,инструктивные,9.820231906711387,-23.681440114284833,-18.888146995954834
cohere,outfox,f05e7c37-2e10-4108-b1c7-023753667530,21.424163620962716,2.9153254481956834,14.550869688147811,инструктивные,21.634092854000897,-16.76062766875126,-0.08364755024189552
cohere,peerread,2cbb28b6-ee6f-4916-ba87-bdca509539e9,17.67754960246876,2.072012031672302,13.125598027245498,инструктивные,0.36297088741476596,-40.839201645242476,-9.870550234372441
cohere,reddit,1a43eb5e-36bf-4970-8139-5209b5a3b4b6,21.898061585506113,2.2648363548485473,10.175669875627175,инструктивные,24.324613242213065,-35.33361541941568,-30.126800700187605
cohere,reddit,23bafa00-759a-4c4d-9847-961eea33c1ac,15.508388721072748,2.322927497747218,9.315715875919178,инструктивные,-11.952278413838126,-33.67497717856921,-36.031840657723
cohere,reddit,34d403e0-716d-4bc1-beb7-4c9986dc985e,17.300914647010586,2.5383692167517067,9.16133083200678,инструктивные,-1.7753460128275795,-27.523611307908723,-37.09195533066845
cohere,reddit,8fff2f4d-7445-4a17-9215-92f7adcf296b,22.64390339639343,2.9981360929430307,13.132567899742606,инструктивные,28.559074558177727,-14.396189730825181,-9.822690260922325
cohere,reddit,b1089c0b-35b6-4d97-838b-dda47d21b80e,18.24976054547844,2.730302068579003,13.128136311483171,инструктивные,3.611655886534822,-22.043478677866133,-9.85312061621597
cohere,reddit,e8582ea6-bac1-4f43-a826-20d533434987,21.16200469835703,2.3419969281170325,10.098995701875245,инструктивные,20.145705101793656,-33.13050026067305,-30.653298698766484
cohere,reddit,ec157733-c8fc-4757-a83a-afb733e5c20b,19.809201340626103,2.989562539265381,12.03292311404169,инструктивные,12.465264822368004,-14.640984776681046,-17.37361321827149
cohere,wikihow,74469a3c-3953-459b-aedb-740685d6d929,17.717227733193262,3.0428817117406943,10.766758068738405,инструктивные,0.5882405185753117,-13.118597472439063,-26.06797964704477
cohere,wikihow,7f87dddc-0817-42f5-855b-1b291462be65,16.462160063372334,2.9492774184412904,9.22806424320388,инструктивные,-6.537312674067521,-15.791219366702963,-36.63371749497569
cohere,wikihow,a70a5ca5-9c17-4e42-bb70-691cfb2222c3,15.3057736933184,2.8635184764475445,10.99333055139458,инструктивные,-13.102610139057694,-18.239838099053912,-24.51217600659771
cohere,wikipedia,286664a1-5332-4ca9-85b5-95a9f5fc53c5,14.655958085606294,3.069837219686978,10.554092673500296,инструктивные,-16.791889840464382,-12.348954562174166,-27.52828759013533
cohere,wikipedia,aba5a583-f764-401a-a139-732e8a33d340,17.299126366516766,2.050661171062213,11.558986036581612,инструктивные,-1.7854988421040243,-41.448818742028614,-20.627993546416484
cohere,wikipedia,e52c7e18-b239-4c66-9e27-3f006156ce4d,17.204400532045796,2.608447658954337,12.12060087176303,инструктивные,-2.323297710221381,-25.522707584961125,-16.771556988627324
davinci,outfox,25eb5f98-cb6b-441b-9160-ed2596682d6f,22.659486015641185,2.7123630411263244,13.818370062842217,базовые,28.647543718048947,-22.555679943875102,-5.1134974698631455
davinci,outfox,3e9394d1-eeef-4d66-b18d-e114dfafe8e6,21.260562868120775,3.030776483141444,12.702211764343629,базовые,20.705261768026077,-13.464230112236281,-12.77781364701551
davinci,outfox,52ebd61b-3c4f-4ede-a7ba-1a852e36124a,20.518108252468295,2.9568198770185465,13.708225744668448,базовые,16.490031000660544,-15.575864501882016,-5.869824668913842
davinci,outfox,58b4b004-62b6-408d-8ae3-b5637a2b990e,22.679665383710088,3.151508204450843,15.7234401003649,базовые,28.762110576893612,-10.017056587069332,7.968033283287311
davinci,outfox,87396201-95bc-4c23-a123-372e8f662c91,21.44395661785694,2.688045640557225,14.348432200010084,базовые,21.746466119286055,-23.249998707274973,-1.4737235970563571
davinci,outfox,add8f9ef-f4f8-4d8d-9ec0-eb8725f34812,20.86401273622966,3.1416130917483964,13.73549383752044,базовые,18.4538779372699,-10.299585239576517,-5.682583051441891
davinci,outfox,b408a073-709b-4d95-942b-88ba63f8cc12,23.52884661932795,2.96357127011675,14.673452084131942,базовые,33.58327377796036,-15.383096410002677,0.758088108435784
davinci,outfox,de5af2fd-236e-4ae8-bea0-8402958753e0,22.171946941373605,3.227382255104679,17.37597314051979,базовые,25.879576945642835,-7.850674663375866,19.315470049178916
davinci,reddit,0571266a-c5c6-48c0-a53d-0b768ed2ce15,19.25082733250597,2.8261716621851876,11.94878919992476,базовые,9.29513799022925,-19.306177152106923,-17.95133496247294
davinci,reddit,0eba046b-2e2b-48f3-93dd-ffad8e000521,15.91180165239975,2.728526210298131,11.384767494541864,базовые,-9.66193155056448,-22.094183592729248,-21.824298758599458
davinci,reddit,0fb990e2-6ee3-4472-b903-30286717865b,22.606348374549164,3.954433601772904,17.502955316327863,базовые,28.34585871951274,12.908344809632885,20.187417644394557
davinci,reddit,1dc0254f-b0cf-411f-b4a2-c3929ad0a1ed,19.62230424937475,2.8110707712265675,12.404564150797032,базовые,11.404170510655113,-19.737342971283685,-14.821668378611053
davinci,reddit,5afb90cb-57a1-4b37-b8ed-9a16cdd03c3f,18.70839692442536,3.0603562996040052,13.032238525404413,базовые,6.215529759513843,-12.619657044916814,-10.511621255583348
davinci,reddit,640a331a-8737-4e2b-9b90-6999be759d84,15.672737062479776,2.7956781493899068,12.929893261449816,базовые,-11.019202949480505,-20.176838390571746,-11.214394745004423
davinci,reddit,66212ed5-9ebc-4b19-b561-904f2cfbc696,21.872558752974655,3.1829653971809364,16.362951541165746,базовые,24.179822810481287,-9.11888002850477,12.35936190378597
davinci,reddit,6d15cb21-6b39-4719-a4d0-d1daa2cdfc9f,20.856402349307245,3.9900035340748015,14.51967062087022,базовые,18.41067053249307,13.923949719372017,-0.29788196158780994
davinci,reddit,8e607272-9129-4bbc-b42f-a22851f7a969,12.881671020057158,2.4937530044881044,8.055583913699255,базовые,-26.865272470416425,-28.797508706539993,-44.68477975818978
davinci,reddit,a273178b-0c92-43a9-bc4c-d58c34b4551e,21.734539037859797,3.2802932266748854,13.67811382064869,базовые,23.396226160410098,-6.339942451414296,-6.076594001454094
davinci,reddit,b98a42ec-2149-4ccb-8527-3afbf7d31865,17.964070839618657,2.892820279396624,9.94352791745392,базовые,1.98967386544999,-17.40320296894696,-31.72084821819327
davinci,reddit,c14e3ec3-e8a7-41c4-a34d-69fc2ebd1756,17.948114035304176,3.0565482814028115,13.268428829254647,базовые,1.8990802977392953,-12.728384886979699,-8.88977499137428
davinci,reddit,cc508691-0149-4324-9fc1-c9213ac97243,19.76708378351498,2.9561621524870145,12.066825477820112,базовые,12.22614552963513,-15.594644078345931,-17.140816100246038
davinci,reddit,d49e5983-5066-4d4b-8a6b-f6e339c5e198,18.29637023286561,2.8702293422174288,11.508292706280123,базовые,3.8762789142454337,-18.04822715735608,-20.976089073749893
davinci,reddit,e66801d5-537c-4470-87eb-52023dd5e010,26.510258057722396,3.679988984956153,16.34982375068438,базовые,50.51001510376035,5.072307959045549,12.269217399111367
davinci,reddit,f975fc05-4ffb-44ba-816c-56dd6139bf72,18.464506671126195,2.61288344925341,11.468321694992676,базовые,4.830861016275239,-25.396055378595477,-21.250557730068277
davinci,reddit,fedcaf6c-26ea-479c-a0cb-9b24035fa5ad,20.612648957050453,2.8702926518304515,11.803668265246714,базовые,17.02677880762638,-18.046419519566,-18.94783584303136
davinci,wikihow,1418cbd3-dd58-40ab-b741-02dbbcc72345,18.26120047945701,2.1217903406924874,10.543250979637511,базовые,3.67660525942102,-39.41791428910335,-27.602734171567423
davinci,wikihow,17bafde4-c220-4bb7-9008-0fc70116f23c,16.391791231381617,3.170990342627132,10.24889717888498,базовые,-6.936826475204266,-9.460795894298776,-29.623971302491075
davinci,wikihow,1b5fc17a-b560-4451-8206-ec3e341feeb7,18.2407314379587,2.496522939869226,11.702266767607991,базовые,3.5603938012616165,-28.718420561281498,-19.64412877906504
davinci,wikihow,2aea43b6-30f8-4358-a03b-ff7a56bdf715,16.387068720804358,3.652334652262948,13.276753416724665,базовые,-6.963638177178777,4.28271196486706,-8.832612606343055
davinci,wikihow,2bbfb007-2ca5-43b6-b999-31aa27968fde,26.69195568422755,3.694508564887842,17.285211929930146,базовые,51.541589841737746,5.486875986356265,18.69224069585523
davinci,wikihow,3c018238-5a13-4f93-8c4d-97a17c20cbd3,19.798361028022093,3.2545412947446297,13.888832766551484,базовые,12.40371975516396,-7.0752204463696104,-4.62965172804383
davinci,wikihow,58d25705-78aa-4b54-a5cc-2f43a9aae592,17.906881426860014,3.3283459124274843,15.061136383587078,базовые,1.6649852351342582,-4.967925682805281,3.420197104927505
davinci,wikihow,876be4fd-7e1a-4bda-9783-a4d10946283d,16.32233292731037,3.160520417398662,11.574707682757474,базовые,-7.331170821912718,-9.759736791244729,-20.520037831461703
davinci,wikihow,c3359f0e-d14b-42c4-9ed1-c46eea3ea0e8,16.27065878160341,2.9710134228817577,12.720720746669445,базовые,-7.624546934430911,-15.17060551114405,-12.65071815092575
davinci,wikihow,db4062a7-caa3-4d7c-8ccc-0fd7f6915d83,21.28497992381012,3.2410367398356863,14.714155672426015,базовые,20.84388778262732,-7.460807131015422,1.0375871460275496
davinci,wikihow,e43822c5-1f17-4822-9796-ff8fb03d0e51,20.02151985917351,3.3733717423242946,14.451139314045458,базовые,13.670687393653361,-3.682332740986837,-0.768465394282763
davinci,wikipedia,4e69dc5c-42a9-4e9f-ad8a-46b390476581,21.40891008900671,3.4629399800635174,15.788823218526996,базовые,21.547492062711527,-1.1249496896903501,8.416999071488231
davinci,wikipedia,710e2599-bc59-4b20-8683-4e3cb3039ea0,17.340974167552886,3.2472728847578156,14.336673411235306,базовые,-1.5479110693901028,-7.282750581820882,-1.5544675875382399
davinci,wikipedia,7b1042a4-3374-42aa-84c1-faf815f20ae5,18.226083072717017,3.1549855481221,13.126826257535123,базовые,3.4772287989077855,-9.917770277626724,-9.86211635425821
davinci,wikipedia,8e9285c4-7c8f-4f4d-90c5-1b9fac007ebb,17.46671906041691,3.737964899807835,12.88284690178143,базовые,-0.8340038081715776,6.727656169164159,-11.537447645267381
davinci,wikipedia,a9a57a3e-2772-4a09-8976-5405bfb75a95,26.496226479543942,3.716359086211501,19.527774560969384,базовые,50.430351864007264,6.1107595672503265,34.09122941857639
dolly,arxiv,270d6941-45ab-4515-b7b0-2351eaa5a5e2,14.63040882911162,3.121483994308095,13.700518750873863,инструктивные,-16.936943840788725,-10.874318135199625,-5.922746227886712
dolly,arxiv,4ec3096d-e658-4cb7-854a-6032a5ab582e,19.411851278774016,1.9022349241473664,10.639566858500055,инструктивные,10.20933944885333,-45.68673586319302,-26.94136261748245
dolly,arxiv,794dd925-8887-423d-9806-6093c8632653,14.158163179468737,3.066571320139349,11.61055044726108,инструктивные,-19.618083334250976,-12.442203646460728,-20.273916577703723
dolly,arxiv,85fd0550-7fbf-4953-b2e7-0e54630f6ddc,18.595055997664897,3.5804497210531605,13.970602173169004,инструктивные,5.572045091750584,2.2302287480512426,-4.068166330517487
dolly,peerread,1291b484-df82-4a9f-a1bc-3bf9ef713c8a,16.245976871676604,2.930993672110722,13.37004953913158,инструктивные,-7.764676639233651,-16.313263164373033,-8.191976792237861
dolly,peerread,182c9231-ffd1-453b-b4dc-24d01a7b2248,18.975350396589295,2.6128629418695644,11.479314804358976,инструктивные,7.7311382096432375,-25.396640912454327,-21.175071424884973
dolly,peerread,2b09f937-ed0e-44ff-9c9e-ed7781781ec7,18.1842274267343,2.5325708913480836,13.455864880000558,инструктивные,3.2395964870940026,-27.68916708401209,-7.602709207026442
dolly,peerread,358d6a6b-05f1-4d73-9527-bb3594419b07,23.26514816134792,2.8136499568261675,15.491956667694051,инструктивные,32.086145428360936,-19.663701179226003,6.37850765762249
dolly,peerread,402759cb-8e3b-48ce-b878-92009d70091e,16.23583879455356,1.6824696804053707,8.14664026632251,инструктивные,-7.822234816811184,-51.961548495391376,-44.059523755182255
dolly,peerread,41fb5881-1f27-45ec-8b6a-bcf494d17c0c,18.53788185303421,2.7021420430179424,12.519474478793445,инструктивные,5.247443145093848,-22.84751338829112,-14.032614454118908
dolly,peerread,479dd9ed-57cf-49bb-89a8-0b36374a6e53,17.29354541026134,2.7467051925417456,11.684747297116322,инструктивные,-1.8171843054619634,-21.57513105521035,-19.764429601345412
dolly,peerread,57fd3bf4-2839-4b83-bcc9-af8da48fa110,18.71794564328873,3.7426161352636447,14.960573396500468,инструктивные,6.269741899479353,6.8604598395557606,2.729661963283667
dolly,peerread,5976b8fa-26fa-4f3c-9ec4-7af095ce38e5,16.899940362484905,2.718322884555892,12.477362279370844,инструктивные,-4.051847640566344,-22.385512449684438,-14.321785991636721
dolly,peerread,6641a76a-9357-4088-8122-4271782100a5,24.37789946908601,2.880807080659192,13.195510892157472,инструктивные,38.40370807787284,-17.74620794055768,-9.390480066676075
dolly,peerread,7780fc51-62ae-45b9-858d-5af27846d747,13.156166381630191,2.4050423783803487,10.564568763864916,инструктивные,-25.30684550503898,-31.330404936321756,-27.45635149562
dolly,peerread,7b252ee2-46c9-4eff-9f55-4f0157768bb2,15.848657216915134,2.6469382915845343,9.70915083349754,инструктивные,-10.020429378756674,-24.4237098374701,-33.330243658371465
dolly,peerread,99bc65ed-9b36-4830-8fc6-408850f3ae2b,17.363693611745774,1.4696995133303754,8.371147951392789,инструктивные,-1.418923117587634,-58.03663529885578,-42.51789844549834
dolly,peerread,a9c39589-71d4-4990-a339-e52ff1487cc5,20.7266638407306,1.8374163834662125,8.836426241334987,инструктивные,17.67408981559121,-47.537457073432535,-39.32297535145453
dolly,peerread,b76fcd2a-547a-42bf-a895-7bace67baac5,21.378111901310294,3.3822167978575877,14.773656913499314,инструктивные,21.37263764653561,-3.4297856810069547,1.4461638910395889
dolly,peerread,bf738c10-a1ca-47f5-bcc1-7d77cc26253f,23.18004368789586,2.9435348111933597,15.259186041512702,инструктивные,31.60297112063534,-15.955184258910274,4.780143269517863
dolly,peerread,d4df8bfe-baaf-40c4-a72b-ed0c0be654b7,17.979524741252366,2.7586199212000273,13.17739082595258,инструктивные,2.0774122406569417,-21.23493763508076,-9.514904995229703
dolly,peerread,d4f7a908-94eb-425b-bcaa-e0f00f2a5b7a,21.082639557486996,3.4835987981604077,12.8756091531701,инструктивные,19.6951154272212,-0.5350920281538375,-11.587147041708375
dolly,peerread,f20435e9-caa4-431f-86cd-454679adffd7,19.340689444763143,2.2833693328991083,12.09944677153763,инструктивные,9.80532343782594,-34.8044554721747,-16.916815696813
dolly,reddit,88850125-3449-4961-a0d3-87003d49cbda,18.634212883172285,2.8098055647597273,13.074222957787809,инструктивные,5.794355392023821,-19.77346758036786,-10.2233270550766
dolly,reddit,bf8ad544-7f50-4fa5-b17b-105547a22710,15.875027056523804,3.0285602580353226,13.131471509121877,инструктивные,-9.87071657893621,-13.527508531766589,-9.830218838528419
dolly,reddit,dfb32a24-2b96-4006-9828-23a8c33e3ec4,19.77780384250321,2.371097687637349,11.063983575494555,инструктивные,12.287007865894498,-32.29960539151429,-24.027023393117535
dolly,reddit,e11c6574-79a3-42a5-9fc0-232e1db7bef9,16.99373419234154,2.8616776597354843,13.665082466885249,инструктивные,-3.5193401592123608,-18.292397729329014,-6.16607630480989
dolly,wikihow,3204b0b5-791a-4098-8a53-4923109dbca3,21.08271035254093,3.5066261340190445,15.550842240325377,инструктивные,19.695517360865658,0.12239236506205364,6.782856796562947
dolly,wikihow,968fee9a-61d6-429a-a36e-d6cb0e9889de,14.97486652058932,3.355122297745831,11.494899226842556,инструктивные,-14.981310959583599,-4.203397143263228,-21.06805798287308
dolly,wikihow,f1095b2e-0b3c-4455-adc8-20c72aab3457,14.558532224469124,2.368166883172796,8.915350821442113,инструктивные,-17.345017908826616,-32.38328672603083,-38.78102450370857
dolly,wikipedia,1189199e-9ad7-4459-88f9-e8870a4478a4,17.87382888073762,4.025862161404236,15.506966344259885,инструктивные,1.4773318669449484,14.947797548577372,6.4815744959662
dolly,wikipedia,18742e03-0cf8-4de0-a216-78cbe372ce52,10.451765950955064,2.343664833556609,3.4993334506184866,инструктивные,-40.660877471882074,-33.082877652369014,-75.97115211085841
dolly,wikipedia,880c8e25-e272-452a-89fa-dc61a8dd3d88,11.802086063670288,1.480069400249428,4.792362167171861,инструктивные,-32.99453563103088,-57.740550730039566,-67.09232110352427
dolly,wikipedia,974399cf-e603-4d13-ab62-9da3f6bf653c,16.348548449162195,2.240900395972596,10.87339219760068,инструктивные,-7.182334149660043,-36.01704312873502,-25.33575583974516
dolly,wikipedia,b9c1e916-8e21-4e6b-bec6-855add95c1bc,17.00878415732068,2.701959247245792,13.252808596174342,инструктивные,-3.4338951042683843,-22.852732635887655,-8.997034333753687
dolly,wikipedia,e88db2df-7fa0-466e-9ac2-70123c3414b8,16.024178065757432,2.4885353458428665,12.549614260952763,инструктивные,-9.023922835789103,-28.946485086153846,-13.825653828291687
dolly,wikipedia,eac54de6-c865-4758-9794-23802c58025e,14.596627475026578,2.8267479152961323,12.04143113544797,инструктивные,-17.128734961889638,-19.289723775593277,-17.315191248746714
dolly,wikipedia,fc64c085-3c5d-4646-be3a-d451b5e67340,12.284247836642916,2.316126638897613,10.394695589678332,инструктивные,-30.257098086116958,-33.869157633552334,-28.622818401554227
dolly-v2-12b,outfox,0e38ab95-316e-45a0-848d-641816d84be0,20.85897901809481,2.3260486065978325,11.9966266691187,инструктивные,18.425299377572188,-33.58586220793585,-17.622849756109005
dolly-v2-12b,outfox,240ff444-5b55-472c-9516-4cb9f6511864,21.75235990676665,3.077174450088999,13.12479931917514,инструктивные,23.49740281597084,-12.139459442618318,-9.876034717346494
dolly-v2-12b,outfox,29053232-cf19-407a-8699-05ba761b5161,21.8107113151914,3.2793751962614097,17.10579057640615,инструктивные,23.82868859011202,-6.366154370720256,17.46020937539619
dolly-v2-12b,outfox,318b1d60-4ae9-4246-b435-ee4e71da2d8a,23.080374068640527,3.5414339778568182,17.476527887892157,инструктивные,31.03710428271761,1.1162378635307129,20.005948611236104
dolly-v2-12b,outfox,396a8868-9583-4ecb-80e8-3268075de6a1,25.824820244495484,2.8840766257627046,14.88594630325334,инструктивные,46.61849298440402,-17.652854767108888,2.2172206377143353
dolly-v2-12b,outfox,3a873f4b-66b6-4d07-a338-cadc23327193,25.59320960308866,3.244659688613416,15.357488147382496,инструктивные,45.30354082285091,-7.357363454621374,5.455153634337503
dolly-v2-12b,outfox,5bb0fdc2-0830-4758-bfe2-724683a6af57,15.551202903735366,2.367987359937263,8.576761708244897,инструктивные,-11.709204081435368,-32.38841253503917,-41.106011937100284
dolly-v2-12b,outfox,60c8dc7f-b9fe-4350-8920-88c9b639803c,13.034283487193344,1.7092318382714775,4.498006151875995,инструктивные,-25.998826557906785,-51.19742618294656,-69.11357344103673
dolly-v2-12b,outfox,7d2d1c8e-4eb7-481d-b548-e4e2fc793eff,16.38341539358568,2.8307085098013447,8.72634352636238,инструктивные,-6.984379670289295,-19.176639522555075,-40.07887954024597
dolly-v2-12b,outfox,87bea538-b28b-47d5-904f-c2c082e42ad1,19.365827117340277,2.9092745509612916,13.010186442291774,инструктивные,9.948040701121524,-16.933394962414265,-10.663046136415625
dolly-v2-12b,outfox,c44ac972-a695-4b69-ad45-eb07ed6a937e,19.297971094839102,2.640478188407101,12.796673513949615,инструктивные,9.562793188656896,-24.608160919601417,-12.129173828988659
dolly-v2-12b,outfox,f8b00a72-8ae2-43ab-95b2-8ab8f6d09129,20.50693169535761,1.8589925199473725,10.509952551039405,инструктивные,16.426576930320138,-46.921407822692224,-27.831384252224904
flan_t5_base,cmv,2fe705a2-8c34-4e7c-978d-64aaf999db03,15.994865637730731,3.2317557493696945,9.513333293053318,инструктивные,-9.190341962129576,-7.725801154745978,-34.67486255787315
flan_t5_base,cmv,68669a6f-9541-4d18-a478-0830b80747de,9.695495641616462,4.77878527785151,4.178781827874014,инструктивные,-44.95454581087891,36.44551666791188,-71.30558881545095
flan_t5_base,sci_gen,a0b1c031-8c50-4d4a-80b5-91ab7a20789c,17.222805171737704,2.7274381347912415,11.022740626845907,инструктивные,-2.2188067395195126,-22.12525069787819,-24.31022605258483
flan_t5_base,squad,31235d78-0332-4906-a664-81302472951a,17.424105901567355,4.179926286367127,8.348521404809084,инструктивные,-1.075936842851984,19.34668929790545,-42.67326799052422
flan_t5_base,squad,4917f74d-c118-4377-808e-014f57f40a96,15.54217841418605,3.4175543036616167,11.537792805474393,инструктивные,-11.760439948525523,-2.420817092371426,-20.773520954347497
flan_t5_base,tldr,5ad9aa84-d4f7-4e12-bd27-98fa9301f10e,14.728103137699277,2.551430228105376,8.136570760776006,инструктивные,-16.382291682025734,-27.15068883101559,-44.128667956645266
flan_t5_base,tldr,a1b4efd2-9bf7-4b72-8c42-0e58adad9f4e,14.269826485969714,2.2849703611350463,6.887481359313709,инструктивные,-18.984123230527945,-34.7587423647319,-52.70578118441487
flan_t5_base,wp,04b77b91-00ac-4d3e-8255-b0cf091dc85c,4.821272886961997,3.05057732165697,1.677880990793541,инструктивные,-72.62758236996416,-12.898869778046187,-88.4785066433911
flan_t5_large,eli5,fdc1ba17-85d0-47d3-998f-30ae08f209ab,18.475476300906,3.252250202472024,12.831886213839931,инструктивные,4.893140272110702,-7.140636498921375,-11.887379035388511
flan_t5_large,sci_gen,321c0f90-db74-4cc5-9f1c-5b21d716c441,13.386243113326922,2.6445886927451747,6.287655016767735,инструктивные,-24.000602001588383,-24.490796389587143,-56.824604425563805
flan_t5_large,sci_gen,a9a1e955-a3cb-466f-8f22-52b548a88870,15.559493307032476,3.0319563474220153,8.276337812199412,инструктивные,-11.662135934352552,-13.430542222532033,-43.16893054780438
flan_t5_large,tldr,7cea50ae-270c-477e-b0c6-2a94d4b782c7,17.341750264218188,3.2678239762937404,11.402900575146525,инструктивные,-1.5435048383921928,-6.695968766009834,-21.699784464160345
flan_t5_large,wp,d377d5a9-c0b4-4d56-a584-75224bb15f4c,20.58262540918219,3.680457117199992,11.591027489184892,инструктивные,16.856322351363982,5.085674231469544,-20.407974733800817
flan_t5_large,yelp,28879c3f-0455-40a3-8421-bce11f7d48cd,16.819918909283828,3.441091177999133,11.895042329038583,инструктивные,-4.506163479502908,-1.7487841817038083,-18.320398215022664
flan_t5_large,yelp,843f2a4f-7f0e-4da0-8175-548aaeae6ff4,18.53996923370927,3.1522938773976468,14.75730894732076,инструктивные,5.259294093366272,-9.994623783558474,1.3339074290176944
flan_t5_small,eli5,4933c920-8c0f-4585-8612-b43fa173adb8,5.00162288859434,3.2749536929715504,2.042140893512378,инструктивные,-71.60365867180384,-6.4923986494975106,-85.97724578384157
flan_t5_small,squad,12e0f56d-3f56-41f5-8a2b-4a9e5f9caa22,3.7703817255676424,2.141550293318653,1.6420095238665382,инструктивные,-78.59393864720144,-38.85372134285262,-88.72482498787382
flan_t5_xl,roct,c7790cef-f350-43eb-a636-3d1dd2feb6c0,4.302095027773191,2.3269299135379695,2.1591640866542385,инструктивные,-75.57517598666539,-33.56069882983904,-85.17368346342012
flan_t5_xl,squad,9260f60e-2812-4016-a2c9-c5c4a190a7c5,14.99020254621978,4.645341074533308,12.417390147856072,инструктивные,-14.894241816603305,32.635371995273225,-14.733596196663443
flan_t5_xl,squad,e8487264-e7ab-49fc-b8fa-e3901021aa38,10.261530662219108,2.913342417988679,5.3968991150964225,инструктивные,-41.74092415111749,-16.81724782752191,-62.941151582232216
flan_t5_xl,tldr,bdb2e47b-3768-47dd-b75f-b28b4d515ff3,12.572575978221016,4.754823925975775,8.082184083884565,инструктивные,-28.620136542805323,35.761363928951376,-44.502124560499176
flan_t5_xl,tldr,d7d168d4-42a7-4f78-8b6b-bf2af96ad047,12.54364657155811,5.277558951457735,10.597236738704918,инструктивные,-28.784381093888005,50.68667370649529,-27.23203054725826
flan_t5_xl,wp,4dedf7db-f6b3-4211-ab6b-4c4894bc8caf,8.515469922969661,3.4178631838937674,4.355593327510177,инструктивные,-51.6540539163694,-2.4119978380183085,-70.09147855995145
flan_t5_xl,xsum,18d1397f-0ff5-476a-8272-7d546c549ec2,14.792996248657552,4.329476599579906,10.193405072758312,инструктивные,-16.01386587910848,23.616701145631687,-30.005018549340363
flan_t5_xl,yelp,557bbc3a-b064-47f2-a4c2-f622f0e84ff3,16.155590556100428,3.21583949469147,10.49303850731951,инструктивные,-8.277838212120738,-8.180247518564359,-27.947527794836947
flan_t5_xxl,cmv,0edcdf8c-32ec-42d0-9fc4-89d1b0bf63dd,4.644017684852514,2.6483641996582277,1.3253942412622624,инструктивные,-73.63393557439653,-24.382996820976604,-90.89892487644862
flan_t5_xxl,cmv,93cb7753-ce0a-49a0-b504-31dd39c8980d,5.035179880273318,3.045383525982964,2.1571678258966815,инструктивные,-71.41314135154832,-13.047164813918968,-85.187391172836
flan_t5_xxl,cmv,a8fae20d-6f6a-434a-84c4-c2bbb60b874a,7.508548485554972,2.3960202626644453,3.01491689287775,инструктивные,-57.37077536146443,-31.588007479377968,-79.29749181103087
flan_t5_xxl,hswag,415d950c-8d7a-44cc-ae8f-f36a08bff26e,5.822333069283764,2.2614258728130103,1.7287788620186,инструктивные,-66.94413776399463,-35.43099267249759,-88.12900659636588
flan_t5_xxl,hswag,4cc26f02-65df-4953-aa54-aebe30a272e6,3.974872335139274,2.8225718002925575,1.5546259753225613,инструктивные,-77.43295844594543,-19.408961643837394,-89.32486097347144
flan_t5_xxl,sci_gen,adc51dc7-e352-4724-8e3b-7da461fb501c,5.646653412937267,2.4680830629369557,1.9768654561550243,инструктивные,-67.9415459247361,-29.53044568406335,-86.42547216103343
flan_t5_xxl,squad,248a5bce-836f-4c4e-a129-ad8575fe6285,5.935433114829483,2.5393986053411317,1.7531957273488188,инструктивные,-66.3020206813824,-27.494219851760416,-87.96134348245322
flan_t5_xxl,squad,dcb8c631-5975-46f5-9d1f-de90ef355270,9.010105387711851,3.1941380764833966,3.168066661715858,инструктивные,-48.84579791572605,-8.799873856150768,-78.24585939257194
flan_t5_xxl,tldr,51196733-b55e-40e7-a27e-51e86e57eb64,6.695355678114458,2.4827688484139263,1.597816798527368,инструктивные,-61.9876169426986,-29.111132099005122,-89.02828285777011
flan_t5_xxl,tldr,c493f9db-2fd3-42fd-a17c-81f653f40502,4.785591499719351,2.871390748385648,1.6611916233731931,инструктивные,-72.83016078776454,-18.015066290007965,-88.59310740286965
flan_t5_xxl,wp,84f168bb-376d-4f0b-a6f4-f875f27e12d6,6.51231863526468,2.894093578507069,2.162247026536395,инструктивные,-63.026796117185846,-17.366847295926306,-85.1525138622589
flan_t5_xxl,wp,93b0b2ee-b439-4353-b41f-5732362e8e10,6.5926060400564355,1.841309296555981,1.8961090725153489,инструктивные,-62.57097035790665,-47.42630528338694,-86.98000144094871
flan_t5_xxl,wp,e618ca1d-2265-4638-a069-675446478cd2,3.4633244662143077,2.7441776299766567,1.632173900105667,инструктивные,-80.33723336135935,-21.647298888676822,-88.79236319495809
flan_t5_xxl,xsum,98738315-cd2d-4d82-b6d4-db6e6b1e1ef0,10.354582211172623,2.795357825341862,7.079787629385947,инструктивные,-41.21263091429091,-20.185984392682197,-51.38527309997459
flan_t5_xxl,xsum,a9902362-fe17-4a05-93e9-23b1b99e26f2,5.484035475087024,2.114108380462279,1.739967344419147,инструктивные,-68.86479715181547,-39.63725225297697,-88.0521787245706
flan_t5_xxl,yelp,30e0d5ed-5961-4910-a2e8-88322e4a6bb9,7.30894979195342,2.932604165221241,2.458500976433034,инструктивные,-58.50398207424893,-16.267279812584174,-83.11822899084558
gemma-7b-it,outfox,126156be-3ad5-4b4b-a0f8-4dccfd0f9b2d,22.00412964255096,2.9459147463562334,17.12907878877987,инструктивные,24.926806733996,-15.887231533677046,17.620122376153308
gemma-7b-it,outfox,1c696e42-e12f-40a8-b68e-681a8088a74d,16.74719011308541,4.806101505146002,16.34769938801585,инструктивные,-4.91907580161113,37.22545896075557,12.254630053222847
gemma-7b-it,outfox,3a848b0c-e327-4835-a06e-cb4308429425,17.028572347346472,3.1993080975074153,13.391047395658214,инструктивные,-3.3215491296206365,-8.652257642240578,-8.047790961537068
gemma-7b-it,outfox,623ff54f-cd8d-436c-946d-9117cfd3bd38,20.21144035031459,3.1267865626755835,16.803082592592272,инструктивные,14.748946832996346,-10.722917384066863,15.381606635606751
gemma-7b-it,outfox,66c3040d-67f3-446e-b260-beef62d8cc39,15.841996306453142,2.9472393935815373,11.826425212939208,инструктивные,-10.058246201665616,-15.84940975166541,-18.791570873647707
gemma-7b-it,outfox,70681575-8cbb-4b0d-b25d-2f26b6793130,21.27420554559198,3.097562684263917,15.987874044171637,инструктивные,20.782717052986925,-11.557327586048734,9.783819947268944
gemma-7b-it,outfox,740c422d-6e11-4c66-80d5-50e9899b253f,17.023273233611487,3.169873698982693,13.164324056665489,инструктивные,-3.351634453066094,-9.492678686711653,-9.60463048610755
gemma-7b-it,outfox,9036efe4-55db-4c15-a1a4-3ee000a63560,21.230726871952665,2.8913305489930017,15.396804102894745,инструктивные,20.53587012256867,-17.445738262499535,5.725124223865951
gemma-7b-it,outfox,921c58ed-956a-4ff5-aafd-8c0d3d5a9514,20.82160907996412,2.846304044718188,15.944283681578066,инструктивные,18.21313433790225,-18.73135045939008,9.48449831731444
gemma-7b-it,outfox,9a2b1c39-3f38-45cc-8e03-8576afe5637e,18.142379354537425,3.3373090616989702,10.7532233782553,инструктивные,3.0020071748851,-4.712006769899165,-26.16091820904082
gemma-7b-it,outfox,a1eeffde-91f1-4f3d-9aa2-690722190fc0,22.930902290586687,3.0757050990804573,18.818179891934676,инструктивные,30.188489398491086,-12.181412856691171,29.218660797781727
gemma-7b-it,outfox,a77bae45-85a5-4b35-acc1-8dadcc70a6b8,18.055227063274824,3.101916430008489,14.968557569350082,инструктивные,2.507206534102941,-11.433017943949494,2.784486825684272
gemma-7b-it,outfox,ba5a6a96-a3b8-4dea-bd1c-aa0cdc0521c3,22.8881009148493,2.749667953433534,16.405003996753692,инструктивные,29.945487776452207,-21.49053728982039,12.64812319874317
gemma-7b-it,outfox,d0580e5e-77cc-4797-9772-3a4e789ffdb4,22.97185814178842,3.3750295918337696,17.578088681939587,инструктивные,30.421013192470696,-3.6349972530488515,20.703335386776114
gemma-7b-it,wikihow,7747c273-01fa-4bd3-9360-f5c5d524b29d,11.84496042725196,3.3592481546942348,12.10259717019792,инструктивные,-32.75111962594367,-4.085594260251926,-16.895182876944165
gemma-7b-it,wikihow,f8f50c7f-5b5e-4df0-a404-1aa3122c2604,11.11678978250285,2.788400093607698,8.773383441393875,инструктивные,-36.885254212663696,-20.384643936082224,-39.75587089332489
gemma-7b-it,wikipedia,6a609d03-d768-4403-82e5-e6105bf6fed5,16.37019035105152,2.7704001391891575,12.849681449044644,инструктивные,-7.059463864008957,-20.898584809722145,-11.765184621532365
gemma-7b-it,wikipedia,82092be4-ba67-48b9-bb4f-fff61d0319d4,16.22908384593184,2.617621773616122,12.924470353485498,инструктивные,-7.860585534366114,-25.260765115857193,-11.251632188200466
gemma-7b-it,wikipedia,94a487e4-fb52-4108-98e1-e7b0135cdb08,17.97618943437097,2.6553943916280742,12.77242792173584,инструктивные,2.0584762843187705,-24.182268368069096,-12.295660863021954
gemma-7b-it,wikipedia,f5414db2-622b-4994-9ed3-aec70377d5ab,19.26022866523328,2.3017006973449137,12.75727965498383,инструктивные,9.348513356387592,-34.281052065742465,-12.399679357602363
gemma2-9b-it,reddit,1222d947-0d86-4b9f-a0e2-a3f84dc807ad,17.80326449294799,3.2346629804889195,14.519762464084138,инструктивные,1.0767078123288092,-7.642792894472347,-0.2972513024499999
gemma2-9b-it,reddit,5331e10a-7c79-4e18-9df9-fdd198997275,20.06020255358537,3.6068163002067246,16.361015875416783,инструктивные,13.890305509309062,2.9830563613879297,12.346070281680669
gemma2-9b-it,reddit,622710f4-c24f-4e55-ae8b-e38d92439c9d,13.138843214703332,3.2016458868597684,12.925360839881836,инструктивные,-25.405196494687193,-8.585508278647918,-11.245517491654132
gemma2-9b-it,reddit,7c8eb956-2608-4144-8c78-02748f601673,21.231438370077747,3.7578905960906046,17.839916280766822,инструктивные,20.539909600167086,7.296581485158413,22.501225080393866
gemma2-9b-it,reddit,8473ddc4-be6b-44a8-aaaf-083d741bc237,18.720561086130967,3.4572975212984853,16.018651909634166,инструктивные,6.2845908813652,-1.2860551080569036,9.99516209513452
gemma2-9b-it,reddit,a32982a8-1b99-43b6-bda0-659475378ecc,21.69780907256667,3.0762249333827207,15.947395916081126,инструктивные,23.187694518847344,-12.166570369358089,9.505869075638758
gemma2-9b-it,reddit,d61c61a9-28f9-40d5-be10-a9c004cfb00c,21.28063031018972,3.929072245973239,15.984137695479928,инструктивные,20.8191931753445,12.18421867834962,9.758163588524972
gemma2-9b-it,reddit,f863f55d-ba43-4d25-be67-2ed4be684370,19.12406617676511,3.3599466503815103,16.1114301476342,инструктивные,8.57546097223924,-4.065650571762229,10.632241756100052
gemma2-9b-it,wikihow,10799987-71fb-4c49-8def-c0722e820a89,13.604596016794217,2.4993669984856117,9.750890785812803,инструктивные,-22.760919659483108,-28.63721602398096,-33.04362822739383
gemma2-9b-it,wikihow,1d4e9544-a095-47ab-bb44-b787f6b9178b,14.438457483111014,2.9612078060038227,12.518301779868247,инструктивные,-18.026733307297615,-15.450578848167254,-14.040667017411595
gemma2-9b-it,wikihow,99989c75-2b92-41b8-a26b-de9b164056d1,15.17632273870502,2.774451161913474,11.952051441122917,инструктивные,-13.83755828975593,-20.782918619149687,-17.928934154252072
gemma2-9b-it,wikihow,9ef327db-0d73-4e08-a124-2a930b7a8477,14.22514178304101,2.0414078022800513,10.14730834060646,инструктивные,-19.237817302387317,-41.71302410196654,-30.321550649151423
gemma2-9b-it,wikihow,f004664d-b815-4b2e-a177-ac8245f4de92,15.034134589198509,2.933565660082997,11.473835341332771,инструктивные,-14.644820915536622,-16.239826881439964,-21.212697214318553
gemma2-9b-it,wikihow,fed0a363-f188-4dda-86f8-53b9159c5f39,14.460688420865186,3.1293014319423955,13.095625411907424,инструктивные,-17.90051881440714,-10.651111974007366,-10.076362976988054
gemma2-9b-it,wikipedia,2428a032-d015-4707-9d22-1a5c9dd1d6cf,13.554942720379184,2.145728403561347,11.642100943918136,инструктивные,-23.042822550700006,-38.73442650585669,-20.05726900876019
gemma2-9b-it,wikipedia,872dc3fb-0056-417c-853f-e7c7b9337971,20.376527274441823,2.9871330182098026,15.580770739985624,инструктивные,15.686215545723392,-14.710353295333764,6.98836661037026
gemma2-9b-it,wikipedia,8f63d00a-1b8f-4467-b0c8-8dd3222952a7,18.897205730222073,2.967358067951344,14.92571340028697,инструктивные,7.287477688134928,-15.274974459126817,2.4902890774896154
gemma2-9b-it,wikipedia,cf8cc78e-6b8d-458e-80cc-df4379170b60,14.022536802627563,2.7641173372265087,11.186820500135868,инструктивные,-20.38809198457745,-21.07797352674381,-23.18353996433644
gemma2-9b-it,wikipedia,e328f257-b860-4822-b0ca-6a1c8ccf0f65,14.527257106428143,2.746044540372933,12.61542850360316,инструктивные,-17.522580061502406,-21.593994222578257,-13.373727640661315
gemma2-9b-it,wikipedia,f83c1179-8dc6-4db6-aab0-8a89a0136a30,15.84349201622826,2.906553371874438,14.192292143569626,инструктивные,-10.049754420848023,-17.011091001232433,-2.54588940193175
gpt-3.5-turbo,arxiv,615beaa6-24ce-455d-b60a-550f5234dc1d,16.657997444826606,2.6791974578230406,8.773032522695546,инструктивные,-5.425460530780776,-23.502635056167524,-39.75828054423201
gpt-3.5-turbo,arxiv,afe9d839-ec37-49bb-8b59-6073d2af9a0c,20.68037726277476,2.591105734869223,13.55946364424799,инструктивные,17.411301217605253,-26.017860150776528,-6.891328316141468
gpt-3.5-turbo,arxiv,c4fe3732-0242-48a3-a7ce-ecb9d1ec709d,16.63102562975859,2.568865221769254,9.63671527014385,инструктивные,-5.5785910014244005,-26.652878910658767,-33.82763642135109
gpt-3.5-turbo,arxiv,f8ca8636-05f6-48b4-b4f4-75d5084b3f90,18.709137816042993,2.776489987534439,12.76981870904498,инструктивные,6.219736116476389,-20.724705370578413,-12.313577525078841
gpt-3.5-turbo,hswag,35ad73a8-046d-4ef9-8ea5-ebbf1fd78f0b,19.50053264092875,3.8645163219158585,17.45631033931432,инструктивные,10.71282127570952,10.340995788045605,19.867120915526716
gpt-3.5-turbo,outfox,00ff79e7-3852-4b08-9c18-1aa0c0350c84,22.775503942344844,3.147339968343568,15.346332825272976,инструктивные,29.306226853552715,-10.136069494363356,5.378553464074605
gpt-3.5-turbo,outfox,0abffa4c-bb49-427e-a8cc-7c4a929a50d0,20.955456543439382,2.847139535343525,13.348526524618938,инструктивные,18.97304334012313,-18.707495244431243,-8.339768721511893
gpt-3.5-turbo,outfox,0fcb62a6-fef3-4607-b627-1b15206cec0d,26.602717411188426,3.016165580989875,17.634588513701793,инструктивные,51.034946194825395,-13.881405602898095,21.091302376014077
gpt-3.5-turbo,outfox,1d8fc714-65ee-4d96-b341-1a3b77e9a603,21.769593874880492,2.6734159310489845,14.098915047805589,инструктивные,23.59524738600348,-23.667711192036535,-3.187081235207108
gpt-3.5-turbo,outfox,3ad64838-3de0-49c2-862d-d3dbe8b117f6,25.99808065729185,3.836594169454943,21.006928231060357,инструктивные,47.60216607012371,9.543752911980933,44.248123308468365
gpt-3.5-turbo,outfox,3d435fd9-9b87-4fde-9e1d-8d076a94c929,22.618514340048225,2.784004368274648,13.75914142022591,инструктивные,28.41493008226706,-20.510152193793243,-5.520202365007107
gpt-3.5-turbo,outfox,3ddd2272-5a0e-4787-ad60-12c720eb05fc,22.958067656837272,2.860510445459442,15.35613451143709,инструктивные,30.342718741554147,-18.325724431764236,5.44585863210682
gpt-3.5-turbo,outfox,53f1789b-f252-49a5-b6f6-8eb44f65b924,21.3595099341798,3.199359703692235,15.387724419500842,инструктивные,21.267026364002106,-8.65078416474754,5.662776827073827
gpt-3.5-turbo,outfox,5b668453-0243-4e74-b8a0-86d0672f5176,22.718068123443928,3.1205866917735117,15.415292224682153,инструктивные,28.980139270721523,-10.899938224996522,5.85207647704635
gpt-3.5-turbo,outfox,6b0627b7-fa34-4b01-851a-26c4eff114a9,22.08004985802087,2.7639385698118804,14.436563877176363,инструктивные,25.357838101256807,-21.0830777552944,-0.8685504420175982
gpt-3.5-turbo,outfox,6eb2b27e-246b-4eec-bcb9-04ccce068eb2,21.131944743742412,3.249115473992449,14.72949441355814,инструктивные,19.97504194894115,-7.230140341873185,1.1429135696667698
gpt-3.5-turbo,outfox,7ab2edf4-b825-4182-b191-8ee005b67373,22.382096289187135,2.5482295756973223,13.69479699162955,инструктивные,27.072684211690223,-27.242074956589242,-5.962035791022111
gpt-3.5-turbo,outfox,a18a2584-6e9f-4b8c-97b8-425033163508,20.36854405473817,2.862314921307354,12.382710629523098,инструктивные,15.64089141060719,-18.27420241830942,-14.971729796290663
gpt-3.5-turbo,outfox,b2842718-6c27-4f1e-9a53-84649e902545,19.949873156684436,2.5830566234842807,13.232167396006208,инструктивные,13.263918577963777,-26.247681140375335,-9.138771114797446
gpt-3.5-turbo,outfox,b3404181-d243-44d7-8f86-83284f243f9e,23.642122990909193,3.075927040166755,14.959641204025637,инструктивные,34.22639193850296,-12.17507591865588,2.7232608839074888
gpt-3.5-turbo,outfox,b96013fd-ec87-40d9-9683-c3c9fbdcc4e0,24.197506832719377,2.7471534537619826,16.875554518810123,инструктивные,37.3795423241849,-21.562332147069213,15.8792490912047
gpt-3.5-turbo,outfox,bf25ea11-4ba5-44a8-bbbe-1619f8049ac6,21.090529128777675,2.5638923230702164,14.46316209656256,инструктивные,19.73990788044956,-26.79486682032112,-0.6859086398652585
gpt-3.5-turbo,outfox,c5bf5539-c6cb-4898-8404-2f9156287dba,25.16931304380732,3.0296598273655855,14.94250018559353,инструктивные,42.896899687900465,-13.496113251029604,2.605558775668203
gpt-3.5-turbo,outfox,daea8cce-3e1a-448c-9fa2-200a0aa23b1d,22.879724207304744,3.603545347256387,19.319166970748505,инструктивные,29.89792964343419,2.8896629906136155,32.65878517607303
gpt-3.5-turbo,outfox,e66530cb-eb34-43d5-a1b8-e28d081f353f,22.877050087235393,3.850626647021133,20.026293652618165,инструктивные,29.882747525962877,9.944413025446117,37.514406887115264
gpt-3.5-turbo,peerread,0253d2e3-f795-4275-860b-63eb6b6dc704,20.043982691759293,2.9231034401449856,14.733857666471543,инструктивные,13.798218452174114,-16.53854777428935,1.172874687130297
gpt-3.5-turbo,peerread,032b021f-4b90-4481-a301-9e43d2ceca89,20.623995439588487,2.120250864163307,11.979140286735683,инструктивные,17.09119761692109,-39.46186995109882,-17.74292337251118
gpt-3.5-turbo,peerread,08c057c2-41b2-4edc-a781-194d685b8aea,15.93707865989338,2.196682406047232,10.811571548871484,инструктивные,-9.51842322366097,-37.27957034655037,-25.76025924466056
gpt-3.5-turbo,peerread,08e56faa-95ee-4952-a51e-42b4a5ad21f1,18.76648825970875,2.2994030943574275,11.27058082811214,инструктивные,6.545338987770437,-34.34665401445906,-22.608383521405656
gpt-3.5-turbo,peerread,0c628907-945f-48fb-bd0c-17461b0a3f04,18.21171051869446,2.745133493301713,12.038259965916676,инструктивные,3.395629694202556,-21.62000675110042,-17.336966695806403
gpt-3.5-turbo,peerread,0f16eb9b-8329-4660-bf5a-82e215f266d5,19.88215882755676,2.189441012967916,11.658204345855848,инструктивные,12.879475519071013,-37.486329085990306,-19.946691894255537
gpt-3.5-turbo,peerread,11ea788e-09df-4fc7-adbf-09b321b7fe9a,17.0903801125906,2.663155163957438,11.292756238427216,инструктивные,-2.970640147136639,-23.960680134103043,-22.45611179055757
gpt-3.5-turbo,peerread,123ca443-9593-4667-b06c-29cecea08df4,24.98654439734223,2.893486608846307,15.325185523404906,инструктивные,41.85924431389169,-17.384177701907987,5.233341438120409
gpt-3.5-turbo,peerread,24cd32d4-cf74-4133-b77b-bf2e78493944,20.236153359225774,2.5166115778552767,13.570970819278331,инструктивные,14.889253099966021,-28.14484287787622,-6.81231207995256
gpt-3.5-turbo,peerread,2a2930a9-a5b4-40cd-9979-8469b7aa3b15,16.80983170457963,2.3233354746381494,8.864240694109679,инструктивные,-4.563432832712445,-33.663328482418386,-39.13198204822284
gpt-3.5-turbo,peerread,2bcc817d-36cd-491e-abbc-c1e231e765f9,17.32647250194614,2.4164664801974385,9.88179728348774,инструктивные,-1.6302431954957353,-31.004220062076797,-32.144733519381546
gpt-3.5-turbo,peerread,3b327c26-a152-4296-abd6-36bcff75b7c7,20.232600031069612,2.7036273292587216,12.402431374330089,инструктивные,14.869079344082994,-22.805104986000654,-14.836313499468762
gpt-3.5-turbo,peerread,3d23f73c-4aa5-4093-a1dc-6dcf7c4932c8,17.755237438486954,2.5728825194018947,11.28593139577929,инструктивные,0.8040377886504201,-26.538175650473594,-22.502975888583258
gpt-3.5-turbo,peerread,46679ac5-004e-49c6-ae65-bd3062ac902a,21.21439523546668,2.4431111515011703,13.3897121654387,инструктивные,20.443148473129316,-30.24345226626596,-8.056959577301882
gpt-3.5-turbo,peerread,47e3964b-7218-45b2-8c06-6529068d1316,17.843490326982227,2.8127881184698467,11.145038586258448,инструктивные,1.305086988226381,-19.688308683638773,-23.47044353247177
gpt-3.5-turbo,peerread,482fc4a8-2208-47a6-8362-9b225bd3bb77,18.78387766656089,2.513447689292137,13.306209865063437,инструктивные,6.644066049659542,-28.235179309537656,-8.6303442239568
gpt-3.5-turbo,peerread,4c86bac9-1208-48f7-8614-ed6983438153,19.33464577082835,3.156694461774736,15.573395333893345,инструктивные,9.771010929315931,-9.868976788755091,6.937721962292864
gpt-3.5-turbo,peerread,56964bdb-1c6f-4bf9-959f-f7ee2c0c81bd,19.4476836909692,2.4428529644228214,12.139839522971366,инструктивные,10.41277529957038,-30.25082411230089,-16.63945108045911
gpt-3.5-turbo,peerread,588d622d-d9f0-4d2d-8750-c5e1844083d0,25.070297144131285,2.9131542631733995,14.03827903964671,инструктивные,42.33474429419197,-16.822620088356338,-3.6034500772209843
gpt-3.5-turbo,peerread,5d7ecbba-1364-4f09-b3fb-e57a334fddd1,21.37170680626911,2.722927907566439,14.737014497979828,инструктивные,21.336273196620006,-22.254028252883657,1.1945516793903015
gpt-3.5-turbo,peerread,6c0c1050-28fd-491e-94ee-58bf43c5d35d,17.555697221458004,2.3754703861812154,11.405519752458964,инструктивные,-0.32883692774964923,-32.174754602587626,-21.68179937810798
gpt-3.5-turbo,peerread,7b278bf6-1244-4c92-ac89-86fa04479e9b,16.264372645021947,2.3540271948338156,11.793984151784564,инструктивные,-7.660236006553863,-32.78700795826053,-19.014333675434862
gpt-3.5-turbo,peerread,807b80fe-8154-4474-bf91-13a661041f73,18.662003211253996,2.554069455456365,12.435574306186629,инструктивные,5.952132909323329,-27.075332706274253,-14.608731167170527
gpt-3.5-turbo,peerread,86b6f11b-117b-47e9-9046-80cf0d4ccbe5,17.82389692426021,2.414369418387223,9.661606365205213,инструктивные,1.1938469039841353,-31.06409609030213,-33.65671691754731
gpt-3.5-turbo,peerread,c37e4ec8-50d8-4168-908f-e0fbd4e2879b,15.711888268504335,2.606156570591895,9.781589444621044,инструктивные,-10.796924894047908,-25.58812352586855,-32.83282996729275
gpt-3.5-turbo,peerread,ce02ad98-18e8-4492-8337-a66b95ae6785,15.84498495556539,2.843713037057373,11.63660673732494,инструктивные,-10.041278368985717,-18.80532979899527,-20.09499603773941
gpt-3.5-turbo,peerread,d0501a8f-bd54-46a2-84f3-3997779a6cef,17.648278691221005,2.6115852208080663,11.619054507175386,инструктивные,0.19678746949376152,-25.433122842538435,-20.215521810527445
gpt-3.5-turbo,peerread,d0583fff-01f2-4e7e-be08-708c94226281,19.12360032844623,2.8570251210379616,11.56671424308113,инструктивные,8.57281615311459,-18.425238610325106,-20.574926326314905
gpt-3.5-turbo,peerread,d8a44a66-8a43-4d30-9c2e-2ea6edc9afaf,21.18414153495925,2.680908849706296,11.694350389146322,инструктивные,20.27138534240447,-23.45377080800506,-19.69848811822853
gpt-3.5-turbo,peerread,dcb52f9d-1bcd-42d1-9bad-fef1abc001f2,19.55188955411332,2.75558602073475,12.763282701205654,инструктивные,11.004396324215712,-21.321562601978183,-12.358458283197406
gpt-3.5-turbo,peerread,de8e8ffc-6fca-4c34-ad1c-a8bb0680ebd7,19.35301735297868,2.247928286943263,13.44370577015033,инструктивные,9.87531421828828,-35.81638037474547,-7.68620207936384
gpt-3.5-turbo,peerread,e06b4517-6d1e-4355-ba5b-257faeb17ea4,19.622131404473716,2.3665011909296365,11.58803215909975,инструктивные,11.403189196606471,-32.4308461423915,-20.42854274539769
gpt-3.5-turbo,peerread,e6162fb1-9f38-4342-8372-e01e4ba6e3e5,19.35410442524204,2.47694040481679,14.283282907359215,инструктивные,9.881485990076428,-29.277547820102058,-1.9210837772976002
gpt-3.5-turbo,peerread,f122b140-8136-44b6-a01b-760148c8c6ee,20.70073963681948,2.543536183707793,13.04607809997244,инструктивные,17.52690707924366,-27.376082294793875,-10.416589148229647
gpt-3.5-turbo,reddit,218b89d7-c72f-4854-b5c3-f57356727882,23.285141827713684,3.0959867049860237,13.172387998747638,инструктивные,32.199657979620845,-11.60232548704812,-9.549257872890438
gpt-3.5-turbo,reddit,66b7febb-2d00-4ebc-99c0-a90a42576474,20.236367148482103,2.8304500182360157,14.59756998105281,инструктивные,14.890466872541488,-19.184020062406717,0.237029015860787
gpt-3.5-turbo,reddit,70aa2756-f8e0-47f0-b03b-2bce25154b9e,19.962762298917447,2.9572603351428706,13.711839607158552,инструктивные,13.337095722748298,-15.563288390412328,-5.8450093852912905
gpt-3.5-turbo,reddit,a4c66367-52dd-49f5-818a-1f606af0478d,20.46163474751908,2.6256746933871526,13.035505266908064,инструктивные,16.16940688359759,-25.030835387912287,-10.489189545147033
gpt-3.5-turbo,reddit,b8d5f390-e6fc-40ef-a8e3-c5f534462311,18.985472803349428,2.6634747077694776,12.343988900217289,инструктивные,7.788607419902776,-23.951556409558684,-15.237620016992368
gpt-3.5-turbo,reddit,fc182c96-7ae2-41c2-8f48-fd25087313ce,20.00105997853864,2.6595010151411347,11.637935426587545,инструктивные,13.554527945613643,-24.06501464470196,-20.085872336716452
gpt-3.5-turbo,roct,4f5b0973-e2e6-4599-aecb-660964849e0b,22.34656016376509,3.208170012333482,14.848477119659986,инструктивные,26.870930507054254,-8.399229209949652,1.9599312636662907
gpt-3.5-turbo,roct,6328e509-374d-4097-ac4d-af53cf29257f,19.57143330014672,3.408179411919801,14.252726555013044,инструктивные,11.115354486307767,-2.688492217543169,-2.130904862636975
gpt-3.5-turbo,roct,78919331-973d-4eec-8406-e912596fcfbc,21.957529665500697,3.7020182896945366,15.787970137953772,инструктивные,24.662238835999737,5.701296225330454,8.411141229239
gpt-3.5-turbo,roct,78da5887-bafc-4f8b-8c29-5aee0575c861,22.51286646844666,3.0546277269686906,15.213006545144813,инструктивные,27.815122162034466,-12.78322121604998,4.463042853258573
gpt-3.5-turbo,roct,7e6d0008-c638-4c74-a386-0289dd4d40aa,23.80876549584407,2.898676649631103,15.659829377649322,инструктивные,35.17249234537435,-17.235989876920076,7.531237990177747
gpt-3.5-turbo,roct,8f4b2197-5ae6-4092-b6d7-acec5e6030c1,18.927785701368503,3.414927100486248,12.636186465774577,инструктивные,7.461093196105476,-2.495829898725419,-13.231189090807668
gpt-3.5-turbo,roct,995a49a9-0ffd-43d3-85d0-58290b690c0e,16.93402837252393,3.615784945753693,13.79239804442307,инструктивные,-3.858315503132617,3.2391322058371737,-5.291839342329558
gpt-3.5-turbo,roct,aa3c4e4d-613c-4c34-8b2d-5dfb49446f18,20.06887888605012,3.145442225366076,16.17972647145421,инструктивные,13.939564740489352,-10.190254502898249,11.10121163268285
gpt-3.5-turbo,roct,b5db12ba-f2b7-412d-aded-104213283ec4,21.345322512980005,3.863010860044537,13.96955225783686,инструктивные,21.186478337105676,10.298011324230428,-4.075375776593029
gpt-3.5-turbo,roct,c33de516-b18c-49e3-96b2-30de42723b95,21.682916615902368,3.338766891729072,14.345726390905863,инструктивные,23.103143705626447,-4.670382306755118,-1.4923035570115544
gpt-3.5-turbo,roct,d09feba9-6cd7-4f79-822e-6cf7d3e4eddb,20.658257060435627,3.5520900810056406,15.411398450998018,инструктивные,17.285715416783855,1.4204945763289334,5.825339129236787
gpt-3.5-turbo,roct,d0af6f54-a9df-4e40-b6a0-9dced200fae8,20.522778300746,3.309265964404666,14.380189976831796,инструктивные,16.516544851837793,-5.5127029043382025,-1.2556526988939252
gpt-3.5-turbo,tldr,001e1151-6379-4149-9fc4-c15c1cb0f371,26.406948967961707,3.482012147773555,16.681326781903074,инструктивные,49.92348544318967,-0.5803946143170767,14.545546884241025
gpt-3.5-turbo,tldr,30e92ec9-2d4d-40ea-af7f-e6ea03aa4250,17.47254325714254,2.767014809005348,12.84075676981385,инструктивные,-0.800937365165509,-20.995243918504915,-11.826467652350193
gpt-3.5-turbo,tldr,3a07693c-e9c5-447e-914f-b3981911228e,21.21415117557777,3.133055084412653,14.42209775764348,инструктивные,20.441762841292537,-10.54393640094493,-0.9678848411844925
gpt-3.5-turbo,tldr,4fd21eae-a16f-47be-9d86-acd42260bbf4,20.770730592405805,2.917120415276844,13.72901354038623,инструктивные,17.924275515246325,-16.709377152866814,-5.727081261261495
gpt-3.5-turbo,tldr,54330abb-cb3a-4237-b5ba-caaaa021c2d3,16.07840962876784,2.8713331348224784,11.968903299164168,инструктивные,-8.716027177058638,-18.016711292228546,-17.813217621593243
gpt-3.5-turbo,tldr,68160f94-7f6c-439c-8573-e95722aba323,25.093162921222778,3.2616393382943585,16.72743019002306,инструктивные,42.464563040124446,-6.872554671876076,14.862124825874556
gpt-3.5-turbo,tldr,6da0e4c1-9193-4263-b5ad-88d6622646c2,21.77398665336914,3.2085533757290667,14.598164778757518,инструктивные,23.62018705860999,-8.388283286761904,0.24111330899058087
gpt-3.5-turbo,tldr,8d83b0d0-0bd2-4ad2-a0f9-3b41e58bbf18,21.046193511614113,3.1694694247164485,14.211590512666598,инструктивные,19.488195717014836,-9.504221664252183,-2.413373429366259
gpt-3.5-turbo,tldr,926a49cd-0928-44ea-bf76-5c76709fa360,24.0970306831597,3.3472578995719737,14.498700784685472,инструктивные,36.80909647055092,-4.427944137891234,-0.44187538520809777
gpt-3.5-turbo,tldr,b12b4bd7-4b2f-46e4-adbe-ed1471f3c29f,19.545359517454983,3.408267312330336,15.47424282229773,инструктивные,10.967322527576904,-2.6859824548663687,6.256872122579458
gpt-3.5-turbo,tldr,b149819d-07ea-4576-b32c-09751fe23201,20.633442126138316,3.0970819854265095,14.03329928417442,инструктивные,17.14483047602791,-11.571052664163402,-3.63764452838071
gpt-3.5-turbo,wikihow,1db27110-972a-4edf-9ef0-7147a30a2eab,18.531444992872338,3.3161092452997134,14.95307709724968,инструктивные,5.210898351072045,-5.317311200560247,2.678187179022447
gpt-3.5-turbo,wikihow,1f9334d2-2bd8-4715-b880-78520e846a0e,17.814020004857632,2.3087746328767644,9.961930803474765,инструктивные,1.1377714299082509,-34.0790746316459,-31.594481252839362
gpt-3.5-turbo,wikihow,38e5eb8d-ee19-478a-a8de-4e1ac65ea754,17.100334008542966,3.191635133550462,14.802717286584947,инструктивные,-2.9141276444341164,-8.871338741433938,1.645712546327915
gpt-3.5-turbo,wikihow,522d424d-3a52-414b-a7ad-7259c3d4b23d,18.800542866789215,3.3455394815167017,10.729895203614664,инструктивные,6.73868148239546,-4.47700899972752,-26.32110561840933
gpt-3.5-turbo,wikihow,6283bb79-e940-47de-9eb3-24175c48b0c5,20.00512052961268,2.962949169850648,14.772394740236097,инструктивные,13.577581421824728,-15.40085883021874,1.4374969349522122
gpt-3.5-turbo,wikihow,a075177e-2b3b-4602-89c1-330ac1576079,16.928978057333005,2.865469372006913,13.02721177492803,инструктивные,-3.886988291379709,-18.18413545976671,-10.546138407000374
gpt-3.5-turbo,wikihow,a2a05f1e-ccc3-423d-9432-bfae0cf7a3e0,19.393697320707453,2.765067919959185,14.069297547816216,инструктивные,10.106271704403538,-21.050832162452604,-3.390455509806604
gpt-3.5-turbo,wikihow,b83c9c1e-ce45-498d-8ec0-b8c6236dbfd8,18.75412725824488,2.907351599924596,13.0238749298965,инструктивные,6.475160322856115,-16.988299720103438,-10.569051496828411
gpt-3.5-turbo,wikihow,c7e120c6-0cb1-4478-b211-fde1383f7ace,21.249153175644647,2.767037642649377,15.287034086905862,инструктивные,20.640484089016983,-20.994591964467272,4.971367242941682
gpt-3.5-turbo,wikihow,ced1d078-16a5-44d4-87ad-a5f3baa0f0ef,22.82155358670842,2.5784146059905413,16.037664002968288,инструктивные,29.567670278720176,-26.38022161635159,10.125712299973975
gpt-3.5-turbo,wikihow,d61a89ee-40da-4008-a04c-c3231f64f3b4,19.767425273179636,2.8835500846537423,11.634023111582238,инструктивные,12.228084311765173,-17.667888749487684,-20.11273700208303
gpt-3.5-turbo,wikihow,df3e7da7-6575-4a6a-89c2-4fab8ee16ed1,18.3382681501816,2.2388051286456783,14.217678581315212,инструктивные,4.114151218404661,-36.07686792025761,-2.3715685320735065
gpt-3.5-turbo,wikihow,f43589d5-f82e-4874-8b3e-6dd0df05ac6b,18.116865070828553,2.5585986526001743,13.315054981040538,инструктивные,2.8571517299466676,-26.946013515633467,-8.569607529562042
gpt-3.5-turbo,wikipedia,10e17673-2db7-481c-9a76-f159ae28eb18,18.52131344001939,2.844254988637243,12.476785187211394,инструктивные,5.153377214551935,-18.789855811564387,-14.325748706225976
gpt-3.5-turbo,wikipedia,2fdb41bb-ba18-4705-b004-28484ff683d8,17.081457238188023,3.4854132405717366,14.71460700314578,инструктивные,-3.021299101801544,-0.4832854459612081,1.0406862954415614
gpt-3.5-turbo,wikipedia,95b395d9-6f89-4876-bdc0-cac36ff7283b,18.32112371346419,3.161937561098518,12.713282434180352,инструктивные,4.016814956205148,-9.719274018159753,-12.701794757906637
gpt-3.5-turbo,wikipedia,a7f22478-fa61-4dec-addd-dcf2c85188bb,21.847453452537245,3.3037989565876975,14.715383187502647,инструктивные,24.037289337597255,-5.668798787045266,1.0460161149938558
gpt-3.5-turbo,wikipedia,c500852e-12f2-4ff5-9a7c-6bfed82eec59,17.295583705761096,3.1598516913841728,12.741272249256603,инструктивные,-1.8056120346154825,-9.778830485824214,-12.509597295617475
gpt-3.5-turbo,wp,21bef08d-74e5-44cb-9069-afb18ffdb484,20.083253542364822,3.0473375957931608,12.792898892558878,инструктивные,14.021175780801624,-12.991371542333155,-12.15509299460036
gpt-3.5-turbo,wp,223edf23-682b-49ce-9d8a-1566ba94c18b,21.72908324219442,3.756067032463274,17.760368138090477,инструктивные,23.365251286977674,7.244514470877372,21.954992420029427
gpt-3.5-turbo,wp,53e79827-c885-4e76-8914-dbd257cbfdf3,22.219171812336633,3.3818573073803173,13.98398220028228,инструктивные,26.147692632274104,-3.4400499764411276,-3.976289794372956
gpt-3.5-turbo,wp,9d005b1a-53c2-4c8e-921e-8a3228334b39,20.425213226734463,3.41479682321177,14.131945046501878,инструктивные,15.96262641275272,-2.499549620159363,-2.9602743802297975
gpt-3.5-turbo,wp,a64c1eb5-3fb8-4f45-a771-e55b4c046b54,20.69972935079224,4.223106807827617,15.896698607460086,инструктивные,17.521171255590488,20.57959436019676,9.157746230407044
gpt-3.5-turbo,wp,ae72df2b-681e-4aea-9650-b1f03da04511,19.17992575713303,3.746874937044859,17.413163454049776,инструктивные,8.89259957822941,6.982058609041649,19.57084450816441
gpt-3.5-turbo,wp,bb6f20e4-3fbd-48ac-8242-e846d6989aa6,21.166931956395715,3.1838201910176407,13.53149744447768,инструктивные,20.173679242226683,-9.09447366163279,-7.083363619378817
gpt-3.5-turbo,wp,f634a183-74c7-419f-a558-5bc99dfeb2f7,24.352668000830057,3.4161391076712513,14.61704271915011,инструктивные,38.26045829659856,-2.461224253786844,0.3707423267892998
gpt-3.5-turbo,xsum,0f4271e6-48f9-44b8-9118-3f2abcff5cfe,21.611257644302327,3.088272369360195,14.691089502585571,инструктивные,22.696305232973398,-11.82258784432422,0.8791988431399891
gpt-3.5-turbo,xsum,1838a466-0b1c-497c-bfcf-e4774d9b9288,18.818929528558087,3.1958210445070465,13.597877962570529,инструктивные,6.843070384778647,-8.75182117577888,-6.627548992232163
gpt-3.5-turbo,xsum,274aca05-b7b7-49cf-8076-8a1e40808a04,15.523353025375007,3.3194288004047023,13.452053724283507,инструктивные,-11.867319691005394,-5.2225301243928195,-7.628879242634411
gpt-3.5-turbo,xsum,35e0aeb9-088b-441e-9137-10aa4fe3fe30,16.301076111985367,2.88671660103983,13.742786669806351,инструктивные,-7.451854807283887,-17.57747728732393,-5.632505412328019
gpt-3.5-turbo,xsum,3d2ae720-d083-4d4a-988d-e85b659a96cc,18.628003043065945,3.099069257288559,13.627094010270302,инструктивные,5.759099487454271,-11.514311396202759,-6.426931367188264
gpt-3.5-turbo,xsum,41fc2260-6826-4586-ab75-c1c1f4f9cbf8,21.75391667989588,3.467759768403696,15.012073073505514,инструктивные,23.506241279432167,-0.9873334395203313,3.083294425738894
gpt-3.5-turbo,xsum,9230f456-3967-4782-b358-52c7fec24f0b,18.627198067442126,3.0573822621841935,13.280212338227148,инструктивные,5.754529298320868,-12.70457278160343,-8.808861254888118
gpt-3.5-turbo,xsum,9351f816-0aad-4c65-8f4d-7a9323393cae,23.124642821275632,3.250738346190491,16.323040311943878,инструктивные,31.28843682777344,-7.183803538130585,12.085303752548215
gpt-35,finance,07ce7c72-b01d-4d3b-b331-f00a94aab8ed,18.357008928227685,2.507680335560831,13.490474438361597,инструктивные,4.220550589569991,-28.39985077182785,-7.365056001036374
gpt-35,finance,0a97968e-dd9d-4c7e-86bf-cafb44c5f4a1,19.152112986656206,2.845704494794551,8.954454588065012,инструктивные,8.734694645903605,-18.748469014491942,-38.51251095010365
gpt-35,finance,10f8d3b3-d154-4b68-95a2-2ad15d7712c7,19.193722791166337,1.8817381298047755,9.096924509505453,инструктивные,8.970931211072006,-46.271967366912754,-37.53421376311644
gpt-35,finance,1aa3a538-9eeb-4eeb-845d-6b9f8fd3dfb7,12.54722705302852,2.4569644269492885,5.904423450177583,инструктивные,-28.764053177086268,-29.847908793153227,-59.45613787325071
gpt-35,finance,27be99c5-8a07-4d77-9bac-17d9eda54f4a,17.91825031712046,2.968146716882572,10.747030632028608,инструктивные,1.7295312626035853,-15.252456684287734,-26.203441895107638
gpt-35,finance,2efe7dc8-3ca8-4d4f-b4ab-78de2c5b9062,20.450263967290844,2.973719524907643,9.312846706491223,инструктивные,16.104850125976927,-15.093339957742996,-36.05154236284068
gpt-35,finance,2fae3093-83a4-4311-be7e-a244f30613fb,21.362331244867576,2.382437600324791,12.31164568291842,инструктивные,21.2830441452438,-31.97582431418104,-15.45971095507733
gpt-35,finance,300728ea-7a72-40ba-8e5f-a274c104e286,22.16654161770901,2.2241488871899007,12.708020744530549,инструктивные,25.848888623234682,-36.49533795428733,-12.737925164459533
gpt-35,finance,30233d7b-7809-4a5e-bc82-1c580cff16f9,18.73430469660976,2.625530883967197,10.721539762629996,инструктивные,6.36261920595712,-25.034941483806257,-26.378479865048156
gpt-35,finance,422922ef-b29b-4e9d-9f6c-fb8c2ead928c,19.950242449717013,2.827800857662438,11.590142459596413,инструктивные,13.266015211643836,-19.259659803927097,-20.414051960123793
gpt-35,finance,49c0a0bb-03e8-43e6-a253-a95676f27033,17.90006205148452,2.1211023838315843,10.178078284311326,инструктивные,1.626268739484582,-39.437557069407006,-30.110262897562336
gpt-35,finance,4a717823-6e4f-4849-9f75-c5634e4b269b,20.387334555348104,2.7559774331098272,12.664658843795223,инструктивные,15.747573077924448,-21.31038686156667,-13.03567801701179
gpt-35,finance,54924087-0959-4a7c-8379-6566e8e72e57,17.57839785300787,3.1112720276426584,11.3211205672206,инструктивные,-0.1999557833263828,-11.165893710758322,-22.261342657615025
gpt-35,finance,580c176d-0bd4-4d4e-b5bb-0d43faf65e65,18.128175388449556,3.004607384684863,11.056540195411795,инструктивные,2.9213652156192307,-14.211419188964786,-24.078134797707484
gpt-35,finance,58cdd0dc-aabd-4fd6-8e41-9a9425f0397a,17.889710805845354,3.4090422017842124,13.425246954704717,инструктивные,1.5675003135378558,-2.663857545344971,-7.812953094897384
gpt-35,finance,5f8d5d68-0b1f-43ce-acf4-987405681481,18.45456517899292,2.6632075824722397,10.897888441928693,инструктивные,4.7744189353315045,-23.959183462685683,-25.167547654638074
gpt-35,finance,607f2f65-a0f5-4aa9-98df-774bf4fbe75d,20.14436170314204,2.888047038393202,11.908740461233252,инструктивные,14.36811281104538,-17.53949018358933,-18.22633734899891
gpt-35,finance,6298be12-2767-4a90-808b-e26e69489e58,19.52794100625578,2.556529672118707,13.539458399403008,инструктивные,10.868430227925623,-27.005087756126763,-7.028698187332258
gpt-35,finance,65f8ed17-e830-44d2-a4f4-e86c74fd1fcd,18.159448590342823,3.169554929057981,9.807507844167294,инструктивные,3.09891648950913,-9.501780314959548,-32.65485627915602
gpt-35,finance,66160c80-9ea1-465a-b20a-8978ded812dd,15.3225262685625,2.4416394456727035,8.292444560988487,инструктивные,-13.007498641179163,-30.285472915965165,-43.058330451499494
gpt-35,finance,6f600d7a-a85a-4a71-9bed-a649a4ed0492,20.2442679732798,2.288494527909736,11.330192947140045,инструктивные,14.935323216717558,-34.658119145976904,-22.19904541153854
gpt-35,finance,77aebefc-b360-4bc7-8103-932b1bf448f1,16.50913059905126,2.1628895145620355,9.102773205068464,инструктивные,-6.270640957063707,-38.24443657725771,-37.49405256727251
gpt-35,finance,796258c7-8bef-47c4-bc65-e5c911f4ab57,20.68348031428089,3.1851808084670346,14.879603557463962,инструктивные,17.428918561353417,-9.05562484544296,2.173666950727033
gpt-35,finance,7a747720-7e85-411c-9544-0ee56c76995e,16.82009269929733,2.900710773986684,9.542101393848805,инструктивные,-4.505176799648638,-17.17791086049086,-34.47732084662181
gpt-35,finance,7f0e05f0-e836-4bbd-961b-f6af62101153,16.591546197788016,2.597419062634846,10.110694958262815,инструктивные,-5.8027325352125985,-25.83759985055614,-30.572963498900542
gpt-35,finance,7f6ac4f8-7c43-4c1c-9981-225e105e3839,16.007369212606775,2.7912377184916077,9.790443529454148,инструктивные,-9.119353847289396,-20.303623096918493,-32.77203168651886
gpt-35,finance,7ffe0edd-a258-4b9a-b307-cd25b8504fe1,21.358112359661597,2.726787379831374,10.315711116591526,инструктивные,21.25909173879455,-22.143831276740947,-29.165180515993878
gpt-35,finance,86432069-700c-4a80-9b5d-22fc47e22ba2,17.501439478156016,2.199644303269438,11.041346689883062,инструктивные,-0.6368812231351263,-37.19500124095062,-24.18246393307132
gpt-35,finance,8bcf824b-7cfd-4a44-96f6-6c67db3384dc,20.393434283390164,3.0450169148192843,11.91740764430865,инструктивные,15.78220382945241,-13.057632421634333,-18.166822465183177
gpt-35,finance,8c93550a-b978-438c-8b20-7b03a69b722c,18.101930115497307,2.164944030513848,9.770788554572883,инструктивные,2.77235963371036,-38.18577533297733,-32.90699636146383
gpt-35,finance,94d42957-06f7-4f39-943a-705a0e223fa7,15.780615820677106,1.9648465881151411,7.934993603551133,инструктивные,-10.406729336801911,-43.89902615396717,-45.5128363753554
gpt-35,finance,9f5f44d6-9e4b-4bb1-9ed5-3df7dc669a6e,18.45094944149223,2.6135387477263827,11.033959736741677,инструктивные,4.753890855044437,-25.377345071787836,-24.233187871187926
gpt-35,finance,a1d4eafe-f308-4fd1-9f1c-5cbd5ffb8268,20.569795197304945,2.215990753693688,11.337876989635792,инструктивные,16.783479779284004,-36.72827178060835,-22.146281452084672
gpt-35,finance,a2802dd2-a3e1-4897-8792-86c6cbc019b0,15.769553043486894,2.2480250836075757,9.644148382969115,инструктивные,-10.469537430120461,-35.81361660317886,-33.776595518864475
gpt-35,finance,a6ce2890-27ff-4158-9e2c-d3f6ee66c0dd,19.854863869597914,2.894441060371402,12.64165307908353,инструктивные,12.724510428738897,-17.356925874528407,-13.193651536435308
gpt-35,finance,a762b401-fcb6-4787-abce-dea99c01b07c,19.677460824226365,2.901784400168388,13.281481547673144,инструктивные,11.717317855200486,-17.14725631743162,-8.800145983494962
gpt-35,finance,b0c11f4d-8d73-42c9-92e9-6556b581f48a,22.56435143742126,2.6219457382031757,13.403730496951002,инструктивные,28.10742423774837,-25.13730579558417,-7.960700000921947
gpt-35,finance,b12d1897-d660-4939-b8c8-9adc2a779954,17.159990080142318,2.651862521682844,9.924203612297068,инструктивные,-2.5754347423167774,-24.283111530392027,-31.85354228571498
gpt-35,finance,b730fe60-0561-482f-a032-cc401f3c9ebf,18.628145177779388,2.8323803278903625,9.867943708115927,инструктивные,5.7599064467007794,-19.128905198941908,-32.23986176595411
gpt-35,finance,bd23ce80-b64d-4b1a-bc94-3412e20da978,19.161670141007797,2.7893627965681524,11.67873775803732,инструктивные,8.788954677725053,-20.357156510889517,-19.805695260206154
gpt-35,finance,bfa30f78-0654-4fe6-b786-6e91106e4bb4,19.00034405311554,2.4470960827459747,11.38879427916416,инструктивные,7.87303783253912,-30.129673142289942,-21.796648065535503
gpt-35,finance,cfea1b25-0b2a-4c0d-9c31-a90e327d451e,16.396642661316232,2.574404160509011,9.458866022065845,инструктивные,-6.909282843182889,-26.494729231567547,-35.048872576627815
gpt-35,finance,dbf9d7d0-b4e7-41be-bba1-2a04e3d163c1,19.10419579137532,2.805471304462704,12.57927107879949,инструктивные,8.462648339535985,-19.89722086728399,-13.622009570043298
gpt-35,finance,e99c25cd-1c55-4761-be94-a3623c5424f0,21.23675672763879,2.470845573149576,11.73378159814625,инструктивные,20.570104179001326,-29.45156954476319,-19.42772611840347
gpt-35,finance,ea7142a1-870f-49f8-8fb9-c303c87454d2,20.690958971556775,2.877531278638674,12.207624800995005,инструктивные,17.471378080875954,-17.839739763647316,-16.17399039837827
gpt-35,finance,ef526046-a7f1-42c2-948b-7f022118b956,16.345947226955523,2.6191597829213564,7.274963872937512,инструктивные,-7.1971023949469,-25.21685134654318,-50.04505778924286
gpt-35,finance,fa1ff0c2-7fb4-4df1-adf0-4c16454062d4,17.506631749495035,3.2760961527161454,10.0758873817475,инструктивные,-0.6074024894329833,-6.45977874693649,-30.811976434729328
gpt-35,finance,fb6234c5-a295-489b-b38c-660e1d846a0e,19.519491168645548,2.4211784025476843,11.764216954227685,инструктивные,10.820456904407939,-30.869683638655943,-19.218735877246708
gpt-35,finance,fec506fb-00bc-45ea-a6da-d6f3cfc9fd04,17.74352785258513,2.7226551224926228,10.268022716374729,инструктивные,0.7375574870590614,-22.261816905893177,-29.492642111482414
gpt-35,finance,ff00de15-c862-4530-bd8c-0ce062051958,16.76071717024188,2.733237749244744,9.621292401021645,инструктивные,-4.842276942373446,-21.95965811638045,-33.933540526055964
gpt-35,medicine,04a6066c-15dd-47ab-a3be-cd75b33e2c3a,18.173112741204932,2.7862541742560856,14.06927594633944,инструктивные,3.1764936880470747,-20.445914961590624,-3.39060384051214
gpt-35,medicine,07afef24-bcda-4c2c-9e3f-113e0e3c6b1c,18.90159912003557,2.92838618478623,12.9979456045913,инструктивные,7.312420831492733,-16.387713036989055,-10.74710020879572
gpt-35,medicine,08cb5972-f8f8-4b25-91b4-042def04321d,17.025983197559057,2.751775787407291,11.191615341963812,инструктивные,-3.336248834646563,-21.430353691086125,-23.150615258371136
gpt-35,medicine,0b83d554-01aa-4025-9398-e893a20bb886,16.336540743774318,2.559326076932369,12.151661972778644,инструктивные,-7.250507002423517,-26.92524384654975,-16.55826994922228
gpt-35,medicine,0e9ee82d-ef4b-4637-a142-e4d75f792fbf,16.479153551998728,2.7800632547003343,13.11525258998616,инструктивные,-6.440833408409106,-20.62268022060928,-9.941589174147495
gpt-35,medicine,0fdda266-1e16-43e2-8dd8-cebf8a663d07,17.3871602734511,2.6614999219134963,12.941489106523084,инструктивные,-1.285692894026122,-24.007941172790602,-11.134769638868178
gpt-35,medicine,76671638-2060-471c-93c8-c3c0a209533c,18.25155159357631,2.3332642134212116,10.534008752488871,инструктивные,3.6218244286770624,-33.37983972652167,-27.666197706393547
gpt-35,medicine,812143b2-eaa0-4a22-ace6-69b72cc8d04c,16.75554559705641,2.788572977439652,11.131228659053644,инструктивные,-4.871638163850814,-20.37970769760257,-23.56527206048921
gpt-35,medicine,8db6de05-b25d-42b8-8f60-424f335d9497,18.875403138937894,3.098381793850114,12.974954475201011,инструктивные,7.16369510041595,-11.533940088139113,-10.904973231962794
gpt-35,medicine,9824cbf7-5670-4914-b6f5-ff3b6a5b793a,17.647624387501818,2.538352241747301,12.80944440637919,инструктивные,0.19307270887381833,-27.52409598405798,-12.041480033604678
gpt-35,medicine,99ed5fd6-50d9-4e52-a1cb-db646cc62a40,17.078126298916835,2.7052873972145703,11.49634826907047,инструктивные,-3.0402102613581383,-22.757706156220745,-21.05810785500706
gpt-35,medicine,a255c4bb-7aa2-460e-9bf8-da90e1c6e673,15.474371853791403,2.553892444715012,10.52836255906818,инструктивные,-12.145406643565275,-27.080386777686837,-27.704968382230255
gpt-35,reddit_eli5,02ea4eef-95d5-49f9-a895-8439c1266307,19.18204491329754,2.6730304342001547,11.995738011879176,инструктивные,8.90463092947589,-23.678718030313245,-17.628951892397364
gpt-35,reddit_eli5,057d47e5-fb18-479c-8fdc-c9a2dfc0ac9c,12.252070167099625,2.2248073628354517,6.7508309955201025,инструктивные,-30.439784407706867,-36.47653693175826,-53.64411725667802
gpt-35,reddit_eli5,1b5d23d3-219f-4f2c-b008-9ba2c977970b,14.480476912818666,2.221689396862232,8.883090670579108,инструктивные,-17.788171125587436,-36.56556216587805,-39.0025450500946
gpt-35,reddit_eli5,1bcb99c9-2bc2-476a-8ac7-4a2105eceff0,20.764146693645035,2.3754546021154757,10.890698836618013,инструктивные,17.88689592053369,-32.17520527464753,-25.21691646582203
gpt-35,reddit_eli5,2e559b7e-2773-4b4d-82ef-e85f16589bc0,19.22313320303873,2.7105834220519753,13.220927164126474,инструктивные,9.137906633396591,-22.60649223820376,-9.21595433437004
gpt-35,reddit_eli5,2e9e0d8f-c3af-4a3d-8d0c-4ac00c24158f,14.321797856693276,2.6853793418731517,7.471912869259086,инструктивные,-18.689059645121322,-23.326127782005635,-48.692669529789114
gpt-35,reddit_eli5,3bbe6967-a615-4146-97d5-5265d40ef6ee,21.10418207490608,2.524452114483346,12.403354375449975,инструктивные,19.817421464946662,-27.920977186289512,-14.829975534303614
gpt-35,reddit_eli5,430e75f6-93b4-48fb-af3c-375ef1a67109,17.382926664235317,2.9339895632596713,11.786029398243766,инструктивные,-1.3097288949440966,-16.227723452514926,-19.068956524478768
gpt-35,reddit_eli5,54f9de41-3e32-46d2-bd6c-8ad620879a56,15.871340725749269,2.6539769222158696,9.783372642586876,инструктивные,-9.891645447276334,-24.222740441004788,-32.820585294619555
gpt-35,reddit_eli5,57a44ba6-7d0b-4951-8d2e-22ba3a44fa5f,18.49860071626379,2.3951430863002607,10.075224928361626,инструктивные,5.024427417531493,-31.613052919853136,-30.816525298639384
gpt-35,reddit_eli5,5be6295b-da63-4f33-952a-9af25b99f1c2,21.445914031902884,2.4802602843638932,10.835791484829766,инструктивные,21.757579191704203,-29.182757480352077,-25.59394838425272
gpt-35,reddit_eli5,5c5a184a-3d7c-4f33-a685-0266edeeeb68,19.16118251169853,2.6695336803149017,12.40648522985585,инструктивные,8.786186198650167,-23.778558546844756,-14.808476918826283
gpt-35,reddit_eli5,5dc49375-17a8-460e-a197-9022455b219c,18.40777788196571,2.463613929446546,11.449424810723231,инструктивные,4.508787542121511,-29.65804991666678,-21.380316829650212
gpt-35,reddit_eli5,61f2ce4c-ea56-4644-9711-d34c45c40d05,13.682834521020204,2.6085579350589296,9.52042782762627,инструктивные,-22.316726380522596,-25.519558943791367,-34.62614656824159
gpt-35,reddit_eli5,6342b892-a0f7-4775-be8c-0c49d2ab5fcf,18.419411319568685,2.772188391141115,12.28800265989882,инструктивные,4.574835517419218,-20.847526026510415,-15.62206033154988
gpt-35,reddit_eli5,6573e4ff-58dc-4033-b457-c65874b6f556,15.964713335769275,2.3408567732079315,8.68696465706702,инструктивные,-9.361529410163863,-33.16305435478035,-40.34928213939735
gpt-35,reddit_eli5,71e23619-28df-484a-9b31-a6743e709367,16.292792303046213,2.725637169944082,11.183579044850507,инструктивные,-7.498885515390691,-22.176672464035036,-23.20579804207911
gpt-35,reddit_eli5,76c40139-5380-46d2-a575-c41115a40b24,18.79897204742897,2.444247278564156,12.342466476285034,инструктивные,6.729763272503984,-30.211013176602748,-15.248074034480888
gpt-35,reddit_eli5,835132a1-9ad5-4fd3-a21b-b7bee8cb9ad4,17.087353819058276,2.4890249295700286,9.679475884814602,инструктивные,-2.9878217032070093,-28.932506323618846,-33.53401241550274
gpt-35,reddit_eli5,898a7d60-6ad0-49a4-af0c-835a5794de4f,20.55781049813897,2.986596336236498,10.898475543276785,инструктивные,16.715437542631413,-14.725676823150199,-25.163516210025005
gpt-35,reddit_eli5,8d213972-9868-42b7-ace1-b9eacbdcdb9d,18.772434446179467,2.9219004673940767,11.69036140722264,инструктивные,6.579098018465973,-16.57289546496629,-19.725879231773234
gpt-35,reddit_eli5,b022206f-a6c2-44b9-8be4-7aed799dc557,20.115741939863156,2.8240461247830284,13.306071847198243,инструктивные,14.205626237206998,-19.366866225202283,-8.63129195024111
gpt-35,reddit_eli5,c4dbc04a-fdb6-4bf1-b092-db4170bcbe15,16.889937551939425,2.339876972755646,9.85391659001012,инструктивные,-4.108637852227134,-33.19102995342529,-32.3361816771726
gpt-35,reddit_eli5,ce2b0dd8-c29e-4217-98df-f752beadbcf2,15.485511111391077,2.168006243602675,9.97935176590294,инструктивные,-12.082164338419812,-38.09834197433936,-31.474856855171545
gpt-35,reddit_eli5,dcf6f80b-52ba-43ed-89aa-383a989c7111,18.952240192591677,2.4045808604813663,9.69372331658136,инструктивные,7.599931748161086,-31.343582353702278,-33.43617967804988
gpt-35,reddit_eli5,e96bac86-2bf6-490f-90da-fcb1de1d5df2,21.466171928976443,2.473477738196603,11.831962945288929,инструктивные,21.872591893122387,-29.376415065347395,-18.75354496666856
gpt-35,wiki_csai,073bde73-aecf-4802-8c7f-52399a4abdfe,15.470421226107938,2.578923874470296,9.1044089332982,инструктивные,-12.167836037915684,-26.365680808007504,-37.48282052397771
gpt-35,wiki_csai,26c08932-de58-4fd7-9d1c-ae7b0aac90d1,14.677534340157134,1.987946364183992,8.42715378066696,инструктивные,-16.669392262686802,-43.23947342301784,-42.1333236195993
gpt-35,wiki_csai,460d67c5-9d54-41be-acd6-52f06b27bb91,19.48727665286287,2.7089042607072957,9.66670677349408,инструктивные,10.637561391038968,-22.654436228971765,-33.62169398055796
gpt-35,wiki_csai,491920e0-d768-4c98-be5a-c254e2b20e1f,16.069121176028155,2.160703323711316,12.166463965494971,инструктивные,-8.768761675496815,-38.3068574484242,-16.45662921207734
gpt-35,wiki_csai,717e1dc4-7a7a-4914-90a0-94a744a7b97f,14.84390291431356,1.8970477986596064,6.6516724435905985,инструктивные,-15.724847077402174,-45.83484044961983,-54.3250085735088
gpt-35,wiki_csai,78b3e239-aba6-4296-a727-ffa8b4da15dc,12.656158026615422,2.339183481556187,7.77869335539677,инструктивные,-28.14560568992361,-33.210830752062,-46.586102167522895
gpt-35,wiki_csai,abed78a4-4b5b-437c-b05c-b80ebcd69eda,18.082976656745515,2.6876011536552755,9.935722288839475,инструктивные,2.664752783683123,-23.262689849785538,-31.774447072175732
gpt-35,wiki_csai,bdd72cd0-99ba-455d-b246-e4842f5189dd,16.516083054057226,2.9753257674891196,11.46910501111965,инструктивные,-6.231168911726478,-15.047477968517548,-21.24517893884138
gpt-35,wiki_csai,cef80b27-880c-45e0-a3cb-e6f1b890f5e4,18.869007559655863,2.710542995497068,10.626220453094376,инструктивные,7.127384675514013,-22.607646511068243,-27.03300828368874
gpt-35,wiki_csai,e045de83-6935-44a1-9ead-f2b9ed327d5f,14.900041305895602,2.8617575782120035,7.736902915610938,инструктивные,-15.406125541515326,-18.29011586957053,-46.87306428045232
gpt-35,wiki_csai,e1c4016d-06e0-4c96-aa2b-d9b6bffee078,15.239473157525648,1.8911116781808857,8.76041530671682,инструктивные,-13.479026491619292,-46.00433059797949,-39.84491909063396
gpt-35,wiki_csai,e63e9b28-0eda-48ab-aace-dab76a94551a,15.967387678454037,2.733784462562153,8.656014426764425,инструктивные,-9.346346028810139,-21.944048170185788,-40.56180786367307
gpt-35,wiki_csai,ef2c3a97-8ecf-4cf1-9f85-cffc30e52e0f,18.61745163836467,2.8383953555489887,11.034381286200595,инструктивные,5.699194673344318,-18.957162065711614,-24.23029322054401
gpt-35,wiki_csai,f779e091-02af-4f21-ad2e-37c182c5b0b0,16.13926128993739,2.3021730611891704,7.995979340266993,инструктивные,-8.370546404228136,-34.26756497121165,-45.09406605476945
gpt4,peerread,1a4e24b0-fd4b-4813-86c1-d11b61c3afd7,17.825136722643858,2.883043466668396,13.371251566803602,инструктивные,1.2008857669420911,-17.682353880006143,-8.183722837449857
gpt4,peerread,1c60ef0b-e7cd-4839-a782-0d4b9559888d,18.560996643783092,2.310376515034856,11.911520172506822,инструктивные,5.378675647514583,-34.03333714272483,-18.20724992554787
gpt4,peerread,3f0d75ee-14fc-4ec4-9f24-2072c7b18c47,18.667173814212205,2.755662357875139,13.701259803619498,инструктивные,5.981488622407719,-21.319382997757504,-5.917657646317114
gpt4,peerread,4218fc03-5d19-465d-8696-f5792a86fe4c,15.729214840377551,2.4303268501716047,9.731240552803795,инструктивные,-10.698554573070423,-30.608474023622488,-33.17856034135862
gpt4,peerread,5cee4610-a9a4-4f0a-9341-c9783ab1d4f5,17.275866759457372,2.3271140842540703,11.45336955099339,инструктивные,-1.9175535283388563,-33.55544032437115,-21.353229509950207
gpt4,peerread,5d31754a-d6b8-40dc-a0a6-1ca4705aa91a,20.050270425369717,2.943036972879554,11.64475334857498,инструктивные,13.83391659131002,-15.969398709234946,-20.03905576074049
gpt4,peerread,7b9dd3c7-d5b5-4e18-823a-15a505e45d9d,20.043703909355685,2.656692948826771,12.749363135092583,инструктивные,13.796635685846963,-24.145191517447618,-12.454039667919318
gpt4,peerread,8f70c5e2-cac3-465e-a0de-f76cf72ccc4c,18.81075739690909,2.6223700267964816,11.11460789220312,инструктивные,6.796673716166731,-25.125191362111245,-23.679401760927316
gpt4,peerread,a278e4d6-1d5c-49dd-8b6d-836b6ccb0f5c,18.72787228349919,2.8299302273229108,11.318340766716371,инструктивные,6.326099659737785,-19.19886131087766,-22.280430693785586
gpt4,peerread,cdfda94c-de4a-4860-92e9-a668eb612519,17.529485868726812,2.470170475062798,11.964185725492062,инструктивные,-0.47764993013053225,-29.470845176936677,-17.84561175086744
gpt4,peerread,fce5ef5b-209a-4a86-a0f2-438e6740334c,17.29219961223344,2.4387951206846457,11.271930224979032,инструктивные,-1.8248249735031845,-30.366685058801075,-22.599117627624963
gpt4,reddit,4b50475e-d90f-4c11-a4bd-dc970c782903,17.02848660537034,2.912344263189488,12.837766852594802,инструктивные,-3.3220359233023364,-16.845747485776357,-11.846998495458312
gpt4,reddit,5881435d-6c91-4a45-8978-335ec11ab67d,16.42559495626531,3.5590179122780796,12.205691937839909,инструктивные,-6.744908345560637,1.6183003914881033,-16.187262775932375
gpt4,reddit,5a9775f2-5cae-46b9-bb75-027c990eebc0,18.48010058006564,3.377121766600992,12.306566742587869,инструктивные,4.919394272529931,-3.575260761351625,-15.494586478191394
gpt4,reddit,9ccd94a8-b9ad-42e4-828f-7f25872ff445,18.742680495588232,3.0774513084371415,14.386967399953074,инструктивные,6.410172180658866,-12.131554488082855,-1.2091142161915243
gpt4,reddit,e20908b9-b81b-4bfb-94ed-b3bbdfa828b8,17.221742339128465,3.221769388223994,12.305232363449772,инструктивные,-2.2248408924772507,-8.010935164108725,-15.503749249841553
gpt4,wikihow,24fd37b4-89df-45f8-b301-a600f499992d,20.82238157100504,2.6180784054496966,12.551062596165096,инструктивные,18.21752009823635,-25.247727207092414,-13.815708555284486
gpt4,wikihow,7e9a74e9-0b48-4beb-8d18-61f3ef897655,19.657799544322476,3.2627084157798225,15.611354531341991,инструктивные,11.605692403315015,-6.842030004752352,7.198376110964009
gpt4,wikihow,860b4022-168b-4866-b7fb-e6b1005a4f37,14.500583337847283,2.78424552697632,13.171692337430812,инструктивные,-17.674018395419715,-20.503266547810963,-9.554034765461623
gpt4,wikihow,9c30da9f-0cf7-42b7-82b4-fcb67d36343a,17.51611424042926,2.835014266399681,11.279226367022122,инструктивные,-0.5535663536011882,-19.053700083022353,-22.549017261425224
gpt4,wikihow,af902554-2de6-4503-a506-6cb4bf892854,17.66486105241011,3.344238947686042,12.21109590676252,инструктивные,0.2909325897560356,-4.51414228782291,-16.150155381318093
gpt4,wikihow,b4fe7156-5792-4c39-9d72-6eff535ae1ae,17.20977243375291,3.7313215143794354,15.727624462039731,инструктивные,-2.2927991384868744,6.537971949326262,7.996766009566911
gpt4,wikihow,b8b53113-e0c4-437d-914b-e88937e06189,11.990775756345537,2.9048032531305976,12.914846674704496,инструктивные,-31.92326395828295,-17.061060992003995,-11.317715034212696
gpt4,wikihow,bb7ab3ba-7633-4b4f-a07b-3a115a0a99e7,17.052984442808047,3.054738662790303,14.31241242847896,инструктивные,-3.182951276343018,-12.780053738413551,-1.7210603036997483
gpt4,wikihow,d5329676-31e4-450a-9df1-3902becbdfb0,19.889724966045502,2.8109057835438125,14.861000303102514,инструктивные,12.922431706662172,-19.74205375620254,2.045924117526831
gpt4,wikihow,f1a03fd7-edfc-40a9-b56a-d9e5ffe29a84,16.571451454506096,3.43638349870731,13.041906437287512,инструктивные,-5.916818943133737,-1.8831994558649467,-10.44523467444643
gpt4,wikipedia,259abdda-a189-4ec4-8fbd-716ac79c76f0,16.45745758078845,2.8033414174687663,9.721893389545828,инструктивные,-6.564010668601729,-19.958034131415996,-33.24274444021349
gpt4,wikipedia,31b34ae5-1d41-4ad7-8f13-4de354a4103c,16.65892066371147,3.079604984533448,11.31537101132046,инструктивные,-5.420219024341931,-12.070061989338912,-22.30082309184748
gpt4,wikipedia,54aa888d-3702-46c6-9dcb-eb9c52b93d04,16.806186106318822,2.715727710829998,11.32479200816171,инструктивные,-4.584130445240455,-22.459610740208973,-22.236132000456212
gpt4,wikipedia,5709e3ed-7c0c-4c41-b6c0-fef4d61f201b,16.70344586770945,3.095409232943893,11.218524785941176,инструктивные,-5.16743049577904,-11.618813666903147,-22.965836372552424
gpt4,wikipedia,68c9c2ff-8e9f-4b9f-8e56-36c04a80fc72,20.518682079309272,3.268954822262796,14.860767524238112,инструктивные,16.49328885979999,-6.6636804639522484,2.044325696569391
gpt4,wikipedia,8c74451d-3134-479e-a3cc-8538f4c5858c,19.11156259675788,3.0518002777613766,13.558430286612708,инструктивные,8.504472828267152,-12.863951515804667,-6.8984240655988005
gpt4,wikipedia,969e0664-4812-4f50-93bb-949acd979881,19.284569777062764,3.3399404576595253,14.597248540596746,инструктивные,9.4867082053823,-4.636874249704155,0.2348217829882481
gpt4,wikipedia,9ed9d429-e437-493c-aa7b-6ac6d695f37a,18.845706053970957,3.091544505029088,12.814395057082695,инструктивные,6.995092112954296,-11.729160704163952,-12.007485435951873
gpt4,wikipedia,c878163b-dc15-4bdd-a4db-b0d18b78dc1c,18.199113619110303,2.8398960267694235,13.243270006731224,инструктивные,3.3241117352847738,-18.914314386204037,-9.062532897420185
gpt4,wikipedia,d089d2a5-783f-4f31-89c2-6e6746cb92cf,16.100838479505498,2.930530440948292,11.37046305362102,инструктивные,-8.588689047948971,-16.326489499439266,-21.922522960401498
gpt4,wikipedia,f63467f0-a490-4338-a043-9a372c17fa01,15.723264628039166,3.484701044979446,12.996909147118284,инструктивные,-10.732336460329723,-0.503620298838792,-10.754217243886572
gpt4,wikipedia,fc541b46-b4ac-41cb-950d-888280588896,19.48278730662384,2.7284069916125753,12.25638404216566,инструктивные,10.612073462223973,-22.09758756553851,-15.839175666997763
gpt4o,outfox,b23e744c-2932-4fc6-be4b-caf85638ad94,20.08345839047408,3.0726509532555033,14.494463465358251,инструктивные,14.022338790680722,-12.268615876043476,-0.47097175541926056
gpt4o,outfox,d6a7acd8-cd01-40bf-b989-18d2b8033613,19.112860928505896,4.075142490266828,15.511474195145828,инструктивные,8.511844010040557,16.354866404419337,6.512528523289923
gpt4o,outfox,de8c0503-7c78-46c0-91ad-0e094218a0e2,21.9688105861877,3.295663292015266,16.293618934213608,инструктивные,24.726285422769593,-5.901091072946282,11.88327618925765
gpt4o,peerread,4a66a507-1fa2-4217-bd0b-7efe03a35b58,18.462105076298233,2.594099085036057,15.131082729877717,инструктивные,4.817226140558729,-25.93239298991149,3.9004971789664395
gpt4o,peerread,7d7c3471-f891-45f4-997e-ae7e9e21a39b,16.346319481423997,2.894509894655036,14.559268232935503,инструктивные,-7.194988947935165,-17.354960494447734,-0.025977323028217102
gpt4o,peerread,85a0081a-69a4-4be1-8430-628fd90e8060,19.986525317074477,2.553154755030443,15.992650787940695,инструктивные,13.472008487985743,-27.101449546633187,9.816620379423195
gpt4o,peerread,93afeaab-d738-4b41-b5d6-ccba1c1daf5f,15.78474338130897,2.539777580139605,11.784823878999276,инструктивные,-10.383295418818502,-27.48339923330294,-19.077234454822378
gpt4o,peerread,9f3d0e8d-3512-42f4-9cc5-16e945b4187d,20.5683530479857,2.755206224478365,15.841535877443778,инструктивные,16.77529208396437,-21.332406674983755,8.778960708130686
gpt4o,peerread,a00c1e95-cfb0-4173-a0aa-ceaaa9710e58,18.081228704248435,3.0658461864535584,14.649298160339262,инструктивные,2.6548289136037226,-12.462907912222482,0.5922305332916835
gpt4o,peerread,ce81f2a9-292a-4890-a45a-2b0e531f2ebc,18.841418351008073,2.811668367445632,15.425110392286763,инструктивные,6.970748998817158,-19.720280199025016,5.919494818067718
gpt4o,reddit,093e03b1-cb96-43d9-81a8-b18029e8272d,20.35922407294655,3.0278018949204912,14.53103952606236,инструктивные,15.587977908325575,-13.549161575586036,-0.2198151819044681
gpt4o,reddit,190c941b-f9ed-47b0-96b6-7f338746c387,23.195201789714176,2.933923785903153,14.57038848391922,инструктивные,31.68903011442753,-16.22960155016388,0.05038202458685369
gpt4o,reddit,2952bff2-668f-464d-b8de-d68ba35f30d2,13.32711884065596,2.7617213550164608,10.329330061125438,инструктивные,-24.336275654908903,-21.14638443277307,-29.07166340731189
gpt4o,reddit,29b2f4c6-4bb2-4e86-a3b9-0f7c27b28938,15.869122286714036,3.176433302086635,11.148883861489349,инструктивные,-9.90424046962476,-9.305386648544117,-23.44403920864293
gpt4o,reddit,4d53c92b-ee0d-42e9-a473-7fca65a5a780,23.575931076481695,3.3666023512298127,18.4272939983964,инструктивные,33.85059227565028,-3.875614717830336,26.53456743817853
gpt4o,reddit,584845e1-6574-4254-a582-38d6cd33cba9,21.066159589588512,2.7253739906288628,14.389798958458972,инструктивные,19.60155163723811,-22.18418685012972,-1.189670773722387
gpt4o,reddit,6fe5a608-f061-4a62-be02-188a4d1902b0,19.263157244271625,3.237565397511597,13.668472390518804,инструктивные,9.365140145698124,-7.559922087934871,-6.142798740526292
gpt4o,reddit,aadc6730-59f9-4de2-a87f-f256df885040,15.79641782243768,3.2324204820577114,11.246054109651537,инструктивные,-10.317014649058201,-7.706821478993882,-22.776800963020275
gpt4o,reddit,c01fe0dd-bab4-423d-8f38-75c2a03a2f6d,16.689111126617174,3.461618250243857,15.614709583721268,инструктивные,-5.248814920389673,-1.162688172935209,7.2214142250561375
gpt4o,reddit,ea34205b-c175-4b27-9885-c6bfe1cdf1f2,20.0315731453641,2.9316199042047697,15.214978273503188,инструктивные,13.72776417702882,-16.295382770788,4.476582106225088
gpt4o,reddit,f469141f-6c97-4542-bb7c-a52b797eca9f,21.349312159500684,2.7815153672758477,15.048964676318704,инструктивные,21.209129257997454,-20.58121900419008,3.3366177299893365
gpt4o,wikihow,0ecaba8c-3725-4450-8e8b-a7b1fb0d45b0,20.71479652806063,3.301004266275432,16.39769729469318,инструктивные,17.606714032024385,-5.748593743590225,12.5979503201476
gpt4o,wikihow,1f87f0e0-69c2-429a-b17d-54dc0038fe70,13.630096019570283,3.424518171828891,13.528485668424304,инструктивные,-22.61614529347675,-2.221982339428066,-7.104044560387718
gpt4o,wikihow,39b456a7-7a7c-438c-b05b-ed3e5c2d6b69,14.605739983417648,3.039138107104257,13.033957834382289,инструктивные,-17.076999374382844,-13.225486156303251,-10.499815288965188
gpt4o,wikihow,8edd2345-2ce9-4b46-97e7-365dee4a0b4f,14.167953527421677,2.7082104700013003,13.165645019409387,инструктивные,-19.56249936313083,-22.674245579221854,-9.595559840715142
gpt4o,wikihow,b97a9622-79de-4995-ae45-8b2f9e5bb30e,19.181808048807323,3.760676480210221,17.600776925611484,инструктивные,8.903286148979136,7.3761250042698,20.859128586754654
gpt4o,wikihow,c2364a38-f101-436e-9710-6c779731bd98,16.98928953880979,2.4592540757819057,14.628376820284377,инструктивные,-3.544574348511405,-29.782533954195202,0.44857011769825456
gpt4o,wikihow,d5b6e164-5fd9-4ee8-93b0-24ce2622e964,16.073190370883538,2.609220206614616,10.410613334818636,инструктивные,-8.745659124861122,-25.500649539133878,-28.513516135247798
gpt4o,wikipedia,2cb9ce89-1a97-44ea-9713-deda45faeee8,16.64692321643091,3.0614790055801007,14.432615868446874,инструктивные,-5.488333637465347,-12.587601158730738,-0.8956602052238275
gpt4o,wikipedia,46598e35-1a5d-4078-ab03-2abf7eb51691,18.017504395520337,3.165273348775487,13.371565728899284,инструктивные,2.293038898272325,-9.624029464028382,-8.181565582842314
gpt4o,wikipedia,4e2af1fa-8f74-4fb7-80bd-d498cb98b373,16.567013679560123,3.422668960638694,13.207861006961698,инструктивные,-5.9420140797744745,-2.274781651722745,-9.305675621991979
gpt4o,wikipedia,91efb013-21af-471f-a200-17699940e08e,19.22249546443705,3.9244917147736382,16.103445570561256,инструктивные,9.134285919997179,12.053433780137166,10.577414118022018
gpt_j,cmv,54b06e35-2dd7-4f65-b5a6-4b5b488e1c23,21.176548084353595,4.624882350326553,21.909833014761553,базовые,20.228274092304297,32.05122748313227,50.448093106173616
gpt_j,cmv,960f7c8f-b36d-4142-b8c7-8614cd44865e,22.28177578046738,6.555328872306689,22.79913400821185,базовые,26.503121997329625,87.16999883955852,56.55464985500329
gpt_j,eli5,f8ee14a4-7172-4fe8-b63f-1df737f9d9d8,23.47045035945237,4.389381422744298,21.603032648538417,базовые,33.251733363048544,25.32712420762794,48.34138923346732
gpt_j,hswag,ac8e849e-025d-475d-8776-89ec3492e2e0,22.0581961249672,5.078488862845584,20.7576704298598,базовые,25.233765159951606,45.002756243264194,42.53654655399489
gpt_j,hswag,da02bb91-6111-4c86-81ad-7c557d68e369,20.60299682680826,5.5208085651902925,24.58038863738706,базовые,16.971979557261744,57.63202012723484,68.78597823233055
gpt_j,hswag,e1a94910-29f0-4a0b-91e4-31c6a5ecfdfe,25.108574706355988,6.025126532768732,23.59549381068407,базовые,42.552062302037506,72.03147974934376,62.02300799482264
gpt_j,hswag,e2d59039-637a-46f9-8b61-500210bdbb52,18.608889626232106,5.268549362607764,20.444656392738572,базовые,5.650584487333115,50.42942883481268,40.387175311930854
gpt_j,hswag,e51da467-8cf6-4439-8e5f-2ef928a467d2,17.552840947365546,6.003990503962027,20.574674935965064,базовые,-0.3450532111166524,71.42799660390826,41.27997270950522
gpt_j,roct,37448bd3-9f3d-4506-b6ab-5eb5eba1e6ec,16.016293374304187,4.540500795290086,17.79596489348426,базовые,-9.068687584103982,29.641936375713247,22.1994244047987
gpt_j,roct,6179161f-89d1-418b-89d3-105226143f76,18.28938312611715,4.370534399464818,19.064237036237092,базовые,3.8366101362217657,24.788997533274184,30.90825962450523
gpt_j,roct,9d7d7d4f-8ae9-4a9e-a9dd-0c4120cc3d3c,17.86849859163397,4.881075049754794,19.7634755802878,базовые,1.4470695476664643,39.366129326922454,35.709715916202626
gpt_j,roct,f3532d59-2953-444a-96a0-f2b8560b778b,19.046159115835295,6.111219117065099,20.20928732962521,базовые,8.133149437900173,74.48962475117881,38.77096825559526
gpt_j,roct,fa102c19-510a-4f67-9cd6-04a4d488faee,19.924521119738145,3.681279885196783,17.865217071355435,базовые,13.11998427693249,5.109166185573502,22.674957837534045
gpt_j,sci_gen,36075dec-be85-4afb-8234-7fc06d8bc32b,27.528229105378443,5.122211094913637,25.03465826893616,базовые,56.28946988780276,46.251128412662425,71.90530825080033
gpt_j,sci_gen,7c3a1e4c-bace-4413-96d4-847f004ddd8e,14.651357473957226,3.4563057883300266,14.725739146938317,базовые,-16.818009470355573,-1.3143714079972093,1.1171273073215935
gpt_j,sci_gen,e73e9fbe-0961-4502-bef3-497c8822730e,20.099798176170896,5.817516113340945,18.87539587726508,базовые,14.115106706657436,66.10371583081047,29.611545393586297
gpt_j,sci_gen,fdd96c9e-b4e8-4f8a-80e3-30e69897bc2f,13.003980800016157,2.460988744144676,11.889156441168724,базовые,-26.17086780679966,-29.733005108004374,-18.360814799013074
gpt_j,squad,1c4663ec-8c70-4940-9b35-7f8a72ffb507,21.492188274020428,5.42517053873088,19.96415138023045,базовые,22.02029775388726,54.90133038609192,37.087694991332356
gpt_j,squad,2f0a4810-371a-40c0-82a1-e797801c107c,20.82525503873008,5.349375011002878,20.78183629854383,базовые,18.233833997171416,52.73719047591501,42.702486151038684
gpt_j,squad,6ae6f638-fa27-4dc9-9a6f-8e21ea3c43f5,13.568765634315133,4.132681559661463,14.727344137321424,базовые,-22.964343986638216,17.99774165318371,1.1281482832655718
gpt_j,squad,9ae59839-bb25-4d23-b301-8f84554e0f6a,19.819157817888613,5.120058551373773,20.10033110683712,базовые,12.521791980266567,46.18966825105855,38.022799342601935
gpt_j,tldr,79781408-8a50-4a48-ba2a-8b754c15a790,23.540334115693685,4.879212504238408,22.816654557644696,базовые,33.64849318275629,39.31294928837194,56.67495808604129
gpt_j,tldr,87e27bfa-5485-4e21-b3e6-db210029a2b6,22.211606622241867,4.827365321750909,22.40281613841255,базовые,26.10474182911908,37.83259074724433,53.833256782996145
gpt_j,tldr,c1a2d99b-7e4e-4716-9055-343e4a228d5f,22.014053631995232,6.060699447251922,20.84470743711888,базовые,24.98314944472686,73.04716980734624,43.13420294703881
gpt_j,tldr,dc38b9dc-95c4-4b28-8a79-e2315c4f593c,22.599807809789876,5.071858810918636,21.542434256848004,базовые,28.308725150365127,44.813452726133946,47.925278692187476
gpt_j,wp,31461751-a1e7-4679-8379-71b0a74b60e2,18.6753530028907,4.2788588211869945,19.979798818049986,базовые,6.027925356778848,22.171444971973294,37.19514114029936
gpt_j,wp,3f4a2144-bde7-46d0-a47c-f223e4ef488e,18.956954727569197,4.022839288068476,20.48846541171116,базовые,7.626698169262259,14.86148743206491,40.687998388073765
gpt_j,wp,a5b22786-b1c8-4141-8ac8-a4c9ed082211,18.72324042246188,5.198048132246042,20.064505826364034,базовые,6.299802613772928,48.416453519304554,37.77679814631083
gpt_j,wp,a9c392f4-b994-427d-9148-eda1a5f7d52b,18.49436974768531,4.950143823052626,21.131072367617406,базовые,5.00040640863509,41.338204636922256,45.10058295992883
gpt_j,xsum,c1fc3f6b-fe7f-490c-b958-936fa21eb9d4,16.691035602803815,5.908180276036736,18.591303410813047,базовые,-5.237888850213838,68.69239010743598,27.66076969325387
gpt_j,yelp,557e4bdf-197e-4c98-87ae-ca8db8c82428,22.839462375044786,5.730272929632704,21.185588703321223,базовые,29.669346090291977,63.61271851984187,45.47492989101905
gpt_j,yelp,752cca0d-c70c-4e6c-bb57-71197d620630,22.04300551590846,6.083379822899274,20.819130476871315,базовые,25.147521608723704,73.694747673581,42.958573817683686
gpt_j,yelp,994f3386-a547-4f06-940d-6184d52646b5,17.713683036122923,6.841000183467263,20.0716300934352,базовые,0.5681157650390266,95.32658411849128,37.82571829987448
gpt_neox,cmv,d48438bc-2683-4b6a-9da8-98e26ec93249,21.639997528909745,12.17740046295192,26.90351644413156,базовые,22.85947378670548,247.69331560897413,84.73818326881614
gpt_neox,eli5,9be035f6-271e-4399-81c3-e6c5732102a2,21.49277081779708,10.512231771463757,23.018099764342026,базовые,22.023605102779584,200.14884787522357,58.058220441011
gpt_neox,hswag,11605a9c-b839-4d56-b6cf-1ae743264a19,19.687116765779844,9.776871344019758,21.244885468617873,базовые,11.772138744000994,179.15258467738366,45.88210256368318
gpt_neox,hswag,22aefb05-77cf-4524-8b80-0eab92a33a5a,19.036041372488626,11.417638741273658,22.552429047497043,базовые,8.075706703823144,226.00033828702593,54.86060267197046
gpt_neox,roct,199421ef-4c1e-4788-8327-e58ca8491faa,22.010628819501008,9.629236517047008,22.64546610163881,базовые,24.963705326940048,174.9372644499113,55.49945954387881
gpt_neox,roct,4620297f-f083-4712-b640-3e053a175b59,21.113803108828108,8.755036384841292,20.480665846994217,базовые,19.87204416827023,149.97680237123149,40.63444117301275
gpt_neox,roct,73e80de5-8de3-40f2-a705-22b090a5b6d7,18.880972138994867,10.77629079903247,25.35166131147354,базовые,7.195312683347913,207.68835181871066,74.08207076772464
gpt_neox,sci_gen,2e2e0cc9-caec-4fae-9c77-c51a3cd70d38,23.204641285761532,12.957172972182972,25.003981150571672,базовые,31.742622149992254,269.9576478020497,71.69465790230977
gpt_neox,sci_gen,9b694392-8b0a-446e-84c8-50276a24d960,26.610920292036564,13.512956452059909,29.0578213223558,базовые,51.081517439724614,285.8265683871137,99.53113311374638
gpt_neox,squad,18e3961e-72cd-4fdd-820a-420b973ffd73,18.646670543094793,10.900736060573555,20.933465373276384,базовые,5.865082828135967,211.2415556185434,43.74367643019767
gpt_neox,squad,601c4483-a2dc-4bb7-b018-29dd23897d22,21.15111746440523,12.09059137418839,24.592221029546906,базовые,20.083893642133194,245.21471272578793,68.8672276346484
gpt_neox,squad,831df766-e256-4701-8b62-09d7b623f214,22.163236959982637,10.972068930713728,24.11677795873025,базовые,25.830126675190783,213.27827619830902,65.60250611273095
gpt_neox,squad,bab64567-44f1-4858-a01e-92a14c9cffe5,18.656999213705813,10.689551439328978,21.265866869742265,базовые,5.923723086042231,205.211739863568,46.02617540019151
gpt_neox,squad,c9d7830c-8600-48d3-8cef-4d5b9fa60883,17.26995350950866,10.714214357366131,20.523895103763756,базовые,-1.9511255643844916,205.9159239602493,40.931283200197186
gpt_neox,wp,133a22e6-3d04-40fa-bbdf-963a00dd9d29,23.32364379045623,12.2335856625584,24.00464763151809,базовые,32.41825000468856,249.29753470308725,64.83254159967076
gpt_neox,wp,a3967056-cd27-4eb3-8594-d99e9ea7cb13,20.448147010450516,8.673549762039261,21.59261330799055,базовые,16.092831261229623,147.6501683621084,48.26984282251138
gpt_neox,wp,add94eb6-9d75-476e-9118-5cd41912daca,19.066713090766044,10.23629417759828,25.446766623989603,базовые,8.249843099294697,192.2701830317589,74.73512973456701
gpt_neox,wp,bae7fb85-43ac-4840-ab14-358c97d56ebf,22.22275466873694,9.514250107958304,23.686186551148538,базовые,26.16803403256341,171.654133050262,62.64576718482924
gpt_neox,wp,c064d38e-e171-4369-914e-415b2ed1df6d,19.560976703178312,9.74171372566198,24.143866146575032,базовые,11.05598793603798,178.14875229682582,65.78851237778115
gpt_neox,yelp,a01cb333-b12b-4ab8-b873-e446f31a3290,19.14389748371552,9.294911905915344,22.259004639958505,базовые,8.688051740014293,165.39151345915582,52.84574739875869
gpt_neox,yelp,b5bf5b0a-a7cb-4ea7-825f-3fe7aa327d0f,17.77210099840173,9.37395829060426,19.658108635020813,базовые,0.8997793937283296,167.6484729525229,34.98619346940167
llama3-70b,outfox,03d40bf2-8a62-4486-a10b-3cc13eab8c65,14.917760053204042,3.0671915485913006,14.584776315900072,инструктивные,-15.305528673721499,-12.424494670924432,0.14917884718211172
llama3-70b,outfox,40c8a34a-1610-4f3c-a489-43124c71fdd0,20.01114849466821,2.832931309599188,13.603387158148257,инструктивные,13.61180474434303,-19.113173380171208,-6.589719038500441
llama3-70b,outfox,47877b72-fbe7-4d6e-a389-262adcdd8197,25.15284541523225,3.0504858435720217,18.471746976726525,инструктивные,42.80340595350676,-12.901481691710192,26.839812385419858
llama3-70b,outfox,711dce35-d31d-4252-a963-1996702ac9fc,21.665575213518405,3.42689415183693,15.382014404922426,инструктивные,23.004689185529074,-2.1541425431325396,5.623567910951452
llama3-70b,outfox,8df5cc57-44d8-4497-a697-9cae67ff89ec,23.092977038143363,2.811227437426179,14.80945262609692,инструктивные,31.108656703146487,-19.732869784206322,1.6919620538123543
llama3-70b,outfox,9cbc8599-ad64-4993-9dc8-75ee5f5a06f8,15.970002871299906,3.1549682952758653,12.510189104636002,инструктивные,-9.331498466260047,-9.918262886811197,-14.096374266200701
llama3-70b,outfox,c9e86314-ba3c-41a2-9374-d05752f2d6ab,20.54643713586534,2.7585021494666018,14.910542159884429,инструктивные,16.65086612564039,-21.238300294016412,2.3861128299080008
llama3-70b,outfox,de5def71-0bc0-4584-b818-eb54b85b9b96,16.44114094102214,3.368215870628456,15.295965389013585,инструктивные,-6.656647175282374,-3.8295449584247425,5.032695751020985
llama3-70b,outfox,ecc5698d-c391-4baa-973f-a2a45770d913,15.553608558457638,3.0329756251421016,11.145865893475078,инструктивные,-11.695546155971373,-13.401439455393726,-23.464762667945273
llama3-70b,outfox,eed1d5d9-d7e6-4f58-b91f-cf327ee40ef5,18.98192901432604,2.7305361542476803,12.065995712018736,инструктивные,7.768487821735419,-22.036794983548404,-17.146513847118758
llama3-70b,reddit,09717301-5701-4470-9024-dcd70713f654,16.760595056647265,4.019851151248565,12.01203694627026,инструктивные,-4.842970233209383,14.776169124469702,-17.517032116598564
llama3-70b,reddit,12cf502c-4102-465e-bb53-750142124ed5,22.475992167874665,2.8023573509293267,14.534308529320716,инструктивные,27.60577106767894,-19.98613153684489,-0.197367940693352
llama3-70b,reddit,2e7dfdb7-cd3c-47cd-b94e-3f749638b1f1,21.045966619510672,3.094692125244044,15.011528088398553,инструктивные,19.48690755400105,-11.639288771960905,3.0795521804165173
llama3-70b,reddit,3eaffd74-6260-4df6-84d8-30b3ad2ff1f9,20.181854166563188,2.995546668549605,14.22639022298974,инструктивные,14.580973478923735,-14.470123864436706,-2.3117483647142185
llama3-70b,reddit,40b78ce6-a97f-4a8f-a0f9-4b7096076e6a,16.71912796095027,3.138790976595487,11.567208173051586,инструктивные,-5.078396579723034,-10.380163239579941,-20.571534660931917
llama3-70b,reddit,b8722ed2-c615-4895-b46d-4a5773ff1b1c,23.262066013065333,3.37797322867787,16.77928932290728,инструктивные,32.068646761107146,-3.550949524029201,15.21822556143535
llama3-70b,wikihow,22af918e-74ad-4d21-b6d2-dc1a7a5328b2,15.857334569867302,2.9002519584823965,9.725741637246893,инструктивные,-9.971164353835087,-17.191011118170973,-33.21631970534512
llama3-70b,wikihow,38bb0c85-2759-47e0-abe1-d2693d1fa66a,15.453523975465613,1.9710841164046324,12.403260938829812,инструктивные,-12.263768919589294,-43.720930106393126,-14.830617134872655
llama3-70b,wikihow,4c1978a8-e2b7-455f-bbff-4e5739bc7508,17.114406182341433,3.2015578839749876,12.039503420880031,инструктивные,-2.834233926072777,-8.588020967204534,-17.328428272534346
llama3-70b,wikihow,5e059aee-30ad-478e-931e-185d05e67e91,19.19324663181129,3.324907623934639,12.540668164627927,инструктивные,8.968227851807693,-5.066096875395569,-13.887083923715457
llama3-70b,wikihow,7767381d-ad9b-4e39-8d6a-7bacc023c6b5,18.45490992733612,2.7218512414135874,13.861279040641104,инструктивные,4.776376218366224,-22.28476959424201,-4.818854699987701
llama3-70b,wikihow,91815dd6-76d3-4948-9e0b-a9461fa2e3c9,15.855364686750296,2.314676379945982,11.92058961149694,инструктивные,-9.982348218475245,-33.91056592466654,-18.144972873929692
llama3-70b,wikihow,9fa7d4ff-9d50-49eb-ae38-b7d4f277ce40,14.44637783932123,2.8305813885746276,13.689646728013532,инструктивные,-17.981766074982065,-19.180269131430634,-5.997401069228568
llama3-70b,wikihow,b4daa355-57b7-4093-85aa-4b2f59e484bb,13.91047456718981,3.405148293744136,10.39986287008806,инструктивные,-21.024316977618742,-2.775037743553081,-28.587336274252532
llama3-70b,wikihow,cf4db138-ef03-40e0-a5f1-ab7f97fec8d0,12.426612198338123,2.481869310857185,8.837928147824723,инструктивные,-29.448835028762783,-29.136816003921428,-39.31266222094129
llama3-70b,wikipedia,17faeb09-bb8e-41da-80d8-231ac18be760,20.638631469296023,2.11347783595429,12.229213351347443,инструктивные,17.174292585198796,-39.655255776084275,-16.025748454623486
llama3-70b,wikipedia,832f712f-3a90-428c-b6dc-c732811815ac,19.13038788441784,2.728474674552854,13.301150041858875,инструктивные,8.61135199646927,-22.095655059008305,-8.665088475639037
llama3-70b,wikipedia,a903e0b9-a41b-460b-84d2-74979af37459,16.7730190274528,2.866790389313153,12.515854117112903,инструктивные,-4.772434064548997,-18.146417320449462,-14.057474365685788
llama3-70b,wikipedia,c574b295-1d69-4875-9829-9e361c9109d8,14.960953793357476,2.768972228288342,11.086698411736869,инструктивные,-15.060299431941731,-20.939355011622716,-23.871047590126583
llama3-70b,wikipedia,ec92a8e5-2691-4af6-aa5f-04117250d0d7,19.75845685484942,3.3380378837221505,15.83900431775154,инструктивные,12.177166784844138,-4.6911971934629335,8.761577265362083
llama3-8b,outfox,1db742e6-f15c-42c4-a84f-a1789c22da5e,21.91221251407318,2.436263636754599,13.82298078587129,инструктивные,24.404954084905874,-30.438964856425088,-5.0818370511325535
llama3-8b,outfox,4673df3c-694a-430d-a06c-c7935614cf22,21.76346687066855,2.6140100090780907,13.699766477032046,инструктивные,23.560461776053092,-25.363889456002497,-5.927911861276925
llama3-8b,outfox,70430197-a7b1-42e3-8e05-b8759551bd68,12.10311839151244,3.43288111479474,9.038536038647951,инструктивные,-31.28544701666923,-1.983200722867851,-37.9351494568745
llama3-8b,outfox,94edfb78-daaa-4b87-bc28-c4720c4799b7,21.05234750058479,2.8301115384628335,10.787961916085658,инструктивные,19.52313453092258,-19.19368445300981,-25.922379340654512
llama3-8b,outfox,b36be467-38e1-4fa4-a981-2a574e7fb55a,16.01388136179876,3.149518251726327,11.815533044021326,инструктивные,-9.082381605408186,-10.073874399934823,-18.86636405177835
llama3-8b,outfox,e94c4494-116b-4654-8fb3-3b17a369da84,23.37745655972728,2.7735272505900403,15.64527668482123,инструктивные,32.72376799316401,-20.809298452214282,7.431309118786021
llama3-8b,outfox,fb09040f-5e4f-4cf3-9896-7ee363203a12,24.044740827516236,3.4881232734213943,15.926675074310458,инструктивные,36.51222471073873,-0.4059076583312945,9.3635854201745
llama3-8b,reddit,d43fe66e-666d-415a-84fd-05f629a1288d,20.14254340075306,3.3367664156740253,13.878176967181918,инструктивные,14.3577895346958,-4.727500585364061,-4.702821829093575
llama3-8b,reddit,d878b3af-2e80-4df0-8cc1-619015aec69a,22.889204585601167,2.6861123384761076,13.29090103978977,инструктивные,29.951753784922264,-23.305199011535514,-8.735465224585472
llama3-8b,reddit,f0294c97-10c2-49df-b85b-5477b7527280,21.026688324095986,2.774603195161535,15.15385664619014,инструктивные,19.37745646802062,-20.778577713694386,4.056878666650776
llama3-8b,wikihow,12f8798d-b028-4cb5-b481-e7b238ebb13a,15.325106200393131,2.8083682091704425,9.05100270371337,инструктивные,-12.992851270416136,-19.814507450253718,-37.84954469734839
llama3-8b,wikihow,55a64c4a-a144-462a-97d9-fad2a95e7ed6,16.39450612210364,3.0289188315223043,11.539808575418878,инструктивные,-6.921412885389833,-13.517270418553718,-20.759679281337746
llama3-8b,wikihow,6840e319-ea27-43f6-a92e-6e3a5489c5c4,20.067454625380066,3.133621361091745,15.91147919326703,инструктивные,13.931478606642802,-10.527767874936066,9.25923997288097
llama3-8b,wikihow,6cdf5553-b22a-4a47-9a9c-a1119aeb4222,17.10641723887893,3.461516174718297,13.971091693371095,инструктивные,-2.8795905574034277,-1.165602668359116,-4.064804945659285
llama3-8b,wikihow,8ae72f78-2f43-4119-b899-8c6491625fdb,20.658162251597783,3.548944055300981,12.845984298054692,инструктивные,17.285177146670275,1.3306681711308674,-11.790571821699027
llama3-8b,wikihow,c992005a-b45f-4ad5-94ce-a259cd877600,18.61869108846462,2.209090241841238,10.481363892054796,инструктивные,5.706231558947521,-36.92529756231578,-28.02769379168142
llama3-8b,wikihow,f709e14f-56ea-470d-ba5d-634bbe800483,18.58910249617835,2.521503893095403,11.872800835329713,инструктивные,5.538244530597631,-28.005155814777737,-18.473123720236604
llama3-8b,wikipedia,159f7873-2785-4287-91a7-6b0d080467a2,15.389350231009232,2.2322941879660743,10.221597939601285,инструктивные,-12.628110572784978,-36.26277053219126,-29.811426792942044
llama3-8b,wikipedia,26880b5c-fc11-4d0e-86a2-54569ce3b191,17.298150794872708,2.651755191425084,10.470784218261748,инструктивные,-1.791037577432906,-24.286176060732416,-28.100341161781273
llama3-8b,wikipedia,4e403f5e-cd39-4666-9e98-31bfa6ab2749,15.875148480675731,3.2677059095241563,12.34829519774796,инструктивные,-9.870027202359763,-6.6993398489191005,-15.208049994646652
llama3-8b,wikipedia,853542ee-7057-4dc5-84f9-04467bca69ef,20.21479133767795,2.84894999167683,13.82838722184916,инструктивные,14.767971814102676,-18.655802474105812,-5.044712716007619
llama3-8b,wikipedia,9be5d5af-3686-44cb-b70c-0e92e00df5f4,15.71427808586261,2.825572459922983,9.696717918781342,инструктивные,-10.783356884038126,-19.323285780660292,-33.41561666461681
llama3-8b,wikipedia,cb50fe4b-8521-4300-a5d7-0798cc39c1ee,17.526678123346866,2.934173599728686,12.52311884408768,инструктивные,-0.49359069534764854,-16.222468780115882,-14.007589717110157
mixtral-8x7b,arxiv,43714986-5cb7-4709-ab42-36878b076636,19.77550690237513,2.5999903745193573,11.632245821948825,инструктивные,12.273967159439776,-25.76418287151283,-20.124941104052414
mixtral-8x7b,arxiv,519f59a5-9672-4c65-b6ee-afd561fe4db6,18.859718972682813,2.7690586691516654,10.275002785322137,инструктивные,7.074649414975913,-20.936886922438628,-29.444712122140203
mixtral-8x7b,arxiv,647fd0e3-863c-469a-89e1-1c664e24c6dd,17.149640837033278,2.4624866410790416,10.742040268252731,инструктивные,-2.6341917990478936,-29.690236640864402,-26.237709190229463
mixtral-8x7b,arxiv,6d4e025b-b6be-4a10-9c30-eb06df866f54,17.55585108296816,2.6537885754262005,10.557731581153243,инструктивные,-0.32796339048844503,-24.22811818315785,-27.503300329072843
mixtral-8x7b,arxiv,7de7776a-1dea-4779-b22c-85247245d441,18.376902036113545,2.845946160318981,10.837915657437897,инструктивные,4.333492227551872,-18.741568897532414,-25.57936234345057
mixtral-8x7b,arxiv,88a7d4db-e283-4e49-a90f-06f1b0e69ad3,17.61512675502435,2.6976986817643502,11.109013507639062,инструктивные,0.008569821562410837,-22.974381763147488,-23.717816681260025
mixtral-8x7b,arxiv,99c43e80-6663-4b53-80d1-ff312c12c438,19.248209573647376,3.022319454694926,12.85455481444058,инструктивные,9.28027585933308,-13.705698089717611,-11.731720718346333
mixtral-8x7b,arxiv,a29b530a-4735-4e0b-bbe6-c535b3008ab0,17.268024609348835,2.7043886791569105,11.44764693778288,инструктивные,-1.9620767513384934,-22.783366662518134,-21.392524937009167
mixtral-8x7b,arxiv,aa2134a5-7784-4d8d-9e6c-8e1bdcc0d72c,19.60849208212278,2.4881820484506707,10.936378931875437,инструктивные,11.325752960090979,-28.95657255449836,-24.903245283583555
mixtral-8x7b,arxiv,b5db9c83-d967-4d7b-80c0-378d55bde5a8,18.91978918900792,2.670262299895299,12.625751108423108,инструктивные,7.415693592919855,-23.757754750624315,-13.302845484233952
mixtral-8x7b,arxiv,be5a1fb7-46c0-45c7-9417-d8ee2764395d,17.993415194759542,2.06988907204302,10.848866500166602,инструктивные,2.156274255602671,-40.89981711688233,-25.504166270284266
mixtral-8x7b,arxiv,c0d320e1-26cb-45ba-80b1-b992c36c94f7,22.28235233219012,2.962541426334482,14.60764289525623,инструктивные,26.50639532678226,-15.412500862973197,0.306196623523774
mixtral-8x7b,arxiv,c1cbc77d-d266-4e19-925b-a9c80b011d57,18.387573276826966,2.689116924417481,11.19934020093854,инструктивные,4.394077401692981,-23.219411042981264,-23.09757102469401
mixtral-8x7b,arxiv,f412f84c-1f94-4fa3-b73f-a82d77206f74,20.178589932760524,2.2858484478266816,12.842364528140145,инструктивные,14.562441034695109,-34.73367093227506,-11.815427669790601
mixtral-8x7b,arxiv,f8ba475f-0e5a-4d2a-bd2a-2b00d95b3939,15.841034547348444,2.1081668913921363,7.8674334093747404,инструктивные,-10.063706517331312,-39.80689568720066,-45.976751475797876
mixtral-8x7b,outfox,20bb27d7-9d03-4320-8c85-14dee38762b9,16.86540442913097,3.722483368481352,14.97481795219927,инструктивные,-4.2479228292501165,6.285622175621315,2.827474951661333
mixtral-8x7b,outfox,2b64ded4-0a18-48b4-8d26-ddf63fa90c99,22.389554867611608,2.840990236360644,15.323256161666368,инструктивные,27.11502973502974,-18.883072138574907,5.220093103718247
mixtral-8x7b,outfox,4adace56-5134-415f-ac61-198cf580600e,21.221000110857393,2.1965257773399687,12.36969552830988,инструктивные,20.4806471610957,-37.284042463133346,-15.061100498376495
mixtral-8x7b,outfox,5fa891a5-835b-4c82-b552-7c31e9cb528d,24.00575093167145,2.972836996545528,15.602482550433214,инструктивные,36.29086248183416,-15.118538210299143,7.137454943335728
mixtral-8x7b,outfox,7d659502-3104-448c-a77f-5f4bc33ff5d9,24.222405268774647,2.8423684575513177,14.129636790618576,инструктивные,37.52090133995076,-18.8437206943249,-2.9761244643363183
mixtral-8x7b,outfox,7e942f50-38c0-4e3e-9cbc-c57ad10d54e5,20.766916311416058,2.565725870428434,15.07453031062499,инструктивные,17.902620219091652,-26.742514747130762,3.5121690875847635
mixtral-8x7b,outfox,b82dd7d4-f0fd-457e-9126-09e5eb71671d,16.509033921309257,2.993437760965013,12.100501981064,инструктивные,-6.271189837741425,-14.530338117275857,-16.90956989713198
mixtral-8x7b,outfox,cbb46500-22a8-4586-a2fd-20e6df5f3503,14.641081152094598,3.3898734201908423,13.070865387222108,инструктивные,-16.87635252214283,-3.2111711734596122,-10.246382460781371
mixtral-8x7b,outfox,d3652e0b-a141-4665-9fa0-9c2be7f60cdf,17.690939228808865,2.7269098190072083,11.876065264911862,инструктивные,0.43898949343117044,-22.14033535138843,-18.450707885055074
mixtral-8x7b,outfox,daf0bcc7-32f3-4bab-ae7f-bb5f0d56613e,16.810017190228837,3.2231178589075595,13.769754970517988,инструктивные,-4.56237975175778,-7.9724331665439045,-5.447322375394507
mixtral-8x7b,outfox,de2133d1-3bd9-4f32-a25e-6690c6bf8bfa,18.528083930329895,4.3720876046898836,13.646019672969008,инструктивные,5.191816168887088,24.833345181704345,-6.2969746549726775
mixtral-8x7b,outfox,f69ba65b-a1e6-4a15-81a7-2146c3b7dea7,17.17562673375658,3.357902512855975,12.140045341335584,инструктивные,-2.4866588063552912,-4.124015487655104,-16.63803778897478
mixtral-8x7b,outfox,f9298817-8e29-4f0a-942d-4b41232e598e,18.05861150684556,4.368563946314782,15.782804089384792,инструктивные,2.5264214603341353,24.7327364789488,8.37566756060933
mixtral-8x7b,reddit,2b8d17c5-917c-426e-8566-cb8b1b19ec22,19.189196088252817,2.641708414803339,10.26672348594514,инструктивные,8.945231192520673,-24.573035073493365,-29.501563527748132
mixtral-8x7b,reddit,30154c15-ad20-41fa-a0b7-dd8ac0cd178b,21.863948874499677,2.835452830498714,14.4410807954402,инструктивные,24.130940866877083,-19.041178050412547,-0.8375341517951715
mixtral-8x7b,reddit,bb15d56a-052c-4dda-b49c-736b73a6f2b0,20.28957731965069,3.1268378982742164,14.326730812499571,инструктивные,15.192563655183886,-10.721451632443456,-1.6227403589146088
mixtral-8x7b,wikihow,2ae6e672-9258-48ee-a731-c709a4c4bf11,17.20605783322765,2.9009871539079835,14.576429193320916,инструктивные,-2.3138885062306365,-17.17001956616276,0.0918617204787062
mixtral-8x7b,wikipedia,907139a6-c39a-43e9-bdc7-3c32596ba6cf,17.514427603549507,2.828589312559957,11.223676150839813,инструктивные,-0.563142108831241,-19.237147569205028,-22.93046353217651
mixtral-8x7b,wikipedia,e38e42d8-0b35-453d-9139-9b8ade571e52,15.243388209248602,2.736365086475258,11.032407012458508,инструктивные,-13.45679907713427,-21.870365310907484,-24.243849951878595
mixtral-8x7b,wikipedia,e5b622bb-83cf-4f61-b7ab-8c612d5fbf90,23.795433834064777,3.492501862081382,15.649529546941626,инструктивные,35.096802828833596,-0.28088869278846407,7.460512216583521
mixtral-8x7b,wikipedia,eb8a0a8f-3885-43f1-9b0e-ef6682133a90,16.519002900725244,2.779848644618698,12.55184645127867,инструктивные,-6.2145916997979045,-20.62880784128451,-13.810326063002169
opt_1.3b,cmv,e0dc4abd-cdc7-47fc-933a-9ec0ec143b70,20.699001936876307,4.647340252478629,19.68020836232061,базовые,17.517041417275248,32.69245320980796,35.13794550823194
opt_1.3b,eli5,59db5fe2-7b28-4c58-afb2-8e7e76c69089,21.542412215483605,4.49464924789673,22.848131841891092,базовые,22.305440439851836,28.332767264661978,56.89110292785002
opt_1.3b,eli5,6478d4ca-8142-413b-9081-78912925e869,18.881675340526307,5.122001159199783,19.15715908314479,базовые,7.199305057654024,46.24513425613972,31.546326777064852
opt_1.3b,eli5,79453945-b0df-4e13-ba47-cd38584caabc,21.2477996792227,4.573565526963416,20.81518464024617,базовые,20.632799713917112,30.586011937668978,42.93147896965076
opt_1.3b,hswag,2e26da70-256d-4815-a8bd-929448ab8f9e,17.42416723560619,3.967116121349141,17.9015683342669,базовые,-1.075588623415888,13.270460459451028,22.924570793659573
opt_1.3b,hswag,425c1b91-c1c0-478d-b529-273981126085,19.295807627719423,3.7425209582026766,18.096189137423913,базовые,9.550510265263602,6.857742311459466,24.260972065820663
opt_1.3b,hswag,4339e49d-2039-473b-854a-b766530194af,17.581207196049746,3.352264245460535,15.944840520436088,базовые,-0.1840059475026959,-4.285001232599176,9.488321958704152
opt_1.3b,hswag,4eb874b5-43b9-44dd-9a09-026fa7498b37,23.77461260883694,4.581814296857741,18.869838181224903,базовые,34.97859187378754,30.8215336455227,29.57338240207718
opt_1.3b,hswag,c84a4bd7-8929-485c-9014-9bb0bd309f57,22.894485271416528,4.332609579429362,19.971723355280815,базовые,29.981734485226934,23.70615506109644,37.13968941806337
opt_1.3b,hswag,d912a720-3107-47c5-8ef8-bd399bc10055,17.737648018373715,3.38355754386325,17.25156276058322,базовые,0.7041751663724424,-3.391504241095659,18.46118218621524
opt_1.3b,roct,162eaeab-b37d-4a11-ba86-8ea7176730d7,18.682319746323756,4.78575578237954,19.348730957398924,базовые,6.067478523596403,36.64454090450421,32.861791991012026
opt_1.3b,roct,3f8c8e3e-3ed2-4f2a-a839-566b2673bab5,16.54745826572029,4.012826427608448,17.5721140053885,базовые,-6.053038484968299,14.575596805188598,20.662309118185583
opt_1.3b,roct,ce9d3ca2-e77a-4621-a58d-cf67467a337a,20.16531353462534,4.037525129863377,18.41149730627216,базовые,14.48706527337664,15.280802625132015,26.426096405748662
opt_1.3b,roct,d509fb1e-3055-4b99-9dbf-1f2da7b1a1b2,18.49090359542028,4.5556212699230185,19.21288175448861,базовые,4.980727587379343,30.073661354677377,31.92895724443589
opt_1.3b,roct,e1a0e7d8-9e8b-47bf-96b0-913de252c767,19.266903842266498,4.154482918837145,17.233414698747175,базовые,9.386411176691794,18.620221539563133,18.33656502026212
opt_1.3b,roct,f4e320fc-0ca8-45d7-9758-a746511a6d06,22.61988209909621,4.5032832684443465,19.87914571201237,базовые,28.422695432363692,28.579288781332966,36.50398717950148
opt_1.3b,sci_gen,2cc5c41c-0d43-471f-afe9-e8715f50a78d,20.659865283871124,5.143992493882863,21.944317319283986,базовые,17.294845985525956,46.87303838837955,50.68488623252914
opt_1.3b,sci_gen,3bf0be65-e418-4145-9135-32d1781ee64a,21.69991922877729,3.825266938348435,19.102761546220343,базовые,23.199674773526123,9.220333923497073,31.172795600700255
opt_1.3b,sci_gen,af069283-8971-4cc7-998b-9352ddf75c6c,22.35762745728021,3.699393209327549,20.364859796387215,базовые,26.933764241470993,5.626344030129609,39.839236596499454
opt_1.3b,sci_gen,d41ec237-7e9f-4146-a405-75832a7bf7b6,20.650613371625926,3.938922857680337,18.88279091226689,базовые,17.242318943022962,12.465476723171056,29.662324827355878
opt_1.3b,sci_gen,eee78825-17d0-4b0c-bbad-eeadd02f1fae,20.04479050421667,4.173048695386991,20.133500159125752,базовые,13.802804747218703,19.15031796080759,38.25056103588374
opt_1.3b,squad,169af7e4-31aa-4ea4-8293-9281dfed1024,20.73066270423928,4.427598721263522,18.13475166151623,базовые,17.6967930652457,26.418317625812183,24.525769073225565
opt_1.3b,squad,70909ef3-be69-4705-8142-d67b674db096,24.35180935044116,4.398961862978836,20.9564447353246,базовые,38.25558337298521,25.600668223879534,43.90146865064139
opt_1.3b,squad,8c997132-39cd-4087-a808-3d4ebc76e05e,22.299399559009625,4.5087486818993865,20.549217905140846,базовые,26.60317968702857,28.73533914127129,41.10516709866062
opt_1.3b,squad,91ec9a66-9780-4d95-b452-efd9dbccd8e3,16.684202097371625,4.227471955322341,15.91063102244289,базовые,-5.276685568207725,20.70422954897784,9.253415844370535
opt_1.3b,squad,d905a82c-fcba-4cff-ab76-3c5838fa55f0,21.094068961244197,3.917651831296889,17.976399623607755,базовые,19.760005015560093,11.858139080611982,23.43841427108008
opt_1.3b,squad,e18cb00a-05b9-4578-8180-e14bc81bbb51,20.898216100912,4.84583490232052,20.05957473469997,базовые,18.648064992097098,38.35994054786001,37.742937854573775
opt_1.3b,tldr,2062dbbe-f945-45b6-ba75-df86a13677f3,21.85204260907611,4.317768413967133,19.739993930374176,базовые,24.06334393195369,23.2824050133943,35.548474639278645
opt_1.3b,tldr,2ff6d27f-f3ab-41ab-99f8-6588a363295f,23.571619752344443,5.167857601114643,23.841689086026996,базовые,33.82611505405544,47.55444311724808,63.713555324970606
opt_1.3b,tldr,ffba5251-4e00-47db-816b-009e98d7121d,19.66090481784185,3.9325750474138137,18.612027003164844,базовые,11.62332236237783,12.284231866755363,27.803072236113817
opt_1.3b,wp,8e3b283e-3296-4ca3-a0c0-dcb6dc4d0a65,16.83473702050235,4.22145900045817,18.563624889907253,базовые,-4.422034757011688,20.532545598885925,27.470709792410688
opt_1.3b,wp,cf686b55-d38f-4cc8-b7b2-6a6b3acf25fe,17.592809195797503,4.567805643617288,16.753861037216556,базовые,-0.11813645828585695,30.421553772379177,15.043617334592579
opt_1.3b,wp,e96ff4f7-e8f8-45e6-9e6d-263a711e7ad6,18.630691124962546,4.832445621092956,19.99953798891995,базовые,5.77436087215964,37.977645196910856,37.330683963235636
opt_1.3b,xsum,4c9b01eb-560a-446d-beed-d779045f6a9c,21.62722716803285,4.573511416805945,21.22431620406787,базовые,22.786971014221066,30.584466965889778,45.74085974243212
opt_1.3b,yelp,08ef4d38-af28-4b14-89e4-0a4937153187,17.326740190711085,4.818340150310137,18.691087897609084,базовые,-1.6287234124756127,37.574900956083376,28.345959112540054
opt_125m,eli5,891c49b6-36ba-4cfb-a11e-a6e5ed95110e,19.624036554937803,3.6830025599890286,16.894643713423918,базовые,11.414005546432271,5.158352587224179,16.010328726847888
opt_125m,hswag,387c6bca-c51e-4ff7-a1a1-77537a33544e,16.88309781430545,4.027210830527241,16.701906442362493,базовые,-4.147469953082349,14.986305212053146,14.686861091008643
opt_125m,hswag,9dcab866-65d5-428d-b63f-c28b4ae49511,20.647377045430385,4.443032030089798,21.06409811367407,базовые,17.223944942154656,26.858974753985837,44.64069133107913
opt_125m,hswag,b1dca7d6-3b0b-4400-bae8-8dceeb3bd74c,20.352160334268103,3.620151163977355,18.60120213648253,базовые,15.547874058228487,3.363797966438224,27.728741201761096
opt_125m,hswag,bd6dba12-5050-415d-a24d-6ef6e74922db,23.3061260206829,3.979954415696702,18.63207811804265,базовые,32.31879417187745,13.637023843980264,27.94075708272977
opt_125m,hswag,cb857011-a219-4e09-a7ad-72ae5362c226,19.65429568335204,4.230044693407483,19.98806705312076,базовые,11.58579949369363,20.77768724939083,37.25191657071517
opt_125m,roct,07cf3aea-a63e-4bd8-af24-c7be8f876172,17.92409081025573,3.9015504162582375,15.96828177851824,базовые,1.7626902272613019,11.398405954661406,9.649285877328873
opt_125m,roct,10890d89-bb71-4354-b1bf-9f2f1dce08f9,15.206997762658224,3.386230819174006,15.082854103121852,базовые,-13.663403126556375,-3.3151759673265517,3.569326013779527
opt_125m,roct,26cb53a7-4dc4-43d9-bb3a-76600bbbc1c9,19.296766114888744,3.72580777869171,19.220102026532732,базовые,9.555952004759956,6.380541876422829,31.978536634658273
opt_125m,roct,6c8e8eea-d8d3-4a09-81e5-00b0474f4299,19.98707013958901,4.148027613445181,19.32632173294015,базовые,13.475101677222638,18.435907445448468,32.70791473026161
opt_125m,roct,c6c7446f-0d28-467e-97e6-bbf704789fd0,20.15234288647406,3.8574518795896537,18.79923499712267,базовые,14.413425384813344,10.139289407213397,29.088572024551784
opt_125m,roct,ce864d4f-06ee-4b29-b30e-47a11679ca3b,17.576196298135237,4.218568858922949,18.139594778718436,базовые,-0.21245494709953355,20.450025286277555,24.55902527135682
opt_125m,sci_gen,1e9de8a5-7eec-477f-bef8-403ed8e2def3,19.89641271871988,4.4076434757091105,18.383593296169828,базовые,12.960400924232182,25.848548608876786,26.234488139858048
opt_125m,sci_gen,2739833a-e2e0-41bb-800a-bfd12d8ab9dd,20.95506788047259,3.973767939201501,17.4332438455697,базовые,18.970836735084628,13.460385444750678,19.708730388488657
opt_125m,sci_gen,293793fe-36a8-4d2e-b0ca-1629311a6aab,29.17139965311767,4.068078705507479,21.34006185757328,базовые,65.61844825609303,16.15317879866159,46.535649590601416
opt_125m,sci_gen,5c591cd6-9094-4b94-b724-5ed3a89e225c,23.561185731303244,4.043954051838374,20.65046429667634,базовые,33.766876676930465,15.464363410874299,41.800394968728526
opt_125m,sci_gen,5d772541-a95e-4f2a-9971-df58223ed5fc,22.010067293694913,4.211211977906955,19.28291374563046,базовые,24.960517306009717,20.239969095650178,32.409845415359925
opt_125m,sci_gen,9effb79e-a93c-4a39-be6d-250112abaf12,23.303109356755783,3.890540211580121,20.389688628229862,базовые,32.30166728717324,11.084038813520367,40.009728557906165
opt_125m,sci_gen,b5e8be54-bebf-4af2-ac91-6da5001298d9,19.08669061093628,3.471140443770556,17.300828888103187,базовые,8.363263981732395,-0.8908072366679818,18.79947755045243
opt_125m,sci_gen,e39a3598-95f0-4740-8553-bf091620be36,17.222247252448486,3.226581282828946,15.070943694696927,базовые,-2.22197428471896,-7.873544298574922,3.4875408977342195
opt_125m,sci_gen,f8f01002-6c22-4437-b31f-c93137c06439,23.58340838286998,4.162633575422963,20.614236003746353,базовые,33.8930441256091,18.85294188257354,41.55162640969221
opt_125m,squad,04dcc075-2445-416c-9cb1-a612555fdfca,19.510544451927142,3.7441166198599514,15.23056515533023,базовые,10.769662586771185,6.903302190507206,4.583612435793088
opt_125m,squad,35c444a0-e2c3-4730-b6e2-9f24aa31345c,22.888059692348108,4.397785300916956,21.220652471614983,базовые,29.94525373877277,25.567074620256225,45.71570201709408
opt_125m,squad,501d62b9-2729-4ad9-b1bc-eaabf0bf8e86,24.30301255026204,4.824547202010595,20.567842802891807,базовые,37.97854317533857,37.752126825632004,41.23305855036825
opt_125m,squad,8123b965-fc22-4150-9b63-44bb71f5b6f8,17.377679530602737,3.994392360144468,17.539754705564768,базовые,-1.339519105230674,14.049260986948047,20.440107746342573
opt_125m,squad,9b7a7d47-37e6-4023-95bd-441db27e2a06,17.447884942155284,3.403621007830789,15.989993455228449,базовые,-0.9409331114567878,-2.818645334903148,9.798373291960832
opt_125m,squad,df60d951-9030-470d-abf2-2a2405e16f7d,22.650619897447697,4.8041929285242615,20.34586964935989,базовые,28.597206992532804,37.17096462629348,39.708837090207375
opt_125m,tldr,07e9f6be-6dee-4d5b-af4e-173d8b1f1095,22.36978474537983,3.866544720620195,19.056633358413276,базовые,27.002786338936467,10.398911323716236,30.856047504567297
opt_125m,tldr,2f4bfc91-4125-4ceb-844e-c91562bcf810,20.95274191853586,4.344154008530869,19.230014278309064,базовые,18.957631259473423,24.03577556124567,32.04660102278631
opt_125m,tldr,51945d1c-5061-4e65-a36f-4d4bbc31019e,24.352672055209343,3.7189832887764034,20.807231181586644,базовые,38.2604813150349,6.1856866991448936,42.876865012158795
opt_125m,tldr,792b1714-1c75-4ffe-a9bb-351b965d410b,20.17444247072966,4.359813439728254,17.459181274117604,базовые,14.538894128001537,24.482889012933,19.886834742934486
opt_125m,tldr,a74ec710-bdc1-4dc3-829e-a3652bff5e5a,13.154126509115263,2.629507569958771,12.554954474884974,базовые,-25.318426729271614,-24.921397781129095,-13.788984219612383
opt_125m,wp,00c9fa74-571b-4459-96d9-083e203d4323,15.933278826823116,3.720443300095896,15.563252568729316,базовые,-9.539996492829152,6.227373443211943,6.868074709540018
opt_125m,wp,a2a9b2fc-d75a-41a0-a290-2e56230a9896,12.094483891514525,3.685594050370375,12.302704030730316,базовые,-31.334468747135606,5.232345709631577,-15.521110533979307
opt_125m,wp,a8bb7b74-a7a6-4162-9b6a-d7b18ff7f16b,16.450004238851726,3.925630999419523,17.057127692419908,базовые,-6.606326462172175,12.085963026190562,17.12605629920229
opt_125m,wp,c92148f0-ded4-4e54-ba9f-4c4f89c8220e,17.81457785794281,3.1480267098081547,16.426663064442646,базовые,1.1409385992391856,-10.116461416472289,12.796849363386473
opt_125m,xsum,00d5d111-e102-45fc-9962-257c46a67243,17.667114694761118,4.817786600735832,18.491443078149672,базовые,0.3037274763071235,37.55909581873656,26.9750594636948
opt_125m,xsum,03851606-9182-48d4-b4e0-7353d4354b63,17.798112579139794,4.407829867211402,16.22162605503483,базовые,1.0474582055012807,25.85387052299386,11.388923202524564
opt_125m,xsum,f8b7ef14-1f74-4303-888a-e03f7b525886,20.957006242462526,4.295052293327013,18.706749711483106,базовые,18.981841640874176,22.63380654386332,28.453503977457228
opt_125m,yelp,501192e3-dac7-4a67-8de3-aa1b8de9d9a1,16.680042625551437,3.830533817346568,16.16241823794986,базовые,-5.3003006595854485,9.37071565951237,10.982361309907173
opt_125m,yelp,79030098-67ce-49a7-a87f-57404f967a27,20.534809274146593,4.315403658083191,19.49358954947642,базовые,16.58484980700998,23.214885692140573,33.856491445518195
opt_13b,cmv,88ab4c64-45e7-469f-b96b-67f7913e99ff,19.874503798176686,10.8370451243719,22.159395090128804,базовые,12.836014660066693,209.42303015823964,52.16175921788364
opt_13b,eli5,ee3f7c22-62ca-4c88-9366-643200b67add,28.50011734024021,8.96322058720448,27.646526739543795,базовые,61.80729293538341,155.92094913697892,89.84020673141906
opt_13b,roct,58be6447-015f-46c1-ae8e-49d929006d40,18.717154263385865,7.78870174917924,19.618565285359427,базовые,6.2652488990387845,122.38568434211463,34.714661434101444
opt_13b,roct,ab073b61-b10c-49c6-8989-5b723db957f4,20.46025848236149,8.693503055866715,22.33408977899047,базовые,16.161593240697357,148.21988165266612,53.36133398403117
opt_13b,roct,b373aec4-2816-4b38-8710-a7fe8c0dac85,21.63263973134245,8.224720842848159,22.774644796251145,базовые,22.817700439174395,134.83505108568124,56.38648995900232
opt_13b,roct,becfa0a5-6714-4f3d-97d4-82d4bf92e9c0,17.91835833659543,9.744920685277526,20.19714744528296,базовые,1.7301445351252478,178.2403185079516,38.68760739891549
opt_13b,sci_gen,6c7d85dd-bd81-4241-97d2-973f573b2359,24.651404556192716,9.779607200455766,21.92535107700364,базовые,39.95651283374334,179.2306997889101,50.55465087279156
opt_13b,squad,14514cbf-2734-4b1b-8ba9-129b8f2d233a,18.675049791639186,12.10179440047166,20.893603153827165,базовые,6.026203897487676,245.5345853755489,43.469954814014
opt_13b,squad,b4aad049-f3cd-4c2a-82cb-33f16bae887f,18.547507874947183,10.779040282515227,21.896479504061517,базовые,5.302094167364394,207.76685601435082,50.35639865009358
opt_13b,squad,cd06acd5-9b8e-4411-a463-d4f9599de372,18.220370695030955,8.050635663379516,21.594758651890707,базовые,3.444797200168321,129.86451131966268,48.28457424007252
opt_13b,squad,e5242e0e-d9ee-4b11-9399-3bad5517bdd5,10.843238813822222,5.581361103465155,10.4392678003028,базовые,-38.438319457751966,59.36093697327101,-28.316754722773112
opt_13b,squad,f39bb4b3-12ff-4a69-8272-f51a3dc34fc8,22.62092496149642,10.161573709435958,23.005785496139,базовые,28.42861620594746,190.13673859111225,57.9736621439261
opt_13b,tldr,0f7d03fa-82e2-4ffe-a8de-e7b8ef957ad6,20.677953332630143,9.22372251292669,23.621995635425684,базовые,17.397539534792422,163.35888948824186,62.2049878845609
opt_13b,tldr,113d92d2-cf34-4d51-bfd3-821accae8342,19.81675789659145,9.923954794901912,20.77685175732745,базовые,12.508166605896498,183.35216182556172,42.668258837644366
opt_13b,tldr,1dea4ea4-f6e9-4ab7-976e-7367e8523ed8,17.05720676597346,8.221348033780128,18.86896674292222,базовые,-3.158979351135205,134.7387494840917,29.56739850293882
opt_13b,tldr,626a7998-e109-4a82-a0ac-7d04e2e7a2e2,17.03838567531648,6.904107377335437,20.53476835786748,базовые,-3.2658346911656024,97.12844236743031,41.00594649610922
opt_13b,tldr,ac0bed19-8c07-4b14-b640-5ee0114a7abe,22.673918417418204,6.907522857847719,23.275117765312775,базовые,28.729482603921454,97.22596233873503,59.823084103548176
opt_13b,tldr,ea065afe-0dea-4f8a-883b-087c28a31c0b,22.46248445313381,10.680344288156457,24.1970888680474,базовые,27.529082023564904,204.94885412467602,66.1539764573131
opt_13b,wp,0699db21-3b05-45ae-acb2-608dc5994e58,19.592142143578403,10.988251283855956,25.65790519356914,базовые,11.232927402078623,213.7403202967596,76.18495343486653
opt_13b,wp,423650b9-a03c-4bf7-a504-8768f0d987bd,20.71111606696922,9.805186372750423,21.97558086103259,базовые,17.585818488372894,179.96104509148273,50.8995633702624
opt_13b,xsum,1749da97-b1e5-49b0-9a03-ebae16586955,19.99875868330896,8.983346291924521,22.530526811733516,базовые,13.54146251339405,156.49558516248922,54.710206746854816
opt_13b,xsum,c25c945d-1705-4ed2-82a9-d64b9ac8afc2,21.199770715392596,8.85323316781222,24.298887702732102,базовые,20.360118849938065,152.78055060610072,66.85299778478856
opt_2.7b,cmv,16bb040d-5cb3-4707-9199-b3715a807ad7,17.7391948816913,5.897661498902421,20.00116250692761,базовые,0.7129573676164418,68.39205437411516,37.34183902937897
opt_2.7b,cmv,e22b04a2-4f6f-4601-b621-41294aeb5753,22.34586514257175,5.911910177688974,23.302624019574264,базовые,26.866984576008264,68.79888753899435,60.01196110226134
opt_2.7b,hswag,299343a7-5e9e-4c80-8e58-036faa5f6985,24.15608914159403,4.891510474757901,20.696878179462157,базовые,37.144396468446125,39.664085161598145,42.1191048445215
opt_2.7b,hswag,5c06f2a3-76f0-4852-b311-6178cb47be6f,21.4406918368952,5.607319678076422,22.61400266691573,базовые,21.727930568602545,60.10211510094561,55.283409802492436
opt_2.7b,hswag,8ddb6640-6790-45bb-9264-bc6fcb7b6e1f,21.569403342321714,5.274609508584694,22.48871634889504,базовые,22.45868055163143,50.602460201745515,54.42310714177351
opt_2.7b,hswag,d5479e4c-4500-41c8-9b0f-3fa9916ca70c,9.925731756879458,2.5548457666197777,10.739175347177842,базовые,-43.64739741910495,-27.053167203614443,-26.257381723211637
opt_2.7b,hswag,e912a8b3-af0e-477b-8342-5bf07b1d555c,19.437334311295068,5.194520154787676,21.77939420927631,базовые,10.35401746750113,48.31572149660194,49.55240989676349
opt_2.7b,roct,2509b1cd-ab19-4056-a5c7-2212e2f17a03,19.354681766441143,6.188789391227703,20.176980724312532,базовые,9.88476380172232,76.70443783040271,38.54912872077309
opt_2.7b,roct,57eb060f-08a6-48fb-a962-3581f8075b59,17.4287346504574,4.472125987253966,19.111246276219827,базовые,-1.04965746587137,27.689675399938224,31.231057635289154
opt_2.7b,roct,7d4309ce-0a30-47af-b3a7-991c017e4084,19.417087688549476,4.918341599122009,22.010398910302676,базовые,10.23906877524004,40.43017662915361,51.138648219281194
opt_2.7b,sci_gen,21c43e72-7f29-430a-811b-0432a776eed8,22.00475173346246,6.095875973620208,21.204351834224585,базовые,24.93033860880015,74.05154205590667,45.603770547322114
opt_2.7b,sci_gen,25e7d18a-6fc0-42e9-b0ee-db1284c86754,23.53217142978968,4.632234784980553,21.298634052686747,базовые,33.60215014165786,32.26115671970661,46.251177580132236
opt_2.7b,sci_gen,27f79c73-7acd-41e8-a9da-ca351558b13b,21.414106787785386,3.8908863094694266,19.94109208914126,базовые,21.57699593287247,11.093920719188496,36.92935392271666
opt_2.7b,sci_gen,322d0cd5-36b9-4d28-a66c-8d12bf89b326,23.72610889153704,4.781715558984975,20.215770840709393,базовые,34.70321563235297,36.529183060099655,38.81548853462208
opt_2.7b,sci_gen,5ca5e771-13e2-461f-b3d9-ca2f1b1ce454,24.01232570210623,6.039312797395673,23.51785860453196,базовые,36.32819025115606,72.43653084372583,61.4899108819592
opt_2.7b,sci_gen,60cc32bb-9765-40ee-8fc8-277352ea0261,21.80074617733032,5.164407926906028,20.067045022501695,базовые,23.772112262310287,47.45594683579514,37.79423402620441
opt_2.7b,sci_gen,7225ebd6-d39c-4b4e-906e-6adf168a21de,22.627467224412992,4.625755471651955,23.716529451398433,базовые,28.465759416256542,32.07615714274898,62.85412256019115
opt_2.7b,sci_gen,78427b90-59ae-4ff2-ae12-ae97f4ded642,26.411532572102903,4.735987909593667,22.99570054451086,базовые,49.94950851422198,35.223551527307436,57.90441187896518
opt_2.7b,sci_gen,92454900-5715-4036-bcbc-bd585f825611,26.239004565689683,5.287605169738571,25.591517476647073,базовые,48.96999361117821,50.973516777315076,75.72908937557096
opt_2.7b,sci_gen,94317f6c-f95b-44a6-ac05-917186645e97,23.05724357146893,5.194090299521906,22.625255751166407,базовые,30.905782608252043,48.30344812158712,55.360681275348334
opt_2.7b,sci_gen,b06f2a2e-fb4b-47bf-b1bc-49d21ac62490,22.64378862962147,5.745418343310355,20.65511881496649,базовые,28.55842297838006,64.04515556696641,41.83235611606401
opt_2.7b,sci_gen,ccbb531d-e69e-4a05-bcee-3234c03456c1,19.997380149903744,6.693494719225128,21.43859547417427,базовые,13.533635992686921,91.11495750008272,47.21224966849732
opt_2.7b,squad,88cc0965-b720-4238-91d6-47aef46d1e64,23.919726517608023,4.6385776789005435,22.407991080780015,базовые,35.80246527982326,32.4422612029095,53.86879152260802
opt_2.7b,tldr,0cfa323d-1cee-4068-b5cf-1f16048447b2,22.16050278107464,4.606085319741552,19.614027211485205,базовые,25.81460357813745,31.514528217341837,34.68349987480103
opt_2.7b,tldr,8d3b242b-40fb-4323-b4fe-b448abd583ed,24.8588331160404,5.082391552868047,22.66821373989961,базовые,41.134173028813834,45.11418718764615,55.65566058825466
opt_2.7b,tldr,c367ed4c-00c8-4c06-a176-c2d1cf8f932a,21.42942205964822,4.895644188255635,20.341155384140116,базовые,21.66394724788323,39.7821123675012,39.676465679059056
opt_2.7b,wp,203b0ad7-82a6-4d92-b06c-7a0711bedbc8,18.039501663520088,4.445516896115635,21.455886703895334,базовые,2.417926748540518,26.92992350121607,47.33098323151636
opt_2.7b,wp,39ccca6e-5dd9-4882-b85b-9da2897834f9,16.27698337863993,4.399191489352449,18.897278486193887,базовые,-7.58863950593967,25.60722459487479,29.761806547256835
opt_2.7b,wp,3e441985-835c-4817-97a1-e7330d40fe92,18.13063593101846,4.526987285615864,20.33631532787454,базовые,2.935334762743326,29.256094011537183,39.6432304994394
opt_2.7b,wp,4ecfcb1c-bbbe-4838-8237-135d8fa07324,18.331470398893114,4.492509991667118,20.925519199711495,базовые,4.075557491897955,28.271686486898805,43.689112497212754
opt_2.7b,wp,94134d7a-eec8-455c-a8b1-18f8de918ca3,21.79234780759039,5.914184393129751,22.703657177796273,базовые,23.724431143791865,68.86382171845393,55.8990397888669
opt_2.7b,wp,bd4d5c57-cc93-427b-9ce5-295468db2a12,19.215652722339748,5.797181898231254,20.84827979130919,базовые,9.095436761525256,65.52312634512309,43.15873320591707
opt_2.7b,wp,e8ff775b-03bc-4776-bf30-7c43534d77aa,23.618776598205116,5.019711754711646,22.690421607390125,базовые,34.09384453323598,43.324532087692475,55.80815519255638
opt_2.7b,xsum,c5b131f6-00fe-4113-aefc-e4365029389f,20.99597774922857,5.135263070123678,20.630905392937713,базовые,19.203099467154168,46.62379288648273,41.666089984809155
opt_2.7b,yelp,14bf915a-1988-4b1e-868f-a34e76b9d322,16.200640243873167,4.3916829600784535,17.917026002710934,базовые,-8.022071966000796,25.39283849116035,23.03071385461788
opt_2.7b,yelp,780875cc-7508-4a15-988c-640ffe9102ec,17.99886667457671,6.032616141566637,18.68123594126364,базовые,2.187224626128423,72.24532562913397,28.27830875461452
opt_2.7b,yelp,f41227a1-df00-4957-878f-a7abea23241f,20.639072383378306,6.003226841560826,21.532744925620428,базовые,17.17679584205278,71.40619225304641,47.85874503099157
opt_30b,cmv,18048c3b-b79c-4b2e-9a3b-92db761f6b57,23.118566881709494,6.105659613477003,23.220456149789182,базовые,31.253941133545275,74.33088789748281,59.44773958056223
opt_30b,hswag,5056813a-9c40-4b8b-bcbf-451586342ed5,19.96772672361116,8.369472534542085,20.48747406932069,базовые,13.365280874096333,138.9680510455815,40.68119114439641
opt_30b,roct,13abee96-e0fc-48dc-b76f-8800c0e55019,18.27508435679762,4.93614578157694,20.477112450905672,базовые,3.7554299386709964,40.93852775452684,40.61004109359579
opt_30b,roct,7e125b84-fef2-4964-8eb6-3a452cd63ac0,17.898856247241287,7.066836726556773,19.573203179808896,базовые,1.6194228757262503,101.77474657248571,34.40317378950095
opt_30b,roct,b21af4ee-d4ab-414d-9c76-c4241ec5fd22,23.067312263624004,5.760357573185082,22.44265788210045,базовые,30.962946857843104,64.47170558341624,54.10683779841651
opt_30b,sci_gen,0968d27c-409d-40c5-a347-e3c347f60f5c,22.295116092907985,5.505938629996645,24.255185025177063,базовые,26.5788606273555,57.20744863629147,66.55290492249428
opt_30b,sci_gen,2826e080-8e2a-4886-9132-9d857d305a8b,24.06293294958558,6.322037927595615,22.944780194932033,базовые,36.61550912847108,80.50899575315098,57.55475747998947
opt_30b,sci_gen,2b36427e-a297-4caf-ae49-c35d9bae6aa9,21.53805170467728,7.042884430392605,22.102515768011692,базовые,22.280683964607757,101.0908523953085,51.77118638494941
opt_30b,sci_gen,3c0e5ded-3669-439d-8503-be9189a2ccc4,20.94634082323464,1.3602046860991532,15.415991947358725,базовые,18.92128951778348,-61.16296916936287,5.856881257727356
opt_30b,sci_gen,495637dc-4ec5-4438-850b-38997ae1ebd8,23.01779342330161,5.454650194563497,20.90673720549068,базовые,30.681807331075166,55.74304363274402,43.56014231230312
opt_30b,sci_gen,6bc69093-5a39-4149-a475-441061a7182a,20.368925753294725,4.792624440130005,21.022582109470843,базовые,15.643058475725427,36.84065717696387,44.35561368299504
opt_30b,sci_gen,c2661604-48b0-4061-b94e-3dcbf5df0d0b,27.456724221749795,7.437696255560359,26.138103510287216,базовые,55.8835062381277,112.3636550720245,79.48232776968483
opt_30b,sci_gen,f7543559-c9ef-41f0-9444-0a0b5b8e70bf,17.972386337706187,6.077398123174981,20.32870221685815,базовые,2.036884486335849,73.5239561309653,39.59095360466572
opt_30b,squad,60f679cb-a275-4d19-8927-44ea433fe2fd,20.887664947249707,5.668028695235802,20.35130949124526,базовые,18.588161603242266,61.8354997857743,39.74619081343756
opt_30b,squad,814d602d-515d-4d4a-b008-6c8d75abd94f,21.0025129935885,5.417389007610664,19.176097203588977,базовые,19.240202830130805,54.679149440007926,31.676369032791918
opt_30b,squad,b29b882b-920e-4257-9cda-7b7d56a40522,22.79775077624956,7.535548168271366,23.99677608320392,базовые,29.432531595653643,115.1575564529209,64.77849009535934
opt_30b,squad,da4bf083-6711-4757-af2d-ff161d2ba2e9,20.666198338410652,5.891566710011675,22.42643919009224,базовые,17.330801430860433,68.21803387082242,53.995469022412266
opt_30b,squad,e064fa36-2b2b-4d96-bf74-a0fa284bb313,23.54645933071062,6.360484504860252,21.934817453314373,базовые,33.68326863468531,81.60673561673084,50.61965357106022
opt_30b,squad,eb451a1d-11ff-4235-a59d-ad7ab8823cb3,18.953442045713288,5.7559712859587915,20.368496527858177,базовые,7.606755179720759,64.34646680576726,39.864208914388726
opt_30b,tldr,4e1b30f5-3f9f-4c73-8ffc-b5f083fe85a5,23.846086157128656,6.190299095774873,21.582416907493375,базовые,35.384377619421656,76.74754343255418,48.19982727240137
opt_30b,tldr,af48ff4b-2e6c-47d6-aff9-ad3f25f9fae2,19.91396102169659,6.586829394167597,21.54028024467751,базовые,13.060030107030748,88.06941254633061,47.91048775227662
opt_30b,tldr,f0cc6788-9634-43ec-ba00-d75fbdfcc99c,21.437133007280735,5.491456324959395,21.20796531922693,базовые,21.707725578599852,56.79394489455435,45.62858323885217
opt_30b,wp,9ab236f7-1dc1-4ff6-817e-09ba7b8c991e,23.41034359890477,8.694505788396196,23.03035739502722,базовые,32.91048170800393,148.24851201584622,58.142389825658746
opt_30b,wp,b18827ba-2778-4d4e-b963-1fc5e46a9b2f,22.158724497618863,6.0781250945184615,22.528079223780303,базовые,25.804507506299707,73.54471286615986,54.693399912223875
opt_30b,xsum,68e9936b-c1a8-480a-9c77-ee61aaf72872,23.237800540389948,6.542973767398424,22.57546002599014,базовые,31.930881347774694,86.81723164566348,55.01874932668578
opt_30b,yelp,2dc9291c-3f03-4b78-8ba6-8ade0db02615,17.46103755604196,7.408921157933461,21.322307128893733,базовые,-0.8662601259872752,111.5420586129685,46.4137333226109
opt_350m,cmv,3eca19ce-32b9-4325-a8cc-98764262ab31,16.675787646875346,3.429901229404294,12.643430622185535,базовые,-5.324457984022283,-2.0682834328182307,-13.181445693974961
opt_350m,cmv,6b30fe6c-b972-4990-938a-21163f7326ba,23.72260445235061,3.863631484975639,18.253840867309503,базовые,34.683319439953344,10.315731620175443,25.343518067891807
opt_350m,cmv,6c5bef81-7c8a-4426-b134-89917bc06a68,22.458272992145695,4.5757833373042915,23.912712157159252,базовые,27.505171767559467,30.649335619365804,64.20124893775136
opt_350m,cmv,debc9e17-1e56-4fdb-867f-e37b1847c27e,23.383879446114,6.25225161252743,23.54807279704635,базовые,32.76023345211845,78.51643294436347,61.69738246083752
opt_350m,eli5,c2cbcc70-64a3-4388-aac7-f8120e21908b,27.31553567136388,4.421562632953915,24.68725570825535,базовые,55.08191876188388,26.245973161649978,69.51980158083093
opt_350m,hswag,26e6e6f3-3355-4cc3-9c92-9b35fc0b04e5,18.05331432003175,4.086789114807911,18.207932991239563,базовые,2.4963470768400957,16.687404823818625,25.028282784782913
opt_350m,hswag,46ddc9c1-fb5e-4d32-ac1c-ceac3d138ab6,17.56601550297098,3.286731341418295,17.811407847214316,базовые,-0.27025565317354117,-6.156119190594599,22.305466424336153
opt_350m,hswag,90314b17-e4e1-44ec-aa3e-0b390afd9d0f,19.076726127961344,3.839584650563899,17.516142162077912,базовые,8.306691371997953,9.629138154521193,20.277967663458757
opt_350m,hswag,9ca57c2a-5804-45ba-b2c3-e13a6e112c0c,19.49898787458754,5.642510542512386,20.63495351844523,базовые,10.704050979892678,61.1068967349332,41.69388721917648
opt_350m,hswag,aa011e8d-b001-4e38-aab3-3cfd866c8184,17.219058410628577,3.956231437355743,18.592126919824956,базовые,-2.240078696582211,12.959677227961322,27.66642447667526
opt_350m,hswag,f876b95e-4fa6-49b7-b1a6-53c19978349b,18.760689626001508,4.077038714497894,16.96855596426412,базовые,6.512417676896809,16.409008049185253,16.51786144919231
opt_350m,roct,0e42d5c1-8e7e-439d-96a6-54e69078e567,18.53996016751059,4.280672487727313,18.209768638840792,базовые,5.259242620698687,22.22322940123066,25.040887612991042
opt_350m,roct,0f38959f-ee7c-4efc-a89b-b07f2fc291d3,19.441035491369952,4.729976764441183,19.67230465054667,базовые,10.37503064163771,35.05191924872445,35.08367314732217
opt_350m,roct,36a8855e-b66a-42ef-833f-45be78faf57d,21.28963138157482,4.492592813027535,18.260582159638087,базовые,20.870296087551978,28.274051230794207,25.38980845153935
opt_350m,roct,499b23af-1440-4bff-9b81-72dbb0b9dd77,18.960873013662724,4.909877181765977,20.71107414594637,базовые,7.64894394664524,40.188497680992995,42.21658418568809
opt_350m,roct,8278a44c-6d72-493c-aa20-5a9699374223,19.35310614082239,4.194506752808965,17.88890645875265,базовые,9.875818304656244,19.762995777741704,22.837625583945588
opt_350m,roct,8d523ffc-5270-42a3-b274-33d5d4ac38fc,21.03171204651709,3.8787029650799902,19.29332439160373,базовые,19.405978277798216,10.746057690551408,32.481332123342895
opt_350m,sci_gen,2f076e14-c748-4204-956d-18c89c3f5c04,18.043338160783044,2.751957749419815,14.268968033977549,базовые,2.439708175931219,-21.425158249280468,-2.0193796156034884
opt_350m,sci_gen,3d9b6bb6-32e3-48c1-b266-d04e3448b9f5,18.756940838486504,4.783476854416091,21.36114007014556,базовые,6.491134215065711,36.579472171480596,46.680387201584104
opt_350m,sci_gen,7aeacfad-6aeb-42b6-aa7b-91d34bc40053,19.110672499938747,4.8576449998711535,18.850076270422505,базовые,8.49941936988889,38.697146504709195,29.437683431010083
opt_350m,sci_gen,940247e1-92c8-40e8-bd17-1e1b564ec1bf,22.711927303216143,4.281553916184792,19.024693541173807,базовые,28.945275221370476,22.2483962489323,30.63672659077484
opt_350m,sci_gen,af124762-9e36-429c-aacd-6b0b6e120dc8,17.903358060079455,3.331293880333461,16.015835858354826,базовые,1.6449815827290875,-4.88375429182112,9.975825136026693
opt_350m,squad,05d16b76-af88-4442-890f-dbcbe3a8c6ac,18.74606405309017,4.333960146400846,17.731203298584816,базовые,6.429382076300477,23.744716912593073,21.754726425924492
opt_350m,squad,905283c9-2324-4692-a824-76519ab5a4ea,16.447381713153764,5.0444067982829655,19.17041939706581,базовые,-6.621215656443723,44.0296334436463,31.637381279491343
opt_350m,squad,9b677860-2fb7-420f-92d2-6443ba98bbd3,22.751813981566883,4.050135204645107,19.352104122280004,базовые,29.171728866142143,15.6408498063244,32.88495447809028
opt_350m,squad,e914aed1-08e1-41c5-baf4-6da4972161a8,25.51210533491991,5.051251809086344,21.53929755111163,базовые,44.84307738260529,44.225074540360396,47.903739897421
opt_350m,squad,f04d55b0-0062-4c00-9ff5-2c803193bfa3,17.99996160678117,3.45368921605779,17.740992502313155,базовые,2.1934410221465974,-1.3890806771579163,21.821945880904554
opt_350m,squad,f6976c24-b83b-442b-b9f7-4d3a30a5b7fb,16.72182190269982,3.5197993174403805,16.216343657601055,базовые,-5.0631019261391135,0.498517617313074,11.352650601980105
opt_350m,tldr,75c7d178-5b7e-4221-9749-8f04d8d81130,11.49261169882326,2.219430075622479,8.412293124616298,базовые,-34.75155328155444,-36.63007108100041,-42.23536717984106
opt_350m,tldr,7e6de0dd-123b-43e9-bab6-f90e3d882d55,24.276541047470232,4.895406827799617,22.285561785271486,базовые,37.82825319036977,39.77533517033186,53.02810715786729
opt_350m,tldr,8b179aa9-e184-44fd-8367-26bb0ca50e68,19.48245316481797,4.773009343599177,19.2577860006971,базовые,10.610176397014758,36.28060021164168,32.23730090957864
opt_350m,tldr,bf35d962-63fd-4045-b701-e6d8631a49ba,20.560543608763492,3.902458670821968,18.311609305027385,базовые,16.730954574584906,11.424338750551726,25.740196184540288
opt_350m,wp,f2f6549b-5c8a-4015-a4fc-a826ebb50404,18.52427708109803,4.3213589352342305,19.663420471042755,базовые,5.170203065984126,23.384922808380175,35.022668215688206
opt_350m,xsum,5d5b9a35-ddc4-4c5f-9d1c-01630fdb3cd6,16.70575353636432,4.7690691223519455,17.203583155767245,базовые,-5.154328878912751,36.16809766285463,18.131720978195638
opt_350m,xsum,8d67407d-a672-4d0e-9423-d96e117e3806,19.10754799596252,4.812278207015575,18.945599007747862,базовые,8.481680231339963,37.40181827152093,30.09360872579437
opt_350m,xsum,b39bb420-794f-442e-8141-9c2dabe3970a,17.174799859981903,3.818138220299904,18.70037365742194,базовые,-2.491353320608779,9.01679232019051,28.409721572799118
opt_6.7b,eli5,292bc2a3-8396-4f53-ba6b-32617f6fa489,25.38614823457339,4.975917753703674,20.492301889096407,базовые,44.1279653292144,42.07411074690054,40.714342299798986
opt_6.7b,hswag,01fdb4f7-e68e-42db-84df-c5e9a626da86,19.053593814075008,4.693121440833887,19.90658879203566,базовые,8.175359383269797,33.999613405466015,36.692430380126616
opt_6.7b,hswag,c6dfaf77-0cef-4242-8cc2-09c95e5f7a40,16.983919760191437,4.199140877681695,16.195356271125508,базовые,-3.5750608665676324,19.895310900895254,11.208536665903964
opt_6.7b,roct,6f78b168-1903-4564-be37-2f8d9ddc05a4,21.301561937407655,4.26625057378976,20.727080675078092,базовые,20.93803092946435,21.81144996688992,42.326496104391154
opt_6.7b,roct,844544c0-3436-4f07-9f05-545a3da1de36,18.203056769367613,4.139928839103069,19.033343438220037,базовые,3.3464986771052545,18.204668462059143,30.69612277673815
opt_6.7b,roct,b5d13e20-75d5-43bf-9c97-e613327b5276,19.238100633151532,4.401347801615166,21.11161982876906,базовые,9.222883102785802,25.668792362346437,44.96700835103813
opt_6.7b,roct,c1c3e749-b3de-4ba6-a17d-c54ed66d2b45,19.18825901118707,4.668680482111787,20.451964897858826,базовые,8.93991100729231,33.30176676729369,40.43736057158382
opt_6.7b,sci_gen,461eea35-484b-4044-862e-a87eb5d377f2,20.747509026253947,4.37534061809705,18.651962159455557,базовые,17.792436803429982,24.9262263364877,28.077294687183475
opt_6.7b,sci_gen,6180d644-90e6-42f6-8067-56e4d3f6cf1e,26.224679227399097,5.697742682294937,24.911635652573818,базовые,48.88866257027367,62.68390373799585,71.06054973401123
opt_6.7b,sci_gen,7462de97-cfe1-4a50-b7fc-392db816814b,23.893054224875023,3.772734878095691,20.363477831882655,базовые,35.65103532492222,7.720420517461372,39.82974707075495
opt_6.7b,sci_gen,9d95097b-0a23-45fc-9a24-26ffbe1ca6fd,27.050887913076693,3.714670647879726,20.80120697892199,базовые,53.57940083051361,6.062550696764201,42.8354986629597
opt_6.7b,sci_gen,bea7e6ed-0947-4450-9847-27052c7518de,19.656814271396115,4.169383558645344,17.73091492478169,базовые,11.600098589678613,19.04566971919473,21.752746251600346
opt_6.7b,sci_gen,d9e78fcc-a075-4e5b-8bd4-1132688481d0,25.59607476085091,3.833458111465736,21.785882602550316,базовые,45.31980754259133,9.454211108414016,49.596963700288114
opt_6.7b,squad,3dd80439-7ac6-403b-9639-cf672bfcdbf1,15.969959619511334,5.274958296196303,17.272301186280384,базовые,-9.3317440250674,50.61241890528758,18.603586585101365
opt_6.7b,squad,65d8a33c-5021-42a1-8fb4-9585efdf0c62,22.907161674625204,5.334551648760085,20.212750252055095,базовые,30.053703820049893,52.31394875184181,38.79474708018967
opt_6.7b,squad,6ff90537-d560-4f1b-8eb5-dcb911b57038,18.50074028406386,3.92397153802452,15.556011351563816,базовые,5.036574654318195,12.038581515144003,6.818351495603005
opt_6.7b,squad,81cd4890-92f8-4e3d-8a6e-fdefbd4c409f,22.292072311326834,4.343362387321919,19.821030574807423,базовые,26.56157978419078,24.0131729209134,36.104928383973586
opt_6.7b,squad,ee0c8319-884e-47d9-93bd-25f5870109ad,20.20087082414735,4.918011891563543,20.025196561801984,базовые,14.688939135613438,40.4207627058345,37.50687350148209
opt_6.7b,squad,fee8366c-0bef-4770-bbb4-c0eb7ea30bd8,20.70355137537883,4.883740866259035,20.723578736564185,базовые,17.542870515439336,39.44224463428912,42.30244936833263
opt_6.7b,tldr,2e2f02e5-f986-41c3-9d6d-cf2c334079ab,16.005825833181742,3.590052898498037,16.437619560515152,базовые,-9.128116268992981,2.5044219649326873,12.872084256328067
opt_6.7b,tldr,5552b5e3-909d-43c3-9c47-8eba95b2b183,21.81725377050305,4.453423415659194,20.639144923392685,базовые,23.86583289272982,27.155673159642014,41.72266830944566
opt_6.7b,tldr,9d22c2d4-9517-4df5-853e-b665743184ef,20.21269488084285,4.735755071555196,20.096058977252973,базовые,14.756069336607796,35.216903455755364,37.993463941049384
opt_6.7b,tldr,a1bc8085-a8a4-425a-ba9f-b6ba901b5760,15.47762167686166,4.134811917843704,16.625554409634958,базовые,-12.126956015196297,18.058568370845805,14.162575135889844
opt_6.7b,tldr,dcbf7ece-8bdd-448d-a39a-e8c99b5db2cd,19.418314446705537,4.239364255333997,18.448146673000984,базовые,10.246033603277379,21.043782578694575,26.677756349217212
opt_6.7b,wp,7d64c017-56a0-4407-98e9-4b081a7f87b6,16.44442703401843,4.6577618391447135,18.583690463318625,базовые,-6.637990627110447,32.990013927537596,27.608493921335313
opt_6.7b,wp,8da9afe8-fa96-4a12-973b-65331bbe5494,18.52043560742098,4.575893411534628,18.90455588882805,базовые,5.148393385373134,30.652478496552554,29.811778235691794
opt_6.7b,wp,f03b3480-1b30-42c8-a4e2-2889b84fbb33,19.750395660801452,5.243758719163145,19.84554628347582,базовые,12.131399956197193,49.721597878479805,36.27327022472709
opt_6.7b,xsum,1b2b2a55-c120-4a3b-80b5-c88988f540b8,18.781407883967223,4.8878634202146864,17.379552219479194,базовые,6.630044042983238,39.559953209118234,19.34004648498087
opt_6.7b,xsum,aba8ff18-51a0-4db3-b394-f60fe6758ab0,25.986909199782165,5.957484665754316,21.501252017846333,базовые,47.53874095238804,70.10014595706389,47.64249290721733
opt_6.7b,xsum,c4211173-397e-414f-8688-5326159e4e84,16.99384688941724,3.867469814709886,16.7078812577097,базовые,-3.518700329961027,10.425324927528774,14.727888312669505
opt_6.7b,yelp,f826a5df-b7af-44b5-8a31-f04aebfeb69e,17.66770832226287,4.481204032410412,19.252215517288313,базовые,0.3070977522229767,27.948874859568022,32.19905011113729
opt_iml_30b,eli5,dcb5eef9-70f0-48f6-8d7d-25af45e455f6,20.122708136487113,4.541248858275344,18.902029732480568,инструктивные,14.24517629955662,29.663295326699533,29.79443189603185
opt_iml_30b,hswag,1d7219c4-ac6f-43aa-ba74-f8cd909d5f5f,18.065974392435052,4.48824487177215,19.94671954117135,инструктивные,2.568223694732196,28.149907320461526,36.967995907181034
opt_iml_30b,hswag,3215ebd1-1a39-4fe5-bc69-50ea0229e10b,17.530572768997537,5.606348869855526,19.95810221082636,инструктивные,-0.47147913481775783,60.07439625157617,37.04615720320278
opt_iml_30b,hswag,4ba06d8b-a493-4544-a43e-0779bcfcfd26,18.893987265325265,4.795730261660267,20.149700689063433,инструктивные,7.269205093459512,36.92933565878202,38.36180509852865
opt_iml_30b,hswag,6b7fa55d-08ff-4c0a-81d1-0b9b5505d575,18.43259469682672,4.206934188673744,17.821463471700163,инструктивные,4.649683159637749,20.11782818992102,22.374515308819582
opt_iml_30b,hswag,d7dbd0b2-626c-4670-87b6-dea63ce23354,20.77097043856115,2.1641153419602825,16.799496098042688,инструктивные,17.92563722392472,-38.20943633284943,15.356979279224936
opt_iml_30b,roct,9d6aed05-8e5f-4df3-b3e1-d198d73d5b89,20.8994418183422,5.043862853319075,23.13390663137687,инструктивные,18.6550239114909,44.014102540431004,58.85343062368351
opt_iml_30b,sci_gen,4afd90af-d5a9-4523-b738-a2c4687b754d,22.264058184739937,5.5638274027497685,21.99156751208917,инструктивные,26.40253166755111,58.86030873531699,51.00933879232955
opt_iml_30b,sci_gen,7aa022d6-72b5-4e5f-9987-7451372c9e5f,22.29411910281779,4.129785713776424,18.696694617528426,инструктивные,26.573200290394343,17.91505846802239,28.38445873596836
opt_iml_30b,sci_gen,7cf8314f-c950-49cf-a936-02900d9d0f49,22.84338567115051,4.664859537177909,19.876926409368497,инструктивные,29.691620311645966,33.19266983672454,36.48874790996569
opt_iml_30b,sci_gen,dc1541f3-5e40-4ba1-b1d5-edd3d82ab382,20.54194103958408,5.532619757803944,20.833724798299865,инструктивные,16.625339873963526,57.96925735069899,43.058788539887395
opt_iml_30b,sci_gen,e47eb058-59af-43e8-a3c4-fb8a538f2ef1,24.083388942430496,4.275454210322943,21.67900302318747,инструктивные,36.73164650387298,22.074235354593803,48.86305445979794
opt_iml_30b,squad,b645666d-c909-4578-b5f7-194f3d5bf340,14.649973919266358,4.251208215567016,16.517136876568237,инструктивные,-16.825864499037905,21.381955394468182,13.41810523973983
opt_iml_30b,squad,d5a642d8-9282-48a3-b1d9-94ea3b0ae54c,17.22343269441809,3.735941564537296,16.9040101928453,инструктивные,-2.215244026252174,6.669885206392369,16.074645463863433
opt_iml_30b,tldr,44c4402e-371a-41e2-833b-adae87757062,23.54284925633386,4.758911287561985,21.531321941889605,инструктивные,33.662772706362446,35.87806767917506,47.84897383882049
opt_iml_30b,tldr,8077c435-05ca-4024-81ce-e89fe8691ea2,21.22948138514856,4.599625563510281,21.682117802363837,инструктивные,20.528798964027352,31.33008704133637,48.88444269161219
opt_iml_30b,tldr,c573bd85-a6ff-4378-b3ce-4fa9d24b3977,22.063775339942765,4.469535686486343,22.68566268738151,инструктивные,25.265440737322862,27.61571624378997,55.77547715069002
opt_iml_30b,wp,07b6af0f-76eb-41f3-a45b-3dd8e287b8b3,22.58821600652394,5.837775891364841,22.733167665655003,инструктивные,28.242913550914185,66.6821799632878,56.10167924403697
opt_iml_30b,wp,20c3b34a-32e6-4130-9dfa-5948066e8e3c,22.35961488783858,4.337753871809221,20.85734405041792,инструктивные,26.945047730402205,23.853036661932077,43.22097468888092
opt_iml_30b,wp,67579437-40dd-4878-8eff-83f429a42a96,19.3929979499314,5.572438466363122,21.11800050692537,инструктивные,10.102301078925736,59.10617477772527,45.010822507937185
opt_iml_30b,wp,6eadc852-d870-417a-a1cf-895db0fe2a5f,16.564369279320267,5.246552596949213,18.922698432444275,инструктивные,-5.957027465127965,49.80136963549804,29.93635750972449
opt_iml_30b,wp,733f5184-9c5f-491b-806d-48346d2d557e,16.90915300250076,5.805227091241678,20.49585534875217,инструктивные,-3.9995435632196625,65.7528354559484,40.7387428157125
opt_iml_30b,wp,92c685de-933f-441c-8370-86092afd7cb1,20.09868212105689,5.64023834384792,21.40449952454898,инструктивные,14.108770386893966,61.0420201391627,46.97812325592664
opt_iml_30b,wp,d51afcb1-8dfc-4629-9841-1796aba1d8c5,19.32687250734215,4.76821014075527,20.67695000384318,инструктивные,9.72687880498255,36.1435717256233,41.98226418403177
opt_iml_30b,yelp,b3df8754-c056-4634-95be-1c54211bb6f4,22.844518092223815,5.454485302408631,21.679800478356135,инструктивные,29.698049547924082,55.738335575370215,48.868530339480934
opt_iml_30b,yelp,fe60f45f-6813-4e78-8bdb-6cfabe103a5f,18.990406197478165,5.440238421438382,19.598853028370776,инструктивные,7.816616397529944,55.331553742358906,34.579303420520816
opt_iml_max_1.3b,cmv,41b2cc27-1fb2-48c2-b29f-0c126eff1742,23.848608906858814,4.337001218391937,21.31880052349883,инструктивные,35.39870034306932,23.831546643355797,46.38965454051413
opt_iml_max_1.3b,cmv,e5e61670-ac0e-44cb-82d8-2374c6cbcdf7,22.348810090710437,3.974331657713027,22.806688293511797,инструктивные,26.883704299666494,13.476480929081584,56.606522811652084
opt_iml_max_1.3b,eli5,46e8147d-c929-48a5-95c7-e95c01c7af87,19.556959472684937,5.046071417094,18.91500111917751,инструктивные,11.033180409196234,44.07716221100468,29.883502423962533
opt_iml_max_1.3b,hswag,4a7f2fb6-b102-43aa-909f-9d30e6543d99,17.50847245321883,4.783726588931647,17.527053599509316,инструктивные,-0.5969520311739016,36.58660267704292,20.352893152552895
opt_iml_max_1.3b,roct,ce0d96a2-6d72-47cf-8815-cf89c2ad7d09,15.907202718223443,4.068283722038546,16.99673859332049,инструктивные,-9.688041656729048,16.159032500989795,16.711382905854848
opt_iml_max_1.3b,roct,de724450-4372-4581-95be-425e1cfcbf35,20.410943471115765,4.046514023896277,20.33136922477318,инструктивные,15.881610938326899,15.53745661129804,39.60926712877359
opt_iml_max_1.3b,roct,f356a85d-2ae7-4242-a7b3-51c86568be81,18.21910428746465,3.335950326598593,14.972711809313978,инструктивные,3.4376072655582126,-4.750801840614111,2.8130127154275884
opt_iml_max_1.3b,sci_gen,47edc6c5-a5ff-4f7b-a8c2-cd2333fcf519,22.356430230215302,4.145088854274616,19.91655880175731,инструктивные,26.926967074003617,18.35199898543694,36.76089137432324
opt_iml_max_1.3b,sci_gen,584af67a-72ab-41ee-aae2-857a8b467c95,20.161977842784825,4.598598022747835,20.949728261709417,инструктивные,14.468127131461753,31.300748344977887,43.855348689475036
opt_iml_max_1.3b,sci_gen,64437427-3b87-4710-8e85-858607d40bba,20.190359262962705,3.983947260992757,18.706315965154232,инструктивные,14.629260530100794,13.751028932662585,28.45052557465394
opt_iml_max_1.3b,sci_gen,ce73d45f-8841-471b-a147-3f12152807e6,17.226193965282206,4.122972210734494,18.55407208890187,инструктивные,-2.199567116636325,17.720516991722267,27.405113642311573
opt_iml_max_1.3b,sci_gen,eb16043f-1bbe-4e9f-be0d-c84f4317f292,19.986946474768665,3.790330927229765,18.65997331465949,инструктивные,13.47439957941817,8.222828948855069,28.132304829122806
opt_iml_max_1.3b,squad,1559b30f-5033-403c-b879-c73716007c14,20.814824631558945,3.4738780014164083,18.568931728989103,инструктивные,18.174616137524495,-0.8126435516144334,27.507150226244566
opt_iml_max_1.3b,squad,69ceaaac-42b9-4d86-9833-36f1aa314c74,21.121537159434816,4.543964813696714,20.292216101775548,инструктивные,19.915953664401655,29.740842217628803,39.34041466010454
opt_iml_max_1.3b,squad,7d243895-6273-48db-b2a8-0e44e0860a07,14.152295807121824,2.041163868473908,11.372174976247225,инструктивные,-19.651394903630287,-41.719988983683706,-21.91076771359134
opt_iml_max_1.3b,squad,8c615078-763a-4c76-ae83-739f8b19798e,22.938893849944865,4.095448344652223,19.575226928528185,инструктивные,30.23386088137454,16.93464612497719,34.41707025030637
opt_iml_max_1.3b,tldr,103d3a83-265c-43c0-987a-134fff64f1ca,19.506817439068115,3.800814298559404,15.86926368647844,инструктивные,10.748502748927182,8.522153763494417,8.969359055414596
opt_iml_max_1.3b,tldr,bb886e1c-4963-426f-9e5c-12fa1881903b,19.099329593140684,3.978175245895887,20.13788893827171,инструктивные,8.435020861591468,13.58622437746368,38.28069743414514
opt_iml_max_1.3b,wp,0bb55134-ceb8-4e42-becc-eef6f76ea80d,17.828267894733354,4.005136934390953,16.4824499747429,инструктивные,1.218662763207326,14.356043756877723,13.17992093993858
opt_iml_max_1.3b,wp,10e58878-d317-4736-a694-6941eab3aa72,19.43644290577966,4.018270426359012,19.559877659635458,инструктивные,10.348956579097276,14.73103572513819,34.31167153576899
opt_iml_max_1.3b,wp,3348da9d-ce9f-4281-870f-ee3db33d05f1,15.635199812148146,3.7280447855233874,15.753181231872158,инструктивные,-11.232317891706481,6.444413662910612,8.172256497543314
opt_iml_max_1.3b,wp,40f8b5e8-4730-41f7-933e-c1c1b31d7b46,18.122803858464245,4.137860537692179,17.67876328137388,инструктивные,2.890868754307571,18.14561361062192,21.394636936126695
opt_iml_max_1.3b,wp,6488357d-acfc-4b22-9faa-95be21f9e036,18.274939987221003,5.036504290079525,17.96205048081898,инструктивные,3.7546102911553123,43.803998318379556,23.339883115282372
opt_iml_max_1.3b,wp,90f74add-ad00-40f8-8f76-7576a9ef9163,20.340256221249483,4.507877851197967,22.514746514230787,инструктивные,15.48028934342382,28.710474884336335,54.601848291254804
opt_iml_max_1.3b,xsum,aba99f53-3589-4079-accb-936be979369f,19.37084796353602,3.569486643536042,17.023243968109064,инструктивные,9.976546181343906,1.9172071977785123,16.893387172675077
opt_iml_max_1.3b,yelp,cd87df87-b1f2-4656-a9d7-39b18027264e,16.570990656708442,4.386854947030094,16.887116949498377,инструктивные,-5.919435088300399,25.254987406300767,15.958644751023202
text-davinci-002,cmv,b85f103c-50d8-4633-a77e-e04f0e115caa,18.043449001222797,3.0367793635271036,14.695748428893577,инструктивные,2.4403374642702826,-13.292833812110983,0.9111902589800535
text-davinci-002,cmv,cfc8395d-7050-43d0-a3dd-5b1be8e69881,21.933543545740974,3.041026767307131,14.978794812388369,инструктивные,24.526059428034117,-13.17156048226519,2.8547828289781796
text-davinci-002,cmv,e7922c2b-25c9-4ce2-95d4-5dc06a7d09f2,19.42635984206153,2.411594011703834,13.2675571415681,инструктивные,10.291710736027634,-31.14334045405995,-8.89576060295502
text-davinci-002,eli5,16c48a20-9f20-41b1-81ff-e5b1657ea9db,18.03899323460026,1.469696958702322,11.092834571955873,инструктивные,2.415040181226232,-58.03670823947235,-23.828912462792605
text-davinci-002,hswag,43e83fc9-3cfc-4f89-8b47-6abb8f02a5d7,12.797202894660048,2.435531092777822,11.009722437555345,инструктивные,-27.3448339594681,-30.45988070335727,-24.399617959549197
text-davinci-002,hswag,530fde0e-1f8e-4f56-a349-675199252d30,17.70227098444601,3.061108050758324,14.463820382252967,инструктивные,0.5033246918432382,-12.59819278806222,-0.6813883942397345
text-davinci-002,hswag,86ba5286-b586-489a-974c-f20433f0c9c0,20.43652295199192,2.955995211284351,12.194382602097024,инструктивные,16.026836535325366,-15.59941064083539,-16.26492051050608
text-davinci-002,hswag,974bd78e-8b2d-4a2e-b63d-b594fc2138d2,13.433914409391654,1.8583298639886616,7.271777730521618,инструктивные,-23.72995176970093,-46.94032820295673,-50.066936050501766
text-davinci-002,hswag,ad3439ca-27ed-48dc-8aae-fd5b0980a93f,17.65103261620367,2.9683698063818538,12.21987835312386,инструктивные,0.2124226734149286,-15.246086956370942,-16.089849019924067
text-davinci-002,hswag,b39c1151-edcb-46a7-8521-a3570098a4c9,16.40374994099329,2.604328609858783,14.479682019141316,инструктивные,-6.868931792309997,-25.640316087822345,-0.5724714060642925
text-davinci-002,hswag,dd0b6afd-4709-4c1d-9319-724e1e4c83a7,16.7586595595645,2.771249235144189,11.55561460973439,инструктивные,-4.853958873701906,-20.874341130722406,-20.651144098950127
text-davinci-002,hswag,f44ca484-9b96-417a-8c2c-aa8cbd7021f9,17.123078243056053,2.4284286729733537,13.454287270858282,инструктивные,-2.7849989474355947,-30.66267143017745,-7.613542164400526
text-davinci-002,sci_gen,6345122f-998a-4208-9c43-111b320f09a0,13.35690387608954,1.8448721090105895,7.775640334597298,инструктивные,-24.167173335225208,-47.32457863992107,-46.607066323533786
text-davinci-002,sci_gen,6c74fe84-e0ce-4736-9d7f-040ad83cc6ea,20.29668939765005,2.653395074956816,12.763767631164614,инструктивные,15.232941948174167,-24.23935354355437,-12.355128418128766
text-davinci-002,sci_gen,da32ac14-fa82-4579-b7e4-e7815d854d79,21.31857028166428,2.462298653459343,14.548058914802732,инструктивные,21.03459453685665,-29.695604127873242,-0.10294826739641989
text-davinci-002,squad,5ceba14b-8771-4836-8b4a-762b5ea0a58d,18.200632435062698,3.365949380860376,16.317899701659673,инструктивные,3.332734699702434,-3.8942585518271318,12.05000476080604
text-davinci-002,squad,60ee997c-13b7-45e2-9b38-e5dd746f11cd,21.011021365563224,3.073193713165872,14.984714826669432,инструктивные,19.28850847814207,-12.253118808882892,2.895433748551469
text-davinci-002,squad,abf877f3-c252-4abc-9749-d4f33e766791,20.459833833074683,3.926055276867224,16.125016983958986,инструктивные,16.159182326007958,12.098077141430352,10.725538387572906
text-davinci-002,squad,b92f61b9-da1d-4c76-b82b-7242bd3282d1,16.139681552607,3.0325706756798083,14.111190064511613,инструктивные,-8.368160394231067,-13.413001711363478,-3.1027924660949244
text-davinci-002,tldr,25c197a9-4720-432a-a2ed-a6aa7289c87d,15.426143333598576,3.2769452879161634,14.384979988536418,инструктивные,-12.41922047392669,-6.435533947400435,-1.2227611599017643
text-davinci-002,tldr,6675edac-6544-4873-b4fd-603702de60ba,21.26831396974281,2.550340792028161,13.476690728870816,инструктивные,20.74926807002672,-27.181794783635215,-7.459704500065111
text-davinci-002,tldr,c857c691-1fd5-4375-96f3-6d684b19bbac,17.20138977013742,1.5287653183634995,8.975019504645527,инструктивные,-2.3403910866538764,-56.35016817037787,-38.371297985023475
text-davinci-002,wp,5adb0f70-dd49-4ba2-99a9-9d1c4817fc61,18.75790875419432,3.821910650704312,13.402852793594564,инструктивные,6.496629484386957,9.124504047270793,-7.966726920259952
text-davinci-002,wp,776618d5-2baf-40b6-aa92-204e224b6ed6,14.40244953569297,1.8072911126374411,8.104181646433577,инструктивные,-18.231165746165047,-48.39760414094014,-44.35107405562983
text-davinci-002,wp,ffe9c61b-ea89-4391-81c6-12bb162387cb,21.004218865027433,3.675682195040749,15.843110070299469,инструктивные,19.24988778813762,4.949339015889427,8.789770206914197
text-davinci-002,xsum,121b5106-d2bd-4159-96f3-cdaf4c23dcbd,15.717217145069649,2.982852594578817,13.687157534527175,инструктивные,-10.766670594350598,-14.832569419291927,-6.0144935962753205
text-davinci-002,xsum,1931f2a5-3290-4994-bd9e-48e93a121170,14.6174930846321,3.531661665281871,14.085963791476052,инструктивные,-17.010272017845924,0.837215442391826,-3.276013534088402
text-davinci-002,xsum,42dc01bc-4cba-4b29-bdc2-88e824a3146a,19.278066579384323,2.7556980609745905,12.703110911750525,инструктивные,9.44978678505234,-21.318363590613625,-12.771639477970142
text-davinci-002,xsum,be680789-5f6c-454e-9f87-be934db3b28f,16.961088205772043,4.542927583868784,15.933383301306458,инструктивные,-3.704685315828861,29.711226875748668,9.409648754340108
text-davinci-002,xsum,c95855b4-5bae-4893-9c2f-12f109d0af17,14.714748621451657,3.451796721266489,14.194250668280617,инструктивные,-16.458110953107752,-1.4431158376802358,-2.5324408143559602
text-davinci-002,xsum,cc71aeb4-b59d-40e5-9e1b-2159a20de19b,14.229206338629512,2.8491660814358575,11.877793938597934,инструктивные,-19.21474109084372,-18.649632605174105,-18.438837613862354
text-davinci-002,xsum,dd196f88-2d2b-4504-90a9-d8596306c6a2,14.690473952675108,3.2332412163100672,14.190010742113074,инструктивные,-16.59592857661945,-7.683387593058731,-2.561555084938853
text-davinci-002,xsum,e8e154dc-6c77-450b-a43b-acc25c3528cf,16.032890725273194,3.5373865455189764,14.102304427299371,инструктивные,-8.974457360483052,1.0006741869046023,-3.1638074073641853
text-davinci-002,yelp,47313815-8463-4798-85ae-88af68537558,15.605584579756751,2.939598572819292,11.701314332383289,инструктивные,-11.400456167268525,-16.06757308733639,-19.650668859186464
text-davinci-002,yelp,598a5ba9-dba1-4387-8ad7-5303d952e656,16.350314806184734,3.6596340185228926,15.743354426013855,инструктивные,-7.1723057892584885,4.4911259744486465,8.104778840287315
text-davinci-002,yelp,9e4e447c-0658-470b-a991-d04e16f2a4d9,16.244329691309137,2.6665659034971485,13.491512297414207,инструктивные,-7.774028383054713,-23.86329552867363,-7.357929341728974
text-davinci-003,cmv,617ffe40-4c51-44f3-b2de-e370b7072b9c,21.26469583487885,3.0234569115822016,14.795110946252896,инструктивные,20.728726378888283,-13.673221030455062,1.5934821437637918
text-davinci-003,cmv,c9c9d63c-6a47-4314-b99a-ebf47144bdc5,22.08468657095902,2.711555162875663,15.465367644996784,инструктивные,25.384162693527195,-22.578746760839486,6.195929006308008
text-davinci-003,outfox,408424e9-49b3-4fc6-9a8a-7ff6f2732cf9,23.85580895653176,3.3855951978769867,14.0253618327765,инструктивные,35.43957808868249,-3.3333244446558976,-3.6921485689243068
text-davinci-003,outfox,4613128e-ad75-469b-8568-3f57c52b5359,23.169158955499768,2.929972968517444,14.22260484996377,инструктивные,31.541173863371025,-16.342406643531877,-2.337741358502408
text-davinci-003,outfox,7e69226f-57cd-4c23-97d9-88b27f357036,21.069050925846025,2.8873983879299403,12.115074373349902,инструктивные,19.61796698343507,-17.558010674143038,-16.809505755614694
text-davinci-003,outfox,9779e52b-df96-40cc-873b-0fd04eb6855b,21.575542055776957,2.9588474599087227,16.486297208105277,инструктивные,22.493532639938326,-15.517972259617164,13.20633870965478
text-davinci-003,outfox,a4f28ab7-ecd0-4b86-8d3d-ee397cf5eea6,19.150369585312973,2.7632849763225034,11.43466593957474,инструктивные,8.724796614661107,-21.101739380825503,-21.48166146423479
text-davinci-003,outfox,b68da269-d670-4e19-bf3e-a27177b97fe0,21.765456246253287,2.913321079668449,14.02957096882056,инструктивные,23.57175630772659,-16.817857086561457,-3.663245724661346
text-davinci-003,outfox,bc4830f1-9b6a-4af8-ae6d-c83a1cacbfa2,21.407800896109165,2.723819378923409,12.208415120201751,инструктивные,21.541194702670786,-22.228574656870435,-16.168563519153764
text-davinci-003,outfox,c42ecea8-2c75-4b43-b757-30fcdf53d175,20.32353981047155,2.944359017432263,13.944139464672876,инструктивные,15.3853831666077,-15.931651239624111,-4.249877621013615
text-davinci-003,outfox,c6582292-42f5-48a1-9d66-a21460f64a8c,18.47707243406603,2.5335268649219413,11.799935460105818,инструктивные,4.902202199214576,-27.661871798574083,-18.9734678693004
text-davinci-003,outfox,c6f59a73-ec94-464c-978c-73915fd19241,20.760380037112245,3.329987508616265,14.006218558735014,инструктивные,17.86551100868536,-4.921054265255636,-3.823599551385473
text-davinci-003,outfox,d51174fe-e9a5-4736-8860-49ad45de6e28,19.520178522732984,3.5980203837267473,14.203835134903452,инструктивные,10.824359306031354,2.7319123365160083,-2.466627226188777
text-davinci-003,outfox,d5176a0e-acc4-4017-9d19-ea850a596ac0,18.62726699085595,2.631513164383229,12.09743138912577,инструктивные,5.754920605868049,-24.864133361080818,-16.93065470875526
text-davinci-003,outfox,d9410c31-ab4b-40a4-8c81-63844604f5d7,24.08055118209336,3.2040962008261737,13.429991220723746,инструктивные,36.71553533097253,-8.515546073672036,-7.780375677476151
text-davinci-003,outfox,f02ca7fd-1a95-40a4-ae71-ece56e394fb7,22.207118540497707,3.106635415248472,15.046791043526095,инструктивные,26.079261079379506,-11.298279858477866,3.321692061293428
text-davinci-003,roct,37f5fb8f-d2aa-4efd-b017-8f0f9dce022d,22.026131609838355,3.295032081504108,15.66588677441207,инструктивные,25.051721264119685,-5.919113612004557,7.572832273051963
text-davinci-003,roct,73b405f1-c6e4-4526-a522-c1ada099d301,21.019256054410963,3.6198222005218894,13.209977353920056,инструктивные,19.335260310589323,3.3544052890032456,-9.291143317522952
text-davinci-003,roct,7db74e26-18d4-4c0d-9831-734f0f8267dc,19.577523960407248,3.1340732870329164,15.789208722281794,инструктивные,11.149933756181646,-10.514864330425594,8.419646207354372
text-davinci-003,roct,820ae808-9ce8-4eb4-a37b-f1bc2a0fece4,19.286879596640613,3.4985112192906604,12.940268849955771,инструктивные,9.49982203395357,-0.10930746417325816,-11.14314876588064
text-davinci-003,roct,97264f36-c7fe-4cd4-b1c1-bb2355f7108d,23.013371922839532,3.371699541263033,16.79820437784769,инструктивные,30.656704591604285,-3.7300779993548887,15.34810943343317
text-davinci-003,roct,a46358fa-fc8b-4d15-a70e-45830bd9539c,18.804068051859545,3.122992182640614,12.472697353159996,инструктивные,6.758695458005344,-10.83125582452899,-14.353818606966575
text-davinci-003,roct,a7eece99-6f71-4511-b729-52508c703be1,21.910629676492643,3.1497443536596257,13.807988808371324,инструктивные,24.39596764246407,-10.06741865996853,-5.1847823554277
text-davinci-003,roct,b6066782-a245-4143-a4fa-ab4ccb9603e8,26.461867400027923,3.3422836107041474,15.334621655186409,инструктивные,50.23528074981262,-4.569971740129757,5.298136456497276
text-davinci-003,roct,baca0992-4bae-4bf1-ab8a-68add4deb622,17.212644002523184,2.988501067616926,12.098089054349046,инструктивные,-2.2764960207260283,-14.67129227933722,-16.926138723686933
text-davinci-003,roct,cf8e768d-81a8-4982-9a61-43517d9e5ff0,18.094390644811796,3.0409676009129156,13.614843735020532,инструктивные,2.729554850585281,-13.173249821450513,-6.511050244320366
text-davinci-003,roct,f28dd9ad-7edd-4f8e-a9de-e99dfa594e26,24.839508511762407,3.3436252683520067,13.270683290245035,инструктивные,41.024459027711984,-4.531664270697709,-8.874294300272819
text-davinci-003,roct,fd9a5e69-87bd-4a8f-af09-2f1e77c1bc44,22.271486240638865,3.080315633670511,15.161272555770449,инструктивные,26.444703901525777,-12.04977129138151,4.107801439738705
text-davinci-003,sci_gen,a6243244-1271-4ef8-a6aa-fd6e667a67cc,18.95053728401891,2.6309753874353534,9.802937038971276,инструктивные,7.5902636116061935,-24.879488152986838,-32.68624259438888
text-davinci-003,sci_gen,dda7308b-f45e-495a-bffc-1d636f4055c7,18.820481375976406,2.2074713609286727,9.622866300417964,инструктивные,6.851880882883248,-36.97152040550618,-33.92273304236781
text-davinci-003,tldr,791537bf-e966-487e-879f-56bc97e91573,19.755308689921513,3.1473042563082685,13.9531796168169,инструктивные,12.159293313004794,-10.137089156646637,-4.187801673171302
text-davinci-003,tldr,996bb3c6-cd90-43d6-9eea-3d0521e152a6,20.41094931903544,3.1444124588800597,16.16753287193009,инструктивные,15.881644139455176,-10.219656748879673,11.017481930349273
text-davinci-003,tldr,bc8a0e93-63ca-4f19-a46f-4a1e2ee9306b,22.75815818226279,3.1610980969626254,16.71544491190103,инструктивные,29.20774759294907,-9.743242686155131,14.77982560261751
text-davinci-003,tldr,d0e5e434-842c-45ba-9b4d-5082adf5648c,21.8214139905984,3.100484818032529,15.273035368505589,инструктивные,23.889452232384034,-11.473893820217288,4.875242343777344
text-davinci-003,tldr,f38c24ea-0892-445a-b696-47894965746c,20.878837736020003,2.8366987090195734,12.127746839536355,инструктивные,18.538045769114436,-19.005605299472673,-16.72248782300791
text-davinci-003,wp,3fb291ab-4a43-4fdd-b378-d2376c211e68,19.501549045306707,3.191192392426496,12.642311805412623,инструктивные,10.71859183584306,-8.883980037892607,-13.189128265079288
text-davinci-003,wp,9efd13af-8b03-4469-be42-ec0702e0662e,20.238008899507065,3.393486872930389,14.178988691635482,инструктивные,14.899787791674967,-3.1079986312054824,-2.637240119843343
text-davinci-003,wp,f493d676-8ad4-48ab-be11-b809dbcee916,22.53617446239772,3.1096043847832626,14.617509251211557,инструктивные,27.947451561241905,-11.21350882178296,0.3739458591471351
text-davinci-003,xsum,1a90d7c3-884f-432e-974f-39f2e72a796c,17.175200685808075,3.2607240679305796,13.754846654410084,инструктивные,-2.4890776618422783,-6.898687785296227,-5.549693202609262
text-davinci-003,xsum,37e64090-752f-4768-8101-4386fc75e312,17.543695438715922,3.3723563399458087,14.379311483307092,инструктивные,-0.396976155132865,-3.7113248580422864,-1.261685044074684
text-davinci-003,xsum,44324487-8fb9-4f40-b868-fa9df7a20363,21.45284881552044,3.1256911810616437,16.783415913467252,инструктивные,21.79695090905026,-10.754193095690749,15.246561591215183
text-davinci-003,xsum,5c4d589b-cf1c-465c-9702-0a82c174043d,21.557315137026404,3.0817612935735994,15.152925889922503,инструктивные,22.39005066664076,-12.008494313879044,4.050487449268228
text-davinci-003,xsum,b4020f6c-8947-4c5c-9a8d-94edccc010d3,21.46158323276542,3.1714487181720794,13.140776423516268,инструктивные,21.84653991224299,-9.447708198488687,-9.766324849641823
text-davinci-003,xsum,dc1723f9-98bd-48d3-bfe8-6348a29ecc08,17.1483325381477,2.766971484063198,13.638387647716538,инструктивные,-2.6416195685022696,-20.99648094711629,-6.349381427995484
text-davinci-003,xsum,e439937b-c666-452a-98b7-3dc896367a7b,18.523497294252863,3.5369969958105294,14.488691244089944,инструктивные,5.165775884264942,0.9895516299897253,-0.5106078257726318
