n,rep,"одиночек, %","длинных с одиночкой, %",средняя длина,S(q=0.5),S(q=0.7),S(q=0.9),текст
41,0,58.536585365853654,100.0,24.434143575191168,586.1973862967632,367.1109734285781,128.43383599080312,0
61,0,70.49180327868852,100.0,24.07264013894123,848.6866069385034,528.5386569076086,187.71703658094918,0
81,0,53.086419753086425,87.5,21.832382741375444,1081.2079097817027,675.6533005900556,237.4445945377907,0
101,0,53.46534653465347,85.0,21.59469902212566,1358.8990167009274,842.6686856667575,293.32683466031784,0
121,0,55.371900826446286,91.66666666666666,20.959371329975884,1570.003942814451,976.4744972394312,343.55598855671,0
161,0,44.099378881987576,93.75,20.225372200325882,2063.9239088205177,1289.604312707414,458.4956994281121,0
201,0,45.77114427860697,87.5,19.273929725746644,2544.11440512123,1589.6259823510422,566.3314784517769,0
41,1,68.29268292682927,100.0,23.548495917393943,561.8035875029025,344.65239209895265,120.05058561945934,0
61,1,62.295081967213115,100.0,23.258166082835537,832.4248050913934,514.2307239520068,181.53112036455767,0
81,1,65.4320987654321,93.75,23.493518143549185,1112.43345607944,685.8700557911129,238.70334385384328,0
101,1,48.51485148514851,85.0,21.917807880557135,1371.4679745485248,849.7669123751731,299.02875654169435,0
121,1,47.107438016528924,95.83333333333334,20.920384605581102,1613.326768870339,1008.1623162652799,361.43218746428244,0
161,1,48.4472049689441,87.5,20.607513680581725,2110.368078779467,1316.0891521038925,466.6346357258615,0
201,1,35.32338308457712,85.0,18.357273579872217,2507.8231127803665,1586.5169187344231,569.0811337606538,0
41,2,65.85365853658537,87.5,24.719486905814065,575.7886456899971,355.0744185434614,125.40506022235681,0
61,2,62.295081967213115,100.0,23.81712186703156,824.774912686971,508.7721807767372,175.9085371146613,0
81,2,60.49382716049383,81.25,23.384784743774592,1118.0693810866808,690.8644759490776,246.02956704638487,0
101,2,58.415841584158414,90.0,22.283412418206705,1383.1668117139081,858.9718935073789,301.37196289561643,0
121,2,52.066115702479344,91.66666666666666,21.40174247375419,1594.6833858740038,997.1657060895112,359.1995595337786,0
161,2,52.17391304347826,90.625,20.445946679869614,2079.052864474954,1302.5471200639554,461.89666198994473,0
201,2,48.258706467661696,90.0,19.862735105659898,2580.368993589307,1617.8976350829091,578.2276992512793,0
41,3,90.2439024390244,100.0,26.825686439071138,584.9722559486729,358.74308582475766,123.9746552825242,0
61,3,57.377049180327866,91.66666666666666,22.665984276218204,833.0016074263439,519.6483259348801,182.95162410258473,0
81,3,66.66666666666666,100.0,23.494605404509883,1097.9614328430043,675.5627717680475,237.00895928310933,0
101,3,57.42574257425742,85.0,22.101744240753124,1350.2412861657237,832.4712855667234,294.377704173969,0
121,3,64.46280991735537,91.66666666666666,22.66957049007899,1612.2856876464853,1004.6419560614906,357.22121082291346,0
161,3,44.72049689440994,90.625,20.303442117693784,2112.5546729041725,1317.8066565419495,466.1717067744785,0
201,3,48.258706467661696,92.5,19.74525794385652,2575.1878674610916,1605.0081372552158,565.9760511312038,0
41,4,82.92682926829268,100.0,25.497914422497416,564.9611807564003,346.68984007016286,119.67827013594416,0
61,4,68.85245901639344,100.0,24.418523701199476,856.1166344186074,533.3085009418842,190.67158222842087,0
81,4,62.96296296296296,93.75,23.32239050511193,1096.718504546272,678.0214246210362,238.2787689861688,0
101,4,65.34653465346535,90.0,22.43426459496451,1348.142388359865,833.9063927314862,294.548058981356,0
121,4,43.80165289256198,70.83333333333334,20.027094867980267,1568.759645558704,983.6605319141,350.39702447346406,0
161,4,45.962732919254655,93.75,19.793654442331878,2055.7089453956196,1285.3231267923547,452.94514237942457,0
201,4,39.30348258706468,82.5,19.304898539313566,2512.6960795945524,1565.9077250004837,552.9873497249578,0
41,5,70.73170731707317,100.0,25.02521028477359,579.457464684662,359.24068336335745,125.01237424106404,0
61,5,60.65573770491803,83.33333333333334,23.252907227273294,843.2780543329629,522.0228416205836,181.12647697115347,0
81,5,54.32098765432099,81.25,22.077236770804884,1097.728330775072,684.3512973591063,243.3647560582355,0
101,5,53.46534653465347,80.0,21.978313031821244,1368.9015091480685,850.4545661768929,301.3294082574275,0
121,5,52.066115702479344,95.83333333333334,20.43152092281328,1560.7718326019367,973.809394493319,344.52295388687537,0
161,5,50.31055900621118,96.875,20.432600531277515,2074.738248908445,1291.6852752413101,453.0318192435484,0
201,5,46.26865671641791,90.0,19.867923072208146,2592.689943761947,1623.2355386776965,570.2982406281641,0
41,6,73.17073170731707,100.0,25.685875401353677,578.3930640012262,358.1491553184256,126.44504338907277,0
61,6,68.85245901639344,91.66666666666666,23.51623833526777,849.5131194037498,527.3637473268709,184.29635019809547,0
81,6,56.79012345679012,87.5,22.41991322150237,1069.1627711415201,662.8023391450256,232.33550344033353,0
101,6,60.396039603960396,95.0,21.841052829412593,1343.0967069094029,833.1648442727088,294.75776668171346,0
121,6,50.413223140495866,91.66666666666666,21.19445150050196,1614.8800597380377,1003.7188920363931,354.2176664107465,0
161,6,45.962732919254655,93.75,19.935403484771978,2049.8188294211736,1280.9549202098815,458.152183458726,0
201,6,41.7910447761194,90.0,19.222487119458233,2527.283407027479,1596.1015635208796,571.5786614036458,0
41,7,78.04878048780488,100.0,25.406699466408828,571.0800172887102,356.45291951116263,127.27354021747928,0
61,7,72.1311475409836,100.0,24.30467380195918,837.9272389650487,517.7498371307124,180.92354647395354,0
81,7,67.90123456790124,93.75,23.734389639077392,1097.689217991801,678.7563038509672,238.97507775844772,0
101,7,48.51485148514851,95.0,21.265097257164815,1373.7698568974913,850.838629026464,296.62003817345305,0
121,7,52.892561983471076,83.33333333333334,21.241843911871182,1629.0347843391155,1015.8380571168802,355.69424312299043,0
161,7,49.06832298136646,90.625,20.3011481324939,2096.083107126452,1305.167468308476,456.51642491210316,0
201,7,50.74626865671642,92.5,19.904440467244562,2553.145581327124,1603.1632636566135,567.6026566969886,0
41,0,80.48780487804879,100.0,26.64429284086865,612.4062810703442,384.1960506897732,136.65146866816679,2
61,0,77.04918032786885,100.0,24.794117360559028,878.3667965238449,551.4728335824461,196.9089879318628,2
81,0,55.55555555555556,87.5,23.035089663369643,1113.6723184304192,707.0800076070034,262.70263338740824,2
101,0,67.32673267326733,90.0,23.903880052532223,1419.4769336028264,893.3081295571739,321.90900969870336,2
121,0,44.62809917355372,83.33333333333334,21.709296196805802,1628.8268640840809,1022.3450760578688,371.7538888370717,2
161,0,49.06832298136646,90.625,21.07362822753954,2131.0518064987664,1349.0409563924331,496.67514256843583,2
201,0,43.78109452736319,82.5,20.678255269854336,2647.2950825365433,1668.3082867754504,597.7654043884703,2
41,1,80.48780487804879,100.0,25.489837482653165,574.8994417640656,358.75683974961186,130.19232836481146,2
61,1,75.40983606557377,100.0,24.73548959401375,868.9259748814479,546.646795357608,191.45019717505153,2
81,1,62.96296296296296,75.0,23.534536192880324,1132.2541476809579,713.4173253660239,257.95398134355185,2
101,1,52.475247524752476,80.0,23.374022125064016,1376.6038735003456,861.2294558801846,306.04369207447616,2
121,1,54.54545454545454,87.5,22.87218455779348,1658.652747649573,1039.669862024773,378.42210404933905,2
161,1,48.4472049689441,84.375,21.641463911978505,2120.2122360590997,1331.712711613753,482.7418084032357,2
201,1,36.318407960199,72.5,20.162873484562017,2577.514593564991,1633.614545576158,593.4644896705202,2
41,2,60.97560975609756,100.0,23.976296013970803,590.961020832288,372.1819444488062,131.24621471653035,2
61,2,67.21311475409836,66.66666666666666,25.192016360253433,867.5476147871251,543.9885163545032,196.18511834553806,2
81,2,64.19753086419753,93.75,24.41837943866271,1146.8333978250184,720.4487867023233,261.2671662499053,2
101,2,55.44554455445545,80.0,23.380672570618948,1428.7560186274295,894.9743329889952,322.56079055625554,2
121,2,47.93388429752066,95.83333333333334,21.776694922271886,1630.122644323104,1026.9874917176862,376.3452420600891,2
161,2,51.5527950310559,90.625,22.03702077836627,2146.0446736190065,1360.1208167479163,502.1909881831433,2
201,2,37.81094527363184,70.0,20.04349934769297,2608.463134083389,1654.3461108620477,595.499693524993,2
41,3,82.92682926829268,100.0,26.753121817426337,609.5414944423392,385.1692316460085,138.81540584731798,2
61,3,62.295081967213115,91.66666666666666,24.996033883630655,883.7390997479112,554.0307638375347,199.6101205708199,2
81,3,66.66666666666666,93.75,23.81837021010876,1137.6704529407966,715.739017325271,257.80678629768005,2
101,3,50.495049504950494,85.0,22.814856345728064,1395.0039137548097,879.4473995439125,312.0212414558574,2
121,3,53.71900826446281,87.5,22.38306294225732,1654.0349030565965,1045.269647972851,382.18498427261443,2
161,3,40.993788819875775,71.875,20.768321674060623,2109.015514282213,1334.2006512022517,484.8016099042401,2
201,3,38.80597014925373,75.0,20.554198208555235,2635.8081984908436,1669.3654207851378,607.0069119683812,2
41,4,78.04878048780488,100.0,26.351710370048103,610.0045791246897,388.08111620149856,143.27044157524267,2
61,4,60.65573770491803,66.66666666666666,24.130156838988462,863.8846398648236,547.4280579537699,198.64013604833218,2
81,4,67.90123456790124,93.75,24.13127947355678,1148.477920056821,723.3551344025325,261.77069888275093,2
101,4,49.504950495049506,100.0,23.068144000008747,1411.0652823919274,891.1721159990808,316.1768537614856,2
121,4,44.62809917355372,79.16666666666666,21.917883124001385,1666.6872986341605,1055.2388036515586,388.131077822651,2
161,4,40.993788819875775,84.375,20.640018556770844,2147.2301717520645,1368.3881184257154,498.70504420144664,2
201,4,32.33830845771145,72.5,19.864161962258944,2603.7662153065507,1651.269605888351,600.3212121925927,2
41,5,75.60975609756098,75.0,26.532726621103347,611.6992341200373,380.73589560129534,131.84901554039965,2
61,5,72.1311475409836,100.0,24.48613654356524,873.8568380246877,549.543524133872,195.43269353787431,2
81,5,61.72839506172839,75.0,24.055942273265003,1135.7047327195487,709.3881674637591,254.14372927179554,2
101,5,48.51485148514851,85.0,22.170815980931142,1385.312836643175,873.9189746289088,319.588900389201,2
121,5,52.066115702479344,83.33333333333334,22.40388877658156,1653.0451861874365,1038.1954181654246,371.7680651628307,2
161,5,49.06832298136646,93.75,22.46036569165664,2208.682311870245,1391.488800496842,507.39864473006827,2
201,5,41.7910447761194,92.5,20.496814979741686,2628.876773922656,1667.8956282187025,605.0122010786056,2
41,6,70.73170731707317,100.0,25.350401288956984,604.8978881974729,381.56582077027645,141.52190886376513,2
61,6,68.85245901639344,91.66666666666666,24.73630256106862,841.9320410028026,529.2678556763856,194.15833585850515,2
81,6,54.32098765432099,93.75,22.28478617196402,1100.9842404039816,694.5329543809469,252.99853067929166,2
101,6,53.46534653465347,85.0,22.884180117878092,1390.9687952565469,865.6198971068536,303.3932650891377,2
121,6,57.02479338842975,91.66666666666666,23.20775589153555,1662.3474821576356,1035.6517753963533,368.1521502634419,2
161,6,50.31055900621118,78.125,21.59725303883058,2155.204323570155,1357.68173298689,483.43064531659877,2
201,6,39.800995024875625,85.0,20.550190220184444,2652.414220587445,1685.1465101731774,612.7883091569264,2
41,7,73.17073170731707,100.0,25.851254818581445,592.1040663180095,375.6983463017101,136.35726786780214,2
61,7,70.49180327868852,100.0,25.169993014474734,875.9989164919498,551.1297074618416,196.64088012082203,2
81,7,60.49382716049383,87.5,23.552822558694082,1143.259642423271,719.5796097533206,267.390267012565,2
101,7,47.524752475247524,90.0,22.472469589869448,1399.3385726048984,893.0181337078375,325.09074976353196,2
121,7,48.760330578512395,95.83333333333334,22.037282067762863,1657.166001372591,1047.6951826442394,381.48378428133174,2
161,7,50.31055900621118,93.75,21.752689065615506,2132.415371566951,1341.5603980618616,485.5921288701654,2
201,7,38.308457711442784,80.0,20.369805277498703,2645.2272877449363,1687.7101892501796,618.9394194492912,2
41,0,73.17073170731707,100.0,23.56278932326639,550.3649218722096,343.60366864009353,126.18279159995879,3
61,0,80.32786885245902,100.0,23.43562960681616,789.1399454752575,495.39903932763576,177.31465453098463,3
81,0,65.4320987654321,87.5,21.31507336486793,1018.4931047552224,636.4619146940579,233.0402806003201,3
101,0,75.24752475247524,95.0,22.56087127997617,1292.1439823855271,809.8309335748428,300.65855993995046,3
121,0,64.46280991735537,83.33333333333334,22.02315277815988,1518.863815029405,945.8991340632526,345.38169386739895,3
161,0,47.82608695652174,78.125,19.952407290177415,1977.0026650675823,1246.0798042673805,458.2139227501493,3
201,0,51.741293532338304,92.5,20.162358357403562,2460.1016652903145,1537.4393612548843,558.2490503356587,3
41,1,70.73170731707317,100.0,23.148290397048065,524.6893831649338,329.6325231630374,117.55126554114541,3
61,1,80.32786885245902,100.0,22.546025799927474,776.0111369958818,486.61796148650876,180.8360166560802,3
81,1,64.19753086419753,100.0,22.798860335618873,1054.3534993076664,660.3519918932732,241.1943903591237,3
101,1,64.35643564356435,80.0,21.86961945646199,1255.0291687550393,784.3523710193336,288.09871322875085,3
121,1,64.46280991735537,87.5,21.685533304733575,1516.8224234868194,948.6158469157501,346.261599784916,3
161,1,57.7639751552795,90.625,20.68504005673325,1981.919345051601,1235.344867439159,445.0851126769864,3
201,1,54.22885572139303,90.0,19.693325528808614,2386.99390378146,1500.5396887444085,549.2020450140376,3
41,2,85.36585365853658,100.0,25.34100378835589,552.4504952414737,344.393516474168,124.10610893809464,3
61,2,68.85245901639344,100.0,23.16241282022619,793.7880248707507,497.35246473989247,179.80298759184166,3
81,2,74.07407407407408,100.0,22.878463764022893,1025.6032796280901,637.9184371729732,227.20636737703308,3
101,2,60.396039603960396,90.0,20.934575465486983,1241.7032994913197,775.2380498986887,276.08109231943763,3
121,2,60.33057851239669,91.66666666666666,21.78178276869968,1540.5030682811735,964.7590500028949,353.2215311861243,3
161,2,59.006211180124225,87.5,21.670495571469434,1987.3371771596026,1240.4291823791464,447.47042133495125,3
201,2,51.243781094527364,82.5,20.082651583766364,2413.3190403251856,1507.637531651108,546.7652334619837,3
41,3,85.36585365853658,100.0,24.812351594331666,540.1232217568556,338.6251162846884,127.63123031305008,3
61,3,63.934426229508205,91.66666666666666,22.110936471811392,786.3812971817711,494.999880370251,183.7258529764013,3
81,3,62.96296296296296,87.5,22.83245670283737,1058.5911187007016,669.2124608407887,248.12185611813862,3
101,3,54.45544554455446,90.0,21.435619508156307,1258.7019269785685,785.2487413622122,287.30694148619364,3
121,3,61.15702479338842,79.16666666666666,21.935620714887673,1508.7688863857538,940.5143237047432,344.784552288431,3
161,3,59.62732919254658,78.125,20.009355025236346,1944.542818799143,1219.1581232728172,440.38231085164546,3
201,3,48.756218905472636,82.5,19.83332947769688,2427.100239983097,1520.4047497786034,549.3542260884824,3
41,4,80.48780487804879,100.0,24.35108569024114,547.0865798991554,341.96471352342115,118.67290599544614,3
61,4,75.40983606557377,100.0,23.03946540467266,775.9000868426087,482.1875111133281,176.0999457919785,3
81,4,75.30864197530865,93.75,23.164282562401212,1044.7614046909298,655.8274070442347,240.78127716020603,3
101,4,59.4059405940594,75.0,21.301526053757595,1269.348947865055,799.7157633201625,292.117041820193,3
121,4,61.15702479338842,100.0,21.692743837266935,1527.9380096270881,952.1956119867319,347.3166583602119,3
161,4,52.79503105590062,90.625,20.429601921582634,1962.26377546933,1221.7290900588823,437.99973538521,3
201,4,46.766169154228855,92.5,19.713800355990934,2405.3253522936775,1512.5964893942732,551.3461489155637,3
41,5,73.17073170731707,87.5,24.259051360723493,554.9483446108715,346.16105129171996,125.30407635690901,3
61,5,70.49180327868852,83.33333333333334,23.110711324098762,794.2970413966879,499.66082719273214,182.6089099250326,3
81,5,66.66666666666666,68.75,22.575945648498426,1039.0623741428842,652.1997773358189,243.4767369254889,3
101,5,63.366336633663366,95.0,21.19523911416475,1242.8281694460036,773.886688935229,273.3898414325713,3
121,5,59.50413223140496,87.5,21.50223008217847,1510.0221751528697,945.1627929352508,342.9593712374275,3
161,5,52.79503105590062,71.875,20.71280372551637,1981.9458302280793,1245.0366300326737,452.7273756905166,3
201,5,50.74626865671642,87.5,19.950363982515466,2409.7411504897636,1506.6314663117023,545.5185906797018,3
41,6,90.2439024390244,100.0,24.18477604836945,522.4426400126795,323.66534512537174,112.9236529614466,3
61,6,73.77049180327869,100.0,23.13893180837788,804.1265005755374,504.3122880945531,182.872650910007,3
81,6,83.9506172839506,100.0,22.857934624273014,1030.424014889145,642.5831000029414,233.6428383293142,3
101,6,66.33663366336634,100.0,21.834853827084025,1287.9346089470373,799.4068929235802,290.29200457099876,3
121,6,62.8099173553719,87.5,22.00175186310195,1529.388897741801,954.3152294036956,343.94030579119124,3
161,6,52.79503105590062,84.375,20.914361467034865,1974.968467949581,1231.591431336706,451.27367763431664,3
201,6,50.74626865671642,90.0,20.349280096690755,2439.224515337007,1525.9364118752055,552.0203351513836,3
41,7,75.60975609756098,75.0,24.343212065530498,531.9576828344983,328.9363942524513,117.38971698823406,3
61,7,60.65573770491803,100.0,22.553651275960988,782.2445312331988,486.32799986875517,175.9795760703619,3
81,7,67.90123456790124,93.75,22.46361429808409,1043.0610334625464,653.8944353262877,240.9214362598991,3
101,7,63.366336633663366,100.0,21.388696096696894,1239.5059133190484,771.8369223146317,274.302209545004,3
121,7,66.11570247933885,91.66666666666666,21.32601502399366,1535.1106092734963,962.770032236665,349.31636831632864,3
161,7,54.6583850931677,81.25,20.41046470323605,1954.3745907184443,1215.6502750391949,439.02635852768094,3
201,7,52.736318407960205,92.5,19.78313428009028,2428.4044548503653,1514.5525192409455,548.7462670467601,3
41,0,70.73170731707317,100.0,24.802918164401085,557.0857444801553,347.1717516352986,126.01397874156044,6
61,0,63.934426229508205,91.66666666666666,23.453995597866374,835.0644147537256,525.8303777363041,191.95542606538947,6
81,0,71.60493827160494,81.25,23.981783952849735,1111.9171998343922,701.4079829867189,258.28363839090696,6
101,0,61.386138613861384,90.0,22.938991892350362,1352.6799876298155,843.6419524002133,303.0858400424375,6
121,0,50.413223140495866,79.16666666666666,21.879034073907004,1571.4022517130124,977.2751687740495,350.79148506693224,6
161,0,56.52173913043478,81.25,21.70593680506451,2055.8924435392637,1275.5469303748114,455.4729344013081,6
201,0,50.74626865671642,87.5,21.236662144658208,2565.3434682186917,1605.6442917060942,576.6327268445709,6
41,1,90.2439024390244,100.0,26.973277822167073,579.6781430850438,357.5371926275144,128.58837741064315,6
61,1,57.377049180327866,83.33333333333334,23.05953187595876,805.3936946614672,499.79657677689795,177.1746387001378,6
81,1,54.32098765432099,93.75,23.250943568332964,1104.1728471789065,685.9327359581956,245.9603039395756,6
101,1,57.42574257425742,95.0,22.69528794471275,1346.6750746810524,835.0542535501091,295.67814075898974,6
121,1,66.11570247933885,87.5,22.54021088788185,1594.9048535585175,998.7942617885133,350.737481152204,6
161,1,51.5527950310559,78.125,21.278182085197148,2063.954868519374,1297.2931020143924,469.9434553912156,6
201,1,50.24875621890548,92.5,20.92941722003871,2573.877846578828,1605.2315154167832,572.7589392735182,6
41,2,63.41463414634146,75.0,25.02319973854565,580.5379749425585,362.0672834240693,128.21531509845718,6
61,2,68.85245901639344,91.66666666666666,24.60811095662731,830.2324272854327,517.5295477212505,188.44645797286321,6
81,2,80.24691358024691,93.75,24.99361011551475,1098.1069170335304,685.30826395408,247.91308568051238,6
101,2,64.35643564356435,90.0,23.499073966517305,1338.1063177208625,838.6409753108928,302.1145845544196,6
121,2,63.63636363636363,91.66666666666666,22.552922895254323,1579.6331081363328,990.1591703058359,354.9414707190215,6
161,2,54.037267080745345,84.375,21.214910203912375,2071.581737327282,1298.2704252136773,466.0214719492825,6
201,2,53.233830845771145,87.5,21.14333106245289,2550.0840669709196,1592.9436868790372,567.5718831643444,6
41,3,87.8048780487805,100.0,25.54595793152047,555.5847741414941,344.0920533073976,118.13313817015553,6
61,3,70.49180327868852,100.0,24.292311566408667,818.5853769672993,513.0647093463319,187.5820076088009,6
81,3,60.49382716049383,75.0,23.091456524454106,1067.7972594691641,667.9733918479185,247.47535690028917,6
101,3,60.396039603960396,80.0,22.454226814725565,1337.051005009417,836.7439984439093,300.42443738895,6
121,3,64.46280991735537,83.33333333333334,22.76568409283794,1601.380109000772,1002.5486912393824,357.78489245842775,6
161,3,52.17391304347826,81.25,21.343148717883402,2071.547543922389,1298.1503849999888,466.9967978933436,6
201,3,55.72139303482587,95.0,21.201013451773523,2556.0859598757465,1603.5396292439573,577.0629263581145,6
41,4,56.09756097560976,100.0,23.588427972939606,558.1567205191636,348.2005266497097,123.54386499332739,6
61,4,83.60655737704919,100.0,25.260542349735,834.4025910472548,514.4195061784758,178.174437257239,6
81,4,70.37037037037037,100.0,23.778445825557696,1093.2219143224852,680.0520453789941,247.38356471098956,6
101,4,65.34653465346535,95.0,23.55840074765389,1370.1544589301109,859.303394207817,311.8143961978198,6
121,4,62.8099173553719,87.5,22.976672977373347,1576.5918523689306,976.7834774465853,343.99765324461794,6
161,4,59.62732919254658,93.75,22.316350931589774,2105.1501778151433,1311.5904070874183,465.7966198503452,6
201,4,49.25373134328358,90.0,20.94230370621756,2545.166454667704,1594.4321948575334,567.1708458773116,6
41,5,70.73170731707317,87.5,25.648912689356564,580.6847972538475,361.91766304759545,128.63364192072922,6
61,5,68.85245901639344,100.0,24.06331028048289,823.2519276590449,514.1218737286939,186.00197740965734,6
81,5,61.72839506172839,75.0,23.483722018008653,1085.53757734853,679.2221127056521,245.06142121750577,6
101,5,75.24752475247524,85.0,23.78261612470202,1331.4532821462014,832.741146139348,291.6173464595459,6
121,5,61.98347107438017,79.16666666666666,22.13441868942662,1577.1734262659947,983.4279833479756,347.67719108274673,6
161,5,50.931677018633536,84.375,21.453201428114724,2074.6125005307667,1297.0572591482314,459.3245108400405,6
201,5,53.233830845771145,87.5,20.90377803670195,2571.6090521709702,1613.6991857107205,575.7854088058775,6
41,6,85.36585365853658,100.0,26.69647989421791,593.63658038781,374.24805510083274,133.28625199535003,6
61,6,55.73770491803278,91.66666666666666,21.856178820795396,797.1081614020974,499.11841539432373,177.9209848018633,6
81,6,70.37037037037037,87.5,23.82423928498585,1100.5684359127947,688.6564307948797,249.06621321330204,6
101,6,62.37623762376238,100.0,23.385946037570967,1342.9184474744047,835.0188279902063,302.0986506544664,6
121,6,57.85123966942148,83.33333333333334,22.486259488972564,1633.1494996219608,1027.504607594658,369.97182102491104,6
161,6,51.5527950310559,84.375,21.08958389386197,2075.440363141265,1310.4003392108043,472.4068089038092,6
201,6,48.258706467661696,85.0,20.27194002923533,2521.2545075429935,1577.598765843562,557.3023776017473,6
41,7,80.48780487804879,100.0,25.625394988581036,576.8730863038577,355.99330936595277,125.18701146842058,6
61,7,75.40983606557377,100.0,24.997029605636744,864.0495640538335,542.219120564409,194.37961817162267,6
81,7,67.90123456790124,87.5,24.00386271047207,1097.1804979282224,682.3859871180456,242.41710700085622,6
101,7,57.42574257425742,85.0,22.68668458184463,1330.4945429417178,829.084569778136,295.0056599111765,6
121,7,57.85123966942148,83.33333333333334,21.995595833920483,1575.6841347752184,992.3610330956328,351.9874631862908,6
161,7,52.17391304347826,84.375,22.054851401847497,2084.0257063454956,1298.6258716409689,465.0856682321279,6
201,7,49.25373134328358,82.5,20.756303903084444,2513.900296367249,1577.1254245842413,567.53841618304,6
41,0,53.65853658536586,75.0,23.833223717801012,570.1125304238369,354.34985891467807,125.77923309404817,9
61,0,57.377049180327866,100.0,23.39752675968282,832.9651741025148,523.0289763953717,184.0368925120745,9
81,0,49.382716049382715,87.5,22.287563972763927,1097.7002406058123,689.6109988468249,249.2256522675101,9
101,0,51.48514851485149,85.0,21.63566516884558,1344.2359597992704,833.363810533827,295.7910671630394,9
121,0,45.45454545454545,91.66666666666666,21.212313780248685,1573.5275846953787,984.213544328285,349.87123323850176,9
161,0,35.40372670807454,81.25,20.23080125452294,2060.771941679727,1294.2034177562718,464.91328665547246,9
201,0,32.83582089552239,90.0,19.388265535599597,2504.048769705487,1586.3271307499144,575.0639207562624,9
41,1,65.85365853658537,87.5,24.580322653171102,570.8079100328887,359.84305533039367,128.61750992469186,9
61,1,44.26229508196721,91.66666666666666,22.99252638812823,846.2936375927662,527.4291554190922,190.71145550469242,9
81,1,46.913580246913575,93.75,22.675055643865953,1090.7355947528245,687.3388935993863,246.99886449569829,9
101,1,32.67326732673268,90.0,20.320545575838977,1312.4320575035374,836.9139174270646,304.5801555232365,9
121,1,40.49586776859504,91.66666666666666,21.736578796410807,1604.6549243391846,1001.7529343495361,358.69423473127165,9
161,1,36.024844720496894,81.25,20.122277493675995,2075.2094808486245,1297.9257744356091,469.5646178137139,9
201,1,30.845771144278604,75.0,18.832566596320472,2486.253943743215,1594.70496892677,580.5673944148982,9
41,2,41.46341463414634,87.5,22.923570418324427,554.1905707695296,348.7064110127134,124.62196745841261,9
61,2,62.295081967213115,100.0,24.069324750106794,855.4277798237731,533.2337733768711,185.86369349825685,9
81,2,51.85185185185185,87.5,22.900938543818995,1106.7984427754884,693.0142001330058,245.09586656940937,9
101,2,34.65346534653465,60.0,20.941975507393355,1298.3558469153668,815.2125903345527,301.7432469324351,9
121,2,42.14876033057851,83.33333333333334,21.729116088431503,1610.1149891661275,1009.1753063692533,357.942785266267,9
161,2,36.024844720496894,81.25,20.19025122771807,2065.8624171502106,1307.4523160565382,473.30447236787455,9
201,2,33.33333333333333,92.5,19.61079557008919,2523.5336199269477,1596.6584394276495,574.1317173974797,9
41,3,53.65853658536586,100.0,22.682071437935427,548.9918569718873,341.1942221204514,121.2481537072762,9
61,3,45.90163934426229,91.66666666666666,23.05793688554319,825.6378672029464,520.4978337839646,185.80963419787844,9
81,3,49.382716049382715,93.75,22.5576019291962,1102.7136470510104,692.10755100248,252.53380516820738,9
101,3,43.56435643564357,90.0,22.194862481294063,1361.9786499670759,852.6253837968468,301.780036359548,9
121,3,47.107438016528924,79.16666666666666,22.220312188799426,1606.6417861975028,1007.677349215478,358.5825111447033,9
161,3,36.024844720496894,71.875,20.059039668330854,2042.5930647567045,1290.115075984248,467.0454609764612,9
201,3,34.32835820895522,90.0,18.68538107810511,2481.80032168089,1581.0974054730593,569.8364142188163,9
41,4,53.65853658536586,75.0,24.402311550442505,556.468813750894,343.32435205244656,120.92985559217115,9
61,4,63.934426229508205,100.0,24.106506575429126,865.708099348302,541.9546352077707,192.82173667698714,9
81,4,45.67901234567901,93.75,21.659904313182302,1082.0640022361486,680.6268316826825,245.1268407040074,9
101,4,37.62376237623762,95.0,21.82654561306561,1372.6836870765387,861.2990600802185,306.20619814354717,9
121,4,47.107438016528924,95.83333333333334,21.610031291017027,1640.134483962247,1029.881529036014,369.66358213227926,9
161,4,36.64596273291926,81.25,20.519569749815638,2095.137260953078,1318.608287857498,476.1909888778389,9
201,4,31.343283582089555,85.0,19.043036378956756,2508.784297876834,1599.9608720737638,579.5452318998468,9
41,5,63.41463414634146,100.0,25.241642973812567,571.840540141832,358.69120104975786,130.57627220573505,9
61,5,63.934426229508205,83.33333333333334,23.397671595022548,838.745206747772,530.6121202630011,192.0236666518612,9
81,5,43.20987654320987,93.75,22.69645549253545,1142.5794008127282,710.6218454630806,251.67686804392872,9
101,5,44.554455445544555,85.0,21.12370243966776,1323.4762593099908,830.6649617305367,307.21545625130625,9
121,5,32.231404958677686,79.16666666666666,20.27413622307747,1546.8363826163397,983.7224926580233,364.79101414585995,9
161,5,35.40372670807454,90.625,19.987338110014015,2061.573348597195,1304.5699260082458,470.43071856947967,9
201,5,30.845771144278604,85.0,18.92429969790471,2517.7244979161496,1606.9179960669906,585.663300982141,9
41,6,53.65853658536586,100.0,23.789718173143967,576.0700253788689,367.2990451049036,133.3860385355486,9
61,6,47.540983606557376,91.66666666666666,23.091468177776562,816.8794677662651,512.8082666249595,186.4894644334588,9
81,6,48.148148148148145,81.25,22.592625651143813,1105.1457783790838,690.4715883862993,244.8176410708737,9
101,6,42.57425742574257,80.0,21.610525107935867,1350.766163720041,842.163403128525,303.52651030848716,9
121,6,50.413223140495866,83.33333333333334,21.633104818412487,1600.825729545156,1002.8687479410573,360.15684963418687,9
161,6,40.37267080745342,87.5,20.53739384062991,2083.2689448868678,1313.6553384063036,473.4707075119566,9
201,6,32.83582089552239,85.0,19.552146881531474,2518.7430054236897,1592.3172623056003,580.910686724472,9
41,7,73.17073170731707,87.5,25.664893847610692,587.969134510143,364.55604008205194,129.89783761681272,9
61,7,49.18032786885246,83.33333333333334,22.79648416323251,814.0987629037174,515.6685944912988,190.55333616822173,9
81,7,53.086419753086425,81.25,22.89787089064683,1086.0414481190965,680.127026791929,246.59011632077036,9
101,7,39.603960396039604,85.0,21.011077928020008,1331.3351483546428,833.6615578472215,299.25490079072483,9
121,7,33.057851239669425,79.16666666666666,20.625564884822424,1543.1522810322813,974.291931127402,349.34258877083835,9
161,7,34.161490683229815,84.375,19.770029426622546,2041.2388630835594,1291.7278967601987,463.2034445971732,9
201,7,32.83582089552239,80.0,19.35195536890944,2509.8502230884233,1601.506792875453,579.373085338385,9
41,0,68.29268292682927,100.0,23.383125503584644,554.8131207019187,347.3992829200846,125.48238191675213,10
61,0,83.60655737704919,100.0,23.448759249390637,793.9671134111938,500.77188641395816,184.59411009425406,10
81,0,59.25925925925925,81.25,21.108569978128465,1003.2387868425592,627.9782239839719,227.03583031924285,10
101,0,61.386138613861384,85.0,21.572411885832324,1264.63822258533,794.8299535787776,290.79091670963436,10
121,0,55.371900826446286,75.0,20.31415060839272,1473.6778279430773,928.205951400251,338.2744036804628,10
161,0,55.90062111801242,87.5,19.87252443082999,1961.4000083566598,1228.7602295964618,442.0138263854145,10
201,0,49.25373134328358,92.5,19.422597904487432,2413.32303559553,1507.9549716455012,538.4983063124823,10
41,1,68.29268292682927,100.0,23.045394645554314,545.4766677738617,347.81125087302553,127.18121644401337,10
61,1,67.21311475409836,100.0,23.230985117503685,802.5692568084891,501.5694203770783,179.8358943016057,10
81,1,64.19753086419753,93.75,21.795745166867654,1030.2367457464204,649.0205450818091,235.51909055376623,10
101,1,60.396039603960396,75.0,21.321536545982735,1263.066128999494,785.7002477331193,287.21663631139677,10
121,1,56.19834710743802,79.16666666666666,20.253809991753894,1526.080355414635,966.200729282933,356.56663793726034,10
161,1,52.17391304347826,75.0,20.330039005912447,1926.9654543919712,1202.066381197274,428.46225467623947,10
201,1,52.23880597014925,85.0,19.2156632389824,2381.6486906972164,1486.0044082663378,531.1736729763307,10
41,2,85.36585365853658,100.0,23.987621753025174,538.492574443605,335.4805491417748,120.8930989348872,10
61,2,75.40983606557377,100.0,22.92482627906066,794.0111374795579,496.27918269527714,176.02156459297316,10
81,2,83.9506172839506,100.0,23.467125936215382,1055.2001559932355,662.647702094479,238.22781942909896,10
101,2,62.37623762376238,95.0,21.549107519591775,1264.1461850928476,792.127052341222,289.0145621396441,10
121,2,57.02479338842975,91.66666666666666,21.064174388865414,1497.4086856228746,940.5859208446216,341.97528722605443,10
161,2,58.38509316770186,84.375,20.442110539207434,1984.833404052155,1243.8620089946676,450.46755442979617,10
201,2,51.243781094527364,90.0,19.418998247141353,2425.0574716963474,1528.5848152222056,548.4307971083769,10
41,3,75.60975609756098,100.0,23.786463356166383,521.2458405517843,321.3231020605938,111.42796664193136,10
61,3,65.57377049180327,100.0,22.758315927496042,792.0125121674802,495.5260347722442,179.38125332503427,10
81,3,64.19753086419753,93.75,22.18177074228069,1031.5824349784398,644.8589588092025,226.58901174094626,10
101,3,62.37623762376238,90.0,21.679030730487003,1251.7816832638787,787.6758131477859,285.69993476293473,10
121,3,53.71900826446281,95.83333333333334,20.462668241485055,1495.0314637489091,940.9870148384946,346.1811637548387,10
161,3,54.037267080745345,81.25,20.25656019744114,1970.3964105865343,1237.1444328394664,449.40054770217637,10
201,3,58.2089552238806,95.0,19.985644485077934,2390.5778882331506,1502.8340767841446,548.7193732032456,10
41,4,82.92682926829268,100.0,24.253049395422135,539.8423738415627,344.1340105325738,126.9058088054809,10
61,4,72.1311475409836,100.0,23.253918986228303,789.1692448189673,494.0357582179721,172.8153123429264,10
81,4,62.96296296296296,87.5,21.84244056650847,1049.1380078992036,666.4171384917331,242.7040633568576,10
101,4,56.43564356435643,90.0,21.342542258521775,1258.0427876113724,787.6511199317679,285.21929077419264,10
121,4,61.98347107438017,83.33333333333334,21.66017570292023,1514.1302578880984,947.1503138424516,341.7076289697392,10
161,4,52.79503105590062,81.25,20.288507995589235,1977.1882189544108,1243.374942807701,447.5803798469975,10
201,4,52.23880597014925,92.5,19.420114142220722,2407.246718080696,1520.1421258142327,552.9133667099486,10
41,5,63.41463414634146,87.5,22.76137925623648,522.6819005450022,323.99054946664745,113.94462271620304,10
61,5,90.1639344262295,91.66666666666666,24.344070017043933,803.8210592625788,504.1935730113463,183.94818666547724,10
81,5,56.79012345679012,93.75,21.57621751072424,1035.392548311039,646.1199584274377,233.39810290789404,10
101,5,67.32673267326733,85.0,21.853932724752863,1293.7988532443017,812.2317049422558,292.04258576110476,10
121,5,57.02479338842975,87.5,20.481303703040933,1508.2236630476648,952.3495355983166,344.745694876945,10
161,5,54.037267080745345,96.875,19.80211471079425,1960.3274848617064,1239.3001115348811,449.8430987065592,10
201,5,55.223880597014926,97.5,19.54741948471851,2422.7239675427604,1519.6352300688607,548.3167375739622,10
41,6,56.09756097560976,87.5,21.550970765737638,532.0354844820183,336.74033127667616,122.50467831321976,10
61,6,63.934426229508205,91.66666666666666,22.738926218257056,803.5399485946125,508.6605007165759,186.01463524020005,10
81,6,64.19753086419753,93.75,22.499297063970243,1061.8086840801916,664.0482219074871,239.78421426261636,10
101,6,51.48514851485149,90.0,20.671198339752465,1257.8205969776575,790.830878839768,287.9150436735524,10
121,6,61.15702479338842,95.83333333333334,21.367526894394004,1512.8863409618693,951.8555796681279,348.5686805057398,10
161,6,54.037267080745345,84.375,19.828558092392036,1954.7175340813174,1234.0500140190784,449.31090116250266,10
201,6,48.756218905472636,87.5,19.264811269616658,2391.27900749465,1502.1384325860154,546.7430431379469,10
41,7,82.92682926829268,100.0,23.875577722070595,534.4882879676127,335.60008243938086,122.33038691632169,10
61,7,65.57377049180327,100.0,22.68931502153031,785.5855886616356,494.6265455573062,175.96860318023198,10
81,7,72.8395061728395,93.75,23.07997131914259,1028.8399989872678,643.7769599707582,234.48819374907998,10
101,7,68.31683168316832,95.0,22.423383481345354,1305.4242749548773,817.8325736018181,294.5154554917367,10
121,7,60.33057851239669,91.66666666666666,20.834514789455245,1498.4740405253667,943.6596039200763,341.6225541213614,10
161,7,55.27950310559007,93.75,20.111588238613383,1960.6837328171987,1227.938151603933,445.59278556586247,10
201,7,54.72636815920397,90.0,19.87931970580154,2399.6800920849364,1508.4361187770096,546.4955677576392,10
41,0,70.73170731707317,87.5,25.542859314462337,578.8131187474925,363.2752135335201,130.16950420843682,11
61,0,45.90163934426229,66.66666666666666,21.839689699668558,820.9856139542826,515.5544487342294,187.68895491204844,11
81,0,60.49382716049383,93.75,23.26075252503556,1073.8081517227897,668.7064144580308,237.129421271174,11
101,0,42.57425742574257,80.0,20.92578307855917,1300.0544058673881,810.9457753810481,290.49889482491665,11
121,0,51.2396694214876,79.16666666666666,21.05869953138043,1553.102418243152,973.0406813633253,349.56169037240977,11
161,0,43.47826086956522,81.25,20.330187007707323,2056.472334183417,1283.3946129218266,457.47031441599535,11
201,0,41.7910447761194,77.5,19.79833138121717,2529.7539509150347,1591.5572842740994,577.1327691915212,11
41,1,65.85365853658537,100.0,24.10299108502726,575.5662889378959,365.0292932005162,133.67557831177623,11
61,1,57.377049180327866,83.33333333333334,23.300142045955347,832.6179965670956,515.6489219736746,183.82830380833323,11
81,1,53.086419753086425,93.75,21.849185694597537,1065.7914255293629,666.0982924030003,241.83158300564003,11
101,1,48.51485148514851,85.0,21.9008511109334,1306.1516265539801,817.2284571405982,295.5770073255762,11
121,1,45.45454545454545,95.83333333333334,20.975914167285612,1583.2572047737422,994.5898081784703,355.11463199484666,11
161,1,48.4472049689441,84.375,21.118874858887196,2106.531787177648,1320.7054440112388,475.61378414516537,11
201,1,34.82587064676617,75.0,18.941311117787738,2494.3149003387343,1583.9339480686199,576.0708711757376,11
41,2,65.85365853658537,87.5,24.008746514343734,545.1536860693392,337.59358145733836,122.04192849052178,11
61,2,60.65573770491803,91.66666666666666,23.214222939522873,828.8052040709304,517.8569476387041,189.57355886355725,11
81,2,66.66666666666666,87.5,23.68269139713461,1111.1029568182946,691.3131994109694,244.31630859127188,11
101,2,59.4059405940594,90.0,22.35271252861423,1303.981530490345,815.8172856554759,295.3592998397268,11
121,2,45.45454545454545,83.33333333333334,21.304394423564023,1573.2176626543005,986.4006315107046,361.68218425265627,11
161,2,36.024844720496894,71.875,20.101995155049995,2032.28853071196,1271.7988922541767,452.83740671604437,11
201,2,43.28358208955223,80.0,20.08206010216069,2515.6091329417072,1585.7729192865504,566.0652236820094,11
41,3,75.60975609756098,100.0,24.50485827389605,549.6465882790312,342.2068916005493,122.22909636913411,11
61,3,63.934426229508205,91.66666666666666,23.70516110339236,817.8823582007249,509.88754976790983,187.36538067910828,11
81,3,59.25925925925925,93.75,23.013240660040175,1091.2358838082032,677.4562876565587,238.78839397815528,11
101,3,50.495049504950494,75.0,22.012197501721094,1328.207983815,828.3574008917519,300.5388545099762,11
121,3,45.45454545454545,91.66666666666666,21.208184578957926,1574.57145301816,983.0312948671703,351.07490556011385,11
161,3,47.82608695652174,84.375,20.757872736731645,2106.0665067090185,1318.1403781547747,471.1805264328556,11
201,3,42.28855721393035,82.5,20.05832693567802,2529.293078479847,1584.3640259268293,564.3212067133948,11
41,4,70.73170731707317,87.5,24.897843875364433,560.9913895984396,352.60939432254105,129.83588397577384,11
61,4,68.85245901639344,100.0,24.24919201589844,836.2156942588238,522.3544764694592,186.6018622087072,11
81,4,64.19753086419753,100.0,23.04183211148248,1073.5512595721189,669.393867928499,239.2763820425726,11
101,4,52.475247524752476,85.0,22.34884295089392,1317.9751151307044,819.7156222605963,295.7089578437039,11
121,4,63.63636363636363,95.83333333333334,22.203972216214872,1576.059065605662,986.6055287163928,351.746072818623,11
161,4,50.31055900621118,84.375,21.219624189447185,2060.6181895691125,1299.3757087170784,468.2923955778091,11
201,4,42.28855721393035,87.5,19.859540885106295,2528.687188841531,1600.288787993285,579.5228896854793,11
41,5,75.60975609756098,87.5,24.97906358927117,555.2482029771598,342.45648890240255,124.15104692999802,11
61,5,68.85245901639344,100.0,23.28267865438981,828.6299464727797,516.2614744580234,187.92093466021186,11
81,5,60.49382716049383,75.0,22.336635187193963,1056.372529375615,653.7086304340392,231.151120469612,11
101,5,62.37623762376238,90.0,22.689253789695663,1323.075806868266,826.5677095041108,294.37081530881136,11
121,5,47.107438016528924,79.16666666666666,21.11337975821084,1562.8706984489013,979.5913110677027,353.6792950818922,11
161,5,41.61490683229814,84.375,20.900058931002157,2058.242472026299,1290.4590545155966,467.45206441358465,11
201,5,40.79601990049751,82.5,19.98790852397285,2557.0712882702155,1611.3003435451892,578.5230353165289,11
41,6,68.29268292682927,87.5,25.602282145245805,585.7503706627452,365.62749494956256,128.60672439945472,11
61,6,60.65573770491803,100.0,23.79111973968096,835.6129744957096,516.8656887000234,182.52663654269404,11
81,6,56.79012345679012,81.25,23.131620718192515,1081.966500277189,679.0428500596308,244.44855660796034,11
101,6,51.48514851485149,90.0,21.485444008037508,1324.636210618092,825.8829488234893,300.1130608840338,11
121,6,47.107438016528924,87.5,21.897854999376662,1603.3750794408365,1011.7040487974684,366.8843570373202,11
161,6,44.72049689440994,81.25,20.092520673836297,2040.0424689870997,1287.9260309845977,462.01752510025796,11
201,6,36.318407960199,72.5,19.00583548228891,2489.268542427667,1576.63682634406,568.7593634926664,11
41,7,85.36585365853658,100.0,25.835267935775157,582.2120107810656,369.94553964461096,132.8029886202712,11
61,7,75.40983606557377,91.66666666666666,24.019898239329184,811.771030293892,505.5445345920658,180.91405066696348,11
81,7,65.4320987654321,100.0,23.26686706337128,1080.6652840011857,677.3266992520875,241.09832915299563,11
101,7,54.45544554455446,95.0,22.899369291162593,1339.95112612093,835.5066210062243,298.27496243336196,11
121,7,49.586776859504134,79.16666666666666,21.357996993972204,1555.3129281073172,969.3639291376169,350.0808343296942,11
161,7,40.37267080745342,68.75,20.538621478912358,2058.1624272431254,1299.5604893637553,474.1050845981484,11
201,7,41.29353233830846,87.5,20.000045051750746,2525.084426159566,1586.091689432197,575.371525591296,11
41,0,56.09756097560976,100.0,24.399216999502272,566.1355818871468,349.97433701005167,122.15877231257403,12
61,0,62.295081967213115,100.0,21.972820390361385,791.6013493179375,489.09417372480294,169.16467959473286,12
81,0,60.49382716049383,93.75,22.217963233230485,1065.0947334274929,671.0323611323724,242.432327931648,12
101,0,55.44554455445545,90.0,21.42277618238138,1312.105532537754,825.4520749689298,295.1407205619465,12
121,0,47.107438016528924,83.33333333333334,20.94358453472251,1565.7389774882927,985.3051532277484,347.96061806461927,12
161,0,50.31055900621118,87.5,21.23120784975409,2071.5045768214923,1307.4335089384367,462.721137027306,12
201,0,40.298507462686565,87.5,19.59206813957485,2508.0019747660544,1597.48683181117,576.8183110339576,12
41,1,82.92682926829268,100.0,24.422481796026084,566.3862574385204,352.9361242979615,124.68994088333605,12
61,1,55.73770491803278,91.66666666666666,23.754195042285563,826.5310658404868,516.495908486547,188.99927918877904,12
81,1,43.20987654320987,62.5,21.13740472934789,1061.552360011459,672.1733951960971,241.976361333164,12
101,1,50.495049504950494,90.0,21.128490903740552,1313.9393025258614,829.6548221544523,301.9012154709676,12
121,1,49.586776859504134,87.5,21.206245002085584,1575.0150687239448,997.3762760086254,358.9278809681492,12
161,1,41.61490683229814,75.0,19.20397579723841,2016.164466884983,1285.5285479732465,464.81259540045664,12
201,1,35.32338308457712,75.0,18.529543564407625,2427.38975740551,1551.945950162548,558.6826302438717,12
41,2,51.21951219512195,87.5,23.45458481145101,557.7764504342372,350.7309492168504,127.00950070202475,12
61,2,57.377049180327866,91.66666666666666,22.351196461652798,839.4589539451578,526.3842324691744,189.57989691308433,12
81,2,53.086419753086425,100.0,22.46751153362364,1072.5462529525985,673.2405661670801,242.13724342000944,12
101,2,47.524752475247524,80.0,20.840317839728886,1329.4575738005628,835.7960028382707,299.700383199749,12
121,2,38.01652892561984,75.0,20.258754569446527,1548.5116688963624,976.9982560813055,348.2542457912442,12
161,2,39.75155279503105,81.25,19.748820988544406,2033.0113282379862,1290.607160630118,465.90684624928565,12
201,2,38.308457711442784,82.5,18.78561909756031,2472.0041073858997,1574.351382893307,564.6889776554949,12
41,3,75.60975609756098,100.0,25.169052735929437,566.274609345807,351.0975497697458,126.67258428089391,12
61,3,60.65573770491803,75.0,23.47770043278643,810.7187899749445,507.4636497186468,182.91399888152083,12
81,3,59.25925925925925,100.0,22.401018600992906,1066.2680186533191,668.1950043541914,238.9119608636249,12
101,3,48.51485148514851,90.0,20.91380579587435,1302.0744402868233,819.5058103529179,297.1179976306495,12
121,3,42.14876033057851,83.33333333333334,19.93222465450315,1530.8967163063116,972.4131221886182,351.16855109964985,12
161,3,43.47826086956522,75.0,20.54690333165039,2067.3880655023368,1306.3816051656186,469.3495438994829,12
201,3,41.7910447761194,70.0,19.39552568925508,2514.037025329426,1594.3635907554874,570.4905026069409,12
41,4,68.29268292682927,100.0,23.38135997351813,561.0802380112939,348.5537557346421,124.76760308080573,12
61,4,52.459016393442624,100.0,22.869662457945527,814.443045024094,509.29075201138164,183.65555336027413,12
81,4,46.913580246913575,93.75,21.73474445255448,1069.9832161089475,675.751451623972,239.15149208626738,12
101,4,50.495049504950494,75.0,21.821529585221125,1335.9427065877503,840.9425939987966,297.94994719816094,12
121,4,47.93388429752066,87.5,21.226457704386338,1607.2114954127708,1016.0095790338185,365.87493222871547,12
161,4,37.267080745341616,84.375,19.36273669731596,2008.6221414369047,1274.6049875985432,458.70134017365575,12
201,4,37.81094527363184,82.5,19.096295252958544,2466.0715509936413,1567.7871546364854,559.4527702441308,12
41,5,60.97560975609756,87.5,24.350495400508514,573.9989840196948,357.89056822025987,127.16123047960278,12
61,5,49.18032786885246,75.0,21.614499416292485,806.2287523398761,511.94684334375927,182.68893524425854,12
81,5,65.4320987654321,93.75,22.703075843674135,1077.5479282125211,673.1692928844088,239.16973144246427,12
101,5,54.45544554455446,85.0,22.31251833806209,1334.2132303931246,839.6464817022188,301.68971309239964,12
121,5,40.49586776859504,87.5,20.602613765142866,1559.7398881879585,983.2073121157841,353.42399140795766,12
161,5,41.61490683229814,84.375,19.973345184239186,2033.4409875349802,1289.9895923363642,463.75113831247063,12
201,5,36.318407960199,75.0,18.704305249022678,2460.434544201794,1567.3848029696578,560.655678561911,12
41,6,56.09756097560976,100.0,22.987687261869347,559.259488646127,351.54857743344985,130.73547426147837,12
61,6,70.49180327868852,91.66666666666666,23.565979793047504,824.2733030068991,512.1745523493317,184.87938724587917,12
81,6,56.79012345679012,87.5,22.316050361958794,1082.542138400429,681.1881532024724,242.8274060867337,12
101,6,47.524752475247524,90.0,20.652966108358246,1340.7554903432363,845.6517036731518,300.15153630090265,12
121,6,51.2396694214876,87.5,20.726090158846937,1550.6888428213374,977.0381813554902,355.92833187380097,12
161,6,42.857142857142854,75.0,19.93813407642881,2017.3833394547426,1279.0434159027027,460.9309931902558,12
201,6,37.81094527363184,77.5,19.214807311479518,2476.3644234226467,1578.8985697567587,568.2492777820445,12
41,7,63.41463414634146,100.0,23.464826585427247,550.8005886651924,343.77407617745587,122.67345033883551,12
61,7,50.81967213114754,100.0,22.462676995460516,821.9783641351692,521.2690609735552,190.7143238176883,12
81,7,48.148148148148145,75.0,22.482205161581543,1086.8140897480848,676.3588322584227,236.73572938459745,12
101,7,53.46534653465347,90.0,21.87650882506635,1332.7483500135522,836.4989179392157,302.60595643978326,12
121,7,43.80165289256198,75.0,19.88929202247971,1518.0802821699124,953.0196083358088,339.14745260208076,12
161,7,44.099378881987576,84.375,20.456260358277873,2029.6562429886517,1271.6317600432187,454.8856818405003,12
201,7,36.318407960199,82.5,18.891657166981382,2448.4098424082686,1564.5141579822891,570.261998206024,12
41,0,53.65853658536586,75.0,24.154696969329102,576.6798974686265,356.11025637312423,129.7032745833904,13
61,0,72.1311475409836,83.33333333333334,25.44954588734014,855.6073427008124,527.1234440287694,181.2799092767166,13
81,0,67.90123456790124,87.5,24.023234455338354,1120.3942121918658,695.8440005354628,248.43553355592408,13
101,0,66.33663366336634,90.0,24.194342520904193,1391.1426822494368,861.9737968450993,303.221246588995,13
121,0,55.371900826446286,87.5,22.878723442573115,1626.8974073475015,1022.9301882497443,361.16547612543366,13
161,0,52.17391304347826,84.375,21.357502911980607,2122.4360747184064,1327.7776353238276,478.16333829810895,13
201,0,55.72139303482587,82.5,21.478867023051137,2622.483102072381,1639.818184896143,578.459329293771,13
41,1,75.60975609756098,87.5,25.4429740415495,563.3992995695407,349.4534362582684,121.60838345306331,13
61,1,68.85245901639344,75.0,24.59848756446352,886.0238736022794,551.7496685168342,196.18386620543436,13
81,1,65.4320987654321,93.75,23.832680619883625,1122.9061763996624,695.2098177809027,242.90100350914955,13
101,1,58.415841584158414,85.0,22.406091869244754,1352.7080533764695,843.1754997947536,301.00660936776245,13
121,1,53.71900826446281,75.0,22.474710594860834,1629.5020270898217,1021.0662981741076,371.2080703664656,13
161,1,46.58385093167702,81.25,21.35193314897836,2113.2339671911213,1316.2259671777572,467.0257397318014,13
201,1,45.27363184079602,85.0,20.71608995045957,2592.9946107429137,1636.3169674709216,587.2060914705105,13
41,2,53.65853658536586,75.0,25.51485780809174,597.047997110629,367.907228519933,128.51549677317823,13
61,2,62.295081967213115,83.33333333333334,23.81068657564146,849.6285549618738,527.6635734972017,191.81054201780196,13
81,2,58.0246913580247,81.25,23.225120449905152,1139.7806321615474,711.3900400379362,260.4368580455658,13
101,2,55.44554455445545,90.0,23.460959056238774,1415.9263499780286,875.55797307376,304.83617221928466,13
121,2,50.413223140495866,83.33333333333334,22.322099904077717,1658.6051602589378,1039.2447671421546,369.4050583504705,13
161,2,50.31055900621118,93.75,21.50058082122018,2147.324312863875,1339.9872632457864,482.4624377615868,13
201,2,44.27860696517413,75.0,20.854345389018206,2606.680269765041,1635.3601004752236,583.1546251393203,13
41,3,90.2439024390244,87.5,27.190347991208817,596.5298987310512,376.10234196807187,135.07662777592793,13
61,3,68.85245901639344,91.66666666666666,24.806710845901492,861.9550635499843,536.4529650108964,189.41587450593218,13
81,3,61.72839506172839,87.5,24.17457740072954,1123.5927347133152,699.1682326116048,250.34486285962407,13
101,3,66.33663366336634,90.0,24.387474256083973,1389.2494469871508,860.1846704222473,303.6120334800258,13
121,3,55.371900826446286,79.16666666666666,23.224426161420798,1657.2299977058574,1033.9474641840648,368.89316201518943,13
161,3,51.5527950310559,81.25,21.507722127242946,2135.3575891650808,1332.027346950381,474.8816066158489,13
201,3,45.77114427860697,85.0,20.56723589866834,2561.52783130682,1613.3787334003046,577.3329453561553,13
41,4,65.85365853658537,75.0,26.117562013090843,591.6374258477928,372.10588014681093,131.64770303623465,13
61,4,67.21311475409836,58.333333333333336,26.229539094332,879.5769621999096,543.6221645555129,190.1167309732611,13
81,4,69.1358024691358,81.25,25.143404278980615,1140.3278216975295,703.4965314888348,246.77932468815513,13
101,4,52.475247524752476,85.0,23.341966088305362,1371.30379621461,853.1597581857425,302.46348798305803,13
121,4,51.2396694214876,91.66666666666666,22.125979619884685,1632.782962570589,1015.4635671854901,363.86847576140764,13
161,4,61.49068322981367,87.5,22.426067582764887,2164.7506729315323,1343.2065692798747,472.6596130140942,13
201,4,46.26865671641791,80.0,21.148220774503432,2634.0205173249824,1647.2029147515432,583.5878441949646,13
41,5,48.78048780487805,75.0,24.344496883585464,583.3185126441816,365.141416734485,131.40188405985293,13
61,5,57.377049180327866,100.0,24.767319187812294,873.4645355329228,544.5378720275379,195.5549917329415,13
81,5,51.85185185185185,87.5,23.14719428438888,1123.5276916048517,703.1001491279934,252.17287939003066,13
101,5,57.42574257425742,95.0,23.92990655801218,1403.6297833558183,883.9246076288655,323.15221774427283,13
121,5,45.45454545454545,75.0,21.705022434449422,1618.6611513845019,1010.9234642236612,362.5073598291114,13
161,5,41.61490683229814,78.125,21.06118075624007,2107.814304841476,1320.8781542131492,470.2790121696519,13
201,5,40.298507462686565,77.5,20.669806657184555,2637.059660391121,1656.573494137005,594.4946920190087,13
41,6,90.2439024390244,87.5,27.46579827955609,602.5922489557474,377.7497684610123,136.6496097264874,13
61,6,73.77049180327869,83.33333333333334,25.23488988765228,872.8627312740015,549.0217400465318,193.95173065987893,13
81,6,66.66666666666666,68.75,24.007725455266552,1125.5695080954358,710.9318406074615,257.70642545616084,13
101,6,72.27722772277228,85.0,24.235539735831882,1404.253992435195,873.8268348020405,307.41654050758734,13
121,6,64.46280991735537,87.5,23.06293117884923,1659.934704030417,1036.4900115795917,373.62174420025696,13
161,6,55.90062111801242,87.5,21.90196278128844,2152.053223002677,1350.5956857393774,485.3888081935366,13
201,6,52.736318407960205,87.5,20.71529584439437,2625.080617057578,1644.0500300656495,584.5767416063172,13
41,7,68.29268292682927,87.5,25.90890381039957,596.8664709133075,369.84617096927445,132.7764159969443,13
61,7,59.01639344262295,83.33333333333334,24.35059365902613,836.4102789793517,519.9539521251141,186.07551109227884,13
81,7,66.66666666666666,93.75,24.573971147164844,1121.4686039213016,699.1926286668275,249.1842220289568,13
101,7,60.396039603960396,90.0,24.044484857024166,1402.3695065839934,878.3773258153288,317.24772912740497,13
121,7,58.67768595041323,83.33333333333334,22.437638231045128,1618.2404003840452,1005.732484802372,354.54600690024847,13
161,7,47.82608695652174,87.5,21.934376846060736,2131.9561544943003,1332.524649398907,470.51754370160177,13
201,7,48.756218905472636,77.5,20.68317404857425,2598.7660779262246,1636.256457758972,582.2626463527396,13
41,0,65.85365853658537,87.5,24.62132404713298,564.1735487824972,350.1643501691499,124.44413361255984,14
61,0,75.40983606557377,91.66666666666666,23.996370990687872,811.8644413083944,508.6716867953519,184.7324825558176,14
81,0,67.90123456790124,93.75,22.75059893017656,1069.959145071905,670.8341994091229,240.3597200998911,14
101,0,58.415841584158414,90.0,21.557967928501668,1317.9411253400087,826.2806544594794,293.74582547093166,14
121,0,58.67768595041323,95.83333333333334,21.424173546856778,1580.4627053486388,991.1396963605757,358.8551607436058,14
161,0,52.79503105590062,90.625,20.54874485178534,2059.373170112208,1292.6600770766304,464.88764571020226,14
201,0,50.24875621890548,87.5,20.228586936726177,2515.8758174245913,1578.9368062873364,565.8769420654987,14
41,1,65.85365853658537,87.5,23.286554188720054,539.1745388608831,333.6068805108237,115.34357101248513,14
61,1,70.49180327868852,100.0,23.71093973825003,809.0401624035593,499.49316337571827,172.36891102162593,14
81,1,61.72839506172839,87.5,23.467672896976676,1082.3233407429561,672.9126152993108,239.75299843749718,14
101,1,55.44554455445545,100.0,21.465711416920886,1316.1510604677846,824.9952265673255,294.40546084714833,14
121,1,62.8099173553719,91.66666666666666,21.959035812904062,1566.539629281784,976.8083754652439,353.4004450452926,14
161,1,50.31055900621118,81.25,20.53688549443632,2052.9687691139834,1292.603260142702,465.2905156089187,14
201,1,53.73134328358209,95.0,20.857787880833612,2542.1722101222954,1602.1391067602685,575.8932499943244,14
41,2,75.60975609756098,87.5,25.57714145569756,570.1258426546622,358.39090806062217,129.96543349676548,14
61,2,81.9672131147541,83.33333333333334,24.81650497422721,833.1581339924095,519.9292582589292,186.30917886944334,14
81,2,60.49382716049383,87.5,22.53102536273707,1067.2117347857238,661.798242624382,238.22358459453045,14
101,2,60.396039603960396,95.0,21.220850621714686,1296.0113047397836,818.8394173326034,299.9945796311067,14
121,2,54.54545454545454,87.5,20.564103675589276,1536.681920524311,969.6081717439989,358.42227993124607,14
161,2,55.90062111801242,93.75,20.578711229175347,2017.5250139200673,1264.1784057603509,455.069258614065,14
201,2,48.258706467661696,90.0,20.744456503835835,2545.1315521954602,1596.9029377848583,575.4758970958784,14
41,3,78.04878048780488,87.5,24.81040370964866,569.4863577979032,357.01172874625115,129.55233865522598,14
61,3,63.934426229508205,91.66666666666666,22.77488867460651,794.2096717029438,494.6288823513635,175.0887403383121,14
81,3,65.4320987654321,87.5,23.83625609568096,1093.7346955706257,686.7990595645647,248.9271961250978,14
101,3,67.32673267326733,90.0,22.43602171372064,1314.574323331156,821.3585046846497,295.33584579588245,14
121,3,60.33057851239669,79.16666666666666,21.581132152591678,1570.1346363983137,985.6335843180084,352.70284987207276,14
161,3,58.38509316770186,90.625,21.005457713818238,2050.3385550205367,1293.8492601768253,466.47514776943433,14
201,3,49.75124378109453,92.5,20.13233402222671,2534.694130341153,1588.8238463859125,577.6980239550218,14
41,4,63.41463414634146,62.5,23.546654135188874,556.6754861786513,351.78912092821173,131.01866971502676,14
61,4,60.65573770491803,91.66666666666666,22.63437731957412,797.508779192668,497.48154635506717,182.00755729226512,14
81,4,62.96296296296296,93.75,22.692874095139945,1078.9934193200052,682.663872752091,243.08428838535713,14
101,4,56.43564356435643,90.0,22.03304003160875,1325.2488985998336,834.3221484443006,300.1775529449471,14
121,4,57.02479338842975,91.66666666666666,21.178139432462725,1572.6957572625188,985.450184185848,352.60864711326417,14
161,4,54.6583850931677,84.375,20.937415707799683,2064.443503135658,1297.0023192172687,463.14671414561917,14
201,4,54.22885572139303,92.5,20.18277937171948,2534.456172087642,1600.0667847819511,577.269279778897,14
41,5,85.36585365853658,100.0,25.67077643269358,576.0326557640465,361.0694426683617,132.5174406429945,14
61,5,75.40983606557377,100.0,23.901379220072204,807.0269922655347,503.6068837938135,183.7896807338248,14
81,5,59.25925925925925,93.75,22.440687938963077,1079.7441225563457,677.3082488808304,246.5143249089409,14
101,5,59.4059405940594,90.0,21.59236649417018,1321.1884443782928,832.6216693494418,301.5956138044606,14
121,5,54.54545454545454,91.66666666666666,21.40908290310946,1569.2039665735297,976.1808190860821,346.79246027777174,14
161,5,54.037267080745345,90.625,21.181985731000147,2046.1702634458486,1286.4355175080836,460.99343950542436,14
201,5,51.243781094527364,85.0,20.459857004780787,2522.2657541838093,1574.5791270252273,559.8808724450583,14
41,6,80.48780487804879,100.0,24.419954997518822,545.1761438258466,344.12048227943023,125.29084572400384,14
61,6,73.77049180327869,91.66666666666666,23.979406281495752,823.3597291818501,520.3848452468741,189.07340456259828,14
81,6,61.72839506172839,93.75,23.455583233300654,1085.5572689634037,678.5927540803848,244.66488574772217,14
101,6,58.415841584158414,90.0,21.88767979239088,1302.3048934751157,812.5050220751426,287.4330536862224,14
121,6,56.19834710743802,91.66666666666666,21.64920408765408,1546.6262940140543,959.7880165932775,346.1196959644226,14
161,6,49.06832298136646,81.25,19.747220676402797,2012.4513181183902,1270.2861846532119,467.0864483520492,14
201,6,50.74626865671642,85.0,20.40089548578467,2520.5627721289065,1581.45024323478,565.0439318821803,14
41,7,80.48780487804879,100.0,24.435096401315217,559.4559314994794,346.9641356783827,122.51798320732729,14
61,7,67.21311475409836,100.0,22.56258301701672,797.5079008575068,495.40541683153106,175.08221161406578,14
81,7,54.32098765432099,81.25,21.41354376496117,1040.0826725447064,652.3646920458218,237.1434758225164,14
101,7,50.495049504950494,90.0,20.581358074270014,1296.4047196124584,814.4379597201757,290.78828248517823,14
121,7,56.19834710743802,83.33333333333334,21.670257990344204,1545.8577179539357,964.4890872883298,346.4817630813796,14
161,7,60.86956521739131,90.625,21.13107596140123,2048.3163661996414,1281.1972056608092,455.6969028641712,14
201,7,49.25373134328358,85.0,20.02424503865213,2482.2739125385374,1555.1617328409961,564.008885522954,14
41,0,73.17073170731707,75.0,24.810474506966017,558.4537391259673,351.1783151052086,130.22290692429416,15
61,0,75.40983606557377,100.0,22.12621632177581,795.3495468743447,496.23965645907003,178.08211327245326,15
81,0,65.4320987654321,93.75,22.537296999348733,1050.2304233532202,657.4864876024394,240.99682092001822,15
101,0,60.396039603960396,100.0,21.50009841535775,1302.506891092106,815.6050559021307,294.17510296607463,15
121,0,63.63636363636363,91.66666666666666,22.136313850083152,1535.8178009874855,957.8083013743549,342.3405875845546,15
161,0,48.4472049689441,90.625,20.15039571594416,1994.461547596667,1259.240045998439,450.9614375938339,15
201,0,56.21890547263681,95.0,20.76218417526042,2470.450924571798,1540.796636966049,554.6863099216926,15
41,1,73.17073170731707,87.5,23.85910906413385,548.5842003793513,344.2093570673259,127.27377087349757,15
61,1,72.1311475409836,91.66666666666666,23.242353698441253,802.3407785587187,500.5779312939441,181.08810243721516,15
81,1,70.37037037037037,93.75,22.946657876818115,1053.9047078905735,659.2137679397174,240.29022966669888,15
101,1,69.3069306930693,85.0,22.11810215678458,1284.1094407920343,801.9640421637039,292.8261170102736,15
121,1,56.19834710743802,95.83333333333334,21.3846043737403,1526.4369584511337,958.8094724185635,345.03269725760606,15
161,1,52.17391304347826,87.5,20.664364323377534,2048.848390800718,1274.7290087147799,452.67317646185484,15
201,1,50.24875621890548,85.0,20.246560938076847,2472.144159368582,1549.125993640375,554.2071356626392,15
41,2,82.92682926829268,100.0,24.323040655655216,539.724509669151,335.94350642989355,118.58863329611516,15
61,2,60.65573770491803,91.66666666666666,22.70952632854542,799.9443791638564,502.4348681950527,178.78383943355706,15
81,2,74.07407407407408,93.75,23.90052147734533,1074.6509458603282,666.6291383406589,235.8154858516862,15
101,2,57.42574257425742,95.0,21.962540651281383,1309.0525720967794,817.5806870500021,289.89566035454413,15
121,2,67.76859504132231,83.33333333333334,22.451260052468008,1562.551818267957,982.9772383666178,355.1870648960697,15
161,2,49.06832298136646,81.25,20.337461068333614,1982.061127428794,1248.3671403905455,461.0790007874231,15
201,2,47.76119402985074,85.0,19.681246949991575,2442.382226273388,1538.9094406626464,549.7777399602982,15
41,3,73.17073170731707,87.5,24.051168352536514,555.6515927016653,355.91361974144615,135.02220080544694,15
61,3,75.40983606557377,91.66666666666666,23.138941385204124,780.5286236958123,491.89775333606804,179.966497534062,15
81,3,71.60493827160494,100.0,23.237850748278824,1041.4639738723963,650.4900647155648,231.3477481820144,15
101,3,53.46534653465347,95.0,22.115117267387962,1332.1503609600868,834.7704888182275,297.8633804459085,15
121,3,62.8099173553719,91.66666666666666,21.68496528546394,1522.9351250250359,953.7011599854511,342.1981652712351,15
161,3,51.5527950310559,96.875,20.604307590905545,2001.980455132739,1251.7925133932254,451.2678510567405,15
201,3,53.73134328358209,90.0,20.15836115548266,2457.8264552927876,1541.6641615415397,559.4980241572964,15
41,4,90.2439024390244,100.0,23.989729194906193,536.7690296656169,334.1645559406642,119.53172036292199,15
61,4,75.40983606557377,100.0,23.03758912119144,784.6211101215818,489.32237529399754,177.6698946886091,15
81,4,75.30864197530865,81.25,23.304473929326843,1062.4546783583403,669.0341703444913,241.50746853059556,15
101,4,60.396039603960396,85.0,22.26822726135868,1303.5609804587696,818.8624159670964,299.8525353552901,15
121,4,57.02479338842975,87.5,21.29722705709204,1526.5566966818155,955.8073582303313,345.82237067543304,15
161,4,53.41614906832298,93.75,20.664617950067026,2032.5579611187209,1269.6650978437592,454.88114028788027,15
201,4,49.25373134328358,82.5,20.320164924552625,2443.5342715299857,1523.454521976598,544.0816984906987,15
41,5,82.92682926829268,100.0,25.127188047238324,573.7860569157501,360.884908979097,129.05144495323162,15
61,5,63.934426229508205,91.66666666666666,24.001028639391844,829.639648115813,522.4163018814431,189.94607276653926,15
81,5,66.66666666666666,93.75,22.454229688071905,1043.2761206056475,652.1117869351843,233.60829423890817,15
101,5,61.386138613861384,95.0,21.884034420365957,1296.9845065319068,808.3778994108154,291.8257080507686,15
121,5,52.066115702479344,91.66666666666666,21.43394980997842,1528.7426299619688,956.1105002158903,339.947813500052,15
161,5,60.24844720496895,93.75,21.198809669175525,2023.5887643159667,1265.559182018752,456.3219714843767,15
201,5,48.258706467661696,87.5,20.25924494024696,2477.406602044724,1541.3093955646955,551.6122792491034,15
41,6,56.09756097560976,100.0,23.83104806712213,554.8681251256324,349.7848291924285,125.07688495196363,15
61,6,72.1311475409836,83.33333333333334,23.771058340081634,817.4837919655022,514.6623018662166,188.01706000568097,15
81,6,61.72839506172839,81.25,22.185285267359752,1034.285604231247,644.6741607910997,234.00622060830358,15
101,6,66.33663366336634,95.0,22.616817471767273,1299.6131910484512,814.1553097880018,293.8350036319966,15
121,6,64.46280991735537,91.66666666666666,21.6127631947379,1545.2875465346754,965.8805741637397,350.81962170222397,15
161,6,56.52173913043478,90.625,20.738616323954385,2015.4059536608768,1261.2297160946425,455.5682973883077,15
201,6,51.243781094527364,92.5,20.267165281685767,2471.8810598494238,1543.7742025216871,554.1304322127799,15
41,7,95.1219512195122,100.0,25.333809144595776,544.4071114478261,336.28783660288246,116.94149570505199,15
61,7,65.57377049180327,100.0,22.936020165911323,796.387601752668,495.2067904544306,177.22522801265282,15
81,7,60.49382716049383,100.0,22.435561408303457,1061.3576306118525,666.5501572457725,240.19920834681693,15
101,7,64.35643564356435,95.0,22.324426485149356,1304.7647666082291,812.1089319052576,286.3241780597214,15
121,7,65.28925619834712,95.83333333333334,21.90564803081052,1571.2219294994852,981.7040670123638,353.2987872224662,15
161,7,54.6583850931677,84.375,20.644295587938256,1992.82497301439,1252.4802446286667,456.1427982016716,15
201,7,60.19900497512438,95.0,20.870307348550288,2496.1129940403375,1563.555913069824,555.942302182412,15
41,0,70.73170731707317,87.5,24.376800001487947,541.8036411631774,338.563418035858,123.31990808517008,16
61,0,65.57377049180327,100.0,22.951048596436912,783.1403003521824,485.08951656700486,176.49165359900843,16
81,0,65.4320987654321,87.5,21.617639064113796,1008.2851425003169,631.5001036294652,230.17439803291342,16
101,0,63.366336633663366,90.0,21.513098618725785,1258.8011370349016,785.457439259461,282.29752479286066,16
121,0,61.15702479338842,91.66666666666666,21.44409876566037,1545.0128955613693,972.6235887192151,346.05045733118527,16
161,0,59.62732919254658,90.625,20.333748130170136,1944.7939957058325,1214.72717777269,432.4613195039682,16
201,0,53.233830845771145,90.0,20.126111006985074,2431.122528489605,1516.0029701836884,539.1979097203325,16
41,1,75.60975609756098,100.0,23.85699890044425,534.7592312922501,333.45750412829307,121.61935202036506,16
61,1,80.32786885245902,91.66666666666666,23.342603727055934,766.8266848513099,471.9616706859809,169.24898100445378,16
81,1,65.4320987654321,93.75,22.09993679770068,1019.2610651173884,633.8868033348085,226.2311146436151,16
101,1,67.32673267326733,90.0,21.95667780086213,1255.8932876260733,781.9130668270889,276.640792682867,16
121,1,57.02479338842975,79.16666666666666,21.195987292910374,1473.2676231337778,916.3257807541886,326.25383907160966,16
161,1,59.006211180124225,87.5,20.546981998310493,1927.4962077664018,1205.3152642066275,436.20527301115186,16
201,1,55.72139303482587,87.5,20.114922560939966,2425.0141887970167,1517.8496586441308,540.2552842237283,16
41,2,73.17073170731707,100.0,23.7103989459604,540.5125199479534,333.27703479631737,116.72169179854824,16
61,2,85.24590163934425,100.0,24.741897870220942,816.8292769019424,510.1727295081594,184.80221963026395,16
81,2,64.19753086419753,93.75,22.372008448955732,1013.350812068305,631.6122020907577,231.7596438785302,16
101,2,68.31683168316832,90.0,22.389567065345297,1286.92772773593,800.3304879320933,287.87338623918265,16
121,2,52.892561983471076,75.0,21.113452473624477,1488.2766421346168,929.6709467877115,333.73538203387926,16
161,2,54.037267080745345,81.25,20.708229137659522,1969.051729965758,1222.5181701775957,435.04976179903383,16
201,2,52.736318407960205,87.5,19.462198512854073,2393.351121839543,1501.2141430623014,534.5035578423588,16
41,3,87.8048780487805,87.5,25.068743187029547,540.0624031841038,334.78723324414693,117.85414858179261,16
61,3,83.60655737704919,100.0,24.061711808545503,803.6020052609465,498.30133763945787,176.2977286997874,16
81,3,64.19753086419753,75.0,21.753247236068482,1005.4499528595363,627.2069665950623,226.77853847189962,16
101,3,68.31683168316832,85.0,22.35779401676705,1265.1744214374012,796.4214445275168,288.96721692486494,16
121,3,52.892561983471076,83.33333333333334,20.37099743747062,1483.0794997775474,926.7249831351776,336.27593548342315,16
161,3,54.037267080745345,90.625,20.069123487128206,1959.8768716860661,1222.1148848825662,435.3719086452854,16
201,3,49.25373134328358,75.0,20.27409636391783,2409.4565240777424,1512.5023629604016,547.1326616496746,16
41,4,78.04878048780488,100.0,24.42194689138251,552.9273600694044,344.81611783740186,123.92614249617847,16
61,4,59.01639344262295,58.333333333333336,22.527138101859258,784.4122937696886,488.3046873066026,176.5569842316907,16
81,4,64.19753086419753,87.5,21.59098810294564,1002.0412008665335,622.3124040107641,221.85570738863592,16
101,4,60.396039603960396,85.0,21.45065268936189,1265.3833719104816,790.9610708513571,281.13288682020334,16
121,4,64.46280991735537,87.5,21.306964117305373,1505.852227099279,945.9169230823961,338.54600768948103,16
161,4,63.35403726708074,96.875,20.845036813954255,1977.0186601381047,1240.1926271521384,444.86222251659956,16
201,4,55.223880597014926,87.5,19.876089767082814,2408.9013538645713,1505.1256167422393,535.8129420443,16
41,5,63.41463414634146,75.0,23.43733962150039,545.92662999977,343.4656957666962,126.63770812706701,16
61,5,62.295081967213115,75.0,22.215189593617424,770.783015279577,485.2443752663453,179.65875308121713,16
81,5,72.8395061728395,87.5,21.874388928352207,1011.972359572731,637.9254040897044,233.3831654235678,16
101,5,57.42574257425742,80.0,21.68338507740948,1265.303487489174,784.8821087308827,279.76740076335545,16
121,5,57.85123966942148,87.5,21.042045177504875,1491.8974047672198,939.4130813828473,337.8514062983272,16
161,5,49.06832298136646,84.375,20.247448185385615,1969.3079895081205,1229.9190420706811,440.44271592916454,16
201,5,51.243781094527364,90.0,19.79139476023113,2389.238575328378,1486.6422577379813,527.2624822702358,16
41,6,70.73170731707317,87.5,23.16873898390491,530.7276449239591,334.13982668022925,121.48455237955564,16
61,6,73.77049180327869,91.66666666666666,22.998541037049616,793.7291622079783,493.79185888228125,177.11874420174502,16
81,6,67.90123456790124,93.75,21.966846190853303,1024.49993595931,636.3977526997679,232.98587625094152,16
101,6,64.35643564356435,90.0,21.408226155076413,1257.8321324050596,783.4745676979035,284.1953495468895,16
121,6,66.94214876033058,87.5,21.873795605774784,1518.7643452623902,948.9290498987506,343.83620226758876,16
161,6,56.52173913043478,81.25,20.699737773060576,1952.8695838149006,1218.1443834818808,436.00387718661284,16
201,6,52.736318407960205,87.5,19.733429835415663,2388.922817634874,1498.8927642599153,539.1186052981174,16
41,7,73.17073170731707,100.0,22.74589692777371,537.0907512101628,338.701027852661,124.65326830696321,16
61,7,68.85245901639344,75.0,23.311963381542775,788.3121304557628,492.9020334363744,180.04099518720207,16
81,7,69.1358024691358,87.5,22.683249630518795,1035.0524292273042,645.9798768567418,232.03183143919318,16
101,7,61.386138613861384,85.0,21.909799769390794,1279.2993815012646,795.7555837751174,283.9438007152084,16
121,7,57.85123966942148,83.33333333333334,20.74763151098359,1497.9270365403281,936.5928645865874,339.33932029256846,16
161,7,57.14285714285714,87.5,20.05883563499658,1933.7754283114373,1214.2458003533409,435.747753178564,16
201,7,52.736318407960205,87.5,19.732509880301485,2402.8656219140507,1496.4419320552242,536.3939596497537,16
41,0,58.536585365853654,100.0,23.74714229982862,549.714181861041,341.2563556839725,120.70607248683714,22
61,0,45.90163934426229,75.0,22.534555884407972,813.7306425104787,507.32410338226026,180.5186636768726,22
81,0,45.67901234567901,68.75,21.417963912172542,1049.939409161033,651.4092340872617,233.89489150738527,22
101,0,43.56435643564357,90.0,20.844067722700338,1294.298835096683,807.6766953053756,289.32164880468565,22
121,0,43.80165289256198,83.33333333333334,19.40259199570392,1508.0996587396207,944.9483877366758,334.2973592343021,22
161,0,29.81366459627329,68.75,18.983737959652547,1963.176343389026,1232.125712540737,439.4745804872398,22
201,0,31.343283582089555,85.0,18.075464151100903,2379.1856003359144,1507.9536719368343,537.4556879240332,22
41,1,48.78048780487805,75.0,23.011700234461422,565.1347011912787,349.7574909756994,123.35784594717782,22
61,1,57.377049180327866,91.66666666666666,22.042401067904212,785.4293449439083,491.7910321507298,178.27475931407676,22
81,1,53.086419753086425,87.5,22.96058871439411,1075.2562779765876,669.0367514065354,234.78558658286212,22
101,1,31.683168316831683,75.0,19.332093430639812,1272.1071264815591,809.7907183590858,287.3394146518805,22
121,1,34.710743801652896,75.0,18.7048864560391,1455.249568125098,921.4370369205842,332.51722682188154,22
161,1,37.88819875776397,81.25,19.597506264577863,1984.7447718584508,1257.021154246994,449.76571421239436,22
201,1,31.343283582089555,85.0,18.126119776527425,2385.175646121617,1540.8278224943376,557.8613477441675,22
41,2,65.85365853658537,100.0,24.12025877134213,553.7576328853062,344.2777508753926,125.78225637033734,22
61,2,47.540983606557376,50.0,20.90188715380847,790.0668364022663,490.1800997561026,176.80637035062688,22
81,2,54.32098765432099,68.75,22.377422910731347,1059.2992514558005,661.2443045365994,235.31819817215646,22
101,2,38.613861386138616,80.0,20.066146012035986,1283.025115028802,803.4777327581711,290.15890290170074,22
121,2,42.97520661157025,83.33333333333334,19.600905029327958,1521.5527658673213,962.1239205461773,337.83980000254445,22
161,2,32.298136645962735,68.75,18.995745454465236,1992.2292679994407,1265.5457466522955,462.1216000017033,22
201,2,28.855721393034827,77.5,18.3918267440235,2406.237448238692,1532.9980653691512,551.1689801171966,22
41,3,75.60975609756098,87.5,23.280275586775396,531.5144561545228,331.4117740018926,115.80893964714227,22
61,3,45.90163934426229,75.0,21.89031814589715,779.6287410847027,491.2705770161858,177.9961990669338,22
81,3,45.67901234567901,81.25,20.11873153042266,1045.4842228096434,659.1843938133862,235.78434944587082,22
101,3,41.584158415841586,75.0,20.066623400225566,1265.8848501781313,797.7863045143564,284.8365049828568,22
121,3,37.1900826446281,75.0,19.70755275913028,1509.6311136752815,949.645192992631,337.971031263124,22
161,3,28.57142857142857,71.875,17.909190446370282,1899.677969495647,1219.2562596921932,432.4704048909364,22
201,3,28.855721393034827,77.5,17.446996714464756,2350.292681763269,1523.6990105356235,548.8981122848373,22
41,4,70.73170731707317,100.0,24.41482112839211,552.2179770179396,344.8373846748435,124.15362569882039,22
61,4,52.459016393442624,66.66666666666666,20.74169900363328,777.6183873579331,486.57461896650227,176.5158019973188,22
81,4,44.44444444444444,75.0,21.103959888498988,1045.1836966813084,651.9455523806721,235.28661788423227,22
101,4,26.732673267326735,65.0,20.087212942567994,1273.4475521740442,805.1564875610134,288.99536166938395,22
121,4,33.057851239669425,79.16666666666666,19.393148732260705,1473.5498717363457,933.0995369513848,333.2644704957252,22
161,4,29.81366459627329,78.125,18.936320946707557,1950.5655136755606,1244.2103642421034,454.064020369282,22
201,4,27.363184079601986,70.0,17.927383523596568,2346.8265914660788,1516.7547956116953,549.9593142488133,22
41,5,53.65853658536586,87.5,23.350769558401726,553.0360565414176,343.5351652600105,124.46494906526425,22
61,5,60.65573770491803,91.66666666666666,22.624768619990697,810.838790504478,502.04618109546095,178.57355499923722,22
81,5,40.74074074074074,87.5,21.197543468484703,1019.2015930549801,638.1152516339052,228.57763885435259,22
101,5,48.51485148514851,90.0,21.08379582984099,1269.1484842370269,795.2139114960144,281.79171122822106,22
121,5,40.49586776859504,79.16666666666666,20.309298304043832,1540.3644758728988,959.4468629897958,339.61262006362267,22
161,5,30.434782608695656,75.0,18.340107356118132,1907.643411112268,1226.4531199781281,441.1618938144126,22
201,5,28.35820895522388,80.0,18.04983717097965,2397.3862443593507,1535.2768197946712,555.2742747006388,22
41,6,60.97560975609756,87.5,23.99177554973463,548.0616730484221,337.7892401090714,120.19931541499975,22
61,6,50.81967213114754,91.66666666666666,22.10938393120994,804.035395020232,499.915515760558,179.82613468877747,22
81,6,48.148148148148145,75.0,20.180562193967244,1023.1451003408927,638.6371687348417,230.11677712454258,22
101,6,37.62376237623762,75.0,19.404055700206698,1274.4254929677857,799.2461274198722,289.76857065777153,22
121,6,35.53719008264463,70.83333333333334,19.71125677642693,1525.2523649329837,965.6407699153416,344.0560507545831,22
161,6,35.40372670807454,81.25,19.008743408755173,1975.4127350724561,1244.3425749139278,445.29693357908405,22
201,6,29.35323383084577,65.0,18.26401827885511,2375.233677434803,1524.3486056875156,554.3468878658601,22
41,7,63.41463414634146,100.0,23.164547703198117,543.4880129422204,339.8466578993365,120.90278581100715,22
61,7,50.81967213114754,83.33333333333334,22.030789091294857,804.5488083100684,507.0208307688941,183.035005436659,22
81,7,45.67901234567901,93.75,21.550353942272732,1021.3933132065554,632.6324738329188,220.96426603062906,22
101,7,37.62376237623762,75.0,19.11959303041259,1245.870628042126,795.0100934944095,288.37051655846795,22
121,7,37.1900826446281,79.16666666666666,19.67452623755006,1517.6384797993014,948.8864526878752,341.5141738328483,22
161,7,32.298136645962735,71.875,19.009561197308035,1969.2836779886993,1242.6105839566658,453.0333939977995,22
201,7,35.32338308457712,75.0,18.868069884814975,2419.436232672918,1538.9682608108849,550.3395544219723,22
41,0,73.17073170731707,87.5,24.317051508292508,569.9042740943105,364.5330872377149,133.9842396430829,23
61,0,70.49180327868852,100.0,23.43102454494456,827.1219571591467,519.6431614728768,196.2306273834512,23
81,0,56.79012345679012,81.25,22.1450805392502,1053.0319971550493,661.8578000537846,238.74361809075367,23
101,0,56.43564356435643,90.0,21.512133359653227,1309.9993738603719,822.6400682581976,304.81428851277366,23
121,0,53.71900826446281,79.16666666666666,21.338277601425116,1555.7174041807207,979.1572498096907,364.9323244909208,23
161,0,52.79503105590062,87.5,21.37432598930023,2069.0608474309583,1304.944286537624,477.84456000280375,23
201,0,45.27363184079602,87.5,19.990353217916937,2488.9543316654785,1570.8143124468033,572.1671019037638,23
41,1,80.48780487804879,87.5,24.603163248819094,538.9220782024793,330.4353179253967,114.21799897488083,23
61,1,75.40983606557377,91.66666666666666,23.86586655388846,803.6560631874372,508.67770376402495,188.17021309762055,23
81,1,72.8395061728395,81.25,23.438958256868567,1059.7292032648788,664.4042780438915,241.42526729896917,23
101,1,65.34653465346535,95.0,22.47367470559235,1299.3569303747972,808.636093102868,289.5107165079885,23
121,1,58.67768595041323,95.83333333333334,21.69837063788033,1554.7032760098984,969.1079606163928,349.31896619468574,23
161,1,40.37267080745342,84.375,19.632632162520068,2011.0546058183172,1259.411268996208,454.3750110957162,23
201,1,47.76119402985074,87.5,20.393230052522803,2548.4134050551434,1605.3324600160718,585.6463774193336,23
41,2,87.8048780487805,100.0,25.597379649512273,564.6563222033577,355.6237024494615,129.86394627393395,23
61,2,62.295081967213115,83.33333333333334,22.417911699246794,804.3855650552777,501.51508985846897,179.07272958080682,23
81,2,58.0246913580247,87.5,22.925770958743747,1077.2397272232251,679.5678075289909,246.48229360610767,23
101,2,56.43564356435643,90.0,22.26333329355626,1320.3018946192706,831.7402013016291,306.7695545563133,23
121,2,61.15702479338842,91.66666666666666,21.781428253217957,1541.80295680416,967.4433195293346,355.47718439129807,23
161,2,45.962732919254655,90.625,19.915578213708603,2001.2450764943364,1263.8155357136307,460.8034452849581,23
201,2,44.776119402985074,90.0,20.061314237143666,2492.249488813141,1572.561323032855,573.3981192371434,23
41,3,80.48780487804879,100.0,23.918099543264905,550.473265150612,345.1799734782114,124.02719027534991,23
61,3,67.21311475409836,100.0,23.977221120587057,836.310075255489,524.0558531135455,189.01701038816975,23
81,3,50.617283950617285,75.0,21.437546895733227,1034.1007138573243,649.2275007019218,235.62148052313165,23
101,3,52.475247524752476,70.0,21.60520459495901,1304.6923555446558,818.3164524847169,296.71908602987327,23
121,3,49.586776859504134,83.33333333333334,20.3078229483917,1534.538723390234,966.4973072728677,354.8362269332183,23
161,3,42.857142857142854,90.625,19.948059443724354,1988.2423648460108,1245.0662573586542,446.0779717872931,23
201,3,38.80597014925373,77.5,19.57398812774717,2451.3833523835256,1544.2853296522503,568.3207085461829,23
41,4,75.60975609756098,87.5,24.17814422123791,542.5432950649118,344.5434833350024,127.56125743078248,23
61,4,57.377049180327866,100.0,21.901902532665474,781.4888398870735,486.76394436183745,174.906108177316,23
81,4,58.0246913580247,87.5,21.869909839952108,1060.8222142656255,668.2569017939538,249.08656886696073,23
101,4,52.475247524752476,85.0,21.734802541351456,1320.352890025635,824.8323349491985,296.78061531553413,23
121,4,48.760330578512395,79.16666666666666,21.422617926709005,1563.5688297130878,985.1300198774657,361.7584614709335,23
161,4,46.58385093167702,87.5,20.891570444569815,2041.408601848404,1288.5521960686774,473.08411698045416,23
201,4,45.77114427860697,87.5,20.263564491347033,2510.6768778975443,1579.285367279741,568.3208269409611,23
41,5,70.73170731707317,100.0,24.38153915810357,568.6604594551231,357.54718306520147,131.6138723605127,23
61,5,68.85245901639344,100.0,23.69180052970231,821.635052181819,513.8562147869883,184.16117305963624,23
81,5,53.086419753086425,81.25,22.149754363876962,1075.7650598598857,677.1097541277686,244.97226183478426,23
101,5,66.33663366336634,95.0,22.42956281565673,1310.4916997251419,830.9872315656629,312.51758203190013,23
121,5,47.93388429752066,87.5,21.191378573155095,1541.1979504588717,964.8978759569001,347.5050451278457,23
161,5,46.58385093167702,84.375,20.181495260339705,2032.2305266214341,1286.126633328575,470.674159463462,23
201,5,38.80597014925373,87.5,19.77290894982192,2494.868995391861,1569.2727459001749,566.146707427037,23
41,6,78.04878048780488,100.0,23.866978265479283,541.5996139953552,341.1332313634132,118.11446772182529,23
61,6,65.57377049180327,91.66666666666666,23.16501200659146,816.9671967631082,515.1307312037146,189.67465103200945,23
81,6,64.19753086419753,75.0,22.826034171236085,1061.5221797570948,661.7796359929646,239.73491106263828,23
101,6,52.475247524752476,80.0,21.645526190983603,1310.7468252740375,821.3221204156922,297.8424356900128,23
121,6,57.02479338842975,83.33333333333334,21.809295978883142,1570.012250893276,986.871150999729,363.97422382559023,23
161,6,44.099378881987576,84.375,20.410994084376814,2000.1496734027774,1254.739860429193,458.61290925978074,23
201,6,46.26865671641791,87.5,20.354347626698946,2522.6969739800497,1591.895008922155,581.8895094233196,23
41,7,87.8048780487805,100.0,24.570448483642032,545.8950859744486,343.7431671409229,128.27613111356402,23
61,7,72.1311475409836,100.0,23.183314462181116,796.7529061482503,497.79734516669237,175.17564762368346,23
81,7,54.32098765432099,87.5,22.22848195457515,1062.5986171078464,665.2161703578499,238.67033195241237,23
101,7,61.386138613861384,90.0,22.350019174846764,1320.1280909645811,831.9669181548079,304.183657430682,23
121,7,48.760330578512395,83.33333333333334,20.96411342814484,1555.1005065216782,973.7976343938778,352.04273582061523,23
161,7,39.75155279503105,71.875,19.54133334597667,1971.7336623251967,1243.504520623133,451.3136042343173,23
201,7,40.79601990049751,85.0,19.542118806299285,2467.13014539693,1561.7887625662584,571.8132227189157,23
41,0,80.48780487804879,87.5,25.12984636463998,562.9314495210859,355.1895080190685,124.56192709085106,24
61,0,68.85245901639344,83.33333333333334,24.319065428839206,825.5492382387599,521.1900327923728,189.22025676220724,24
81,0,55.55555555555556,81.25,23.083957914867984,1090.4796986792765,687.598085551825,248.15045093424362,24
101,0,52.475247524752476,95.0,21.589317881483485,1319.3325195440275,821.8768987439465,299.6115620711962,24
121,0,48.760330578512395,79.16666666666666,21.623884806184357,1591.1995771907905,995.1508712533463,360.00687225203694,24
161,0,44.72049689440994,81.25,20.56654408313301,2024.8852053215005,1276.9637962892098,463.6700124436586,24
201,0,37.3134328358209,85.0,19.77430622592057,2501.6842668260265,1573.386313049085,571.9325935871593,24
41,1,78.04878048780488,100.0,27.056357754106944,599.5251310910843,373.6502286301796,131.81672986527823,24
61,1,59.01639344262295,83.33333333333334,24.283882034800794,824.6809847303148,516.8099199901063,185.23224971744486,24
81,1,64.19753086419753,87.5,24.179995615295176,1099.115379331593,690.680371663047,257.73104427391627,24
101,1,62.37623762376238,90.0,23.000002377895512,1316.431003397731,828.8167093574838,306.5535615904938,24
121,1,51.2396694214876,91.66666666666666,22.04880617655395,1618.971528629152,1012.9213060991086,367.13314415925197,24
161,1,42.857142857142854,87.5,21.001892701480227,2070.7000095849844,1301.195239644892,473.60281284566656,24
201,1,44.27860696517413,85.0,20.92209905267674,2531.8809516638285,1585.5786713936413,568.1536525027205,24
41,2,68.29268292682927,87.5,24.065249932488875,549.0364236716011,339.23454049695215,122.139726144066,24
61,2,59.01639344262295,75.0,23.3682158379806,834.9070994283154,519.1458148818015,185.80826101141315,24
81,2,64.19753086419753,93.75,23.770899864040093,1101.5890344871978,686.7747410705089,246.7693897643149,24
101,2,44.554455445544555,65.0,22.521229262857524,1322.551320377606,825.0709241873478,292.825691373567,24
121,2,53.71900826446281,70.83333333333334,21.900336924414564,1573.8168787132076,989.7877483853669,359.79861526071807,24
161,2,46.58385093167702,84.375,21.11495539585071,2037.471289341104,1274.5037964045282,455.90442864952115,24
201,2,44.776119402985074,82.5,20.2391823841882,2518.659831943726,1579.2732482186154,573.7877660779809,24
41,3,75.60975609756098,100.0,24.441785255722625,577.4433813784224,361.9793971515686,128.33259233662994,24
61,3,65.57377049180327,91.66666666666666,23.770088536265302,833.7102487895116,522.9284198062154,192.73878644394745,24
81,3,58.0246913580247,87.5,23.446610140045493,1111.5685527011346,698.7834866073537,250.0808581172849,24
101,3,56.43564356435643,85.0,23.006579732515135,1347.3323126179218,847.0009475390982,302.9978297662583,24
121,3,55.371900826446286,79.16666666666666,21.52436794936822,1561.1754661550858,974.7112112517269,349.07097948991475,24
161,3,53.41614906832298,87.5,21.953337540417937,2076.1747139975914,1299.3102883737884,470.11133520719477,24
201,3,46.26865671641791,87.5,20.322723666261183,2523.6082890370258,1584.1633727778408,574.2942493165003,24
41,4,65.85365853658537,100.0,24.389369575473985,572.5665681974345,358.38533264736304,127.82144011845737,24
61,4,70.49180327868852,100.0,24.585002341724294,831.9646009935451,526.5371768523173,190.5608989607643,24
81,4,66.66666666666666,81.25,23.6066953465732,1115.9141652066432,700.1207712424604,251.64918055811626,24
101,4,42.57425742574257,60.0,21.53813705831849,1269.134187629458,798.4562370867798,292.6360988406931,24
121,4,55.371900826446286,95.83333333333334,21.929347834607803,1562.9478374547912,977.8017689861415,345.39206112693364,24
161,4,49.68944099378882,81.25,21.180103358481915,2045.789038692215,1280.778908158149,466.203166796118,24
201,4,47.76119402985074,82.5,20.643562046081087,2506.4467918208647,1571.8720421779094,561.6283236568045,24
41,5,73.17073170731707,87.5,25.75341972311089,576.8099261951254,363.3263719205761,131.90062352086656,24
61,5,57.377049180327866,83.33333333333334,23.02991663601961,798.294173672175,500.5649358421592,179.66632837013321,24
81,5,67.90123456790124,93.75,23.517306205488772,1099.1547395719049,687.321573881753,245.41371347506202,24
101,5,63.366336633663366,85.0,22.90269965992286,1336.6879418998467,834.9466171511253,302.22551393241633,24
121,5,55.371900826446286,87.5,22.56839981267799,1605.9662720955664,1016.2098355927524,370.1777869297568,24
161,5,50.931677018633536,90.625,21.424025943451092,2066.7879952140356,1295.1078301355396,462.96899840301813,24
201,5,39.800995024875625,82.5,20.444590634428156,2516.9494244183115,1583.5781713820443,576.2343691037408,24
41,6,80.48780487804879,100.0,24.14023523971853,575.902750154366,365.311254669983,133.74921465160168,24
61,6,62.295081967213115,100.0,23.769494540657615,828.7840566789346,521.3619286139697,190.89199389182141,24
81,6,64.19753086419753,100.0,23.31061999136322,1104.8523916472318,689.5719723418799,242.07533046427187,24
101,6,66.33663366336634,95.0,23.00780976681777,1341.9862910665192,837.8110202226826,302.20112000680064,24
121,6,47.107438016528924,79.16666666666666,21.806033846121135,1584.705180578861,989.1999950105798,360.1121776914099,24
161,6,49.68944099378882,90.625,20.844946304999056,2018.845717372123,1267.033128164237,462.44063024921144,24
201,6,41.7910447761194,92.5,19.899295808253225,2508.038848606915,1574.513396773,568.7442743015396,24
41,7,73.17073170731707,100.0,25.815459583305273,592.4443362721377,368.5273864905109,132.46341761459934,24
61,7,70.49180327868852,100.0,24.558424425280734,834.3729854003379,517.9287306622101,183.05926812188295,24
81,7,74.07407407407408,93.75,23.757112852348744,1096.6986336254909,691.5208165000199,249.53841535758843,24
101,7,57.42574257425742,65.0,22.70650648115616,1328.248916817919,836.5333699771239,302.84078651440683,24
121,7,52.892561983471076,100.0,22.53394116801422,1573.8534462433677,986.6101940503297,356.4300072051355,24
161,7,49.68944099378882,84.375,20.896276589358585,2059.737671256647,1293.920323122988,463.50305006952783,24
201,7,45.77114427860697,80.0,20.30808071106544,2487.940941892638,1563.8558973708814,568.4315522256829,24
41,0,73.17073170731707,87.5,27.39944381563393,616.3156299524221,388.79998945208104,142.19936285346762,25
61,0,63.934426229508205,100.0,24.34928369205353,857.5892819953237,531.3149192835682,193.00848670530988,25
81,0,43.20987654320987,93.75,23.21897896489555,1144.2588967299803,723.2247558542651,265.7204176947145,25
101,0,40.5940594059406,85.0,21.266171402421165,1382.9665172028208,876.1844725462373,321.80403314058617,25
121,0,33.057851239669425,79.16666666666666,20.906050287480454,1624.8999119041173,1033.636071312991,375.80588071197633,25
161,0,40.37267080745342,93.75,20.182408611183995,2131.010819960058,1350.3889239556665,487.3559758894704,25
201,0,28.35820895522388,82.5,19.270314845498213,2589.0134922613065,1656.5390365564904,595.4416181664953,25
41,1,53.65853658536586,100.0,26.142551131192626,606.2005105952026,377.0733226829325,134.4728945091228,25
61,1,32.78688524590164,75.0,21.457946854489723,855.6140909340763,542.2376424503083,194.8730738034322,25
81,1,35.80246913580247,87.5,21.64025891507024,1107.833249987341,701.12932240414,254.5366397227819,25
101,1,44.554455445544555,75.0,21.754100080515112,1381.8000852071525,865.7252347816656,311.86559261766854,25
121,1,37.1900826446281,79.16666666666666,20.80952463571144,1635.1700473109022,1026.9835273845956,367.8874749004375,25
161,1,36.024844720496894,78.125,19.875650517954305,2147.37295071826,1356.430537984421,487.4717907032536,25
201,1,28.855721393034827,75.0,19.078315991390156,2620.951453452889,1668.5262454178167,598.3985603268299,25
41,2,51.21951219512195,75.0,26.047759814687502,626.3543589619338,388.6640218244025,137.12138999703527,25
61,2,57.377049180327866,91.66666666666666,23.50309041044358,874.4338115111509,552.8483236185688,200.3928856749004,25
81,2,50.617283950617285,68.75,22.97014223722271,1141.666600813411,715.1518394577372,259.75012511876787,25
101,2,40.5940594059406,85.0,21.33089022824543,1407.930603883513,883.6604072098181,316.56563691303774,25
121,2,43.80165289256198,95.83333333333334,22.065634066818454,1671.9633927993182,1050.8629619308836,378.4645872063278,25
161,2,30.434782608695656,81.25,19.90588912559732,2115.0568507693247,1349.150725765024,488.2818689923291,25
201,2,29.35323383084577,75.0,19.055306316655656,2607.266495276629,1670.616762356986,606.0044610224719,25
41,3,58.536585365853654,75.0,25.700102601779538,615.5524055990011,388.137862086262,137.0525280476008,25
61,3,47.540983606557376,66.66666666666666,24.241321599533993,887.4700490696404,556.157432880037,198.8692272645199,25
81,3,41.9753086419753,81.25,22.417586127767322,1087.6090584462343,682.5271381102687,247.8838828620045,25
101,3,40.5940594059406,75.0,21.856743338301825,1412.8144006311586,887.2471027105503,320.6189777437773,25
121,3,37.1900826446281,70.83333333333334,20.20589598354131,1625.8348685092346,1019.6283179765819,371.6703463944175,25
161,3,29.19254658385093,75.0,19.37040747973218,2126.049758934948,1361.4770312709347,487.8741440362205,25
201,3,29.850746268656714,75.0,19.063833951330743,2584.424739123221,1640.533056739142,592.2645422419076,25
41,4,51.21951219512195,87.5,24.783401449831235,595.9298149563015,372.44268743540636,132.9302118054802,25
61,4,49.18032786885246,75.0,23.69975157715707,883.9553336035077,557.7481510304051,201.04306307784992,25
81,4,44.44444444444444,87.5,22.35542670586712,1146.771857477774,724.4479814538088,260.52845908299605,25
101,4,44.554455445544555,85.0,22.866531925238107,1391.276482205375,871.6672159230129,316.75359797313257,25
121,4,40.49586776859504,83.33333333333334,21.22097303120436,1650.7808668918651,1038.831091730511,373.3289134865213,25
161,4,36.64596273291926,81.25,20.264822758356363,2120.692779814053,1343.694762801339,488.4018461665848,25
201,4,32.83582089552239,82.5,18.9105846730173,2563.378531662979,1636.356972931713,592.2160787689411,25
41,5,56.09756097560976,87.5,25.634776036710104,601.8177120668336,378.7578098783028,134.902099457092,25
61,5,49.18032786885246,83.33333333333334,24.220597050368646,880.0303711854133,547.1540372405206,196.64206217850585,25
81,5,48.148148148148145,75.0,22.60723296119807,1119.0617927687429,700.1992830829495,253.57177915554132,25
101,5,44.554455445544555,85.0,22.612214285763635,1416.0487308448694,886.317155671828,321.9911697143292,25
121,5,35.53719008264463,79.16666666666666,21.234285854880763,1659.6231601180134,1047.5218499934983,380.5495450081429,25
161,5,38.50931677018634,81.25,20.121680291336617,2130.7328729724823,1347.7616612731263,490.92392459476264,25
201,5,24.378109452736318,67.5,18.313065866119437,2530.1620953158636,1627.312300152945,599.874440117695,25
41,6,65.85365853658537,100.0,26.798978484136306,613.3940644253704,378.4475225410304,134.5845723516641,25
61,6,62.295081967213115,91.66666666666666,24.182744866245052,877.3461228928842,543.5984623358448,194.36058516620878,25
81,6,44.44444444444444,87.5,23.65037005578068,1164.7379996737632,729.7127959920824,265.9346836720541,25
101,6,36.633663366336634,65.0,21.937258945462332,1388.3300052303662,876.5900700502896,309.6951025684789,25
121,6,39.66942148760331,79.16666666666666,21.692012100950933,1648.5648699442795,1035.1317994702706,376.04833317364955,25
161,6,32.298136645962735,71.875,19.588632471445372,2100.5698244459254,1328.4151551016532,473.11036984387977,25
201,6,26.865671641791046,70.0,19.407307339225337,2573.786386241397,1642.9625255639075,596.7640593351405,25
41,7,58.536585365853654,87.5,25.073949641048408,598.0640212380832,377.03355308103426,138.226838824508,25
61,7,49.18032786885246,66.66666666666666,24.21274001959027,878.6631636677542,551.8490806293742,199.44964322738286,25
81,7,53.086419753086425,87.5,23.457567086176596,1145.7827650064123,716.8876055983437,258.4995929220573,25
101,7,38.613861386138616,85.0,20.585832340495926,1363.369300555915,864.4329255121063,310.6897084153904,25
121,7,40.49586776859504,75.0,21.000847056093768,1653.5492164181774,1031.63679790285,367.25934397475305,25
161,7,29.19254658385093,78.125,19.550516602835913,2106.360575655428,1335.3152297638478,481.45291692630633,25
201,7,28.855721393034827,75.0,18.93690019544715,2587.305366270548,1662.2559874088222,595.2026570120438,25
41,0,65.85365853658537,100.0,25.203019298594445,592.9403910582128,365.8597680581103,126.83053645396558,26
61,0,62.295081967213115,100.0,24.494000234726567,862.889965767948,538.3714275057463,190.72965884733452,26
81,0,49.382716049382715,81.25,23.327605373672988,1139.8365289459693,708.7774284694622,255.0199337427282,26
101,0,52.475247524752476,90.0,23.516156842634214,1414.244771565659,874.7440969575014,307.6151107979564,26
121,0,54.54545454545454,91.66666666666666,22.571269889930978,1664.5741466293102,1038.4952732251854,374.97519873895675,26
161,0,42.2360248447205,78.125,21.70589751531843,2145.783193367178,1344.77485013722,481.4305516764015,26
201,0,40.79601990049751,97.5,20.561021207822073,2639.4204156374935,1662.5806140373356,603.21599768758,26
41,1,68.29268292682927,100.0,24.99169442475926,581.6719621655151,363.57275667956924,128.57790881156393,26
61,1,55.73770491803278,83.33333333333334,24.574436054248146,862.8393934349633,545.851586134137,201.33265655668885,26
81,1,62.96296296296296,100.0,24.0582946008372,1137.9861582881422,708.3194131854325,255.82026674557528,26
101,1,45.54455445544555,90.0,22.44300708659497,1375.443510467156,859.2518180613412,307.1421728353498,26
121,1,42.14876033057851,83.33333333333334,21.648047757172208,1626.7849886467961,1022.6531260569523,366.46125124370656,26
161,1,40.37267080745342,81.25,21.3363094997518,2153.931345353354,1354.0517614961295,489.3769866889668,26
201,1,38.308457711442784,90.0,19.95684528338468,2611.562054710184,1646.7275276411024,596.29425841119,26
41,2,63.41463414634146,100.0,25.103365897796827,616.7375604583107,385.0005867030067,138.66690469947042,26
61,2,75.40983606557377,91.66666666666666,24.913413533801585,841.5560221794053,519.7352399180444,183.64812809652943,26
81,2,49.382716049382715,81.25,22.65172672359953,1120.2873382995617,704.6054216097793,254.35843761845544,26
101,2,54.45544554455446,90.0,24.130338750063775,1427.6635863589734,890.3788927148762,320.45736150563664,26
121,2,41.32231404958678,79.16666666666666,22.077188933505365,1683.001791492358,1054.0886390882938,383.28981652004944,26
161,2,41.61490683229814,90.625,20.734361750240666,2081.0662062990864,1306.9865614070977,463.7516329916741,26
201,2,30.845771144278604,92.5,19.67586994060402,2586.6486023485354,1648.0598706493643,602.4810706012925,26
41,3,56.09756097560976,87.5,24.875760268510376,593.4531167602291,368.763512808543,133.40955378325634,26
61,3,60.65573770491803,83.33333333333334,24.235701579579484,871.0125072745919,546.7500955951514,199.52360138575744,26
81,3,55.55555555555556,93.75,24.125738630597425,1120.4004087972555,698.4775121992749,249.950753797073,26
101,3,51.48514851485149,95.0,22.858784181536276,1383.9785780922657,869.0457920810569,315.8144064622706,26
121,3,42.97520661157025,83.33333333333334,21.59721419223958,1619.3783199838733,1013.7309553712821,365.85053802937125,26
161,3,42.857142857142854,90.625,20.8327718361546,2134.4510071419427,1338.7869980343573,477.170392151506,26
201,3,44.27860696517413,87.5,21.02455390052432,2660.1437011435382,1671.0496609318218,601.6539405255168,26
41,4,70.73170731707317,100.0,25.923686749154808,608.2544349325641,380.455949685872,139.658970098246,26
61,4,55.73770491803278,83.33333333333334,25.549267807917587,889.915488256446,554.703655230534,201.13126130964602,26
81,4,54.32098765432099,93.75,24.078321122476858,1148.2561671134251,714.4936988972574,258.012452914438,26
101,4,45.54455445544555,90.0,22.603491114909588,1378.7014932017903,870.3615171370028,317.7196918501854,26
121,4,47.93388429752066,87.5,22.3433875753465,1654.8538228069835,1025.9008090001903,363.1902065979111,26
161,4,44.099378881987576,78.125,21.533025644850124,2165.095251483276,1356.8454959967194,482.1362681330317,26
201,4,34.32835820895522,90.0,19.58783994475117,2602.1041613498037,1654.2692652077053,601.5269148260908,26
41,5,78.04878048780488,100.0,25.423168438082214,569.4019773087355,349.5136789919252,118.33682781114763,26
61,5,50.81967213114754,91.66666666666666,23.062856372515675,845.1017187739234,527.0048573371429,187.01208791676657,26
81,5,46.913580246913575,81.25,23.05170786602644,1129.512312045531,707.8135770319773,253.06832971321757,26
101,5,49.504950495049506,90.0,22.68041668760579,1406.5243845866914,881.5429338282851,317.7324302222221,26
121,5,40.49586776859504,75.0,20.894005759311955,1615.3702595558048,1018.1999694780843,370.5058812258608,26
161,5,38.50931677018634,75.0,20.383439826347136,2124.949864007353,1333.6551961639602,481.0475629490686,26
201,5,39.800995024875625,82.5,20.276101356291665,2675.421769038273,1690.6425610610954,614.2603321332966,26
41,6,73.17073170731707,87.5,26.493877021193043,604.7411145790675,377.7204610407057,137.90630690870296,26
61,6,54.09836065573771,83.33333333333334,24.59292289781522,861.9676671584941,531.2629808719831,188.24911011594557,26
81,6,66.66666666666666,100.0,23.05191585406367,1121.63536947494,699.8773408818811,249.6943120672791,26
101,6,48.51485148514851,100.0,22.017442715827045,1376.88317161226,860.4586598586083,310.3541227192539,26
121,6,53.71900826446281,91.66666666666666,21.729513461013514,1620.184663916343,1011.1511625807988,362.61782845343816,26
161,6,44.099378881987576,78.125,20.794413815032325,2147.4992186352288,1345.6598780962709,475.3316165518578,26
201,6,38.308457711442784,87.5,20.372959898124744,2620.5310867746293,1651.3371874552895,595.124088219196,26
41,7,85.36585365853658,100.0,26.921129297414335,607.0939711314079,379.5881823781865,136.31988666083038,26
61,7,62.295081967213115,100.0,25.213122481989654,873.8444559045673,541.3973733400716,192.1059646392908,26
81,7,54.32098765432099,81.25,23.0179983718223,1116.897133289019,695.2126399406015,247.8457484156978,26
101,7,52.475247524752476,85.0,23.017228295393696,1387.8924465094617,861.6015503370683,305.481862547751,26
121,7,43.80165289256198,95.83333333333334,21.546180065387198,1615.9806778959319,1013.1372839822166,365.13448043258416,26
161,7,42.857142857142854,78.125,21.10254465918904,2121.8843061059433,1338.3490617506,482.7434967596209,26
201,7,41.29353233830846,85.0,20.657612589977795,2665.1871784497616,1674.0590280519064,599.5152790364036,26
41,0,60.97560975609756,100.0,26.269750786332914,619.3674939763706,385.49113498038787,137.4097567942195,27
61,0,68.85245901639344,91.66666666666666,24.407870677306267,879.7544930554565,549.2327518255853,197.6078911091576,27
81,0,60.49382716049383,87.5,24.733300008415807,1154.4249799523595,719.7700555011227,254.2571721485338,27
101,0,55.44554455445545,95.0,23.793985920545083,1403.6249128659126,877.2510524692532,316.8532374651501,27
121,0,54.54545454545454,87.5,23.245063917224815,1695.2650308177008,1053.9563673399539,373.8424614688785,27
161,0,49.06832298136646,93.75,22.528668400467097,2243.925332095641,1410.253498193129,506.9479117561175,27
201,0,47.76119402985074,87.5,21.99055395974774,2721.563218966655,1705.9255568973076,608.6001720377142,27
41,1,60.97560975609756,87.5,25.704844448891826,628.1960271651585,392.1633902390243,137.96591329319108,27
61,1,65.57377049180327,91.66666666666666,25.51312622791828,877.5184852971906,543.5125894474614,191.61471864993186,27
81,1,72.8395061728395,100.0,25.832139967698605,1158.5394106005906,721.7918066553857,253.53953659841955,27
101,1,64.35643564356435,95.0,24.39463384966355,1421.8193260925964,885.6840979546508,321.20775813657156,27
121,1,60.33057851239669,100.0,24.679710831348075,1746.0833259383955,1093.2964299331038,390.500567175684,27
161,1,50.931677018633536,93.75,22.709915023551815,2211.6434488502273,1382.3136173568835,500.73183447335043,27
201,1,54.72636815920397,97.5,22.441249302707316,2741.631055607164,1712.4315277812348,613.220277913487,27
41,2,75.60975609756098,87.5,26.95363455210067,612.5195353441239,379.2758535671435,133.13579023715283,27
61,2,73.77049180327869,100.0,25.842711571637413,875.2185886777764,539.2422182781061,187.13594750918867,27
81,2,61.72839506172839,93.75,23.90503928632582,1146.711024633576,715.6343032748646,256.3399701238942,27
101,2,59.4059405940594,90.0,23.50950925366725,1420.968579412757,887.2201752948287,319.6621279857161,27
121,2,57.85123966942148,83.33333333333334,23.8149503541387,1726.6610015061337,1077.6963621214695,390.27973624701565,27
161,2,51.5527950310559,84.375,22.672115974647262,2248.754212233867,1402.6757676221982,501.8757186949359,27
201,2,51.243781094527364,90.0,22.323765290437308,2758.7571606922484,1725.3897484255954,612.4652497088748,27
41,3,75.60975609756098,100.0,27.842025107735616,610.561945635311,377.5302486966697,133.7998367201586,27
61,3,52.459016393442624,91.66666666666666,24.710232746552446,896.399875228189,563.1871909512739,203.7384816862919,27
81,3,61.72839506172839,87.5,24.30429673929968,1184.9227456461697,743.7063292423741,272.06108384133506,27
101,3,65.34653465346535,100.0,25.268029294513113,1454.37522482836,908.0373007518577,324.14053334393697,27
121,3,56.19834710743802,91.66666666666666,23.797651541807856,1678.3918620826166,1053.0473398205822,379.18497349629126,27
161,3,54.037267080745345,96.875,23.318436998005247,2261.4123316632113,1413.2372589020242,509.36304294090644,27
201,3,51.741293532338304,95.0,21.859839211861118,2728.8474783355023,1707.4683043320986,616.1235370205316,27
41,4,85.36585365853658,100.0,26.534880981309136,583.7513316747313,361.62738799868094,131.8779353189418,27
61,4,75.40983606557377,91.66666666666666,26.16243354922262,901.4647822648923,560.4764870461389,200.37001440989337,27
81,4,59.25925925925925,87.5,24.912894979455746,1150.4081711068222,709.6302718542763,250.94945375156865,27
101,4,62.37623762376238,85.0,24.56149589519621,1425.5605060365149,891.0449441579215,323.22786496462805,27
121,4,65.28925619834712,91.66666666666666,24.833998304196218,1722.24479598043,1072.1059410405844,383.7115947835499,27
161,4,55.90062111801242,93.75,23.308664468719222,2238.338171387194,1392.705815449728,493.92123141648375,27
201,4,56.21890547263681,97.5,23.124719956395726,2750.881982212604,1719.8287611957078,612.3646855339643,27
41,5,60.97560975609756,87.5,26.281262193515705,593.9631381539175,367.11220354315503,130.77007052393245,27
61,5,67.21311475409836,91.66666666666666,25.508369165770674,879.8876378747,543.3585794758067,190.67822982227375,27
81,5,58.0246913580247,87.5,24.775403317544317,1161.1038867561983,725.1392789012823,265.71395213132416,27
101,5,56.43564356435643,95.0,24.682759737134337,1479.7606502809435,924.4250502407006,329.67990986848093,27
121,5,60.33057851239669,87.5,23.815376029436997,1684.9263476778146,1044.8281597653959,370.35671653820214,27
161,5,62.11180124223602,93.75,23.47361162205508,2262.7412330053176,1411.828748001558,510.68362074247614,27
201,5,50.24875621890548,87.5,21.895315318400186,2718.6728825117752,1693.287473824258,600.3073134961592,27
41,6,80.48780487804879,100.0,27.709034458911116,611.7655074213901,378.1806658129593,135.30684759667523,27
61,6,73.77049180327869,100.0,26.015687382734995,901.7500178893445,560.6370842665934,198.82104869971488,27
81,6,67.90123456790124,93.75,26.125469373591734,1190.5594493769927,751.5491744726737,273.1393415024161,27
101,6,55.44554455445545,95.0,24.508011491020333,1437.2337817894813,896.9593220132489,323.5259803993219,27
121,6,57.85123966942148,95.83333333333334,24.223420696929914,1708.8689784997769,1066.1164053375658,381.49913720277993,27
161,6,60.86956521739131,93.75,23.71592052437979,2317.1152875799253,1448.17924319025,521.7203069154431,27
201,6,49.75124378109453,87.5,22.2028493160445,2756.108113044498,1731.0875991999146,627.8938118578399,27
41,7,73.17073170731707,100.0,27.063195164090182,607.7781832289431,382.7581685585555,141.6224650413173,27
61,7,73.77049180327869,100.0,26.398857980624754,890.2508535414644,557.4174298356749,199.37562964133383,27
81,7,58.0246913580247,100.0,23.83796750433684,1145.8494651923713,712.9733095225469,256.23720469323365,27
101,7,66.33663366336634,95.0,24.682558969977798,1436.8101321809174,890.8748639109716,313.9355155669554,27
121,7,57.02479338842975,87.5,23.01416321732867,1673.6308938700927,1044.0089153481792,371.7979000000097,27
161,7,51.5527950310559,84.375,22.243747147613753,2193.500760022661,1375.3712181883673,494.6132369621124,27
201,7,48.258706467661696,95.0,21.489285353446338,2740.740281311265,1727.3271208937838,629.1205331502695,27
41,0,78.04878048780488,100.0,26.322083074038897,606.8749627477698,378.86292235832957,131.60481619323394,28
61,0,67.21311475409836,100.0,25.215027046450682,892.8574833911932,549.4420106807646,193.36977930259692,28
81,0,55.55555555555556,100.0,23.2084610844335,1156.3806915977325,724.8438939265255,257.1631058060931,28
101,0,49.504950495049506,85.0,23.197021562800355,1459.8759550750365,905.6451523809424,318.86851188035166,28
121,0,52.892561983471076,91.66666666666666,23.115953369139255,1717.3844610508118,1073.8460645002046,379.4674960663406,28
161,0,39.130434782608695,75.0,21.495856566107086,2208.9921970245578,1394.3117110853323,501.3997932388218,28
201,0,36.318407960199,82.5,19.90035946999569,2660.629566106696,1688.5362045760194,606.2186901906791,28
41,1,75.60975609756098,100.0,26.906716710515497,621.8935368070586,387.6940462646587,133.27423344887384,28
61,1,59.01639344262295,100.0,25.32971281897761,880.3838230480051,541.3678973297049,188.28406527371473,28
81,1,53.086419753086425,87.5,23.68264072868892,1155.763158853288,714.8072050260814,256.09203338420576,28
101,1,56.43564356435643,100.0,23.880373992881342,1439.982318401077,901.5292596414896,318.352320337969,28
121,1,57.85123966942148,95.83333333333334,23.359582310821306,1727.525724736251,1081.025204206872,383.94216828077504,28
161,1,42.2360248447205,90.625,21.10806746897102,2211.9834066784892,1388.5055717706657,492.20594053200716,28
201,1,42.78606965174129,82.5,20.741288347368826,2710.5119754762127,1699.5306189188636,600.4911715630486,28
41,2,90.2439024390244,100.0,27.939064794376076,613.3899564437427,381.7454369792039,132.73708302906994,28
61,2,52.459016393442624,83.33333333333334,24.374089997057435,903.4814376368723,563.6198919110773,201.39183654063828,28
81,2,56.79012345679012,93.75,22.666274003391173,1160.4204925508325,722.5767536137412,258.31136382392606,28
101,2,46.53465346534654,90.0,21.853871089365818,1426.8320629363961,899.2261546401542,320.8894791734264,28
121,2,52.066115702479344,91.66666666666666,22.721321916261335,1709.761290909464,1081.034309072581,386.6571850814498,28
161,2,50.31055900621118,93.75,21.64763748056325,2201.676237254736,1382.3841450602265,493.34397271528496,28
201,2,36.81592039800995,87.5,20.111138914032104,2645.7330580716125,1670.3457119782915,592.8501314644512,28
41,3,73.17073170731707,100.0,26.774021511264046,624.2098388871013,393.53175045578456,141.9386970622918,28
61,3,67.21311475409836,91.66666666666666,25.654108998886386,895.9706637873778,552.0771474882604,192.93311385294137,28
81,3,60.49382716049383,87.5,23.60047609730441,1168.3426010924493,731.4323141701725,259.92695633015387,28
101,3,50.495049504950494,90.0,22.010090449549207,1415.3456052752656,892.2031132738585,321.78222276744043,28
121,3,55.371900826446286,95.83333333333334,22.491988697792845,1694.5482651324783,1066.3398243774473,383.9251850065145,28
161,3,50.31055900621118,87.5,22.23888749169273,2193.985728122705,1378.1750641910046,494.9768564051391,28
201,3,37.81094527363184,90.0,20.08242407097828,2652.00146888681,1678.6185077347072,597.3187879017347,28
41,4,65.85365853658537,87.5,25.5138389637445,594.4464816677903,366.56793716252537,129.87552725447523,28
61,4,70.49180327868852,100.0,25.55758482493086,905.6525818859117,564.3515003102547,197.6502904782429,28
81,4,64.19753086419753,93.75,24.930820332486963,1168.2614936034038,733.5940741880763,259.16188811532123,28
101,4,49.504950495049506,90.0,23.216732875842787,1440.16570926039,902.0378111798271,325.6053161887875,28
121,4,49.586776859504134,95.83333333333334,21.5777699288956,1708.3768991660343,1075.6843958202157,381.9852393885393,28
161,4,37.267080745341616,93.75,19.23796973774346,2162.9449257492442,1383.1190668779286,506.6101639079205,28
201,4,35.82089552238806,80.0,19.626033663321316,2644.2677967474124,1670.3206823183937,596.1793908408771,28
41,5,63.41463414634146,100.0,25.076385886594345,615.2453449294496,382.43920745568096,133.72846031816118,28
61,5,65.57377049180327,100.0,25.58682891987251,901.9639470250611,563.1622611945411,200.2823029071083,28
81,5,48.148148148148145,87.5,22.114265785059537,1157.979738978542,723.5393358120942,257.0540122076608,28
101,5,52.475247524752476,85.0,22.32885944745932,1419.2866211500882,886.7554692005025,314.33528221443,28
121,5,45.45454545454545,83.33333333333334,21.460700852572366,1684.8817573214815,1058.545274642277,372.1823154949045,28
161,5,45.3416149068323,87.5,21.226842675517123,2185.756139694607,1368.322372143326,484.2574834001653,28
201,5,39.800995024875625,77.5,20.512467364669163,2701.4461834309036,1698.8781044760235,606.4531903410361,28
41,6,60.97560975609756,100.0,25.39322838237808,628.6480915909755,394.87633716445447,139.71405776930823,28
61,6,62.295081967213115,100.0,25.29025934799703,900.086815136182,564.6904943362671,197.19252028844383,28
81,6,58.0246913580247,93.75,24.606915977757673,1191.0491084463952,744.2530401225947,263.46586779238186,28
101,6,55.44554455445545,85.0,23.141059533781522,1433.4230463056629,889.1006907238786,313.1106151413823,28
121,6,52.066115702479344,87.5,22.47575069399149,1699.8003391350294,1057.7394473648399,375.0888583073878,28
161,6,47.20496894409938,93.75,20.431604793547724,2162.765256709027,1367.6286395745235,495.58178811743755,28
201,6,39.800995024875625,90.0,19.592656611218466,2696.411247947095,1703.1589184513775,612.8091753131741,28
41,7,80.48780487804879,100.0,26.423925512939473,599.3507456278573,375.05632401397133,132.58302934285027,28
61,7,65.57377049180327,100.0,24.637892919754115,899.9869585531065,564.6568463014794,200.75577464588773,28
81,7,66.66666666666666,93.75,23.549851988200672,1175.1958337661172,732.4474036958441,262.25669165848296,28
101,7,55.44554455445545,95.0,22.946944150393392,1435.0334294711429,896.1907043411239,317.9365511419527,28
121,7,52.892561983471076,95.83333333333334,22.256266474627626,1688.370340066452,1053.177741880917,376.8781481610872,28
161,7,44.72049689440994,90.625,21.05797358344849,2223.3170411904607,1390.8835451467507,488.66636583407717,28
201,7,38.80597014925373,90.0,20.53093760775701,2715.80041075357,1708.17843216146,609.9178367858817,28
41,0,78.04878048780488,100.0,25.76593137110215,587.6446566513164,368.3338787439278,134.0860723056345,29
61,0,78.68852459016394,91.66666666666666,25.28714112151115,849.8764901662443,530.5657199369789,191.51704257651195,29
81,0,61.72839506172839,100.0,23.351582144546093,1090.972674796547,683.9923605124704,240.92490483095142,29
101,0,50.495049504950494,90.0,23.12818139645716,1356.2528540202472,848.2982310192039,300.5152056140063,29
121,0,52.892561983471076,75.0,21.901904039735918,1604.562520268843,1008.1145703228729,361.9867492845453,29
161,0,55.90062111801242,87.5,21.59833372050764,2066.8648531207864,1301.5110227392051,467.53665473692587,29
201,0,57.2139303482587,87.5,21.652484966082792,2607.85458979812,1623.9182718273269,579.078234161993,29
41,1,70.73170731707317,100.0,25.302965132120587,569.0620288050161,356.4005871348619,128.17506913802012,29
61,1,65.57377049180327,100.0,24.235826815537894,837.8520425275921,521.5225177510584,186.81072651456702,29
81,1,70.37037037037037,100.0,24.22885548930367,1103.259114669977,690.3873975816174,247.7581724619712,29
101,1,61.386138613861384,85.0,22.64114106845002,1372.4366729706137,855.3137977202464,305.2005974573754,29
121,1,61.15702479338842,79.16666666666666,22.739434124630403,1596.8724750919132,993.0077044799323,347.54016103519245,29
161,1,60.24844720496895,90.625,21.892097926195344,2104.5431975709707,1308.6986158002844,462.149039117652,29
201,1,44.776119402985074,90.0,20.401863397846633,2558.4753418920427,1597.7155321012015,566.3730069664724,29
41,2,70.73170731707317,75.0,24.693886324828025,588.9330100685359,364.0944133457382,126.86925271672138,29
61,2,62.295081967213115,91.66666666666666,24.212413964944673,842.6164423520221,526.6760343491554,182.24606521450607,29
81,2,74.07407407407408,100.0,23.417689883878687,1080.7384105312522,675.6418455494702,236.7492088113885,29
101,2,62.37623762376238,85.0,22.63557971540183,1361.8344567699369,851.0894497232567,301.04810328282326,29
121,2,57.02479338842975,95.83333333333334,22.14515673565614,1610.568244070913,1010.1069781897867,356.6931499591196,29
161,2,52.79503105590062,87.5,21.43277249144691,2103.1382657397567,1323.2980356781522,465.7081589898961,29
201,2,54.72636815920397,82.5,20.896108226646994,2565.6165220172197,1602.209670958456,569.4906187724287,29
41,3,68.29268292682927,75.0,24.044940591714283,563.1733156033323,350.99634406273026,125.95967503795164,29
61,3,63.934426229508205,83.33333333333334,23.717310010309532,827.3881281790351,517.6040878089908,187.78012687323354,29
81,3,70.37037037037037,100.0,23.838347744479684,1081.3906753347221,670.5816520391613,236.44626829871993,29
101,3,63.366336633663366,85.0,22.90267507712807,1370.5668965333523,855.768676765371,301.84483827077895,29
121,3,54.54545454545454,79.16666666666666,22.274086531189386,1599.6841361692552,996.9019088144062,352.87780785567105,29
161,3,55.27950310559007,84.375,21.917729689647974,2132.7387665418437,1326.7925596423997,467.98626293114967,29
201,3,50.24875621890548,87.5,20.542632421952206,2567.851499487685,1602.4156881253193,569.214067680135,29
41,4,95.1219512195122,100.0,26.80577920783918,584.8852763818309,367.06547281045715,134.62843260157666,29
61,4,68.85245901639344,75.0,25.124649050962834,850.2937541093262,532.6935693835759,192.59775254860477,29
81,4,62.96296296296296,81.25,22.9904284862338,1106.928994318502,691.1391198051854,240.28505776789356,29
101,4,53.46534653465347,90.0,22.198154182003744,1331.33991223067,833.1400934192474,294.7667315961955,29
121,4,60.33057851239669,87.5,21.801562308263936,1606.7802546384519,1008.6694366051763,358.6825230724867,29
161,4,54.037267080745345,93.75,21.1238382472689,2098.5287814574403,1316.0446961711386,465.57830515439656,29
201,4,50.24875621890548,82.5,21.106606356069037,2575.8332558124625,1606.711617561013,569.4644465578043,29
41,5,78.04878048780488,87.5,25.876319700985402,590.567195614284,371.6319540806901,132.45939662638904,29
61,5,83.60655737704919,100.0,25.3343739856469,838.5180637504997,517.9049738039513,181.12317220152136,29
81,5,59.25925925925925,81.25,23.615843384224753,1113.2086480589032,696.8765521201913,245.35465674529433,29
101,5,63.366336633663366,90.0,23.35437516936167,1342.7651507236333,827.8715539061832,291.70637702016995,29
121,5,53.71900826446281,91.66666666666666,21.509890840827758,1585.4082155838405,993.1086073872723,352.9892130965322,29
161,5,60.86956521739131,81.25,21.696607962006702,2113.872910502913,1323.2976158734473,471.4293930028708,29
201,5,50.24875621890548,95.0,20.56019210056101,2582.3646821355906,1622.0141572496295,577.0953681183988,29
41,6,78.04878048780488,87.5,25.30868514468235,574.7709501104458,359.07903907849203,130.82953508541863,29
61,6,75.40983606557377,100.0,24.592100623668333,841.0346802972431,525.806357922055,188.09073172774,29
81,6,66.66666666666666,93.75,23.205368270867016,1078.2235381724022,671.8977090546753,238.51440526292814,29
101,6,53.46534653465347,90.0,21.75006077650773,1318.4315580633686,831.7758226833977,300.07310110111916,29
121,6,57.85123966942148,100.0,21.899240907665362,1618.9461780601164,1011.6924856981947,363.33102348256926,29
161,6,50.931677018633536,87.5,21.185392603126406,2101.142156384245,1312.9625507603039,464.7662323586408,29
201,6,49.75124378109453,97.5,20.717960456833143,2584.0910666895807,1615.9886277043913,573.989414834336,29
41,7,58.536585365853654,75.0,23.50232954954078,568.2648837280991,354.82556389446603,127.52637751591999,29
61,7,67.21311475409836,91.66666666666666,23.24098363300596,831.8470716891698,519.664747931103,184.9430036833961,29
81,7,67.90123456790124,81.25,23.0176259473573,1105.2431467562365,692.6808798568135,244.09245627061415,29
101,7,59.4059405940594,85.0,22.628748484239953,1353.5964230156887,851.517205340801,304.5082547246642,29
121,7,61.15702479338842,87.5,22.176309162568845,1603.8267733911198,1002.9186407392307,352.9234769486909,29
161,7,57.14285714285714,84.375,20.962771639956323,2076.7869453657763,1308.0386809095735,467.1509097032871,29
201,7,52.736318407960205,92.5,20.6572980552222,2556.1957288154335,1600.2248273590328,563.9471444257318,29
41,0,68.29268292682927,75.0,26.680468685498987,615.7471344900325,385.10363629982385,136.93489461110013,30
61,0,67.21311475409836,91.66666666666666,26.018784467519758,895.0006999855041,553.0420153601436,195.02777168636567,30
81,0,59.25925925925925,87.5,24.000497739954902,1159.3125031754942,728.0680688363683,260.2697902501262,30
101,0,60.396039603960396,95.0,24.77386196906305,1452.7305148835703,909.7618863984727,330.6471314855743,30
121,0,51.2396694214876,87.5,23.328756852872576,1688.026301030417,1051.8514571580881,375.3668621559817,30
161,0,42.857142857142854,62.5,21.31244295964946,2146.384083599558,1352.4691731820344,489.6316649800605,30
201,0,48.756218905472636,80.0,21.44426348405633,2694.7566577461052,1676.3648557663666,601.0166966033764,30
41,1,53.65853658536586,62.5,26.282623416845514,618.2347458189536,387.0266836803627,136.81967480943743,30
61,1,59.01639344262295,91.66666666666666,24.996637239055644,906.4350640982879,563.650582486708,201.00380769760517,30
81,1,59.25925925925925,81.25,23.886093306400426,1152.1483333164063,721.6723906797669,258.23246991074313,30
101,1,59.4059405940594,65.0,24.287282565931,1438.9971054418531,899.8205923497934,323.7613361907021,30
121,1,51.2396694214876,91.66666666666666,22.08561400634657,1648.5875419868426,1028.3939260194109,366.4210981185431,30
161,1,42.2360248447205,78.125,20.72993092795499,2209.5297905022526,1389.23052907435,504.378825415037,30
201,1,42.78606965174129,80.0,20.924340493736903,2659.0045196307087,1668.5249003065164,601.5977725845879,30
41,2,78.04878048780488,100.0,26.513976027160084,626.5089596643159,389.5218577843904,137.25962565866942,30
61,2,67.21311475409836,83.33333333333334,25.33091535344557,882.2807492397367,551.6321801141332,193.05822812928685,30
81,2,62.96296296296296,93.75,24.95304802911852,1164.792053322669,727.5645763673613,261.4959632664175,30
101,2,57.42574257425742,95.0,22.926527941322703,1420.7141020617837,883.2942317233571,318.5992316386474,30
121,2,58.67768595041323,91.66666666666666,23.817468386042233,1719.4939506175629,1072.742769292538,382.3757667972758,30
161,2,44.72049689440994,87.5,21.695286452956452,2226.3678710461886,1399.5927571931074,500.685103902808,30
201,2,42.28855721393035,70.0,21.02380203366957,2673.162631867483,1679.5084744889348,612.8815504099332,30
41,3,75.60975609756098,87.5,26.46929421985352,599.7208244482225,376.56041201912535,136.89714308942223,30
61,3,55.73770491803278,91.66666666666666,25.17073059185865,890.172683266341,550.46919395029,189.75129778022145,30
81,3,61.72839506172839,100.0,24.861141778937593,1179.2804570053781,737.2604196578502,261.311960228418,30
101,3,56.43564356435643,85.0,23.40345982931001,1445.6649751381021,901.7631256487747,320.2658269668753,30
121,3,45.45454545454545,83.33333333333334,22.210081146404157,1689.073441043496,1052.0627473025784,372.79983370987003,30
161,3,47.82608695652174,93.75,21.576384864167046,2162.9877793821715,1357.071872125699,486.68638200140674,30
201,3,39.30348258706468,80.0,20.140830871867944,2682.103821787637,1688.5442538170732,613.9056193431334,30
41,4,75.60975609756098,100.0,27.004886386629316,609.4393769362073,376.0552939417514,130.42943630651706,30
61,4,70.49180327868852,100.0,24.959936554974583,922.6709543402194,579.7220084615064,206.86697281503245,30
81,4,59.25925925925925,81.25,24.384108326023274,1166.6696083327138,726.2743263366746,256.3648235502683,30
101,4,56.43564356435643,95.0,23.890207080974765,1418.8578331416559,889.3594499050923,313.9701497191957,30
121,4,50.413223140495866,83.33333333333334,22.385191023248968,1647.5170204078856,1030.6484141877872,365.2609154922661,30
161,4,39.130434782608695,84.375,20.637031527251743,2152.5386546283594,1350.118534087202,481.22728563095035,30
201,4,47.76119402985074,77.5,21.23266799309113,2730.377259981934,1723.2366629785417,616.3373580175116,30
41,5,63.41463414634146,87.5,25.07522037484032,601.0997610425472,376.2565670356924,137.94007522963676,30
61,5,60.65573770491803,91.66666666666666,25.95335772166901,892.9116573363672,559.3491775692953,205.17713334503154,30
81,5,66.66666666666666,100.0,25.05032296735553,1161.8285902363978,725.8255835979847,263.35462082025145,30
101,5,60.396039603960396,70.0,23.66764333746159,1399.4226361417043,870.7263338811456,311.10461393430296,30
121,5,47.93388429752066,87.5,23.239727806112622,1690.7123555931744,1057.1921005695606,377.39224529969715,30
161,5,42.2360248447205,78.125,21.40319977529112,2147.5148295594267,1343.3612576718647,474.46594390305813,30
201,5,41.29353233830846,75.0,21.126792519046745,2660.8021721962477,1668.054470448221,599.4565479144634,30
41,6,68.29268292682927,87.5,26.217468650484705,600.412092624329,378.3536673841122,137.6593596994353,30
61,6,68.85245901639344,100.0,25.782605161267238,902.8640927071676,561.9629125745305,204.9680698113177,30
81,6,49.382716049382715,68.75,24.043658541569734,1161.202008523721,723.8303475321782,254.4821368432783,30
101,6,45.54455445544555,75.0,22.176431204704787,1386.175392637509,869.7421815215923,309.15141012350284,30
121,6,51.2396694214876,79.16666666666666,22.545022766568852,1685.7560052027634,1047.545432090428,368.2388964175683,30
161,6,55.90062111801242,81.25,22.329427234051614,2170.224164245098,1358.4125620244872,485.50870227623534,30
201,6,50.24875621890548,82.5,21.170069313212853,2658.788058058773,1658.868715416062,592.3757125379509,30
41,7,73.17073170731707,75.0,26.41038769812429,602.070459405107,374.5041734206609,131.78600934667946,30
61,7,63.934426229508205,83.33333333333334,24.835309093801968,889.5399591188826,554.1278987190798,196.53915897404713,30
81,7,58.0246913580247,87.5,23.796151394277924,1166.854802243267,727.5469876995458,259.1391964185165,30
101,7,55.44554455445545,95.0,23.65127304717485,1402.28516436149,876.1376068097179,315.57556806576565,30
121,7,46.28099173553719,83.33333333333334,22.62352254666993,1717.5888326233048,1068.5930949439953,379.39461768537774,30
161,7,44.72049689440994,87.5,22.21845980282228,2210.363471766662,1379.3806186601391,489.68261624752176,30
201,7,41.7910447761194,72.5,20.476289532612558,2664.4513768189854,1668.2509991306256,592.6059192967416,30
41,0,82.92682926829268,100.0,25.002240597748283,543.0926059839298,337.0833515709068,123.47286717481555,31
61,0,72.1311475409836,91.66666666666666,24.31412808312337,815.0494292303282,506.2389028360967,180.1459444746367,31
81,0,67.90123456790124,87.5,22.824639315948367,1046.7065824863228,653.7863037392001,234.62399732334353,31
101,0,66.33663366336634,100.0,22.221879913290174,1305.5818376302907,817.3387591953449,294.7898547431362,31
121,0,66.94214876033058,87.5,21.90689861591988,1562.354853840363,969.5995637103987,345.9619814955058,31
161,0,56.52173913043478,87.5,21.221850686402405,2024.842849664204,1262.278587436045,447.51392544751354,31
201,0,48.756218905472636,97.5,19.858072728801414,2478.66497319003,1551.6460128498381,548.2150172743357,31
41,1,78.04878048780488,100.0,24.621171054812624,552.0140319146321,345.414297563469,125.71629532083941,31
61,1,73.77049180327869,83.33333333333334,24.121594046771,811.9483389505846,509.479721207663,186.46445184602942,31
81,1,70.37037037037037,93.75,23.56742044328094,1067.0620142353528,662.1813272748519,232.51137959917384,31
101,1,62.37623762376238,95.0,21.97351539249262,1292.0008687697375,803.2406430805007,285.7310977868138,31
121,1,57.85123966942148,100.0,21.72633998726025,1541.4920038787768,958.5840731140562,345.05729661574776,31
161,1,55.27950310559007,93.75,21.163391773015455,2038.7826306933343,1268.1793722961502,454.68278907963634,31
201,1,51.741293532338304,97.5,20.28566385203266,2458.548583065411,1530.0819658006903,543.4297459147351,31
41,2,68.29268292682927,100.0,23.84423677805546,534.9904875434045,334.547314451314,121.62473330041763,31
61,2,70.49180327868852,83.33333333333334,22.321478502882677,816.7635752356305,509.1493707789527,180.96904897986644,31
81,2,64.19753086419753,93.75,23.03900857767666,1080.8951833942465,677.1069615262213,242.91779079977542,31
101,2,61.386138613861384,90.0,22.19546673169054,1304.5138497235218,815.3988567749537,294.54005949832504,31
121,2,57.85123966942148,95.83333333333334,21.814741221848575,1551.108825620498,963.7669535763516,346.40527577338895,31
161,2,55.90062111801242,93.75,21.135367071126787,2002.6717961541299,1243.4398223922458,442.9478004482577,31
201,2,51.741293532338304,95.0,20.45201724199735,2486.144614412298,1547.4546538272418,547.9742891304667,31
41,3,65.85365853658537,100.0,24.770109490136015,557.5363796563825,348.50598619792106,126.89177843530605,31
61,3,60.65573770491803,91.66666666666666,23.19320782529781,809.133429090438,505.9285193396327,186.2765975896622,31
81,3,70.37037037037037,93.75,23.43929134825717,1061.3175843094182,662.6834548498435,239.95432002859604,31
101,3,56.43564356435643,95.0,22.3217297927452,1329.3789925816134,825.755886658953,297.1890302478555,31
121,3,49.586776859504134,87.5,21.384207750040886,1533.2351316685,952.3358948740234,339.7199739488882,31
161,3,45.3416149068323,84.375,19.932960659250746,2002.8415382905807,1243.121449343512,440.58161905302944,31
201,3,48.258706467661696,87.5,19.98381241969516,2465.007782831293,1539.4823730640337,550.5062427521893,31
41,4,87.8048780487805,100.0,25.638037145716815,569.6544664364893,354.86507659688004,126.40467928770522,31
61,4,67.21311475409836,91.66666666666666,23.217121151169497,809.2073472418394,508.47120212747535,184.52931605343713,31
81,4,64.19753086419753,81.25,23.204876263958347,1076.7042916283742,669.4574794616783,239.81589789581255,31
101,4,59.4059405940594,95.0,22.43709749468063,1309.0114746112063,813.8534313254787,293.74670845484246,31
121,4,60.33057851239669,95.83333333333334,21.89187600560023,1559.9523053844603,971.0755729554319,344.70042612652963,31
161,4,52.17391304347826,100.0,20.803702767889813,2011.207283673826,1251.986382560283,445.1091972485531,31
201,4,49.25373134328358,92.5,20.1101117621829,2456.6494159438116,1529.1034837281707,549.7554420472757,31
41,5,75.60975609756098,87.5,25.249271114518145,560.6685890492756,350.9523509396555,127.32115201517874,31
61,5,70.49180327868852,100.0,23.478254164312613,804.8995084714903,497.09794492271334,178.58774993615845,31
81,5,70.37037037037037,93.75,23.433516347230228,1064.0607726204676,660.8885068290285,234.42387098777678,31
101,5,58.415841584158414,95.0,21.091386442778187,1299.2054106037683,811.035349085867,290.2511210058645,31
121,5,52.892561983471076,87.5,21.34382902938625,1513.7058008161641,939.9676458544133,334.37934363182103,31
161,5,56.52173913043478,96.875,21.07823038390812,2029.5528451550927,1254.6642460685712,443.0333494690817,31
201,5,48.258706467661696,95.0,20.022810722419525,2471.093547674722,1543.1411818213903,547.4156600454615,31
41,6,73.17073170731707,100.0,24.36650958877815,558.5532117249863,347.4841339318723,125.93432862909573,31
61,6,78.68852459016394,100.0,24.758187865209663,832.7333573241306,519.0819296185473,185.65423428015467,31
81,6,62.96296296296296,81.25,22.194700431979406,1066.6817788822905,659.9557898353683,238.1427669715789,31
101,6,62.37623762376238,95.0,23.090253319429976,1348.1177498984914,836.9736609140167,295.6294257654907,31
121,6,62.8099173553719,95.83333333333334,21.271027666486795,1531.8608516375464,953.0419279443365,342.17840102254206,31
161,6,59.62732919254658,93.75,20.912708039194765,2016.8140378143603,1256.0406531793146,450.92112597419947,31
201,6,51.741293532338304,97.5,20.286694477998786,2486.5486417637794,1545.0270382514075,548.31703317029,31
41,7,78.04878048780488,100.0,24.453070411711202,542.358798960252,336.1665007657572,120.7039291823003,31
61,7,78.68852459016394,100.0,24.58695094467735,826.9743573083248,513.0186562869792,184.13960785823056,31
81,7,64.19753086419753,87.5,22.08912759345584,1048.5579857248931,656.1501456183971,235.46031844449743,31
101,7,58.415841584158414,85.0,21.936899906930197,1291.2223411397824,802.4019516026686,284.92005173751664,31
121,7,55.371900826446286,95.83333333333334,21.663097292384627,1550.0580895726882,964.2430605580745,343.94225996567695,31
161,7,50.31055900621118,93.75,20.824942395949073,2027.8209026343425,1264.5269436152269,450.69137944725827,31
201,7,49.75124378109453,92.5,20.385047779765156,2482.6205120635514,1541.022494827294,549.6171885377707,31
41,0,65.85365853658537,75.0,25.664281718577076,590.6392926303664,367.1551371564553,130.63727632245184,32
61,0,75.40983606557377,100.0,26.297435509900183,882.6089133859703,546.5047785825698,192.9860273400668,32
81,0,51.85185185185185,62.5,23.86148552749679,1142.6788203638703,714.0396089999598,252.7780039752658,32
101,0,58.415841584158414,85.0,23.104338391738132,1401.885019895321,872.261986956213,311.25422803326535,32
121,0,45.45454545454545,70.83333333333334,21.70562401793892,1635.9514602384065,1019.3824555748835,363.911405002286,32
161,0,48.4472049689441,81.25,21.53413033174266,2122.7901703607567,1328.5687564316509,477.8565971847885,32
201,0,42.28855721393035,87.5,20.59486291169368,2611.264529128141,1627.4689889024762,578.4002925587367,32
41,1,48.78048780487805,100.0,25.199252305362478,604.938001545147,375.5084300299295,135.9480606100118,32
61,1,57.377049180327866,91.66666666666666,25.15531033213991,884.1041550996174,546.7020903685785,193.57815508557192,32
81,1,56.79012345679012,87.5,24.191077205729293,1162.6779007055338,728.0556681451278,258.07502467819,32
101,1,52.475247524752476,80.0,22.913423616361005,1407.6288773360943,871.7884774988994,310.3994782258978,32
121,1,44.62809917355372,75.0,22.197308508800763,1674.010350474598,1046.932256717097,366.96594198809015,32
161,1,43.47826086956522,90.625,21.149729078460595,2157.392043291148,1349.1000193629657,478.15591169349113,32
201,1,35.32338308457712,80.0,19.982806313609462,2619.3763207143556,1654.7305683817865,593.1277175083328,32
41,2,80.48780487804879,100.0,28.04585055377253,616.5030406277041,380.88534694382497,133.97603105806238,32
61,2,72.1311475409836,91.66666666666666,26.61984382457539,903.6468481543635,564.004770218112,197.54156130398528,32
81,2,56.79012345679012,100.0,23.900523020496536,1137.1078901769192,705.0348066568483,251.0398469728353,32
101,2,46.53465346534654,80.0,23.37857088432312,1416.1203987062668,881.7519793158002,312.6683413061075,32
121,2,47.107438016528924,91.66666666666666,21.567805466617095,1640.9021117890416,1036.877438522627,376.0145589493752,32
161,2,42.857142857142854,84.375,21.300544997210967,2135.774696923981,1337.3007146446735,483.7529673889811,32
201,2,43.78109452736319,72.5,20.83104652564443,2647.8635713626445,1656.9122253315547,589.4986771926956,32
41,3,70.73170731707317,100.0,25.840367310562378,596.4543187484242,377.83611651483085,136.25033563992596,32
61,3,50.81967213114754,83.33333333333334,22.98467582142537,846.1177111833987,532.6685769539282,195.8772219678601,32
81,3,58.0246913580247,81.25,24.00274582389332,1125.517646354028,700.5343481334739,248.66246329437337,32
101,3,47.524752475247524,85.0,23.033907923192555,1396.0287585636624,871.6743838611005,312.7056573136951,32
121,3,47.93388429752066,70.83333333333334,21.592150787766286,1628.2231548636569,1018.4889907201475,367.89943544391315,32
161,3,42.857142857142854,81.25,20.590778595965425,2137.7129018330625,1346.290708923897,488.23131018645086,32
201,3,45.27363184079602,90.0,20.435523567678466,2629.5130853835644,1648.24179967159,592.4137121985925,32
41,4,75.60975609756098,100.0,27.5433458821959,614.9931217744039,379.99959750706137,132.22412278680076,32
61,4,62.295081967213115,91.66666666666666,24.22657415790435,863.7172155052992,543.2837745653129,194.85530765234,32
81,4,40.74074074074074,68.75,22.803969310912073,1119.447626074978,697.8519843989311,251.64117759102143,32
101,4,50.495049504950494,85.0,22.059075708815186,1349.5554111021586,844.41738111219,296.9638483104267,32
121,4,38.84297520661157,83.33333333333334,21.47897693036597,1673.5954288368825,1055.0766552419473,384.40967333863273,32
161,4,42.2360248447205,68.75,21.130330275453087,2141.353754586694,1340.6744724704008,483.062398252216,32
201,4,45.27363184079602,90.0,20.60229003146073,2649.114342768643,1650.6912573611046,594.256416867004,32
41,5,65.85365853658537,100.0,26.353504754140353,607.0991220649582,381.38013384778026,138.10597205253652,32
61,5,55.73770491803278,91.66666666666666,24.715205703970863,876.9506378480348,539.220078114776,187.67982686160602,32
81,5,56.79012345679012,68.75,24.3913937069133,1159.8116371654517,726.8312021449794,259.2752276401292,32
101,5,45.54455445544555,75.0,22.315001647524454,1386.830931071976,869.6707518065882,307.77640022146693,32
121,5,42.14876033057851,66.66666666666666,21.388149972933494,1634.7869114362275,1035.057686647944,373.159428321439,32
161,5,44.099378881987576,84.375,20.815736379517183,2146.358259511264,1340.9949121341792,478.48979018969897,32
201,5,36.81592039800995,80.0,19.83572771123003,2597.6207479479376,1644.3874286975454,589.01546148422,32
41,6,63.41463414634146,87.5,25.944993459847343,599.1721163014306,370.1093738898518,128.3164110753973,32
61,6,57.377049180327866,91.66666666666666,23.44318336045701,878.1971898409689,554.7976682170655,198.78622650621676,32
81,6,50.617283950617285,93.75,22.98876124481551,1134.0225985250713,712.734909572762,260.15449979936363,32
101,6,38.613861386138616,60.0,22.375257117399336,1408.6676605727491,884.6616619820558,314.85320857747513,32
121,6,45.45454545454545,87.5,22.0906423469605,1649.1679209140761,1040.439565520689,377.25401337339486,32
161,6,37.267080745341616,78.125,20.11767159423467,2095.2354456541916,1327.8287724658799,478.64947615814896,32
201,6,38.308457711442784,82.5,19.83947213308807,2591.28745372866,1642.2731036776836,593.4286450418161,32
41,7,70.73170731707317,87.5,26.685305552130693,602.3028027082614,374.4167388841174,133.40161364052847,32
61,7,55.73770491803278,83.33333333333334,24.355114757274766,871.5136254311298,546.8525996905691,198.77221704006234,32
81,7,55.55555555555556,87.5,22.844438289494864,1134.8228580194123,707.0831811616229,249.97361082554104,32
101,7,56.43564356435643,75.0,23.160192073159422,1406.2217687624045,881.8466390986548,316.5823750209423,32
121,7,50.413223140495866,75.0,22.719601100318233,1650.848502446474,1036.4390785671924,373.7767494687609,32
161,7,36.64596273291926,71.875,20.705951766775854,2135.641075684105,1338.8700754234344,474.9397034076768,32
201,7,42.28855721393035,87.5,20.234525851358537,2601.939075548563,1632.508951212302,585.7672097604047,32
41,0,78.04878048780488,100.0,26.099008937537228,598.756679427856,372.26688223058636,132.5591297833239,34
61,0,63.934426229508205,91.66666666666666,24.902583575203618,866.611776618158,540.4546053172451,194.96744026548626,34
81,0,50.617283950617285,100.0,22.636881153430107,1096.9584994471027,685.9685616502146,247.28440966854768,34
101,0,52.475247524752476,95.0,22.966696280329607,1376.6566731367193,857.6327648496368,308.61401821625435,34
121,0,47.93388429752066,87.5,22.368566477873905,1637.766455931273,1019.7135910306762,360.7187881004062,34
161,0,50.31055900621118,87.5,21.52908769812222,2110.4047179238996,1324.7498790317973,480.3349787503862,34
201,0,46.26865671641791,95.0,20.625968406209182,2613.5229814373033,1640.5575365835348,597.4286044943063,34
41,1,80.48780487804879,87.5,26.50446194038721,584.0179381430066,363.9267218868367,131.08676942576025,34
61,1,73.77049180327869,91.66666666666666,25.669823509705086,880.915687636147,553.6759150283359,201.77090552016975,34
81,1,61.72839506172839,81.25,23.923638512904606,1097.9677626867847,683.9166826634753,244.8131409256511,34
101,1,47.524752475247524,85.0,22.221053348196705,1356.2708894178145,847.3218522191509,303.36869201059284,34
121,1,56.19834710743802,87.5,22.44127799830325,1629.196967593111,1015.1574671086181,364.4974648882933,34
161,1,58.38509316770186,87.5,22.908068235408752,2151.5997647954287,1341.457672788493,484.1965901131281,34
201,1,48.756218905472636,95.0,21.82414109349493,2666.0968137886307,1678.1024918117428,610.9387681732555,34
41,2,56.09756097560976,87.5,24.897145051807044,581.3120747701859,357.5807925746028,126.32353847414919,34
61,2,65.57377049180327,91.66666666666666,24.955791865904448,863.6035222233394,541.5834413313858,195.7618110156943,34
81,2,65.4320987654321,100.0,23.564221567650485,1080.6824667764613,669.8391963046741,235.62707082004079,34
101,2,66.33663366336634,95.0,23.706061638854862,1411.9879691149042,882.7850232767115,316.0760695775918,34
121,2,57.02479338842975,83.33333333333334,22.763143325511592,1647.5913185379532,1019.3636189126192,361.08308502497675,34
161,2,59.006211180124225,87.5,22.891403556916032,2145.9005604044332,1337.685375677307,475.7852111462327,34
201,2,49.75124378109453,87.5,21.462902779731458,2632.8344937078627,1652.312745130299,595.0138705004058,34
41,3,87.8048780487805,87.5,26.298458940738538,583.5623611632759,367.70364270269465,135.9015627910587,34
61,3,75.40983606557377,100.0,25.403886129520796,866.1534127795985,539.5258706375074,193.4260297610559,34
81,3,69.1358024691358,100.0,24.277220797279917,1128.4934437549423,706.3217363209008,259.06812607731126,34
101,3,66.33663366336634,85.0,24.10590328318397,1380.7987977982514,862.417396641464,309.15430929941783,34
121,3,63.63636363636363,95.83333333333334,23.20268590485501,1621.2779435007246,1009.6195091958488,360.4804218308781,34
161,3,52.79503105590062,87.5,22.275029330951668,2134.3962063942627,1335.3322094558139,479.15282665584255,34
201,3,52.23880597014925,90.0,21.0290129816948,2591.928889655829,1609.9272788850249,566.6591385568488,34
41,4,75.60975609756098,100.0,26.641675001595253,604.8602145158536,378.32057193400954,137.7169442816775,34
61,4,67.21311475409836,75.0,24.93433389227888,867.2378173683223,543.0961461228454,194.90820057816876,34
81,4,66.66666666666666,93.75,24.212894618032976,1119.5158576400268,697.1935501636942,248.0453733276336,34
101,4,65.34653465346535,95.0,24.3595165389601,1418.3072598285669,878.7591413004188,308.7234398304946,34
121,4,62.8099173553719,91.66666666666666,22.473542220040617,1641.7657814112313,1026.3965203401049,372.6092741358609,34
161,4,56.52173913043478,93.75,21.905197218543755,2155.6247861209326,1359.6028069326912,488.20200827404994,34
201,4,51.741293532338304,90.0,21.110780406599748,2626.2786870475265,1651.064298854761,594.715012479734,34
41,5,92.6829268292683,100.0,27.134390481074615,592.6998886299689,367.6189253809908,132.88101038815455,34
61,5,70.49180327868852,100.0,24.24587126907023,841.6541627405654,532.1364769546545,193.9773376484669,34
81,5,59.25925925925925,93.75,22.78050252478755,1089.8513399329433,687.2901696044855,249.0370256939307,34
101,5,59.4059405940594,90.0,23.044510695795665,1404.0769466264471,871.029247101458,307.50498061422525,34
121,5,55.371900826446286,91.66666666666666,22.20644274308392,1608.6731821730662,1008.138128488354,360.27196457276943,34
161,5,52.17391304347826,96.875,21.88940310262548,2156.3598382842915,1351.8172444946176,487.58059736148294,34
201,5,49.75124378109453,87.5,21.796596326757744,2657.797939334423,1662.6836694543354,599.8866708212047,34
41,6,75.60975609756098,87.5,26.146867049148785,583.2445389684527,361.93175962854775,127.21698531566871,34
61,6,68.85245901639344,91.66666666666666,24.918627624968114,853.0121069635559,531.6271412813803,193.0169320816442,34
81,6,59.25925925925925,75.0,24.069389335463093,1121.2717765795828,702.1681891402925,254.8296044886921,34
101,6,60.396039603960396,85.0,23.90462837685166,1371.3165640984555,852.2994550981253,307.84421598782455,34
121,6,44.62809917355372,83.33333333333334,22.13980373891115,1605.7607440709749,1001.3964390608503,361.53759205883784,34
161,6,53.41614906832298,81.25,22.227930081279062,2128.796514583703,1324.4904755497191,477.8181513807715,34
201,6,56.21890547263681,85.0,21.68506723707029,2655.4851945371656,1656.8940885131385,599.7610218613258,34
41,7,85.36585365853658,87.5,25.811149622393124,578.3920340014213,360.95785801565705,134.88260007833995,34
61,7,68.85245901639344,91.66666666666666,24.498698762355307,856.1693927966012,532.1388786355267,191.26635471178355,34
81,7,64.19753086419753,87.5,24.043009371543143,1127.1593135928506,707.8900130839102,259.9634531478688,34
101,7,64.35643564356435,80.0,23.263695263096743,1386.4652149569977,859.880088887739,304.8756233374332,34
121,7,52.892561983471076,87.5,22.757088776588727,1618.5025472722245,1010.6258474727082,363.86871397910215,34
161,7,50.31055900621118,90.625,21.51620528065002,2120.3789564345125,1329.0797390655812,481.53131291634656,34
201,7,53.233830845771145,90.0,21.977289108412478,2697.6380736006813,1696.845535070509,612.4284832771199,34
41,0,80.48780487804879,100.0,24.666863046769976,535.5869742706718,333.89964001877775,121.26038192181478,35
61,0,77.04918032786885,91.66666666666666,23.119207932029102,782.1303791998773,485.97476722905583,172.29700388581978,35
81,0,65.4320987654321,87.5,22.64107863882675,1039.337575977533,652.986335091828,237.19753987984438,35
101,0,64.35643564356435,95.0,22.021838345646373,1278.467873540921,800.7651348677541,286.59408409812534,35
121,0,65.28925619834712,100.0,22.156826763790445,1513.3449685147689,942.5380739996971,336.5059509909379,35
161,0,53.41614906832298,96.875,21.030512841798227,1977.7062121995937,1228.3329575043128,435.5827040049736,35
201,0,49.75124378109453,82.5,20.194945774635663,2420.21514737097,1509.6425215836962,537.0806515419445,35
41,1,68.29268292682927,87.5,22.85617987460564,527.1042978546777,331.94095650039696,120.22028704948605,35
61,1,62.295081967213115,100.0,22.63638808555511,795.6004580763588,497.103811008223,180.74286849380988,35
81,1,60.49382716049383,93.75,22.015537852394363,1032.6345286010633,646.6794610123819,231.92567520811022,35
101,1,64.35643564356435,90.0,22.21445248597268,1273.9039861954582,797.7765431938338,289.3993420724036,35
121,1,60.33057851239669,91.66666666666666,21.694661316535743,1517.2590782391944,943.7443454659149,338.1621321106023,35
161,1,62.11180124223602,96.875,21.270425056040267,1980.4833536838878,1231.0060109322799,433.6469614195513,35
201,1,48.258706467661696,92.5,19.99094187185288,2436.1774233169326,1515.5254787525591,540.7062790371151,35
41,2,63.41463414634146,75.0,23.86067990942138,533.7999011402892,329.2613214739382,115.6031326042478,35
61,2,75.40983606557377,91.66666666666666,23.547330399977014,812.1638372538769,508.35575174998587,185.76945325792684,35
81,2,62.96296296296296,93.75,22.192553739512782,1015.0941890955161,631.7620670225953,225.72896801393932,35
101,2,64.35643564356435,95.0,22.327348825753706,1286.0459750218363,802.5784733946393,286.19709699033325,35
121,2,59.50413223140496,100.0,21.697378443017335,1509.4536526453287,942.4534725681618,337.57441537308307,35
161,2,54.037267080745345,87.5,20.6932942272272,1973.5782650200626,1228.0030726222358,440.66175577102825,35
201,2,52.736318407960205,87.5,20.157846689132853,2440.1917446061243,1527.2418767412055,542.0589969881376,35
41,3,75.60975609756098,87.5,25.382357920970676,558.6927790073628,353.6904668952325,130.31620593857036,35
61,3,81.9672131147541,91.66666666666666,23.655324201784904,789.2696919322258,489.218655594476,172.06984132689476,35
81,3,61.72839506172839,100.0,22.046724049280062,1049.1584519960882,659.2767159021937,236.93006738200177,35
101,3,60.396039603960396,100.0,22.223362507278033,1277.6328871218482,796.3583360215575,285.93154679707857,35
121,3,59.50413223140496,95.83333333333334,21.64589823259473,1525.7246339676094,955.9445888228109,347.6843211364588,35
161,3,57.14285714285714,81.25,20.556290071531336,1925.5241350386736,1197.1116353197294,427.6115478738268,35
201,3,50.24875621890548,90.0,20.04342185745083,2418.264750487574,1513.3025222558394,532.8278297451443,35
41,4,85.36585365853658,100.0,25.449118059689432,551.8285976305697,343.0979606939664,126.54412901986268,35
61,4,77.04918032786885,91.66666666666666,23.477236110870237,792.7665825631707,493.55939176798574,176.34841499529784,35
81,4,66.66666666666666,87.5,22.258568011791613,1022.6885011624297,632.7622865168937,220.9991760848869,35
101,4,65.34653465346535,95.0,22.370546570034943,1272.9398576946749,794.056770483075,282.5944245844809,35
121,4,62.8099173553719,91.66666666666666,21.37957316620524,1524.4648885767992,953.711768777901,344.69835338893427,35
161,4,52.79503105590062,84.375,20.376377374321613,1955.8168964134538,1219.187074959072,434.998076607804,35
201,4,51.243781094527364,87.5,20.09271954617709,2432.1058647183836,1518.4230450823406,533.2181555817507,35
41,5,75.60975609756098,100.0,24.969198704503793,561.2603818515144,354.97490302286394,130.47498334621764,35
61,5,70.49180327868852,100.0,23.785316879733323,802.2774589597165,501.7481920864715,177.9421839884765,35
81,5,75.30864197530865,100.0,23.030243824175113,1019.6501620436989,631.8773815865125,225.50417133306252,35
101,5,67.32673267326733,95.0,22.12043294852936,1258.4896194591943,782.028861703577,272.23167951147303,35
121,5,61.98347107438017,95.83333333333334,21.577504065396468,1528.9901559363673,953.6087925348716,343.78410938615974,35
161,5,52.17391304347826,87.5,20.50112191036026,1972.788084060329,1229.89173834505,434.23926864952637,35
201,5,54.22885572139303,90.0,20.718159208669604,2436.6842573209083,1520.1144111514786,544.8399696225449,35
41,6,75.60975609756098,100.0,24.762603428024377,545.19718936939,338.9720694408154,117.42609754371486,35
61,6,72.1311475409836,100.0,22.99522679188446,790.3025634958453,495.2090632994359,175.59345270923694,35
81,6,67.90123456790124,93.75,22.843032903566986,1056.0527677303617,664.0263245927168,240.3756804492569,35
101,6,62.37623762376238,90.0,22.342389016395586,1295.2214337983967,808.7502818748517,292.2929312211104,35
121,6,61.15702479338842,91.66666666666666,22.05694200120077,1515.9980403347663,947.1037627024265,341.5008433254894,35
161,6,59.006211180124225,93.75,20.949881288832483,1989.6801507683413,1243.3457243336852,440.9110992150026,35
201,6,48.756218905472636,82.5,20.494006856699745,2400.989259928465,1496.133459346842,533.18084221107,35
41,7,65.85365853658537,100.0,23.279564252342702,533.9776126056064,332.3921793215095,121.01251254046454,35
61,7,63.934426229508205,91.66666666666666,22.560794190720245,789.0389068679375,495.6032958035808,183.71321529398156,35
81,7,59.25925925925925,93.75,22.068174307062613,1036.800049602698,649.2548957902127,231.17283268832145,35
101,7,71.28712871287128,100.0,22.936627482730756,1298.7917056283034,807.8476506692891,293.0627877808482,35
121,7,60.33057851239669,95.83333333333334,21.794751537177053,1529.6194578800678,957.2755516047686,346.49770770072223,35
161,7,53.41614906832298,90.625,20.64585902687347,1992.3188193751766,1242.7590030778179,438.66903828806255,35
201,7,54.72636815920397,90.0,20.4915721242629,2435.299523638681,1518.9320632596991,541.8225108091115,35
41,0,48.78048780487805,100.0,21.335153333891363,541.8619046475519,341.85165479159696,126.33016661552558,37
61,0,49.18032786885246,83.33333333333334,21.348184414288415,794.539576699147,495.88583053309054,181.38748413516106,37
81,0,60.49382716049383,81.25,21.578935717162526,1054.7846317389854,657.3131217279906,236.87453949743988,37
101,0,40.5940594059406,80.0,19.950193272660933,1248.0511549421294,778.9993031872425,274.7920316114633,37
121,0,49.586776859504134,91.66666666666666,20.432093636233805,1511.0753734663244,955.283304693688,346.27136973513774,37
161,0,46.58385093167702,84.375,19.47346632985441,1964.8418553047552,1241.1330163751513,446.4206186552432,37
201,0,35.82089552238806,77.5,18.23877529527246,2399.456392407058,1523.3404005084096,554.3850525250378,37
41,1,65.85365853658537,100.0,23.21811179780313,526.9402829223314,331.50474590093074,116.59010544586782,37
61,1,62.295081967213115,91.66666666666666,22.556917404473676,802.6333164171657,504.48386307213264,183.48941267897519,37
81,1,53.086419753086425,100.0,21.320768735423414,1044.7579783909523,659.7859076009868,239.46892215261536,37
101,1,48.51485148514851,95.0,20.259431869655764,1301.0803622833057,815.4206411915866,289.68093205201313,37
121,1,51.2396694214876,83.33333333333334,20.26475326882131,1510.3562692511966,946.7688134906784,340.68266824250094,37
161,1,53.41614906832298,93.75,20.129705571536803,2022.7594667631834,1275.9130675206666,459.6252041934621,37
201,1,36.318407960199,82.5,18.23510081896273,2366.604106582283,1503.13950398908,539.6125841317759,37
41,2,48.78048780487805,62.5,21.761259512972778,537.1204520149195,336.33190905312017,124.36904843474483,37
61,2,52.459016393442624,75.0,22.319553082575847,805.0649168043311,503.7806699103133,180.29112547519088,37
81,2,54.32098765432099,75.0,20.574887974802692,1035.87814010649,647.8556258365215,233.80187989683327,37
101,2,48.51485148514851,90.0,20.59631595671983,1300.9415262023113,820.1697647461508,296.86585482086434,37
121,2,47.107438016528924,95.83333333333334,19.912724352600893,1497.4706091932896,946.8297703947951,338.85254949265584,37
161,2,40.993788819875775,75.0,19.00284122647367,1982.316635068385,1258.684369402507,459.4139570944948,37
201,2,39.30348258706468,75.0,18.371957838438753,2397.6029872472427,1524.7635494550007,544.8829746186041,37
41,3,53.65853658536586,100.0,24.02596153399612,569.0943207333339,355.5330426647708,132.43236897869264,37
61,3,55.73770491803278,91.66666666666666,21.864594793918545,796.6247120349633,496.6020916880458,182.19655767647086,37
81,3,38.2716049382716,81.25,19.756204699855612,1026.8184440722189,647.6488875894971,241.93547560936665,37
101,3,52.475247524752476,90.0,20.793912402872074,1289.3921414678412,804.4589668073983,287.90783060050285,37
121,3,55.371900826446286,95.83333333333334,20.955212549570113,1519.047803751703,953.8788016100781,343.0561129397621,37
161,3,40.993788819875775,87.5,18.6982861174807,1963.302438367824,1233.8956584844261,445.79939750900894,37
201,3,34.32835820895522,75.0,17.992597978230638,2388.1164859804803,1518.5595334313616,544.9911734913912,37
41,4,65.85365853658537,100.0,23.126039923558302,540.3486643777521,335.0291928244911,117.64334059560521,37
61,4,50.81967213114754,100.0,21.39510051936727,816.7525795815824,513.418837797994,181.9561276134358,37
81,4,45.67901234567901,81.25,20.92553853311072,1037.629904144208,651.0834980134437,234.69789123653302,37
101,4,44.554455445544555,80.0,19.928958145854732,1254.6461976286714,787.6741496777228,286.11950835657024,37
121,4,42.14876033057851,70.83333333333334,19.824681053139397,1503.5249595234447,944.9456607793988,339.36862024488573,37
161,4,41.61490683229814,81.25,19.143552015422376,1951.942388046239,1239.9559347112775,450.5130504723712,37
201,4,31.343283582089555,82.5,17.764638943084115,2351.287874679596,1512.961050113308,550.6021857750553,37
41,5,51.21951219512195,100.0,23.06207685427207,552.9490978149499,347.7224850999857,125.26081634419805,37
61,5,54.09836065573771,91.66666666666666,22.55803631465074,827.0000708281159,515.6121399736311,183.47122491375572,37
81,5,51.85185185185185,87.5,21.7841482079834,1061.6539295479674,665.1406143914807,244.1549534699131,37
101,5,46.53465346534654,75.0,20.43641314034314,1277.3714647217196,799.9952918648987,286.68190331700447,37
121,5,47.93388429752066,79.16666666666666,19.98837450865207,1524.8183975708112,958.7381227015734,344.7342926005675,37
161,5,37.267080745341616,81.25,18.521721729659692,1980.1298761611702,1267.098452583924,455.26326705349754,37
201,5,39.30348258706468,82.5,18.553693540777104,2415.183640072298,1531.788446553384,552.4166754626042,37
41,6,85.36585365853658,100.0,25.05666908449093,544.2080116268411,340.849188718955,123.71127009158313,37
61,6,55.73770491803278,83.33333333333334,22.872924769195723,811.2382879092542,505.63448221684513,183.57098037639383,37
81,6,58.0246913580247,87.5,22.049582001756086,1025.1603627073218,640.3746607955636,233.64264659614372,37
101,6,45.54455445544555,85.0,19.529873144854257,1261.8453824526694,795.8009332122415,288.8831100409287,37
121,6,46.28099173553719,87.5,20.520345453986973,1503.8062896884849,941.5336782680014,339.9777713306808,37
161,6,39.75155279503105,81.25,18.63814777612705,1955.0276204450563,1232.7518316200055,444.39039628856676,37
201,6,42.28855721393035,90.0,19.167022908447063,2398.3266444538513,1516.117719545141,547.2643595123028,37
41,7,78.04878048780488,100.0,24.23819892841184,575.4500063865682,359.473140869312,129.9685591277913,37
61,7,57.377049180327866,100.0,22.3474431475143,797.5318118372753,497.9519444933494,178.65812035181997,37
81,7,46.913580246913575,87.5,20.7055483770692,1025.0542905779016,641.2809368848099,229.3410250422495,37
101,7,48.51485148514851,95.0,20.733121305416347,1286.7837391603482,807.6784969980066,299.8281783983439,37
121,7,46.28099173553719,91.66666666666666,20.31714051710287,1513.793397161175,947.4942816885507,340.1965364137073,37
161,7,45.3416149068323,93.75,19.05010923813847,1953.2113556388695,1237.527622872129,453.0607992339786,37
201,7,33.33333333333333,75.0,18.054312002700783,2371.9414038511636,1511.4658970743199,548.4864839773818,37
41,0,56.09756097560976,62.5,22.983867269263992,543.1743068412873,344.3587718024636,127.44197870375737,38
61,0,63.934426229508205,91.66666666666666,22.2783166083358,800.4330105473124,513.4939312828636,188.41022428193753,38
81,0,64.19753086419753,87.5,22.52249195921691,1059.266841532633,664.3840353491439,239.95172244006966,38
101,0,68.31683168316832,95.0,21.223389595493526,1265.4813941420214,794.1105468185391,284.8295537978378,38
121,0,51.2396694214876,95.83333333333334,19.64308734892826,1484.1797266907515,939.5884660956983,333.7917180229306,38
161,0,47.20496894409938,93.75,19.710773847596688,1991.8356824601117,1262.47580870204,460.48536973056366,38
201,0,42.78606965174129,85.0,18.477631582869677,2379.284223429914,1508.113824174598,548.3287294387101,38
41,1,60.97560975609756,87.5,23.448128421012495,540.5752407613928,338.9880366626271,123.83691909637628,38
61,1,67.21311475409836,83.33333333333334,22.231065470724207,786.736672689485,487.42745413941464,177.84243853214122,38
81,1,53.086419753086425,93.75,20.40180276659704,1036.1405789875553,654.1449310711569,236.1267481562661,38
101,1,53.46534653465347,95.0,20.339739789493326,1259.6702977914447,792.494049463547,292.21521563263855,38
121,1,43.80165289256198,79.16666666666666,19.615684683797493,1486.7043311268358,939.5201800439232,341.45188293756274,38
161,1,44.099378881987576,93.75,19.011549302009364,1957.2138000358145,1230.0803483526347,443.88280523998566,38
201,1,48.756218905472636,95.0,19.030588738559565,2407.744537137279,1517.5745533571614,552.9904934360186,38
41,2,73.17073170731707,100.0,24.45844959337331,556.9955903509028,347.3011838277291,126.33897909549843,38
61,2,63.934426229508205,83.33333333333334,22.4338371585925,796.0000648206957,505.1202076613653,185.04591839353867,38
81,2,60.49382716049383,93.75,21.096495484514993,1039.039321002108,654.1217999156106,237.63757435583864,38
101,2,49.504950495049506,85.0,20.68119765752841,1294.7806694769333,815.5895013381056,298.4153663037423,38
121,2,49.586776859504134,91.66666666666666,20.233313212187127,1523.1900782216067,958.8713649052322,343.576097778919,38
161,2,46.58385093167702,90.625,19.025693513638753,1969.7639385928403,1241.650063011795,453.54328322350284,38
201,2,46.26865671641791,90.0,18.81723396565949,2397.646535008171,1509.1155712241768,549.5205477009854,38
41,3,63.41463414634146,100.0,22.78957979371347,519.0600494555756,324.2064866887325,114.62497146796522,38
61,3,62.295081967213115,91.66666666666666,22.296655502424855,800.1026234588304,505.9719840786915,184.7389112644046,38
81,3,53.086419753086425,93.75,21.140591485705023,1048.1403143837456,657.8946394288605,235.08147625434086,38
101,3,51.48514851485149,85.0,19.906956042919916,1259.0336634481,792.8862480918928,290.787028991421,38
121,3,50.413223140495866,95.83333333333334,19.897404826362383,1466.4286918255088,924.4107657130107,340.6622444157978,38
161,3,48.4472049689441,93.75,19.646464974833115,1969.6112158830385,1249.5515238834346,463.1977458282704,38
201,3,47.2636815920398,87.5,18.83319823640388,2374.83705521501,1501.7714967666566,549.5839435590962,38
41,4,58.536585365853654,75.0,22.42385981297307,535.741202112709,337.4248784433408,125.53301367548963,38
61,4,65.57377049180327,91.66666666666666,21.402192875021118,793.4698432394257,498.9941884329227,179.81121787741282,38
81,4,62.96296296296296,93.75,21.51478497459231,1036.0456536313716,656.6129072553437,240.98051135205287,38
101,4,55.44554455445545,90.0,20.90900989441841,1282.3425327095056,803.0769763909179,286.6590124989936,38
121,4,57.85123966942148,95.83333333333334,20.484639696758517,1500.2806923827652,944.932647967187,345.0156646515576,38
161,4,54.6583850931677,93.75,20.054480304567807,1979.5390034596198,1250.3212832671443,456.23831245595164,38
201,4,45.27363184079602,90.0,19.195038427675932,2415.0628005637955,1521.3739046112173,553.7811834733068,38
41,5,75.60975609756098,100.0,24.537478959764307,556.3764565452902,352.1609172336382,131.82907167917546,38
61,5,59.01639344262295,91.66666666666666,22.43266454869765,791.2693203419136,499.1138436620955,182.96238925248386,38
81,5,59.25925925925925,75.0,21.670374821203932,1044.58000249638,658.8084641737141,242.37956423236443,38
101,5,53.46534653465347,95.0,20.16178380633209,1247.4958997960282,780.8105398245303,283.5577783208619,38
121,5,47.107438016528924,87.5,19.780875889873965,1487.0986378000027,936.2246195230374,337.9448462183603,38
161,5,46.58385093167702,93.75,19.103317875431546,1966.8857185047664,1239.4828750500997,453.1817896577142,38
201,5,39.30348258706468,87.5,18.466963933398365,2371.559070062825,1507.7156371115361,546.3442577840026,38
41,6,73.17073170731707,87.5,24.346307469625117,557.7290961637912,352.03895190564606,128.49192090486184,38
61,6,65.57377049180327,100.0,22.302516887581323,789.7193633517012,498.35905491058276,184.30536660725005,38
81,6,59.25925925925925,100.0,21.626498514685167,1055.1683244940914,665.4086443169273,242.60940272317362,38
101,6,52.475247524752476,65.0,20.76669114323712,1281.1467463754257,803.4905295283453,289.4136912444057,38
121,6,49.586776859504134,95.83333333333334,20.108607486061068,1517.607901310607,951.7510054751685,337.73972494547473,38
161,6,48.4472049689441,90.625,19.70453987194271,1955.974418723242,1230.2279942795635,447.5964861636429,38
201,6,43.78109452736319,87.5,18.901345955219327,2362.669117372513,1495.4334939544651,554.2117175347859,38
41,7,82.92682926829268,100.0,24.116649309944414,538.4066347311528,334.22655692183685,117.1606009698474,38
61,7,52.459016393442624,83.33333333333334,22.077013217744042,791.3395041509082,492.90127169595144,177.41106350530367,38
81,7,70.37037037037037,93.75,21.958355325237576,1036.3368935811784,652.2108629943295,240.2854191671415,38
101,7,50.495049504950494,90.0,20.486303115963956,1265.660961368665,796.2734296880461,286.81278243751217,38
121,7,57.85123966942148,95.83333333333334,21.07601420949089,1515.1522056509086,947.5779268553041,344.16235759792323,38
161,7,47.82608695652174,87.5,19.738669566114634,1955.0150315578142,1228.9058323629702,445.5603790984378,38
201,7,42.78606965174129,87.5,19.066455382654937,2450.354050727102,1553.8109943742813,571.3458249217376,38
41,0,80.48780487804879,100.0,24.791371366073285,559.0660793303549,349.39536579167157,122.44532786470053,40
61,0,81.9672131147541,100.0,23.900086910322596,821.6602266759703,513.968002759595,183.7147961982322,40
81,0,67.90123456790124,100.0,22.899631710382874,1059.4610749759172,662.7565017180431,238.20120652394814,40
101,0,61.386138613861384,95.0,21.299557437092684,1265.0633408549163,796.1039256342127,290.6067410192288,40
121,0,64.46280991735537,95.83333333333334,21.872820191151444,1570.9062237124012,985.0910739360572,362.6376312053023,40
161,0,63.975155279503106,96.875,20.884875780772933,1995.8915396391135,1248.9194409116974,452.5171916320297,40
201,0,55.72139303482587,97.5,20.127490973007795,2498.804121830749,1568.0366181838758,560.6884795850228,40
41,1,65.85365853658537,100.0,23.73153679447391,542.2388064111876,338.06551857279413,119.39349510659815,40
61,1,78.68852459016394,100.0,24.116055106482463,814.8903555325853,511.26896790417294,184.38779366595395,40
81,1,64.19753086419753,93.75,21.398058822374047,1021.3266798713759,634.1515023903956,227.33160300951448,40
101,1,64.35643564356435,100.0,21.407384356830676,1275.1598036428072,794.1312050654874,284.4899076421028,40
121,1,52.892561983471076,95.83333333333334,20.94345682590442,1514.7283804269332,947.9747658025926,341.3287753929558,40
161,1,45.962732919254655,87.5,19.25768780937039,1970.00484886868,1237.2087559186664,445.49801080053805,40
201,1,56.21890547263681,97.5,19.954043362478515,2450.9412442736093,1527.5897387145696,544.308591302473,40
41,2,65.85365853658537,100.0,23.3111453209355,535.5170398790425,331.1638697836254,116.69104800844741,40
61,2,73.77049180327869,100.0,23.47493836546573,809.516461870805,504.80135931913827,177.5913393114775,40
81,2,59.25925925925925,100.0,21.396156780353138,1034.47414658232,650.4794072264162,237.74300667022976,40
101,2,64.35643564356435,100.0,22.61150783146463,1305.2215757020533,815.5193737422384,290.8645999181618,40
121,2,63.63636363636363,95.83333333333334,21.999401953461806,1539.3908818695234,950.6901450712786,335.75904514774453,40
161,2,54.037267080745345,93.75,20.47053302127597,2010.6494745996204,1258.3422187438032,449.8926722659029,40
201,2,52.736318407960205,92.5,20.294757858623534,2470.250154273871,1544.0512340412388,550.0802969178155,40
41,3,70.73170731707317,87.5,23.500359644715257,528.1492734838727,331.166659682198,121.80826797768148,40
61,3,54.09836065573771,91.66666666666666,22.12551102037042,784.3432544709285,487.0225780696754,175.65362629696205,40
81,3,65.4320987654321,87.5,22.66680498632901,1051.1705961574,660.1414600718567,239.8883308715233,40
101,3,62.37623762376238,90.0,21.743706877366186,1300.6667966350028,812.0180077022574,292.5232245810217,40
121,3,66.11570247933885,95.83333333333334,21.793108022143603,1538.3378486925853,949.3904333844574,337.171755717554,40
161,3,54.037267080745345,90.625,20.747415460146563,2019.8183827714888,1260.9261215343045,452.3727490455533,40
201,3,55.72139303482587,95.0,19.87633970585304,2451.5084029459076,1528.5974300610546,545.1529940726834,40
41,4,68.29268292682927,100.0,23.455651213222986,535.9537238153683,329.4141217340889,114.7300437556163,40
61,4,67.21311475409836,83.33333333333334,22.99385089702977,793.1510537372754,497.17854716273183,177.95888460471815,40
81,4,69.1358024691358,100.0,22.07845791116247,1051.7400747396905,656.2781145679978,237.86375408198933,40
101,4,53.46534653465347,100.0,21.49153752637651,1280.3821507384935,804.8450146805542,292.51145609005675,40
121,4,60.33057851239669,100.0,21.697809121152485,1542.7684856519977,962.9839413913398,348.6603043628594,40
161,4,51.5527950310559,90.625,20.30666811145399,1997.146321863735,1250.3564411748152,453.6565388041943,40
201,4,56.71641791044776,95.0,20.229501943777436,2467.152903591853,1554.163260179566,559.5501659499951,40
41,5,90.2439024390244,100.0,25.166468240315627,541.2199951475504,336.18462877344484,118.65673976707886,40
61,5,70.49180327868852,100.0,22.602723217646272,802.0451565992262,507.62356453347036,186.02030841301288,40
81,5,61.72839506172839,100.0,21.369826735719798,1013.480645496612,635.4539061961018,228.99172839482173,40
101,5,65.34653465346535,100.0,21.84715824142943,1284.3515054441655,795.6240020149269,278.06546855824723,40
121,5,61.98347107438017,95.83333333333334,21.184513398633165,1526.8706225263961,953.6749810600598,339.09924868586194,40
161,5,62.11180124223602,96.875,20.85344551007073,1994.845081412449,1246.338427572908,448.54849240877877,40
201,5,55.72139303482587,95.0,20.245269981569407,2474.2842396516066,1558.5837958796433,556.2446030244762,40
41,6,65.85365853658537,100.0,23.84024997173784,557.4719756660024,348.5031846340117,125.88341509073678,40
61,6,70.49180327868852,91.66666666666666,23.158552836536515,798.753953165254,495.38601656005153,177.61525474479396,40
81,6,74.07407407407408,100.0,23.241788795695676,1066.2047852531769,665.7659658831095,239.87492843182218,40
101,6,62.37623762376238,100.0,22.18930526940049,1300.165851447426,816.584269772334,296.6241677143266,40
121,6,61.98347107438017,91.66666666666666,21.332841666177007,1500.9346018603565,935.241656437392,337.60222245884114,40
161,6,56.52173913043478,93.75,20.917463831850302,1993.3897834359727,1242.0669760194664,444.5612641943137,40
201,6,53.233830845771145,97.5,20.336564696469797,2479.05593967162,1551.2140242833411,553.1880632228031,40
41,7,80.48780487804879,100.0,23.919935918289816,529.7728847938054,325.4813167984491,116.8839578042764,40
61,7,54.09836065573771,100.0,21.005590293359965,787.7313040308535,494.40829019475245,182.9663610195779,40
81,7,59.25925925925925,93.75,21.896546099496838,1039.393525823703,646.2233905085482,232.5483996638364,40
101,7,57.42574257425742,95.0,21.53299082836775,1277.5488173613646,797.5001675419361,292.3440692979404,40
121,7,52.066115702479344,87.5,20.93792279829463,1532.2366944637552,961.562988891921,345.7073098928069,40
161,7,57.7639751552795,96.875,20.644099727647582,1979.911602576853,1246.1747025371683,444.82950989350206,40
201,7,53.73134328358209,92.5,20.178510076600748,2467.313323322078,1546.5403282864506,557.033661176425,40
41,0,80.48780487804879,100.0,23.59340852591265,533.3716186635229,332.72504391656673,119.01772224947666,41
61,0,73.77049180327869,100.0,23.763372633648018,807.8589328803099,514.821934541367,195.09945544540543,41
81,0,58.0246913580247,87.5,20.956287768117647,1035.7117426038276,656.1941763148093,250.0000258277115,41
101,0,67.32673267326733,100.0,21.998174129851847,1281.6832827904666,811.2732692295433,303.23326858354073,41
121,0,61.15702479338842,87.5,21.202753006816295,1526.6858344035813,965.5851145567788,355.93460888470736,41
161,0,59.62732919254658,90.625,20.096600828677072,1977.9317830813225,1249.958396733683,459.55641648053006,41
201,0,54.72636815920397,87.5,19.868339798158395,2436.2310141479315,1537.7579124479084,561.1485229675368,41
41,1,80.48780487804879,100.0,24.65859251782807,548.7364820802424,343.6225448595677,127.00777604211612,41
61,1,60.65573770491803,91.66666666666666,21.526053876988144,807.1580713411397,510.9018672912911,191.11281433294948,41
81,1,56.79012345679012,87.5,21.687545129799847,1014.4664317002284,635.4593819177073,231.11950669032188,41
101,1,55.44554455445545,90.0,21.27309623172409,1291.870622045279,817.8757882808476,301.7599989434571,41
121,1,61.15702479338842,91.66666666666666,21.170319526916735,1497.0377212711862,941.0889802422708,344.43791301800155,41
161,1,54.037267080745345,87.5,19.89203136080717,1968.7678239098332,1234.5976621364762,448.2843499689344,41
201,1,49.25373134328358,90.0,19.678972271982637,2453.982087278635,1551.016992064128,567.3695680915473,41
41,2,63.41463414634146,100.0,22.246126274884812,519.750359559662,325.2998559388157,117.53908547699416,41
61,2,67.21311475409836,100.0,22.363329234391223,775.150319642041,484.49574123834765,173.32179297153684,41
81,2,69.1358024691358,87.5,22.414724049541924,1054.0291839478477,664.2978338691819,245.90974040892127,41
101,2,60.396039603960396,75.0,21.051870420690307,1258.2969101990348,793.1732302184947,296.4484115930093,41
121,2,53.71900826446281,79.16666666666666,20.838596967276416,1516.8181809352363,955.1084617610047,358.99624676640093,41
161,2,57.14285714285714,84.375,20.307718107964714,1973.548540121731,1240.0822771881412,451.44234016441675,41
201,2,59.70149253731343,87.5,19.763237083900233,2438.307323799432,1540.1703990062401,569.2605847127265,41
41,3,68.29268292682927,87.5,23.134707068227357,558.769093517011,354.3984008188022,132.52565385531344,41
61,3,65.57377049180327,91.66666666666666,22.11677054065049,794.6602040152928,503.6507764519632,183.22618578364202,41
81,3,62.96296296296296,93.75,22.239379830627247,1057.9871829983872,669.6525503174646,249.16024414915552,41
101,3,58.415841584158414,95.0,21.590086613570637,1294.3764964239572,815.3695424858558,306.9099553717485,41
121,3,57.02479338842975,87.5,21.345825364112944,1523.4275768184832,964.7561924287129,356.6094046998835,41
161,3,55.90062111801242,87.5,20.042748209174654,1956.5867493398198,1226.0338056580213,450.04573335199456,41
201,3,53.73134328358209,92.5,19.830795844830504,2442.523471788306,1543.855112421904,566.8986070695951,41
41,4,65.85365853658537,100.0,23.853303787435863,535.9413066729869,336.28381846095317,120.04947415487476,41
61,4,67.21311475409836,100.0,22.033391559368006,778.2093808628701,490.2936361602912,181.52857243523934,41
81,4,65.4320987654321,93.75,21.931805042361177,1052.738724096835,664.9966967871285,249.10019017189805,41
101,4,67.32673267326733,95.0,21.92743632555274,1288.1177419174878,813.3445013873273,304.46586726991876,41
121,4,65.28925619834712,91.66666666666666,21.337957199527374,1474.3485777541136,923.2391899746774,340.28394540315935,41
161,4,60.86956521739131,87.5,20.913930962782153,1997.033262840324,1265.5240695183284,474.6373179633123,41
201,4,55.72139303482587,87.5,19.46512525029498,2436.259122815353,1535.3893194664033,571.8229295673102,41
41,5,73.17073170731707,87.5,22.881119472612262,536.7259753905498,332.4195033833112,117.57850155530824,41
61,5,62.295081967213115,75.0,22.42718588287297,788.3397681074558,501.06295323513154,187.4127967402997,41
81,5,70.37037037037037,93.75,22.375338521729038,1046.7998327055793,657.5965459145651,240.05480111261545,41
101,5,55.44554455445545,95.0,20.840617225546467,1260.3217465618902,792.1888359501253,294.08507814732536,41
121,5,66.94214876033058,100.0,21.433905217454836,1531.2462476927008,966.4872891139552,357.9697794003043,41
161,5,50.31055900621118,93.75,19.975713250427923,1993.2164054697887,1275.5788814590696,482.5144180662743,41
201,5,54.22885572139303,92.5,20.156442600154833,2494.202824492666,1575.5369075942208,581.2298489361341,41
41,6,73.17073170731707,87.5,24.673809025646428,556.7145130841103,350.2516194046742,129.8048679750651,41
61,6,60.65573770491803,91.66666666666666,22.04952905658825,772.8636138194607,486.92253482779176,179.2613185148005,41
81,6,67.90123456790124,93.75,22.860577508592236,1061.9054324764547,663.9123487904699,240.27038084717253,41
101,6,62.37623762376238,95.0,22.266265799851322,1308.0208306529894,832.0869322011396,317.1766893098571,41
121,6,52.892561983471076,95.83333333333334,21.66991197812847,1544.4908516027226,978.4237042142787,354.279792675279,41
161,6,52.17391304347826,93.75,20.10354390288651,1990.035399375835,1257.6244231584194,464.5567825358903,41
201,6,53.233830845771145,90.0,20.01395608065381,2448.275727645805,1540.1075850632653,564.7678184428179,41
41,7,60.97560975609756,87.5,22.629667401011638,551.4966357455728,350.39626811161577,133.1626872879281,41
61,7,67.21311475409836,100.0,23.44857440892289,805.2996553836748,507.68961431763455,189.60847243889867,41
81,7,65.4320987654321,93.75,22.65162858118016,1056.554672348906,665.529524025025,246.69894319180133,41
101,7,65.34653465346535,90.0,21.659985544455967,1290.984408603511,816.0344567798489,299.46945966166254,41
121,7,70.24793388429752,95.83333333333334,21.899368261222097,1546.6304920670968,977.4367977375153,354.6548736583801,41
161,7,49.68944099378882,96.875,19.91490377491619,1982.1541409454476,1258.4027980890796,469.5202565220411,41
201,7,51.243781094527364,92.5,20.04167323902805,2467.477952782674,1551.9756591203673,566.9536000997374,41
41,0,80.48780487804879,87.5,23.549842249795137,516.8582236902713,319.25736845156496,110.95252826444367,42
61,0,65.57377049180327,100.0,23.32106418818979,822.3066779487073,524.0363732437345,189.17154281823116,42
81,0,55.55555555555556,87.5,22.03610715036283,1059.2083296830515,671.4707152128528,244.10504962834818,42
101,0,58.415841584158414,100.0,21.2267052195803,1273.1640326317527,798.8920374397759,290.77047370734795,42
121,0,52.892561983471076,91.66666666666666,20.61992569879088,1517.2895668144492,953.9132802191709,352.8529820225439,42
161,0,48.4472049689441,84.375,20.091535211097263,2005.5216344629423,1267.630163903871,459.36426394528723,42
201,0,42.28855721393035,87.5,18.464954934882204,2398.002806821704,1522.9708369038005,552.3366682405854,42
41,1,82.92682926829268,87.5,24.946904581214152,552.049961405193,345.55894511016805,126.38585211292589,42
61,1,62.295081967213115,100.0,22.94943784059667,798.1404362082781,503.29727497727345,182.93961160271894,42
81,1,56.79012345679012,81.25,22.152038096253662,1025.2691280678882,650.0115763971619,242.79942301208843,42
101,1,65.34653465346535,90.0,22.418158061026737,1336.9543910055816,851.2053607208032,313.80002029524087,42
121,1,63.63636363636363,87.5,21.795555532472697,1541.2102513026516,971.6274049957156,352.693508973003,42
161,1,37.267080745341616,81.25,19.09041962939329,1967.51240114471,1256.204516779726,462.8079429204552,42
201,1,42.28855721393035,80.0,19.115273181507174,2398.4319855870167,1527.2159670271099,565.6523006069733,42
41,2,95.1219512195122,100.0,25.497886851968403,548.7805568707374,339.42490040642286,118.74532458804765,42
61,2,55.73770491803278,100.0,21.38999192927116,779.7762097508862,493.8018384182748,184.72190102898827,42
81,2,62.96296296296296,93.75,22.746592959573558,1062.3707247788434,672.6123626764322,245.2510151467015,42
101,2,61.386138613861384,100.0,21.27754740679852,1247.825472716891,778.6111569086102,284.0727069075513,42
121,2,61.98347107438017,87.5,21.434144024117032,1519.8925243728702,956.4006070668577,347.8195662698216,42
161,2,56.52173913043478,84.375,20.552834671735845,1987.6492233739855,1247.2789721253903,451.43391616418165,42
201,2,47.76119402985074,85.0,19.70201852867215,2433.705526825779,1536.3567565859644,552.4714172247958,42
41,3,70.73170731707317,62.5,23.49949357044966,549.9123549078729,349.3482341121597,132.24107783206878,42
61,3,70.49180327868852,83.33333333333334,23.768168709439482,807.944444971466,509.0294447839821,187.25805982535394,42
81,3,53.086419753086425,93.75,22.46011263185047,1080.6027422458267,675.0192855560709,246.70925369760596,42
101,3,52.475247524752476,85.0,21.351449046909725,1290.4370208163314,812.4123961976698,294.72272945094795,42
121,3,49.586776859504134,83.33333333333334,20.14364532021857,1508.3733480852422,954.2438260941884,351.8431982376892,42
161,3,45.3416149068323,71.875,19.57741905961681,1972.3377871268317,1253.899051631157,461.7855787922659,42
201,3,38.80597014925373,75.0,19.024387537281903,2445.2557222807027,1542.9375429942697,561.6945946285261,42
41,4,78.04878048780488,100.0,23.417733623737917,528.6181705620379,329.85903562730584,116.28586327449489,42
61,4,57.377049180327866,91.66666666666666,21.600570573592215,813.9283915765137,517.0735808469657,190.146746825314,42
81,4,65.4320987654321,87.5,22.73509502821662,1072.5493497135012,676.1088801582146,245.99923806045237,42
101,4,65.34653465346535,100.0,22.22475659601334,1287.0766907895143,812.3365887566655,299.96818679858706,42
121,4,46.28099173553719,75.0,20.278761613728445,1514.923975216775,963.4906283603809,357.030841991877,42
161,4,44.72049689440994,84.375,19.738877564200827,1972.7045370288795,1243.3015023139878,453.7359025827998,42
201,4,39.30348258706468,72.5,19.25010088162965,2420.3904754944415,1524.8735501981946,556.6737942231243,42
41,5,63.41463414634146,87.5,23.32714880989564,536.3128052127408,336.24418810982775,123.64152570062359,42
61,5,54.09836065573771,100.0,22.88490003205894,813.4010459688286,509.4038467882589,185.78994147074684,42
81,5,60.49382716049383,93.75,21.96746622221469,1048.8581803769785,658.2039163965051,240.2349780541416,42
101,5,56.43564356435643,95.0,21.01000092469196,1262.3344861347323,795.2376356992349,285.84049347930124,42
121,5,57.02479338842975,95.83333333333334,21.777710078520947,1552.2834197177824,985.0148231783846,362.355696551045,42
161,5,46.58385093167702,81.25,19.773340937482256,2020.6842170288792,1277.1076958139824,466.7944988081272,42
201,5,43.28358208955223,72.5,18.791028929930512,2374.5477081201316,1499.9841386577068,553.8948585491289,42
41,6,70.73170731707317,87.5,24.355823393710608,562.9450185217604,355.6262847565412,131.12677061015597,42
61,6,80.32786885245902,100.0,23.975373822970237,817.2856303025724,510.1185077008842,179.67812772884432,42
81,6,54.32098765432099,75.0,21.640053820226726,1049.6806611705517,658.4718382731039,243.9040344972747,42
101,6,48.51485148514851,90.0,21.67696529902982,1319.9257188222361,830.4660638404873,297.07963171807256,42
121,6,47.93388429752066,91.66666666666666,20.855554210333608,1544.6557565662597,974.391335253524,361.9168918519413,42
161,6,44.72049689440994,84.375,19.765755209378884,1995.1515050177527,1261.380042652055,462.8398666980203,42
201,6,41.29353233830846,82.5,18.571291384225574,2421.759495520305,1530.6210435221847,558.6729654786797,42
41,7,70.73170731707317,87.5,24.46488484940393,570.7826568510939,362.53738582854555,133.23261182635127,42
61,7,72.1311475409836,91.66666666666666,23.26682118065361,804.6927500434499,505.4328017650473,187.66143096200045,42
81,7,56.79012345679012,75.0,21.822391233217136,1032.360053822273,650.2606304610258,236.50535884642363,42
101,7,58.415841584158414,85.0,21.36975490692735,1298.6031377075017,817.3275579830336,300.84989460608404,42
121,7,49.586776859504134,79.16666666666666,21.359871084372084,1537.3288059804277,968.6806173920393,353.6536349924652,42
161,7,46.58385093167702,75.0,20.24855299671085,1982.8905417552912,1253.943271142793,467.39368489860686,42
201,7,46.766169154228855,82.5,19.930139418519058,2436.783273766863,1532.9344160978326,564.3433172412638,42
41,0,65.85365853658537,100.0,23.611835364854468,551.1456855274494,344.17108587741143,122.62166178066487,44
61,0,47.540983606557376,75.0,21.950772812198167,830.3300014667391,523.3089051332078,192.08607878070734,44
81,0,48.148148148148145,75.0,20.666205254046467,1051.0070762205796,667.6532928644743,242.29989189203738,44
101,0,55.44554455445545,80.0,21.629681634730343,1307.9681399260553,823.189659037405,299.42792381451545,44
121,0,51.2396694214876,79.16666666666666,21.43756839029775,1572.222982360807,984.2167832217949,356.09377966876144,44
161,0,42.857142857142854,75.0,19.32756439459741,2006.631903917597,1267.2406944485401,456.951912780542,44
201,0,44.776119402985074,85.0,19.279030353550898,2432.5661370578423,1553.9696874196425,556.9831843822894,44
41,1,56.09756097560976,75.0,24.48392067971806,594.1217478719209,375.11595953159025,138.2008544068476,44
61,1,65.57377049180327,83.33333333333334,23.626480906321383,830.0505071124795,524.7526037970919,195.35050066718563,44
81,1,70.37037037037037,93.75,23.01728895710677,1062.0220886329528,662.0424146903733,242.2006701069497,44
101,1,54.45544554455446,90.0,21.45494480370704,1293.9579841914601,811.2350722986254,295.4218643230816,44
121,1,44.62809917355372,87.5,20.476815310069476,1541.6542586086327,967.3326106603554,346.1245102958225,44
161,1,44.72049689440994,90.625,19.9965149525043,1997.178388581803,1256.1832946652792,451.377458484718,44
201,1,36.318407960199,77.5,18.97865776538427,2450.7867534176785,1548.0464829089133,559.1483210131928,44
41,2,51.21951219512195,87.5,22.31629468450746,570.8182540007967,360.87678158326725,130.10854622256647,44
61,2,63.934426229508205,100.0,23.48456394277285,817.907304605499,509.77636855772164,183.48619165830758,44
81,2,59.25925925925925,87.5,22.080483713795864,1055.8340506026789,672.3196772554988,249.8568705910188,44
101,2,57.42574257425742,95.0,21.778636102839823,1294.7971066057914,809.7075186263855,292.9148882620838,44
121,2,41.32231404958678,79.16666666666666,19.716382486632035,1481.8564681350513,933.4648813123889,334.9536121260172,44
161,2,51.5527950310559,78.125,20.10898290542128,2002.3991718650855,1255.8718883898202,448.09256291534246,44
201,2,39.800995024875625,90.0,19.23191881411798,2428.7342601518667,1540.56409032286,550.3853340486944,44
41,3,60.97560975609756,75.0,23.927657897678046,567.5390527034572,359.872099865843,132.54975616211397,44
61,3,72.1311475409836,100.0,23.486586505707336,803.0149546431048,508.72424189308276,187.91398223733017,44
81,3,54.32098765432099,81.25,21.52611952831249,1073.0556604092164,681.2671712348465,255.1760926162711,44
101,3,52.475247524752476,85.0,21.60031597842319,1301.2537359414723,818.5526087782246,291.0411322933196,44
121,3,47.93388429752066,79.16666666666666,20.70633892030834,1504.5864211706362,945.421473505584,344.0768413877945,44
161,3,46.58385093167702,81.25,20.272094766013474,2015.7320563447074,1257.9751492162554,453.19826598144095,44
201,3,39.800995024875625,87.5,18.90578719034605,2402.9841821816535,1523.2683353386203,556.2672461864352,44
41,4,60.97560975609756,100.0,22.67885263681791,554.4733840329143,350.7839230315699,128.33044048123122,44
61,4,70.49180327868852,91.66666666666666,22.847988827056415,796.8614685717348,494.1535091977984,176.52628868153187,44
81,4,40.74074074074074,62.5,21.31799096086927,1055.6364915801491,655.3955693337623,233.56924568531002,44
101,4,45.54455445544555,85.0,21.270109144222673,1305.8855340430805,821.5004851049943,305.47739685760587,44
121,4,49.586776859504134,91.66666666666666,20.74627829071206,1529.278510841564,954.1586572395943,341.1723501747842,44
161,4,45.3416149068323,75.0,19.72934106231076,1972.1262850034227,1245.338514065388,439.5014277544239,44
201,4,37.81094527363184,72.5,18.828819764126653,2416.816187578107,1542.9195221786451,554.9482722841376,44
41,5,65.85365853658537,87.5,23.47607187831566,564.2131883588095,357.62674652949045,141.70024889454783,44
61,5,73.77049180327869,66.66666666666666,24.009507965884556,818.6455780140394,509.7917643741752,181.41266055827057,44
81,5,54.32098765432099,93.75,22.062572441740635,1074.1433927286125,671.5597623727891,241.23918903291613,44
101,5,41.584158415841586,75.0,20.435694260482475,1290.8907297245723,817.584548128858,300.1808940235702,44
121,5,56.19834710743802,87.5,21.233042635077656,1556.7142053830685,977.1081692327947,353.4882036552299,44
161,5,45.3416149068323,84.375,19.781632262889918,2009.034289932922,1264.1541517668493,453.36803105856353,44
201,5,35.32338308457712,80.0,18.549342177926427,2406.8361725315635,1528.088120586884,547.9441616319741,44
41,6,73.17073170731707,75.0,25.73180617881843,592.75778377478,377.3816334748596,140.4256061802712,44
61,6,55.73770491803278,83.33333333333334,21.72459514083851,775.5071371180187,488.15966018831693,174.78424853687892,44
81,6,48.148148148148145,81.25,21.322946951321093,1062.69473174049,670.1284976634126,247.17849367158317,44
101,6,54.45544554455446,90.0,20.88097410968279,1303.7341094699207,818.7679692855495,298.65258303716547,44
121,6,46.28099173553719,87.5,20.561097123679133,1544.4081417052885,974.3915421219256,357.42079855069596,44
161,6,36.024844720496894,68.75,19.150155022670212,1956.7333885562934,1239.135199086352,447.27029159376144,44
201,6,37.81094527363184,80.0,18.887219577140314,2450.8061992635085,1551.5970265612357,557.7831119408891,44
41,7,75.60975609756098,87.5,24.552368487900633,559.772040852393,355.45215617943484,128.88002298609615,44
61,7,54.09836065573771,83.33333333333334,22.783016331672624,799.9460788095338,502.87313464088965,186.35824921246376,44
81,7,60.49382716049383,81.25,22.620111061183955,1057.0542490705307,660.1724563394048,238.77428522694848,44
101,7,52.475247524752476,90.0,20.808690560051538,1323.4914234906314,829.1823946773864,297.45356597271746,44
121,7,50.413223140495866,79.16666666666666,20.62180695187858,1525.1334156017795,968.5482333889024,354.26777210303095,44
161,7,42.2360248447205,84.375,19.114252519870234,1972.8462680737891,1253.2070775190643,455.2492470463508,44
201,7,41.29353233830846,75.0,19.268282614362107,2412.166745002217,1521.9080803165193,539.388621702657,44
41,0,58.536585365853654,100.0,24.605622165639996,585.1226279161119,364.9376531041197,127.32270026174804,46
61,0,60.65573770491803,66.66666666666666,23.06510060154632,820.8467787328569,507.2616982416889,178.74410732592077,46
81,0,59.25925925925925,93.75,23.21481353406014,1087.487221774995,673.4301977169126,239.3218890970329,46
101,0,61.386138613861384,100.0,22.43502220751242,1349.7251547682276,840.1145574010102,300.8464798869644,46
121,0,53.71900826446281,91.66666666666666,22.194045891069106,1646.1915323458452,1031.1213273309484,368.9513042769074,46
161,0,53.41614906832298,87.5,21.13666938654577,2132.8562403201827,1328.8227642710167,471.222781972572,46
201,0,49.75124378109453,95.0,20.2321458729049,2593.223245734864,1631.1184005358002,584.8021677605362,46
41,1,56.09756097560976,87.5,22.973826869735156,578.0698177576428,360.19315512893604,128.28462011256232,46
61,1,68.85245901639344,100.0,23.860097836973935,836.069943564996,521.966452530242,186.01951006519232,46
81,1,44.44444444444444,81.25,21.286027405611783,1080.8441231717436,680.4589297517657,246.821942270566,46
101,1,51.48514851485149,85.0,21.36093117853531,1344.3331677561591,835.7932046208233,298.20508064652785,46
121,1,52.066115702479344,83.33333333333334,22.131665024825097,1627.3457234822627,1010.5142524027863,355.7616224003399,46
161,1,49.06832298136646,87.5,21.119240060972466,2136.5389948652355,1333.9874959291951,475.41346220112166,46
201,1,49.75124378109453,97.5,20.599232841378615,2619.8755517769346,1647.321111150676,586.2664996803966,46
41,2,78.04878048780488,100.0,26.212961831018287,588.615887891187,366.02069941377573,127.87114417506473,46
61,2,68.85245901639344,91.66666666666666,24.22464415240172,863.2212112418902,539.831852253306,196.86114654827807,46
81,2,62.96296296296296,81.25,24.111871588034226,1120.9254064553338,698.0550259108727,249.84622855982167,46
101,2,57.42574257425742,95.0,22.091474314074595,1362.1373509079344,851.1245820558918,305.0073115375169,46
121,2,56.19834710743802,100.0,22.046892127777532,1609.5461758790616,1010.3773702043184,363.5418976823919,46
161,2,51.5527950310559,90.625,21.135986931119913,2136.777154732372,1336.582833635015,483.44243678135626,46
201,2,49.25373134328358,92.5,20.19656297563092,2615.2299586328318,1628.3893888685247,581.1116787457888,46
41,3,75.60975609756098,100.0,26.051883435171856,588.7195527835939,365.2423513457356,131.0154701148204,46
61,3,73.77049180327869,100.0,25.009003980458846,848.0886613766888,527.2724118721665,185.27922123598188,46
81,3,60.49382716049383,93.75,23.088320209568824,1123.6350951123943,700.7351422009156,251.93631367950468,46
101,3,50.495049504950494,95.0,22.429403120980368,1359.8231351608395,849.6205726834725,302.89465682503794,46
121,3,58.67768595041323,91.66666666666666,22.47226951064003,1633.7873728215595,1019.7773446556505,358.7131717272343,46
161,3,44.72049689440994,93.75,20.090693908133183,2077.1888998602935,1307.3969937122495,470.2004973849963,46
201,3,49.25373134328358,92.5,20.50531898403914,2596.101701425213,1630.115445910214,582.2904101811082,46
41,4,53.65853658536586,87.5,22.74957356352062,563.7610558843533,348.9412949180132,124.74897776169783,46
61,4,70.49180327868852,100.0,24.883330792964617,850.0720478780681,528.0638829463206,186.98065574494296,46
81,4,55.55555555555556,81.25,23.18030545701561,1117.7195052269258,700.5944184486647,253.68659005018426,46
101,4,57.42574257425742,95.0,23.09941919310617,1379.67361297433,861.8872974026422,309.65892940017125,46
121,4,50.413223140495866,87.5,21.472867580887737,1605.685140240613,1006.017286146129,359.2748534895019,46
161,4,47.82608695652174,90.625,20.56399583983337,2086.2933559248722,1313.2979967272772,473.31164564441053,46
201,4,51.243781094527364,90.0,20.606533514045474,2614.4074333593126,1633.5136125659037,586.4453325195182,46
41,5,73.17073170731707,100.0,24.934746390488087,550.7944158168857,338.357158406881,117.4131439714461,46
61,5,63.934426229508205,91.66666666666666,24.711470125979396,867.074210736425,539.6063340382544,192.11755761290206,46
81,5,58.0246913580247,93.75,22.937935292876766,1095.5386348167258,681.6956348834276,246.1527001846078,46
101,5,55.44554455445545,100.0,22.267536528253395,1359.5829216646346,848.1518228935129,296.93477627324404,46
121,5,54.54545454545454,87.5,21.741403684576845,1605.5756003933677,994.6459620638634,352.27274187884746,46
161,5,51.5527950310559,90.625,21.33342044038038,2131.2897497428858,1336.2368182755172,478.0724064206496,46
201,5,47.76119402985074,95.0,20.428907745698908,2624.9558201547406,1649.5569049945632,586.2544385813263,46
41,6,63.41463414634146,100.0,24.378934293378347,567.2805896844342,347.05509837259376,120.33875184339513,46
61,6,65.57377049180327,75.0,24.70003769685243,857.3660254540813,528.4632101500779,185.09640209042152,46
81,6,55.55555555555556,75.0,23.12029858125645,1105.7330993035396,685.1389730487609,241.18636875131568,46
101,6,58.415841584158414,95.0,22.715596307659343,1377.3946585091162,852.7016127593076,301.5363704866804,46
121,6,56.19834710743802,95.83333333333334,21.57692105140295,1586.0960294366018,982.5529438510509,347.79263967474793,46
161,6,50.31055900621118,93.75,20.80157741328378,2095.254290612221,1311.765020951284,473.1021659193483,46
201,6,55.223880597014926,90.0,21.422921485415248,2628.1538653333746,1633.514557237114,578.9987625522468,46
41,7,68.29268292682927,100.0,25.208753100106144,578.5409780855952,361.067553442936,131.72433315178318,46
61,7,65.57377049180327,91.66666666666666,24.113271585857362,872.6911438204296,541.0899602475449,190.4123277855274,46
81,7,65.4320987654321,93.75,24.03530290491786,1110.501097096464,693.4269915918153,246.95699491063706,46
101,7,62.37623762376238,90.0,23.65289069829904,1384.1458027653273,860.3132042985989,303.1734380386537,46
121,7,56.19834710743802,95.83333333333334,22.088191891239873,1605.6734411487141,1003.5870383070321,360.55848228265154,46
161,7,52.17391304347826,90.625,21.18595731388353,2111.9090589816196,1323.4092085971483,475.7605631623833,46
201,7,52.23880597014925,97.5,21.168043840758077,2646.891773135422,1652.4664457838069,592.5194491085011,46
41,0,78.04878048780488,100.0,24.49674682347394,550.0829426856195,338.81436843146787,120.17333409170641,48
61,0,75.40983606557377,100.0,23.385424597420357,774.6783622776338,480.0101142273493,173.96516997497196,48
81,0,66.66666666666666,100.0,22.105153849974595,1030.1750067679338,639.5183267603759,228.9086125631393,48
101,0,61.386138613861384,90.0,21.387439797875018,1245.6612009303387,776.1062448728501,284.336170597717,48
121,0,71.07438016528926,91.66666666666666,22.112005020239213,1499.0093530736149,934.409551740341,331.36630006771986,48
161,0,55.90062111801242,87.5,20.516599562825377,1965.3654408210887,1233.177141372818,443.25796381112116,48
201,0,46.766169154228855,90.0,19.58873092120757,2394.4186395132115,1498.7809622278317,537.1920381986271,48
41,1,85.36585365853658,100.0,24.750051205821652,543.9279747305131,340.1412316836877,121.05954082464704,48
61,1,59.01639344262295,100.0,21.560718285545807,781.1433445981443,488.1097779844991,176.78440249845528,48
81,1,69.1358024691358,87.5,22.257698629850143,1017.1537900768883,639.9150751084052,233.36225725873044,48
101,1,69.3069306930693,90.0,22.298794453588798,1278.8760004070816,796.5102485456621,285.3831393075528,48
121,1,61.98347107438017,87.5,21.574322249103783,1521.391181253584,955.0272204238846,346.9188950077291,48
161,1,64.59627329192547,90.625,21.09848113588015,1989.1985660126334,1251.3627622374106,454.11287722897185,48
201,1,50.24875621890548,90.0,19.858188493758906,2423.3550651615687,1524.4159219790122,548.0454474571359,48
41,2,85.36585365853658,100.0,24.417538168769976,554.8063013693213,347.8652582029806,124.58240544685134,48
61,2,85.24590163934425,91.66666666666666,23.712046294019995,800.0148746762729,500.2116291499525,181.07027577632576,48
81,2,69.1358024691358,93.75,23.018547500371927,1046.3874546621496,650.0898608122188,230.1268792366192,48
101,2,62.37623762376238,95.0,21.543648117463675,1266.868056145261,790.2395180526772,284.75414881952884,48
121,2,58.67768595041323,83.33333333333334,20.859194880739118,1483.1040289313605,922.103961897303,330.3066332043256,48
161,2,60.24844720496895,81.25,20.82583503634521,1954.9283090228741,1223.37472452757,445.3264021394984,48
201,2,51.741293532338304,80.0,19.92048298448111,2401.4866625891436,1505.5178786325932,547.8594907107283,48
41,3,65.85365853658537,100.0,22.728894875578536,523.5600426986634,325.4815146984127,116.44129421472087,48
61,3,75.40983606557377,100.0,23.204420601975315,786.640410769952,495.2092948846412,184.52949183316716,48
81,3,64.19753086419753,100.0,22.983684267837113,1049.6461646317152,656.0191327564883,232.47119064535016,48
101,3,67.32673267326733,100.0,21.86715028159416,1265.3959136985213,789.596552744892,284.69481793410876,48
121,3,65.28925619834712,87.5,21.85575805363247,1513.893275024632,950.4572822631592,344.5023114545303,48
161,3,58.38509316770186,93.75,21.058277610432473,1993.578077234578,1255.329330299152,460.31191320754704,48
201,3,49.75124378109453,85.0,20.092377789266116,2441.125290610772,1532.217868997593,549.254484476929,48
41,4,73.17073170731707,100.0,24.43189380541348,551.6369798156866,346.36153428495993,125.81377334701172,48
61,4,78.68852459016394,91.66666666666666,23.373045162274373,801.8460946965881,503.3978940185843,183.3265403240715,48
81,4,64.19753086419753,87.5,21.84119012849363,1004.2843684576255,627.9799142955445,226.44268121850146,48
101,4,72.27722772277228,90.0,21.909333963335577,1257.1330682958549,786.471845622818,285.0026904715774,48
121,4,61.15702479338842,91.66666666666666,21.594524343303895,1499.438466578846,940.6582471030728,342.6279889409534,48
161,4,57.14285714285714,84.375,20.95299495565497,1986.0175337500086,1240.5273367104041,444.7658652349593,48
201,4,54.72636815920397,90.0,20.121467552230378,2424.0668920598077,1521.5199216879319,552.5802951520863,48
41,5,100.0,100.0,25.729903226997713,541.3868608033449,332.69940160652357,115.72238917142724,48
61,5,70.49180327868852,100.0,23.740905901785354,806.583402230288,501.23677649883757,179.9433095390261,48
81,5,70.37037037037037,87.5,22.69149821311624,1037.4857380039286,653.4334673545707,237.33869348894314,48
101,5,65.34653465346535,100.0,22.23526619363812,1280.3016846859691,804.4165462336404,293.7907540829819,48
121,5,52.066115702479344,83.33333333333334,21.125622462941692,1512.0774884524972,941.4642070416842,335.56495082222494,48
161,5,54.037267080745345,87.5,20.907835399831324,1974.9785985395433,1238.7244042613825,442.66749036734075,48
201,5,53.73134328358209,90.0,20.408911509545465,2453.6729839795235,1536.3321205206362,557.02221321393,48
41,6,75.60975609756098,100.0,23.225290907159895,539.5277385320296,337.8270552954922,124.71533876849867,48
61,6,72.1311475409836,100.0,22.80423865792731,793.3204840581033,501.03350747043027,184.84366430389616,48
81,6,60.49382716049383,93.75,21.541838636754438,1026.8140537525362,641.7283264237599,232.83097143756407,48
101,6,55.44554455445545,80.0,21.462797074618628,1234.4554523930008,771.5674567432726,276.22854229645304,48
121,6,63.63636363636363,87.5,21.889603475834697,1514.0650773624457,945.9609222062033,342.5253414739467,48
161,6,61.49068322981367,87.5,21.074446140181966,1956.6006541907675,1213.2468305407378,432.4471130466194,48
201,6,50.24875621890548,90.0,20.379011604742274,2428.0321038553043,1517.0595748421274,549.0586277676166,48
41,7,90.2439024390244,100.0,25.530042996177464,548.7227395104546,344.01382337559016,126.16788141603685,48
61,7,75.40983606557377,83.33333333333334,23.16831452357546,787.7490859974371,493.60192253300266,177.31845990340454,48
81,7,69.1358024691358,75.0,22.743049103350362,1059.374511360205,661.6019125466469,240.13195402061234,48
101,7,60.396039603960396,85.0,21.898197495819172,1267.3805807032038,792.3501353577775,287.63383648518925,48
121,7,60.33057851239669,87.5,21.27087420772093,1497.2998865772086,935.671165054748,333.96482723207424,48
161,7,50.31055900621118,87.5,19.955432709116366,1961.7899984910919,1234.692351833593,447.43993431528804,48
201,7,51.741293532338304,92.5,19.92943894948972,2395.974918404967,1494.640490667724,539.5841606514973,48
41,0,68.29268292682927,87.5,24.56449147380808,591.7720680734299,376.951228876405,138.5968612002452,49
61,0,77.04918032786885,100.0,24.31794522067958,840.0879011443042,528.5015917156869,195.91162674399283,49
81,0,74.07407407407408,87.5,23.77277934898111,1130.5361497898482,717.0491969756436,263.2431378865594,49
101,0,67.32673267326733,95.0,22.349751904899314,1358.7296324025774,855.4962515799058,316.39754887061497,49
121,0,67.76859504132231,87.5,22.440065114508062,1609.0969308594197,1012.8600790372669,372.69749833224273,49
161,0,56.52173913043478,87.5,21.526566636027418,2107.195400148358,1330.5092230620785,490.5051126421939,49
201,0,51.243781094527364,90.0,20.4269772040549,2594.7064132502455,1637.6347139742152,592.9605594905557,49
41,1,78.04878048780488,100.0,25.08274407151137,587.461440433312,376.48184025346166,141.65440378355424,49
61,1,63.934426229508205,100.0,24.07774861990811,871.0633886805855,558.9143265296805,202.2900695710151,49
81,1,67.90123456790124,75.0,23.443727854997015,1117.5283854025984,705.5854112961961,261.2445701940928,49
101,1,58.415841584158414,95.0,22.097963088540013,1346.4214479298194,849.556667411383,312.99319253399045,49
121,1,57.85123966942148,87.5,21.57044864160279,1607.1894207790388,1019.941529119647,374.48308899732905,49
161,1,52.17391304347826,84.375,20.981325085986402,2101.2970691667315,1325.579946850849,487.08777881287557,49
201,1,52.736318407960205,92.5,20.285256351619704,2596.4603709343564,1639.7622435137343,596.7889831419548,49
41,2,73.17073170731707,87.5,25.688513182788814,596.3170921862072,372.84252594382457,138.4639987609804,49
61,2,72.1311475409836,83.33333333333334,25.13914527874463,876.4179399362866,553.0090466887137,199.5093833004995,49
81,2,62.96296296296296,87.5,22.716456583496758,1101.9697579671983,696.8327719321994,262.5098690931476,49
101,2,68.31683168316832,90.0,22.770750677069515,1356.999160796007,854.1054693420078,314.0932372953495,49
121,2,61.15702479338842,91.66666666666666,21.83274274591948,1618.1324307556686,1015.6490706122202,371.82860003092844,49
161,2,62.11180124223602,93.75,21.612396543032112,2122.89689768427,1336.9479684647024,490.788553231274,49
201,2,55.72139303482587,87.5,21.15181725843896,2596.7284050789444,1636.2631211414337,602.0866536684199,49
41,3,75.60975609756098,87.5,25.237972577836608,586.4267965306612,371.429230376381,138.80235279833124,49
61,3,63.934426229508205,83.33333333333334,23.835050025032384,853.0930203557643,545.1904969031582,203.41703275190153,49
81,3,72.8395061728395,100.0,24.545244694430167,1137.9879211371026,717.6361244092681,259.21747136652266,49
101,3,58.415841584158414,85.0,21.95756787573716,1354.5127418749976,854.2817576771365,311.9695147425631,49
121,3,57.02479338842975,95.83333333333334,21.48426702022615,1631.8633306807567,1037.2203192495788,380.02185164805985,49
161,3,56.52173913043478,90.625,20.594626228749874,2098.7537631576984,1320.869957887749,479.66836380109135,49
201,3,50.74626865671642,85.0,20.634914522680607,2600.9848491388766,1642.232987603128,602.6716895241789,49
41,4,73.17073170731707,87.5,25.234353698933248,579.7259162943576,369.7938085519883,139.4487425758583,49
61,4,65.57377049180327,83.33333333333334,24.650020510155056,863.9601432878633,542.1943371932409,200.91103170438697,49
81,4,58.0246913580247,81.25,21.268088087653304,1062.761015991296,669.4579848495649,246.6923560674931,49
101,4,62.37623762376238,85.0,22.793118033756397,1365.4694974353204,855.9301035824612,311.28280847080117,49
121,4,57.85123966942148,95.83333333333334,22.263457346669274,1624.14231487255,1029.902552132749,377.74238717483377,49
161,4,56.52173913043478,90.625,21.48968604977614,2135.736204578752,1347.609408989959,490.0043097917768,49
201,4,54.22885572139303,85.0,20.516628789471987,2581.133132885285,1629.458463339104,598.3358492219274,49
41,5,82.92682926829268,100.0,25.269565557057586,571.3584904714573,361.18239686908976,133.98325058607293,49
61,5,68.85245901639344,91.66666666666666,24.621594563415208,840.9653695349393,529.2241017938825,197.50492800768797,49
81,5,66.66666666666666,75.0,23.46891239797213,1122.5466387516944,704.8549581365689,254.87952556094595,49
101,5,70.29702970297029,80.0,23.571249195657323,1374.5478095573712,870.6948865008334,318.03379857929866,49
121,5,63.63636363636363,91.66666666666666,22.02644826225231,1613.6489392222375,1012.0509093063122,370.3785693562901,49
161,5,57.7639751552795,90.625,21.705111773500256,2139.3960434527744,1349.147025224489,488.2259375105675,49
201,5,52.23880597014925,97.5,19.789528239711878,2549.02427680605,1615.4337706605938,592.5030098420386,49
41,6,73.17073170731707,100.0,24.669339868274417,579.0737116530579,362.96466034352966,132.3197266466033,49
61,6,60.65573770491803,75.0,23.483822865037503,845.8545880381319,530.4395540857479,193.40516113150576,49
81,6,58.0246913580247,87.5,23.183426940155016,1110.0322867127625,700.6839098745978,256.31447591891356,49
101,6,63.366336633663366,85.0,22.228488882045795,1378.0192538195222,867.9947282735185,317.6508513910913,49
121,6,49.586776859504134,87.5,21.174897762824685,1605.9804600265918,1021.3979220363776,374.3443375260195,49
161,6,57.7639751552795,87.5,21.4836698741502,2113.1806792911098,1332.4477827898427,486.76006192687504,49
201,6,52.736318407960205,90.0,20.84159153694156,2613.1383996109644,1651.415678076512,599.4161220100411,49
41,7,90.2439024390244,100.0,27.56633766891224,604.7006071234982,382.4115913972271,139.50585181440078,49
61,7,67.21311475409836,83.33333333333334,23.83139082322947,835.1336106617939,526.1111102486389,199.43825960122092,49
81,7,66.66666666666666,100.0,23.533602123681128,1098.4487551556856,690.8100077488948,252.16908655015493,49
101,7,51.48514851485149,90.0,21.819562329098936,1378.2039023432078,869.8899717408812,319.8446430130869,49
121,7,55.371900826446286,87.5,21.29302839308115,1619.139256634459,1027.3194031881183,372.8907737394717,49
161,7,54.037267080745345,84.375,21.192491749191433,2091.6173149282595,1318.7258870152118,481.4723501981688,49
201,7,46.26865671641791,82.5,20.090032328401122,2605.4791759691034,1649.5766030419554,598.3750415006317,49
41,0,80.48780487804879,100.0,26.427469861978114,597.6167678353545,370.75741206998816,131.67083388413866,50
61,0,45.90163934426229,91.66666666666666,23.689100919143122,874.8185578366994,556.8326420383828,204.5366207900958,50
81,0,56.79012345679012,56.25,24.065468956922945,1153.523511651475,718.9336981827979,257.0145074342164,50
101,0,53.46534653465347,85.0,22.877362260763274,1404.5751340896943,870.2965442070127,311.98972132933494,50
121,0,57.85123966942148,87.5,23.375844703698156,1684.9761183811047,1048.5434985214713,370.3449949714052,50
161,0,50.31055900621118,87.5,22.423070876943264,2192.873414825351,1377.182998549089,499.8687940737477,50
201,0,41.7910447761194,85.0,21.488035438017036,2704.59615538558,1690.5998526694138,598.9000980390715,50
41,1,58.536585365853654,62.5,25.627856726741165,599.1113466871593,373.7561285504805,131.7732307762294,50
61,1,70.49180327868852,91.66666666666666,25.35142255212948,865.3076355334738,540.9441989044054,191.37291860942977,50
81,1,58.0246913580247,87.5,24.24792750288097,1136.7822912310967,712.7131006300992,256.1926625744791,50
101,1,45.54455445544555,85.0,22.946910972319458,1391.1822835324513,870.1708781626876,313.0016474803392,50
121,1,47.93388429752066,70.83333333333334,23.56680885791262,1657.9806396477052,1037.395707269723,377.04187842245176,50
161,1,44.099378881987576,87.5,22.057102412599676,2167.263289306602,1355.7438796485167,484.8073800403522,50
201,1,45.27363184079602,85.0,21.936153875564997,2700.737286004445,1687.4862257810203,596.7797139159818,50
41,2,65.85365853658537,87.5,27.05968332309626,616.1926098269226,389.00813621641936,143.27560691544204,50
61,2,62.295081967213115,100.0,24.394295899370533,871.4713167468404,546.5132439847249,197.69471936984525,50
81,2,60.49382716049383,87.5,24.11042301071807,1149.3487533619343,718.3164695898743,254.0847632309343,50
101,2,61.386138613861384,95.0,23.995950142236623,1411.9744184359063,877.2621831071492,309.33293296235433,50
121,2,52.066115702479344,83.33333333333334,22.959337125774884,1685.8428826365257,1053.0359394852742,377.45769983244736,50
161,2,50.931677018633536,84.375,22.12157628593775,2186.8143358978914,1370.4801072527266,490.2296084205454,50
201,2,42.28855721393035,90.0,21.699205086647876,2693.11341978895,1698.4930748269016,608.837800101374,50
41,3,70.73170731707317,100.0,26.27947876806947,612.6976153643146,386.5580402146718,137.6167768554053,50
61,3,68.85245901639344,75.0,25.459888184667843,855.8185418390998,534.9234940447219,193.40174669810375,50
81,3,65.4320987654321,87.5,23.957001736299876,1112.4883859691677,688.3616421896293,242.44822096044317,50
101,3,51.48514851485149,85.0,23.697276021433364,1414.5356693010253,886.1300343705639,317.5491831949373,50
121,3,52.892561983471076,83.33333333333334,23.30995591087341,1700.2237697006997,1057.2977659230874,373.3178117976118,50
161,3,53.41614906832298,78.125,22.549636420253677,2160.78460136614,1336.9724101302804,471.9122607766004,50
201,3,45.27363184079602,82.5,21.425098040014323,2689.5891758573043,1686.55805563248,600.9430061855797,50
41,4,65.85365853658537,87.5,25.86478650961314,607.281542677417,378.1493906187988,134.46276758110145,50
61,4,62.295081967213115,91.66666666666666,25.214509369686166,870.1548636372289,540.2745826863635,188.3732752058693,50
81,4,51.85185185185185,87.5,23.944291957162328,1128.6877154467065,703.0214377014408,250.05193972376193,50
101,4,52.475247524752476,85.0,22.52001384735883,1390.0313612158106,871.0759862415349,310.85416639006974,50
121,4,43.80165289256198,75.0,21.95988031474951,1655.3569335778038,1032.092137172987,372.47808394117,50
161,4,43.47826086956522,78.125,21.553956313814247,2167.5377006928775,1369.3789559300235,494.9798652328989,50
201,4,39.30348258706468,82.5,20.84599023888495,2677.6398530119673,1680.4721865268832,602.1143306157734,50
41,5,70.73170731707317,87.5,26.691215423216626,591.2101968687055,366.50738420982935,131.87597509168256,50
61,5,63.934426229508205,100.0,24.726117641769566,855.126226624773,533.5968762812493,191.75820234839253,50
81,5,51.85185185185185,87.5,23.82655489753196,1150.8061011066875,718.4789667317518,261.47135876907635,50
101,5,57.42574257425742,90.0,24.248874608747784,1431.3823765345928,890.7988342875072,324.1958156675969,50
121,5,56.19834710743802,87.5,23.569434883733212,1657.9691759483676,1025.6246835123643,365.7605894391217,50
161,5,51.5527950310559,93.75,22.779251014516912,2205.9880053009056,1380.4899318387731,495.5115291676124,50
201,5,46.26865671641791,90.0,21.97966093839317,2702.141165618551,1703.5995590807938,614.6842186597526,50
41,6,53.65853658536586,87.5,25.5292875754571,601.7479159725185,377.90898647928407,135.84025016326297,50
61,6,59.01639344262295,83.33333333333334,25.772308475394176,890.8494119403309,553.2456097310677,196.12468492277787,50
81,6,50.617283950617285,87.5,25.22308422172649,1170.0414546713616,726.1603627944885,256.9764628875844,50
101,6,50.495049504950494,90.0,23.916307071097382,1465.3521121980828,908.0867059421436,320.17790985399995,50
121,6,48.760330578512395,100.0,23.326354553573818,1706.6167176304798,1065.3079252388807,376.3325736615579,50
161,6,48.4472049689441,90.625,22.2422263626494,2230.988690014562,1392.5624439490407,498.035232409446,50
201,6,47.76119402985074,90.0,21.95074346215095,2744.821136466297,1725.5295306870835,614.075234101902,50
41,7,63.41463414634146,87.5,25.95368082700808,591.8682850518215,369.07945821365263,131.56202218241796,50
61,7,59.01639344262295,91.66666666666666,25.18532559556848,867.267479045736,539.8318537510341,194.91645511871218,50
81,7,49.382716049382715,75.0,23.546211905917037,1147.136782870592,716.9729869480586,261.0312458962626,50
101,7,58.415841584158414,95.0,23.60105194232126,1438.6853971629298,898.2433063171413,320.8438154148511,50
121,7,50.413223140495866,75.0,22.814304233728436,1687.0382031549652,1049.0725166198038,368.4966199160638,50
161,7,51.5527950310559,81.25,22.267948522428494,2207.4653413065435,1374.743675160254,491.6621052454359,50
201,7,41.29353233830846,85.0,21.072471788153315,2716.481848455428,1689.9534194074636,605.0127509163196,50
41,0,73.17073170731707,100.0,24.62371547194032,550.7757403047012,339.75113317572294,122.40755317597487,53
61,0,62.295081967213115,91.66666666666666,21.378953401394554,818.2121143346677,516.8673250063829,191.9929534863196,53
81,0,65.4320987654321,93.75,22.590283784972343,1045.941879036874,654.9341220606275,234.1477845232431,53
101,0,57.42574257425742,85.0,22.269036157485868,1322.3039282008226,820.6288812377038,291.79869299321723,53
121,0,59.50413223140496,95.83333333333334,21.248300013530184,1582.8580170656405,1003.0329585570738,369.7396648500958,53
161,0,50.931677018633536,90.625,20.043736964409096,1998.7536493615755,1259.043157654447,453.8034409964265,53
201,0,49.25373134328358,90.0,20.292028267017653,2514.12817107801,1584.2581399879887,573.0824685721575,53
41,1,73.17073170731707,100.0,24.285706335707108,570.6026885433837,356.4208888061322,125.90669150058321,53
61,1,75.40983606557377,100.0,23.06350199246615,790.424993468899,490.34874483503387,171.63830461022303,53
81,1,62.96296296296296,93.75,22.71920404190322,1082.4569167107989,673.2996201121582,245.17927751623228,53
101,1,59.4059405940594,90.0,21.06984445594562,1292.425998825898,809.9194224309069,294.09421055861225,53
121,1,53.71900826446281,91.66666666666666,21.014228422563686,1556.9382911565021,983.6320272362366,354.34621638816753,53
161,1,52.17391304347826,90.625,20.200649214886568,2025.4150270016594,1265.389157140894,455.8399770617764,53
201,1,52.736318407960205,95.0,20.704250253351002,2531.5848656886646,1581.4144242618238,563.6110395318304,53
41,2,82.92682926829268,100.0,24.560056949440096,560.1156622092606,348.9483571788071,125.25411335276492,53
61,2,60.65573770491803,83.33333333333334,23.751944385090734,820.2281882018835,505.53770409249796,180.01321460653114,53
81,2,65.4320987654321,100.0,22.4223262655042,1051.6209381205394,653.4648786515004,231.69438746491304,53
101,2,62.37623762376238,100.0,21.38670271651722,1318.5073277419667,821.9491848212576,296.1034875386206,53
121,2,63.63636363636363,100.0,21.95689063102574,1548.5734946177631,967.3124297285628,345.7487196536353,53
161,2,56.52173913043478,96.875,20.89799038581169,2025.2550956371663,1271.0575114474502,458.08541163140023,53
201,2,45.27363184079602,92.5,19.91327977329049,2511.833912854454,1577.866829750063,569.1988143099941,53
41,3,73.17073170731707,100.0,24.589553058809283,560.7741768748324,354.49237482889,135.17998396130616,53
61,3,62.295081967213115,91.66666666666666,23.246269198860013,818.9805986726079,511.3561310932286,189.3532095064201,53
81,3,59.25925925925925,100.0,22.951595793827728,1093.027523994058,682.9305767250464,249.19336823039532,53
101,3,60.396039603960396,100.0,22.67610249033848,1353.2603233256916,851.2705592221747,315.49027014426997,53
121,3,52.892561983471076,91.66666666666666,20.53213807196721,1524.0946926257568,956.0713561681366,342.2052275911013,53
161,3,50.31055900621118,90.625,20.229399458551832,2032.3039959003697,1276.1860563588593,461.2702264973999,53
201,3,54.22885572139303,92.5,20.259466989451848,2517.050173172406,1584.6552617898628,576.8378799927541,53
41,4,85.36585365853658,100.0,25.260758641666754,550.8957791349414,343.31476377410456,123.45205111320331,53
61,4,63.934426229508205,91.66666666666666,22.488370434486452,787.472837050838,487.8118536263291,171.46708258361738,53
81,4,59.25925925925925,100.0,22.919023311380062,1064.7726492364964,669.1097037591437,244.1638553700352,53
101,4,64.35643564356435,95.0,22.328688321814173,1325.1097657701234,822.1782096955251,289.962679142536,53
121,4,58.67768595041323,87.5,20.782343190494203,1551.3668802027287,985.3355607744485,367.9591813237729,53
161,4,46.58385093167702,90.625,19.835511356036378,2009.7909490465,1262.9314576787501,453.88815492915404,53
201,4,46.766169154228855,92.5,19.76317965785677,2479.6179941523787,1546.520665017657,550.1098311037506,53
41,5,65.85365853658537,100.0,24.563092640152615,548.3931147841374,341.4940738432518,124.73547172670096,53
61,5,63.934426229508205,100.0,23.072882690828678,797.6114291712249,493.67184449181633,177.47918622428887,53
81,5,64.19753086419753,100.0,22.841372494221805,1067.0776194805485,666.8892017104913,241.89690411697757,53
101,5,60.396039603960396,90.0,22.351675310918083,1328.858256647798,827.0162700790528,294.4086170449846,53
121,5,52.892561983471076,100.0,21.21682868118972,1602.300136328051,1006.6650078181723,362.5981394317812,53
161,5,57.14285714285714,96.875,20.53135169145684,2029.1161929635562,1267.539265124566,460.94474458251443,53
201,5,52.23880597014925,92.5,19.834057556661733,2485.7543863430888,1567.591360028207,564.2517206141843,53
41,6,73.17073170731707,100.0,24.454060898169065,554.4389476327074,344.9333601002,123.74104947882822,53
61,6,72.1311475409836,91.66666666666666,24.44726521297154,841.1664095784049,526.8068757129807,191.06548958987293,53
81,6,62.96296296296296,87.5,22.644696748900987,1070.3191627881342,668.4369317619391,239.5174961293806,53
101,6,61.386138613861384,95.0,22.97812880046582,1333.104087079897,832.6992542533651,301.60800811710067,53
121,6,46.28099173553719,87.5,20.775804343038416,1540.9674380702713,968.1312275365589,345.18682966820427,53
161,6,54.037267080745345,93.75,21.014211457586672,2049.923977029363,1291.5701631501697,472.4339347146017,53
201,6,48.258706467661696,87.5,19.622017918849572,2478.710152475125,1565.8765478444166,574.9318701934649,53
41,7,80.48780487804879,100.0,23.427237135579297,538.6096441027346,331.3650976198021,116.14109786151434,53
61,7,83.60655737704919,100.0,24.20361188614206,799.8897803082544,493.62912583640696,170.6872051880111,53
81,7,62.96296296296296,93.75,22.515230055436305,1054.9186527821196,663.5838629287464,243.69665906928495,53
101,7,61.386138613861384,90.0,21.637515895742965,1273.7714595326238,788.2671484416132,277.66833898884386,53
121,7,54.54545454545454,95.83333333333334,21.1743928464187,1579.1293614475833,990.352468178457,357.4671825368656,53
161,7,52.79503105590062,93.75,20.01490951974518,2021.6500325876925,1279.1630215230575,465.1738867314572,53
201,7,43.78109452736319,90.0,19.078280730525844,2461.8716587646027,1556.8923369184245,558.1025391843814,53
41,0,65.85365853658537,100.0,25.509121924634677,583.508312165907,361.95357178767443,127.96241224472868,55
61,0,67.21311475409836,100.0,23.84167764874253,831.9576723335135,517.0854185715017,180.45063004915977,55
81,0,67.90123456790124,100.0,24.37045159447903,1104.9333289308706,688.854991467135,241.18153526255264,55
101,0,67.32673267326733,90.0,23.613074399923832,1365.6686991559184,849.4162489038521,307.8696440045436,55
121,0,49.586776859504134,79.16666666666666,21.229741514907463,1582.6005464773248,992.3536400934095,355.49182824904005,55
161,0,54.6583850931677,96.875,21.94919876074635,2129.4554163801154,1336.4807567907374,487.4843446523338,55
201,0,48.756218905472636,95.0,21.134416034984714,2604.5019506606477,1634.1828345759388,594.0583836304872,55
41,1,75.60975609756098,87.5,25.723060486339172,572.288177744645,358.3879062342128,133.43635975322033,55
61,1,80.32786885245902,100.0,26.266641977207705,863.6227304067022,535.3460225355905,186.83325753033319,55
81,1,66.66666666666666,93.75,23.90007316061983,1105.6989826555935,689.3241889622896,247.9487661610508,55
101,1,54.45544554455446,80.0,22.39469915384409,1360.5860017886175,852.591297295884,303.8460630058384,55
121,1,64.46280991735537,95.83333333333334,23.343403392145987,1625.5841010992922,1018.1685647021654,366.8170043930504,55
161,1,50.931677018633536,87.5,21.563798021979586,2102.3992830196275,1315.2173257637412,468.108454064042,55
201,1,51.243781094527364,95.0,21.45922648077063,2607.6009780293343,1638.0236127124601,584.2796522366033,55
41,2,78.04878048780488,100.0,25.71855498132789,579.6887545967207,357.4331673487976,126.11749357843715,55
61,2,63.934426229508205,100.0,23.628837576239626,833.3146223389818,518.130449958266,179.24097557897235,55
81,2,75.30864197530865,93.75,24.707727401260286,1117.5415091152427,700.4533993496813,250.06005124381244,55
101,2,65.34653465346535,95.0,22.726064406663518,1321.1554233743564,826.0366550247356,296.4022355926037,55
121,2,67.76859504132231,95.83333333333334,23.130822284614553,1603.667988494423,1008.6489738275059,362.6232886677527,55
161,2,55.90062111801242,90.625,21.692870773867114,2065.304403216999,1297.478201810929,463.9886257985187,55
201,2,49.75124378109453,90.0,20.841312501445977,2580.703950710831,1612.4793122280782,574.3416106927245,55
41,3,80.48780487804879,100.0,25.272676988106177,558.3610545113493,349.0852147946156,126.99890410368508,55
61,3,73.77049180327869,83.33333333333334,24.84133694421319,845.3742574367418,530.3253425308026,188.44896060572367,55
81,3,60.49382716049383,93.75,23.701196171385742,1113.109566572085,700.9657126677002,253.5884100780928,55
101,3,76.23762376237624,100.0,23.19106072409548,1339.842107608763,839.1783068129322,302.0468571264572,55
121,3,54.54545454545454,100.0,22.40893405670248,1626.2506041447662,1023.2775310821464,368.0507959779869,55
161,3,54.6583850931677,84.375,22.38879194804692,2151.2233396754095,1353.1730135026664,489.68527583822663,55
201,3,52.736318407960205,92.5,21.48836828522695,2620.5410132865036,1648.9551889184759,588.7743814603381,55
41,4,60.97560975609756,100.0,23.80812311557787,582.9420182126248,362.7923156222041,127.92896007863756,55
61,4,60.65573770491803,91.66666666666666,24.224574726285077,852.8693872262365,535.3461060867342,189.43905421905052,55
81,4,65.4320987654321,93.75,23.451997020916018,1081.867696437363,676.6596423672631,238.8825321306125,55
101,4,50.495049504950494,100.0,22.206821902583155,1338.251049691855,851.9532239516182,303.7899013875722,55
121,4,56.19834710743802,100.0,21.46736688115366,1602.4768692878565,1003.4136924168284,358.40949032516585,55
161,4,42.2360248447205,90.625,21.026705924620998,2094.673694925083,1322.7927276698265,475.5796828818303,55
201,4,40.79601990049751,95.0,20.617412871593935,2588.2348727578706,1636.0572938507753,584.9564165764552,55
41,5,82.92682926829268,100.0,25.944641638519567,571.6502120781436,353.4506040863879,125.8089445987382,55
61,5,75.40983606557377,91.66666666666666,25.54860611197352,863.1825562152999,536.8232879690154,188.08781963215407,55
81,5,65.4320987654321,75.0,23.282346033374598,1111.378651831366,697.3796258979371,245.65020681415714,55
101,5,73.26732673267327,95.0,23.242610411321508,1329.866268740551,828.3407821256226,291.768517601532,55
121,5,59.50413223140496,95.83333333333334,21.776825059532264,1570.301461041758,988.8583343703195,361.08168182104936,55
161,5,57.7639751552795,93.75,21.529544892924925,2061.0919199210334,1293.572486472016,458.1264419980016,55
201,5,53.73134328358209,87.5,21.17916651165883,2586.119313040473,1625.536816434308,583.9245547554724,55
41,6,65.85365853658537,100.0,24.14602638274052,550.4940122242815,343.9406301784743,124.80003443410328,55
61,6,73.77049180327869,100.0,24.34300895824342,814.7073365964067,503.72393246522057,176.865216962874,55
81,6,66.66666666666666,87.5,23.512273726792117,1102.0677029143976,697.890375780645,252.17046024037316,55
101,6,62.37623762376238,90.0,22.049439326120705,1326.859003780671,832.0306267268483,296.8134832352383,55
121,6,57.02479338842975,87.5,22.275783193435352,1604.3798231914018,1004.9819330825627,364.80594341162487,55
161,6,60.24844720496895,93.75,21.322680491250885,2074.4944805536816,1306.200884872367,475.55274429729695,55
201,6,49.25373134328358,82.5,21.30077293113754,2596.261227091135,1635.4815763895551,593.9750603342226,55
41,7,80.48780487804879,100.0,25.566823500286404,562.8821800871386,350.5692413533986,129.9571246759436,55
61,7,77.04918032786885,100.0,25.068893422862192,859.7371358139436,539.5143568877827,199.18012258237874,55
81,7,61.72839506172839,100.0,23.351830660334343,1101.400458292368,688.6285582651399,248.22824637871472,55
101,7,59.4059405940594,95.0,23.298550772820935,1345.793735180381,843.1252194304506,303.51518008647497,55
121,7,66.94214876033058,91.66666666666666,23.847416418422725,1640.8679864916658,1027.7453933500506,368.95550590045013,55
161,7,59.006211180124225,90.625,22.536820657878756,2119.6240328567956,1331.6531193566543,483.3231413363483,55
201,7,55.72139303482587,90.0,21.32094127798993,2594.3377703858064,1630.4060844356245,594.3896574081465,55
41,0,75.60975609756098,100.0,24.801420490444944,557.9593192616527,351.12516042775223,129.76212920166512,58
61,0,55.73770491803278,91.66666666666666,22.569566405620133,824.4255623042785,515.7212266309231,185.05474479522036,58
81,0,71.60493827160494,100.0,22.876162489555806,1050.6422826973271,661.1223426583654,236.05758231167505,58
101,0,58.415841584158414,90.0,21.51627833231908,1324.8800846856211,834.300055688207,307.12301847787,58
121,0,52.892561983471076,62.5,21.691664632464956,1568.592479527485,993.722570607698,361.9392315182735,58
161,0,54.037267080745345,90.625,20.831050818885764,2005.46836683814,1258.543649790205,457.6868786571414,58
201,0,53.233830845771145,90.0,20.067965288935014,2458.417468317908,1541.23536106407,552.2077045310696,58
41,1,51.21951219512195,50.0,23.07306438208827,549.9054797794231,346.14970014489063,128.47270107504272,58
61,1,67.21311475409836,91.66666666666666,22.771439847028212,815.4399575014975,516.0486761335353,189.12737907001463,58
81,1,71.60493827160494,93.75,22.994273336632766,1063.9644708389483,668.1510151404092,241.01220395129076,58
101,1,59.4059405940594,80.0,21.65716801631688,1287.42623386036,806.3605428648115,292.7420109484981,58
121,1,58.67768595041323,87.5,20.936682197874237,1528.6893720634594,961.1572707915591,346.8909034948949,58
161,1,49.06832298136646,87.5,19.924295355730813,1986.728493838977,1252.485366126486,457.723492066671,58
201,1,46.766169154228855,92.5,19.60034771078043,2462.3349044589595,1557.6959113562962,561.8816898021436,58
41,2,68.29268292682927,100.0,24.817048617954818,580.7545369142765,371.6268534000376,136.63048007229943,58
61,2,63.934426229508205,91.66666666666666,24.06185485428467,835.3660452752915,521.8733232314019,186.65885764441856,58
81,2,70.37037037037037,93.75,22.53683360948795,1064.5382452227755,671.5934495812703,246.1094089374466,58
101,2,56.43564356435643,85.0,21.252259950923065,1297.3596365621027,813.0600148517408,300.61062835768104,58
121,2,60.33057851239669,91.66666666666666,21.80824074240893,1530.1485882459215,957.8716914497655,340.76358656863124,58
161,2,57.14285714285714,90.625,21.030840447221117,2026.9994004919704,1280.0492781797195,463.30228390282434,58
201,2,52.736318407960205,95.0,20.554604308208877,2540.4970784339152,1605.3413023751714,573.1423785882379,58
41,3,78.04878048780488,87.5,23.994863901664615,532.3353726269548,331.61412942794647,118.64009465612565,58
61,3,67.21311475409836,75.0,23.49749774145703,803.7657017557061,503.13814630204115,186.0659501300931,58
81,3,62.96296296296296,87.5,21.676867075726303,1059.776001753423,666.8390982996824,240.73669803632285,58
101,3,78.21782178217822,90.0,22.884546132780475,1328.4822363855212,833.1864048516651,304.9459365459554,58
121,3,52.892561983471076,83.33333333333334,20.8389719400714,1516.1608820842243,957.2590123422408,348.85087589748775,58
161,3,55.27950310559007,84.375,20.459921931477165,2046.1435589888042,1281.5567083865753,466.03800327522265,58
201,3,50.24875621890548,92.5,20.068777546085556,2520.546748998184,1593.215745631783,578.676584459527,58
41,4,80.48780487804879,100.0,24.601178457872557,557.1537526278194,350.8477311871245,128.81645636269602,58
61,4,60.65573770491803,91.66666666666666,22.784656165601742,810.4127917490156,514.6456055032403,187.08580190539732,58
81,4,71.60493827160494,93.75,22.789627507303287,1070.8255406277067,672.0816893268302,241.51167006089383,58
101,4,47.524752475247524,90.0,20.19216480589558,1306.9161557222262,831.0535849639843,309.7930101318736,58
121,4,47.107438016528924,91.66666666666666,20.663698518932357,1495.343318424208,947.2668607765427,345.00387996997443,58
161,4,54.6583850931677,90.625,20.524861157499053,2021.7227814789608,1282.605254698085,465.66309581016793,58
201,4,50.74626865671642,95.0,20.005634644265363,2485.3708160895308,1568.785637208313,567.9688442057299,58
41,5,68.29268292682927,100.0,24.088655493634736,564.751767102886,350.47386502596487,125.76279564271024,58
61,5,65.57377049180327,83.33333333333334,23.864294457947057,818.0354799073282,511.1257147808294,184.7485164010082,58
81,5,62.96296296296296,93.75,22.828645811913226,1080.0659859085722,678.0086768021852,242.71968452595559,58
101,5,59.4059405940594,85.0,21.583482577755873,1310.7092783877863,821.2663086980258,296.3550687149631,58
121,5,61.98347107438017,83.33333333333334,21.94941191335321,1540.8448037285316,967.3917008171088,352.2210472061719,58
161,5,59.62732919254658,84.375,21.140282960998384,2013.922376047798,1256.3038197871854,455.9277524912584,58
201,5,49.75124378109453,92.5,20.06636339984375,2473.2720506025203,1556.1833199188795,562.2696214923228,58
41,6,78.04878048780488,87.5,25.166349894594163,564.7040898080315,351.30468511557956,123.49994511191893,58
61,6,77.04918032786885,100.0,23.45629885133407,795.9150125128765,507.48187684979723,184.5995121302072,58
81,6,58.0246913580247,100.0,20.998941842178308,1047.6789236089187,663.7477406084065,242.72886701389686,58
101,6,72.27722772277228,90.0,23.037162819384417,1319.9012108529848,831.3925728473317,301.1723598718342,58
121,6,57.02479338842975,91.66666666666666,21.308913656726904,1556.5953027892124,980.0260449608842,354.54647086530656,58
161,6,46.58385093167702,90.625,19.482389033876494,1982.4643549063114,1258.0994058502292,460.574491636635,58
201,6,50.74626865671642,95.0,19.269906716409906,2454.9384980671293,1558.2372100857647,564.3779650205971,58
41,7,78.04878048780488,100.0,25.10958091719044,567.8355994037152,356.74362676265224,129.9134288686758,58
61,7,78.68852459016394,91.66666666666666,24.403829731652635,818.5839420004866,520.0114458641082,187.15587745580592,58
81,7,58.0246913580247,75.0,22.307449252441756,1047.109609247887,658.6356199932658,240.34259342976665,58
101,7,71.28712871287128,100.0,23.05963317383747,1320.8640432259633,829.7709287137764,297.68852146043383,58
121,7,61.98347107438017,91.66666666666666,21.99824292476857,1588.157164910786,998.5000455575023,357.4416349556515,58
161,7,51.5527950310559,75.0,20.79400818094069,2013.9074142988661,1266.1271836250962,456.26912672066464,58
201,7,53.73134328358209,90.0,20.63778959020689,2502.329130218124,1579.2226073734182,572.5676618197032,58
