текст,условие,граница (p80 всех рёбер),медиана всех рёбер,длинные p0,длинные p10,длинные p25,длинные p50,длинные p75,длинные p90,длинные p100,размах p100/p0,верх p100/p50,низ p50/p0,CV длинного конца,средняя длина длинных,"подставленных в выборке, %",подст.–подст.: доля,подст.–подст.: длина,подст.–подст.: CV,подст.–родной: доля,подст.–родной: длина,подст.–родной: CV,родной–родной: доля,родной–родной: длина,родной–родной: CV,оба одиночки: доля,оба одиночки: длина,оба одиночки: CV,один одиночка: доля,один одиночка: длина,один одиночка: CV,без одиночек: доля,без одиночек: длина,без одиночек: CV,CV без верхних 0,дисперсия без верхних 0,CV без верхних 1,дисперсия без верхних 1,CV без верхних 2,дисперсия без верхних 2,CV без верхних 3,дисперсия без верхних 3,CV без верхних 5,дисперсия без верхних 5,CV без верхних 10,дисперсия без верхних 10,хвост: длина,"хвост: подставленных концов, %","хвост: одиночек, %","хвост: стоков, %",хвост: разрыв норм,хвост: меньшая сторона,"длинные: стоков, %",длинные: разрыв норм,одиночки: межгрупповая доля дисперсии,одиночки: дисперсия всего,подст.: межгрупповая доля дисперсии,подст.: дисперсия всего
0,исходный,0.7599115411297384,0.6746774721159507,0.7604976853517268,0.7639787345234424,0.7704815468105335,0.8003156492262476,0.8425058174034128,0.8693364768184397,0.9873842418666505,1.2983395753663467,1.2337435146010982,1.0523577712877656,0.06069806301499431,0.8110059625407386,0.0,0.0,,,0.0,,,100.0,0.8110059625407386,0.06069806301499431,70.0,0.8130240090527544,0.06881722766338845,20.0,0.8106594196260373,0.02517010260877995,10.0,0.7975727227860302,0.044817734249628156,0.06069806301499431,0.0024232474181257848,0.05062971607733611,0.001667254487545987,0.04733940410068595,0.0014482237151393145,0.043760726210237896,0.0012295327083290547,0.03984443744191767,0.0010092553985132718,0.02946660911114599,0.0005389127262979985,0.9068053483008764,0.0,100.0,0.0,1.812587022781372,1.0,0.0,1.2827634811401367,0.00863303081636432,0.0024232474181257848,,
0,чужие хапаксы,0.73555741549716,0.6318974400104619,0.739751053261553,0.7454962507744751,0.7497798166714738,0.7712214187632525,0.7969338824187188,0.8302283707453271,0.8433845910002643,1.1400924504017835,1.0935699793617433,1.0425418326380842,0.04085058919768939,0.7786758847594341,29.850746268656714,22.5,0.7733986799759147,0.03360659343418556,30.0,0.781183201353476,0.03888266273285199,47.5,0.7795920449659167,0.044610022886570636,40.0,0.773465464192742,0.03612315714336193,40.0,0.7862795150388655,0.04363913925187109,20.0,0.7738894653339552,0.03983481914405058,0.04085058919768939,0.0010118359362308216,0.03919807750299853,0.0009276629809241282,0.03758209053922153,0.0008491903105336222,0.035692651558220094,0.0007625999804391607,0.03167836326716771,0.000595487389903002,0.02386547501573503,0.0003319523759489074,0.837137574635325,40.0,40.0,0.0,0.9951858520507812,5.0,0.0,0.9971355199813843,0.038116290562109544,0.0010118359362308207,0.0084506608157958,0.0010118359362308216
0,перемешивание,0.7596168191544114,0.6684607232137914,0.7609653130392241,0.7661599835155563,0.7740739270537458,0.7905750198299109,0.8254152554132341,0.8465506620356168,0.9416555503495374,1.2374487170626127,1.1911020797901393,1.0389107181146384,0.04653423958490793,0.8015555624437708,0.0,0.0,,,0.0,,,100.0,0.8015555624437708,0.04653423958490793,45.0,0.800536370116142,0.05684643047464447,37.5,0.8121071059289572,0.03594317305122612,17.5,0.7815658923894163,0.016093864129940738,0.04653423958490795,0.0013912734823687306,0.03781979277825009,0.0009107602682757265,0.0353451051254423,0.0007916568737022052,0.033093034820223514,0.000690864429301541,0.02991807152553707,0.0005603586213685047,0.018872172983786406,0.00021857854984627111,0.8738767442055044,0.0,70.0,0.0,1.6311858892440796,1.0,0.0,0.962643027305603,0.0806065813413177,0.0013912734823687306,,
1,исходный,0.7824594538407523,0.710812582235715,0.7826235118425046,0.7873841552451564,0.7963437815166972,0.8092291243228942,0.862978854181998,0.9133853098659938,0.9624901815481944,1.2298252825068285,1.1893914252697446,1.0339954167972196,0.05895351550206779,0.8315353319162284,0.0,0.0,,,0.0,,,100.0,0.8315353319162284,0.05895351550206779,47.5,0.8322642971355753,0.0590197313020253,40.0,0.8248744449826104,0.04993825835298647,12.5,0.8500801022702891,0.07567969366358432,0.05895351550206778,0.002403149726875062,0.054185324064552086,0.0020137716424982674,0.05106092060444257,0.0017764706226330142,0.047251021963781684,0.0015106854862651437,0.040348310483393456,0.0010875363520683804,0.022070776873409293,0.0003163853826459765,0.9309845476181235,0.0,70.0,0.0,1.2528976202011108,1.0,0.0,0.969387412071228,0.025378335373269494,0.002403149726875062,,
1,чужие хапаксы,0.7633477805873299,0.6822010020638843,0.7649065302698067,0.7716500239453467,0.7833428211119339,0.8039952659227809,0.830354323197575,0.8522110938248877,0.8986448452178861,1.1748426894733213,1.1177240505097648,1.0511026303294684,0.041581918951552624,0.8101902040728852,33.33333333333333,22.5,0.8122902458352814,0.04868715706658214,27.500000000000004,0.8102261314934094,0.033284362320644106,50.0,0.8092254251985187,0.04214607757626152,55.00000000000001,0.8141650021623715,0.03788610206835257,35.0,0.7991270848020503,0.035761770092138476,10.0,0.8270497320286327,0.059954354807306834,0.04158191895155262,0.0011349664685087356,0.03831615305037819,0.0009583029252268194,0.03549433249574726,0.0008181642313327563,0.03388032371409947,0.0007424834165131872,0.031070419669291364,0.0006198239725001308,0.02506628552536055,0.00039665782651857897,0.8725259560038573,50.0,70.0,0.0,1.0281593799591064,1.0,0.0,1.1347339153289795,0.07044370404446063,0.0011349664685087364,0.001284657836948769,0.0011349664685087356
1,перемешивание,0.775816182772785,0.6943501418654937,0.7784626155612393,0.7838763107673598,0.7887837561567703,0.8057642608330311,0.8338658404649796,0.8943857811704585,0.9556058158374601,1.2275551795746902,1.1859620267217075,1.0350712349264306,0.05227502135098507,0.8204725548396775,0.0,0.0,,,0.0,,,100.0,0.8204725548396775,0.05227502135098507,55.00000000000001,0.8163716790603991,0.04528557267176964,32.5,0.8189205947142805,0.05209961986143127,12.5,0.8425515045945344,0.0692277990486482,0.05227502135098508,0.0018395709992818324,0.04590333206619957,0.001406502846656058,0.04131064831705325,0.0011312608677135866,0.037688977353006164,0.0009359715118766159,0.02907624710144613,0.0005504091466109315,0.019767592492319176,0.0002497793883704894,0.9156787110585656,0.0,60.0,0.0,1.583275556564331,1.0,0.0,1.0310956239700317,0.0385781476082194,0.0018395709992818313,,
2,исходный,0.7611469357557189,0.6547287325658385,0.7631395276686173,0.7827753507288691,0.7954493997412866,0.819875154343451,0.871261153212144,0.9209048882420214,0.9531303207159616,1.248959444713556,1.1625310459361586,1.0743450242292658,0.0619699598280085,0.8350552029229086,0.0,0.0,,,0.0,,,100.0,0.8350552029229086,0.0619699598280085,50.0,0.8355508016741036,0.06197915830161703,30.0,0.8343967313959473,0.06304084657590399,20.0,0.8348039133353635,0.06029009368400905,0.0619699598280085,0.0026778904215220786,0.05863302648698457,0.002379907771137876,0.05637396134425376,0.0021865215897139564,0.05403596402994629,0.0019965369200749855,0.04826184726163876,0.0015719283192814181,0.03545431728190376,0.000823991145186334,0.9298772661741539,0.0,70.0,0.0,1.114728569984436,2.0,0.0,0.9391372799873352,9.915035203323786e-05,0.002677890421522078,,
2,чужие хапаксы,0.7560255076240013,0.6450272254159306,0.7564200384940262,0.76400250123083,0.7810328540075342,0.8075513743966009,0.8527779149276843,0.9205904561282776,1.060599847286795,1.402130817949201,1.3133527858574583,1.0675964851544297,0.08496954825697703,0.8308734912454163,21.393034825870647,2.5,,,17.5,0.7998465728882047,0.03129167777724546,80.0,0.8394141143738079,0.0900309474923544,25.0,0.8545195549204339,0.10474093507868525,40.0,0.8360740678700505,0.0871685155515765,35.0,0.8080399296208215,0.04787874810682135,0.08496954825697706,0.004984211064739221,0.07397200038235008,0.003724129726884398,0.06535779170165808,0.002872593143753001,0.05737682914472055,0.002189783878652736,0.049462752611469284,0.001602716138572658,0.034756222269739616,0.0007673159586893936,0.9813598249347011,0.0,70.0,0.0,1.6510803699493408,1.0,0.0,0.9895592927932739,0.06682753080845077,0.004984211064739222,,
2,перемешивание,0.7434810846758363,0.6634264986092724,0.7436223432390318,0.7467103734169653,0.7640763476382619,0.7874980213890774,0.8311813172909336,0.8930733673131562,1.1113787185624229,1.494547237138595,1.4112781091208944,1.0590026356106168,0.08993691919179139,0.8109399360023867,0.0,0.0,,,0.0,,,100.0,0.8109399360023867,0.08993691919179139,35.0,0.807565246169428,0.10793638005962185,30.0,0.8101974426763516,0.058423954397665304,35.0,0.8149510486862327,0.09224779030275451,0.08993691919179139,0.005319286596372904,0.06911382296549531,0.0030818860011147023,0.06161424328361875,0.002422843314469531,0.05287077170891873,0.001764559633652387,0.042790458989986284,0.0011377901820065314,0.030562718143149804,0.0005651775021274783,0.969513263746185,0.0,30.0,0.0,0.8638564944267273,3.0,0.0,0.8459511995315552,0.0018390687313872365,0.005319286596372904,,
3,исходный,0.771941119434135,0.6972897387565458,0.7744113027035708,0.7847519284088117,0.7871401153912985,0.802761303447584,0.8499614772362192,0.9049904025390592,0.9933549201880285,1.2827226523167947,1.2374225263747896,1.0366084542478133,0.06564671657621021,0.827220780710532,0.0,0.0,,,0.0,,,100.0,0.827220780710532,0.06564671657621021,72.5,0.822251766646509,0.055490199531850214,15.0,0.8015044057662551,0.03532008660337424,12.5,0.8869007122149976,0.08775103556972412,0.06564671657621021,0.0029489600544387344,0.05825912701803542,0.0022987216258562094,0.051866925957704355,0.0018053139666665925,0.04609412815685388,0.0014139920872492334,0.03635895714397779,0.0008673955370615804,0.02479669816273906,0.0003942825518673958,0.947607557598315,0.0,60.0,0.0,0.9158180356025696,2.0,0.0,0.8618081212043762,0.19068166633832637,0.0029489600544387335,,
3,чужие хапаксы,0.7576233210225317,0.6871185098734448,0.7582062241594542,0.7688960294188486,0.7787283267474954,0.7957075172849278,0.8456970186902831,0.9617271652049276,1.0347450316174966,1.3647276936622523,1.300408767216628,1.0494605450740628,0.09036144626353383,0.8281826805611026,25.37313432835821,12.5,0.825663678352784,0.08939352361262927,27.500000000000004,0.8225613195553412,0.08836285547843283,60.0,0.8312839298154762,0.09123682140137207,50.0,0.8210888021808488,0.08465359625480988,37.5,0.8201334543459589,0.08324125533802434,12.5,0.8807058727275491,0.10370203793057013,0.09036144626353386,0.005600394684523261,0.0826171184726684,0.004621890541024645,0.07473166869916281,0.0037351233909889477,0.06530051805954877,0.0028158403343833908,0.049138963226824435,0.0015603718780450317,0.029719327850695993,0.0005530420726184887,0.9983423326510261,30.0,50.0,0.0,0.8816474676132202,1.0,0.0,1.042745590209961,0.07040459786596684,0.005600394684523259,0.002723689653283865,0.005600394684523262
3,перемешивание,0.7740757883638774,0.7057375103644629,0.7762021146978164,0.7830891060447193,0.7891850104146303,0.807761735446378,0.8374685574038283,0.8624169420504273,0.9321993508078389,1.200975020753137,1.1540523769582813,1.040659024435727,0.044332178798493375,0.8177321611780661,0.0,0.0,,,0.0,,,100.0,0.8177321611780661,0.044332178798493375,52.5,0.8149226397488964,0.05019935608813655,25.0,0.8165920773915317,0.03443618220759821,22.5,0.8255544709422771,0.03784914941151476,0.04433217879849339,0.001314196510866775,0.03887482576598746,0.0010033116744790492,0.03524813230351191,0.0008201562196264989,0.032058571326366365,0.0006749414414557302,0.02848424254523272,0.000528689704799955,0.020661171305112313,0.00027342481915557175,0.8912673541890447,0.0,50.0,0.0,1.0626990795135498,1.0,0.0,0.7760835886001587,0.013876469361262809,0.0013141965108667756,,
4,исходный,0.7584145817672681,0.6923866516383363,0.7590680290565385,0.7659582060898162,0.7777812319924998,0.7951351086589391,0.854293875572774,0.9375994247372407,0.9529105221755222,1.255369065352304,1.1984259175559286,1.0475149502044359,0.07170622983332903,0.8212298630767553,0.0,0.0,,,0.0,,,100.0,0.8212298630767553,0.07170622983332903,60.0,0.824082044528854,0.07224630541938959,35.0,0.821741743876974,0.07313170906177227,5.0,,,0.07170622983332905,0.0034677137842143027,0.06808457440449787,0.003100619108577833,0.06450823998271576,0.002761115262452745,0.060493081778688305,0.0024081371154094445,0.04941373038524852,0.0015782920884244457,0.031174761855914855,0.0006087669011561725,0.9419684960199792,0.0,80.0,0.0,1.0589797496795654,1.0,0.0,0.9083806276321411,,,,
4,чужие хапаксы,0.7302339975453419,0.6494607547536326,0.7346210226971414,0.7384881280261891,0.7458192088257282,0.7760513196673291,0.8111033223371723,0.8427277321251149,0.8688078782605847,1.1826613334189375,1.1195237431372678,1.0563968300526951,0.0504668898108452,0.7809797540854193,21.890547263681594,12.5,0.7630994342556041,0.033449600970419935,25.0,0.7728772844309597,0.04113278687654119,62.5,0.7877968059131664,0.0540673227704728,55.00000000000001,0.7860597968690617,0.05140756126714346,37.5,0.7794018064908113,0.04921949389426703,7.5,0.7516158449784166,0.023636975592756355,0.0504668898108452,0.0015534333779641143,0.04788339057187419,0.0013904042694141278,0.04485450562246228,0.001212732828504364,0.04308601695381334,0.0011136249708780927,0.03872525462686856,0.0008904890072851105,0.029754778399299107,0.0005140990024755328,0.8537498836996342,10.0,80.0,0.0,1.4601624011993408,2.0,0.0,0.8646586537361145,0.051367130731509225,0.0015534333779641135,0.0549884254793331,0.0015534333779641145
4,перемешивание,0.7501586354678228,0.6751682866588411,0.7516747749799229,0.7580790849150466,0.766749359750069,0.7757287619370739,0.8046199863535872,0.8343789028982851,0.9687179570075612,1.2887461296455447,1.2487843748226812,1.0320005243727828,0.05240242566298833,0.7921815725793924,0.0,0.0,,,0.0,,,100.0,0.7921815725793924,0.05240242566298833,60.0,0.792544443573611,0.06083975551255025,20.0,0.7875616463838144,0.03943914891581429,20.0,0.7957128857923146,0.03185175463370423,0.05240242566298833,0.0017232657351194363,0.03908727684910713,0.0009478571635157867,0.03476037638771107,0.0007450268183220801,0.03136640037405297,0.0006034586345923753,0.02700275739887182,0.0004435618544397259,0.018785357421874,0.00021112300829079754,0.8777746943859619,0.0,70.0,0.0,0.5740203857421875,1.0,0.0,0.8669406771659851,0.00397024282889382,0.0017232657351194363,,
5,исходный,0.7782873330740996,0.6802288458053533,0.7785000561369347,0.7920798633513316,0.8072449726489924,0.8191781268693141,0.8523860828879045,0.9270592895706751,0.9652274424195768,1.239855327961335,1.1782876162824625,1.0522518533065133,0.05899607712935725,0.8380734326606831,0.0,0.0,,,0.0,,,100.0,0.8380734326606831,0.05899607712935725,62.5,0.8274490349180368,0.054342073223534466,30.0,0.863796187614668,0.06326311671985642,7.5,0.8237190607001317,0.0033490226333433093,0.05899607712935725,0.002444614686344626,0.05465897588471414,0.0020820994232656313,0.04997578712225918,0.0017271042338408132,0.04556729430003991,0.0014254018979787738,0.03618710566311608,0.0008864407369848201,0.023919299119313713,0.0003783747929283977,0.9452961713747154,0.0,70.0,0.0,1.6511611938476562,1.0,0.0,0.9960085153579712,0.11637837243467222,0.0024446146863446264,,
5,чужие хапаксы,0.7701358705646092,0.6888521908088144,0.771014700716576,0.7783088720905469,0.785734735544076,0.8009594007289789,0.8276827184766283,0.868408826323652,0.9211590886627569,1.1947360897355623,1.150069638766185,1.0388380402923219,0.044721550987956,0.8128395573305633,29.850746268656714,17.5,0.8172296520032833,0.04075204916396386,32.5,0.8013295628205892,0.031387775324922054,50.0,0.8187845206265945,0.05058180695577921,47.5,0.8112384189826054,0.038480961099903954,32.5,0.8189766993651675,0.05659820975383789,20.0,0.8066694051007324,0.03270181794640806,0.04472155098795599,0.0013214276050752213,0.039939492006331456,0.001046747027742474,0.03585730288797278,0.000838594314288642,0.033202577187717845,0.0007155361211646213,0.028272553341595136,0.0005141716099727586,0.020959309947126935,0.0002779327477366926,0.8885271272538244,30.0,70.0,0.0,0.8606674075126648,1.0,0.0,0.960680365562439,0.015947035649955567,0.0013214276050752213,0.04850818042696623,0.0013214276050752208
5,перемешивание,0.751377672165563,0.6817767877905312,0.7560591258046132,0.759373441939263,0.7773260759516522,0.7979481042975496,0.8424141711286047,0.8831132400264178,1.2870686434658887,1.7023386128646547,1.6129728694561185,1.0554043686045813,0.10538651699982499,0.8222712220153028,0.0,0.0,,,0.0,,,100.0,0.8222712220153028,0.10538651699982499,47.5,0.8116322318940238,0.05794992531967419,45.0,0.8309552021634663,0.13843315890838553,7.5,0.837547611894422,0.08706162432756054,0.10538651699982499,0.007509314350033878,0.05546855041672686,0.002020423843897638,0.05026869908933883,0.0016458379079241552,0.047759380586084206,0.0014769127965301612,0.04258878609520821,0.0011609041611820433,0.029399370238862105,0.0005385533825326359,0.9780029788436613,0.0,60.0,0.0,1.091722846031189,1.0,0.0,0.7392107844352722,0.014009553249881313,0.007509314350033878,,
6,исходный,0.7741804166033286,0.7082642872875387,0.774213321334839,0.7833836866362615,0.7932795826570724,0.8209605978182988,0.851807124741923,0.8965550700027977,1.1021886020247609,1.423623918178587,1.3425596855121,1.0603803566733543,0.07283377182673396,0.8356528892427733,0.0,0.0,,,0.0,,,100.0,0.8356528892427733,0.07283377182673396,52.5,0.842943590463475,0.08343799610893837,27.500000000000004,0.8207254810336838,0.04915426670469707,20.0,0.8370399848259283,0.06378973509409733,0.07283377182673399,0.003704396290653272,0.053020417491257944,0.0019311024101847552,0.04774242145732468,0.0015532686436104935,0.04167438827709708,0.0011739937435110723,0.036462800887658076,0.0008892214166472535,0.02859455326821414,0.0005359471987240637,0.9605199702304805,0.0,70.0,0.0,1.6517890691757202,1.0,0.0,1.1184828281402588,0.024178944937825006,0.0037043962906532723,,
6,чужие хапаксы,0.7684264489325888,0.6785743321327526,0.7685096179785748,0.7753344568563793,0.7996243763654076,0.8155766828347981,0.8552009553140263,0.909615359332211,0.9362309705163101,1.2182423597754,1.147937392302756,1.061244600919927,0.05622059306157827,0.8309249601428716,31.8407960199005,7.5,0.8193318991005709,0.03465250576958329,35.0,0.8274477338760169,0.052995304110058906,57.49999999999999,0.8345536710499527,0.05969191436827637,45.0,0.8259454239548536,0.05275571893706675,32.5,0.8292034996703195,0.05600449761833322,22.5,0.843370586534816,0.06020361578514108,0.05622059306157827,0.0021823000119976215,0.053271227760351675,0.00194662313338952,0.04995382715909836,0.0017003272890577386,0.0461956288578223,0.0014441916989209607,0.039908172358283915,0.0010647672046632502,0.030411656313893486,0.0006045829096315829,0.9238753431320529,20.0,40.0,0.0,2.010488986968994,2.0,0.0,1.111159086227417,0.021524207578959384,0.002182300011997622,0.01002756390982919,0.0021823000119976215
6,перемешивание,0.7813784095029194,0.6975367424809241,0.7820099683318786,0.786579683732724,0.7999714179385484,0.8188874177447645,0.8494784433026152,0.895025390850547,0.9131729171706775,1.1677254180257897,1.1151385372186784,1.0471572625749899,0.047176997823790784,0.8299357431337577,0.0,0.0,,,0.0,,,100.0,0.8299357431337577,0.047176997823790784,42.5,0.834668726022887,0.05112718693309318,45.0,0.8251725328083166,0.040163956114652476,12.5,0.8309911584823066,0.053266214820542945,0.047176997823790784,0.001533026064374668,0.04504028136861211,0.0013901272680857224,0.04250720102949169,0.001231477763274524,0.03952734095113971,0.001058874067837579,0.0340560597677588,0.0007778559949220893,0.023861384049642515,0.000373871436144298,0.9068647870080655,0.0,70.0,0.0,1.4835532903671265,1.0,0.0,1.01857328414917,0.012960897936239547,0.0015330260643746688,,
7,исходный,0.7777692879255795,0.7043189899955603,0.7805878217227812,0.7905622356536893,0.7983624522099165,0.8259968540496754,0.8639924136233555,0.9180762609592298,0.9686871835461136,1.2409714276712533,1.1727492408680007,1.0581728680146139,0.061767495021107614,0.837823026313445,0.0,0.0,,,0.0,,,100.0,0.837823026313445,0.061767495021107614,50.0,0.8513502730765202,0.06609354630785384,40.0,0.8284980552858972,0.056109994042923876,10.0,0.8074866766082597,0.013722218615014999,0.061767495021107614,0.0026780862643135694,0.05742653987457546,0.0022963822921765304,0.0527474345440748,0.0019219354126124189,0.04749028235381246,0.0015453577493165654,0.03693724329799549,0.000921136498048445,0.03008253176340644,0.0005987822033647565,0.9508930907246838,0.0,90.0,0.0,1.2519744634628296,1.0,0.0,1.0824286937713623,0.08151516648769773,0.002678086264313569,,
7,чужие хапаксы,0.7692051269826854,0.689879495875197,0.7724817809710581,0.7771457662520382,0.7933006743665956,0.8169229025918587,0.8399942663037371,0.9003191045304281,0.9638248756075039,1.2476991682521177,1.1798235458322541,1.0575303168508845,0.059023092596649875,0.8269565601583906,37.3134328358209,27.500000000000004,0.8059148031646992,0.034109499121900665,30.0,0.8293806675198113,0.0444602151018036,42.5,0.8388606800756586,0.07275155619287359,60.0,0.8147568935982049,0.043327313553119015,35.0,0.8489846103759513,0.07375043119870654,5.0,,,0.059023092596649875,0.0023823705725568287,0.05363788873000794,0.0019508091138944995,0.04834641056836937,0.0015721365262419615,0.041909059112593135,0.0011715303368156163,0.03273032585198823,0.0007052686060906443,0.024911154161937184,0.0004009036611303835,0.9359578412291718,10.0,60.0,0.0,0.8282417058944702,1.0,0.0,0.8657717704772949,,,0.07712762826382277,0.002382370572556828
7,перемешивание,0.7685137200556506,0.687859044573055,0.7685418533325005,0.775029947252109,0.7838398848900581,0.8062484799597773,0.8291278463256309,0.8882833237490069,0.9542525760603644,1.2416403503889832,1.1835713179986036,1.0490625545814791,0.05233157552442567,0.8157369582340429,0.0,0.0,,,0.0,,,100.0,0.8157369582340429,0.05233157552442567,55.00000000000001,0.8143952827285347,0.04902111619884853,17.5,0.8059458845219353,0.02805322051643121,27.500000000000004,0.8246509925164013,0.06608223591235918,0.05233157552442566,0.0018223336657504849,0.0454808768775498,0.001364482224390832,0.0427216382152583,0.0011971854767836685,0.03963497249298631,0.0010245383204780538,0.03194149136943775,0.0006575260773610365,0.022515668287329312,0.0003204723170813245,0.906374115813651,0.0,60.0,0.0,0.8276947140693665,1.0,0.0,0.8350054025650024,0.02174022833275004,0.0018223336657504845,,
8,исходный,0.7529663152078263,0.6763687888975081,0.7529914441368982,0.7608081143262655,0.7712429455398964,0.8077361343065926,0.8592313614661186,0.9021880578194036,1.2132513157159,1.611241834369799,1.5020391736682983,1.072702937856677,0.09755545863887559,0.8246523385119552,0.0,0.0,,,0.0,,,100.0,0.8246523385119552,0.09755545863887559,42.5,0.7958280305604117,0.04274393532674947,45.0,0.8395560749046768,0.12568307384162214,12.5,0.8690015345334039,0.053587769468254,0.09755545863887559,0.006472095840015286,0.06338673997645713,0.0026667343241720985,0.05917272223933359,0.0023049988369347393,0.05612077008974861,0.0020588247139073307,0.0501784742277751,0.0016237408938752373,0.03499539344486161,0.0007651075290571467,0.9758903731683424,0.0,30.0,0.0,1.6277519464492798,2.0,0.0,1.0690807104110718,0.10798948854130988,0.006472095840015286,,
8,чужие хапаксы,0.7477140906606605,0.6741931140322974,0.7490594890313,0.7658795364281886,0.7749360694227968,0.8218533954163776,0.865449560730799,0.9212456473893753,1.1651447644468227,1.5554769434315734,1.417703900653136,1.0971804074990308,0.10336792460870592,0.8354745191366002,33.33333333333333,20.0,0.7856907726770546,0.04803258818449884,15.0,0.9007753037366216,0.11683859478066519,65.0,0.8357231831395323,0.09818577862688486,30.0,0.8300057933757513,0.0745098132027086,47.5,0.8142498809563177,0.053181703444271713,22.5,0.8875737229761063,0.16085886073295322,0.10336792460870593,0.0074582684562587084,0.08369719225322754,0.004791321476691317,0.06336485942183098,0.002696299748266956,0.06091893234976852,0.0024752726892001576,0.05448265192378812,0.0019508821044297397,0.04025209284924087,0.00103054448886826,1.0089340353279739,20.0,60.0,0.0,0.9944511651992798,1.0,0.0,1.0098077058792114,0.11177878334338014,0.007458268456258706,0.15222747093862066,0.007458268456258711
8,перемешивание,0.7565757577827967,0.6841415486004208,0.7569177319365901,0.765114256717991,0.7725091350163389,0.8060347476261264,0.8262871349865734,0.8637216473951294,0.9033309585627385,1.1934334742714339,1.1207096979666964,1.0648908244808446,0.04930228107162593,0.8090713433460841,0.0,0.0,,,0.0,,,100.0,0.8090713433460841,0.04930228107162593,35.0,0.8177031655254081,0.056357473220806434,37.5,0.7994255037791966,0.03502251604616238,27.500000000000004,0.8112388054363374,0.05211963866102676,0.04930228107162593,0.0015911373291992536,0.046356333110273956,0.0013982769435365984,0.0430441833958568,0.001198247386314725,0.03986305451614945,0.001021697608501206,0.03430684842869231,0.0007488980715366215,0.02807954398631863,0.0004925885341218604,0.8887872297595347,0.0,60.0,0.0,1.128411054611206,1.0,0.0,0.973162829875946,0.0391296690343098,0.0015911373291992523,,
9,исходный,0.7422197516892085,0.5610925875642925,0.7434449569481028,0.7487663594797689,0.7718565833487431,0.7925586719506292,0.8182276449738105,0.8645561012249894,0.947100035681043,1.2739343065409436,1.1949904394460282,1.0660623419979092,0.05878634999795053,0.8013735859928783,0.0,0.0,,,0.0,,,100.0,0.8013735859928783,0.05878634999795053,25.0,0.7845305840545296,0.028294903737652078,57.49999999999999,0.8172555803913132,0.06530806185467704,17.5,0.7732513214528038,0.03149230707015189,0.05878634999795053,0.002219335904109977,0.051960845042469644,0.0017177620544792077,0.04531232173135063,0.0012949792788374266,0.04194452636420273,0.0011028147250186841,0.0369158267335958,0.0008452757118073296,0.02729257363383694,0.00045191981722962854,0.8980312936934387,0.0,50.0,0.0,0.8874435424804688,1.0,0.0,0.6941882371902466,0.15966902099396432,0.0022193359041099764,,
9,чужие хапаксы,0.7507619186504457,0.6181404125033152,0.7509420204085716,0.7755749778896139,0.7898825285919062,0.8296064711002606,0.8566994685141158,0.892109476313141,0.9796798148113727,1.3046011385517482,1.1808970264082899,1.1047543599289988,0.06390497361561254,0.8322858600518821,18.90547263681592,12.5,0.7901238223161415,0.03490240249426086,22.5,0.8194106375782544,0.05351214705861661,65.0,0.8448507520111649,0.06464905909774475,55.00000000000001,0.846011047675685,0.07167054184998878,30.0,0.8282504452594689,0.04072258291256072,15.0,0.7900310016827645,0.03086858761031876,0.06390497361561254,0.0028288788743490714,0.05826255107581448,0.0023300801630498627,0.051928913005163634,0.0018341651806913532,0.04971632075775272,0.0016715748173454696,0.0464859706849473,0.0014466729436955906,0.03788245281251559,0.0009367261265125403,0.9308367608385619,0.0,90.0,0.0,1.3919379711151123,1.0,0.0,1.0309298038482666,0.13302646499472087,0.0028288788743490714,0.1280093564968507,0.0028288788743490736
9,перемешивание,0.7753734209974547,0.6705750674221944,0.7780058585232508,0.7851979753856452,0.7934614098075364,0.8271818688903968,0.8480417522307256,0.870480933801868,1.0074950259072004,1.294971001657427,1.2179849000543017,1.0632077635771124,0.05611608652202808,0.829084479135215,0.0,0.0,,,0.0,,,100.0,0.829084479135215,0.05611608652202808,42.5,0.8193308421323333,0.03499072428254367,45.0,0.8466280169541641,0.06698624843569122,12.5,0.799090108796796,0.030966157704831934,0.056116086522028076,0.0021645734257844944,0.045103789788150606,0.0013829859409892572,0.038287703427301104,0.0009885574301854252,0.035032072769963854,0.0008230624685485673,0.032609161352617454,0.000708003293822568,0.027130346436420545,0.0004817725650894128,0.9208356238989003,0.0,70.0,0.0,1.5782448053359985,1.0,0.0,0.812404453754425,0.1346170850358514,0.0021645734257844953,,
10,исходный,0.7690833856983424,0.6860857533733209,0.7695030201284957,0.7739394373366107,0.7844947152906978,0.7967285785229583,0.8404992551948554,0.8635920070588907,0.94209334566759,1.2242880417938766,1.1824520558985356,1.0353807037559337,0.047735137944269826,0.8118967774732898,0.0,0.0,,,0.0,,,100.0,0.8118967774732898,0.047735137944269826,65.0,0.8042192958412316,0.03903921940096647,32.5,0.8304156706778313,0.05464570936823638,2.5,,,0.047735137944269826,0.001502027897918714,0.04092102107095807,0.0010947519171402174,0.03759572895119974,0.0009188297025713422,0.035265620451353584,0.0008046332954940885,0.03151402251153827,0.0006371278586377953,0.021434885491139425,0.0002889151050340618,0.8884719225384823,0.0,60.0,0.0,1.3791840076446533,1.0,0.0,0.9150034785270691,,,,
10,чужие хапаксы,0.7462110913046178,0.6627390464832741,0.7468487478806768,0.7508083024719389,0.7658804279202718,0.7783084285000199,0.8441274220268726,0.8908649802133789,0.9288880161328408,1.243743152504084,1.193470328881087,1.0421232287107876,0.0686292463157799,0.8055168321991169,43.28358208955223,30.0,0.7930441040598174,0.06121718552273609,17.5,0.8293564033803333,0.07824483187138934,52.5,0.8046975816945012,0.06565942019513196,42.5,0.7885822071829172,0.047877705335105096,42.5,0.8124668362008172,0.07544650229438375,15.0,0.8338065917401973,0.0752749943860809,0.06862924631577988,0.003056100971117077,0.06517010661848824,0.002734187740916693,0.06134889935874702,0.0024035881659746506,0.05790769904349361,0.0021254305771691816,0.0514716214962716,0.001655493054418985,0.032655889642903085,0.0006439038152557744,0.9107116490244407,40.0,30.0,0.0,0.9701698422431946,1.0,0.0,0.7917436361312866,0.08587978955572302,0.003056100971117078,0.04793033754547694,0.003056100971117077
10,перемешивание,0.7640558527365772,0.6910698591616404,0.7656504212167522,0.772772689177546,0.7776633796310666,0.7871131108987395,0.8323368149267245,0.8742776456095115,0.9374974781940083,1.224445846583825,1.1910581404539906,1.0280319700574048,0.05399667214344965,0.8099243209597636,0.0,0.0,,,0.0,,,100.0,0.8099243209597636,0.05399667214344965,65.0,0.8032819466653052,0.04112149559508969,30.0,0.8147984886180909,0.07095276849484537,5.0,,,0.05399667214344965,0.0019125943583735206,0.048548228481000114,0.0015336297049271276,0.044717763833047215,0.0012925171291597517,0.04107940823920587,0.0010838894792523713,0.03503360771620579,0.0007796229786282188,0.021248142079668485,0.00028011936706143025,0.9004057256484538,0.0,50.0,0.0,1.5050758123397827,1.0,0.0,0.861302375793457,,,,
11,исходный,0.7897251370456226,0.6941395022945536,0.7917414007127348,0.7940088532302807,0.8068914542873904,0.8249357362057962,0.8600299574612177,0.946567953490636,0.9723623720022775,1.2281312700421445,1.1787128734106664,1.04192572911203,0.06021283498238888,0.8418772951343414,0.0,0.0,,,0.0,,,100.0,0.8418772951343414,0.06021283498238888,50.0,0.8427582580708688,0.05070659721710784,40.0,0.840175640908505,0.07435677089189315,10.0,0.8442790973550496,0.03618423123084619,0.06021283498238888,0.0025696604777752123,0.05578052653322889,0.002187781810598346,0.051110193284956466,0.001822366672271434,0.046526730613976656,0.0014988653656475266,0.03364708732571986,0.0007714460877647975,0.023118541563795707,0.0003565893409793964,0.9566748638136546,0.0,70.0,0.0,1.317969560623169,1.0,0.0,0.9633623957633972,0.000826243038172987,0.0025696604777752123,,
11,чужие хапаксы,0.7599011794732164,0.641367180198072,0.762607194756601,0.7673139552464439,0.7783639638041874,0.8058209183479034,0.8363745767092091,0.8704403724393488,0.9860428539197891,1.2929891832904898,1.2236501081920004,1.0566657695972759,0.05582281854566911,0.8136615291999416,23.383084577114428,22.5,0.8066591271045814,0.04171258342456576,20.0,0.8226546283611753,0.05281379639429892,57.49999999999999,0.8132735650942188,0.06074818441398719,35.0,0.8173661329630004,0.06834749072552977,37.5,0.8065783209816523,0.039895778953060804,27.500000000000004,0.8186054992537162,0.05473512558346578,0.0558228185456691,0.0020630563310828076,0.045141819769043336,0.0013344872005275486,0.04139208241549692,0.0011149197925202946,0.03915110470451584,0.0009925151663260122,0.03492003881064037,0.0007821460144835293,0.0272544308098667,0.00046711140822980454,0.9031096144573795,30.0,50.0,0.0,1.3603706359863281,2.0,0.0,0.9314257502555847,0.014706167338560438,0.002063056331082809,0.01323002226206484,0.0020630563310828076
11,перемешивание,0.7728503311016105,0.696488163656195,0.7752990229381892,0.7794581460588071,0.7892358946869062,0.8067458642594076,0.842043432660531,0.8697260844170396,1.0015388737463085,1.2918097974001397,1.2414552315873608,1.040560919581767,0.059225374738127085,0.822509291015604,0.0,0.0,,,0.0,,,100.0,0.822509291015604,0.059225374738127085,37.5,0.8326405563079976,0.06102500246116219,42.5,0.8219113953013771,0.06364501369553624,20.0,0.8047836969850978,0.032916870229190855,0.05922537473812708,0.0023729973841583275,0.04876587763418607,0.0015909350819051835,0.041278355240214615,0.0011299087357591058,0.03668431601925824,0.0008865249423602334,0.03221984741502877,0.0006776300726725839,0.022248048393346535,0.0003166028981005134,0.9245757657181446,0.0,80.0,0.0,0.7550010681152344,1.0,0.0,0.9162448048591614,0.042765414441594055,0.002372997384158327,,
12,исходный,0.7921980022081846,0.6779933802993178,0.7935832561896761,0.796078295697016,0.8099391176969793,0.8362376929462163,0.8689969835312824,0.8962238854388374,0.9711655934070711,1.2237727873317814,1.1613511344908163,1.053749164216672,0.0548236499589629,0.8461293196365022,0.0,0.0,,,0.0,,,100.0,0.8461293196365022,0.0548236499589629,42.5,0.8378931994155554,0.05447325912444962,32.5,0.8602599376281824,0.06040122217030234,25.0,0.8417609206229274,0.04049496648152738,0.0548236499589629,0.0021518370474375033,0.050274550393140924,0.0017958599629621032,0.04521999733259131,0.0014418683361199338,0.04003646979325658,0.0011219968139527968,0.036202001845772075,0.0009089809222448263,0.03018509052435072,0.0006200722213588861,0.9393797706295162,0.0,70.0,0.0,1.1682624816894531,1.0,0.0,0.8794175386428833,0.045772150171107535,0.002151837047437503,,
12,чужие хапаксы,0.7477619076648357,0.654116728399533,0.7485090711971272,0.7614332935320012,0.7719923485741146,0.8073802964957488,0.8778952481145299,0.931558299297119,1.0048130980721675,1.3424193997610754,1.2445350752716298,1.0786513184195163,0.08115472319328365,0.8271933711756922,26.865671641791046,15.0,0.8248992306003434,0.10475685769182572,20.0,0.8299270906970746,0.097432404182446,65.0,0.8268816437634244,0.06835181112549292,40.0,0.8149526883196332,0.0917640792670828,37.5,0.8175973171664233,0.04938655053127322,22.5,0.8649480084908018,0.0859289782577581,0.08115472319328362,0.004506524043899254,0.07485955695236288,0.0037923910671740302,0.06990029507546401,0.003274650259594599,0.06682288872959195,0.002969164907482599,0.059131121207648595,0.002286430971747935,0.0406371943008965,0.0010399002400311402,0.9569664385586704,30.0,40.0,0.0,1.5904121398925781,1.0,0.0,0.9768422245979309,0.09212935759432742,0.004506524043899254,0.0005208603560271188,0.004506524043899254
12,перемешивание,0.7720071568853496,0.6837782996164065,0.7726606644745494,0.7831838699156988,0.8003234184251424,0.8174741525405403,0.8459657344727706,0.9207074387341456,1.009061186431249,1.30595646035309,1.2343646380687339,1.057998925176897,0.06453045236074524,0.8354419774791559,0.0,0.0,,,0.0,,,100.0,0.8354419774791559,0.06453045236074524,40.0,0.8296973437024768,0.05310034394643471,35.0,0.8592624143169038,0.07554628957976893,25.0,0.8112847799489952,0.042520532384468124,0.06453045236074526,0.002906444303939425,0.05629259104856373,0.0021882366373829564,0.05275131938860789,0.0019079924691069088,0.04993495706190307,0.0016988996172823839,0.04304699459037433,0.0012459110560445541,0.02439596822427083,0.00038866851069653785,0.9437098599576013,0.0,70.0,0.0,1.1950165033340454,1.0,0.0,0.9562899470329285,0.12306704051877039,0.0029064443039394277,,
13,исходный,0.7520473020445979,0.6747298191578344,0.7524079537379638,0.7637685433544908,0.7743314693705069,0.7935361342605278,0.8106162028979551,0.8485061220431511,0.9906612186591942,1.3166543678035139,1.2484134948465344,1.054662075697418,0.053028140231127445,0.8016401718856742,0.0,0.0,,,0.0,,,100.0,0.8016401718856742,0.053028140231127445,52.5,0.7939435721621373,0.039592063667057226,37.5,0.818926458182887,0.06482584941248164,10.0,0.7772237468196952,0.021788731002760586,0.053028140231127445,0.0018070565232326849,0.03793792530669167,0.000913773787842669,0.03490056899131435,0.0007692853874258143,0.03207602490221081,0.0006466323791887459,0.028192768927040996,0.0004955319157847627,0.021615513858193266,0.00028677396124657993,0.8860366253417362,0.0,80.0,0.0,3.087573289871216,1.0,0.0,1.2409528493881226,0.11221111722794884,0.0018070565232326846,,
13,чужие хапаксы,0.7368751347681345,0.6398735425842532,0.7391261158436443,0.7521518260275257,0.7650836729158247,0.8072805443060149,0.8462296564780133,0.8828010795615383,0.9868598213631592,1.3351710894922848,1.2224496531271183,1.092209471430432,0.07337400887682821,0.8167248186342592,26.865671641791046,10.0,0.7801969017248147,0.043892002175553294,20.0,0.8310693568526201,0.065983278699683,70.0,0.8178446529875053,0.07589673061271421,52.5,0.8204043733207731,0.06811293029101792,35.0,0.7986519363088652,0.05376362298306287,12.5,0.8518747594620034,0.10659176652838076,0.07337400887682823,0.0035911703118617967,0.06654135133837148,0.002922017699120243,0.060648969283645854,0.002404146450071181,0.05625292552346766,0.0020513252333800138,0.051449660852385073,0.0016946686585169537,0.04292592688353989,0.0011478973098754057,0.9328972105932474,20.0,60.0,0.0,0.727434515953064,3.0,0.0,1.1613147258758545,0.07681841417196876,0.0035911703118617967,0.04885868164466514,0.003591170311861795
13,перемешивание,0.7670276010845608,0.6971396166583321,0.7673858902652805,0.7759891714092908,0.7842763525730025,0.8162143712314718,0.8322140653485219,0.8600115145063403,0.9058623034988308,1.1804521232279628,1.1098338076700387,1.0636296309140003,0.04342769583356979,0.8157604902049347,0.0,0.0,,,0.0,,,100.0,0.8157604902049347,0.04342769583356979,52.5,0.8096364225143072,0.0363364371167383,37.5,0.8168027439070971,0.04785008064752437,10.0,0.844003394197619,0.0423828981610825,0.04342769583356979,0.0012550438771468885,0.04028241225172278,0.0010737245088725978,0.03687027473703601,0.0008944332169741954,0.034700680765872606,0.0007886579572555691,0.03218252388054358,0.00067342370196079,0.026231659333303695,0.00043971967611332297,0.8816273134159113,0.0,60.0,0.0,1.3500725030899048,1.0,0.0,1.0834630727767944,0.07956951296402019,0.0012550438771468892,,
14,исходный,0.802904087437797,0.7121678284365065,0.8046530792220389,0.8183676196882722,0.8267321751814605,0.8549245314557016,0.8924581441770892,0.9259837983974323,0.948058914621659,1.1782207004517635,1.1089387188450133,1.062475933457269,0.04804540322663028,0.8641960545573774,0.0,0.0,,,0.0,,,100.0,0.8641960545573774,0.04804540322663028,70.0,0.8695493555391774,0.05210169572436157,17.5,0.8671893439595383,0.022949905398027593,12.5,0.8300269638962721,0.024167775914959427,0.048045403226630264,0.0017239642027060981,0.04615717197007366,0.0015832116925016846,0.04396585802735278,0.0014289948053822182,0.0416918041054017,0.0012783310239246105,0.037966716031964505,0.001050157023825927,0.030537303540661764,0.0006652700398165505,0.9387855732032053,0.0,100.0,0.0,0.7325454950332642,1.0,0.0,1.0975605249404907,0.09719998132613858,0.0017239642027060964,,
14,чужие хапаксы,0.7514222630933661,0.6686147910372685,0.7539781127760911,0.7663493015953031,0.7795651615551286,0.7994711778336128,0.8495051817892652,0.908419271865972,1.0085963362289645,1.3376997543276,1.2615793591984565,1.06033738153223,0.07021666583120957,0.8206126092048542,29.35323383084577,25.0,0.8036346461391789,0.03389576592864595,17.5,0.8449101996817758,0.05056891120898153,57.49999999999999,0.8205994134360847,0.08256957139478063,40.0,0.8173253047606582,0.04529345934423693,42.5,0.8189479516184216,0.07753802880046111,17.5,0.83216918778721,0.09216439778865324,0.07021666583120957,0.0033201429200926625,0.060994477116613315,0.0024759419397169923,0.053622001687524685,0.0018945208352559985,0.04873350027829445,0.0015524560817111407,0.040050539756598114,0.0010337201161472198,0.03360772618086643,0.0007127809021149218,0.9454853034830475,10.0,40.0,0.0,1.5134735107421875,2.0,0.0,0.9990456700325012,0.008696101030956282,0.0033201429200926625,0.05282247476442308,0.003320142920092662
14,перемешивание,0.7400556349922078,0.6642674952751253,0.7453284131117613,0.7579183528319614,0.7745401994520769,0.7947755193884356,0.8256388876445614,0.8597384798477145,0.9452471319074393,1.2682290320330245,1.1893259276969033,1.0663427093436995,0.05851139449469295,0.8054971545839079,0.0,0.0,,,0.0,,,100.0,0.8054971545839079,0.05851139449469295,60.0,0.8086193162959213,0.0664759196402645,22.5,0.8101140872157501,0.030028976591387268,17.5,0.788856543901779,0.052079693643087885,0.05851139449469295,0.0022213087056060185,0.05238441905665424,0.0017646543946537065,0.045933113329149726,0.0013451013460777767,0.041769594666364956,0.0011047997639128035,0.036169149929868936,0.0008195242099291473,0.028282980882683943,0.000491040060632614,0.9035834687405668,0.0,80.0,0.0,1.628746747970581,1.0,0.0,0.90955650806427,0.026607777586683055,0.0022213087056060193,,
15,исходный,0.778477145919014,0.6968697795230061,0.7796893277828316,0.786565050606909,0.7908851336801277,0.8196587983514292,0.8663882009414084,0.9294972102161744,1.0705462653764932,1.3730420915478716,1.3060876885963664,1.0512633290521713,0.07405274784561569,0.8404954306455291,0.0,0.0,,,0.0,,,100.0,0.8404954306455291,0.07405274784561569,57.49999999999999,0.828468536129041,0.05698758849400056,32.5,0.8463735656192225,0.06857043095600852,10.0,0.8905461354508342,0.12055882362289282,0.07405274784561569,0.0038739416068462756,0.06087749145184695,0.0025814684051700568,0.05696992126298104,0.002243259697100033,0.053177941499295854,0.001940048073010487,0.04461267415280409,0.0013451867443546365,0.032154994488968795,0.0006804922829935996,0.9691523367734591,0.0,50.0,0.0,1.4243812561035156,1.0,0.0,1.0147922039031982,0.08903294199758101,0.003873941606846274,,
15,чужие хапаксы,0.7885487347423549,0.6954046176281831,0.7910773727986045,0.7970054438514518,0.8101019502657826,0.847845794351227,0.8699093107175047,0.8900729422864889,0.9505920594059721,1.201642332459909,1.1211850854710752,1.0717608966007866,0.04778689098732713,0.8471371016675107,28.855721393034827,12.5,0.8369670281429465,0.02846723507602745,17.5,0.8385941833692486,0.03809273279080894,70.0,0.8510889158000339,0.05164935795469111,50.0,0.8587195636524456,0.048971801442618416,37.5,0.842793270854029,0.04311455526248007,12.5,0.8138387461682154,0.023746174571032144,0.04778689098732713,0.001638796236887655,0.04429665081949851,0.0013993458240092484,0.040366555623690605,0.0011546728566722841,0.037564235745819935,0.0009945956927249785,0.03577828571956694,0.0008960516948578261,0.03170547568845,0.0006918112319598772,0.9205038024703528,10.0,90.0,0.0,0.767974853515625,1.0,0.0,1.039989948272705,0.12982095802893562,0.0016387962368876556,0.022353198861955262,0.0016387962368876548
15,перемешивание,0.7795356056923068,0.7057912884167157,0.7803447027990973,0.7845720774901827,0.7979443621610015,0.8130050586464572,0.8473800283931805,0.9437243130315182,1.079526727716298,1.3833972651368487,1.3278228914264854,1.041853754796063,0.07884823826058777,0.8399104429553624,0.0,0.0,,,0.0,,,100.0,0.8399104429553624,0.07884823826058777,47.5,0.8250763319462966,0.06866787029952949,40.0,0.8512935328639614,0.08697227843671489,12.5,0.8598541770822962,0.07072774077028442,0.07884823826058777,0.004385811383164523,0.06556450450543401,0.002988315056430838,0.0593056137533003,0.002421201725977189,0.05402952268291149,0.00199212631790561,0.04348078561255757,0.0012692563018674252,0.0233946619119676,0.00035679273007628847,0.9837302188222271,0.0,60.0,0.0,0.90509033203125,1.0,0.0,0.9243085980415344,0.04698631477463333,0.004385811383164525,,
16,исходный,0.7757270769646147,0.7189280511847909,0.778329128175971,0.7835968709757285,0.800437254452397,0.8257798858844043,0.8567924044192672,0.8763799752073568,0.9449473321941945,1.2140716542482437,1.144308971854119,1.0609649003110484,0.04533385015246364,0.8304299869452325,0.0,0.0,,,0.0,,,100.0,0.8304299869452325,0.04533385015246364,62.5,0.8358591945570466,0.04226781074306575,22.5,0.8156772154957717,0.03724085844026472,15.0,0.8299374457368662,0.05919971074988271,0.04533385015246364,0.0014172656324863658,0.04023894440738388,0.001108721559608109,0.03814264747734327,0.0009915515153514313,0.03638039796034562,0.0008981634057455262,0.03379519835656856,0.0007691938518379168,0.027906587584239143,0.000515142889418212,0.8988247046630798,0.0,50.0,0.0,1.8500076532363892,2.0,0.0,0.9207013845443726,0.047576849577320265,0.0014172656324863667,,
16,чужие хапаксы,0.7597387460325525,0.6871020921119544,0.761393876074527,0.766046951219626,0.7828188983058658,0.8002043608121392,0.8344611189059062,0.8699413506628749,0.9188354111423659,1.2067806690008471,1.1482509420591338,1.0509729404939596,0.05061607291957976,0.8128206969587989,34.82587064676617,15.0,0.7988422844738651,0.029941724200329468,32.5,0.8053934830728497,0.04755534359045139,52.5,0.8214123281696059,0.0542908244980399,75.0,0.812420481064504,0.050800502249178384,22.5,0.8130464115499346,0.05266511218652605,2.5,,,0.05061607291957976,0.0016926470216374972,0.046850385305252915,0.0014404763766058919,0.04388113046515966,0.0012562402730830707,0.040489056006167465,0.0010630638638945641,0.03579502450541265,0.0008225959329635086,0.02578756936213708,0.000417767551824824,0.8937823542447088,10.0,90.0,0.0,0.7941650152206421,1.0,0.0,0.8612316846847534,,,0.05080268202903544,0.0016926470216374972
16,перемешивание,0.7790399843342589,0.7030872222287479,0.781221515490794,0.7901671885531134,0.8001069594959158,0.8156284519832706,0.8487810176947748,0.9096549573115413,0.9779208465802927,1.2517843238942599,1.198978338975785,1.044042484506921,0.05686425636012991,0.8343387046517409,0.0,0.0,,,0.0,,,100.0,0.8343387046517409,0.05686425636012991,52.5,0.8458024094228904,0.06445219395211302,32.5,0.8118381424217342,0.03463700097265408,15.0,0.8429669561177319,0.04211826916232798,0.05686425636012991,0.0022509378796903936,0.050598039116860734,0.001766489042133716,0.04692819835356516,0.0015093459089459422,0.04382206725299942,0.0013081423638775357,0.037492764814697745,0.0009463177567950442,0.02380788042166755,0.00037236133408501815,0.9313095947403254,0.0,80.0,0.0,1.4551368951797485,1.0,0.0,0.8905180096626282,0.10871031144197296,0.002250937879690395,,
17,исходный,0.7545348659231228,0.6675465017139454,0.7564927304231277,0.7600056277199793,0.7777920241103906,0.8272816191090471,0.8487637060791853,0.8992071738143889,1.0080090400865298,1.3324768362581911,1.2184593695821742,1.0935751076501754,0.0691958757857182,0.8289730439755976,0.0,0.0,,,0.0,,,100.0,0.8289730439755976,0.0691958757857182,42.5,0.8299869028460519,0.0815584763437301,37.5,0.8343242898972387,0.061438026277090586,20.0,0.8167850077728052,0.048717611924470966,0.06919587578571823,0.0032903434926530905,0.06103529754266232,0.002531742493360598,0.056606446170419766,0.0021599787084029044,0.053506441901778355,0.0019166542160751429,0.048872133767249686,0.0015799255953394436,0.04004329948521877,0.001033192652316692,0.9386024955439302,0.0,80.0,0.0,1.633915662765503,1.0,0.0,1.021842360496521,0.012425737434107232,0.0032903434926530918,,
17,чужие хапаксы,0.749224001756289,0.6706763804241712,0.750568186638202,0.7555283684286507,0.7667491305317522,0.7981347787487416,0.8495247792339231,0.8979292251230954,1.1871697993506283,1.5816948019978927,1.4874302322870678,1.0633741117160729,0.10366287631178596,0.8248368306785295,27.363184079601986,7.5,0.7758501971552852,0.02487407967975892,17.5,0.8649993186761263,0.16284862761810334,75.0,0.8203642468314148,0.08126603746259221,45.0,0.8127571549350313,0.081813447971313,30.0,0.8200969275217301,0.0896409273457097,25.0,0.852268130804986,0.13762810655768878,0.10366287631178596,0.007311097903467098,0.07799418324134824,0.004045960237961362,0.06725964539916666,0.0029683697612848388,0.05960938116582964,0.0023061383932938447,0.05273704021695045,0.001778620047206646,0.040175659536974544,0.001000901789317527,1.000810841889938,10.0,70.0,0.0,2.3991661071777344,1.0,0.0,1.1488745212554932,0.03563382947515506,0.007311097903467096,0.06527873558481793,0.007311097903467096
17,перемешивание,0.7551939444408438,0.6685634265461338,0.757540781645017,0.7612157366289943,0.7844903162341925,0.8053660604630188,0.8294013863751171,0.8740734869739423,0.9845144820617014,1.2996191174339233,1.2224434706072504,1.0631322827454228,0.05892254975839242,0.815822695521156,0.0,0.0,,,0.0,,,100.0,0.815822695521156,0.05892254975839242,30.0,0.8319885270333088,0.04981436121288638,52.5,0.8128706015997619,0.06700846904442498,17.5,0.7969661232645056,0.02886842934126536,0.05892254975839242,0.0023107588732004234,0.04962374270838098,0.0016216351665634605,0.04416129767011606,0.0012742841918727045,0.0411785775013694,0.0011015718601608733,0.036191231523572814,0.0008421330337833013,0.028663591270286212,0.0005178192602927676,0.9137109632377702,0.0,70.0,0.0,0.977740466594696,1.0,0.0,0.7798565030097961,0.06283664664170409,0.0023107588732004234,,
18,исходный,0.7780725298828075,0.6911752607829063,0.7789616815539153,0.7833925904696384,0.7909596699809143,0.8147170496680357,0.8566825413552228,0.8757077723368418,0.9004992284301088,1.1560250648449661,1.105290761739951,1.0459013183328782,0.043943095848564914,0.8235715921741139,0.0,0.0,,,0.0,,,100.0,0.8235715921741139,0.043943095848564914,62.5,0.8184177788117553,0.03862749942380925,27.500000000000004,0.8409930793301879,0.04851019491076248,10.0,0.8078738360096533,0.03966724259588436,0.043943095848564914,0.0013097367582789103,0.04194608274507485,0.001187688950767728,0.04013216117307225,0.001082239616323148,0.03876816468111411,0.0010058194902000713,0.03587387020514414,0.000854181173241903,0.02770024393288991,0.0004988105010100041,0.8856852290561079,0.0,60.0,0.0,1.1206703186035156,1.0,0.0,0.968460738658905,0.09521595330581661,0.0013097367582789083,,
18,чужие хапаксы,0.7430459289466878,0.648689622683799,0.7451197870922421,0.7506645539861974,0.7640419912091932,0.7868470226069615,0.8204371498232433,0.8679642454562412,1.0049676441895148,1.348732997832877,1.2772084221147353,1.056000707856056,0.06850455893792348,0.8020845398355491,33.33333333333333,17.5,0.7872963974609597,0.06352773023455197,25.0,0.8090614888989404,0.08625658672743118,57.49999999999999,0.8035518227046018,0.059448159297796,37.5,0.7904744441059838,0.05362009765033529,37.5,0.8148343082798986,0.08628037326502058,25.0,0.8003750307633728,0.048690372963311926,0.06850455893792347,0.0030191121074158557,0.056317018686374995,0.002014038610306805,0.047518796461101825,0.0014192723939129468,0.04352391842102136,0.0011826014703655394,0.037639364576420795,0.0008743770310135731,0.027067665449437426,0.0004420060702900257,0.9174052515763197,30.0,60.0,0.0,1.3905891180038452,1.0,0.0,1.1727936267852783,0.037175565418422075,0.003019112107415857,0.017116948049906235,0.0030191121074158557
18,перемешивание,0.7532682114503962,0.6795229217609855,0.7532881759284061,0.7629573656497162,0.7743254130172681,0.7999932650474018,0.8345827363756868,0.8665657912520089,0.9269581020119301,1.230549120022335,1.1587073823140315,1.0620016225018174,0.054061897378530864,0.8107947616829364,0.0,0.0,,,0.0,,,100.0,0.8107947616829364,0.054061897378530864,57.49999999999999,0.8128719081795659,0.06084249852635947,27.500000000000004,0.797517236677729,0.040248182318587816,15.0,0.827174495955404,0.03697849960097843,0.054061897378530864,0.0019213409362429557,0.04975911898658086,0.0016157363544269739,0.04555270117468785,0.001344617788283023,0.04194163790405101,0.0011326579128272196,0.038217805249450225,0.0009316012713112042,0.03068080068425773,0.000587921199801742,0.8959008116749262,0.0,70.0,0.0,1.657313585281372,2.0,0.0,0.9141563177108765,0.04746981440383145,0.001921340936242956,,
19,исходный,0.747284658051999,0.6685156750094603,0.7476141032640011,0.7562594392436112,0.7684789069062616,0.7839455999163223,0.8244709092262038,0.871083933760347,0.9940886332154096,1.3296814879164636,1.2680581832738367,1.0485965907995873,0.06833456739160751,0.8035605661440082,0.0,0.0,,,0.0,,,100.0,0.8035605661440082,0.06833456739160751,60.0,0.8113253213995405,0.06902834537653371,35.0,0.7898849796672229,0.06646032192685417,5.0,,,0.06833456739160751,0.0030152139301144296,0.05789221181399677,0.002137867164562743,0.04930545259255582,0.0015347835431922105,0.04476909326534414,0.0012561314911618705,0.037012100145630576,0.0008476188662789695,0.027788002976239873,0.0004674267920336711,0.9222511000939357,0.0,90.0,0.0,1.5739456415176392,1.0,0.0,1.0414519309997559,,,,
19,чужие хапаксы,0.726841071362882,0.622963696370806,0.7269396441938,0.7311924785232808,0.7423433428256793,0.7764501952631125,0.8007977221296363,0.8323466556252478,1.0637540831155443,1.4633320546099569,1.3700223009861878,1.0681082005428681,0.0760752844840788,0.7856858115845327,21.890547263681594,7.5,0.7412091991164508,0.01350655516953334,22.5,0.7927759132814788,0.046909378199533606,70.0,0.7881722016606657,0.0842952379625552,30.0,0.7825737190264831,0.05574922934389202,47.5,0.7870908782828119,0.0512528114325473,22.5,0.7868690164100092,0.12636176974977628,0.07607528448407878,0.0035726049124343204,0.0518686776171624,0.001630759446487681,0.04620718143097768,0.0012836997960089817,0.042664618349176155,0.0010874626922180595,0.03941356931290382,0.0009196077462017921,0.033237699014065196,0.0006409226903316613,0.8996448010517379,20.0,60.0,0.0,2.2964653968811035,1.0,0.0,1.0966068506240845,0.0011639353090543978,0.00357260491243432,0.04590510990196959,0.0035726049124343204
19,перемешивание,0.7497069255789538,0.6848459614669791,0.7499644840028502,0.7521874397053115,0.7590416201752213,0.7818797941577155,0.8176802142224613,0.8822299629761898,0.9350860863104832,1.2468404921251304,1.1959460946523246,1.0425557620869204,0.06028494030405288,0.798170765368263,0.0,0.0,,,0.0,,,100.0,0.798170765368263,0.06028494030405288,57.49999999999999,0.7989559599988343,0.0679218360395464,27.500000000000004,0.7989072119104331,0.049029277323780936,15.0,0.7938107006237619,0.04562248349680476,0.060284940304052875,0.002315310834358765,0.05458744778906148,0.0018816914511842393,0.05090560659435526,0.0016248953263414156,0.047495018138298775,0.0014050624693654817,0.03947245708958853,0.0009573893783453235,0.027084877601987183,0.0004399179581019145,0.8981990825450927,0.0,90.0,0.0,2.1036078929901123,1.0,0.0,1.0723750591278076,0.0014491259451134173,0.0023153108343587653,,
20,исходный,0.7581866891270193,0.6138138444423082,0.7600128689948402,0.768645066209914,0.775875824289993,0.7969538794456967,0.830042921020538,0.8458595666117038,0.9406589346890916,1.2376881669558648,1.1803179066564624,1.048605769662444,0.04607347808426547,0.8059643203631188,0.0,0.0,,,0.0,,,100.0,0.8059643203631188,0.04607347808426547,42.5,0.8099693879359267,0.05580936962328197,35.0,0.7971165231921367,0.02901570087327822,22.5,0.8121624327693424,0.04346422242966426,0.04607347808426547,0.0013789027228400216,0.03814611799729933,0.0009371352284638606,0.03609924963758873,0.0008355030337504493,0.03418735015512552,0.0007461371745921855,0.031266853439865315,0.0006194248069581035,0.025330041711607403,0.000399649132791673,0.8757523932351823,0.0,80.0,0.0,1.1122627258300781,1.0,0.0,1.0193181037902832,0.031082834589687965,0.001378902722840022,,
20,чужие хапаксы,0.7480651556217458,0.6297276610113498,0.7502008802851269,0.7619826711781221,0.7678303655278916,0.7883552689269424,0.823539454586736,0.8355215854613881,0.9326501714459619,1.243200582611276,1.183032838374283,1.0508588961230148,0.04726090570782941,0.7970972516082371,30.845771144278604,27.500000000000004,0.7868861489442025,0.04174059890675235,17.5,0.8047151891755276,0.048686108946811524,55.00000000000001,0.7997789137142984,0.04801521908743745,30.0,0.7945043096241734,0.06267903684477348,42.5,0.7940120233113342,0.03921131582379916,27.500000000000004,0.8046939956860655,0.036808782562508545,0.04726090570782941,0.0014191447789190046,0.03929060567968516,0.0009723090677530191,0.037170849326448485,0.0008662002977347067,0.03494119452168648,0.0007618599144609305,0.032890381668882814,0.0006704484259350893,0.026738919252595587,0.0004352383485103849,0.8660139883372023,40.0,60.0,0.0,1.2077171802520752,1.0,0.0,1.0162147283554077,0.015454953733355325,0.0014191447789190046,0.0301479539820353,0.0014191447789190044
20,перемешивание,0.7200727494467124,0.6232411128120744,0.7220742936614869,0.7268378251064241,0.7355082526760957,0.7612012812075002,0.8396391930300158,0.8507256156722075,0.9144033160842119,1.2663562795560344,1.2012635010725232,1.0541869277018692,0.06854011695662139,0.7829535288002225,0.0,0.0,,,0.0,,,100.0,0.7829535288002225,0.06854011695662139,42.5,0.7928162622050065,0.07008640828844317,25.0,0.7758950573680876,0.06058435998862317,32.5,0.7754857016033012,0.06947018240742643,0.06854011695662139,0.0028797955349513385,0.06412689158349764,0.0024992236498644614,0.06163441360840616,0.0022931079248438694,0.05976610886385598,0.002143104945578024,0.05618074912598169,0.0018712319211190728,0.04340401412863019,0.0010808109100230337,0.8738074702256314,0.0,80.0,0.0,0.7799431085586548,1.0,0.0,0.9281876683235168,0.024974512841816728,0.0028797955349513385,,
21,исходный,0.7885629604058326,0.6959453188297775,0.790075267730783,0.7942914719399707,0.8106175657947913,0.8282263105925742,0.8615959212047412,0.904736500300245,0.9569981752938072,1.2112746903753262,1.1554790798774552,1.0482878586636017,0.05044598205834248,0.8411479708408139,0.0,0.0,,,0.0,,,100.0,0.8411479708408139,0.05044598205834248,52.5,0.8447269701085572,0.05217122365501614,40.0,0.8417565900562187,0.047627566399679536,7.5,0.8128490068177842,0.03785686484416824,0.05044598205834248,0.0018005200643291062,0.04611049747601973,0.001493728142985793,0.04091617921342742,0.0011675729622366543,0.038663175651971124,0.0010373862358424588,0.033760168371762586,0.0007831625572409562,0.026095314618343336,0.000458976031105816,0.9266270516950744,0.0,70.0,0.0,1.3149207830429077,1.0,0.0,1.177051305770874,0.03717557465606812,0.0018005200643291055,,
21,чужие хапаксы,0.7584705345060451,0.6752636160443841,0.7607250451231712,0.7712435543946741,0.7821317976809411,0.8233226537016676,0.8782670123906728,0.8932303419720046,1.0407742484817912,1.3681345910114955,1.2641146746083798,1.0822867723099099,0.0765055393477949,0.8364392095403946,37.3134328358209,30.0,0.830830325148193,0.05000305121548972,27.500000000000004,0.8381191824893289,0.09482786699210165,42.5,0.8393113807326381,0.07810629860735596,47.5,0.8437274303907405,0.07968288981627038,32.5,0.8436876923709313,0.08392686834310678,20.0,0.8073509004212005,0.02865113247094575,0.0765055393477949,0.004095005866092486,0.06700594888044638,0.0031019702994983522,0.05684139094045498,0.002205418660699053,0.05191415904388558,0.0018245106769469064,0.0479577634250969,0.0015398725360166424,0.0398609381218281,0.0010369000006867435,0.9637972850456155,40.0,80.0,0.0,1.0087372064590454,1.0,0.0,1.1149685382843018,0.051656271929646586,0.004095005866092486,0.003350420443376177,0.004095005866092486
21,перемешивание,0.7588750337518366,0.6923287330481487,0.7605874121822168,0.7663410832064648,0.7769098379170252,0.804464705566882,0.8365068338061379,0.873219014948547,0.9925292753285241,1.3049509621528421,1.2337760357418275,1.0576886925577376,0.06023173596459142,0.8163462178765147,0.0,0.0,,,0.0,,,100.0,0.8163462178765147,0.06023173596459142,67.5,0.8217368671219412,0.06422544818636917,22.5,0.8079570641382031,0.053338596918485484,10.0,0.7988349313810875,0.028978289321328177,0.06023173596459142,0.002417683968333241,0.05023755814129041,0.0016633584492270453,0.045853311864644926,0.001375770366018772,0.04192737969074377,0.0011426985602544849,0.03791426541728926,0.000925383813648185,0.031248595209146836,0.0006160546808320653,0.9143915634935389,0.0,90.0,0.0,1.0202842950820923,1.0,0.0,0.9555068016052246,0.027346185836304757,0.0024176839683332403,,
22,исходный,0.7675177761080995,0.5805504428023258,0.7684995748478827,0.7700787779295662,0.7839615268355421,0.8172168464872495,0.8665245268235426,0.9180342625620653,1.0141217348535485,1.3196126166423507,1.2409457039617835,1.0633927112438675,0.0705349536044851,0.8335328973443179,0.0,0.0,,,0.0,,,100.0,0.8335328973443179,0.0705349536044851,47.5,0.8289361017106223,0.07001922466736715,32.5,0.8534045804226001,0.07177056538460265,20.0,0.8121588019721357,0.05557724752226202,0.0705349536044851,0.0034566408650407625,0.06254323584829362,0.0026876177647246397,0.05809400667640603,0.002299685605844219,0.0542500583299804,0.0019902590077868665,0.048190683597103906,0.0015496523028057981,0.03577755093795302,0.0008299964882995101,0.950158703435417,0.0,80.0,0.0,2.039238691329956,1.0,0.0,1.2131469249725342,0.06646470737938519,0.003456640865040762,,
22,чужие хапаксы,0.7526945783280469,0.6169081047115554,0.7553340802694181,0.7705654245187492,0.7735134911615292,0.8000266469451895,0.8378712525277354,0.9233716445483063,0.9657964092667565,1.2786347584399598,1.2072053011665798,1.0591692707150593,0.06638039106134866,0.8162434233493556,20.398009950248756,20.0,0.8025040049829418,0.04446119997826717,12.5,0.8267330074696828,0.07193269858699688,67.5,0.818371846546751,0.06951410150250102,35.0,0.8134005892406291,0.04932701268285677,30.0,0.8463903046540026,0.07957541683848111,35.0,0.7932460734826707,0.050011724636821644,0.06638039106134865,0.002935749552756977,0.060588046589431704,0.0024228306893020867,0.05698334053986146,0.0021271249086753643,0.05292777311004844,0.001821121641951834,0.04137708193681275,0.0010945682433153106,0.030121940692014203,0.0005662775849848175,0.9328920261659205,10.0,40.0,0.0,1.8768829107284546,2.0,0.0,1.0691981315612793,0.15688881485737088,0.0029357495527569783,0.018586776354192466,0.002935749552756978
22,перемешивание,0.7588784507675054,0.6223451315084693,0.7595216320167111,0.762955838803228,0.7795141936953415,0.8092674189126903,0.8584560147019118,0.9348393334366584,1.4661380727333007,1.930344062538883,1.8116855299860755,1.0654962081381307,0.13870533354920903,0.8385250804494706,0.0,0.0,,,0.0,,,100.0,0.8385250804494706,0.13870533354920903,37.5,0.8347041000680122,0.08103352651909806,42.5,0.8574220525917666,0.185945791674919,20.0,0.8055333528623264,0.06988367250197071,0.13870533354920903,0.013527527828773358,0.0720926671700568,0.003515463964199819,0.06216804017557212,0.002581666111703205,0.05796733826117353,0.0022262304954608933,0.04724503640239267,0.001453589653278402,0.036705358138586136,0.0008539150732722169,1.0593152521427105,0.0,60.0,0.0,1.6406784057617188,1.0,0.0,1.045390009880066,0.027716179415653467,0.013527527828773355,,
23,исходный,0.7831135068904492,0.7000585090763671,0.7839752837858059,0.7866579225079264,0.7981662534722898,0.8152204636243989,0.8482095065751688,0.9201620854513944,1.0359716639496157,1.321434087752005,1.2707871185467747,1.039854802166352,0.07067923608153796,0.8357461077443584,0.0,0.0,,,0.0,,,100.0,0.8357461077443584,0.07067923608153796,52.5,0.8456956518996764,0.07814049611443458,27.500000000000004,0.8166277276663944,0.030963107767755432,20.0,0.8359163269438499,0.07882274154121527,0.07067923608153796,0.0034892526670260273,0.06048970055288706,0.0025244071178516883,0.051059272440422944,0.0017789401654445675,0.04420208286815348,0.0013214591437302379,0.033589317335650494,0.000752186220763699,0.02200792476023199,0.0003161637170720756,0.9703988452914117,0.0,80.0,0.0,2.2692627906799316,1.0,0.0,1.1933414936065674,0.0437037054236707,0.0034892526670260264,,
23,чужие хапаксы,0.7576661825359791,0.6717371073443805,0.7590711175103209,0.7648373291763553,0.7822032029186473,0.8320698951590703,0.9145844598542403,0.9436466392119681,1.054808828855663,1.3896047478599014,1.2676925760593836,1.0961685617655672,0.09483894962775524,0.852060338260166,26.368159203980102,15.0,0.804075842184932,0.043505881798353435,25.0,0.8330896706365489,0.07638754346103399,60.0,0.8719609071221482,0.10108090295033384,40.0,0.8432493274326615,0.09696972355014734,42.5,0.8618272736612175,0.08532974879504382,17.5,0.8484800913204799,0.10850384303900328,0.09483894962775523,0.006530014884387895,0.08849455806206537,0.005616400527347158,0.0819623571315211,0.004760301309828953,0.0751121125629463,0.0039507845777705325,0.06624590817800935,0.0030169747949363836,0.0545597502815841,0.001973781895742208,1.0125172002299563,10.0,60.0,0.0,1.4794288873672485,1.0,0.0,0.9744361639022827,0.01130759760642005,0.006530014884387894,0.10305763977472782,0.006530014884387897
23,перемешивание,0.7758858349216778,0.6779461959497728,0.7780574326646441,0.7848585992950395,0.797410673915961,0.8162534427256485,0.8871532240494189,0.925077974258199,0.9826952784897443,1.2630112344332587,1.2039095053716529,1.0490915046337814,0.06660431347703923,0.8423747381987976,0.0,0.0,,,0.0,,,100.0,0.8423747381987976,0.06660431347703923,40.0,0.8333197328383064,0.07031196925625827,45.0,0.8583175715373282,0.06495267172153911,15.0,0.818692919144515,0.03793811587591228,0.06660431347703925,0.003147859798113527,0.06207249447962359,0.0027107607652566558,0.058810836807291246,0.0024156126012262456,0.05679218189484857,0.0022390493781265825,0.05201435418068614,0.0018545079889528745,0.0390416575245862,0.001013066975171561,0.9435209445067431,0.0,70.0,0.0,1.2082847356796265,1.0,0.0,0.8155730366706848,0.0734784321446164,0.003147859798113527,,
24,исходный,0.7779772483694093,0.6884515310886767,0.778403453096254,0.7825790132471514,0.7908728709013064,0.8224319829414064,0.8672913385351232,0.893291150016518,0.9375175870426902,1.2044108788489158,1.1399332789681684,1.0565626085932946,0.05315148966845962,0.8320340103070339,0.0,0.0,,,0.0,,,100.0,0.8320340103070339,0.05315148966845962,65.0,0.8292894915942444,0.050624068556115974,20.0,0.8467296785918996,0.05746719790580839,15.0,0.8243327003493018,0.05237479821147454,0.05315148966845962,0.001955748652557799,0.049909930300586,0.001713278434945617,0.048205172384303926,0.0015902450466119065,0.04626181324765375,0.0014569948065691056,0.04287258601430932,0.0012391334134481831,0.03346674436886457,0.0007368198394910966,0.9087930754354513,0.0,60.0,0.0,0.7263832092285156,2.0,0.0,0.8203261494636536,0.02913723518620232,0.001955748652557799,,
24,чужие хапаксы,0.7485078477261407,0.6572557494297984,0.7489790809921679,0.7520361819981071,0.7631143697311515,0.7930031207184743,0.8578939321762863,0.8891512380733771,0.9292523904199996,1.2406920486871607,1.1718142919514378,1.058778730733024,0.0650713201741306,0.8101632858580669,24.875621890547265,2.5,,,27.500000000000004,0.7901629738731557,0.039846612883000676,70.0,0.8160979982523866,0.07023060496438624,55.00000000000001,0.8079135420679904,0.06048426866545155,25.0,0.8288485893912629,0.07552282084016668,20.0,0.7929934518642828,0.05178453626382817,0.0650713201741306,0.0027792291257636445,0.0616702999423511,0.0024775206069538253,0.059709912911938064,0.002308427860650882,0.05781676630949146,0.0021514618646014103,0.053250644619421944,0.0018021438222785688,0.041527846904235534,0.0010629189807442685,0.9008733379511137,0.0,80.0,0.0,1.3871345520019531,1.0,0.0,0.8824146389961243,0.05362261119163119,0.0027792291257636454,,
24,перемешивание,0.7713344196504798,0.6930647903793736,0.7720055254340875,0.7799222569485582,0.7858247256350634,0.8157620956979618,0.8454734847460937,0.8744384975941406,1.2412377761869609,1.6078094460386547,1.5215683380397373,1.0566790894913227,0.09044971057272036,0.828700628361888,0.0,0.0,,,0.0,,,100.0,0.828700628361888,0.09044971057272036,50.0,0.8230618897734647,0.04305865235344936,40.0,0.8035980150598575,0.03324799938227688,10.0,0.9573047745121247,0.1742625157408543,0.09044971057272037,0.005618361757671638,0.043846105097181946,0.0012867642396725242,0.04028771446606703,0.001079791471703376,0.03659086720158943,0.0008854280518029546,0.03206094838053113,0.0006735060825665685,0.024793596816617792,0.0003954274882295583,0.9633980270163004,0.0,50.0,0.0,1.262477159500122,1.0,0.0,1.0866639614105225,0.3420671163350647,0.005618361757671637,,
25,исходный,0.7423263006563946,0.5624207854511042,0.7423668547778791,0.7473125099734567,0.7537718915099144,0.7817162164851705,0.8085828998191491,0.8726928716628047,1.043104424842785,1.4051064081449172,1.334377364630983,1.0530052782583685,0.07476994233676827,0.7963491527405663,0.0,0.0,,,0.0,,,100.0,0.7963491527405663,0.07476994233676827,37.5,0.7767631070194899,0.04129909835180999,42.5,0.7966875907631393,0.06072899824136131,20.0,0.8323538076696165,0.11274833836998158,0.07476994233676827,0.003545366494711423,0.05710099581061601,0.0020350066793821306,0.052594275711296934,0.001712917911641587,0.048613972132200124,0.0014529224251041653,0.04173068849273289,0.0010567568701805646,0.0252325795551261,0.0003757519784202589,0.9178618735237448,0.0,20.0,0.0,0.6699577569961548,4.0,0.0,0.9995492100715637,0.11371762571214097,0.0035453664947114245,,
25,чужие хапаксы,0.7314439861834543,0.6080682417366459,0.7338119551308109,0.7420433460381226,0.7523081369191948,0.78947187021565,0.8142819410276787,0.842108356694591,0.9279563460627046,1.264569675615717,1.175414072459892,1.0758503792363496,0.057934400566733886,0.7917848739603442,22.388059701492537,7.5,0.7828142316981306,0.019757009582219223,17.5,0.7680328595843119,0.039332782286960265,75.0,0.7982240748743066,0.06121474607075373,27.500000000000004,0.7712880213852663,0.04039375036051769,42.5,0.8098168033535649,0.061630938870873314,30.0,0.785028422180437,0.05258288365738882,0.05793440056673387,0.0021042020398340557,0.05184858812982936,0.0016705117617095149,0.04468455835941439,0.0012296941878245518,0.042144585309205555,0.0010878952091578275,0.039223118036295274,0.0009340872004667068,0.032752353046106915,0.0006380142649349973,0.8798456870544186,0.0,50.0,0.0,1.225010633468628,3.0,0.0,0.9896941184997559,0.127087183473824,0.002104202039834055,0.06456632639901294,0.002104202039834055
25,перемешивание,0.7851314964299106,0.6162489674079321,0.7853290910136119,0.7899002420669187,0.8011862705115484,0.8199122578418806,0.8462614161300301,0.872535234156733,0.90186559199139,1.1483919318808964,1.0999537857443693,1.0440365284108255,0.03798807639339836,0.8257996379779119,0.0,0.0,,,0.0,,,100.0,0.8257996379779119,0.03798807639339836,40.0,0.8270216452394058,0.03882839772647213,37.5,0.8290533057129269,0.033896297140916735,22.5,0.8182044010657863,0.041382392911658857,0.03798807639339835,0.000984110763148868,0.03553762615475986,0.0008571805497126963,0.03348760717473594,0.0007578758032679052,0.03121297578209956,0.0006555390503286234,0.028047481489177458,0.0005254404462934148,0.02224260281689206,0.000325369042120785,0.8854765084032266,0.0,60.0,0.0,1.6770309209823608,1.0,0.0,1.2014285326004028,0.01783022739784145,0.000984110763148868,,
26,исходный,0.7640640815665614,0.6675829042825145,0.7643533278299405,0.769138602455045,0.7774678747783763,0.8051751967201818,0.8335033825464463,0.880563414148466,0.9710377049240536,1.2704042352780833,1.2059955508807274,1.0534070663447463,0.06687216173494513,0.8180734299792679,0.0,0.0,,,0.0,,,100.0,0.8180734299792679,0.06687216173494513,50.0,0.8177102553773175,0.07169211279311002,27.500000000000004,0.80165171425745,0.038159982453093336,22.5,0.8389514705324904,0.0730372967562944,0.06687216173494513,0.0029927834962168395,0.060848346700031516,0.0024541876908105906,0.0534272976701738,0.0018732043798602594,0.04429809939888372,0.0012746348197661746,0.03896302867054182,0.0009751716633780046,0.028039314160090097,0.0004933616383219685,0.9342902362135919,0.0,40.0,0.0,1.4104942083358765,2.0,0.0,0.9530895352363586,0.05757241828844726,0.0029927834962168395,,
26,чужие хапаксы,0.7576873726893347,0.6659548020928692,0.7585589903096867,0.7641815649965328,0.7895565891623151,0.8130217108888809,0.8421993273585043,0.8707977630085334,0.9727951804102917,1.2824252205001772,1.1965180847959518,1.071797607404217,0.05881459324331075,0.8190619347305859,29.850746268656714,12.5,0.8101935596290348,0.03974345163450708,17.5,0.7989851579145791,0.037126728766444704,70.0,0.825664767345579,0.06353176053445635,22.5,0.8092581825899466,0.03494011871113929,37.5,0.8333850147170365,0.06987779319447418,40.0,0.8111486578223983,0.053217838890887936,0.058814593243310745,0.0023206181330471982,0.05144700632670304,0.001758585045670585,0.04528894358416692,0.0013514077187351304,0.0420619418814447,0.001158638915077906,0.038286659683675575,0.0009509216743811718,0.032183549501178035,0.0006588280883915622,0.9145232116774962,0.0,30.0,0.0,0.8990409970283508,1.0,0.0,0.8878985643386841,0.05326383153254944,0.0023206181330471974,0.04778367293554135,0.002320618133047199
26,перемешивание,0.751530266186049,0.6361995490187944,0.753786296383998,0.7603227465410596,0.7669028613047506,0.7909205523879812,0.8217315182169931,0.8539036508551477,0.9000590937766824,1.1940507516445606,1.1379892595522842,1.0492636390209276,0.04679735202679644,0.7989850422304581,0.0,0.0,,,0.0,,,100.0,0.7989850422304581,0.04679735202679644,50.0,0.7946930337050819,0.04221956715842555,35.0,0.7945417750289547,0.037489899485426435,15.0,0.8236593607852196,0.06402879736654178,0.04679735202679644,0.001398040837010154,0.04286244990457218,0.001165223635698283,0.03968877581070706,0.0009933485871464727,0.03626975764373021,0.0008248444465267812,0.03172612990209351,0.0006253235485369381,0.02505378675150238,0.0003830612718288702,0.8744947798007721,0.0,50.0,0.0,1.0941665172576904,2.0,0.0,0.944002628326416,0.07685318151391891,0.001398040837010155,,
27,исходный,0.7973442499934634,0.7220244696683975,0.7981629060045093,0.8074980322589941,0.8176498161367628,0.8379413584578514,0.8746774320242876,0.9155649688816571,1.0993212763111864,1.3773144154421222,1.3119310381509022,1.0498375108064937,0.0710206905378491,0.8563595649652521,0.0,0.0,,,0.0,,,100.0,0.8563595649652521,0.0710206905378491,60.0,0.8574765292896626,0.07289443027357044,30.0,0.8694494588977036,0.069108675932948,10.0,0.8103880972214347,0.011194633029324962,0.07102069053784911,0.0036989808850190764,0.05568985038110002,0.0022414164716791293,0.04744283498679354,0.0016106616468324136,0.04209144074175262,0.001258141302488782,0.03476426855359491,0.0008480813580573056,0.025800255184463595,0.00045753514429875276,0.9870150432146785,0.0,80.0,0.0,1.1733604669570923,1.0,0.0,1.081008791923523,0.07123306536924118,0.003698980885019077,,
27,чужие хапаксы,0.747850082656188,0.6633518555476967,0.7498433781856075,0.7563186428752839,0.7705764904459919,0.8080885025640602,0.8739205633512545,0.9189954821863817,1.1099566101260598,1.4802512663535372,1.3735582261153003,1.0776763869268113,0.09970102933969684,0.8330491063265111,35.82089552238806,12.5,0.8279173514127587,0.03585337791445944,20.0,0.8087638110316527,0.07523472611402753,67.5,0.8411950743608677,0.11096856596010089,37.5,0.861993230173683,0.12228510012308286,30.0,0.8191808159923615,0.08144997686878834,32.5,0.8124535391189893,0.0642783221654433,0.09970102933969684,0.006898274782551755,0.08611204173300294,0.0050586443355429694,0.06844313146046986,0.0031398174473034747,0.06510768326554181,0.0028186036438280306,0.059088063972056286,0.0022868134375267596,0.04858298774788274,0.0014972111931955366,0.9992137116533264,10.0,80.0,0.0,2.153883457183838,2.0,0.0,1.3941054344177246,0.07389055595494007,0.006898274782551758,0.024069469407746635,0.0068982747825517545
27,перемешивание,0.7880601245401864,0.7052994680734439,0.7885667907802507,0.8022444135997181,0.8172484095863943,0.8258331925958822,0.8469124230499637,0.9056158394331257,1.023343926695993,1.297726379883993,1.2391654100015834,1.0472583961832302,0.05684549388701875,0.8409688654661922,0.0,0.0,,,0.0,,,100.0,0.8409688654661922,0.05684549388701875,30.0,0.8342711027124395,0.04802901089086019,57.49999999999999,0.8446048672657023,0.06315323885251027,12.5,0.8403178877974534,0.04075863214365125,0.05684549388701873,0.0022853457998880146,0.045834027327295794,0.0014692392698766345,0.04087656592407864,0.0011602694775557228,0.034558776207250605,0.0008231421576792888,0.026029412391340108,0.0004617205306642539,0.018717854036819512,0.00023514307337504196,0.9491424649509209,0.0,50.0,0.0,0.6186317205429077,2.0,0.0,0.9674016237258911,0.009238327078477292,0.0022853457998880146,,
28,исходный,0.7630657257802589,0.6533554813189828,0.7640951689764409,0.767714200073532,0.7728347161941471,0.7945523190966564,0.831690816759633,0.8553369406135081,0.9035639321795416,1.1825280002619685,1.1371987853572976,1.0398604144572918,0.045346507718707865,0.8046714031461253,0.0,0.0,,,0.0,,,100.0,0.8046714031461253,0.045346507718707865,57.49999999999999,0.7992069404891076,0.04951914998595525,30.0,0.8165691782766181,0.031033627660086428,12.5,0.8012532710552227,0.04697685647933648,0.045346507718707865,0.001331449893712196,0.04150495215637612,0.001108397463672598,0.03889293836233687,0.0009682285680257241,0.03655655373884216,0.0008512500833989193,0.03244997706114286,0.0006647904161623245,0.023523229931569446,0.0003424672763085411,0.8754347948501323,0.0,70.0,0.0,0.32015228271484375,1.0,0.0,0.8300729990005493,0.04588777396268451,0.0013314498937121964,,
28,чужие хапаксы,0.7559883761542335,0.6232126530701492,0.7616258427644989,0.766590983930741,0.7852960510566392,0.8057085128093423,0.8414663444059842,0.8728628872189721,0.8810271842094826,1.1567716518278695,1.0934812903211353,1.0578796931112988,0.04590108963627303,0.8151136295600263,12.935323383084576,0.0,,,12.5,0.8005961669235845,0.029988932410761695,87.5,0.8171875527938036,0.04712591140584577,35.0,0.8299033745208785,0.03633769678010999,35.0,0.8121982982770085,0.04820979177239415,30.0,0.8012601469358862,0.04601555467647372,0.04590108963627303,0.0013998525755790803,0.044690497554079035,0.0013214899082460822,0.0435754630156469,0.0012513072584602663,0.04232842355243559,0.0011757831295520652,0.03929219825260471,0.0010041879859429667,0.03083063161716068,0.0006047193952729298,0.8754504751204379,0.0,60.0,0.0,1.1155364513397217,2.0,0.0,0.9014871716499329,0.09794473790382223,0.0013998525755790803,,
28,перемешивание,0.755646030774806,0.6641830217260527,0.7558402587142531,0.7650743160848651,0.7949203282571525,0.8176481296206553,0.8725003341554147,0.9162070309102516,0.9511055014569553,1.2583419452608473,1.1632210323751575,1.081773721621474,0.06596914593808464,0.8346950296031246,0.0,0.0,,,0.0,,,100.0,0.8346950296031246,0.06596914593808464,45.0,0.8462199228623148,0.07243530164955345,42.5,0.8331757665166648,0.05606475140723523,12.5,0.798370908364004,0.048611681895162406,0.06596914593808463,0.0030320571155314164,0.06309054843207815,0.002753420895423899,0.06099078608073332,0.0025569712277002917,0.058508699139326006,0.0023374711000516434,0.05414478313073105,0.001976827546425347,0.038275077285630676,0.0009547811902529298,0.9294404022727963,0.0,80.0,0.0,1.2069534063339233,1.0,0.0,0.8539097905158997,0.074431848279782,0.0030320571155314164,,
29,исходный,0.7952281202381117,0.7081199142238905,0.79723188348582,0.8008481622983679,0.811577197259582,0.8320692945922343,0.8478333816910758,0.8942874006189738,0.978821121524967,1.227774681119332,1.176369718107012,1.0436979652069247,0.0525267759948483,0.8421876555381429,0.0,0.0,,,0.0,,,100.0,0.8421876555381429,0.0525267759948483,67.5,0.8427097994399362,0.054730113995328386,22.5,0.8247741352340835,0.018735376041867632,10.0,0.877843604885172,0.05939090559258143,0.0525267759948483,0.0019569477647362844,0.04642747595143076,0.0015161672267493083,0.039771251603440236,0.001103571821978495,0.03466461211646209,0.0008327310961873303,0.026911119931587672,0.0004965552158305037,0.02051733483825529,0.0002843402373610421,0.9412120933873854,0.0,80.0,0.0,1.834233045578003,1.0,0.0,1.0709176063537598,0.0999237737151295,0.001956947764736284,,
29,чужие хапаксы,0.7454037661016459,0.6437911024817038,0.745447992903993,0.7616423722506491,0.7720238331751242,0.790747061009539,0.8296486111592485,0.8706048992453563,0.9563904728994194,1.2829741068503941,1.2094771135518418,1.0607675767280254,0.059900979167771824,0.8053172218539132,32.83582089552239,27.500000000000004,0.8077864885315595,0.053470813030243876,17.5,0.8013611650781327,0.05230875468546422,55.00000000000001,0.8053413338528382,0.06489077962447942,52.5,0.800197078447258,0.048946534565678046,27.500000000000004,0.8230903853970691,0.07353099570219153,20.0,0.7943194984245436,0.05555842181170938,0.059900979167771824,0.0023270291122192183,0.05273834310891741,0.001786482792770309,0.048604531096436136,0.0015064519389510682,0.0439842893848514,0.0012246795169256846,0.037378665591407845,0.000873953295346993,0.026839035545293155,0.00044043359272239173,0.9062537927880367,40.0,60.0,0.0,1.1244224309921265,1.0,0.0,0.8016707301139832,0.053639975355939354,0.002327029112219218,0.0018976507780928383,0.0023270291122192174
29,перемешивание,0.7706502151760113,0.677660388307388,0.7706588548072234,0.7811427082027533,0.7876937021228869,0.8026887028551323,0.8282693570064873,0.8391573813162416,0.9003282746746764,1.1682578731933069,1.1216406453364098,1.041561642804871,0.035141665883057796,0.8098851220740955,0.0,0.0,,,0.0,,,100.0,0.8098851220740955,0.035141665883057796,52.5,0.8077865062019444,0.040752135956000586,30.0,0.8189510920560994,0.030290294778383978,17.5,0.800639306864255,0.011390508766421671,0.035141665883057796,0.0008100121482428529,0.030725061681418506,0.0006156610106282515,0.028571867176125386,0.0005302683135986481,0.026078807010696665,0.0004399502373782808,0.024629815141358997,0.0003904620033753795,0.01912874731356637,0.00023222122260012056,0.8630916094772164,0.0,80.0,0.0,0.6097992062568665,1.0,0.0,0.7801738977432251,0.051764204914420214,0.0008100121482428539,,
30,исходный,0.7591010629991637,0.6577093244327876,0.7678747740856758,0.7744456546089704,0.7895564611676033,0.80339039190001,0.8710895772294807,0.897107605221129,0.976414655516285,1.2715805864034562,1.2153676037960504,1.0462518356025217,0.06363993869655551,0.8300134745208192,0.0,0.0,,,0.0,,,100.0,0.8300134745208192,0.06363993869655551,37.5,0.8476572296391952,0.06013033115182066,40.0,0.8249314638122018,0.06687859366756797,22.5,0.809641901694401,0.050624130563823914,0.06363993869655551,0.0027901643850346096,0.058017980538372996,0.002298043529769431,0.054491659806135434,0.002012596239826181,0.05064623099424135,0.001725934674500803,0.04692319982867201,0.0014656450302664354,0.03598190478689446,0.0008384671749450129,0.9289413209776397,0.0,70.0,0.0,0.937883734703064,1.0,0.0,1.0704582929611206,0.07900761696812618,0.00279016438503461,,
30,чужие хапаксы,0.7297409121055423,0.6163864105037467,0.7306198269881197,0.7387951604422123,0.757250989238683,0.7879704026017313,0.8405233090680373,0.9120097758393872,0.9449444552304173,1.2933463072386382,1.199213133019193,1.0784957832995465,0.07808847220304238,0.8064870388115033,26.865671641791046,7.5,0.7742276634262825,0.05518622479322648,15.0,0.7595569544221318,0.03448341021899416,77.5,0.818692155988661,0.07851821767082054,30.0,0.800987458744971,0.06972163347477973,42.5,0.7951661005032128,0.07721601811862984,27.500000000000004,0.8299825762696235,0.08001749029139311,0.07808847220304238,0.003966145443198918,0.07434785033125273,0.003563687472014655,0.0702550002690889,0.003153701810070711,0.06693346459588755,0.002839370148738951,0.05893385855371033,0.00216418597394962,0.041631194991056115,0.0010409560436819814,0.926283464867432,0.0,40.0,0.0,1.777256727218628,1.0,0.0,1.241371750831604,0.054298119737622545,0.003966145443198915,0.13208359709790807,0.003966145443198917
30,перемешивание,0.7583581512013335,0.6649823665129793,0.7595966560661492,0.761759531773131,0.7828408637435614,0.8042709548049465,0.8260962068295686,0.8721345546013741,0.9234394962168858,1.2156971582777325,1.1481696444463052,1.0588131851055789,0.049965539158057494,0.8111912674352943,0.0,0.0,,,0.0,,,100.0,0.8111912674352943,0.049965539158057494,32.5,0.8032209993396304,0.06048200097105893,40.0,0.8222017491050075,0.04797267306477203,27.500000000000004,0.804595429119678,0.03111750731811014,0.049965539158057494,0.0016428113311859767,0.045515860165590824,0.001353582565460844,0.041545861530390096,0.0011204418016514657,0.03905457628667568,0.0009849702708331124,0.03344455491574262,0.0007148121373318774,0.023944416604854614,0.00035899715332231183,0.8936477476637703,0.0,70.0,0.0,0.8524154424667358,1.0,0.0,0.8724459409713745,0.04936772734737328,0.0016428113311859763,,
31,исходный,0.7972453037993514,0.7231428940536121,0.7973552880409839,0.8048909804929236,0.8218661127079169,0.8303095617757383,0.8432552156163778,0.881719779525507,0.9122687854007564,1.144118310975403,1.098709237371344,1.0413294728573501,0.03433250018609012,0.8368760547243568,0.0,0.0,,,0.0,,,100.0,0.8368760547243568,0.03433250018609012,75.0,0.8354886396307644,0.02847452371435123,17.5,0.8391408125278278,0.04183704723140362,7.5,0.845465770785517,0.05753832857502002,0.03433250018609011,0.0008255305423113784,0.031624728195813114,0.0006972157083839487,0.028442961492663895,0.000561295689827288,0.025707161936638155,0.00045655805589092256,0.02056902719266039,0.0002900419747356624,0.015471958895716887,0.0001621881932631776,0.899190770899998,0.0,70.0,0.0,0.4375419616699219,1.0,0.0,0.6884356737136841,0.009539355738693214,0.0008255305423113784,,
31,чужие хапаксы,0.772677024044656,0.6988616046918845,0.7738532865710386,0.7830397193521043,0.7865945851805538,0.8052198599239041,0.8279475810139151,0.8417015006826839,0.8713619059172465,1.1260040126963482,1.0821415979476625,1.0405329716849192,0.03099091324658517,0.8095376838091386,38.308457711442784,32.5,0.8031516836375232,0.02826262178917338,22.5,0.8058082143422269,0.025764465339098857,45.0,0.81601452977765,0.03317198021574042,52.5,0.807500693445765,0.03138139487218895,30.0,0.8126088857411845,0.02535310844042332,17.5,0.8103837373014665,0.0372924837806937,0.03099091324658517,0.0006294234054706135,0.028895470746836006,0.0005450434812381663,0.027047660304421295,0.0004758346369153281,0.026186846476862865,0.0004448414999462148,0.02460202943321797,0.0003906070861036642,0.01940140547987072,0.00023960472406529636,0.8529249257233668,40.0,80.0,0.0,0.44904860854148865,1.0,0.0,0.621411919593811,0.008155636731862492,0.0006294234054706135,0.05602052026402687,0.0006294234054706132
31,перемешивание,0.7739792759246313,0.7124322044423212,0.7740501949861284,0.7755611504779036,0.7858562172670329,0.8032772218894606,0.835802110050856,0.8471142316778653,0.9399823259910705,1.2143686960868418,1.1701842158303126,1.0377585679748533,0.04309618127715899,0.8135823411994817,0.0,0.0,,,0.0,,,100.0,0.8135823411994817,0.04309618127715899,50.0,0.8126966227306014,0.03480628533436106,37.5,0.8244844619113268,0.05064226000367425,12.5,0.7844188529394677,0.017754668628494643,0.043096181277158974,0.0012293643245167465,0.03578136092485064,0.0008407166995618479,0.0330797065008104,0.0007151062181810907,0.030719536822706534,0.0006139904097987723,0.02902678289073471,0.0005449704340346928,0.023423708066526064,0.0003492659349555258,0.8789541446892061,0.0,80.0,0.0,1.1569900512695312,1.0,0.0,0.8860437273979187,0.12305299985412112,0.0012293643245167472,,
32,исходный,0.7383614642989217,0.6263512092378647,0.7389797395337379,0.7593379992813057,0.7695107102110109,0.7917846550719736,0.8080429021287062,0.8368023150144449,0.8771151863538246,1.1869272449976014,1.1077698724460558,1.0714565132347922,0.03801881637207666,0.7930639879587187,0.0,0.0,,,0.0,,,100.0,0.7930639879587187,0.03801881637207666,47.5,0.7903196970583245,0.02965246521000648,30.0,0.7983662529445023,0.03699840069657931,22.5,0.7917878043229497,0.05149877123274594,0.038018816372076665,0.00090910415584308,0.034548179334861,0.0007466261177179921,0.033303152565054304,0.0006913533279726893,0.03209750473693651,0.0006399956202230679,0.029245419196533565,0.0005274935821464839,0.024191486008070584,0.0003554759361956732,0.8472202427387023,0.0,50.0,0.0,1.0096862316131592,1.0,0.0,0.7732267379760742,0.013615532527128825,0.0009091041558430802,,
32,чужие хапаксы,0.7305169130663365,0.6118378196026473,0.7311969626964192,0.7469373338360888,0.7552046082543764,0.7839308981993711,0.8092622682050379,0.8412710542241965,0.930753459764378,1.2729175683827496,1.187290183232026,1.072120014432891,0.05465459956612243,0.7899599642531625,21.890547263681594,5.0,,,25.0,0.7791291932663784,0.042550719067491714,70.0,0.7952694109049121,0.05821241235718027,40.0,0.781671895038524,0.04412299197265884,30.0,0.813855453876569,0.06616854635393742,30.0,0.7771152335826076,0.03860354809723774,0.05465459956612243,0.0018640759206139505,0.04742195893308888,0.0013905628540612082,0.04352226708441992,0.0011635312941827354,0.04067112322648847,0.001010371883613263,0.03724237305445127,0.000839597589098008,0.027780960838233514,0.00045698094285625743,0.8734458611126918,0.0,50.0,0.0,0.546246349811554,2.0,0.0,0.8513591885566711,0.13318733045127884,0.0018640759206139503,,
32,перемешивание,0.7554947118247595,0.6424993391159955,0.7574236543837283,0.7673939808927712,0.780486816960507,0.8000583448448382,0.8415040088244651,0.8678734638484156,0.9717217764904582,1.282930326860589,1.2145636412040826,1.0562890929196016,0.06196671696307372,0.8164981459189811,0.0,0.0,,,0.0,,,100.0,0.8164981459189811,0.06196671696307372,47.5,0.8211330788892306,0.06600415679045685,32.5,0.795395149725254,0.03329849717597558,20.0,0.8397825489294447,0.06909051506932387,0.06196671696307372,0.0025599258207227526,0.0549291465237472,0.001991919303626481,0.047058590072045985,0.0014479494758560466,0.040822487294219716,0.0010808243858585064,0.037150325798995146,0.0008868837025264682,0.027565087606781048,0.0004775907246688981,0.9206171771729605,0.0,70.0,0.0,1.176946997642517,1.0,0.0,0.8721124529838562,0.1028823823806398,0.002559925820722754,,
33,исходный,0.7521456634159916,0.6564624260324583,0.7528177654425426,0.7654125577346066,0.7830970259095873,0.8260897769334021,0.8524003231224215,0.9233845299148591,1.0511781083145955,1.3963247900993174,1.272474418236675,1.09733034321764,0.08248028350049662,0.8342170959054137,0.0,0.0,,,0.0,,,100.0,0.8342170959054137,0.08248028350049662,45.0,0.8102442523886114,0.05558564919588135,32.5,0.8717596042244172,0.10588596099882602,22.5,0.8279347153671236,0.04603022029388785,0.08248028350049662,0.004734329291567381,0.07258534041148475,0.0036177978031692484,0.06090782868191402,0.0025133892773405234,0.05542559007313132,0.0020626559879305608,0.04698918067462167,0.0014600649784612541,0.03658396998734497,0.0008616125765665725,0.9814567038025611,0.0,60.0,0.0,1.121100664138794,1.0,0.0,1.299487590789795,0.15325552012867086,0.004734329291567379,,
33,чужие хапаксы,0.7298621697539773,0.6339588774844087,0.730312571375572,0.7434811723076127,0.753174005885459,0.7996024802035228,0.8763624912868722,1.0284084776078344,1.1779412334821384,1.6129275048126865,1.4731585539633607,1.0948770588700678,0.1406564881375645,0.8399473070489003,25.870646766169152,10.0,0.800190667110498,0.06029528004606275,15.0,0.8049456211816525,0.048622118193504385,75.0,0.8522485295474703,0.15471922866819146,32.5,0.8268156423196267,0.12769083530515163,35.0,0.8582091069578633,0.14875156899226852,32.5,0.8334124180300602,0.14032155483010766,0.1406564881375645,0.013958013816573633,0.12794219419982072,0.011311575135847855,0.11633261099647507,0.009174954049615745,0.1015559000568528,0.006853189136958791,0.08182093674665149,0.004312219705847993,0.052138244459456536,0.0016636865966728545,1.1015487325578373,0.0,40.0,0.0,0.8192527890205383,3.0,0.0,0.8158681988716125,0.013371882472997502,0.013958013816573635,0.0326204577638729,0.013958013816573639
33,перемешивание,0.7567955499343931,0.6601229051831854,0.76149146503925,0.767467175154425,0.7776828792943501,0.7940100310669158,0.8403749219005409,0.878038850090499,1.0377994068848826,1.362851002974,1.30703563718255,1.042703782669435,0.06507299500866306,0.8155836942641151,0.0,0.0,,,0.0,,,100.0,0.8155836942641151,0.06507299500866306,27.500000000000004,0.8100460254161953,0.059759276396456514,42.5,0.8157343109587484,0.07820255576012655,30.0,0.8204465170573113,0.04599486916595154,0.06507299500866306,0.0028166874610278123,0.049239666956231797,0.001590295543577362,0.04695400948658708,0.0014381281938373822,0.04459575062159923,0.001290183237182442,0.040162526645678,0.001035503901407813,0.028550014030851147,0.0005104271664598654,0.9160900176942551,0.0,60.0,0.0,1.8046668767929077,1.0,0.0,1.032940149307251,0.005515998361413337,0.0028166874610278123,,
34,исходный,0.7465454480838882,0.6708883528907355,0.748653144903638,0.7525868366373282,0.7613315324000498,0.7886723491582155,0.8325217169586623,0.8774090407984436,0.961015058628329,1.2836586143667705,1.2185225710703087,1.0534549337393466,0.06998590423497267,0.807219868247407,0.0,0.0,,,0.0,,,100.0,0.807219868247407,0.06998590423497267,60.0,0.8193822189069028,0.07633701610242938,30.0,0.7917577600343524,0.05168330606950248,10.0,0.7806320889295957,0.04260494030519259,0.06998590423497267,0.0031915734365689265,0.06410180929057364,0.0026513715566570443,0.057353025866615163,0.0021014628659184213,0.05225708456482748,0.0017299897793057754,0.04616829204307451,0.0013329372023397317,0.03417133845838758,0.0007106395374592032,0.922230636184475,0.0,100.0,0.0,1.6301857233047485,1.0,0.0,1.2375891208648682,0.0724306386038117,0.0031915734365689247,,
34,чужие хапаксы,0.7375205806307581,0.662318664261514,0.7391665181752505,0.7468660508451661,0.7606759752537972,0.8080312137522433,0.8448140783788494,0.8671128952527217,0.9434936362326958,1.2764290765791977,1.1676450366953122,1.093165334040016,0.06058918030131761,0.8062548535141202,27.363184079601986,10.0,0.8181192294329354,0.05165647920100633,27.500000000000004,0.800856152401811,0.05865845563725793,62.5,0.806731981856526,0.062297722806442066,60.0,0.8145181729467984,0.05234627347834556,22.5,0.8037532913365433,0.07729216461778969,17.5,0.7811397668303932,0.0507004979605184,0.06058918030131761,0.0023863538313575127,0.05504173655683116,0.0019522239563673003,0.05377730008361002,0.001854492490755422,0.05241083694218299,0.001752659441143509,0.04960933093689843,0.0015545595067025671,0.042713468582374695,0.0011238987433194276,0.8866636872324942,20.0,90.0,0.0,1.6567062139511108,1.0,0.0,0.8715459108352661,0.06401473292323774,0.0023863538313575114,0.009317045204740594,0.002386353831357513
34,перемешивание,0.7958571827457034,0.7210276617501303,0.8008897010815279,0.8043476786634222,0.816756896214641,0.8416226462720998,0.8589097414330966,0.9153468590245021,0.9612108463074477,1.2001788074055901,1.142092421781964,1.0508596191654929,0.04868986984643483,0.8488372275000815,0.0,0.0,,,0.0,,,100.0,0.8488372275000815,0.04868986984643483,50.0,0.8517728162085968,0.05574790535927072,42.5,0.8454438231831571,0.04000950846864144,7.5,0.8484959272392185,0.03973887627714153,0.04868986984643481,0.0017081502294539375,0.04454248768482636,0.0014198561142627307,0.04015636264531572,0.0011463051302827087,0.03768647541048445,0.0010045306776305053,0.03209927546100627,0.000721340143492584,0.022678614874304566,0.0003532763854132648,0.9337296847056328,0.0,80.0,0.0,1.107244849205017,1.0,0.0,1.193655014038086,0.005392695430853443,0.001708150229453938,,
35,исходный,0.7798353625660736,0.7066619168599954,0.7819494039232828,0.7877923112528483,0.7951014364048259,0.8163745288577364,0.8537206939166342,0.8997266432552126,1.0003067055601742,1.2792473535261042,1.225303669088983,1.0440247473324131,0.05773194369558795,0.8323157214079833,0.0,0.0,,,0.0,,,100.0,0.8323157214079833,0.05773194369558795,57.49999999999999,0.8298037291674475,0.03954538944026566,32.5,0.8470344505324532,0.0798344847348399,10.0,0.7989238071365364,0.016814366546428972,0.05773194369558795,0.0023089182409537458,0.04869891065035246,0.0016259524165884143,0.044997625793435476,0.0013790655087880395,0.04235639421077256,0.0012151178051621903,0.03665789135076733,0.0009001102118867185,0.023962778402427574,0.000375600372472898,0.929531278637743,0.0,60.0,0.0,1.6285896301269531,1.0,0.0,1.072427749633789,0.08035738197765852,0.0023089182409537458,,
35,чужие хапаксы,0.7750494542033289,0.7171503374894908,0.775458631792713,0.7817924593065946,0.7927813823538548,0.8118470968833691,0.8326022542467824,0.8753371910250178,0.9958069629941568,1.2841522708852184,1.226594227924197,1.0469250887136723,0.05275735901181882,0.8227794905281745,38.80597014925373,22.5,0.8267538508789035,0.02787233141023949,30.0,0.8105165469751188,0.0438052894412589,47.5,0.8286419157639694,0.06365501243061537,65.0,0.8242040271357406,0.05589990277258945,27.500000000000004,0.8274691375244626,0.04662205835729982,7.5,0.793238134276211,0.02176910887199932,0.052757359011818813,0.0018842260726145837,0.04135287977827859,0.001145202119763378,0.03838261759457077,0.0009812250027361599,0.034714145759841275,0.0007980101172758849,0.028472182470419445,0.00053149307775362,0.02312795758829459,0.000345512144241372,0.914284911800981,10.0,80.0,0.0,1.0968154668807983,1.0,0.0,0.9871184229850769,0.038646607042034736,0.0018842260726145844,0.0344930722200336,0.0018842260726145853
35,перемешивание,0.7738111077105405,0.6990697934174575,0.7752399949930852,0.7849625422399851,0.8043722743602104,0.8365379486693489,0.8802566813003566,0.8958398532382863,0.9428232134518357,1.2161694695076268,1.1270537277496508,1.079069648202052,0.05550095834191135,0.8414363555211996,0.0,0.0,,,0.0,,,100.0,0.8414363555211996,0.05550095834191135,57.49999999999999,0.8363008669202812,0.05188304151530885,40.0,0.8510038599760268,0.059224002290644055,2.5,,,0.05550095834191135,0.0021809389526298755,0.05286557128127586,0.0019665305507302598,0.04988478809804133,0.0017398833913068559,0.04875608808493956,0.0016546317192338376,0.04674649353913126,0.001507910806443654,0.03846882297231987,0.0009956534734333119,0.9166634620774602,0.0,80.0,0.0,0.7157684564590454,1.0,0.0,0.9680220484733582,,,,
36,исходный,0.7958402071278076,0.6840284013759583,0.7970340052348921,0.8039274264483763,0.8131588519549922,0.8309269840286405,0.8514575180616017,0.867345260563622,0.9645510888864023,1.2101755791487738,1.160813293377359,1.0425238805008827,0.03867942607097502,0.8357951788463416,0.0,0.0,,,0.0,,,100.0,0.8357951788463416,0.03867942607097502,60.0,0.8368816908980498,0.02823431264433389,27.500000000000004,0.8456099596553183,0.05477784485160713,12.5,0.8089874032183927,0.006096114069671785,0.038679426070975034,0.0010451046162254962,0.030291550174839255,0.0006359236203168997,0.028285778958213312,0.0005523615544389971,0.02595934125202855,0.00046338735280800736,0.023619805207086248,0.0003814048558381381,0.018848093551922365,0.00023973868976829148,0.8985438144373019,0.0,80.0,0.0,1.397650957107544,1.0,0.0,1.0932148694992065,0.11198030910135243,0.0010451046162254956,,
36,чужие хапаксы,0.7439692173224535,0.6689625535238612,0.7488611012091225,0.750672440095946,0.7615867278536126,0.7875227198568084,0.8061714696606667,0.8468837504956623,0.9139474016605608,1.2204498273243027,1.1605346469581723,1.0516272224385301,0.05171393763391926,0.7931740719780518,39.30348258706468,27.500000000000004,0.7803720007199032,0.03624499185856676,22.5,0.7823161583469371,0.05404681706076175,50.0,0.8051012723040352,0.053207323406720804,47.5,0.7787577041629505,0.033309973265826534,27.500000000000004,0.813450547195486,0.06125416711784541,25.0,0.7982610480875668,0.05384381744401792,0.05171393763391925,0.0016824889978569574,0.046367352146088156,0.0013420348127237693,0.04183988463893542,0.0010851903236350634,0.03727976236032694,0.0008558310962298361,0.0329941112404876,0.0006642249405016209,0.024788526729119794,0.000367884979267804,0.8775098037270084,10.0,20.0,0.0,1.3300201892852783,3.0,0.0,0.7759066820144653,0.12971949220482998,0.0016824889978569557,0.08483018416267678,0.0016824889978569563
36,перемешивание,0.7566973222720828,0.697409748486052,0.7569539523155998,0.7605935128205351,0.7776153874946704,0.804198826700891,0.8276305403973421,0.8673730754533424,0.9528760786064895,1.2588296496656683,1.1848762357880143,1.0624144629151673,0.060054463917725585,0.8119196226487142,0.0,0.0,,,0.0,,,100.0,0.8119196226487142,0.060054463917725585,65.0,0.8128159779612496,0.06815536899321109,27.500000000000004,0.8126616639270938,0.036566948540628016,7.5,0.8014303919193493,0.052131166367934065,0.06005446391772559,0.0023774788623553674,0.054151876840766035,0.0019159225024505738,0.047014854414777436,0.0014309701200016921,0.04202754879355441,0.0011350612465132151,0.03741113993112961,0.0008902841247106107,0.02695292593647791,0.00045165752275145785,0.9124368730665837,0.0,100.0,0.0,1.6538398265838623,1.0,0.0,0.9609904289245605,0.003754171502695771,0.002377478862355367,,
37,исходный,0.7701150588475553,0.6191924289538047,0.7710943845454561,0.7780600785180952,0.790647637697683,0.8127858909269965,0.8547722511664768,0.8918704316215299,0.9553831679356038,1.2389964018461659,1.175442608687477,1.0540679678352431,0.057518376729700345,0.8273066160777297,0.0,0.0,,,0.0,,,100.0,0.8273066160777297,0.057518376729700345,47.5,0.8268583580725336,0.055172427445903865,35.0,0.8207156554194378,0.05527442390269181,17.5,0.8417052376941322,0.06375500380136247,0.05751837672970033,0.0022643639752063494,0.05277285830747171,0.0018910346324061782,0.0488854179638851,0.0016112668668398205,0.0457055314342196,0.0013995891045253343,0.041274500111457155,0.0011292789869290448,0.029215862802495256,0.0005514310609176391,0.9192142988844543,0.0,60.0,0.0,1.1973015069961548,1.0,0.0,1.066521406173706,0.022779360969471106,0.0022643639752063494,,
37,чужие хапаксы,0.7243069977592779,0.6009718730324083,0.7245578639591995,0.7299896778520611,0.7422939806007601,0.760780199171972,0.8054006086454859,0.8790666178554742,0.9311534396880808,1.2851333012935389,1.2239454190599885,1.0499923291355129,0.07090671129033631,0.7804117888745822,25.870646766169152,17.5,0.7719050044890184,0.04302788876993397,12.5,0.7462970022197856,0.02618978822997048,70.0,0.7886304111593295,0.07751535733694966,50.0,0.782050733856775,0.06562973562630266,27.500000000000004,0.8061717398469713,0.08188256642121129,22.5,0.7452853043923447,0.026108669023010758,0.07090671129033631,0.0030621208615770517,0.06493971047403124,0.0025430550509277115,0.05893702574904408,0.002074711797512473,0.05436791129480165,0.0017510828697327365,0.042799118907359546,0.0010668920440310243,0.02628746008672683,0.0003912612938446018,0.9010536334731235,0.0,70.0,0.0,0.9827018976211548,1.0,0.0,0.9635583758354187,0.15069520988317187,0.0030621208615770534,0.06708530166913908,0.0030621208615770517
37,перемешивание,0.7451745838712834,0.6534683204270011,0.7458192894178945,0.7495778552558588,0.7575674374316526,0.7759991911335413,0.8043386802070862,0.8453780523963735,0.8930685632846358,1.197432911639585,1.150862750230558,1.040465434648656,0.05038528615651821,0.7898660370922425,0.0,0.0,,,0.0,,,100.0,0.7898660370922425,0.05038528615651821,52.5,0.7947966202382282,0.04907042928979544,32.5,0.779603160527145,0.044827471086357276,15.0,0.7948452286390038,0.05968933514229426,0.050385286156518216,0.0015838510594493615,0.04657601956373343,0.0013443637056156073,0.04208837659301291,0.0010901965182367537,0.03783538123713782,0.0008753153102038851,0.03172345969090313,0.0006089310073354264,0.024294375781923665,0.0003508465375905079,0.8738824574141514,0.0,60.0,0.0,1.0214096307754517,1.0,0.0,0.8234566450119019,0.03201885669865119,0.0015838510594493606,,
38,исходный,0.7585933361695864,0.6659789340578953,0.7590781838632543,0.767223564547834,0.7855531568984204,0.8196394637714068,0.8405706964122504,0.8778249891465939,0.9440970599283225,1.2437415275504726,1.1518443189451237,1.0797826642835813,0.050649239684419194,0.8200162926751972,0.0,0.0,,,0.0,,,100.0,0.8200162926751972,0.050649239684419194,47.5,0.822070617351867,0.056798489077971054,40.0,0.8184938801488868,0.040072364689167805,12.5,0.8170815789880459,0.05528903739027132,0.05064923968441918,0.0017250068478416875,0.045219728802724526,0.0013643453060802526,0.04283276749497984,0.0012176335675647524,0.04088332464986241,0.0011039777674088443,0.03667622277997114,0.0008798830713306616,0.03221660046269247,0.0006671093132214005,0.898703247346309,0.0,70.0,0.0,1.1785980463027954,1.0,0.0,1.067094087600708,0.002323632923529524,0.0017250068478416875,,
38,чужие хапаксы,0.7233446171241198,0.6311221056062669,0.7256204290738909,0.7343609567429653,0.7525957709094412,0.7906820721894051,0.8143948478787428,0.8509823941462005,0.8793590499706503,1.211871957757551,1.112152508448431,1.0896634666123615,0.055663261793494415,0.789984575322171,30.845771144278604,17.5,0.7951513574915642,0.04774064541945566,27.500000000000004,0.7597083388680079,0.03465209367495003,55.00000000000001,0.8034787174044457,0.05651252864281326,45.0,0.7894383968728029,0.04160880006667928,45.0,0.7967504793983653,0.06167182896595212,10.0,0.7619958100014537,0.06724109534228687,0.055663261793494415,0.0019336351267798986,0.053458358149641595,0.0017731485397955128,0.050865657250574146,0.0015955669493427154,0.04860678349908488,0.0014487146989246504,0.044502842718383215,0.0012013982261486116,0.03799261709839142,0.0008563562659977946,0.8679025554465818,20.0,50.0,0.0,1.3922417163848877,1.0,0.0,1.0244569778442383,0.0512357233460434,0.001933635126779899,0.18457523154321276,0.0019336351267798997
38,перемешивание,0.7262125436782637,0.6380735981193988,0.7285603546776823,0.7316803600951131,0.7426282042002688,0.7600062553125024,0.7963082173877504,0.848681401032093,0.8979650242380953,1.2325197472971998,1.1815232018963666,1.0431616961215682,0.05964506069479845,0.777164618771729,0.0,0.0,,,0.0,,,100.0,0.777164618771729,0.05964506069479845,52.5,0.7638979429846965,0.050979197297593225,35.0,0.7871191146288973,0.05840380700473187,12.5,0.8050120686771942,0.06928226697568966,0.059645060694798455,0.002148696176644397,0.0551137432471716,0.001820024008633609,0.04968658453306246,0.0014670008408672313,0.04588367496617612,0.0012424889150506667,0.03796581157549146,0.0008395597496138298,0.02686076532777934,0.00041061680320048994,0.8749814705181229,0.0,40.0,0.0,1.4092605113983154,3.0,0.0,0.881585419178009,0.10425844138152222,0.002148696176644396,,
39,исходный,0.781310112720532,0.6845745136720988,0.7816186688722946,0.7911509858107206,0.8000376773914292,0.8126925537821063,0.8462495383214573,0.8719293428622384,0.9750225812202188,1.247440241706309,1.1997434659425161,1.0397558120696433,0.04710332857415074,0.8260298761576491,0.0,0.0,,,0.0,,,100.0,0.8260298761576491,0.04710332857415074,57.49999999999999,0.8259083725976604,0.053093260425134,30.0,0.817559484024836,0.03255634616868901,12.5,0.8469177336523483,0.0365314797448472,0.04710332857415074,0.0015138913455055689,0.03785820244671943,0.0009689135125011258,0.03544103056891265,0.0008451002523067666,0.03338844876233703,0.0007467842662067186,0.02954508801110618,0.0005799823464479007,0.020634329240946568,0.00027778085366711154,0.9023917822461532,0.0,70.0,0.0,1.3199684619903564,1.0,0.0,1.426488995552063,0.05024837199972043,0.001513891345505569,,
39,чужие хапаксы,0.7695395144090154,0.6638772065815904,0.7711295199786069,0.7752127131082763,0.7916185879749544,0.8209669526856527,0.861051168037652,0.9033660277135762,0.9758682144128962,1.2655049367581845,1.1886814825134076,1.064629133518878,0.06425695643413559,0.8348574340225283,32.33830845771145,12.5,0.7972434411289122,0.04653643380435682,12.5,0.7926519792441588,0.029734653306528285,75.0,0.8481606753011925,0.062448617601412786,52.5,0.8232759183335268,0.07187948180288761,25.0,0.8481162303431272,0.04526058739793739,22.5,0.8471489747184215,0.05689007365058108,0.0642569564341356,0.002877828701547443,0.059287001536167006,0.002428698992085462,0.053610628600546495,0.001968417166342293,0.04871686590038827,0.0016125892146517636,0.044265505047354464,0.001316608285130452,0.03262082337921521,0.0006964557764715301,0.9408546592314625,0.0,70.0,0.0,1.3396072387695312,1.0,0.0,0.9197597503662109,0.051553243669227145,0.0028778287015474445,0.1849471722930631,0.002877828701547443
39,перемешивание,0.763251432675475,0.6958217005321621,0.7640332670906055,0.7681855996203572,0.7906881798762544,0.8172703768863739,0.8537827696294891,0.9123303502242256,0.9609180370706952,1.2576913577726996,1.175765161991541,1.0696790468280162,0.06515587101445425,0.8304712143235775,0.0,0.0,,,0.0,,,100.0,0.8304712143235775,0.06515587101445425,45.0,0.8054434645169277,0.04488055595867794,32.5,0.8474228722263623,0.07298493077953036,22.5,0.8560409858550773,0.059016356653832536,0.06515587101445425,0.0029279002513183374,0.06111720354593158,0.0025554697235134053,0.056726329448341384,0.002183647139463485,0.05289342272775793,0.001884398815087478,0.04680395757792364,0.001456206001913679,0.032957974381804436,0.0007018046929214069,0.9365200489290586,0.0,30.0,0.0,1.0184853076934814,1.0,0.0,0.6211383938789368,0.17841259104161597,0.0029279002513183327,,
40,исходный,0.802445077645218,0.721045774156247,0.8024488170322198,0.8053870529426744,0.8128317257576316,0.8368017322122321,0.8652949181905121,0.898523429823754,1.0134444293355398,1.262939651507827,1.2110926523255656,1.0428101013433644,0.055992327764731536,0.8480586626978297,0.0,0.0,,,0.0,,,100.0,0.8480586626978297,0.055992327764731536,75.0,0.8498913665323542,0.06247139040766253,25.0,0.8425605511942565,0.027117205862792617,0.0,,,0.055992327764731536,0.002254804199213046,0.04730410639843094,0.0015932915703607013,0.03899152881691731,0.00107280381391208,0.03589503289826701,0.0009042482569352885,0.0302959300583138,0.0006378916898437755,0.023279861283184777,0.00037012765978575364,0.9488463632348901,0.0,90.0,0.0,1.0054619312286377,1.0,0.0,0.968077540397644,,,,
40,чужие хапаксы,0.7879190047429158,0.6993453640327982,0.7887145212227546,0.7946545154791798,0.8014634948670795,0.8246958522998211,0.8408367797318794,0.8581848658356657,0.9274080405826305,1.1758475539981912,1.1245455376019862,1.0456202213968169,0.03555622839082434,0.8252507232096488,47.2636815920398,32.5,0.8198712167548461,0.0382638745519165,37.5,0.8238820908161192,0.021338686920054008,30.0,0.8327893123609303,0.043741359478084677,65.0,0.823646432675212,0.031425876118379006,27.500000000000004,0.8297295211886859,0.045426762285330685,7.5,0.8227323152516318,0.02313262602458662,0.03555622839082434,0.0008610000992897527,0.029989478789467255,0.0006086229159620316,0.026677437355043652,0.0004793562355586315,0.025543792621697103,0.00043820478725791693,0.023613071998427288,0.0003724431907010848,0.018719581107597798,0.00023100828040628147,0.8809580961037715,60.0,80.0,0.0,1.3617713451385498,1.0,0.0,0.9847475290298462,0.008902453437003022,0.0008610000992897529,0.031540919771426916,0.0008610000992897537
40,перемешивание,0.7755376322338823,0.7080783734281276,0.7757616547911805,0.7825081763482129,0.7889122259982062,0.8206889232938337,0.860389326235187,0.8757593631605005,0.9444885444723375,1.217498362595113,1.1508484124309053,1.0579137525362048,0.049717658231626057,0.8270944100047238,0.0,0.0,,,0.0,,,100.0,0.8270944100047238,0.049717658231626057,60.0,0.8350000527159459,0.05230123705376138,35.0,0.8187579456748335,0.041978797641766395,5.0,,,0.049717658231626057,0.001690952859317816,0.044945539064876236,0.0013718810968045936,0.042602717255183754,0.001226136857858313,0.04070613507729701,0.0011140788211936293,0.03805606330815305,0.0009657370427451681,0.032249481177222844,0.000680033608679047,0.9006051836520534,0.0,90.0,0.0,1.262830376625061,1.0,0.0,0.9672091603279114,,,,
41,исходный,0.7858403675038164,0.6986127401064621,0.7890715400255025,0.7951515850705865,0.801931809343669,0.8385707005682368,0.8770489837463176,0.8982540283957005,0.9891082959166467,1.2535090238898734,1.1795168794311581,1.0627308907138313,0.05554300261600339,0.8464588338447088,0.0,0.0,,,0.0,,,100.0,0.8464588338447088,0.05554300261600339,67.5,0.8445902640041345,0.052711041983519384,25.0,0.8472381257126423,0.06856805100482014,7.5,0.8606783228500978,0.014190252844621068,0.055543002616003395,0.0022103975518969715,0.04937874367487307,0.001731929927536322,0.045258135088929397,0.0014448690579909234,0.04253817389984227,0.0012692029265458486,0.03913457148205583,0.0010643818917471313,0.03312383376609109,0.0007472623829812245,0.9360615290528116,0.0,90.0,0.0,0.7524330019950867,1.0,0.0,0.9788076281547546,0.007995467806193144,0.0022103975518969715,,
41,чужие хапаксы,0.7683956486452083,0.6853625120241085,0.7688655021396033,0.7718520546472335,0.7848879140132129,0.8071542716621827,0.8379885283653279,0.8669643995788793,1.190515610226006,1.5484055493620568,1.4749542336861607,1.049799047318457,0.08371570124113462,0.8236181805025262,38.308457711442784,32.5,0.812051834063689,0.03703590173854649,20.0,0.7892855838998372,0.030907703126994694,47.5,0.8459878266354945,0.10606144680848324,52.5,0.8072821630447904,0.04106118532683092,30.0,0.8460951344152833,0.12906018596012042,17.5,0.8340943118824363,0.048731379797148394,0.08371570124113464,0.0047540712706265744,0.044888943203840063,0.0013358331523140217,0.04120487996793354,0.0011185422631695661,0.038321170790693006,0.0009621838815770738,0.034378927336620464,0.0007674358566965461,0.026338688641423583,0.00044157748741403374,0.9483265040516331,0.0,40.0,0.0,0.9339668154716492,1.0,0.0,0.8111222386360168,0.06539122403347963,0.004754071270626576,0.10873092472891453,0.004754071270626573
41,перемешивание,0.7702961646878616,0.6934451407755928,0.7704559449372229,0.7765989094011213,0.7954162066473913,0.8203245991737604,0.84224099609197,0.8699395868768943,1.0444349880090367,1.355606371619519,1.2731972063997625,1.064726159314146,0.06481844173416054,0.8298522778458178,0.0,0.0,,,0.0,,,100.0,0.8298522778458178,0.06481844173416054,60.0,0.8255931634419408,0.06987140089259644,27.500000000000004,0.8366376161993341,0.06171422451498693,12.5,0.8353682826066929,0.0395291890462871,0.06481844173416054,0.002893335216940919,0.050842099406028636,0.0017565899792164076,0.040778737543601964,0.001118578189217354,0.03709967405197207,0.0009203185480193798,0.033449197031317976,0.0007417580139351469,0.026445184278789974,0.0004550473054193847,0.9392301778090009,0.0,90.0,0.0,0.9136551022529602,1.0,0.0,0.9146445393562317,0.00945225643593752,0.002893335216940919,,
42,исходный,0.7616856451339694,0.6863808122425898,0.7636042120259746,0.7725250646868436,0.778421138476983,0.8037884247699849,0.8584425874317936,0.9297427004831219,0.9751337538977055,1.277014634728777,1.2131721779605789,1.0526243990160749,0.07186211891892776,0.8314721088604917,0.0,0.0,,,0.0,,,100.0,0.8314721088604917,0.07186211891892776,47.5,0.83835219722981,0.07731946133697284,35.0,0.815295977697958,0.06596336013300672,17.5,0.8451498456116953,0.057640216796053294,0.07186211891892774,0.0035702235357980942,0.06746654145577179,0.003119001962954038,0.06352448971358407,0.0027422988365980506,0.059608031420918355,0.0023951158455638197,0.05211089923542028,0.0018026296990726063,0.04013223724414313,0.0010381090567314045,0.9485226114439461,0.0,70.0,0.0,1.639025092124939,1.0,0.0,1.0236222743988037,0.04111984231809262,0.003570223535798094,,
42,чужие хапаксы,0.751869357544611,0.677149052330359,0.752155077187639,0.7621337169276682,0.7762205597062546,0.8004748862773626,0.8325516615408811,0.8605887689838311,0.9161280155975947,1.2180041634805712,1.14448064680465,1.064241817352872,0.04910582383252381,0.8074666877622786,27.860696517412936,20.0,0.8281738231665889,0.025406877482646386,22.5,0.8086521863036462,0.06585816077924553,57.49999999999999,0.7998003151489397,0.04441713113078541,50.0,0.8088768669213205,0.04151919013198076,37.5,0.7959560013130613,0.0501844434620814,12.5,0.8363580304737619,0.053996093616664374,0.04910582383252381,0.0015722269334812345,0.04484215467029256,0.0013020267255446178,0.04185149755108742,0.0011276351998939962,0.040010894348126165,0.0010258435468790612,0.036581223235687445,0.0008499088630162599,0.029843097852182116,0.0005545886076766519,0.8811235740798387,40.0,60.0,0.0,1.0387802124023438,1.0,0.0,0.8502465486526489,0.09859834686566166,0.0015722269334812343,0.07624086256743527,0.0015722269334812365
42,перемешивание,0.7798759663402561,0.6921192632441275,0.7807419707449167,0.7894510875921853,0.8011389746332955,0.8292455513457232,0.8555053325420583,0.8896211879341217,0.9676961026380944,1.2394570023112785,1.1669596551560508,1.0621249816434597,0.05436294865715958,0.8368410939238693,0.0,0.0,,,0.0,,,100.0,0.8368410939238693,0.05436294865715958,52.5,0.8422572314844208,0.05996708620097772,32.5,0.8331249946555588,0.048155781747030585,15.0,0.8259361608766117,0.04069876623463425,0.05436294865715958,0.002069626644440198,0.04906477275813272,0.0016723841111786408,0.04256001873443292,0.0012479024794737077,0.03889042295409951,0.0010356084425871684,0.034585429397341556,0.0008113370589066409,0.027833681156231093,0.0005156461139518986,0.9296462764794923,0.0,80.0,0.0,1.9422645568847656,1.0,0.0,1.0849238634109497,0.018228565273490923,0.0020696266444401976,,
43,исходный,0.7802805506637334,0.6749018821758332,0.7814319652741468,0.7856981784344244,0.7972877739789404,0.8256763128553526,0.8761241311886416,0.9605629672558941,1.0247479049868817,1.3113718794794544,1.241101251219258,1.0566195773238989,0.07910653054333605,0.8512265431730677,0.0,0.0,,,0.0,,,100.0,0.8512265431730677,0.07910653054333605,62.5,0.8622527307198596,0.08155719924369459,32.5,0.8242573698983141,0.06269281995574615,5.0,,,0.07910653054333606,0.004534349483202219,0.07335937164139517,0.0038587762482357904,0.06969916237834574,0.0034537324255872214,0.06548143145669873,0.0030215551514742624,0.05659391733150062,0.002218181624202719,0.03512492263376316,0.0008236588458852432,0.9843978042521602,0.0,90.0,0.0,1.3698066473007202,3.0,0.0,0.9201973676681519,,,,
43,чужие хапаксы,0.7730057695141296,0.6657996025405983,0.7745910158061544,0.7787804263100334,0.790559795349163,0.8215767016865876,0.8935111042294784,0.9548220488705664,1.0711773182278324,1.3828940645703285,1.3038068338949338,1.0606587023624756,0.09372109783571911,0.8549273859362232,28.855721393034827,5.0,,,22.5,0.8563957792619704,0.11172412704922521,72.5,0.8568103829430511,0.08904533810161254,62.5,0.8808260315649667,0.09970112093010329,30.0,0.8135530434070429,0.04411099233820499,7.5,0.8046027091467481,0.0432357789383443,0.09372109783571908,0.006419972867128432,0.08615229647283264,0.005354764197288187,0.07821837097903359,0.004357960238323551,0.06915056265291393,0.003362551778243205,0.059331742330766046,0.002430234944781119,0.04173375579993439,0.0011583426643291118,1.0232761831963983,20.0,100.0,0.0,1.1519172191619873,1.0,0.0,1.3192956447601318,0.17487710222101935,0.006419972867128428,,
43,перемешивание,0.7785178039877538,0.7016093995070481,0.7790202478300521,0.7822460419430225,0.7938017339082374,0.8255451815386483,0.8781122341638546,0.9347121212467676,0.9784341056573627,1.255980327061812,1.185197524663351,1.0597223677281697,0.06559303290810736,0.8399613133687727,0.0,0.0,,,0.0,,,100.0,0.8399613133687727,0.06559303290810736,45.0,0.8321040036919877,0.060087928100344516,40.0,0.843079580570439,0.07666812949256777,15.0,0.8552178631946848,0.03968405789309125,0.06559303290810735,0.003035526248912207,0.061069630205073354,0.002609094267018464,0.057235504336882674,0.0022741711288089216,0.05380271351370754,0.001995144329035583,0.0458560245881352,0.001428200129840472,0.03502707235169594,0.000811380828132274,0.9507485085007319,0.0,70.0,0.0,1.1486984491348267,1.0,0.0,0.996587872505188,0.02193543045771457,0.0030355262489122057,,
44,исходный,0.7467432861199468,0.6395576812630261,0.7471301772278325,0.7538812732939033,0.7577820659891528,0.7722947301558674,0.8154487096382906,0.8438639342037002,0.9774374675295231,1.3082559068303568,1.2656275245232518,1.0336816176016421,0.060839157463802036,0.7904484693148173,0.0,0.0,,,0.0,,,100.0,0.7904484693148173,0.060839157463802036,32.5,0.7875720321821735,0.04641915593707483,47.5,0.7861474539371379,0.06831771946476037,20.0,0.8053375911773515,0.059052453470870056,0.060839157463802036,0.002312669153048298,0.0485085787814736,0.0014524447472858471,0.042547079029778896,0.0011084963893596472,0.03899565298878446,0.0009255412639533339,0.03426373404814404,0.0007075696281723357,0.021165755688801493,0.00026387424038717137,0.8892335595309302,0.0,60.0,0.0,1.3437392711639404,1.0,0.0,0.9988229870796204,0.024133630458693354,0.002312669153048298,,
44,чужие хапаксы,0.6963413373284307,0.6027218332522342,0.697598664853544,0.7110807071114588,0.7297776381457044,0.7500676530205584,0.8135284189871725,0.8336352243647003,0.9324584937219964,1.3366689770224252,1.2431658530626422,1.0752137164397095,0.072931891088941,0.7700585416289341,27.363184079601986,17.5,0.7648974809959765,0.06146072929115209,20.0,0.7880972986701948,0.06693168085576859,62.5,0.7657312363529588,0.07622873407014365,37.5,0.7494105895720053,0.0381488841411921,32.5,0.7689401054373017,0.09100205693747085,30.0,0.7970801209076966,0.0678303166380264,0.07293189108894102,0.003154150664855305,0.06582194841077282,0.0025414367255628656,0.05926500723438426,0.002039829335310254,0.05691988735319067,0.001869584236979298,0.052366979718546404,0.0015629631473573775,0.041459156541830876,0.000950934712170803,0.8758347236687112,30.0,30.0,0.0,1.148419976234436,5.0,0.0,0.9026641845703125,0.12026470141041658,0.0031541506648553046,0.025821286716221754,0.003154150664855305
44,перемешивание,0.7421906806687814,0.6732642531534614,0.74572846429535,0.7571587967473996,0.7675911199434549,0.7903506656666451,0.8182841442064547,0.8798950583026635,0.9383541141530429,1.258305347161058,1.1872630149068828,1.059837063365228,0.05910106793992372,0.8026374758318774,0.0,0.0,,,0.0,,,100.0,0.8026374758318774,0.05910106793992372,35.0,0.794107891365274,0.0445424611642288,42.5,0.8022492135305228,0.07338234012130507,22.5,0.8166391026824853,0.04239903664183921,0.059101067939923736,0.0022502435419165787,0.05343507649141053,0.001823550091191281,0.0482048154202833,0.00147217920516374,0.04336419179919567,0.001182560784888275,0.033968011196335454,0.0007158431522497217,0.02737006713617952,0.00045630545683530125,0.9074794721379362,0.0,50.0,0.0,1.4438438415527344,2.0,0.0,0.8244800567626953,0.030946939788464932,0.002250243541916579,,
45,исходный,0.7519475286021569,0.5857359983029795,0.7546600500460092,0.7571538231983213,0.7705899788965633,0.8018161089672737,0.8358309212708066,0.8608145020336239,0.9050887579544985,1.199333074407898,1.1287984212742224,1.0624864916572563,0.050587964444541375,0.8065773998140588,0.0,0.0,,,0.0,,,100.0,0.8065773998140588,0.050587964444541375,27.500000000000004,0.7953284062231695,0.04324432314748521,47.5,0.8107517186572973,0.0477013801216591,25.0,0.8110200869618842,0.05944809824242607,0.050587964444541375,0.0016648936896676264,0.04739742782473836,0.0014523699201673494,0.044901266338691216,0.0012961931222252047,0.042688909666226404,0.0011655141586264847,0.03957298678920473,0.0009925919017620241,0.03063692370093302,0.0005815482641606325,0.8796765498443936,0.0,30.0,0.0,0.38934096693992615,2.0,0.0,0.9422362446784973,0.028836479861062213,0.001664893689667626,,
45,чужие хапаксы,0.721084298601611,0.5718079191737986,0.722924793545546,0.7288316286844643,0.7448201235778802,0.7676603493838059,0.8085866586619095,0.9009086110002131,0.9711029286827291,1.343297307483406,1.2650163961994711,1.0618813412372494,0.08610376397285488,0.7924233124729005,16.91542288557214,5.0,,,15.0,0.7755210379190457,0.043680344855439354,80.0,0.7991332123531686,0.09113918940883968,27.500000000000004,0.781461383482452,0.06165318097950125,37.5,0.8163209666189353,0.09254219975800716,35.0,0.7754316272375015,0.08522874146117854,0.0861037639728549,0.004655418851604664,0.07962379459788531,0.00393517238563288,0.0715489447717246,0.0031388638109960355,0.06311999230364719,0.002414153335080895,0.052334179123434146,0.0016296221647840196,0.03581689223515169,0.0007388664034390936,0.9398549271233655,0.0,50.0,0.0,0.8265327215194702,1.0,0.0,0.8028273582458496,0.0748069854096107,0.004655418851604664,,
45,перемешивание,0.7436728821701606,0.580795954982405,0.7456804141807472,0.752668617146785,0.7642699393333385,0.777518224857096,0.8087959156374009,0.8756876190814905,0.9768538806362278,1.3100168142534128,1.2563742551703772,1.042696321468129,0.06434603686734137,0.7958466834298603,0.0,0.0,,,0.0,,,100.0,0.7958466834298603,0.06434603686734137,35.0,0.7823138003219439,0.04292021710775601,47.5,0.8071499449268537,0.07731539481358304,17.5,0.7922321684395681,0.04779574125676469,0.06434603686734136,0.0026224210871284917,0.05403837765934196,0.0018280293742933957,0.04589033502352251,0.0013056055136310002,0.04008703694074878,0.0009885803803945062,0.02945991867487792,0.0005267278178053007,0.022371268662442254,0.00029864343951948653,0.9134705296475103,0.0,50.0,0.0,1.2944457530975342,1.0,0.0,0.8660645484924316,0.048456259533869235,0.002622421087128491,,
46,исходный,0.7790394205492522,0.7084980132896348,0.7793749211527229,0.7816952898026419,0.7901137872818786,0.8196255500640155,0.8541045928976726,0.8908874002740315,0.9495016974676636,1.218286182551675,1.1584579048243484,1.0516447576370054,0.05163379029074333,0.8271039473776989,0.0,0.0,,,0.0,,,100.0,0.8271039473776989,0.05163379029074333,67.5,0.8330447793610735,0.05348323277972368,22.5,0.8255598333888344,0.04423220351723752,10.0,0.7904775879648658,0.020162735534593183,0.05163379029074333,0.0018238461473515546,0.04663656344987277,0.0014766282845397817,0.04369673350704604,0.001288755691327786,0.041246091944877446,0.0011421549279961017,0.036547185738646515,0.0008876665406741132,0.029034188540213814,0.0005489298849152863,0.9103420504872037,0.0,90.0,0.0,1.538713812828064,1.0,0.0,0.9519413709640503,0.08690896847756392,0.0018238461473515542,,
46,чужие хапаксы,0.7507144799407789,0.6695671058376886,0.7538243038215724,0.7575950038175682,0.765905493281542,0.7784742364245054,0.7998773660733999,0.8245053905225059,0.9418929146925759,1.2494860008062552,1.2099217554310397,1.0326998379834242,0.04735502520966191,0.7896769069719258,47.76119402985074,40.0,0.792759913770779,0.05814907671497293,20.0,0.8051130987462969,0.049034444192456283,40.0,0.7788758042858874,0.023894847194786146,60.0,0.7955063891571164,0.05387977073486554,22.5,0.7807390621374464,0.025289213532507876,17.5,0.781181625695604,0.03839319871289684,0.04735502520966191,0.0013983987271487988,0.03655190868550589,0.0008249266890832396,0.031431819386027154,0.0006061569022418446,0.02804584498393429,0.0004802134924620485,0.02276748269700614,0.00031393365715438496,0.017864993329646583,0.0001908502296582372,0.8698559808556618,60.0,80.0,0.0,0.9371612668037415,1.0,0.0,0.7116230130195618,0.03646568968229075,0.0013983987271487986,0.07016790094020131,0.001398398727148799
46,перемешивание,0.7628668992888772,0.6610313665742207,0.7631051896642853,0.7692004358066453,0.7723436680229868,0.7948863484328165,0.8119211741735848,0.846572633171669,0.9156678680529694,1.1999235235915529,1.1519481619709329,1.0416471532352083,0.04281299222545841,0.8006749431388075,0.0,0.0,,,0.0,,,100.0,0.8006749431388075,0.04281299222545841,62.5,0.804275398036918,0.04838734634859827,27.500000000000004,0.7946953595322414,0.030874085856883005,10.0,0.7946159549436722,0.025589190811008803,0.04281299222545841,0.0011750697308377754,0.03670702365037263,0.000857445015709642,0.030619236489431798,0.0005925644641769375,0.02889211515320248,0.0005256419053785293,0.024809175324601303,0.00038461047296708853,0.01913308724426419,0.00022560469043014168,0.8719460450607232,0.0,100.0,0.0,1.741786241531372,1.0,0.0,1.1188865900039673,0.018386927114513847,0.0011750697308377754,,
47,исходный,0.7965143557699823,0.713906285952843,0.7967112311544122,0.8082760140930911,0.8182096186048845,0.8387707230101327,0.8643393235761931,0.8849885116259393,0.9030285666297614,1.1334452576014251,1.0766095452032753,1.0527913881605226,0.03645264797045682,0.8439981423244257,0.0,0.0,,,0.0,,,100.0,0.8439981423244257,0.03645264797045682,72.5,0.8420164419000147,0.03521404350703084,25.0,0.8483153675286559,0.040598180662417126,2.5,,,0.03645264797045682,0.0009465447358976295,0.03519458772019111,0.0008791756398774384,0.03372202899878316,0.0008041067732509851,0.03196386318789098,0.0007195745695644408,0.029244836419469268,0.0005981491903568831,0.024718841762447687,0.00042105742175665544,0.8979732088464305,0.0,70.0,0.0,0.7305237054824829,1.0,0.0,0.8721848726272583,,,,
47,чужие хапаксы,0.769974756308634,0.6750276932932584,0.7704183860370956,0.7731049545010954,0.7831878609326963,0.823519084073016,0.8781305005262185,0.9335045556864514,0.9897991529663765,1.284755362677336,1.2019140443849357,1.0689244947917995,0.07487135440684835,0.8381030882934061,34.32835820895522,20.0,0.8226594286337561,0.04426603521690175,45.0,0.8382337944141321,0.07067965880896299,35.0,0.8467599859437014,0.08969272627361045,60.0,0.8405478971720163,0.07399710832078062,22.5,0.8338584334772018,0.08382121908063259,17.5,0.8351782997590057,0.0645144932152486,0.07487135440684835,0.003937551625820266,0.0702394864290479,0.00343334167967717,0.06643391568059948,0.0030456576877148636,0.06241743300585474,0.002665998023442455,0.055894012868484624,0.002105912243659214,0.04013179925182136,0.001048807250373484,0.9576700496266227,10.0,70.0,0.0,0.4389381408691406,1.0,0.0,0.9296666383743286,0.002320507589341566,0.003937551625820267,0.018777828592001302,0.003937551625820266
47,перемешивание,0.7819859163953082,0.701382129097978,0.7820373898400017,0.7883153088833552,0.7950117764629572,0.8237619195506346,0.8558785408336773,0.894388894530241,0.9652665938681956,1.2342972425726102,1.1717786061229345,1.0533536250986277,0.05588630465822283,0.8318182648672219,0.0,0.0,,,0.0,,,100.0,0.8318182648672219,0.05588630465822283,57.49999999999999,0.8281928408813927,0.05054102947978114,32.5,0.836653453634978,0.06209759013062569,10.0,0.8369500892905333,0.060757700706939345,0.05588630465822282,0.0021610643168586277,0.05047193274024934,0.0017481407454131327,0.045096327960311496,0.0013846973290407019,0.041720967178251515,0.0011779003632633835,0.036640509409452425,0.0008989830589823417,0.02880170559442896,0.0005441864490056931,0.9264237011461921,0.0,70.0,0.0,0.8116683959960938,1.0,0.0,0.9249550700187683,0.008231768211676725,0.002161064316858628,,
48,исходный,0.7860059224620157,0.7171977822086824,0.7868766516839593,0.7950904609507065,0.8051923686452673,0.8240301921406865,0.8628442631755109,0.9102002207734969,1.0353893977103914,1.31582173075615,1.2564944920532954,1.0472164733535003,0.06199421998132334,0.8428806346179819,0.0,0.0,,,0.0,,,100.0,0.8428806346179819,0.06199421998132334,52.5,0.8414007809458203,0.052305323559487686,40.0,0.8465100648316657,0.07622633058160594,7.5,0.8338826491834679,0.026145563495334364,0.06199421998132334,0.0027304520356068404,0.050993811247268664,0.0018258515587454922,0.04783303064236679,0.0015963070159621194,0.04470023239914218,0.001385439179936302,0.03935307582093734,0.001061825307714435,0.026557776141197958,0.0004717352925282132,0.9468112942275765,0.0,70.0,0.0,1.6864646673202515,1.0,0.0,0.9799878001213074,0.0045747438762036435,0.0027304520356068395,,
48,чужие хапаксы,0.7693064918070799,0.6955965216827061,0.7696318288718904,0.7843782994924805,0.7889065230175555,0.8033378751147217,0.8343496420126316,0.866027571761275,0.98925518384061,1.285361580342433,1.231431026078956,1.0437950263728526,0.05920861840036895,0.8212021393534608,28.855721393034827,15.0,0.8148741683736155,0.03482759547282501,32.5,0.8225032563999632,0.05940198250855474,52.5,0.8222046776522485,0.06414709510272842,47.5,0.8265386770915519,0.07593232788764741,25.0,0.8261291681037936,0.035532272252989563,27.500000000000004,0.807505366214637,0.03393664663041153,0.05920861840036895,0.002364122621178559,0.05020544865995096,0.0016820238386473126,0.04229164280618651,0.0011826620760556632,0.03473107246669143,0.0007910691218854471,0.03144527832297349,0.0006433066837783969,0.021837746444911706,0.00030425559888769944,0.9234772940814151,30.0,80.0,0.0,0.8780716061592102,1.0,0.0,0.7307981252670288,0.030111252497114004,0.0023641226211785597,0.0029966065850009493,0.0023641226211785593
48,перемешивание,0.7801922168365847,0.7175381989360445,0.7806357232167781,0.7848212455214932,0.7920185866390724,0.8074830317962001,0.8386076323165267,0.8680825385304308,0.9239363162839588,1.1835690947842863,1.1442176242746736,1.0343915962092944,0.04393444732756248,0.8190923612579745,0.0,0.0,,,0.0,,,100.0,0.8190923612579745,0.04393444732756248,52.5,0.8161296599650631,0.039574507467027516,37.5,0.818464445934917,0.040720491292229266,10.0,0.8370012255072248,0.06478019294932336,0.04393444732756249,0.001295018840322394,0.039485066611964735,0.0010391447696800192,0.035096596636141036,0.000815904404318579,0.030158976452886344,0.0005987710543443269,0.025796824125102716,0.0004345574709928754,0.020805542876500115,0.00027869855599366844,0.8961396919727213,0.0,60.0,0.0,1.4780899286270142,1.0,0.0,0.8447885513305664,0.028438841422394036,0.0012950188403223928,,
49,исходный,0.7671354947157957,0.6938466294172305,0.7695444711002463,0.7762215375533985,0.7890135204853483,0.822893126014636,0.8635006033308951,0.9070892371224583,1.0327855884323502,1.3420739505226233,1.255066491361092,1.0693249798002125,0.07698251238972753,0.836992873661108,0.0,0.0,,,0.0,,,100.0,0.836992873661108,0.07698251238972753,57.49999999999999,0.8260596273579736,0.06800620798752925,40.0,0.849900690396048,0.08628679050835915,2.5,,,0.07698251238972753,0.004151716420959445,0.06852266911427166,0.0032500237543701595,0.058981049871288806,0.0023793484780387643,0.04935648576122429,0.0016477893861162097,0.04271022779967241,0.0012180621387134782,0.03653724391744864,0.0008723057235145947,0.9758791698979131,0.0,60.0,0.0,1.4490172863006592,9.0,0.0,1.0846744775772095,,,,
49,чужие хапаксы,0.7236073653797184,0.6548127608843097,0.7241786903983191,0.7298531679002375,0.742215896355848,0.7763268992755408,0.8514496274317712,0.8943674869097186,1.0502283200599192,1.4502336702040535,1.3528171200044465,1.0720101399953355,0.10489876307560964,0.8051358560825479,48.756218905472636,35.0,0.8015426984337995,0.07349458606901785,27.500000000000004,0.8722891915915327,0.13119659871017092,37.5,0.7592436905147909,0.03614735458872433,55.00000000000001,0.7982973843395175,0.09779697693428994,35.0,0.8039838029070351,0.09915093048336436,10.0,0.8467796367835089,0.13757354925946141,0.10489876307560961,0.007133112449044253,0.09480869721750479,0.005736254296232132,0.08198716400945617,0.0042197322941831756,0.0698101034699643,0.0030140118934870366,0.06265039438617702,0.0023871817986778356,0.04473905609322139,0.0011708859539352474,0.9820380309049437,60.0,60.0,0.0,1.3667347431182861,6.0,0.0,0.9761974215507507,0.02798295421440676,0.0071331124490442545,0.2852099613073801,0.007133112449044248
49,перемешивание,0.7265026481397854,0.6455973961981571,0.7268813875553158,0.735193626606535,0.7507936499923507,0.7676527776513191,0.8209586775675434,0.8624733274799217,0.9979773842680799,1.3729576810661335,1.3000374822083665,1.0560908434223741,0.07470210172149272,0.7903785641775123,0.0,0.0,,,0.0,,,100.0,0.7903785641775123,0.07470210172149272,47.5,0.7853192261579549,0.0585461770368985,35.0,0.7698204533905448,0.04060997854047273,17.5,0.8452272746616746,0.10781790436610676,0.07470210172149272,0.003486068751996739,0.06294742676634929,0.0024420620966437074,0.05845527436921704,0.0020884247005428123,0.052909102575726195,0.0016959182180665338,0.047751429756198775,0.0013643623048151855,0.031078485313447295,0.0005599946006108799,0.9083021219353954,0.0,40.0,0.0,1.3507301807403564,6.0,0.0,1.0315582752227783,0.196940402188242,0.0034860687519967363,,
