sub_source,id,крупный,мелкий,средний,общая,откл_общая,откл_крупный,откл_мелкий,откл_средний,pct_общая,pct_крупный,pct_мелкий,pct_средний,профиль,h_крупный,h_мелкий,h_средний,сила,all_общая,all_крупный,all_мелкий,all_средний,text
yelp,b46738d2-c31e-4361-bad7-c573ce73d526,16.24916902478258,3.4212235167886504,12.623872669036524,7.601157255997045,-1.2953676529366138,-0.5617045657462434,-0.3941857983164492,-2.462220737935315,-10.393909075607947,-7.777553358752945,-2.629840074792881,-13.655894293650265,000,-0.0,-0.0,-0.0,0.0,-10.393909075607947,-7.777553358752945,-2.629840074792881,-13.655894293650263,"It didn't even receive a 1 star but it's a required field!! We came here to celebrate our Easter Sunday with the family. We had 3 adults and 2 kids. Being that it was Easter Sunday, we knew that it was probably going to be busy and just as expected we waited for 25 minutes to be seated. After we were seated, the lady who sat us had a bad attitude. Being that we just got out of church, we let it go. We ordered and I was looking forward to tri-tip BBQ with cheesy grits and braised greens. After about 30 minutes, we noticed that the larger party who were seated much later than us, were getting their orders. So we asked our server about our food and he told us it was because the kiddie burger was ordered well done and so it takes a little longer. After another 30 minutes, we asked again and this time we were told it's because they are short handed. Our food started coming one by one and each plate were cold. My aunts fried catfish was cold and fries were cold and stale. My tri-tip BBQ platter was cold, the cheesy grits was cold and so was the braised greens. In fact, the braised greens was so cold that butter was clumping. The well done kiddie burger was cold with stale fries. We couldn't believe they even served it!! We talked to the manager and she was going to fix it. We waited for another 45 minutes and still no food. We were so hungry that we just walked out. This ruined our Sunday afternoon! Shame on you Lucille's BBQ!! Terrible customer service!!!"
finance,c14154ec-e194-4673-a1ef-be8c92206210,16.213676977929875,2.9843655260596913,13.18208537381775,7.414048581545593,-0.5711268531489733,-1.0154664986574993,-0.3213806809763673,-0.8405158530640495,-12.599635957841752,-7.978989099378834,-15.063091574774068,-9.837860156908913,000,-0.0,-0.0,-0.0,0.0,-12.599635957841752,-7.978989099378834,-15.063091574774068,-9.837860156908912,"I'm a business law student, so medical stuff isn't really my specialty. I'll share with you what I know though. First, as to the legality, I'm not aware of anything making it illegal for them to consider their business with you concluded. Absent any contract between you and the doctor, it seems to me that you agreed to pay them in cash. If I was the business, I'd assume our business had been concluded as well. As for any contracts between the insurance company and the doctor's office, as far as I know, that's between them. That wouldn't give you standing to sue the doctor. I'm unfamiliar with a patient submitting insurance claims, but if that's something you are allowed to do with your insurance company and all you need is more information, submit a request for your medical records to the doctor. Under United States law, your medical records are yours. You have a right to receive a copy of them. Keep in mind though that the doctor's office may charge you a small copying fee to cover expenses they incur while making a copy for you. As far as complaining, I would suggest your local Better Business Bureau. Each state generally has a medical board which oversees doctors. You might lodge a complaint with them as well. I hope this helps. Keep in mind that I'm not an attorney. This is not legal advice. This is only what I personally would do if I were in your situation. You can and should consult an attorney who is licensed to practice law in your particular jurisdiction."
reddit,f4352adc-637a-4531-b91d-43fcd4802a03,18.94224394476553,3.5527007319847153,14.344902198175044,8.368142268865356,-0.0612696935973939,1.4674556782726285,0.0955368998218104,-0.2405022893093082,-1.352321527014465,7.507041055288559,1.1120836572695971,-1.884486304708065,000,0.0,0.0,-0.0,0.0,-1.352321527014465,7.507041055288559,1.1120836572695971,-1.884486304708065,"There are few factors that give a team home field advantage:
1) No travelling - When you play at home, you do not require to travel a large distance to get to the game. You get to stay at home with your family and friends. This generally allows the players to be more rested.
2) Field dimensions - In soccer, the size of the pitch does not require to be an exact size, but just with certain parameters. So, some fields are skinnier while some are longer. This can give you a large advantage. Depending the team's strategy, you can adjust your field dimension to give you the advantage. Teams with fast wingers for example might prefer a longer, thinner field.
3) Climate - Sometimes, teams withing a league play in very different climates, especially for American football. Teams the practice in the heat will play better in the heat. So if a team that is used to colder weather comes to play in hot weather, then they have the disadvantage.
4) The fans - The fans do play a part in the game. Some plays in the game work better for the players if there is silence. So naturally, when the away team comes to a critical play where they need a bit of silence to communicate and concentrate, the fans make as much noise as possible. Also, in soccer for example, the fans sing a lot of chants. These chants may sometimes distract the opponents and they can inspire the home team.
EDIT: Another factor is the influence of refs. Refs are human and sometimes their decisions are based on the reactions of others, especially the fans. They may be more willing to make a call if they hear 50000 people shouting at them to do so."
yelp,3c04caf9-5208-4beb-a71a-f972c8e29fa4,16.468272266463092,3.957192319944692,14.696049698230748,9.092473372832224,0.1959484638985653,-0.3426013240657326,0.141783004839592,-0.390043708741091,7.186441266008023,-6.534029029355705,12.62416710191786,0.517274047144742,000,-0.0,0.0,0.0,0.0,7.186441266008023,-6.534029029355705,12.62416710191786,0.517274047144742,"Found ourselves at Bachi after a long weekend, hungry for food that wasn't fast food, yet not lemme-just-stuff-myself-silly buffet style either. Overall: love the concepts and menu but with a couple hangups! FOOD: downright delicious. Not gonna lie, I was pretty impressed. We ordered the truffle fries (5.5) (medium cut, parm cheese, truffle gravy drizzle sun-dried tomato aioli)...what in the holy hayellllll. This was so amazing! I could eat this literally as a side to every meal. The truffle wasn't overwhelming and I love the substitute of the aioli for like, Heintz ketchup or something. Very classy, Bachi. The Kiki burger (11) was 1) cutely named and 2) cooked to perfection with the best flavor combo ever! I loved the bun, as it was somewhat sweet and pillowy. It had a mix of mushrooms, a baconsweet onion glaze and gruyere cheese. SERVICE: Not that great. It took a long time to get our food (30 minutes). We were only 4 girls and didn't order anything out of the ordinary or massive amounts of food. Heck, the restaurant wasn't even that busy... not all the tables were full, so I'm still a bit stumped why it took so long. DRINKS: The lychee boba milk tea was aiiiiight. Nothing special. They didn't put enough ice, so it was a bit warm and milky... not really what I hoped for in 100 degree weather. The lychee flavor was good though and not overwhelming. OVERALL: Satisfied, good for a try, not sure if I would go out of my way for this again, but if you do, it'll be a good choice!"
wikipedia,040c1d28-4583-4101-87e6-0631f517d0b5,14.9239666923644,3.6107127441865847,12.287737399361754,8.077288173492608,-0.6711700827618952,-1.8907875152472065,-0.0110767662773074,-1.912658663202208,-4.7810492375403815,-15.298762671296673,2.76314178836219,-15.954974775317213,000,-0.0,0.0,-0.0,0.0,-4.7810492375403815,-15.298762671296672,2.76314178836219,-15.954974775317211,"Matt Wozniak (born January 6, 1983) is a Canadian curler from Winnipeg, Manitoba. He currently plays second on Team Jason Gunnlaugson. Wozniak is the former second for the Mike McEwen team which curled out of the Assiniboine Memorial Curling Club in Winnipeg.

Career

2005–2010
In 2005, Wozniak joined the new Mike McEwen rink that included Justin Richter and Andrew Melnuk. For the 2006-07 season, Richter and Melnuk left the team and were replaced with Geordie Hargreaves and Adam Guenther. The team disbanded after just one season together.

Wozniak and McEwen joined with brothers Denni and B. J. Neufeld in 2007. In their first season together, they were a semi-finalist at the 2008 Safeway Championship, Manitoba's provincial championship. Their first Grand Slam event as a team was at the end season, at the 2008 Players' Championships. The team won two games, before being eliminated.

At the conclusion of the 2008-09 season the McEwen team was ranked 7th on the CCA rankings. They had made it to three Grand Slam playoffs, and finished 4th at the 2009 Safeway Championship.

During the 'Road to the Roar' 2009 Olympic Qualifier, the McEwen team just lost out to fellow Manitobans the Jason Gunnlaugson team in the semi-finals. Team McEwen thus missed out on the 2009 Canadian Olympic Curling Trials final despite being the favourite in that particular matchup vs Gunnlaugson.

McEwen's rink made it to his first provincial final in 2010, when he lost to Jeff Stoughton in the 2010 Manitoba provincial final. The game was being played in Steinbach, Manitoba and as the Neufeld brothers and their father have roots in Steinbach, were treated very much as the home team and crowd favourites.

2010-2015: Grand Slam success and perennial provincial runner-up
Team McEwen started the 2010-11 season off well by defeating provincial rival Jeff Stoughton to win the World Cup of Curling and his first ever Grand Slam title in November, 2010. In part of the teams runner-up result in the provincial finals of 2010 and in part because of his 4 victories and leading the overall money winnings in the World Curling Tour season as of November 2010, the McEwen team was named as a nominee for the provincial team of the year by the Manitoba Sportswriters and Sportscasters Association.

The team continued their strong season that year by defeating provincial rival Stoughton in the semi-final of the 2011 Canadian Open. They would then go on to beat the Glenn Howard team in the extra end of the final, thus winning their second career Grand Slam and their second of that season.

Wozniak's rink once again made it to the Manitoba provincial this time, being the top seed (also ranked 1st in Canada). However, once again lost to Stoughton in the final of the 2011 Safeway Championship, losing by one point in the final end. The McEwen team then lost their third straight provincial final game at the 2012 Safeway Championship, this time losing to Rob Fowler, thus tying a provincial record for consecutive final losses previous set by Kerry Burtnyk from 97-99. This dubious record was avoided in 2013, when the McEwen rink failed to reach the final, but again losing to the rival Stoughton rink in the 2013 Safeway Championship semi-final. Once again, at the 2014 Safeway Championship, the team lost the final to Stoughton.

Despite being ranked first in the world on both the World Curling Tour Order of Merit rankings and on the WCT money list, Wozniak lost his fifth provincial final in six years in 2015, losing to Reid Carruthers.

Three Briers and team breakup 
Wozniak's rink won their first provincial title in 2016, sending them to their first Brier. The Matt Dunstone rink had committed themselves to the 2016 World Junior Curling Championships, which occurred at the same time as the 2016 Tim Hortons Brier, so when the Dunstone rink beat Reid Carruthers in the semi-final, McEwen's team would go to the Brier, even if they had lost to Dunstone.

In 2017, Wozniak defended his Manitoba Championship by beating Reid Carruthers in the final. He would then better his 2016 Brier showing, going 9–2 in the round robin to enter the playoffs in first place and with hammer and choice of rocks (Brad Gushue was also 9–2 but lost first place due to losing his round robin meeting with Manitoba). He then lost 7–5 to Brad Gushue in the 1 vs. 2 game. In the semi finals against reigning Brier and World Champion Kevin Koe, they were in control for most of the game, being up 5–3 with hammer in the eighth end, but Koe made a comeback with a steal in the eighth end, two points in the tenth end, and another steal in the extra end, dropping Manitoba to the bronze medal game. They recovered to win their first Brier medal, defeating Brad Jacobs in their rematch of the 2016 bronze medal game, 7–6 in an extra end.

While competing at the 2018 Viterra Championship, skip McEwen came down with chickenpox and was unable to play after the first game. B. J. Neufeld skipped the team, until a surprise appearance by McEwen in the final, where they lost to Carruthers. Despite the setback, they still had a chance to qualify for the 2018 Tim Hortons Brier through the wildcard game, which they won over Jason Gunnlaugson. Team McEwen had a difficult Brier and alongside Carruthers was unable to qualify for the playoffs. Following the Brier, the McEwen team announced they would be breaking up at the end of the 2017–18 season. Just days after the announcement, the McEwen team won the 2018 Elite 10 Grand Slam of Curling event, winning the top $28,000 prize money, and was the first team to go through the entire event undefeated. The Grand Slam victory was the team's seventh overall.

Wozniak took a few years off from men's play after Team McEwen broke up. However, he played mixed doubles with his current girlfriend Marlene Albrecht and spared for McEwen's new team. After Alex Forrest stepped away from competitive curling after the 2019–20 season, Wozniak joined the Jason Gunnlaugson rink. Due to the COVID-19 pandemic in Manitoba, the 2021 provincial championship was cancelled. As Team Gunnlaugson were the reigning provincial champions, they were chosen to represent Manitoba at the 2021 Tim Hortons Brier. Due to the COVID-19 pandemic in Manitoba, the 2021 provincial championship was cancelled. As the reigning provincial champions, Team Gunnlaugson was chosen to represent Manitoba at the 2021 Tim Hortons Brier. At the Brier, they finished with a 6–6 record.

Personal life
Wozniak is employed as a mortgage broker for Vertuity Mortgage. He is currently in a relationship with Swiss curler Marlene Albrecht and has two children.

Grand Slam record

References

External links

Living people
Curlers from Winnipeg
1983 births
Canadian male curlers
Canada Cup (curling) participants"
wikihow,fa76c09d-0786-4149-ac0c-831e797126b1,18.214976091834856,3.0886806295229863,12.815156414463075,7.332039956899806,-0.9604950881181188,0.2582288011773954,-0.3135966313106397,-1.6832421121636862,-13.566392996159452,3.379419473009478,-12.094218521905061,-12.34756171077123,000,0.0,-0.0,-0.0,0.0,-13.566392996159452,3.379419473009478,-12.09421852190506,-12.34756171077123,"Good friends will be willing to support you on a consistent basis, through your high points and your low points. Your friends should offer to support you during any difficult emotional times and be there for you in a real, genuine way. They may also offer guidance and advice when you need it.You should consider if you feel supported by your friends and if so, in what ways. Maybe you remember a time where you were going through a rough break up and your friends checked in on you every day. Maybe your friends also tried to distract you from your emotions by taking you out for fun outings or by spending time with you one on one.
Good friends may also offer good advice and guidance during a confusing or hard time. Your friends should only offer advice when you ask for it and be willing to support you, even if they do not agree with your decision at the time. They may not like your decision to move away for school, for example, but they should still try to support you the best they can, as a friend.;
, Good friendships also have a good balance of giving and taking, where you feel mutually supported. You should try to cultivate friendships where there is a balance of give and take, and where you do not feel you are giving or taking more than the other person.Some people are natural givers, where they will do anything to help someone and support them. Some people are also natural takers, where they will take up someone else’s time and energy to fulfill their own needs. You should look for friends who can maintain a balance between these two extremes.
, Your friends should also encourage you to develop into the best version of yourself you can be. They should help you focus on how you can be yourself and achieve your goals. Your friends should act as your own personal cheer squad, where they proudly encourage you to go after what you want.For example, maybe you are determined to get into medical school. Your friends may encourage you by asking about your studies and by helping you prepare your applications. They may also help you relieve the stress of the applications by taking you out to dinner and celebrate you when you get into school.
, Another key aspect of a good friendship is positive communication, where you can share your thoughts and feelings without limits. You should be able to be yourself around your friends and feel you can share your opinions with them. You should not feel you have to censor yourself or keep quiet about your thoughts around your friends.
However, you should also feel comfortable being called out or challenged by your friends. Strong-willed friends with strong opinions can help you cultivate a better sense of self-control and learn better from your mistakes.You should not be turned off by friends who challenge your opinion or call out a comment you make that seems problematic.
Good friends will be willing to tell you when you are right and when you are wrong, as this will lead to healthier and more honest discussions. You should be comfortable doing this around your friends as well, as you should feel you can express your opinions, even if it seems counter to what your friends have to say., Good friendships are built on mutual respect and mutual trust. You should feel you can trust your friends with private information and trust that they will support you, even when you’re not around. Good friends will stand up for you and support you in company of strangers and other friends.You should also cultivate respect for your friends. Though you may not share all the same interests or preferences, you should still respect their choices and the way they conduct themselves around others. You do not necessarily have to be into the same things, but you should show respect and consideration for each other."
eli5,f9febf67-09de-40cc-861d-7b6e0dbbb722,17.562222398287197,3.349319289839122,14.84722180215689,8.236152954373402,-0.5037579576241082,-1.0295775502186402,-0.3210047059134528,-0.3833506092883958,-2.908274932146693,-0.32529567773229223,-4.676279321751467,1.5512531170751303,000,-0.0,-0.0,0.0,0.0,-2.908274932146693,-0.3252956777322922,-4.676279321751467,1.5512531170751305,"It doesn't actually sound better. Digital sounds better. What people mean when they say vinyl sounds better is that it has a more authentic experience such as snaps and pops that happen in recording sessions that digital filters out. So digital is always clear and perfect, but people often don't want perfect, they want authentic and so they go vinyl. The actual medium of vinyl isn't itself better for records, it's just easy to mass produce compared to rubber or shellac. I don't have a wealth of information on this subject and I know others will disagree on some principle or other, but check out the Skeptoid episode on vinyl records for more [info] (URL0).,"" ""A lot is said and while none of it is wrong, I still feel like it's not THAT. The thing with vinyl is that technically you cannot put so much compression on the sound, as you can on tape or digital. You can't make it as loud, the dynamic range remains wider, here's your better sound. This tradition remained till our days when the same record has different mastering for cds (normally, a terribly compressed sound) and vinyl (much wider dynamic range). It cannot be said about 100 vinyl records - there are ones where asshole engineer just puts cd mastering on a plate - that sounds as crappy as cd will. As well as some cds are beautifully mastered with wide range and smooth sound - kudos to the engineer. But the reality is that on vinyl you will get the good mastering with higher probability. That's why vinyl sounds better."
arxiv,4bbcee10-ac8b-49ad-85e3-a9dafed37722,16.989329218010113,3.302079187924462,14.396444046304202,8.384802820982125,0.50254361570593,-1.808119699566884,0.1709950044172896,0.3076099931886382,-1.1559189402046701,-3.5767610707415005,-6.020762152452664,-1.5319530607630178,000,-0.0,-0.0,-0.0,0.0,-1.15591894020467,-3.5767610707415005,-6.020762152452664,-1.5319530607630178,"In this work, we propose the use of Kernel Principal Component Analysis
(KPCA) combined with k = 1 nearest neighbour algorithm (1NN) as a framework for
supernovae (SNe) photometric classification. The classification is entirely
based on information within the spectroscopic confirmed sample and each new
light curve is classified one at a time. This allows us to update the principal
component (PC) parameter space if a new spectroscopic light curve is available
while also avoids the need of re-determining it for each individual new
classification. We applied the method to different instances of the
\textit{Supernova Photometric Classification Challenge} (SNPCC) data set. Our
method provide good purity results in all data sample analysed, when
SNR$\geq$5. As a consequence, we can state that if a sample as the post-SNPCC
was available today, we would be able to classify $\approx 15%$ of the initial
data set with purity $\gtrsim$ 90% (D$_{7}$+SNR3). Results from the original
SNPCC sample, reported as a function of redshift, show that our method provides
high purity (up to $\approx 97%$), specially in the range of $0.2\leq z < 0.4$,
when compared to results from the SNPCC, while maintaining a moderate figure of
merit ($\approx 0.25$). We also present results for SNe photometric
classification using only pre-maximum epochs, obtaining 63% purity and 77%
successful classification rates (SNR$\geq$5). Results are sensitive to the
information contained in each light curve, as a consequence, higher quality
data points lead to higher successful classification rates. The method is
flexible enough to be applied to other astrophysical transients, as long as a
training and a test sample are provided."
arxiv,d6f6e339-3f01-4348-b19a-3e77cedad36e,19.88173356631328,2.8285297938000715,12.048513469452724,6.852239135135328,-1.0300200701408675,1.0842846487362827,-0.302554389707101,-2.04032058366284,-19.222515427609714,12.839131044693545,-19.498273929192074,-17.59120613102608,000,0.0,-0.0,-0.0,0.0,-19.22251542760971,12.839131044693543,-19.498273929192074,-17.59120613102608,"The cross helicity (velocity--magnetic-field correlation) effects in the
magnetic-field induction and momentum transport in the magnetohydrodynamic
(MHD) turbulence are investigated with the aid of the multiple-scale
renormalized perturbation expansion analysis. The outline of the theory is
presented with reference to the role of the cross-interaction response
functions between the velocity and magnetic field. In this formulation, the
expressions of the turbulent fluxes: the turbulent electromotive force (EMF) in
the mean induction equation and the Reynolds and turbulent Maxwell stresses in
the momentum equation are obtained. Related to the expression of EMF, the
physical origin of the cross-helicity effect in dynamos, as well as other
dynamo effects, is discussed. In order to understand the actual role of the
turbulent cross helicity, its transport equations is considered. Several
generation mechanisms of cross helicity are discussed with illustrative
examples. On the basis of the cross-helicity production mechanisms, its effect
in stellar dynamos is discussed. The role of cross helicity in the momentum
transport and global flow generation is also argued. Characteristic features of
turbulence effects in fast reconnection are reviewed with special emphasis on
the role of cross helicity in localizing the effective resistivity. Finally, a
remark is addressed on an approach that elucidates the structure generation and
sustainment in extremely strong turbulence. An appropriate formulation for the
anti-diffusion effect, which acts against the usual diffusion effect, is
needed. Turbulence modeling approach based on such an analytical formulation is
also argued in comparison with the conventional heuristic modeling. The
importance of the self-consistent framework treating the non-linear interaction
between the mean field and turbulence is stressed as well."
wiki_csai,0b4651e6-8f56-467b-81ae-810fa7819810,18.25199709646158,3.3150532970344533,14.546725595228992,8.229115975045989,0.3041473675485378,-0.3768820045695804,0.0870455388573798,0.6688565433000999,-2.9912302227963856,3.589532840566071,-5.6515108969507395,-0.5040651624714741,000,0.0,-0.0,-0.0,0.0,-2.9912302227963856,3.589532840566071,-5.6515108969507395,-0.5040651624714741,"A digital signature is a mathematical scheme for verifying the authenticity of digital messages or documents. A valid digital signature, where the prerequisites are satisfied, gives a recipient very high confidence that the message was created by a known sender (authenticity), and that the message was not altered in transit (integrity).
Digital signatures are a standard element of most cryptographic protocol suites, and are commonly used for software distribution, financial transactions, contract management software, and in other cases where it is important to detect forgery or tampering.
Digital signatures are often used to implement electronic signatures, which includes any electronic data that carries the intent of a signature, but not all electronic signatures use digital signatures. Electronic signatures have legal significance in some countries, including Canada, South Africa, the United States, Algeria, Turkey, India, Brazil, Indonesia, Mexico, Saudi Arabia,[10] Uruguay,[11] Switzerland, Chile[12] and the countries of the European Union.[13][14]
Digital signatures employ asymmetric cryptography. In many instances, they provide a layer of validation and security to messages sent through a non-secure channel: Properly implemented, a digital signature gives the receiver reason to believe the message was sent by the claimed sender. Digital signatures are equivalent to traditional handwritten signatures in many respects, but properly implemented digital signatures are more difficult to forge than the handwritten type. Digital signature schemes, in the sense used here, are cryptographically based, and must be implemented properly to be effective. They can also provide non-repudiation, meaning that the signer cannot successfully claim they did not sign a message, while also claiming their private key remains secret.[15] Further, some non-repudiation schemes offer a timestamp for the digital signature, so that even if the private key is exposed, the signature is valid.[16][17] Digitally signed messages may be anything representable as a bitstring: examples include electronic mail, contracts, or a message sent via some other cryptographic protocol."
wp,a1685d73-6760-414c-9183-5fe1fd26e0ba,15.991333554145,4.145557864944655,12.986309508790132,8.446303391908076,-0.3870302493012882,-0.2870540898896472,0.2914129964205432,-1.6686738537416197,-0.43092068471601963,-9.240903139706646,17.985168261602745,-11.17691770508576,000,-0.0,0.0,-0.0,0.0,-0.4309206847160196,-9.240903139706646,17.985168261602745,-11.17691770508576,"The supermarket was scarce. The only other customers wandering about seemed to be fixed to only certain aisles. Travis passed by the electronics and there were three customers there along with a worker. They had been standing there for the past thirty minutes, and every time he circled back, they were still standing in the same place, still talking about the same product. He was sure that if he got close enough to hear them, he'd hear that they were talking in circles, repeating phrases and cycling words. There was a lone woman standing in the produce section. She'd grab an apple, inspect it, set it down, and then grab another. Travis sauntered over to her, carton of soy milk in hand; it was the only thing he came to the store for. ""Hi,"" he said, eyeing her from foot to head. She was wearing blue flats, black tights, a white skirt, and a black t-shirt. In Travis' eyes, she was beautiful. A lock of red hair fell in front of her eyes and she pushed it back behind her ear with her free hand. ""Can't find a good one?"" She looked at him and smiled, then went back to inspecting the apples. He stood there and watched her repeat the same process for almost five minutes until he said ""I don't think they're going to get any better, might as well just pick one."" She looked at him and smiled, repeating the same exact movements she did when he first addressed her. Travis walked to the oranges, grabbed one, and stood closer to the woman. He waited for her to reach out and grab an apple, and when she did, he placed the orange in front of the targeted apple. She grabbed it, pulled it close, inspected it, and she froze. She just stood there, eyes locked on the orange. ""It's an orange,"" Travis said. She continued to stare at the orange. She didn't move at all. ""Just wanted to see how you would react, you know? Here, I'll take it back,"" he said, reaching for her hand. When he grabbed the orange and tried to pull, he found that she wouldn't budge. She wouldn't relinquish her grip on the orange. ""Come on now, let go."" He pulled harder, fingernails digging into the skin of the orange, ripping away bits of peel and causing juice to spurt. He cringed and continued digging the orange out of her hand, until there was nothing left in her palm except for orange juice and small bits of peel and pulp. And yet, she still stood frozen. ""Here, maybe this will fix you,"" he said, grabbing an apple, and then forcing it into her fingers. The way her fingers stayed stiff as he worked the apple in reminded him of the action figures he used to play with as a child. He had a GI Joe with a hand that was perpetually locked in a C shape, and there was a handgun that you could fit into it. Now that he thought about it, he had lost the gun not too long after getting the toy. Her fingers immediately tightened around the apple, startling Travis. She brought the apple close to her face, checked it, then placed it back. Then she continued her cycle of inspecting the apples. ""Whoo, I thought I broke you there for a second,"" he said. She turned to look at him, and she smiled, that same smile. It made his stomach go sour. Travis raised the carton of soy milk he had high above his head, and he brought it down hard in an arcing motion. He slammed it on the woman's head. It exploded and sent white liquid everywhere. All over her, all over him, and all over the apples. She didn't budge. She picked up another apple, one that was soaked in soy milk, and she inspected it. Travis threw up there on the other apples, and then stumbled out of the store. Back at his apartment, he was standing in the bathroom, staring at himself in the mirror. ""Oh oh oh okay, I'm fucking done. Get me out of here goddamn it. I'm done. I can't do this shit anymore. Get me the fuck out of here."" He waited, wondering when they would pull him out. Nothing happened. ""I know you're fucking in there, get me the fuck out of here."" Still nothing. ""GET ME OUT! "" he screamed. He slammed a fist into the mirror, shattering it and slicing his hand. He punched and punched the mirror again, ignoring the artificial pain signals his brain was sending up his arm and into his brain. ""Get. Me. Out. Get. Me. Out."" Blood pooled into the sink, coating the broken shards of mirror that happened to collect there. He looked into the sink, seeing a broken reflection looking back up. I know how to get out. Oh, I know how to get out. He grabbed the longest shard of broken mirror and held it out at arms-length, neck level. He gripped the shard tightly, feeling it slice into his thumb and index finger, and he brought the shard in hard and fast into his own throat. He pulled the shard out, and brought it back in. He brought it out, and then back in. Out, and then back in. Damon was in the break room trying to decide what kind of chips he should get from the vending machine when he heard the alarms go off from the terminal. He dropped his coins and ran back into the monitoring room. There the pod had already opened, and on the edge of it, he saw Travis sitting, hands jabbing at his own throat. ""Travis! Fuck!"" Damon sprinted forth and tackled Travis, sending the two straight to the floor. There, Damon straddled Travis and pinned his arms to his side. ""Get, me, out. Get, me, out. "" ""You're out buddy, you're out, it's okay, you're out."
cnn,3fac89c5-249f-4bec-aaae-b214a90c0134,16.199654359426034,3.8270453948416625,15.32561583892354,9.341173441032522,0.8277674321283968,-1.2618267213633807,0.4293308874061412,0.5008958151374756,10.118237066769323,-8.058574719096907,8.920104257479391,4.8233476923937175,000,-0.0,0.0,0.0,0.0,10.118237066769325,-8.058574719096907,8.920104257479391,4.8233476923937175,"(CNN) Saturday at the Masters, like any PGA tournament, has been dubbed 'Moving Day'. It's the day after the fat has been cut and the big dogs make their move up or occasionally down the leader board. Players rose and players fell away on Moving Day at the 2015 Masters. Rory McIlroy went out in 32 and briefly raised the crowd's hopes that he had a sniff of completing an improbable Grand Slam on Sunday night. But he dropped two shots late on in the round to finish six under par. Woods comeback? A rejuvenated Tiger Woods showed touches of his old class mixed with the ragged unpredictability that has marked his new game to finish six under too. A huge improvement, but still a long way from him wearing the green jacket again. ""It could have been a super low today,"" a disappointed Woods said after his round. ""All in all. It should have been two shots better."" Phil Mickelson powered around the course, threatening to challenge too, finishing on eleven under. As did a late Justin Rose surge, where he fired four birdies in a row to finish twelve under and in second place. In the end, there was lots of moving, but no one could move quick enough or far enough to trouble Jordan Spieth. Infallible . The 21 year old has been nothing short of a sensation at Augusta. His infallible first two rounds gave the 21 year old from Dallas, Texas a five shot lead going in to the third round. That has happened only three times at Augusta before, and on all three occasions the leader has gone on to win. Spieth's 15 birdies are just 10 away from Phil Mickelson's Masters mark set in 2001. He could also break Tiger Woods 270 set in 1997. As it happened, Spieth played a steady, almost conservative round. When he made the occasional mistake, like the bogey at 15, he hit back straight away with a birdie next hole. As his third round came to a close the birdies flowed, his putting impeccable. The only nerves on show came during the last two holes with a double bogey at the 17. Echos of 1996? When reminded of some of the great Augusta comebacks, including Nick Faldo's 11 shot swing in 1996, Tiger Woods still believes anything is possible. ""It really is,"" he said. ""We saw what happened in 1996. You never know. It depends on the conditions."" He is, of course, right. As Greg Norman knows only too well, anything can happen on the final day. But that kind of crescendo also depends on Spieth experiencing a Greg Norman-style meltdown. Spieth's double bogey on the 17th and wobble on the 18th will give the chasing pack some hope. Yet, for all the movement of Mickelson, Woods, Rose and McIlroy, they made just a one shot dent into Spieth's second round lead. He will begin Sunday four shots ahead."
yelp,9ab531e0-e2aa-4a25-b57d-911b099278f5,17.393433201500613,3.2750983577414217,14.252495876837632,7.968125493088244,-0.9283994158454149,0.5825596109717885,-0.540310957363678,-0.8335975301342078,-6.067911321356166,-1.2832617540607985,-6.788653445420121,-2.5165222406425642,000,-0.0,-0.0,-0.0,0.0,-6.067911321356166,-1.2832617540607985,-6.788653445420121,-2.516522240642564,"This airport sucks. You would think workers would know what to do or know where everything is considering that it's an international airport. Nope. Who say's, I'm not sure and walks away? Really? Seriously, it's a guessing game here. Our flight home was in the late hours of the night. We came into the airport pretty early and the line was mildly short. My bf tried to check us in but it froze on him. Wtf man! He tried finding a worker from the airport but no one was available. I mean no one was there. He tried asking for help from the workers at Hawaiian Air and they didn't help either. He finally found one after searching for at least ten minutes. By this time, the line for the bag check in got longer. Thank goodness I was standing in line already, or so I thought. After the first worker walked away, my bf found another guy (another 10 or 15 minutes wait) and this one told us to stand in the shorter line because we didn't check in properly. We were finally relieved that someone knew what they were doing. Yea right.... Mind you, that short line or the line I was in had no sign of what each line was for. We moved to the shorter line which only had two couples. OHH MUH GAWD! We stood in line for 45 minutes. Everyone who came after us on the other line had bypassed us. Not only did the airport worker screw us over, the Hawaiian Airline workers also screwed us over by making us wait 45 minutes. The only reason why they started helping us was because I yelled out for everyone to hear that all of us had been waiting for 45 minutes. I got a reply back from the Hawaiian Air worker; please be patient, we are busy. I never ever yell out in public places but it was just too much for me. We finally got checked in and had only 20 minutes to spare before they opened the gates for our flight. Luckily for me I hated Las Vegas. I probably won't come back unless it's something important. And since I won't be back, I won't have to deal with this airport. Thanks for ruining the end of my vacation McCarran International Airport and Hawaiian Air workers."
peerread,d5873f7b-6dfa-4c5a-bf8e-e744b0b6553e,18.138390968408576,3.5854821089669815,14.8034055912116,8.702570238051788,-0.1080165974923748,-1.5444632144643862,0.2069944110850019,-1.3568475167628549,2.5900759271279945,2.944759248359131,2.0450621381166734,1.25156128330123,000,0.0,0.0,0.0,0.0,2.5900759271279945,2.944759248359131,2.045062138116674,1.25156128330123,"The paper presents two approaches for generating English poetry. The first
approach combine a neural phonetic encoder predicting the next phoneme with a
phonetic-orthographic HMM decoder computing the most likely word corresponding
to a sequence of phonemes. The second approach combines a character language
model with a weigthed FST to impose rythm constraints on the output of the
language model. For the second approach, the authors also present a heuristic
approach which permit constraining the generated poem according to theme (e.g;,
love) or poetic devices (e.g., alliteration). The generated poems are evaluated
both instrinsically by comparing the rythm of the generated lines with a gold
standard and extrinsically by asking 70 human evaluators to (i) determine
whether the poem was written by a human or a machine and (ii) rate poems wrt to
readability, form and evocation.  The results indicate that the second model
performs best and that human evaluators find it difficult to distinguish
between human written and machine generated poems.

This is an interesting, clearly written article with novel ideas (two different
models for poetry generation, one based on a phonetic language model the other
on a character LM) and convincing results.

 For the evaluation, more precision about the evaluators and the protocol would
be good. Did all evaluators evaluate all poems and if not how many judgments
were collected for each poem for each task ? You mention 9 non English native
speakers. Poems are notoriously hard to read. How fluent were these ? 

In the second model (character based), perhaps I missed it, but do you have a
mechanism to avoid generating non words ? If not, how frequent are non words in
the generated poems ?

In the first model, why use an HMM to transliterate from phonetic to an
orhographic representation rather than a CRF? 

Since overall, you rule out the first model as a good generic model for
generating poetry, it might have been more interesting to spend less space on
that model and more on the evaluation of the second model. In particular, I
would have been interested in a more detailed discussion of the impact of the
heuristic you use to constrain theme or poetic devices. How do these impact
evaluation results ? Could they be combined to jointly constrain theme and
poetic devices ? 

The combination of a neural mode with a WFST is reminiscent of the following
paper which combine character based neural model to generate from dialog acts
with an WFST to avoid generating non words. YOu should relate your work to
theirs and cite them. 

Natural Language Generation through Character-Based RNNs with Finite-State
Prior Knowledge
Goyal, Raghav and Dymetman, Marc and Gaussier, Eric and LIG, Uni
COLING 2016"
wp,a2ab68ca-fbd4-4698-8f7c-6b33ea5e9aa2,18.218903702189625,3.7864040773704586,16.768949486977576,9.83514278874686,1.0018091475374948,1.9405160581549763,-0.0677407911536529,2.113966124445824,15.941384884193027,3.401710695152458,7.7634269569980905,14.695385881021975,000,0.0,0.0,0.0,0.0,15.941384884193027,3.401710695152458,7.763426956998091,14.695385881021975,"He took another drag from the cigarette, and thought about the way self-destructive behavior was truly our most human trait. He peered back at the alien creature, more focused on the contrasts between our species than the similarities. ""So are you guys finally ready to let us in the Intergalactic Council? Have we proven ourselves?"" His inquiry had a flippant and sarcastic edge, which he knew, after many encounters with this foreign species, wouldn't be lost on Zor't. ""Well, you've proven yourselves in several capacities, none of which are sought after in the Council."" He thumbed through some electronic documents, scrutinizing each thoroughly, although briefly. ""Human innovation seems like it is only driven through conflict and destruction. Your warmongers, that you call ""politicians"" and ""monarchs,"" instigate mass murder and genocide, and then the destitute members of those societies carry them out. Why do the indigent and poor from your world hate each other so?"" It was almost more infuriating that he asked in earnest rather than to taunt me. I had always thought of warfare being Darwinian in nature: the strong deserve to live, the weak do not. If Darwin is right, how did these peace freaks ever evolve from the primordial ooze? ""I can not answer for the past. Our ancestors were violent, greedy creatures."" That seemed agreeable enough. Zor't seemed to ponder on it a moment, before he followed it up with an unexpected response. ""Since we established contact, our sensors lead us to believe that an abundant amount of your resources have been redirected to weapon-manufacturing sites. Why is this so?"" ""I know nothing of what you speak. It would go against the decree set forth by the Council. Perhaps you've misread your sensor data."" Zor't seemed to be acutely indignant from the implication that they'd misread the data. ""Mr. Hartigan, we do not misinterpret data. This is not hubris, it is fact. You have diverted an alarming amount of your resources towards weapon manufacturing, at great peril to the poorer among you, who now starve and riot outside this very building. We at the Council not only abhor violence, but are incapable altogether of inflicting it. This is a gross misconduct and will be grounds for your denial from the Council, and I will see to it personally."" Boy, Zor't can get fiery about his peace-loving. Too bad the hippies couldn't get elected, or maybe Zor't would have it his way. I almost feel sorry for him. Incapable of violence..... ""That's all I needed to hear. Thank you Councillor."" As the bullet entered the chamber, the barrel rose to meet Zor't's face. As the firing pin struck the charge, he closed his eyes and seemed at peace, prepared for the end. Was it acceptance? Was it bravery? Or was it something else..... Can fear exist without violence?..... hmm. That's a question for philosophers and scientists, not diplomats like myself. Now, let's show the Council how violent humans can be to get what we want."
cnn,706cd87b-8e7c-4b75-97d1-ead2026b7e02,17.239945665925568,3.687553148688336,13.699951191695494,8.658508336979075,0.1451023280749499,-0.2215354148638475,0.2898386412528149,-1.1247688320905702,2.070653083888164,-2.154382981126474,4.950067734105755,-6.295788552351625,000,-0.0,0.0,-0.0,0.0,2.070653083888164,-2.154382981126474,4.950067734105755,-6.295788552351625,"The televised debate between Democratic candidates running for mayor of Philadelphia came to a crashing halt on Tuesday, when 74-year-old Lynne Abraham collapsed on stage. It was only 10 minutes into the hour-long debate when Abraham was heard falling as Senator Anthony Williams answered a question, and the camera panned over to see the former Philadelphia District Attorney lying helpless on the floor. Mayoral candidate Nelson Diaz quickly came to Abraham's aide and helped her stand up when she regained consciousness. Scroll down for video . Philadelphia mayoral candidate Lynne Abraham (left) collapsed on stage 10 minutes into Tuesday night's hour-long debate between Democratic candidates . The former Philadelphia District Attorney Abraham allegedly suffered a momentary drop in blood pressure. She sat out the rest of the debate . The debate was paused as a doctor evaluated Abraham backstage and told her she probably suffered from a sudden drop in blood pressure due to the unforgiving stage lights. While Abraham was anxious to get back on stage and finish the debate, the doctor ordered her against returning. Speaking to reporters after her fall, Abraham said she wasembarrassedbut feeling well and that the incident won't impact her campaign. 'How'd you like my opening act?' Abraham joked to reporters. 'Nothing like fainting on stage.' Speaking to reporters after the fall, Abraham appeared to be in good spirits and said she would not let the incident impact her campaign. Pictured on the right before speaking to reporters after the fall . Describing the incident, Abraham said she was on a riser when she 'leanedover to look at [Williams] and the lights went out.' She said she has never fainted before. 'It just happened at an inopportune time. It's a little bitembarrassingbut I fell gracefully. I didn't hurt anything I'mfine,' she said. Despite missing most of the debate, the fall appears to have had a strangely positive affect for Abraham. In a poll conducted after the debate, 54 per cent of participants said they would vote for Abraham in the Democratic primary, scheduled for May 19. Abraham appeared to be healthy on stage just before the debate began Tuesday night at Philadelphia's Kimmel Center. Pictured on the left, next to mayor candidate Nelson Diaz . After Abraham was taken off stage, the debate continued between the remaining candidates. From left to right: Abraham, Nelson Diaz, Jim Kenney, Doug Oliver, Milton Street and Senator Anthony Williams . That's likely good news to her campaign managers, since Abraham has been having a hard time raising enough money to compete with front-runners Williams and Jim Kenney, according to Philly.com. NBC 10 Philadelphia will host two more debates between the Democratic candidates before the primary next month. After Abraham was taken off stage, the debate continued between remaining candidates Nelson Diaz, Jim Kenney, Doug Oliver, Milton Street and Senator Anthony Williams."
xsum,b4032dcf-4c8d-4c78-a977-d7af93f61c35,17.210537250433944,3.675424318389924,15.126549496168758,8.878467287689487,-0.1471887743230784,-0.5987008752444254,-0.063002066405108,-0.4531037173489647,4.663634793540442,-2.321290964195852,4.604873641972701,3.4617841063196897,000,-0.0,0.0,0.0,0.0,4.663634793540442,-2.321290964195852,4.604873641972701,3.4617841063196897,"Debutant Jordan Allan first two first-half chances for Derry with Gareth McGlynn also going close before David Scully put Harps ahead on 45 minutes. Former Derry player Ryan Curran strode through the Candystripes defence unhindered to double the lead on 75. Rory Patterson replied in injury-time but it was too late for Derry. Harps keeper Ciaran Gallagher endured a nervous moment deep into injury-time as he appeared to misjudge a cross into his box but he wasn't punished as the home outfit held on to earn their first win over Derry since 1998. After appearing to start well, Derry lost their way badly in the contest as former Brandywell players Barry Molloy and Tony McNamee impressed in the Harps midfield. McNamee introduction for Sean Houston midway through the first half meant that he was up against his brother Barry, who was in Derry colours. Scottish player Allan missed a great Derry chance in the first minute as he headed a Gareth McGlynn cross wide. As Derry made the brighter start, Harps defender Damien McNulty bravely blocked a McGlynn close-range effort before Allan header over in the 40th minute after Gallagher had flapped at a corner. The key moment of the game came in first-half injury-time as Scully rose to head an Adam Hanlon free-kick past Gerard Doherty. Play was decided scrappy in the third quarter on the heavy Finn Park pitch but Harps doubled the lead on 75 minutes as Curran, who moved to Harps during the close season, sprung woeful Derry attempts to play offside as he ran unchallenged to slot past Doherty. Against the run of play, Patterson scored in the first minute of injury-time with Nathan Boyle also going close as Harps nerves were strained in the closing seconds. But the Donegal club held on for the win they deserved on their first Premier Division game since 2008."
finance,9bd675a6-a9fb-4962-9019-21325ef35945,14.472304569228022,3.1046480803256244,12.428915607723455,7.118356602300674,-0.8668188323938928,-2.756838907359352,-0.2010981267104341,-1.593685619158343,-16.085394966041385,-17.862179051992136,-11.639774890665752,-14.989351430896539,000,-0.0,-0.0,-0.0,0.0,-16.085394966041385,-17.862179051992136,-11.639774890665752,-14.98935143089654,"I have a colleague who always leases cars first.  He's very well off, has piles of money in savings, owns a home, and the cherry on top, he could just write a check for the car....   He sees the lease as an insurance policy on the first couple of years of the car's life.  If it gets in an accident or he finds something about it he doesn't like, he can give it back to the dealer at the end of the term with no hassle and move on to the next car.  Some people value the fact that a lease is a rental.   If you're leasing a luxury car or something you couldn't otherwise afford, no amount of mental gymnastics will turn this in to a good idea.   Separately, you should never make a down payment on a lease.  If the car is totaled early on, you will not recoupe the money you put down.  The issue here is that while the numbers all work out the same between a lease and a purchase your situation is different.  If the leased car is totaled, the bank gets its money back from an insurer.  If that payment doesn't cover the value of the car, the GAP insurance will cover it.  In either situation, if there's an excess remaining it will be returned to you.  The issue is the excess may not fully replace your down payment.  If you then went to lease another car you would need to come up with that down payment again because you couldn't just simply choose to lease a used car; like you could in the case of a purchase.  Additionally, GAP is generally included in a lease whether you want it or not.  As far as I'm concerned it doesn't make financial sense to mitigate the value of the GAP coverage once you've decided to live in a lease situation."
arxiv,5a2cb33a-3b50-40fb-a84a-020ca5af811b,20.55407485955053,3.13956243614065,13.49142431708654,7.804832808750371,-0.0774263965258246,1.7566259419735315,0.0084782526334774,-0.5974097360290234,-7.99288387846559,16.655015964452318,-10.64609049889421,-7.7220597906549475,000,0.0,-0.0,-0.0,0.0,-7.99288387846559,16.655015964452318,-10.64609049889421,-7.7220597906549475,"Radial velocity surveys such as the Radial Velocity Experiment (RAVE) provide
us with measurements of hundreds of thousands of nearby stars most of which
belong to the Galactic thin, thick disk or halo. Ideally, to study the Galactic
disks (both thin and thick) one should make use of the multi-dimensional
phase-space and the whole pattern of chemical abundances of their stellar
populations. In this paper, with the aid of the RAVE Survey, we study the thin
and thick disks of the Milky Way, focusing on the latter. We present a
technique to disentangle the stellar content of the two disks based on the
kinematics and other stellar parameters such as the surface gravity of the
stars. Using the Padova Galaxy Model, we checked the ability of our method to
correctly isolate the thick disk component from the Galaxy mixture of stellar
populations. We introduce selection criteria in order to clean the observed
radial velocities from the Galactic differential rotation and to take into
account the partial sky coverage of RAVE. We developed a numerical technique to
statistically disentangle thin and thick disks from their mixture. We deduce
the components of the solar motion relative to the Local Standard of Rest (LSR)
in the radial and vertical direction, the rotational lag of the thick disk
component relative to the LSR, and the square root of the absolute value of the
velocity dispersion tensor for the thick disk alone. The analysis of the thin
disk is presented in another paper. We find good agreement with previous
independent parameter determinations. In our analysis we used photometrically
determined distances. In the Appendix we show that similar values can be found
for the thick disk alone as derived in the main sections of our paper even
without the knowledge of photometric distances."
imdb,f9cc47ec-6ffa-4cfb-8d80-7ebee4c08e1f,16.83840069241338,3.590696030415479,16.205158368292754,9.068080421222906,-0.4745321496896046,-1.9433200546702345,-0.2774586922422104,-0.5831259293366173,6.898885441782129,-4.433358591344437,2.193453601809814,10.839196799883311,000,-0.0,0.0,0.0,0.0,6.898885441782129,-4.433358591344437,2.193453601809814,10.839196799883313,"I have been feeling a little disappointed by Tarantino ever since death proof. But i insist it was only a little, because i can appreciate the amount of work in producing such an homage to stunts people. Inglorious Basterds has definitely propelled Tarantino to the top ranks in my universe. This movie can be summed up (albeit inadequately) in one word: ""RAW."" There is an intense emotion in every scene. Revenge and justice seem to be the main themes, From the start of the movie one feels compassion towards the victims of the Nazis, and is placed in Tarantino's fictional dimension of the WW2 historical context. Characters are unpredictiable, fun, scary, brutal, sexy, and other adjectives i am sure are escaping my mind that are just as fitting and positive. I won't go in to an appreciation of each character, but the other comments by fellow users sum up the appreciation of the various performances. Dialogue has evolved from the classic Tarantino ""bad ass"" provocative style as seen in Pulp Fiction and Death Proof. One can feel in the dialogues that Tarantino is making more open references to other movies. Indeed, many dialogues were near lessons in cinema to the audience, the setting partly takes place at a movie premiere; a reference to a movie is close around every corner. It is nice to see that each language presented (German, French, and English) is employed rather equally and naturally. I speak both French and English very fluently, and am frequently disappointed in how English speaking characters in french movies act poorly, and how french speaking characters in EnglishAmerican movies act poorly. Amazingly enough, Tarantino managed to make his actors pull off a natural and graceful performance from his actors. It helps put the audience in context of the historical context. Indeed; soldiers, spies and civilans rarely understood soldiersspiescivilians from other countries.The visualsphotography are beautiful, with sceneries convincingly conveying a 1940s WWII Europe. The outfits are perfect, and the violence orgasmicallyrealistically conveyed. No punches are held back, and the Nazis are often shown being tortured. This makes the movie not open to all audiences; the graphic violence can shock the more sensitive demographic. volumes can be written about this movie. But the movie is so good, that during the North American Inglorious Basterds premiere at the Fantasia Festival in Montreal, i had to pee, but refused to go so as to not miss one single scene. I hope that image conveys how strongly i feel about this movie, and i'm a hard audience to please."
wp,95b11d30-85d7-41a9-8dd6-5a0178dcf04e,19.213811231528595,4.060682013259088,14.924698401135098,8.850559226720055,0.0172255855106904,2.935423587493947,0.2065371447349764,0.269715038603346,4.3346411726312795,9.048326001910635,15.569548465977935,2.0811735168864387,000,0.0,0.0,0.0,0.0,4.3346411726312795,9.048326001910636,15.569548465977936,2.0811735168864387,"Looking around, all I see are unfamiliar faces. Judging by the look of disgust on them, I guess they can't really say the same about me. Can't blame them, though. I was never the prodigal son. I dropped out of school, ran away and just never looked back. It's not because I hated dad. I actually kinda liked him. I just never had a connection to him, which kinda makes me wonder why I'm here and why he wanted me to speak at his funeral. Christ, I've never even been to a funeral. What the hell did he expect me to say? All we ever talked about were stories about the Vietnam War, told from the perspective of a young teenager looking to make a quick buck. Was that what he wanted me to do? Tell tales of the war with him as the protagonist like some sort of minstrel? I guess I'll try that. So here I am, standing behind this..... altar thing? Staring down at all these people, already grinding their teeth, imagining what I'm going to say about my father. Sorry to disappoint. ""Guessing from the way you're all glaring at me, I guess I don't really need an introduction,"" I started out. "" ..... considering you all probably guessed who I am by now. What you don't know is that I didn't really know my father all that well. Funny thing, that. I lived with him for the majority of my life and I didn't know what beer he liked to drink. I didn't know what car he liked. I didn't even know if he had a hobby. What I do know is that I'm a mistake. He never told me that, but I knew he never had a father. No one to teach him how to throw a ball, no one to take him fishing. So I guess it makes sense that he was never prepared to be one. Despite that, I could tell he tried his best, in his own little detached way..... but I was too busy. Just too busy being an angsty, rebellious teenager to realize that."" Fuck..... I was planning to just go up there, glorify his war stories a little and leave. Now I'm standing here, in front of a bunch of strangers, about to pour my heart out. ""I remember when he told me about his mother. It was one of the very few times he did. I remember it very well because it was the first out of two times he ever cried, the second time was when I last saw him. He told me how, when he was young, he ran away from home and never saw her again until the day of her funeral. He told me that, despite all the horrible things he had done, it was the biggest regret of his life. That he wished he could've hugged her more, and gotten some life advice from her. Maybe learn how to treat the ladies better."" My eyes seem to be getting blurry..... ""Funny..... now that I think about it, I seem to be more than just his spitting image. I practically re-traced his life footsteps..."" Walking down those steps, I could only think of one thing. Sorry, dad. Wish I had bothered to find out what beer to pour on your grave."
cmv,7e4282bd-2f0e-4428-8238-67cc3d122485,21.097508860490297,3.9283292727389822,16.157698099918104,8.971216451140752,-0.1345453546211672,1.0832940544426002,0.304763895513382,-0.2036884500495475,5.757006459653297,19.739285263286682,11.802706735894546,10.51458053221105,000,0.0,0.0,0.0,0.0,5.757006459653297,19.73928526328668,11.802706735894546,10.51458053221105,"Perhaps some of you are aware, but cannabis will often inhibit dreams. If you smoke occasionally or regularly, it may be a contributing factor as to why you do NOT dream. Many think it's the other way around, and perhaps everyone is different, but I have not really been dreaming very much at all in the last 3 years or so. This January I am doing a no-substances cleanse and removed all substances (save for caffeine) from my body. Now, I'm dreaming like a motherfucker! Honestly, I had forgotten how heavy and intense dreaming can be. It's actually incredibly frustrating, and I know this is likely a terribly controversial opinion on this subreddit, but goddamn dreams are annoying the shit out of me lately. When one does not dream they fall asleep and wake up as if their body has shut down, no timelapse. It's a restful experience and no cognitive function is remembered so it feels like a stop-switch. Waking up in the morning is easy and there are no reticent thoughts about the night. When one does dream it's an exhausting experience. There is not much revelation or benefit that I've discovered in my dreams, as my subconscious expresses itself willy-nilly whilst interrupting my sleep patterns. It sucks. It's either I had a wonderfully good dream... and it stops right before an exuberant experience OR the beneficial portion of the dream is experienced yet I awake to the depressing revelation that it was merely fiction and not real. OR the worst thing happens and I have a nightmare and it fucking sucks. I have a heightened emotional state that causes anxiety and discomfort and then I wake up emotionally compromised, concerned about the content of the dream, and even sometimes letting it affect my conscious, every-day self (those of you that have had nightmares about your relationship or partner know exactly the type of emotional compromise I'm referring to here. OR you have a benign dream that makes no sense and you're up wondering what the fuck it all means. I am hardpressed to announce any type of actual benefit from remembering one's dreams. I know that dreaming is a signal of REM sleep, which is highly important to one's restfulness, but goddamn it if the dream portion itself isn't a waste of time... I guess I never realized it up until recently, but I've been discussing it with several friends and they are in the same boat. Dreams are overhyped."
yelp,567ea843-f598-408d-a4bd-10df07f82b6c,19.844201303916694,3.908830805934922,14.855346894461514,9.049159061862849,0.1526341529291901,3.0333277133878696,0.0934214908298223,-0.2307465125103256,6.675831373812057,12.626116024607578,11.247768181985096,1.6068266995420275,000,0.0,0.0,0.0,0.0,6.675831373812057,12.626116024607578,11.247768181985096,1.6068266995420275,"Let me start by saying that I rarely leave negative reviews for restaurants, let alone rate them 1 star, but I feel that I need to share my experience at Casa Don Juan. I've visited Casa Don Juan several times. I usually order a margarita and chips and dip, because their food has never seemed too appetizing or authentic to begin with. After my last visit, I will NEVER return, not even if I am thirsty. I ordered a fish ceviche tostada and was served FROZEN, actually, Frostbit, shredded tilapia on a tortilla shell. As soon as I saw it, I questioned the waiter on what kind of fish they used for their ceviche as well as how they prepared it. The waiter did not know, so I waited, and waited for an answer. After thirty minutes with no response, I inspected it and confirmed the fish was frozen. I then personally walked the dish to the kitchen and questioned the cooks as to what I was being served. They confirmed it was frozen fish with lime juice, but that they'd be happy to make me another one. Seriously? They offered a shrimp ceviche, to which I replied Is the shrimp frozen too?, sort of jokingly. They didn't lie and said that too was frozen shrimp with lime juice. But that they could go back and check that the shrimp was defrosted all the way! NO, Thanks! This is definitely not authentic ceviche, which they should disclose, but that is not even what I am complaining about. These were not even chunks of fish, it was the scraps of frozen bits you find at a bottom of a bag of frozen fish. Why would you serve that to your customers? If you are out of something on the menu, your customers prefer you tell them you're all out and not being served scraps of frozen bits of fish. Or maybe it always looks this way. Is making 8 dollars on the sale worth it? Needless to say, I highly recommend you DO NOT order ceviche, fish or shrimp, at Casa Don Juan. I haven't had much else there, like I said before but this is one of those things that is unforgivable when it comes to food. If I could rate zero stars, I would. Also, I paid my bill 100, because they still charged me for this food. I was with my niece and nephew and they ordered burritos, and were charged and extra 1.50 for sour cream and another 1.50 for cheese, per burrito. That's just ridiculous. The waiter said it would come out of his check if we did not pay for it when I started complaining, so I just paid for it as to not cause a scene. What a joke!"
cnn,26855fb0-e48f-43a8-bc1a-f0aa2c1c46cd,16.39714408900863,4.057977874436696,14.053315943453056,8.893166254157995,0.3797602452538697,-1.0643369917807846,0.6602633670011744,-0.7714040803330064,4.836913267003487,-6.937718260477542,15.492586984711302,-3.8788627579803467,000,-0.0,0.0,-0.0,0.0,4.836913267003487,-6.937718260477542,15.492586984711302,-3.8788627579803463,"(CNN) Jason Rezaian has sat in jail in Iran for nearly nine months. The Washington Post's bureau chief in Tehran was arrested in July on unspecified allegations. It took more than four months for a judge to hear charges against him. They remained publicly undisclosed until last week. The Iranian-American will be tried soon on espionage, Tehran's chief justice said. He is accused of economic spying, the Post reported, citing Iranian state media. The Washington Post did not mince words on the allegation. ""Any charges of that sort would be absurd, the product of fertile and twisted imaginations,"" the paper said in a statement. The State Department also reacted with term ""absurd"" after hearing of reports in Iran's press about the charges. ""If the reports are true, these charges are absurd, should be immediately dismissed and Jason should be immediately freed so that he can return to his family,"" the State Department official said. Since officers picked up Rezaian and his wife, Yeganeh Salehi, on July 22 at their home, the Post, the State Department and Rezaian's family have protested and called for his release. Salehi was released on bail in October. Rezaian was denied bail. And for months, he was denied access to proper legal representation, his family has said. Boxing great Muhammad Ali, also an American Muslim, appealed to Tehran last month to give Rezaian full access to legal representation and free him on bail. ""To my knowledge, Jason is a man of peace and great faith, a man whose dedication and respect for the Iranian people is evident in his work,"" Ali said in a religiously worded statement. The journalist has also not been allowed to see visitors aside from his wife and has endured long interrogations, family members have said. In December, after a 10-hour hearing, Rezaian signed a paper to acknowledge that he understood the charges against him, the Post reported. Iran's human rights chief, Mohammad Javad Larijani, told news outlet France 24 last year that he hoped Rezaian's case would come to a positive conclusion. He said, ""Let us hope that this fiasco will end on good terms."" More on detained Americans . CNN's Sara Mazloumsaki and Azadeh Ansari contributed to this report."
eli5,d0215dfc-8710-4851-9c0e-b22eba2c5963,20.9957958214023,3.6975183925251542,15.457308171175017,8.7808709279345,0.0409600159369887,2.4039958728964628,0.0271943967725798,0.2267357597297294,3.5131220503399985,19.16201110817724,5.233684803064597,5.724090036264737,000,0.0,0.0,0.0,0.0,3.5131220503399985,19.16201110817724,5.233684803064597,5.724090036264737,"You have to tell them what will happen to them during the study. You don't have to tell them why you are doing it or what conclusions you will draw, except in the vaguest of terms. ""You will answer a series of timed questionnaires while being observed by our researchers, to increase our knowledge about how people make decisions."" Maybe they don't care about your answers to the quizzes, only your facial expressions while you take them.', ""Generally, you can't undermine informed consent. The subjects have to be able to choose freely to participate, they have to be aware of any risks they may face (not just of physical harm but of discomfort, embarrassment, and breaches of privacy) and they must be aware that they can withdraw at any time. There are cases where you don't always have to tell them about features or goals of the experiment, but these omissions must not include any potential risks to the subject, nor can you make it seem like their free consent or right to withdraw has been revoked. There are a great deal of nuances beyond that, but that's the gist of it. In the US, the Institutional Review Board (IRB) reviews any research being done at the institution, and determines whether these conditions are met. If not, they require the researcher to either revise or abandon their proposal. Staying within those guidelines while still performing a worthwhile study is the researcher's problem. It's up to them to be creative enough to find a solution, and thus the specific solutions are almost as numerous and varied as the studies themselves. In any study involving human participants, this can be one of the biggest challenges of the entire project."
wiki_csai,fc690535-1b34-43b1-9671-64ab5dda08f4,17.94772555673752,3.0191162991398177,14.45194559944919,7.671426555460973,-0.2535420520364786,-0.6811535442936396,-0.2088914590372557,0.5740765475202974,-9.565540838391133,1.8626343269340737,-14.074062849894787,-1.1523364330247163,000,0.0,-0.0,-0.0,0.0,-9.565540838391131,1.8626343269340735,-14.074062849894789,-1.1523364330247163,"In cryptography, a brute-force attack consists of an attacker submitting many passwords or passphrases with the hope of eventually guessing correctly. The attacker systematically checks all possible passwords and passphrases until the correct one is found. Alternatively, the attacker can attempt to guess the key which is typically created from the password using a key derivation function. This is known as an exhaustive key search.
A brute-force attack is a cryptanalytic attack that can, in theory, be used to attempt to decrypt any encrypted data (except for data encrypted in an information-theoretically secure manner).  Such an attack might be used when it is not possible to take advantage of other weaknesses in an encryption system (if any exist) that would make the task easier.
When password-guessing, this method is very fast when used to check all short passwords, but for longer passwords other methods such as the dictionary attack are used because a brute-force search takes too long. Longer passwords, passphrases and keys have more possible values, making them exponentially more difficult to crack than shorter ones.
Brute-force attacks can be made less effective by obfuscating the data to be encoded making it more difficult for an attacker to recognize when the code has been cracked or by making the attacker do more work to test each guess. One of the measures of the strength of an encryption system is how long it would theoretically take an attacker to mount a successful brute-force attack against it.
Brute-force attacks are an application of brute-force search, the general problem-solving technique of enumerating all candidates and checking each one. The word 'hammering' is sometimes used to describe a brute-force attack, with 'anti-hammering' for countermeasures."
peerread,d8e4451f-f606-413a-a2c5-5f2b5e9c789f,19.32346232810309,3.370280415164494,15.874411928156771,8.594499066468773,-0.2160877690753899,-0.3593918547698713,-0.0082072827174854,-0.2858411798176838,1.3160810733137245,9.670652742901066,-4.079712592004569,8.576974553365694,000,0.0,-0.0,0.0,0.0,1.3160810733137245,9.670652742901066,-4.079712592004569,8.576974553365694,"First up, I want to point out that this paper is really long. Like 17 pages long -- without any supplementary material. While ICLR does not have an official page limit, it would be nice if authors put themselves in the reviewer's shoes and did not take undue advantage of this rule. Having 1 or 2 pages in addition to the conventional 8 page limit is ok, but more than doubling the pages is quite unfair. 
Now for the review: The paper proposes a new artificial dataset for sequence learning. I call it artificial because it was artificially generated from the original MNIST dataset which is a smallish dataset of real images of handwritten digits. In addition to the dataset, the authors propose to train recurrent networks using a schedule over the length of the sequence, which they call ""incremental learning"". The experiments show that their proposed schedule is better than not having any schedule on this data set. Furthermore, they also show that their proposed schedule is better than a few other intuitive schedules. The authors verify this by doing some ablation studies over the model on the proposed dataset. 
I have following issues with this paper: 
-- I did not find anything novel in this paper. The proposed incremental learning schedule is nothing new and is a natural thing to try when learning sequences. Similar idea have already been tried by a number of authors, including Bengio 2015, and Ranzato 2015. The only new piece of work is the ablation studies which the authors conduct to tease out and verify that indeed the improvement in performance is due to the curriculum used. 
-- Furthermore, the authors only test their hypothesis on a single dataset which they propose and is artificially generated. Why not use it on a real sequential dataset, such as, language modeling. Does the technique not work in that scenario? In fact I am quite positive that for language modeling where the vocabulary size is huge, the performance gains will be no where close to the 74% reported in the paper.
-- I'm not convinced about the value of having this artificial dataset. Already there are so many real world sequential dataset available, including in text, speech, finance and other areas. What exactly does this dataset bring to the table is not super clear to me. While having another dataset may not be a bad thing in itself, I almost felt that this dataset was created for the sole purpose of making the proposed ideas work. It would have been so much better had the authors shown experiments on other datasets. 
-- As I said, the paper is way too long. A significant part of the length of the paper is due to a collection of experiments which are completely un-related to the main message of the paper. For instance, the experiment in Section 6.2 is completely unrelated to the story of the paper. Same is true with the transfer learning experiments of Section 6.4."
reddit_eli5,da4055aa-d438-4fff-b49a-01d7af582118,15.28017377297274,3.3834673590322355,13.36523947533716,8.024075831536042,0.2578202964862566,0.0706389563623481,-0.0981823208831569,0.7484066047697286,-5.408341870895392,-13.277103075379184,-3.7044039262521604,-8.585132288310218,000,-0.0,-0.0,-0.0,0.0,-5.408341870895392,-13.277103075379184,-3.70440392625216,-8.585132288310218,"Think of it like this : you 've probably heard that particles are waves and waves are particles , right ? This is most obvious with photons , they can be treated as small particles when they have high energy ( like x rays ) or like long waves when they have low energy ( like radio waves ) . However nothing fundamental changes about the photon , it 's neither a particle nor a wave ( it 's probably something else we do n't understand ... yet ) . Anyways matter ( atoms ) does the same thing , only it 's a lot more "" heavy "" so most of the time we treat it as a particle and not as a wave . This is where things get interesting : when you cool down matter ( take away energy ) , just like a photon when it has less energy , it spreads out . If you get a bunch of atoms and you make them all really cold , their wave functions overlap , which means that they are indistinguishable from one another , and presto , Bose Einstein Condensate ( BEC ) . You can think about it as if millions of atoms ( most BECs have around 10 ^ 6 - 10 ^ 7 atoms in them ) are all behaving as if they were one giant atom . Most BECs to date have been made with Alkali and Alkaline Earth elements because we can control them with lasers relatively easily . Not terribly LY5 but hope that helps a little . Making a BEC is a complicated process typically involving laser cooling , atomic traps , and radio frequency evaporation , but that 's for another post maybe . What you do with a BEC varies greatly and I can elaborate on that if people want . Source : 2nd year PhD student working in a lab that makes BECs"
xsum,b8e18ad6-eef0-4f6c-af3f-f043cec72ac4,17.984926130626373,3.0842645767128016,14.628643286202712,8.374424584315276,-0.651231477697289,0.1756880049480038,-0.6541618080822307,-0.9510099273150096,-1.2782625764543782,2.0737668430188116,-12.219902145397004,0.056231186683225236,000,0.0,-0.0,0.0,0.0,-1.2782625764543782,2.0737668430188116,-12.219902145397004,0.0562311866832252,"The men, along with a fifth man, were caught after firearms, ammunition and cocaine were found in a car arriving at Folkestone from Calais in January 2012. They were convicted of firearms and drugs charges on Monday after a six-week trial. At Woolwich Crown Court they were given prison sentences ranging from six-and-a-half years to 14 years. Describing it as ""a carefully planned enterprise"" Judge Philip Shorrock said: ""The guns were intended for use by serious criminals. They would be used to kill or maim."" The court heard the gang was caught after armed police stopped two of the men in two BMW cars arriving at Folkestone on Eurotunnel last year. Officers discovered five handguns and three silencers, while 500g of cocaine was found in an Army issue boot covered in duct tape and curry powder to disguise the smell. Detectives believe the guns were destined for criminal gangs in London. Ringleader Lemar Loveless, 26, of Brydon Walk, Islington, north London, who had resigned from the army in November 2011 and was on terminal leave, was jailed for 14 years after admitting conspiring to import firearms. Lance Laurent, 26, of Gloucester Street, Battersea, south-west London, was sentenced to 12 years in jail after admitting conspiring to import firearms. Both Loveless and Laurent were also found guilty of conspiring to import class A drugs. Trave Dyce, 22, of Sydney Road, Smethwick, West Midlands, was jailed for seven-and-a-half years after he admitted conspiring to import drugs and firearms. Romone Mashalleck, 25, a civilian, of Huron Street, Balham, south London, was sentenced to six-and-a-half years in jail after being found guilty of conspiring to import firearms. Duran Wright, a former regimental police officer in the Army, was jailed for 10 years. The 28-year-old, of Jerningham Road, New Cross, south-east London, was found guilty of conspiring to import class A drugs and firearms. Laurent had been a trooper with the Queen's Royal Hussars and Wright had been a lance corporal with the Royal Logistics Corps. Dyce and Loveless had been troopers in the Queen's Royal Hussars. They were all based in Germany. Marshalleck was their civilian contact in London. Jurors heard Dyce, Laurent and Wright were serving soldiers while Loveless was on terminal leave ahead of his discharge from the Army. Alison Saunders, of the CPS, said: ""This was a planned conspiracy to bring weapons, ammunition and drugs into the UK organised by four soldiers, based in Germany, and their civilian contact in London."" She said the full extent of those involved was only discovered when phone data was ""meticulously analysed and a picture of those involved was created."" She continued: ""These deadly weapons could have gone on to be used in violent crimes. ""The high-purity cocaine that was imported had a street value of over PS70,000 and would almost certainly have made big profits for criminal gangs while damaging lives."
wikipedia,084282b6-cdc6-42f4-ae64-76b8036ca4d5,19.535775397514044,3.4777386513087336,16.100128858471706,9.235451704683342,0.4869934484288389,2.7210211899024372,-0.1440508591551585,1.8997327959077437,8.871938483416756,10.875639329299936,-1.0213840182355454,10.120821437898075,000,0.0,-0.0,0.0,0.0,8.871938483416756,10.875639329299936,-1.0213840182355454,10.120821437898076,"Michael Andrew Smith (born 23 July 1954) is an Australian philosopher who teaches at Princeton University (since September 2004). He taught previously at the University of Oxford, Monash University, and was a member of the Philosophy Program at the Research School of Social Sciences, Australian National University. He is the author of a number of important books and articles in moral philosophy. In 2013, he was elected a Fellow of the American Academy of Arts and Sciences.
Education and career
Smith earned his B.A. and M.A. in philosophy at Monash University, while his BPhil and DPhil were acquired at Oxford University under the direction of Simon Blackburn. He has held teaching appointments at various universities, including Wadham College, Oxford (1984), Monash (1984–5; 1989–94), Princeton (1985–89; 2004–present), and the Research School of Social Sciences at the Australian National University (1995–2004).
In 2000, Smith's book The Moral Problem (1994) received The American Philosophical Association's first APA Book Prize for excellence in scholarship. Smith is considered to be one of the most important philosophers working in meta-ethics, and is one of the main proponents of a Neo-Humean approach to practical reason.
Philosophical work
The moral problem
In The Moral Problem Smith diagnoses a longstanding tension between the apparent objectivity and practicality of moral judgments. The idea of moral objectivity is that ""it is a distinctive feature of engaging in moral practice that the participants are concerned to get the answers to moral questions right."" (1994 p. 5) Moral judgments are thought to be practical because they are thought to motivate those who accept them. But according to the Humean theory of motivation, a theory that Smith defends in chapter 4, it is not possible for a belief (a judgement about a matter of fact) to motivate someone without the presence of some antecedently held desire. Thus, if moral judgments are beliefs that motivate, they can only be beliefs about how to get something that we already want. But moral judgments, such as the judgment that murder is wrong, are not judgments about how to get something that we already want. Therefore, either they are not beliefs at all (and are therefore not objective) or they cannot motivate us (and are therefore not practical).
Neo-Humeanism
Hume famously claimed that reason is, and ought to be, only the slave of the passions. Humeans or Neo-Humeans do not typically hold strictly to Hume's views because, for one thing, they do not think of the passions in the same way that Hume did. Nonetheless, Humeans take their inspiration from Hume in claiming that reason alone is insufficient to motivate us to act. Often this claim is expressed in terms of beliefs and desires, and it is claimed that beliefs are mental states that are insufficient for motivation. Smith gives an analysis of action whereby in order for anything to count as an action at all, it must be explicable in terms of a belief-desire pair. He defends this account against objections by appeal to a dispositional conception of desire.
Moral realism
In later work, Smith gives an anti-Humean account of normative reasons. He thus claims to solve the moral problem by giving an account of moral judgments in terms of what one would desire if one were fully rational. As such, he attempts to maintain a form of moral realism while still accounting for the motivational force of moral judgments.
Publications
A partial list of publications by Smith:
Books
 (1994) The Moral Problem (Wiley-Blackwell).
 (2004) Ethics and the A Priori: Selected Essays on Moral Psychology and Meta-Ethics (Cambridge University Press)
 (2004) Mind, Morality, and Explanation: Selected Collaborations (with Frank Jackson and Philip Pettit) (Oxford University Press)
Articles
 ""The Humean Theory of Motivation"" (1987), Mind, Vol. 96, No. 381, (Jan.) pp. 36–61. JSTOR
Notes
External links
Smith's web page - at Princeton.
The Best of Michael Smith - Constantine Sandis' review of 'Ethics and the A Priori'
1954 births
20th-century Australian philosophers
21st-century Australian philosophers
Alumni of the University of Oxford
Analytic philosophers
Australian ethicists
Fellows of the American Academy of Arts and Sciences
Living people
Monash University alumni
Academic staff of Monash University
Moral psychologists
Moral realists
Philosophers of education
Philosophers of language
Philosophers of mind
Philosophers of psychology
Philosophy academics
Political philosophers
Princeton University faculty"
xsum,a9faf99e-3f86-4860-97f9-6867cd9ce61b,15.856682316922084,3.5804339420092837,13.5944687735515,7.962686567720306,-1.0629694942922594,-1.952555808756285,-0.1579924427857486,-1.985184439966222,-6.1320279847321135,-10.005118621804773,1.9013881508463033,-7.017261693056359,000,-0.0,0.0,-0.0,0.0,-6.1320279847321135,-10.005118621804773,1.9013881508463033,-7.017261693056359,"Derek Bruder was giving evidence as the inquests focused on the final movements of 15-year-old Kevin Williams. He said he made his first statement shortly after the 1989 disaster and was visited by police the following year. While the meeting left him ""confused,"" he agreed to make changes. The officer concerned, former Insp Matthew Sawers, denied asking Mr Bruder to change the sense of his statement. Mr Bruder told the inquests into the 96 deaths at the FA Cup semi-final between Liverpool and Nottingham Forest on 15 April 1989 that he was visited by an inspector from West Midlands Police, who were supplying evidence to the first inquests. He said Insp Sawers spent six hours with him. When the officer went to the bathroom, Mr Bruder said he looked through some of his notes. He said he found a sheet of paper divided lengthways in two, with handwritten notes on it. On one side it said ""first statement"" and on the other side it said ""change to,"" Mr Bruder said. During the meeting he said he was asked to speak over the phone to a pathologist from the coroner's office. Mr Bruder, who was 22 at the time of the disaster, said he conceded ""to the doctor's medical superiority"" when it was suggested Kevin could not have been alive when Mr Bruder tried to revive him. He agreed to make changes to his original statement. Among them he accepted he may have been mistaken to say he had felt ""a faint pulse"" while trying to save Kevin. Mr Bruder told the jury he was 100 confident he had felt a pulse and had seen the teenager move while lying on the pitch. The court heard he wrote to the Independent Police Complaints Commission in 2012 to say West Midlands Police had made a ""deliberate attempt"" to make him change his statement. He told the inquests he stood by that view and the inspector who visited him had not been honest with him. Earlier Mr Bruder told the inquests that, along with a St John Ambulance volunteer medic who gave heart massage, he had tried to resuscitate Kevin. He said he was ""absolutely 100 confident"" he felt a pulse in the teenager's neck, adding: ""It was not something that would appear to me to be absolutely healthy, beating vibrantly, but there was definitely a pulse."" Asked whether he saw any signs of life while giving CPR, Mr Bruder said: ""Well, to me he was alive. There was a faint pulse."" The jury also heard from two Liverpool fans who tried to help Kevin while Mr Bruder was with him. One of them, Stephen Rankin, said Kevin did not show any signs of life. Mr Bruder said a female St John Ambulance medic eventually joined the group, and took over the CPR. After trying to resuscitate him she said Kevin had died. Mr Sawers, who was formerly in charge of coronial inquiries for West Midlands Police, told the inquests he had been asked by the original coroner, Dr Stefan Popper, to visit Mr Bruder to get further explanation and detail around evidence, including the convulsions and pulse. He was to give a summary of the further statement to the inquests the following day, but denied he had applied pressure on Mr Bruder or had attended with the intention of changing his statement. Mr Sawers said: ""I did not cause him to change the sense of the statement. What I did was to go through the details and to elicit more detail and explanation. ""Everything that I did in my encounter with PC Bruder was done with integrity and with the best of intentions. It wasn't something that I had any personal stake in."" But Pete Weatherby, representing Kevin's family, suggested there had been ""a determined effort"" to change his statement which was ""inconvenient to the investigation."" Mr Weatherby said that ""it was very inconvenient that here was a serving police officer giving evidence of vital signs in a casualty that died."" He suggested that as a result of the meeting, Mr Sawers came away with a second statement that ""loosened up"" evidence about Kevin's vital signs. The inquests, sitting in Warrington, Cheshire, are due to resume on Monday. BBC News: Profiles of all those who died"
reddit_eli5,7bdcb93a-8d91-4cfb-8a52-de7a5e74b843,16.111105499486424,3.6507473018168017,14.288355939037274,8.76621445900275,0.9999589239529652,0.9015706828760308,0.1690976219014088,1.6715230684698437,3.3403445582426374,-8.561135342256728,3.9025503244780033,-2.2712484579944925,000,-0.0,0.0,-0.0,0.0,3.3403445582426374,-8.561135342256728,3.9025503244780033,-2.2712484579944925,"One reason is that humans make a trade off with childbirth , and it has to do with our enormous heads and brains , and walking upright . Human pelvises had to evolved in to a different shape from our primate ancestors to allow us to walk upright . Early upright walkers had a much flatter , wider pelvis , which helped them to carry the weight of their body vertically over their hips . But , along with upright walking , bigger , smarter brains also became an evolutionary advantage . So human evolution started to tread a fine line between a nice , flat , wide pelvis , and a pelvis deep enough to birth a baby with a huge head and brain . Modern day female pelvises are fairly wide and deep , but we still need to be able to walk , so there is a limit to how wide and deep they can become . So other compensations have to be made . One is that pregnancy hormones make women 's bones softer and more bendy leading up to the birth , but human birth is still a mammoth task compared to other animals . Another reason is that the huge amount of change that happens during pregancy and birth statistically increase the chance of something going wrong . This would be as much of an odds game as anything . Trillion of cells have to divide , hormones have change , blood volume increase , a new organ ( the placenta ) has to form and be attached in the right place , babies move around on their own , external enviromental factors have their influence , weird throwback genes can pop up , etc etc . We have already evolved so that those who tend to have safer births pass on their genes sucessfully , but there is a lot of scope for random error in that nine month process ."
cnn,af2b2faf-3b1b-4c1a-b1ef-aa417a57a472,17.415307741298964,3.4208702779814923,16.21833890587488,8.868369661244715,0.3549636523405901,-0.0461733394904513,0.023155770545971,1.3936188820888162,4.544599125304939,-1.1591124159452022,-2.639893472057336,10.929348353221538,000,-0.0,-0.0,0.0,0.0,4.544599125304939,-1.1591124159452022,-2.639893472057336,10.929348353221538,"Steve Bruce has promised his wife Janet he will go on a diet after unflattering paparazzi pictures of him on a Barbados beach were publicised. The Hull manager says he was 'disappointed' that the pictures were published and that he was baffled that anyone would be interested. Steve Bruce was looking larger than life after being snapped holidaying in Barbados with Alan Shearer . Bruce has promised his wife Janet he will slim down after seeing the unflattering snaps . Bruce was baffled that anyone would be interested in pictures of a 55-year-old on a beach . 'I don't think too many 55-year-olds look that good on a beach do they,' he said, 'but I have promised my good lady I will go on a diet. 'So watch out - I'm going to turn into the horriblest, most awkward bd you have ever come across. 'I have had some letters saying it's nice to see someone relaxing in their own skin - not many mind!' Bruce also had an appetite for the debate about how Premier League clubs should do more to bring through English talent. FA chairman Greg Dyke recently outlined new proposals, including increasing the number on homegrown players in a squad of 25 to 12, in effort to improve the national team. And Bruce agreed with Dyke, before going on to question how his former club Manchester United, along wide Liverpool and Manchester City, recruit players. Bruce fells his former club Manchester United should do more to produce young English players . He said: 'It is a great debate. We have the Premier League which is a wonderful spectacle but we have to find a way to produce young players and we have one or two, but we would like a lot more. 'One thing that is staggering over the last 20 years is that we have invested millions in academies but are we producing enough players? 'When you look back, where are they? It is a hell of a debate. For me personally, we miss children playing football at school. 'If you are going to do a job properly, you have to look at the football club as a whole and see if we can produce a younger player.'"
arxiv,8e5fe8ba-a5af-4ac5-9840-60ef1b4bbd50,19.247514084921853,3.318757205872088,14.592625623861355,8.093691627529228,0.2114324222530328,0.4500651673448566,0.1876730223649154,0.5037915707457916,-4.587677446327955,9.239607143363287,-5.546095336085132,-0.19012054119229232,000,0.0,-0.0,-0.0,0.0,-4.587677446327955,9.239607143363289,-5.546095336085132,-0.1901205411922923,"We introduce the categories of quasi-measurable spaces, which are slight
generalizations of the category of quasi-Borel spaces, where we now allow for
general sample spaces and less restrictive random variables, spaces and maps.
We show that each category of quasi-measurable spaces is bi-complete and
cartesian closed. We also introduce several different strong probability
monads. Together these constructions provide convenient categories for higher
probability theory that also support semantics of higher-order probabilistic
programming languages in the same way as the category of quasi-Borel spaces
does.
  An important special case is the category of quasi-universal spaces, where
the sample space is the set of the real numbers together with the sigma-algebra
of all universally measurable subsets. The induced sigma-algebras on those
quasi-universal spaces then have explicit descriptions in terms of
intersections of Lebesgue-complete sigma-algebras. A central role is then
played by countably separated and universal quasi-universal spaces, which
replace the role of standard Borel spaces. We prove in this setting a Fubini
theorem, a disintegration theorem for Markov kernels, a Kolmogorov extension
theorem and a conditional de Finetti theorem. We also translate our findings
into properties of the corresponding Markov category of Markov kernels between
universal quasi-universal spaces.
  Furthermore, we formalize causal Bayesian networks in terms of
quasi-universal spaces and prove a global Markov property. For this we
translate the notion of transitional conditional independence into this setting
and study its (asymmetric) separoid rules. Altogether we are now able to reason
about conditional independence relations between variables and causal
mechanisms on equal footing. Finally, we also highlight how one can use
exponential objects and random functions for counterfactual reasoning."
wiki_csai,6d60f112-d9dc-44e1-8bf3-c30a7b78722a,18.548508516656753,3.16082942096502,14.07204700808909,8.184356882923703,0.259388275426252,-0.0803705843744069,-0.0671783372120535,0.1941779561601979,-3.518871888838552,5.272388658347539,-10.04081881661033,-3.7507469992644733,000,0.0,-0.0,-0.0,0.0,-3.518871888838552,5.272388658347539,-10.04081881661033,-3.7507469992644737,"In machine learning, support vector machines (SVMs, also support vector networks) are supervised learning models with associated learning algorithms that analyze data for classification and regression analysis. Developed at AT&T Bell Laboratories by Vladimir Vapnik with colleagues (Boser et al., 1992, Guyon et al., 1993, Cortes and Vapnik, 1995, Vapnik et al., 1997[citation needed]) SVMs are one of the most robust prediction methods, being based on statistical learning frameworks or VC theory proposed by Vapnik (1982, 1995) and Chervonenkis (1974). Given a set of training examples, each marked as belonging to one of two categories, an SVM training algorithm builds a model that assigns new examples to one category or the other, making it a non-probabilistic binary linear classifier (although methods such as Platt scaling exist to use SVM in a probabilistic classification setting). SVM maps training examples to points in space so as to maximise the width of the gap between the two categories. New examples are then mapped into that same space and predicted to belong to a category based on which side of the gap they fall.
In addition to performing linear classification, SVMs can efficiently perform a non-linear classification using what is called the kernel trick, implicitly mapping their inputs into high-dimensional feature spaces.
When data are unlabelled, supervised learning is not possible, and an unsupervised learning approach is required, which attempts to find natural clustering of the data to groups, and then map new data to these formed groups. The support vector clustering algorithm, created by Hava Siegelmann and Vladimir Vapnik, applies the statistics of support vectors, developed in the support vector machines algorithm, to categorize unlabeled data.[citation needed]"
yelp,1b4a7afa-a811-4ea6-bf48-c4fd35a48621,16.608741903948015,3.799403055223916,15.112018868252054,8.954737808421013,0.0582128994873549,-0.2021316865808096,-0.0160062598811836,0.0259254612802148,5.562748308147427,-5.736791113502222,8.13338599248474,3.3623982755439354,000,-0.0,0.0,0.0,0.0,5.562748308147427,-5.736791113502222,8.13338599248474,3.362398275543935,"I was told I needed to come here and get dim sum as soon as I got into town. Never one to turn down tasty Chinese foods, my cousin and I met up with two friends for lunch. Our friend, a regular at this place, put himself in charge of ordering dim sum for all of us. Knowing he knew his stuff and also too lazy to care, we trusted him. He ordered shrimp shu mai, fried taro dumplings, fried pork dumplings, chicken and pork buns, taro shrimp, and stuffed eggplant. The fried pork dumplings were much bigger than the ones I'm used to from Prosperity Dumpling back home, but still good. The wrappers were still thin and the filling was legit. I enjoyed the stuffed eggplant, and the shu mai was okay (I am not a huge fan of shrimp shu mai for whatever reason). Despite that goodness, our meal was a bit disappointing. We asked for chili oil and were told they were out. Needless to say, everyone at the table was upset. Even if they made their own and ran out somehow, they could have hit up any of the 373958 Asian markets on Central (like the one next door!) to get a temporary supply. Later, we learned they did not have any chicken and pork buns, so were given regular pork buns as a substitute. Our taro dumplings, which I usually love, were crispy, but were not cooked through. My friend mused that his was cold. I bit into mine and upon first bite, nearly burnt the roof of my mouth. However, my next bite was lukewarm. The prices here were okay and the service was good, but I felt it didn't live up to the hype. I would like to give it another chance, but I'm not going to go out of my way to get back there when there are so many other places to eat in this city."
wikihow,8df379b4-a387-496d-947d-b224f86ba11c,15.408667738265608,3.0041969738494916,12.73728702909412,7.337343731022659,-0.9551913139952656,-2.5480795523918527,-0.3980802869841344,-1.7611114975326423,-13.503869560544448,-12.547833299191206,-14.49867617386107,-12.880168670446684,000,-0.0,-0.0,-0.0,0.0,-13.503869560544448,-12.547833299191206,-14.49867617386107,-12.880168670446684,"Black bears and grizzly bears require different deterrents. Stay alert and avoid coming between a bear and her cub.
A black bear can actually be black, brown or cinnamon colored. They are usually smaller, have pointier ears and don’t have a hump.
A grizzly bear is brown, blonde or even slightly silver. They have a hump on their back, have a dish shaped face and rounder ears. Full-grown, they are bigger than black bears.
;
, Their sense of smell is extremely acute and they are constantly foraging in the summer and fall months.
, It is a type of pepper spray that creates a 30-foot (9 m) cone of spray. It is only to be used when a bear is charging at you to change its direction.
Keep your bear spray within arms reach. Learn where the trigger is in advance.
Pull the trigger when the bear is within 40 feet (12 m) of you.
Never use bear spray as a preventative measure. It is extremely potent and should not be sprayed on equipment.
, Grizzly and black bears try to avoid this sound. Bear bells are usually too quiet to keep bears away, but human conversation will do the trick.
Don’t hike alone in bear country. If you don’t want to talk, carry a satellite radio and set it to a talk show.
Bears are more likely to approach an individual than a group.
, Bears run up to 35 mph (56 km/h), far faster than humans. They can also follow you up trees or into water.
, The bear will smell you and keep away. If you haven’t hidden your food in an airtight, bear-safe container, it could work to your disadvantage.
, Stand your ground and make noise, while avoiding eye contact.
, They may stand on their hind legs to get a better look at you, but it’s best to be confident and stand your ground.
If a small black bear attacks you, you may be able to fight back.
If a grizzly bear attacks you, curl up in the fetal position. Keep your hands laced behind your back. If the bear realizes you are not a threat or dead, it may walk away.
Remember that bear attacks are rare."
eli5,a9b058a8-5ce8-448f-820a-6ffba6409219,18.286179563708732,3.52431856517765,15.53748362183697,8.740345037830787,0.0004341258332765,-0.3056203847971055,-0.1460054305749247,0.306911210391684,3.035383401983508,3.7835360389424797,0.3043094479943473,6.272469901026019,000,0.0,0.0,0.0,0.0,3.035383401983508,3.78353603894248,0.3043094479943473,6.272469901026019,"Because of the camera's field of view (FOV). If you're a big first person shooter game player (or you know about cameras) you're probably familar with FOV. If we consider what we can see as a cone starting at our eye and expanding out like [this] (URL0) then FOV is the angle between the two boundary lines. In shooter games FOV is often expanded by pros to gain an advantage, since it lets you see more of your surroundings. [Here] (URL1) is a quick example of increasing a game's FOV I googled up. The image on the left has the FOV expanded to 65 degrees compared to the default of 45 degrees on the left. With the larger FOV you can see more on the left and right. But you'll also notice that the 2 trailer things look like they're farther away even though the player is standing in the same place - that's because as you increase the FOV you also change how the light from distant objects is going to converge on your 2D surface. Essentially a larger FOV means that objects seem to decrease in size faster as they get farther away. The opposite is also true, if you decrease the FOV then it increases the apparent size of far away objects since they now converge on a larger portion of the view area. The camera on DSCOVR used to take these pictures has a FOV of just 0.61deg. It makes it very effective at collecting light from far away objects because it is focused on a very small cone. It also means that the distance between the Earth and the Moon doesn't have the same effect on relative size as it does when taken with a regular camera or human eyes.,"" ""Hold your hand in front of your face. It's probably about as big as your monitor. Keep your hand in the same spot and move your head backwards. Your hand now appears smaller than the monitor. There's a certain distance where your hand and the monitor get smaller together, at the same rate. This is because the distance between you and those two things becomes a lot greater than the distance between those two things. Angular diameter depends on distance, and ratio of distances. Basically, the first image is very close to the moon and far from the earth, so the moon seems big. The second image is very far from both the earth and the moon, so they appear like their actual relative sizes. So yes, the earth DOES appear smaller in the second image, but the moon got smaller a lot faster just like your hand.,"" ""DSCOVR basically had its camera zoomed in more. The EPIC camera on the spaecraft that took the image is specifically designed to observe the Earth from a distance, whereas the cameras on the Apollo missions were more general purpose. To be more precise, in a camera the focal length of the lens determines the physical size of the image formed on the sensor. Then the physical size of the sensor determines the field of view, and the pixel resolution of the sensor determines the size of each pixel in the image. With analogue film there are no pixels but the film still has a resolution limit because of its chemistry and there's also a resolution limit imposed by the lens. Finally a large image can simply be cropped, although the DSCOVR image is in fact pretty much its full size."
cnn,6bde9446-6d4e-41c2-9c56-baa87166c987,17.69194622394375,3.4076279092736113,13.200862785623306,7.697488241055968,-0.8159177678481573,0.2304651431543334,0.0099134018380899,-1.623857238162758,-9.258313176810312,0.4109541927357651,-3.0167795634066827,-9.709427395240837,000,0.0,-0.0,-0.0,0.0,-9.258313176810312,0.4109541927357651,-3.0167795634066827,-9.709427395240835,"A hospital which ran out of space to store bodies in its mortuary after 'an unprecedented number of deaths' resorted to leaving them in a refrigerated lorry parked next to a load of bins, it has emerged. Bosses at Queen's Hospital, Burton, Staffordshire, admitted they didn't tell relatives about the arrangement and a spokesman has claimed the use of a lorry is normal practice across the country. Bodies were transferred to the mortuary for viewings, then returned to the truck, according to one hospital worker. Temporary mortuary: The refrigerated lorry - where bodies were stored after the hospital ran out of space in its mortuary over the Easter weekend - parked outside Queen's Hospital in Burton, Staffordshire . Queen's Hospital in Staffordshire said it experienced an unprecedented number of deaths over the Easter weekend. Relatives were not told about the arrangement to use a refrigerated lorry as a temporary mortuary . The hospital said there were an unprecedented number of deaths over the Easter bank holiday weekend, with many undertakers closed during the four-day break. A hospital spokesman said families were not informed that their deceased relatives were kept in the refrigerated truck over the bank holiday period as it treated the temporary service as an extension of its fixed mortuary. Chief operating officer for Burton Hospitals Trust, Brendan Brown, defended the use of the lorry . Brendan Brown, chief operating officer for Burton Hospitals Trust, said that the temporary mortuary service adhered to the same robust standards and regulations as the normal mortuary. He said: 'Our priority is always patient care and ensuring that our patients and their relatives are treated with dignity and respect at all times. 'This approach extends to any essential contingency planning we may need to do as a trust, for example, the need to install temporary mortuary services when required, to help us increase capacity when faced with increased demand for those services. 'Putting the needs of patients and their families first was the basis for our decision to employ the use of temporary mortuary facilities.' Mr Brown added that the temporary facility was no longer on site as it was brought in only as and when required. A spokesman said the use of a refrigerated lorry was normal practice at hospitals across the country and, as most undertakers were closed on bank holidays, the hospital mortuary had filled up. A hospital employee said: 'Bodies were being viewed in the mortuary by relatives and then they were being transferred into this trailer and put on beds.'"
reddit_eli5,c046d3a7-cc14-496c-88ef-f2526ed5a940,15.067008338997145,3.629871337638413,11.796563152820957,7.545448239585029,-0.2208072954647564,-0.1425264776132486,0.1482216577230199,-0.8202697177464735,-11.050633706056178,-14.486927271963637,3.308407334209241,-19.314482762717734,000,-0.0,0.0,-0.0,0.0,-11.050633706056178,-14.486927271963635,3.308407334209241,-19.314482762717734,"I 've had two seizures and it is a surreal experience to say the least . Experiences vary from individual to individual because there are many different kinds of seizures that involve different areas of the brain . In my case , I had a seizure that began in my auditory cortex ( hearing center ) that evolved into a generalized ( full brain ) seizure . At the beginning , when the seizure was contained to my auditory cortex , I retained consciousness and remember having auditory hallucinations ( for me , the sound of rushing water , and hearing the voice of my history teacher from high school ) . At this point I became very confused and was unable to talk ; the seizure was spreading to other parts of my brain . I then lost feeling in my limbs , as the seizure continued to spread to other areas of my brain . I felt very frightened . Within a minute or two , I completely lost consciousness , and according to my family collapsed and began shaking violently . During this time the seizure was occurring in my entire brain . This lasted for several minutes . The time shortly after a seizure is generally the most unpleasant part . It is common to have injuries from the convulsions ; for instance a broken nose , cuts in ones mouth , and even a dislocated shoulder are common . Consciousness returns slowly ; in my case I was disoriented for at least an hour after both of my seizures . I had no memory of the event and did not know why I was at the hospital until someone explained that I had a seizure . Memories from shortly before and shortly after the seizure slowly returned , and within the day I returned to full cognitive function . If I were to compare a seizure to a common experience , it feels like waking up from a disturbing and surreal dream that lingers with you for the rest of the day . Again , this was my individual experience , it is subjective , and many other people will have different stories and experiences ."
wiki_csai,9be05dd7-05a8-4b0e-a617-ae611f4d915d,24.299036156244423,3.842851389367933,15.9980660414089,8.904250023324481,0.97928141582703,5.670157055213263,0.6148436311908596,2.120196989480009,4.967574059073479,37.909610142846574,9.369952742165516,9.422737506271153,+00,17.909610142846574,0.0,0.0,17.909610142846574,4.967574059073479,37.909610142846574,9.369952742165516,9.422737506271153,"Control theory is a field of mathematics that deals with the control of dynamical systems in engineered processes and machines. The objective is to develop a model or algorithm governing the application of system inputs to drive the system to a desired state, while minimizing any delay, overshoot, or steady-state error and ensuring a level of control stability; often with the aim to achieve a degree of optimality.
To do this, a controller with the requisite corrective behavior is required. This controller monitors the controlled process variable (PV), and compares it with the reference or set point (SP). The difference between actual and desired value of the process variable, called the error signal, or SP-PV error, is applied as feedback to generate a control action to bring the controlled process variable to the same value as the set point. Other aspects which are also studied are  controllability and observability.  Control theory is used in control system engineering to design automation  that have revolutionized manufacturing, aircraft, communications and other industries, and created new fields such as robotics.  
Extensive use is usually made of a diagrammatic style known as the block diagram. In it the transfer function, also known as the system function or network function, is a mathematical model of the relation between the input and output based on the differential equations describing the system.
Control theory dates from the 19th century, when the theoretical basis for the operation of governors was first described by James Clerk Maxwell.  Control theory was further advanced by Edward Routh in 1874, Charles Sturm and in 1895, Adolf Hurwitz, who all contributed to the establishment of control stability criteria; and from 1922 onwards, the development of PID control theory by Nicolas Minorsky.
Although a major application of mathematical control theory is in control systems engineering, which deals with the design of process control systems for industry, other applications range far beyond this. As the general theory of feedback systems, control theory is useful wherever feedback occurs - thus control theory also has applications in life sciences, computer engineering, sociology and operations research."
finance,db583d3d-e511-4112-b49b-ca12c25b106f,23.903389259832608,2.938437772413048,16.210827144272017,8.413729382588354,0.4285539478937874,6.674245783245233,-0.3673084346230104,2.1882259173902163,-0.814918744823534,35.66410917369151,-16.37022415340688,10.87796979809167,+00,15.664109173691507,-0.0,0.0,15.664109173691507,-0.814918744823534,35.66410917369151,-16.37022415340688,10.87796979809167,"In US public stock markets there is no difference between the actions individual retail traders are ""permitted"" to take and the actions institutional/corporate traders are ""permitted"" to take.  The only difference is the cost of those actions.  For example, if you become a Registered Market Maker on, say, the BATS stock exchange, you'll get some amazing rebates and reduced transaction prices; however, in order to qualify for Registered Market Maker status you have to maintain constant orders in the book for hundreds of equities at significant volumes.  An individual retail trader is certainly permitted to do that, but it's probably too expensive. Algorithmic trading is not the same as automated trading (algorithmic trading can be non-automated, and automated trading can be non-algorithmic), and both can be anywhere from low- to high-frequency.  A low-frequency automated strategy is essentially indistinguishable from a person clicking their mouse several times per day, so: no, from a legal or regulatory perspective there is no special procedure an individual retail trader has to follow before s/he can automate a trading strategy.  (Your broker, on the other hand, may have all sorts of hoops for you to jump through in order to use their automation platform.) Last (but certainly not least) you will almost certainly lose money hand over fist attempting bid-ask scalping as an individual retail trader, whether your approach is algorithmic or not, automated or not.  Why?  Because the only way to succeed at bid-ask scalping is to (a) always be at/near the front of the queue when a price change occurs in your favor, and (b) always cancel your resting orders before they are executed when a price change occurs against you.  Unless your algorithms are smarter than every other algorithm in the industry, an individual retail trader operating through a broker's trading platform cannot react quickly enough to succeed at either of those.  You would have to eschew the broker and buy direct market access to even have a chance, and that's the point at which you're no longer a retail trader. Good luck!"
eli5,caaf2611-8d9f-4053-9612-9ceec047f8e7,23.787288976978864,3.3900187345473194,15.842948056853816,8.427729324453436,-0.3121815875440745,5.195489028473027,-0.2803052612052554,0.6123756454085321,-0.6498807089759002,35.00517996173101,-3.517947683769476,8.36176960786772,+00,15.00517996173101,-0.0,0.0,15.00517996173101,-0.6498807089759002,35.00517996173101,-3.517947683769476,8.36176960786772,"The US dollar is strong, production in the US is up and OPEC voted to not reduce production in order to try and stop US companies from drillingfracking in the US by making oil cheap and not a worthwhile investment for the US.','USNorth American shale oil technology developed and gas prices rose to the point that it was profitable. Thus there was a rapid expansion in the number of shale oil wells in the US over its several large shale oil deposits. With this, the US grew the share of the global oil market that it served. However, shale oil wells are more expensive to operate than traditional wells. Demand for oil, globally, started to fall and then China cut back on its demand for oil as part of its own economic troubles. So the price of oil started to fall. Saudi Arabia then also decided that it would try to starve the US oil market by not cutting back on its production of oil. With plenty of oil available on the market and demand low, prices also dropped dramatically. In response US oil producers slowed their expansion of shale oil wells, but did not dramatically cut back. In fact, the number of US shale oil wells remained relatively constant. So the supply of oil continues to remain high, even though the demand for it has not significantly increased. This keeps the price relatively low.','when prices were high, everyone was rushing to produce as much as possible because there was a lot of money to be made. Eventually they started to produce more than was being used. The price dropped a little and traders starting filling oil storage facilities with millions and millions of barrels of oil. Those storage facilities got full and there was pretty much no place to put the oil. This caused the price to go down very fast as producers tried to negotiate to get rid of their oil. That is pretty much where we are today. Oil companies have slashed their budgets so there is less production coming online now but they are not able to just keep it in the ground because they have operating expenses and debt to repay so they need to keep cash coming in."
cmv,3cf3f0a5-fc84-47ae-aee5-7b0fbb8a595c,23.725898868615623,3.747402348323576,17.411337462177162,9.620869463174945,0.5151076574130258,3.711684062567933,0.1238369710979756,1.0499509122095103,13.415428053248558,34.656759314238535,6.653413367994351,19.08915764102772,+00,14.656759314238535,0.0,0.0,14.656759314238535,13.415428053248558,34.656759314238535,6.653413367994351,19.08915764102772,"To add a little context, I am referring specifically to law enforcement in the USA. I understand that police officers are a necessary part of maintaining our pursuit of happiness and maintaining peace. I also understand that laws mean nothing without the proper authority to enforce them. What I do have a problem with is the abuse of power associated with police officers and I'm not even touching police brutality and things like that. What I'm referring to are the instances of getting one another out of tickets, trying to outlaw citizens from video taping them while they are on duty in a public place, etc. I think that people who chose to become police officers are people that see being a police officer as a well paying job with benefits and more perks than a call of duty class. Police officers are not entering the force because they have a passion for writing tickets. They enter because it's an easy pass on figurine out a career in which you need to use your brain or do hard labor. Hello, users of CMV! This is a footnote from your moderators. We'd just like to remind you of a couple of things. Firstly, please remember to [read through our rules] . If you see a comment that has broken one, it is more effective to report it than downvote it. Speaking of which, [downvotes don't change views] ! If you are thinking about submitting a CMV yourself, please have a look through our [popular topics wiki] first. Any questions or concerns? Feel free to [message us] . Happy CMVing!"
yelp,f1f26e37-3757-44e3-9842-cc5626aabecb,23.233844329835456,4.035016681728241,17.46748562854598,10.082119006053986,1.1855940971203278,6.422970739306631,0.219607366623141,2.3813922215741403,18.852859103033136,31.86409506303726,14.839097086981862,19.473196940161188,+00,11.864095063037261,0.0,0.0,11.864095063037261,18.852859103033136,31.86409506303726,14.839097086981862,19.473196940161188,"I am a nice, amicable person. I treat others with kindness and have a highly positive attitude. I rarely complain about things. Thus, it makes me sad to write a negative review. However, the way in which Mozart Management Staff have behaved and conducted themselves over the past two years warrants this review. We moved to Pittsburgh when I was in graduate school. We loved our tiny, cute apartment at Schenley Arms, our first home as a couple. This abruptly changed when simple calls to request that they salt the driveway were met with aggression, irritability and statements such as we have never had a complaint before and we cannot accommodate your schedule. I felt guilty at first about calling, but then had an epiphany and realized that Mozart has serious issues. The tone of their written correspondence is also highly intimidating, demeaning and threatening. I will not bore you with the additional myriad of complaints that exist. What ever happened to customer service, decency and basic regard for other human beings? If you value your hard earned money and do not want to be met with criticism and hostility when interacting with your landlord..AVOID AT ALL COSTS. Also, there are a fair amount of negative reviews when you do a search on Google..READ AND BELIEVE THEM. They are completely mean and disrespectful. This is not the kind of business I want to support, as it conflicts with my value system. We are moving out ASAP when our lease expires. PS the maintenance staff are fabulous and deserve 5 stars! I hope they aren't treated as bad as the tenants."
eli5,6ea6d618-d59e-455d-a265-490e14187344,22.98354705471532,3.315846213461756,15.424294743539493,8.40996054528842,-0.3299503667090899,4.391747106209483,-0.3544777822908189,0.1937223320942056,-0.8593476082720082,30.44352844427596,-5.62894399977056,5.49828651620213,+00,10.443528444275959,-0.0,0.0,10.443528444275959,-0.8593476082720082,30.44352844427596,-5.62894399977056,5.49828651620213,"There are many reasons why a program might crash. Here are some common ones: Division by zero: You may remember from kindergarten math that you can't divide a number by zero. The result is undefined. Well, if a program tells the computer to divide something by zero, the computer will tell the program that it is doing something wrong. If the program can't handle that situation, it may crash. Access violation: A program is only allowed to access certain parts of memory. Other parts are off-limits. If a program tries to access part of memory that is off-limits, the computer will tell the program that it is doing something wrong. If the program can't handle that situation, it may crash. Deadlock: Let's say you and your friend Billy are playing with blocks. You have the red block, and Billy has the blue block. You want to switch blocks, so you tell Billy that you will give him the red block after he gives you the blue block. Billy tells you that he will give you the blue block after you give him the red block. Both of you will sit there forever waiting for the other person to hand over their block, and you will never get anything done. That is a deadlock situation, and when it happens inside a program, the program freezes up and there is nothing you can do except kill it and start it again. Unhandled exception: Sometimes a program will have a special sort of error checking built into it. When an error is detected, part of the program throws an exception, and another part of the program is supposed to catch the exception and deal with it. If an exception gets thrown and is not caught by any part of the program, then usually a dialog will pop up letting you know that a problem was not dealt with properly, and the program will terminate. All of these situations are caused by ""bugs"" in the program. ""Bugs"" are just parts of the program that are not written correctly, or don't account for every possible thing that can happen. Some programs have more ""bugs"" than other programs. Why? Maybe because the people who wrote the program were in more of a rush or didn't test it as well as they should have, or because the program is so complicated that it is difficult to deal with every possible situation that might happen.','Think of a program as ""a way to do things"" - a common example given is how to make a peanut butter and jelly sandwich. Your first program might read: get bread get peanut butter get jelly get knife put peanut butter on one slice put jelly on other slice put bread together SERVE If you run out of peanut butter, you're stuck halfway through the instructions without anywhere left to go - that's a crash. A more complicated program would describe how a pizza restaurant works - there's more ingredients, more ways to combine them, you have a lot of different workers coming and going at the same time a bunch more things that can go wrong. There's things that can go wrong you can fix things that can't be fixed - things that can't be fixed (or people are too lazy to fix) are crashes."
wiki_csai,fe7527d6-00c1-4d02-af0f-657647c301fd,22.960821721749717,3.877341709364227,14.692451503299845,8.75964541480305,0.8346768073055983,4.331942620718557,0.6493339511871534,0.8145824513709528,3.2629055115263865,30.314550414468496,10.351568809467372,0.4926633011707249,+00,10.314550414468496,0.0,0.0,10.314550414468496,3.2629055115263865,30.314550414468496,10.351568809467372,0.4926633011707249,"A complex system is a system composed of many components which may interact with each other. Examples of complex systems are Earth's global climate, organisms, the human brain, infrastructure such as power grid, transportation or communication systems, complex software and electronic systems, social and economic organizations (like cities), an ecosystem, a living cell, and ultimately the entire universe.
Complex systems are systems whose behavior is intrinsically difficult to model due to the dependencies, competitions, relationships, or other types of interactions between their parts or between a given system and its environment. Systems that are ""complex"" have distinct properties that arise from these relationships, such as nonlinearity, emergence, spontaneous order, adaptation, and feedback loops, among others. Because such systems appear in a wide variety of fields, the commonalities among them have become the topic of their independent area of research. In many cases, it is useful to represent such a system as a network where the nodes represent the components and links to their interactions.
The term complex systems often refers to the study of complex systems, which is an approach to science that investigates how relationships between a system's parts give rise to its collective behaviors and how the system interacts and forms relationships with its environment. The study of complex systems regards collective, or system-wide, behaviors as the fundamental object of study; for this reason, complex systems can be understood as an alternative paradigm to reductionism, which attempts to explain systems in terms of their constituent parts and the individual interactions between them.
As an interdisciplinary domain, complex systems draws contributions from many different fields, such as the study of self-organization and critical phenomena from physics, that of spontaneous order from the social sciences, chaos from mathematics, adaptation from biology, and many others. Complex systems is therefore often used as a broad term encompassing a research approach to problems in many diverse disciplines, including statistical physics, information theory, nonlinear dynamics, anthropology, computer science, meteorology, sociology, economics, psychology, and biology."
wiki_csai,ce48225e-34b0-4242-aa60-c06a3902ca9c,22.815706240183825,3.722223588742576,15.17490165101784,8.597675796527472,0.6727071890300209,4.1868271391526655,0.4942158305655022,1.297032599088947,1.3535298923415773,29.490944928236047,5.936810130851414,3.7925006525709124,+00,9.490944928236047,0.0,0.0,9.490944928236047,1.3535298923415773,29.490944928236047,5.936810130851414,3.792500652570912,"Meta learning
is a subfield of machine learning where automatic learning algorithms are applied to metadata about machine learning experiments. As of 2017 the term had not found a standard interpretation, however the main goal is to use such metadata to understand how automatic learning can become flexible in solving learning problems, hence to improve the performance of existing learning algorithms or to learn (induce) the learning algorithm itself, hence the alternative term learning to learn.
Flexibility is important because each learning algorithm is based on a set of assumptions about the data, its inductive bias. This means that it will only learn well if the bias matches the learning problem. A learning algorithm may perform very well in one domain, but not on the next. This poses strong restrictions on the use of machine learning or data mining techniques, since the relationship between the learning problem (often some kind of database) and the effectiveness of different learning algorithms is not yet understood.
By using different kinds of metadata, like properties of the learning problem, algorithm properties (like performance measures), or patterns previously derived from the data, it is possible to learn, select, alter or combine different learning algorithms to effectively solve a given learning problem. Critiques of meta learning approaches bear a strong resemblance to the critique of metaheuristic, a possibly related problem. A good analogy to meta-learning, and the inspiration for Jürgen Schmidhuber's early work (1987) and Yoshua Bengio et al.'s work (1991), considers that genetic evolution learns the learning procedure encoded in genes and executed in each individual's brain. In an open-ended hierarchical meta learning system using genetic programming, better evolutionary methods can be learned by meta evolution, which itself can be improved by meta meta evolution, etc.
See also Ensemble learning."
cmv,946331a9-bf83-489f-90e3-b90cf7e82e8d,22.534109945826444,3.6502455788084,15.682591799039372,8.828562105673095,-0.2771997000888238,2.5198951397787503,0.0266802015827991,-0.6787947509282795,4.075328549273352,27.89274017135655,3.8882709740273484,7.264973241300618,+00,7.89274017135655,0.0,0.0,7.89274017135655,4.075328549273352,27.89274017135655,3.888270974027349,7.264973241300618,"I'm going to start by saying you should always treat them as they wish, if they want to be called and treated as a certain gender I believe they have the right to ask and I see no reason why not to treat them as they desire. But in my head they will never be the gender they are saying they are, in my mind they will stay their original gender or be somewhere in between. I also feel that this would stop me from being romanticly interested them and I think as long as I am respectful in my rejection there is no reason that I should be ashamed of doing so. I have read similar cmv's in the past but they all seem to deal only with dating with a lot of replys saying that since they are now the other gender it shouldnt matter. But I believe that the view that they are not, as long as there is never any loss of respect, is ok, please cmv. Hello, users of CMV! This is a footnote from your moderators. We'd just like to remind you of a couple of things. Firstly, please remember to [read through our rules] . If you see a comment that has broken one, it is more effective to report it than downvote it. Speaking of which, [downvotes don't change views] ! If you are thinking about submitting a CMV yourself, please have a look through our [popular topics wiki] first. Any questions or concerns? Feel free to [message us] . Happy CMVing!"
reddit,4bcb3211-9cf6-41bb-8a4c-b354e716c410,22.421631864707827,3.63666930705045,16.18319369504367,9.015568906287855,0.586156943825106,4.9468435982149295,0.1795054748875451,1.597789207559318,6.27985449381229,27.254368829508174,3.50188179314726,10.688963973670159,+00,7.254368829508174,0.0,0.0,7.254368829508174,6.27985449381229,27.254368829508177,3.50188179314726,10.68896397367016,"Law student studying insurance law here.

Insurance companies used to be able to pick and choose who they insured. That means they could exclude people with preexisting conditions or really high likelihoods of being sick. BUT. Now under ACA, they are not allowed to exclude anyone because of a preexisting condition. 

This seems like a really good thing. Everyone gets healthcare now! The problem is that insurance is about managing **risk**. You can think about it like a form of gambling. You're effectively betting a certain amount of money (your premium payments to the insurance company) that you'll get sick and incur MORE money in medical bills than the amount you are paying. If you get sick enough, you ""win"" the bet and the insurance company ""loses."" BUT, that's ok, because overall enough people who are also paying insurance premiums will ""LOSE"" their bets by NOT getting sick. The insurance co can use some of their ""winnings"" to pay out to you and everyone is happy.

Now, gambling only works if there is, in fact, a **risk** (meaning some sort of uncertainty). Without a ""risk,"" there's nothing to gamble on. Think about it. You gamble on football games BEFORE they happen because there is a certain measure of uncertainty involved (i.e., you don't know for certain which team will win). You legitimately cannot gamble on a game that has already happened, because everyone already knows the outcome. The same is true of people with preexisting conditions. There is nothing to gamble on because they already KNOW they are sick. The football game is over. The home team has won. There is nothing to bet on. THAT is why insurance companies would historically exclude people with preexisting conditions. They were effectively always ""winning"" their bets because they would inevitably pay in less than what they were getting out. Sure, they may pay premiums, but the premiums will always be less money than the amount the insurance company has to pay out to cover bills (that's the whole point of getting them coverage in the first place! They couldn't afford to pay for their own coverage, but they COULD afford the premiums). 

That's where ACA comes in. By forcing insurance companies to accept people despite pre-existing conditions, they effectively forced the insurance company to take on a LOT of losing bets. The insurance company has to be able to pay somehow, though (or go bankrupt....which some did), so they have to **raise everyone ELSE'S premiums** in order to pay for all of these losing bets.....but that means all the healthy people are suddenly paying wayyyyyy more than they're getting out. 

This caused some people to do some mental math and realize that even though they would be FINED for NOT having health insurance (as mandated by the ACA), it was less expensive to pay the fine than it was to keep paying for health insurance. Additionally, because the insurance companies wouldn't be allowed to turn them away if/when they eventually DID get really sick, they could just hold out until then and wait to reenter the health insurance market when they really really needed it. 

This causes a MASSIVE death spiral. The pool gradually gets smaller and more healthy people choose to drop out and take the fine, mostly leaving behind the people who are already sick and really do NEED the insurance. Because of this, the insurance companies are faced with even FEWER healthy customers who are ""losing"" their bets and a higher and higher percentage of sick customers who are ""winning"" their bets, forcing the insurance companies to raise prices still further. 

Hope this helped!

edit: TL;DR: making insurance companies accept people with preexisting conditions means more insurance companies lose money which means higher premiums for healthy people and more healthy people dropping out."
wiki_csai,75833ca1-4f58-4de1-a4ac-ee6f3e80faac,22.372856097525077,3.3523446516095454,12.82487876356853,7.742279999747692,-0.1826886077497596,3.7439769964939167,0.124336893432472,-1.0529902883603626,-8.730286421564927,26.977541098838586,-4.59017563458453,-12.28106329456537,+00,6.977541098838586,-0.0,-0.0,6.977541098838586,-8.730286421564927,26.977541098838586,-4.59017563458453,-12.28106329456537,"An examination (exam or evaluation) or test is an educational assessment intended to measure a test-taker's knowledge, skill, aptitude, physical fitness, or classification in many other topics (e.g., beliefs). A test may be administered verbally, on paper, on a computer, or in a predetermined area that requires a test taker to demonstrate or perform a set of skills.
Tests vary in style, rigor and requirements. There is no general consensus or invariable standard for test formats and difficulty. Often, the format and difficulty of the test is dependent upon the educational philosophy of the instructor, subject matter, class size, policy of the educational institution, and requirements of accreditation or governing bodies.
A test may be administered formally or informally. An example of an informal test is a reading test administered by a parent to a child. A formal test might be a final examination administered by a teacher in a classroom or an IQ test administered by a psychologist in a clinic. Formal testing often results in a grade or a test score. A test score may be interpreted with regards to a norm or criterion, or occasionally both. The norm may be established independently, or by statistical analysis of a large number of participants.
A test may be developed and administered by an instructor, a clinician, a governing body, or a test provider. In some instances, the developer of the test may not be directly responsible for its administration. For example, Educational Testing Service (ETS), a nonprofit educational testing and assessment organization, develops standardized tests such as the SAT but may not directly be involved in the administration or proctoring of these tests."
wikihow,55a2c365-dd0f-4514-b26a-6cb533c528db,22.36733724608449,3.082825222070196,17.1440916852306,8.679952533675701,0.3874174886577766,4.410589955427028,-0.3194520387634298,2.6456931586038372,2.3234475695544603,26.946218759725472,-12.260867078279007,17.261263917824415,+00,6.946218759725472,-0.0,0.0,6.946218759725472,2.3234475695544603,26.946218759725472,-12.260867078279007,17.261263917824415,"Even when you and your sister have set strict boundaries, you both will test each other’s baseline limits from time to time. When this happens, try your best to resolve the conflict before either of you reaches your breaking point.


Let your sister know what the problem is, using “I statements.” For example, “I feel belittled when you talk to me like a little kid” or “I feel angry when you choose not to respect my clothing.”
Avoid the word “but.” This negates everything you’ve said before. For example, instead of saying “I see where you are coming from but I think you’re wrong” try “We can’t seem to agree on this.”;
, If you can't resolve the issue, try to reach a compromise. Offer to change one thing about your behavior and urge her to do the same. Over time, these small concessions will have a big impact on your relationship.


For example, you could offer to knock every time you want to enter her room and she could offer to say ""Hi"" to you at school.

, If the conflict escalates out of control, remove yourself from the situation. This is a great way to control your anger. Walk away from your big sister and cool off. When both of you are calm, you can try talking again.

, If you’ve failed to resolve the issue on your own, ask your parents to step in as mediators. Once you’ve both shared your side of the story, let them help the two of you reach an agreement.


Take responsibility for your role in the conflict. This will show your parents that you are mature."
wikihow,27c6f9c8-8cfa-413a-bb22-bb25afde4f52,22.290140889646057,3.2191689790554925,16.634702971430862,8.784966923702832,0.4924318786849078,4.3333935989885966,-0.1831082817781335,2.1363044448041,3.561407614877373,26.508089471287157,-8.380438524776228,13.777173567497487,+00,6.508089471287157,-0.0,0.0,6.508089471287157,3.561407614877373,26.508089471287157,-8.380438524776228,13.777173567497488,"It may decrease bloating, pain, and other symptoms by softening your stools so that your body can pass them more easily.Good sources of fiber are fruits, vegetables, whole grain breads, and whole grain cereals. Try to eat something containing fiber with each meal. Add fiber to your diet slowly to minimize bloating and gas that can be brought on by a sudden increase in fiber. Work with your doctor and possibly a dietitian to find a diet that is healthy and that works for you.
Sources of soluble fiber may also help, such as dried beans and other legumes, oats, barley, and berries. These work to slow down the passage of food from the stomach to the intestines.
If you suffer from diarrhea caused by IBS, then this diet modification is not for you. You don't need to avoid fiber entirely — you need it as part of a healthy diet — just make sure you're eating soluble fiber (found in peas, oats, dried fruits, and more) rather than insoluble fiber (found in wheat, corn, the skins of root vegetables, and more).;
, All of these can make IBS symptoms worse, including diarrhea.Specific foods to avoid are dairy, honey, chocolate, sugar-free candy and gums, and wheat and rye breads.Also, vegetables such as broccoli, cauliflower, cabbage, and Brussels sprouts may trigger bloating and gas.Beverages to avoid include alcoholic beverages, dairy, anything containing chocolate, anything with caffeine such as coffee, tea, and soda, and anything with fructose syrup., Elimination diets are a very effective way to pinpoint foods that trigger negative reactions. Make a list of possible food triggers, then eliminate one food at a time for 12 weeks. Another option is to try a gluten-free and/or a lactose-free diet, as these are common triggers for IBS symptoms. See if bloating and gas decrease. If you switch to either diet permanently, make sure to research and work with your doctor to ensure you're getting appropriate nutrition."
arxiv,d519599e-47c4-467c-aa68-1a7e84553c0a,22.289656302907517,3.174097473034144,16.388859996548966,8.646004819440659,0.7637456141644634,3.49220738533052,0.0430132895269714,2.3000259434334023,1.9232556164119965,26.505339190668504,-9.663201760745105,12.095669613292442,+00,6.505339190668504,-0.0,0.0,6.505339190668504,1.9232556164119965,26.505339190668504,-9.663201760745103,12.095669613292442,"The COVID-19 epidemic that emerged in Wuhan China at the end of 2019 hit
Italy particularly hard, yielding the implementation of strict national
lockdown rules (Phase 1). There is now a hot ongoing debate in Italy and abroad
on what the best strategy is to restart a country to exit a national lockdown
(Phase 2). Previous studies have focused on modelling possible restarting
scenarios at the national level, overlooking the fact that Italy, as other
nations around the world, is divided in administrative regions who can
independently oversee their own share of the Italian National Health Service.
In this study, we show that regionalism, and heterogeneity between regions, is
essential to understand the spread of the epidemic and, more importantly, to
design effective post Lock-Down strategies to control the disease. To achieve
this, we model Italy as a network of regions and parameterize the model of each
region on real data spanning almost two months from the initial outbreak. Using
the model, we confirm the effectiveness at the regional level of the national
lockdown strategy implemented so far by the Italian government to mitigate the
spread of the disease and show its efficacy at the regional level. We also
propose that differentiated, albeit coordinated, regional interventions can be
effective in Phase 2 to restart the country and avoid future recurrence of the
epidemic, while avoiding saturation of the regional health systems and
mitigating impact on costs. Our study and methodology can be easily extended to
other levels of granularity (provinces or counties in the same region or states
in other federal countries, etc.) to support policy- and decision-makers."
xsum,988397d1-10af-426f-86a0-448d5fd87c87,22.270986324049694,4.100275580170442,16.96269481399304,9.6632361606757,0.6375800986631344,4.461748198371328,0.3618491953754099,1.383041600475316,13.914867022942776,26.39937739493712,16.696406130567674,16.0205550612345,+00,6.399377394937119,0.0,0.0,6.399377394937119,13.914867022942776,26.39937739493712,16.696406130567674,16.0205550612345,"The tram, which currently serves the Nottingham area, would also run to East Midlands Airport and the proposed HS2 station at Toton. The 19 councils in the region described the scheme as one of several ""priority projects"" in devolution negotiations. The timetable and costs of the project are not discussed in the document. The information was revealed in a document detailing requests to be made from the government as part of a deal to devolve power. Andrew Braddock, chairman of the Light Rail Transit Association, which supports the project, said the trams would be an efficient and effective way of moving passengers from the HS2 station to the cities of Derby and Nottingham. Updates on this story and more from Derbyshire He said: ""I am not surprised by the move... as they start to look at it... they will realise that creating an East Midlands light metro network... is a good idea. ""There have been a rash of modern new tramways across France as city mayors say.... it's time we took the streets back for the people. ""In Germany, they've had trams since the 1880s and were sensible and kept them."" A transport review in 2013 estimated the cost of a new tram line at PS20m for each mile of track, putting the cost of a link from Toton to Derby at about PS200m. Another cost estimate for a tram line from Nottingham to Ripley in Derbyshire via Eastwood, Kimberley and Langley Mill was put at PS180m. The document said the East Midlands councils are determined to ""reach a unified position on the strategic transport interventions required to maximise the growth potential of the region."" Other projects backed by the local enterprise partnership include: You also can read more about this story on our Nottinghamshire live page."
peerread,0bfada13-7ff5-42c2-8881-fa2f3da4f8fb,22.27023116657491,3.657945343204244,16.615896588722425,9.11066557331215,0.3000787377679881,2.5873769837019474,0.2794576453222643,0.4556434807479697,7.400899659041922,26.395091485311962,4.107411081924622,13.648542652159263,+00,6.395091485311962,0.0,0.0,6.395091485311962,7.400899659041922,26.39509148531196,4.107411081924622,13.648542652159264,"Unfortunately, even after reading the authors' response to my pre-review question, I feel this paper in its current form lacks sufficient novelty to be accepted to ICLR.

Fundamentally, the paper suggests that traditional iterative algorithms for specific class of problems (ill-posed image inverse problems) can be replaced by discriminatively trained recurrent networks. As R3 also notes, un-rolled networks for iterative inference aren't new: they've been used to replace CRF-type inference, and _also_ to solve image inverse problems (my refs [1-3]). Therefore, I'd argue that the fundamental idea proposed by the paper isn't new---it is just that the paper seeks to 'formalize' it as an approach for inverse problems (although, there is nothing specific about the analysis that ties it to inverse problems: the paper only shows that the RIM can express gradient descent over prior + likelihood objective).

I also did not find the claims about benefits over prior approaches very compelling. The comment about parameter sharing works both ways---it is possible that untying the parameters leads to better performance over a fewer number of 'iterations', and given that the 'training set' is synthetically generated, learning a larger number of parameters doesn't seem to be an issue. Also, I'd argue that sharing the parameters is the 'obvious' approach, and the prior methods choose to not tie the parameters to get better accuracy.

The same holds for being able to handle different noise levels / scale sizes. A single model can always be trained to handle multiple forms of degradation---its just that its likely to do better when it's trained for specific degradation model/level. But more importantly, there is no evidence in the current set of experiments that shows that this is a property of the RIM architecture. (Moreover, this claim goes against one of the motivations of the paper of not training a single prior for different observation models ... but to train the entire inference architecture end-to-end).

It is possible that the proposed method does offer practical benefits beyond prior work---but these benefits don't come from the idea of simply unrolling iterations, which is not novel. I would strongly recommend that the authors consider a significant re-write of the paper---with a detailed discussion of prior work mentioned in the comments that highlights, with experiments, the specific aspects of their recurrent architecture that enables better recovery for inverse problems. I would also suggest that to claim the mantle of 'solving inverse problems', the paper consider a broader set of inverse tasks---in-painting, deconvolution, different noise models, and possibly working with multiple observations (like for HDR)."
eli5,6a2b6fbe-8bab-4b44-82dc-bb032b45daac,22.227370699945876,4.084301367687046,17.499550410040126,10.22799658689751,1.4880856748999989,3.6355707514400386,0.4139773719344712,2.26897799859484,20.572534059446138,26.151836147719838,16.241770057667207,19.692511959835958,+00,6.1518361477198376,0.0,0.0,6.1518361477198376,20.572534059446134,26.15183614771984,16.241770057667207,19.69251195983596,"Birds have a number of adaptations to keep them warm. These adaptations range from physical to, behavioural, and ecological. Birds are endothermic, or ""warm-blooded"" meaning they use their metabolism and well as behavioural mechanisms to maintain constant body heat. In this way they are like us humans. However, birds have metabolic rates that are generally much higher than in mammals, their normal body temperature range is between 38-43c depending on the species. They shiver, just like humans this helps keep them warm. They grow more feathers in the winter. These are seriously warm - like a big thick fur coat in a mammal. Lower temperatures cause the muscles contract which erect feathers create more air space. This results in more warm air being trapped in the plumage acts as an effective layer of insulation. They have [counter-current heat exchange] (URL1). Outgoing blood from the heart is warm and gives off heat to incoming cooler blood from the extremities...the result is a warmer overall extremity. ""Blood flowing from the body core to the periphery (like the legs feet) carries heat can be readily lost through the skin. To prevent such loss, birds have a countercurrent heat exchanger - blood vessels in the legs (arteries going in veins coming out) in close proximity that allow heat to be recaptured and saved. The principle of countercurrent heat exchange is so effective and ingenious that it has also been adapted in human engineering projects to avoid energy waste, e.g., by ensuring good ventilation of buildings while avoiding the loss of heat to the environment on a cold winter's day."" They may also roost together in warmer cavities, or they may [huddle] (URL2) together (e.g. penguins). Birds will reduce activity on very very cold days, and ""weather the storm"" huddling in roosts until more favourable foraging weather returns. Chickadees will huddle together in cavities for warmth. Some species have darker plumage which gains heat more quickly than white plumage. They change their posture by tucking their heads and feet into their plumage. This is seriously effective way to keep warm on cold days since most of the heat lost on a bird is through the bill or through the feet. Some birds lower their body temperature in winter so that it doesn't take as much energy (e.g. food) to stay warm. ""Willow Ptarmigans produce a denser coat of feathers and actually lower basal metabolic rates, which reduces the gradient between the internal body temperature and the external temperature. This is the same as keeping your house at a cooler temperature to reduce your heating bill."" [Here is more on chickadees specifically] (URL0): Carefully hidden food items, dense winter coats, specially selected winter roost cavities and, perhaps most remarkable of all, the ability to go into nightly hypothermia, thus conserving large amounts of energy, greatly increase the chances of survival. The chickadee's ability to go into regulated hypothermia enables it to actually lower its body temperature, in a controlled manner, to about 12 or 15 degrees F below its normal daytime temperature of 108 degrees F. This allows the bird to conserve almost 25 percent of its hourly metabolic expenditure when the outside temperature is at freezing. The survival rate of her subjects, compared to those birds that obtained less-accessible food from the wild during severe winters, nearly doubled when they consumed sunflower seeds at feeders. ""The thing that really impressed me about chickadees,"" she says, ""is their metabolism. We weighed birds early in the morning and found that they had virtually no body fat. Yet the same birds examined in the afternoon of the same day were bulging with fat...birches, suggesting that the trees provided better roosting conditions than other tree species in the region. For chickadees, finding a roost is just as critical, if not more critical, than finding food, she says. Birds that small have to find a good insulated place to spend the night."
arxiv,b1623f3f-9084-4992-82b1-b344609bddc6,22.13852531254841,3.240703608395026,15.940887469279,8.627698443887201,0.7454392386110058,3.341076394971413,0.1096194248878532,1.852053416163436,1.7074512727977398,25.647592577720207,-7.767549512283814,9.031650491568307,+00,5.647592577720207,-0.0,0.0,5.647592577720207,1.7074512727977398,25.647592577720207,-7.767549512283814,9.031650491568309,"We investigate the spatial distribution of star formation (SF) within bars of
nearby disk galaxies (inclination $< 65^{\circ}$) from the S$^4$G survey. We
use archival GALEX far- and near-UV imaging for 772 barred galaxies. We also
assemble a compilation of continuum-subtracted H$\alpha$ images for 433 barred
galaxies, of which 70 are produced by ourselves from ancillary photometry and
MUSE/CALIFA IFU data cubes. We employ two complementary approaches: i) the
analysis of bar/disk stacks built from co-added UV images of hundreds of
galaxies; and ii) the classification of the morphology of ionised regions in
galaxies into three main SF classes: A) only circumnuclear SF, B) SF at the bar
ends, but not along the bar, and C) SF along the bar. Lenticular galaxies
typically belong to SF class A: this is probably related to bar-induced SF
quenching. The distribution of SF class B peaks for early- and
intermediate-type spirals: this most likely results from the interplay of gas
flow, shocks, and enhanced shear in centrally concentrated galaxies with large
bar amplitudes. Late-type galaxies are mainly assigned to SF class C: we argue
that this is a consequence of low shear. In bar stacks of spirals, the UV
emission traces the stellar bars and dominates on their leading side, as
witnessed in simulations. For early-types, the central UV emission is $\sim$0.5
mag brighter in strongly barred galaxies, relative to their weakly barred
counterparts: this is related to the efficiency of strong bars sweeping the
disk gas and triggering central starbursts. We also show that the distributions
of SF in inner ringed galaxies are broadly the same in barred and non-barred
galaxies, including a UV/H$\alpha$ deficit in the middle part of the bar: this
hints at the effect of resonance rings trapping gas. Distinct distributions of
SF within bars are reported in galaxies of different morphological types
(Abridged)."
finance,93c2ee3b-e6ea-461e-a569-29413f917c1f,22.039101775774903,3.800363026135307,15.351889439637857,8.79763877008115,0.8124633353865836,4.809958299187532,0.4946168190992486,1.3292882127560546,3.7107894235302092,25.083312533553364,8.160707364709332,5.003052495890961,+00,5.083312533553364,0.0,0.0,5.083312533553364,3.7107894235302097,25.083312533553364,8.160707364709332,5.003052495890961,"1. Your oldest active credit agreement is not very old This is fairly straight forward. If you've not been exposed to borrowing for a reasonable length of time, people won't want to lend you money. They have no reason to have any confidence in your ability to repay them. As other said, it's pretty much a case of proving yourself by being good with credit over a period of time. 2. You have no active credit card accounts Credit reference agencies have to consider a variety of factors for a variety of purposes. Notably, they will be used for credit cards, unsecured loans, mortgages, and secured loans such as vehicle finance applications. These all have varying types of customer, and some will be inherently more risky than others. For instance, someone with a mortgage on a home is far more likely to make payments because they would be homeless without, however someone with a finance agreement on a car is relatively less likely to make those payments because all they stand to lose is their car. Consider that the most fruitful information the lender will get is a score and some breakdown of how it's generated, it's a very general understanding of your history. For that reason, having a wide variety of credit is very important. A good variety of credit to have would be one secured loan (e.g car finance) to get started, as well as at least one revolving unsecured credit account (e.g a credit card), and later on in your ""credit life"" an unsecured fixed term loan (e.g a loan for something which has nothing secured against it). I say the above reluctantly, because that's how I increased my credit score from 450 to 999 - first step was the car finance where in 3 months or so I changed from 450 to around 600, with a credit card I was approaching 900, and once I had an unsecured loan for 8 months I hit 999 - now I have all of the above plus a competitive mortgage and remain at 999. Whether each is mandatory to maintain 999 is debatable but based on personal experience, it seems reasonable."
cnn,4e757ea0-d677-4872-96a3-b238a1f93619,22.03230239214637,3.5111796339127372,15.998659874171064,8.991224017339349,0.4778180084352232,4.570821311356955,0.1134651264772159,1.1739398503849987,5.992865255306133,25.044722511323958,-0.0696327490684525,9.426799172618113,+00,5.0447225113239575,-0.0,0.0,5.0447225113239575,5.992865255306133,25.04472251132396,-0.0696327490684525,9.426799172618113,"(CNN) Most climbers who try don't succeed in summiting the 29,035-foot-high Mount Everest, the world's tallest peak. But they do leave their trash. Thousands of pounds of it. That's why an experienced climbing group from the Indian army plans to trek up the 8,850-meter mountain to pick up at least 4,000 kilograms (more than 8,000 pounds) of waste from the high-altitude camps, according to India Today. The mountain is part of the Himalaya mountain range on the border between Nepal and the Tibet region. The 34-member team plans to depart for Kathmandu on Saturday and start the ascent in mid-May. The upcoming trip marks the 50th anniversary of the first Indian team to scale Mount Everest. ""Sadly, Mount Everest is now ... called the world's highest junkyard,"" Maj. Ranveer Singh Jamval, the team leader, told India Today. ""We will target the mountaineering waste from Camp 1 (19,695 feet) to the summit,"" said Jamval, who has scaled Mount Everest twice. ""There are old cylinders, tents, tins, packets, equipment and other mountaineering waste. Apart from our own haversacks weighing 10 kg each, we intend to bring in another 10 kg each on the trip."" More than 200 climbers have died attempting to climb the peak, part of a UNESCO World Heritage Site. The Indian expedition isn't the first attempt to clean up the trash left by generations of hikers. Among the cleanup efforts is the Eco Everest Expedition, an annual trip launched in 2008 that is all about climbing ""in an eco-sensitive manner,"" bringing old refuse, in addition to that generated during the trip, down for disposal, according to the Asian Trekking website. Last year, Nepalese tourism authorities started to require hikers to carry out an extra 18 pounds of garbage, in addition to their own trash and human waste, according to the New York Times."
cmv,1e8a18a8-47c2-4e47-b827-28ca2a0bb496,22.028553747601276,3.5922146953173564,16.985036807239872,8.946959291581168,-0.1588025141807509,2.014338941553582,-0.0313506819082443,0.6236502572722209,5.471051417301205,25.023447012804024,2.236675754248252,16.17336866108384,+00,5.023447012804024,0.0,0.0,5.023447012804024,5.471051417301205,25.023447012804024,2.236675754248252,16.17336866108384,"I have come to this sort of view recently but would like to hear arguments to challenge the view. Basically we all know the stats of inequality, for example that the top 1 of Americans have 40 of the nations wealth I think this is wrong. Around the world we have people starving, homeless people, people who can't afford basic needs or who need government help to afford to get by. Then you have the very rich, who have more wealth then they could ever know what to do with. A lot of the time the very wealthy have tax dodged or hidden their wealth offshore, so they are not contributing their fair share. Some people will also possibly argue they get their wealth themselves and they deserve it. That is not true, without an education, people to help you, good health, the right opportunities and connections, employees to work for you, people to provide what you need and so on, nobody could amass any wealth, and a large amount of the very wealthy inherited it, so they were born into this wealth, they did nothing then be born from the right people. I am intrigued to read your responses! Hello, users of CMV! This is a footnote from your moderators. We'd just like to remind you of a couple of things. Firstly, please remember to [read through our rules] . If you see a comment that has broken one, it is more effective to report it than downvote it. Speaking of which, [downvotes don't change views] ! If you are thinking about submitting a CMV yourself, please have a look through our [popular topics wiki] first. Any questions or concerns? Feel free to [message us] . Happy CMVing!"
wiki_csai,4253ccb6-2741-45a7-909a-79de20b10a90,21.931085723735976,3.186957863074909,14.88056377828764,8.112223385926029,0.1872547784285778,3.3022066227048157,-0.0410498951021645,1.0026947263587491,-4.369216181553769,24.47026551678806,-9.297187021040166,1.779303825995324,+00,4.470265516788061,-0.0,0.0,4.470265516788061,-4.369216181553769,24.47026551678806,-9.297187021040166,1.779303825995324,"In statistics, linear regression is a linear approach for modelling the relationship between a scalar response and one or more explanatory variables (also known as dependent and independent variables). The case of one explanatory variable is called simple linear regression; for more than one, the process is called multiple linear regression. This term is distinct from multivariate linear regression, where multiple correlated dependent variables are predicted, rather than a single scalar variable.
In linear regression, the relationships are modeled using linear predictor functions whose unknown model parameters are estimated from the data. Such models are called linear models. Most commonly, the conditional mean of the response given the values of the explanatory variables (or predictors) is assumed to be an affine function of those values; less commonly, the conditional median or some other quantile is used. Like all forms of regression analysis, linear regression focuses on the conditional probability distribution of the response given the values of the predictors, rather than on the joint probability distribution of all of these variables, which is the domain of multivariate analysis.
Linear regression was the first type of regression analysis to be studied rigorously, and to be used extensively in practical applications. This is because models which depend linearly on their unknown parameters are easier to fit than models which are non-linearly related to their parameters and because the statistical properties of the resulting estimators are easier to determine.
Linear regression has many practical uses. Most applications fall into one of the following two broad categories:
Linear regression models are often fitted using the least squares approach, but they may also be fitted in other ways, such as by minimizing the ""lack of fit"" in some other norm (as with least absolute deviations regression), or by minimizing a penalized version of the least squares cost function as in ridge regression (L2-norm penalty) and lasso (L1-norm penalty). Conversely, the least squares approach can be used to fit models that are not linear models. Thus, although the terms ""least squares"" and ""linear model"" are closely linked, they are not synonymous."
xsum,78c59284-8d42-44bc-9994-350a50f2de49,21.873436061325137,3.5856755603751003,17.419967979513483,9.281839237847215,0.25618317583465,4.064197935646767,-0.152750824419932,1.8403147659957604,9.41877699424494,24.14307383655747,2.0505678861199383,19.148188203258883,+00,4.14307383655747,0.0,0.0,4.14307383655747,9.41877699424494,24.14307383655747,2.0505678861199383,19.148188203258883,"Mr Ashley failed to appear before a business select committee regarding working terms and conditions at the company's warehouse in Derbyshire. In a letter, he accuses MPs of ""abusing parliamentary procedures"" in order to ""create a media circus at Westminster."" Chris Bryant MP said the House could ""force"" Mr Ashley to attend a meeting. The row follows a BBC investigation into the work practises at the company's warehouse in Shirebrook. Updates on this story and more from Derbyshire The Newcastle United FC owner was given a deadline of 21 March to respond to a letter from MP Iain Wright - who chairs the Business, Innovation and Skills (BIS) select committee - following his no-show. The letter said the committee reserved the right to ""take the matter further"" should he not attend future dates. In response, Mr Ashley said: ""I was disgusted to learn that you have adopted a stance that is deliberately antagonistic. ""By refusing to visit Sports Direct to see things with your own eyes, you are missing out on a genuine opportunity to gain a detailed and balanced understanding of the matters you wish to discuss. ""I believe you are abusing parliamentary procedure in an attempt to create a media circus in Westminster, which is not in the best interests of any of the people who work at Sports Direct."" It is thought that no one has been charged with contempt of Parliament since the 1950s. Mr Bryant said in the Commons on Thursday: Mr Ashley] may be the 22nd richest man in Britain, but he is running a modern day sweatshop and this House will get to the truth."" The committee is due to meet on Tuesday to discuss the next steps following Mr Ashley's correspondence."
cmv,d57f14f5-65de-480f-ba6f-63cfc766bf79,21.79117681777763,2.8177626546039662,15.360434057807954,8.220519538501637,-0.8852422672602813,1.7769620117299354,-0.8058027226216344,-1.0009524921596975,-3.0925691437891336,23.676210042646577,-19.804713441348188,5.061495529486257,+00,3.676210042646577,-0.0,0.0,3.676210042646577,-3.0925691437891336,23.676210042646577,-19.804713441348188,5.061495529486257,"EDIT: ubootsorhearts brought up a [good point] . By the power invested in me as a mod of rchangmyview, I hereby proclaim that users may break any current or proposed rendition of Rule III in this CMV post (and only this CMV post) without fear of having their input deleted, so long as it does not violate any of out other guidelines. I'm just looking for frank and honest feedback regarding the wording of Rule III. Perhaps I should have made a [MOD POST] instead of a CMV post, but I can't edit the title now. For those who can't currently read our sidebar for whatever reason, Rule III currently states the following: III. Direct responses to the CMV post must challenge at least one aspect of OP's current stated viewpoint (however minor), unless they are asking OP a clarifying question. Arguments in favor of OP's current view (i.e. the one OP is willing to change) should be restricted to replies to comments. This rule does not apply to TCMV posts. Recently, I have heard some users express concern that there are some types of constructive (i.e. non-circlejerking) top-level comments that seem to be prohibited by the current literal wording of Rule III. Examples offered were comments introducing a new component to the issue that OP neglected and comments bringing up a completely different aspect of the problem. Personally, I would not delete a top-level comment that brought up a new component to the issue that OP had neglected, as I have always felt that constructive comments of these sorts would be protected under the current wording of Rule III because of the qualifier ""however minor,"" (other mods are free to chime in if they disagree). However, even if the mods do not delete constructive comments of these sorts, I can see how some users who have good things to say might feel that they are not allowed to post due to a literal reading of Rule III in which you have to address something the OP actually stated. Thus, I could perhaps be persuaded to make a slight revision to the wording of Rule III (pending approval from the other mods), something to the effect of: III. Direct responses to the CMV post must challenge at least one aspect of OP's current stated viewpoint (however minor), or challenge a related underlying assumption OP seems to have, unless they are asking OP a clarifying question. Arguments in favor of OP's current view (i.e. the one OP is willing to change) should be restricted to replies to comments. This rule does not apply to TCMV posts. In my opinion, this revision would change the wording of Rule III from ""fine"" to ""nearly perfect,"" and would give our users more freedom in how they respond to OPs while still maintaining the spirit of Rule III. CMV."
wiki_csai,5293d27b-2991-4ca1-93ab-e336d0ebeefc,21.70799180143766,3.3341894133565737,15.42707257012604,8.370738104455238,0.4457694969577872,3.079112700406501,0.1061816551795002,1.5492035181971475,-1.3217205708629118,23.204092008852747,-5.106885064265825,5.517286149572245,+00,3.204092008852747,-0.0,0.0,3.204092008852747,-1.3217205708629118,23.204092008852747,-5.106885064265825,5.517286149572245,"Drug design, often referred to as rational drug design or simply rational design, is the inventive process of finding new medications based on the knowledge of a biological target. The drug is most commonly an organic small molecule that activates or inhibits the function of a biomolecule such as a protein, which in turn results in a therapeutic benefit to the patient. In the most basic sense, drug design involves the design of molecules that are complementary in shape and charge to the biomolecular target with which they interact and therefore will bind to it. Drug design frequently but not necessarily relies on computer modeling techniques. This type of modeling is sometimes referred to as computer-aided drug design. Finally, drug design that relies on the knowledge of the three-dimensional structure of the biomolecular target is known as structure-based drug design. In addition to small molecules, biopharmaceuticals including peptides and especially therapeutic antibodies are an increasingly important class of drugs and computational methods for improving the affinity, selectivity, and stability of these protein-based therapeutics have also been developed.
The phrase ""drug design"" is to some extent a misnomer. A more accurate term is ligand design (i.e., design of a molecule that will bind tightly to its target). Although design techniques for prediction of binding affinity are reasonably successful, there are many other properties, such as bioavailability, metabolic half-life, side effects, etc., that first must be optimized before a ligand can become a safe and efficacious drug. These other characteristics are often difficult to predict with rational design techniques. Nevertheless, due to high attrition rates, especially during clinical phases of drug development, more attention is being focused early in the drug design process on selecting candidate drugs whose physicochemical properties are predicted to result in fewer complications during development and hence more likely to lead to an approved, marketed drug.  Furthermore, in vitro experiments complemented with computation methods are increasingly used in early drug discovery to select compounds with more favorable ADME (absorption, distribution, metabolism, and excretion) and toxicological profiles."
eli5,f46bd077-7f9b-4240-90d0-75d62805e062,21.702044537464456,3.0642891028615646,14.230905934210655,7.83869610715894,-0.9012148048385704,3.1102445889586186,-0.6060348928910102,-0.9996664772346282,-7.5936870596122406,23.170338206821775,-12.78841661805047,-2.6641920038959612,+00,3.170338206821775,-0.0,-0.0,3.170338206821775,-7.59368705961224,23.170338206821775,-12.78841661805047,-2.6641920038959612,"When you ingest vitamins and minerals, whether they're in food or pill form, they are absorbed through your stomach or intestines. Most vitamins and minerals then flow into your blood stream. Some can exist freely as they already are, and some must attach to certain types of cholesterol in order to be able to be carried around. Depending on how much of a particular vitamin or mineral you have, your liver may decide to store it, allow it to continue circulating, or get rid of it if you have too much. For example, when your liver finds you've eaten some Vitamin A, which is in many vegetables and milk, it would check to make sure you have enough Vitamin A in your blood. If you do, it will store it within the liver or get rid of it. Your liver can store several years' worth of vitamin A, so deficiencies are extremely rare. With that vitamin A floating around, a cell that needs it will automatically absorb any vitamin A that flows across it. Most of it ends up just floating around your blood until a cell needs it. That's sometimes a misconception about blood - it isn't just for the delivery of oxygen to cells. Blood is involved in basically every function in the human body at some point or another, and it carries pretty much any nutrient you ingest and every hormone you make. Moving vitamins and minerals around are a big part of that!,I just want to note that most vitamin supplements are not regulated by the FDA and are often not what they claim."
arxiv,d2cb75e3-ce94-463a-a08d-2febb0e60924,21.656279701022036,3.476270574791124,14.874322460468736,8.464329382154835,0.5820701768786396,2.8588307834450397,0.3451863912839514,0.7854884073531725,-0.21842165770550429,22.910599066905178,-1.0631663936344689,1.7366147859811547,+00,2.910599066905178,-0.0,0.0,2.910599066905178,-0.2184216577055042,22.910599066905174,-1.0631663936344689,1.7366147859811547,"We construct an analytic model for the rate of gas accretion onto a planetembedded in a protoplanetary disk as a function of planetary mass, diskviscosity, disk scale height, and unperturbed surface density in order to studythe long-term accretion and final masses of gas giant planets. We first derivean analytical formula for surface density profile near the planetary orbit fromconsiderations of the balance of force and the dynamical stability. Using it inthe empirical formula linking surface density with gas accretion rate that isderived based on hydrodynamic simulations of Tanigawa and Watanabe (2002, ApJ586, 506), we then simulate the mass evolution of gas giant planets inviscously-evolving disks. We finally determine the final mass as a function ofsemi-major axis of the planet. We find that the disk can be divided into threeregions characterized by different processes by which the final mass isdetermined. In the inner region, the planet grows quickly and forms a deep gapto suppress the growth by itself before disk dissipation. The final mass of theplanet in this region is found to increase with the semi-major axis in asimilar way to the mass given by the viscous condition for gap opening, but theformer is larger by a factor of approximately 10 than the latter. In theintermediate region, viscous diffusion of the disk gas limits the gas accretionbefore the planet form a deep gap. The final mass can be up to the disk mass,when disk viscous evolution occurs faster than disk evaporation. In the outerregion, planets capture only tiny amounts of gas within the lifetime of thedisk to form Neptune-like planets. We derive analytic formulae for the finalmasses in the different regions and the locations of the boundaries, which arehelpful to gain a systematic understanding of the masses of gas giant planets."
arxiv,a5fcf94d-71b7-4c19-ad20-d3887fb35300,21.63729910556704,3.1402699081626,14.550970411940028,7.845011366830345,-0.0372478384458503,2.839850187990045,0.0091857246554272,0.4621363588244644,-7.5192397467533185,22.802874361174197,-10.625955402902424,-0.47503168657934225,+00,2.8028743611741973,-0.0,-0.0,2.8028743611741973,-7.5192397467533185,22.802874361174197,-10.625955402902424,-0.4750316865793422,"The reionization of the Universe has profound effects on the way galaxies
form and on their observed properties at later times. Of particular importance
is the relative timing of the reionization history of a region and its halo
assembly history, which can affect the nature of the first stars formed in that
region, the properties and radial distribution of its stellar halo, globular
cluster population and its satellite galaxies. We distinguish two basic cases
for the reionization of a halo - internal reionization, whereby the stars
forming in situ reionize their host galaxy, and external reionization, whereby
the progenitor of a galaxy is reionized by external radiation before its own
stars are able to form in sufficient numbers. We use a set of large-scale
radiative transfer and structure formation simulations, based on cosmologies
derived from both WMAP 1-year and WMAP 3-year data, to evaluate the mean
reionization redshifts and the probability of internal/external reionization
for Local Group-like systems, galaxies in the field and central cD galaxies in
clusters. We find that these probabilities are strongly dependent on the
underlying cosmology and the efficiency of photon production, but also on the
halo mass. There is a rapid transition between predominantly external and
predominantly internal reionization at a mass scale of 1.0e12 Msun
(corresponding roughly to L*galaxies), with haloes less massive than this being
reionized preferentially from distant sources. We provide a fit for the
reionization redshift as a function of halo mass, which could be helpful to
parameterize reionization in semi-analytical models of galaxy formation on
cosmological scales. We find no statistical correlation between the
reionization history of field galaxies and their environment."
imdb,05deb601-b6a5-4d1a-ac98-7306e474e8e2,21.541165061440733,3.6482219747615425,17.17614158666023,9.448143791553766,-0.0944687793587437,2.7594443143571183,-0.2199327478961468,0.3878572890308582,11.379254913421336,22.25726389079729,3.830677937880811,17.480477161610192,+00,2.25726389079729,0.0,0.0,2.25726389079729,11.379254913421336,22.25726389079729,3.830677937880811,17.480477161610192,"Hollywood has made a lot of strange movies over the years, but none stranger than this. WHY this movie got made I will never know, nor how Paramount could have thought it would sell any tickets in 1947. It is the strangest mix of genres I have seen in a long time, a movie that truly does not know whether it is trying to be a serious war drama or a Viennese operetta comedy.It tells the story of a British spy trying to get a poison gas formula out of Germany in the days just before WW II began. Ray Milland, a fine actor, is stuck playing the part like an escapee from Monty Python, all very exaggerated English prep-school dialogue. In Germany he meets a gypsy, Marlene Dietrich, who helps him to travel under cover as, of course, another gypsy. She plays her part like the typical Viennese operetta gypsy caricature, as do the other ""gypsies"" in the movie. But there are also Nazis, who are not funny at all. And then Milland finds he is starting to think like a gypsy, and that is not treated as a joke. Sometimes the music is for a light comedy, sometimes for a drama. Every time the Nazis show up, the film score plays Wagner, which is funny by itself.This movie could have been a comedy, or it could have taken the plight of the gypsies seriously and done a serious job of showing how the Nazis treated them. Both are hinted at in this movie, but neither pursued. What we are left with is a truly strange mish-mash of genres that must have embarrassed everyone (except the director) involved.Bizarre."
wikihow,6d450044-8496-46a2-afe5-e1327303ce14,21.528688546423933,3.5562253565905,15.852290073518985,8.362632507026813,0.0700974620088885,3.571941255766472,0.1539480957568737,1.3538915468922212,-1.4172732447133276,22.18645320880791,1.212396676824584,8.425666646090095,+00,2.1864532088079116,0.0,0.0,2.1864532088079116,-1.4172732447133276,22.18645320880791,1.212396676824584,8.425666646090095,"As you can imagine, it can be nerve-wracking for a guy to ask for your number or to ask you out, especially in middle school when girls are maturing faster than boys. If you want a guy to approach you, it’s important that you make him feel like he can., Not only does smiling make you approachable, it also shows that you’re a happy and fun person, both of which are traits guys love to see in a girl., Confidence is so important because it means that YOU know your value; and a guy can never take that from you. So value who you are, and be don’t be afraid to be yourself., Direct eye contact is a great way to get a guy’s attention, because they can’t misread it. You want to connect with him, and you’re not afraid to show it.
, Talking to a guy in person and getting to know him a little bit before asking for his number can make things a lot easier. You’ll already be comfortable with him and you can get a sense for how he feels about you.
Compliment him. Whether it’s something he’s wearing or his eyes, a compliment tells him you’re taking notice in him.Let him do most of the talking. Ask him questions about himself. Pay attention and be genuinely interested.
If he turns the conversation to you, try to avoid going into detail and then change the subject. You can also tell him you have to go (even if you don’t). This makes you seem mysterious and leaves him wanting more (like learning those details you refused to share). It also eliminates the chances of the conversation ending awkwardly."
cmv,cc35aee7-e54c-429f-9c6b-5751ab7461df,21.521452518636863,3.7577649797092953,16.400858589171346,9.58530444935216,0.479542643590241,1.5072377125891698,0.1341996024836946,0.0394720392036944,12.996170596126827,22.145385004921923,6.948340335005436,12.17773696115593,+00,2.1453850049219234,0.0,0.0,2.1453850049219234,12.996170596126827,22.145385004921923,6.948340335005436,12.17773696115593,"Main issue people have is that Student Loans can often lead to 40k debt while the person might not have even graduated, or picked a major which makes it hard to support payments. But as they are structured, they cannot be discharged in bankruptcy. And i believe this is fair, this same students would not have access to 40k with their job historycredit and ability to repay. Instead of arguing why or why they shouldnt be discharged, i think we need to reform our system. Lets make it a system in which the debts are dischargable, but the system is a lot stricter. I think having things like major decide the amount of money lent should be a factor, as well as limiting the amount you can borrow based on your majorgoals. People who pick a major with low paying careers would have a limit to how much they can borrow, since a bank needs to run some risk assesment. system would not be perfect, but would help alleviate the current stress we are in. Hello, users of CMV! This is a footnote from your moderators. We'd just like to remind you of a couple of things. Firstly, please remember to [read through our rules] . If you see a comment that has broken one, it is more effective to report it than downvote it. Speaking of which, [downvotes don't change views] ! If you are thinking about submitting a CMV yourself, please have a look through our [popular topics wiki] first. Any questions or concerns? Feel free to [message us] . Happy CMVing!"
cmv,7178dcaa-0cc8-4026-9460-de453a0afc28,21.40923118590829,4.053083478437235,15.74397224718525,9.349526908321764,0.2437651025598448,1.3950163798605928,0.429518101211634,-0.617414302782402,10.216711749537287,21.508470843109336,15.35328941503595,7.684800028369697,+00,1.508470843109336,0.0,0.0,1.508470843109336,10.216711749537287,21.508470843109336,15.35328941503595,7.684800028369697,"I've been in a number of relationships before, all of which were monogamous with maybe a few slip-ups on either side. I am easily made jealous, and the idea of any of my girlfriends with another man makes me uncomfortable. It makes me depressed and angry and as a result I end up doing irrational things. I have seen this quality in the majority of my friends, male or female, and I don't see any way that I could comfortably maintain and open relationship. One of my more recent relationships lasted for two years and was very serious. However, my girlfriend was constantly insisting upon an open relationship and she would always tell me about her attraction to other friends of ours (male and female). We tried a few times, and every time without fail I became severely depressed. Our relationship eventually could only be maintained so long as I could believe that she wouldn't cheat on me. And I couldn't believe that. I am eighteen years old, I live in the United States. I was raised Christian, but eventually split off from my family's beliefs. I no longer follow any religion or religious moral code. My mother (who I live with primarily) has been divorced three times and lives a very promiscuous lifestyle. It has occurred to me that if I were more open in this regard, I might be happier in my relationships. And with that in mind... CMV Edit: I understand my title is somewhat misleading. I am not trying to discourage others from engaging in open relationships. Rather, I want to make myself more comfortable with open relationships."
arxiv,fc55dc02-0d02-4d93-92c4-e96aeb0ba41c,21.347709802350483,3.2689169463896066,13.810004962113856,8.08146940881497,0.1992102035387741,2.5502608847734862,0.137832762882434,-0.2788290910017075,-4.731758828218009,21.15930514092467,-6.964580276548269,-5.54304851484373,+00,1.159305140924669,-0.0,-0.0,1.159305140924669,-4.731758828218009,21.15930514092467,-6.964580276548269,-5.54304851484373,"In Zombies and Survivors, a set of zombies attempts to eat a lone survivor
loose on a given graph. The zombies randomly choose their initial location, and
during the course of the game, move directly toward the survivor. At each
round, they move to the neighbouring vertex that minimizes the distance to the
survivor; if there is more than one such vertex, then they choose one uniformly
at random. The survivor attempts to escape from the zombies by moving to a
neighbouring vertex or staying on his current vertex. The zombies win if
eventually one of them eats the survivor by landing on their vertex; otherwise,
the survivor wins. The zombie number of a graph is the minimum number of
zombies needed to play such that the probability that they win is at least 1/2.
  This variant of the game was recently investigated for several graph
families, such as cycles, hypercubes, incidence graphs of projective planes,
and grids $P_n \square P_n$. However, unfortunately, still very little is known
for toroidal grids $C_n \square C_n$: the zombie number of $C_n \square C_n$ is
at least $\sqrt n/(\omega\log n)$, where $\omega = \omega(n)$ is any function
going to infinity as $n \to \infty$, and no upper bound is known except a
trivial bound of $O(n^2 \log n)$. In this note, we provide an approach that
gives an embarrassing bound of $O(n^2)$ but it is possible that (with more
careful, deterministic, argument) it might actually give a bound of
$O(n^{3/2})$. On the other hand, by analyzing a specific strategy for the
survivor, it seems that one could slightly improve the lower bound to $\sqrt
n/\omega$. In any case, we are far away from understanding this intriguing
question. Your help is needed!"
arxiv,27e4b32f-b101-404b-a729-81d409e7809b,21.33027291544328,3.268403158994544,15.217341870654185,8.316876427489728,0.4346172222135323,2.5328239978662808,0.1373189754873713,1.1285078175386207,-1.9566678770384256,21.060341780402275,-6.979202986984847,4.082781052774034,+00,1.0603417804022754,-0.0,0.0,1.0603417804022754,-1.9566678770384256,21.060341780402275,-6.979202986984847,4.082781052774034,"The dynamics of shower development for a jet traveling through the QGP
involves a variety of scales, one of them being the heavy quark mass. Even
though the mass of the heavy quarks plays a subdominant role during the high
virtuality portion of the jet evolution, it does affect longitudinal drag and
diffusion, stimulating additional radiation from heavy quarks. These emissions
partially compensate the reduction in radiation from the dead cone effect. In
the lower virtuality part of the shower, when the mass is comparable to the
transverse momenta of the partons, scattering and radiation processes off heavy
quarks differ from those off light quarks. All these factors result in a
different nuclear modification factor for heavy versus light flavors and thus
for heavy-flavor tagged jets.
 In this study, the heavy quark shower evolution and the fluid dynamical
medium are modeled on an event by event basis using the JETSCAPE Framework. We
present a multi-stage calculation that explores the differences between various
heavy quark energy-loss mechanisms within a realistically expanding quark-gluon
plasma (QGP). Inside the QGP, the highly virtual and energetic portion of the
shower is modeled using the MATTER generator, while the LBT generator models
the showers induced by energetic and close-to-on-shell heavy quarks.
Energy-momentum exchange with the medium, essential for the study of jet
modification, proceeds using a weak coupling recoil approach. The JETSCAPE
framework allows for transitions, on the level of individual partons, from one
energy-loss prescription to the other depending on the parton's energy and
virtuality and the local density. This allows us to explore the effect and
interplay between the different regimes of energy loss on the propagation and
radiation from hard heavy quarks in a dense medium."
wiki_csai,d613a85b-f715-4eb5-95ac-ccb5465cc545,21.296467136882267,3.119512017618511,16.921658511956178,8.488083519229905,0.5631149117324536,2.6675880358511073,-0.1084957405585624,3.043789460027286,0.06160351410630801,20.868476485336785,-11.216737943730134,15.739877103387286,+00,0.8684764853367852,-0.0,0.0,0.8684764853367852,0.061603514106308,20.868476485336785,-11.216737943730134,15.739877103387286,"Data dredging (also known as data snooping or p-hacking)[a] is the misuse of data analysis to find patterns in data that can be presented as statistically significant, thus dramatically increasing and understating the risk of false positives. This is done by performing many statistical tests on the data and only reporting those that come back with significant results.
The process of data dredging involves testing multiple hypotheses using a single data set by exhaustively searching—perhaps for combinations of variables that might show a correlation, and perhaps for groups of cases or observations that show differences in their mean or in their breakdown by some other variable.
Conventional tests of statistical significance are based on the probability that a particular result would arise if chance alone were at work, and necessarily accept some risk of mistaken conclusions of a certain type (mistaken rejections of the null hypothesis).  This level of risk is called the significance. When large numbers of tests are performed, some produce false results of this type; hence 5% of randomly chosen hypotheses might be (erroneously) reported to be statistically significant at the 5% significance level, 1% might be (erroneously) reported to be statistically significant at the 1% significance level, and so on, by chance alone. When enough hypotheses are tested, it is virtually certain that some will be reported to be statistically significant (even though this is misleading), since almost every data set with any degree of randomness is likely to contain (for example) some spurious correlations. If they are not cautious, researchers using data mining techniques can be easily misled by these results.
Data dredging is an example of disregarding the multiple comparisons problem. One form is when subgroups are compared without alerting the reader to the total number of subgroup comparisons examined."
peerread,ab8e7c37-fe1e-4b22-8440-e3a25a67f527,21.25166330831451,3.1669188941545836,16.296118369084198,8.530020373694121,-0.2805664618500412,1.5688091254415468,-0.2115688037273959,0.1358652611097426,0.5559752877252274,20.614191562636318,-9.86750860305122,11.461340268000653,+00,0.6141915626363179,-0.0,0.0,0.6141915626363179,0.5559752877252274,20.61419156263632,-9.86750860305122,11.461340268000653,"After the discussion below, I looked at previous work by the authors (MUS-ROVER) on which this paper was based. On one hand, this was very helpful for me to better understand the current paper. On the other hand, this was very needed for me to better understand the current paper.

Overall, while I think that I like this work, and while I am familiar with the JSB chorales, with probabilistic approaches, with n-grams, etc, I did find the paper quite hard to follow at various parts. The extensive use of notation did not help the clarity.

I think the ideas and approaches are good, and certainly worth publishing and worth pursuing. I am not sure that, in the paper's current form, ICLR is an appropriate venue. (Incidentally, the issue is not the application as I think that music applications can be very appropriate, nor is the problem necessarily with the approach... see my next suggestion..). I get the sense that a long-form journal publication would actually give the authors the space necessary to fully explain these ideas, provide clearer running examples where needed, provide the necessary background for the appropriate readership, provide the necessary background on the previous system, perhaps demonstrating results on a second dataset to show generality of the approach, etc. A short conference paper just seems to me to be too dense a format for giving this project the description it merits. If it were possible to focus on just one aspect of this system, then that might work, but I do not have good suggestions for exactly how to do that. 

If the paper were revised substantially (though I cannot suggest details for how to do this within the appropriate page count), I would consider raising my score. I do think that the effort would be better invested in turning this into a long (and clearer) journal submission.

[Addendum: based on discussions here & revisions, I have revised my score]"
arxiv,870d0462-07c0-45a8-a29e-edbc2871e663,21.23783656105051,3.982904293076691,16.141061088751524,9.104481755435062,1.2222225501588664,2.4403876434735174,0.8518201095695184,2.05222703563596,7.328001845157448,20.535717613609673,13.355945930038784,10.400787571170788,+00,0.5357176136096733,0.0,0.0,0.5357176136096733,7.328001845157448,20.535717613609673,13.355945930038784,10.400787571170788,"The objective of this analysis was to simulate the performance of three
different ad-hoc protocols for disruption-tolerant networking (DTN) - i.e. the
transfer of information through a network of nodes in contexts prone to signal
interruption/signal degradation - and to perform a trade-off analysis that will
yield a recommendation of the best course of action (COA) for a user of a
space-based network to employ. This is important for space-based networks in
particular since transmitting information over long distances - e.g. from
directly from the initial node to the destination node - will result in the
terminal signal being relatively weak, which is problematic in a high noise
(disruption-prone) environment since it will likely result in packet
degradation or loss unless signal power is increased to compensate. Given that
changing signal power for each transmission is impractical when one's network
is located in space, optimization of the signal route is the best means of
ensuring the transmitted signal reaches its destination rapidly and with
maximum fidelity. The recommended COA, as determined at the end of the
analysis, is one that optimizes performance in a fashion that minimizes error
during transmission and transmission time to the greatest extent possible. This
analysis takes into consideration the relative value of transmission time and
transmission error for a user of space-based communication systems (for
instance, a scientific mission - the most likely type of user for a space-based
relay network - would prioritize data integrity much higher than transmission
time since even though a longer transmission time equals greater cost, a lower
level of data integrity could result in the mission's scientific objective
being compromised) and provides a recommendation accordingly."
wiki_csai,9a082163-a552-4fda-a85b-451ee8d57b56,21.15954543752231,3.78983186466801,15.332186433560242,8.472557850200152,0.5475892427027009,2.5306663364911515,0.5618241064909366,1.4543173816313502,-0.12142052603500557,20.091374955160454,7.860983926226885,4.868288902808217,+00,0.09137495516045391,0.0,0.0,0.09137495516045391,-0.1214205260350055,20.091374955160457,7.860983926226885,4.868288902808217,"Imaging radar is an application of radar which is used to create two-dimensional images, typically of landscapes. Imaging radar provides its light to illuminate an area on the ground and take a picture at radio wavelengths. It uses an antenna and digital computer storage to record its images. In a radar image, one can see only the energy that was reflected back towards the radar antenna. The radar moves along a flight path and the area illuminated by the radar, or footprint, is moved along the surface in a swath, building the image as it does so.
Digital radar images are composed of many dots.  Each pixel in the radar image represents the radar backscatter for that area on the ground: brighter areas represent high backscatter, darker areas represents low backscatter.
The traditional application of radar is to display the position and motion of typically highly reflective objects (such as aircraft or ships) by sending out a radiowave signal, and then detecting the direction and delay of the reflected signal. Imaging radar on the other hand attempts to form an image of one object (e.g. a landscape) by furthermore registering the intensity of the reflected signal to determine the amount of scattering (cf. Light scattering). The registered electromagnetic scattering is then mapped onto a two-dimensional plane, with points with a higher reflectivity getting assigned usually a brighter color, thus creating an image.
Several techniques have evolved to do this. Generally they take advantage of the Doppler effect caused by the rotation or other motion of the object and by the changing view of the object brought about by the relative motion between the object and the back-scatter that is perceived by the radar of the object (typically, a plane) flying over the earth. Through recent improvements of the techniques, radar imaging is getting more accurate. Imaging radar has been used to map the Earth, other planets, asteroids, other celestial objects and to categorize targets for military systems."
reddit_eli5,f6df49d3-b2e2-4a17-9d5c-8815093c4f37,18.70503479619066,5.040822685038067,16.909998654159942,10.54358787183714,2.777332336787355,3.4954999795802664,1.5591730051226742,4.293165783592512,24.29287563650471,6.160756330580659,43.46496467950292,15.66012661631619,0+0,0.0,23.46496467950292,0.0,23.46496467950292,24.29287563650471,6.160756330580659,43.46496467950292,15.66012661631619,"The ' brain ' and body in general is always trying to equalize a ' chemical normal ' which is defined in real - time by your static DNA & dynamic RNA signatures . All incoming stimuli ( physiological & neurological ) to the person is evaluated against long - term memory to match that ' normal ' - in order to generate a ' key ' which is compared to that person 's life experiences of similar events in similar context . Minor variations can also be attributed to your ' waking period ' memory , but as implied , these are only relevant to situations learned in the immediate ' awake ' period since last REM sleep . That key comparison will return a ' positive ' branch if the historical experience has a tendency toward restoring ' normal ' metabolic equilibrium . A ' negative ' if the experience history is deviating from your ' normal ' ... --- or an undefined state - which generates a new ' experience node ' at the junction of those unresolved situations - ready for a new outcome to be acquired and learned into experience . Only the two ( + /- ) outcomes are allowed in order to eliminate fence - sitting deadlock of a situation . This process is modified over time by frequency of ' hits ' and currency of ' most recent ' hit - to develop a scalar response in context with changing reality . * * Depression is seeded * * - when the keyed experience returns a negative - which in turn keys to another ' negative ' node and so on ... the ' depth ' of depression is directly related to the number of negative recursions that occur before a ' positive ' or ' new ' experience node is reached . Where you go after that - depends on the forward branching of subsequent situations , experiences and nodes . Think of it like a huge ' tree ' of life experience . You are born with no experience at ' ground level ' and grow outward toward the sky . New ' situations ' ( raindrops ) may fall onto an existing leaf , or branch -- or fall unhindered through to the ground . How the water drop hits & flows down is entirely dependent on where it lands - or indeed if the leaf / branch exists at all ! There 's another dimension to all this , but the above may help you see the light at the end f the tunnel . good luck !"
wikipedia,7f0b97dc-5053-418e-8e04-b1495479c35d,20.80301392052941,4.86242241550206,17.370788681468174,10.916754579037638,2.168296322783135,3.9882597129178023,1.2406329050381677,3.170392618904211,28.69194393218856,18.067874014795244,38.38758148890499,18.811814206125373,0+0,0.0,18.387581488904992,0.0,18.387581488904992,28.69194393218856,18.067874014795244,38.38758148890499,18.811814206125373,"William ""Plum"" Smith (sometimes erroneously spelt Smyth) (26 January 1954 – 8 June 2016) was a Northern Irish loyalist, former paramilitary, and politician. He had been involved in Ulster loyalism in various capacities for at least forty years. Smith was born in Mountjoy Street on Belfast's Shankill Road into a poor Ulster Protestant family, the son of shipyard worker Charles William Smith and his wife Isobel. He had three older sisters, Margaret, Elizabeth and Nan (the latter dying in infancy before he was born), a younger brother Gordon and a younger sister Jean. There was rumoured Native American ancestry in his family; therefore in his youth he acquired the lifelong nickname ""Plum"" after The Beano character Little Plum. He was raised in a working class home where his parents sent him to Sunday school and taught him to respect the law. Like many of his contemporaries from similar backgrounds on both sides of the divide, the outbreak of the socio-political\religious conflict that came to be known as the Troubles in 1969 saw him become involved in paramilitarism. Following the introduction of internment in 1971, Smith worked for a time as an orderly in Crumlin Road Gaol where he served six months for rioting against the British Army in the Highfield estate. Unbeknownst to the prison authorities, Smith was working as a mole for the imprisoned Ulster Volunteer Force (UVF) leader Gusty Spence, passing on information about the conditions in which the internees were being held. Around this time Smith was a member of the vigilante group and was part of a group within the SDA that later became the Red Hand Commando, including founder John McKeague, who decided to form a new, more active organisation. In 1972, Smith was a founder-member of this new group, which quickly became an elite squad augmenting the UVF. On 1 July Smith was one of two armed RHC men to meet Spence when he was released from prison to attend the wedding of his daughter to Winkie Rea. He took Spence to a meeting of the UVF leadership where a plan was hatched to keep Spence out of prison. A few days later when Spence was being returned to jail by his nephew Frankie Curry, their car was stopped on Belfast's Springmartin Road and Spence ""kidnapped"" by UVF/RHC operatives. Soon after this incident Smith was himself arrested for his part in the attempted murder of Catholic civilian Joseph Hall, a drive-by shooting that Smith would later admit was motivated by ""pure sectarianism and bigotry"". Smith was handed a ten-year prison sentence for the shooting. Tried along with Ronnie McCullough and Tom Reid, Smith pleaded not guilty although he subsequently admitted that he did so to satisfy the UVF's policy of members never pleading guilty and would state that ""we were caught red-handed"". Along with the likes of Billy Hutchinson, David Ervine and Billy Mitchell, Smith was one of those on the UVF wings of the Maze prison in the 1970s to be won over by Gusty Spence to his newer, more politicised, way of thinking. This cadre of Spence-trained political figures would go on to play a leading role in bringing about the UVF ceasefire in 1994 as members of the Progressive Unionist Party (PUP). He learnt Irish during his time in prison, and was happy to refer to the language as 'his own'. Smith was released on 28 July 1977 after serving five years of a ten-year sentence. Smith secured a job in the Harland & Wolff shipyard in 1978 and became involved in trade union activity, initially as a shop steward before ultimately ending up a member of the general executive of the Transport & General Workers Union. He was dismissed from the shipyard in 1988 following a period of restructuring that involved a sell-off of part of the business, although Smith contended that his trade union activity had hastened his removal by making him unpopular with the management. At this point the unemployed Smith became involved with a number of community schemes on the Shankill Road that were organised by Gusty Spence, initially in a voluntary capacity. The two became close and when Spence undertook a reorganisation of the PUP in 1990, Smith was given the role of chairman and Prisons Spokesman, along with Hugh Smyth as leader, David Ervine as Political Spokesman and Spence and Jim McDonald as members of the party executive. Through Spence, Smith established contacts with Joe Colgan, a Dublin-based Irish republican, and in March 1993 the two arranged an event in the city at which both a member of the UVF and the trade unionist Chris Hudson were in attendance. As a result of the meeting Hudson opened a regular channel of contact with the UVF through which he exhorted them to seek peace. The Combined Loyalist Military Command (CLMC) ceasefire was announced on 13 October 1994 at Fernhill House, Glencairn when Gusty Spence read out a joint statement of ceasefire flanked by Smith and Jim McDonald of the PUP and Ulster Democratic Party representatives Gary McMichael, Davy Adams and John White. Smith was the chairman of the press conference at which Spence read out the statement. For a time he had served as Chairman of the Progressive Unionist Party itself. Smith would go on to devote his attentions to community work with the Ex-Prisoners Interpretative Centre although he has remained a spokesman for the PUP. He was also an unsuccessful candidate for the PUP in the Belfast City Council elections in 2001 in the Court district electoral area. Speaking out in 2012 about Unionist concerns at the Maze prison becoming an IRA shrine with a proposed Conflict Transformation Centre, Smith stated that if Loyalists themselves got involved in the scheme they could tell their side of the story and no one particular group could use it as a shrine. In 2009 Smith was strongly critical of the report issued by the Consultative Group on the Past, as chaired by Robin Eames and Denis Bradley. He criticised the work of the Historical Enquiries Team, which investigated unsolved incidents from the Troubles, arguing that it was opening ""a can of worms"" and preventing ""closure"". He compared any attempts to reopen investigations and bring about criminal proceedings to the Nuremberg trials. In 2010 Smith attacked the work of Victims Commissioner Brendan McAllister, who was investigating the activities of the UVF unit based on the Mount Vernon estate, north Belfast, during the Troubles. Smith argued that such investigations contravened a guarantee he had been given by Mo Mowlam that offences committed before 1998 could not be prosecuted due to a general amnesty. Soon afterwards Smith claimed that a document released by the British and Irish governments proved that the deal was in place as he claimed. In support of his stance Smith even gave evidence at the trial of Gerry McGeough, arguing that the republican should not have been tried for the 1981 attempted murder of Sammy Brush because of the supposed deal being in place. Smith launched his book Inside Man, Loyalists of Long Kesh – The Untold Story () on 13 October 2014, the twentieth anniversary of the CLMC ceasefire. The book argues that thanks to politicisation and education a group of prominent loyalists prisoners came to support negotiation with their republican counterparts, leading to the eventual Northern Ireland peace process. The book mainly dealt with the experiences of loyalist prisoners within the Maze and was not intended as an autobiography. Smith died on 8 June 2016, aged 62 after a short illness. Former PUP leader Brian Ervine paid tribute to his negotiating skills by bringing the RHC & UVF to the peace process, his intelligence, left thinking politics and for his cross community work. Sinn Féin Deputy First Minister Martin McGuinness praised his contribution and commitment to the peace process. His funeral was held in St. Matthew's Church of Ireland on the Woodvale Road. Community worker and former loyalist prisoner Jim Wilson described Smith's contribution to loyalism as 'massive' during The Troubles but later became an 'architect of peace'. Wilson also commented that Sinn Féin representative's presence at the funeral proved Smith's sincerity at extending the hand of friendship across the sectarian divide."
wikipedia,a769a153-4b2d-4553-8c9e-00ef63a8e34a,18.63936358091001,4.740367243328971,16.007947602808642,10.68137597145865,1.9329177152041463,1.8246093732984043,1.118577732865079,1.8075515402446791,25.917187904645605,5.78803818494204,34.913814991079725,9.490324894421521,0+0,0.0,14.913814991079725,0.0,14.913814991079725,25.917187904645605,5.78803818494204,34.913814991079725,9.49032489442152,"KFSF-DT (channel 66) is a television station licensed to Vallejo, California, United States, broadcasting the Spanish-language UniMás network to the San Francisco Bay Area. It is owned and operated by TelevisaUnivision alongside San Francisco–licensed Univision outlet KDTV-DT (channel 14). Both stations share studios on Zanker Road near the North San Jose Innovation District in San Jose, while KFSF's transmitter is located atop Sutro Tower in San Francisco.

History
The station first signed on the air on November 25, 1986 as KPST-TV. Founded by Millbrae-based Pan Pacific Television Inc., it originally maintained a part-time independent station format, consisting of a three-hour block of Mandarin language programming during prime time each night and programming from the Home Shopping Network (HSN) filling the remaining 20 hours of its daily schedule.

However, from the start, other companies competed for the Channel 66 license, even after Pan Pacific Television was awarded it by the Federal Communications Commission (FCC). The most fervent competitor was Silver King Broadcasting, the broadcasting arm of HSN, which vied for the license for ten years after the station's sign-on. Shortly before KPST made its formal debut, Silver King announced that it would acquire the license. The deal was stalled for years until alleged improprieties by Pan Pacific cracked open the door for Silver King to try and take over the license. In 1989, the FCC opened an investigation into Pan Pacific Television over allegations that it intentionally declined to disclose its ownership by Chinese investors on its application, in violation of agency rules restricting foreign companies from maintaining an ownership interest in an American broadcast television or radio property higher than 25%.

With the likelihood that the company would have to undergo a hearing by the FCC Commissioner's Board regarding the issue, Pan Pacific also realized that the station was ripe for a possible takeover by other prospective licensees, citing a federal law that permitted minority-owned firms to be able to purchase local broadcast media properties that were under FCC investigation at a discount bid. The company chose to sell the KPST license to Channel 66 of Vallejo, a company founded by veteran media executive Barry Diller (who is Caucasian) and businessman Edward Whitehead (who is African American), the latter of whom held a 51% controlling interest in the company.

However, shortly after the transaction occurred, the District of Columbia Court of Appeals ruled that the FCC's rules giving preferential treatment to companies owned by minorities to allow them to acquire licenses under agency investigation were unconstitutional. As a result, the FCC rejected Whitehead's application. However, even though the U.S. Supreme Court decided to uphold the ruling by the D.C. Appeals Court when the case regarding the purchase discounts for minority firms was brought to a hearing in 1990, Whitehead and Diller chose to submit their application to the FCC once again. However, San Francisco–based West Coast United Broadcasting Co.; Arthur Liu of New York City–based Multicultural Radio Broadcasting Inc. and a consortium between Tennessee-based Pen Holdings Inc. and San Jose developer John S. Wong each filed petitions objecting to the sale. West Coast United Broadcasting subsequently filed a competing application to the FCC, in doing so filing a challenge to Diller and Whitehead's argument that they had full rights to purchase the station.

Silver King/USA Broadcasting ownership
The dispute over the license was eventually resolved in late 1995, when the Whitehead-Diller partnership reached an out-of-court settlement for an undisclosed sum, in which West Coast Broadcasting agreed to rescind its application and allow Whitehead and Diller to purchase the station. In addition, Diller's company, Silver King Communications, agreed to the reimburse the legal fees incurred by the three petitioners (with Wong and Pen receiving up to $268,000, West Coast Broadcasting receiving up to $17,000 and Liu receiving up to $28,960), in exchange for each of the parties dropping their legal challenges.

On February 15, 1996, the Whitehead-Diller partnership was given permission by the FCC to acquire KPST-TV for $9 million (below the station's appraisal value of $12 million). Silver King's involvement in the deal gave the company an additional television station property as Diller had earlier announced on November 27, 1995, that he would acquire the Home Shopping Network and Silver King Broadcasting, which owned HSN-affiliated stations in several other larger media markets. Two years later in 1997, Silver King purchased the USA Network and renamed its broadcast television subsidiary as USA Broadcasting, as part of a corporate rebranding borrowing from the identity of its new cable channel property.

In June 1998, USA Broadcasting launched a customized independent station format, ""CityVision"", which infused syndicated programming—including a few produced by sister production unit Studios USA that also aired nationally on USA Network—with a limited amount of local entertainment and magazine programs (reminiscent of the format used by CITY-TV in Toronto and more prominently, that station's sister broadcast television properties that became charter stations of Citytv, when CHUM Limited expanded the format to other Canadian markets as a television system in 2002). At the time the concept formally launched on Miami sister station WAMI-TV in September of that year (later expanding to sister stations WHOT-TV (now WUVG-DT) in Atlanta, KHSX-TV (now KSTR-DT) in Dallas–Fort Worth and WHUB-TV (now WUTF-DT) in Boston), USA Broadcasting had not announced plans for KPST to switch to adopt the format.

Sale to Univision
In the summer of 2000, USA Networks announced that it would sell its television station group, in order to focus on its cable network and television production properties. Among the prospective buyers for the USA Broadcasting unit was The Walt Disney Company—which had acquired ABC in 1996—which was the original frontrunner to purchase the thirteen-station group (had Disney been successful in acquiring the station, such a deal would have made KPST a sister station to  KGO-TV (channel 7), one of ABC's five original owned-and-operated stations). However, Spanish-language broadcaster Univision Communications beat out Disney and the competing bidders in a close race, securing a deal to purchase the USA Broadcasting stations for $1.1 billion on December 7, 2000. But because of the station's joint ownership structure, Whitehead and USA Networks had to sell their respective stakes in KPST to Univision; USA sold its 49% minority interest in the station for $37 million, while Whitehead sold his 51% share for $42 million. The sale to Univision faced opposition from a coalition of Bay Area residents of Chinese origin and San Francisco city supervisor Leland Yee, who each filed a complaint to the FCC over the sale. The FCC chose to approve the Univision acquisition, effectively allowing KPST to form a duopoly with Univision owned-and-operated station KDTV (channel 14).

The week prior to the sale's completion, on May 15, 2001, Univision Communications announced during its upfront presentation that it would launch a secondary television network—later announced to be named TeleFutura (the forerunner of UniMás) on July 31—that would compete with Univision, Telemundo and the then-recently launched Azteca América. Univision would utilize the former USA Broadcasting stations to serve as charter outlets of the network, which would cater to bilingual Latinos and young adult males between the ages 18 and 34 that seldom watch Spanish language television other than sporting events. Univision, however, continued to maintain English-language programming formats on the nine HSN affiliates and four independent stations it acquired from USA Networks for fourteen months following the completion of the purchase, with KPST continuing to air HSN and Mandarin language programming.

Channel 66 officially converted into a Spanish-language station on January 14, 2002, when it became an owned-and-operated station of TeleFutura, which initially launched on that date on 18 Univision-owned stations (including eleven of its large-market sister stations under USA Broadcasting ownership); the station accordingly changed its call letters to KFSF (for ""Telefutura San Francisco"") on that date.

On December 3, 2012, Univision Communications announced that it would relaunch TeleFutura as UniMás—which loosely translates to ""Univision Plus"", to underline its ties to its parent network Univision—refocusing its programming to appeal towards Latino males between the ages of 12 and 35 years old. The rebranding took place on January 7, 2013.

Technical information

Subchannels
The station's digital signal is multiplexed:

Analog-to-digital conversion
KFSF shut down its analog signal, over UHF channel 66, on June 12, 2009, as part of the federally mandated transition from analog to digital television. The station's digital signal remained on its pre-transition UHF channel 34, using PSIP to display KFSF's virtual channel as 66 on digital television receivers, which was among the high band UHF channels (52-69) that were removed from broadcasting use as a result of the transition.

References

External links
UniMás web page section of univision.com

Television channels and stations established in 1986
1986 establishments in California
UniMás network affiliates
Univision network affiliates
Bounce TV affiliates
Grit (TV network) affiliates
True Crime Network affiliates
Twist (TV network) affiliates
FSF-DT
FSF-DT"
eli5,83b58759-2f26-4be6-b3e7-b077dcf4bae0,17.866516468065246,4.680327562297435,15.449347076087133,9.93653196057888,1.1966210485813704,-0.7252834804405914,1.0100035665448606,0.2187746646418471,17.1366091170243,1.4017307056202248,33.205048137580924,5.669638153405321,0+0,0.0,13.205048137580924,0.0,13.205048137580924,17.1366091170243,1.4017307056202248,33.205048137580924,5.669638153405321,"It could be used as evidence against you, but it comes down to how big a deal the crime was. If somebody broke into a secure area and destroyed a bunch of shit, or filmed some top-secret stuff going on and uploaded it to YouTube, it would probably be used as evidence. If it's just a guy exploring a job site or something that's off-limits to the public and has a camera with him, chances are the cops don't have time to go through the trouble of putting together a case to go after a guy they didn't physically catch at the location. They might see it and increase security at the location, though.,"" ""Technically yeah, you're providing evidence of you committing a crime. However, it's not worth the resources if all you did was look around, if you had intent to steal, or commit some kind of more serious crime, then chances are your local police force would be alerted to it and investigate. But generally, the police don't have the time or resources to bother with it unless the land owner decides to press charges or something, but building a case up and going to court is expensive, and no company is going to do it over someone who just got curious, it's not worth the time or money. As long as you don't steal anything, damage anything or record anything that could be classed as espionage (i.e. recording business secrets like the coca cola recipe or top secret government sites etc) you should be fine, it's always good to scope out the security and what company they're with (if you're urban exploring) as most security guards in abandoned places know you're curious and will just ask you politely to leave and not come back,"" ""For the most part you can usually get away with it, just try not to mention that you're trespassing. Exploring with Josh and a few other channels have uploaded videos of exploring places their not supposed to be without incident so I think you'll h good but it's kinda a crap shoot. Someone could come across your video and decide to report you or whatever if they really wanted too."
wikipedia,35c76a7f-1031-483e-a5e9-2f725c47244b,18.252944028405732,4.676916841843104,16.17442771048551,10.7231115389769,1.9746532827223968,1.4381898207941255,1.0551273313792118,1.9740316479215476,26.409186811110917,3.5949071695892556,33.107976901378805,10.629006849802263,0+0,0.0,13.107976901378805,0.0,13.107976901378805,26.409186811110917,3.5949071695892556,33.107976901378805,10.629006849802265,"Landsberg-Lech Air Base (German: Fliegerhorst Landsberg/Lech, ICAO: ETSA) is a former German Air Force base located near the town of Landsberg am Lech in Bavaria.

Landsberg was used as a transport base. It was home of Air Transport Wing 61. Aircraft at the base were C-160 Transall transport aircraft and UH-1D Huey helicopters.

History

World War II
With the formation of the Luftwaffe in 1935, locations for air bases were selected throughout the entire country. The Penzing area was selected for one of these  bases because of the suitable geographical, navigational and other technical aspects.  Land was procured in 1935 and by spring of 1936 the construction of Landsberg Air Base was well underway.  A small detachment of airmen arrived on 10 February 1937 and a full complement had arrived by 1 March.  The Luftwaffe unit was designated Combat Wing 255.

The first assigned aircraft were Dornier Do 17E and 17M bombers.  On 1 August 1939 the Do 17s were replaced by the Heinkel 111, and the unit was designated as Kampfgeschwader 51. During World War II, this unit saw combat on all war fronts. Landsberg, meanwhile, was utilized primarily for pre-flying and general training.

Late in the war, two attacks by USAAF B-17 Flying Fortress bombers knocked out three of the base's hangars, all the runways, and damaged many of the grounded aircraft.  Toward the waning days of the war, most of Germany's best radar technicians were sent to Landsberg Air Base.

In 1945, a U.S. Armored Division swept into the area. On 28 April the base was occupied.

1995 the publication ""Das SS-Arbeitslager Landsberg 1944/45: Französische Widerstandskämpfer im deutschen KZ"" of the Citizens´ Association “Landsberg in the 20th century” around the critical local historian Anton Posset made it known for the first time that in addition to the 11 concentration camps around Landsberg/Kaufering known to that date, there was another concentration camp in Landsberg, which was located on the Landsberg air base. It was mainly French forced labourers who were accommodated there. The camp was not subject to the Dachau concentration camp command. Among the forced laborers was Georges Charpak who later won the Nobel Prize in Physics. On the occasion of the 50th anniversary of the liberation of this concentration camps, a German-French commemorative plaque, donated by the Citizens´ association, was inaugurated on May 1, 1995 by Anton Posset and Marcel Miquet, vice president of the organization ""Amicale des Anciens de Dachau"" at the gymnasium in the air base.

USAF use
Company ""C"" of the Army's 843rd Engineer Aviation Battalion arrived on 17 May to rehabilitate the base. A high priority was assigned to runway repair – to make the airfield operational. With the runway project completed, an Air Depot Group moved in and began repairing buildings for living quarters, mess facilities and so forth. The personnel moved from their tents into rebuilt quarters as they were completed. In January 1946 the 862nd Engineer Battalion arrived to complete the repair of bombed out facilities.

In 1947 the USAF 7280th Air Base Group was established at Landsberg as a detached unit of Erding Air Base.  In 1949, the base was designated as Landsberg Air Base and placed under the command of the 2d Air Division.  On 1 May 1950 the base support unit was designated the 7030th Headquarters Support Group.

During the Cold War, it was a United States Air Force base.

USAF Units stationed at Landsberg were:

 6900th Security Wing (United States Air Force Security Service) (1948–?)
 1949–1951: HQ, 2d Air Division
 1955–1958: 7351st Fighter Training Wing

German Air Force training

The 7351st Air Base Squadron was activated in January 1953, and assumed control of Landsberg as the host unit on 1 July.  On 1 April 1955 the 7351st Flying Training Group (MDAP) was activated to prepare Landsberg as a pilot training center.   The group was further expanded and was designated the 7351st Flying Training Wing (MDAP) on 1 October 1955. The wing consisted of three groups, with a total of seven squadrons.

Having joined NATO in 1955, West Germany could begin to establish the German Air Force (Luftwaffe). Work soon started on the construction of airfields and training grounds and possibilities for training German pilots were investigated.

Landsberg Air Base was selected as the site for the retraining of the German Air Force.  The first pilot training class of 19 German officers, all with previous flying experience, was received by 7351 PTG on 2 February 1956.  There were still many World War II veterans who could, however, only fly propeller aircraft. They had not seen operational service for ten years and had absolutely no experience with supersonic jet fighters. The modern jets were not complete strangers to the former German officers, however. For more than two years it had already been quite usual for former Luftwaffe pilots to make familiarization flights on USAF jet fighters.

The new Luftwaffe began building up basic pilot training using forty Piper L-18A Super Cub trainers. Advanced training and jet transition was looked after by the USAF at Fürstenfeldbruck Air Base where the Luftwaffe could use several new Lockheed T-33A T-Bird jet-trainers. The first ten German jet fighter pilots trained by USAFE instructors received their 'wings' on 24 September 1956. Future German F-86 pilots were also trained at Nellis AFB in Nevada.

Training continued until 1958 when the 7351st FTG was discontinued and Landsberg turned over to the German Air Force.  Within several years the new Luftwaffe would acquire hundreds of F-86 Sabres and F-84F Thunderstreaks via the U.S. Mutual Defense Aid Program (MDAP) so training had to be taken in hand very quickly.

After its formation in 1966, Helicopter Transport Wing 64 was stationed on the airbase until 1971.

See also
 German Air Force

References

External links

 History of Landsberg Air Base

Luftwaffe bases
Defunct airports in Germany
Installations of the United States Air Force in Germany
Bases of the German Air Force
Landsberg (district)
Airports in Bavaria"
xsum,e6227b37-6547-4e88-9da1-87d86da39b5b,18.94434591785548,4.654827213530601,16.33979668227071,9.643821451244396,0.6181653892318302,1.135107792177109,0.9164008287355688,0.760143468752986,13.68599710748358,7.518970840795348,32.47929227118087,11.760088915878056,0+0,0.0,12.479292271180867,0.0,12.479292271180867,13.68599710748358,7.518970840795348,32.47929227118087,11.760088915878056,"The UK Personal Genome Project could provide a massive free tool for scientists to further understanding of disease and human genetics. Participants will get an analysis of their DNA, but so will the rest of the world, and anonymity is not guaranteed. They are warned there could be unknown consequences for them and relatives. Unlocking the secrets of DNA could transform the understanding of disease. A deeper understanding of Alzheimer's disease is emerging by looking for differences in the DNA of people with and without the disease. Prof George Church, who runs the US version of the project, said analysing 100,000 genomes could lead to advances in common diseases such as diabetes. He said: ""We're finding more and more of these common diseases are a collection of rare diseases. ""Cancer used to be a disease, then it broke up into lots of different diseases by tissue, then lots of sub-categories based on the genes that are impacted, so now it's thousands of diseases."" Participants will have to pass tests to prove they fully understand the risks of making their genetic identities freely available for the world to use before taking part. There will be immediate risks and those that emerge as genetic technology advances including: Dr Peter Mills, who is investigating the ethical issues around biological and health data with the Nuffield Council on Bioethics, told the BBC: ""The difference with genetic data is you're not just committing yourself to something you might not fully envisage, but you're also implicating biological relatives. ""There is potentially huge public benefit, but there is the potential for it to rebound, but how that rebounds on the person, families and those yet to be born is very difficult to know."" Cian Murphy, a 24-year-old PhD student at University College London, wants to take part. He said: ""Very few people live their whole lives not affected by some genetic illness, your sample could be the difference between a cure being discovered or not."" As part of the study, participants will find out intimate details about their genome, such as the presence of any high-risk breast-cancer genes. They will be given a list of doctors they can go to if they need further medical advice. While people will not have their name published, studies have shown it is possible to work out someone's identity from genetic databases and other public records. Dr David King, from the group Human Genetics Alert, said: ""Human Genetics Alert would strongly advise people not to give their genetic information to a project which will share it with the world. ""Once your data is online, you will never be able to recall it. The project's informed-consent procedures are not valid, because they do not tell you all of the risks. That is not informed consent."" He warned the data could be used for any purpose including those people objected to ethically and said there was ""no reason"" for it to be public. Meanwhile, the government's Genomics England project is trying to sequence 100,000 NHS patient's DNA, which is private and carries a threat of legal action if patients are identified. Sir John Chisholm, executive chairman of Genomics England, said: ""We would want anyone consenting to their DNA being used for sequencing to have a clear understanding of what they are contributing to, and to do so on a voluntary basis which we understand will be the case with Personal Genome Project. ""Anyone who takes part in any initiative that involves giving a DNA sample for sequencing should be as clear at the time of giving their consent as they can be of how that sample will be used, and who will have access to it, and what future purposes it can be put to."
wikipedia,9600c031-1ba2-4882-9aa0-8cb6b07d966a,16.56249935620044,4.523916180742941,15.191441018076423,9.771085872764266,1.0226276165097623,-0.2522548514111662,0.9021266702790492,0.9910449555124607,15.186251205917412,-5.999241512393503,28.753482444387274,3.9056257525352924,0+0,-0.0,8.753482444387274,0.0,8.753482444387274,15.186251205917412,-5.999241512393503,28.753482444387274,3.905625752535293,"Operation Claw () was a joint Swedish–American operation, with Norwegian support, that was carried out at Lillehammer shortly after the German capitulation by the end of World War II. Thirty-five German intelligence specialists were transferred along with various equipment first to Sweden and then to U.S. camps in occupied Germany through an agreement between the Americans and the German High Command of the Wehrmacht in Norway. The intelligence material from Operation Claw, among it a Soviet codebook, became very useful for the Americans during the Cold War. Operation Claw was controversial both when it happened and afterwards. In 1945, it was controversial that the Americans operated in what was seen as a British controlled country, and that they secured information about its ally the Soviet Union, in cooperation with neutral Sweden. In later years, a hypothesis that the Norwegian resistance fighter Kai Holst's sudden death in June 1945 was related to his involvement in the Operation Claw has been put forward by among others the historian Tore Pryser. Even before the war in Europe ended the various allied states had begun the search for German scientists and other German expertise. Signals intelligence had been vital during World War II and especially the British work with breaking the German codes, from the Enigma had been of huge importance. The Yalta Conference in February 1945 had revealed conflicts of interest between the western allied nations on one side and the Soviet Union and the relation was severely strained. American intelligence organisations were very interested in German intelligence experts knowledge of the Soviet Union and immediately after the war in Europe ended they began to cooperate with the German Major General Reinhard Gehlen and his organisation Fremde Heere Ost (FHO) which had led German intelligence on the Eastern Front. It was part of an organized effort to obtain as much German intelligence information and personnel as possible; the operation had the name Target Intelligence Committee (TICOM). The war was however still fought in East-Asia, the US and the Soviet Union were still allies and the Americans were counting on Soviet assistance in the war against Japan. The allies had designated Norway as part of the British sphere of influence. Both for the US and the neutral Sweden the operation was thus very sensitive and was conducted in great secrecy. In the Wehrmacht camp at Lillehammer a group of 35 German experts on signals intelligence were gathered. They had been working on the Eastern Front against Soviet forces and had an archive and extensive knowledge about Soviet affairs. This was knowledge the Western Allies, and especially the Americans, wanted and that probably also were of use during the Cold War. In cooperation with the American intelligence organisation Office of Strategic Services (OSS) and with knowledge and support from the Norwegian legation in Stockholm agents for the Swedish intelligence organisation C-byrån traveled together with two Norwegian intelligence specialists to Lillehammer on May 9 and 10, 1945. The German group of experts were taken out of the camp and transported to Sweden. After a few weeks in Sweden they were on June 12 flown from Torslanda Airport close to Gothenburg to US occupied Germany and were interned in an American military camp at Wiesbaden. The transfer to Sweden of the German experts at Lillehammer, that OSS called Operation Claw, was directed from the highest level. From the U.S. side the leader of OSS, Major General William J. Donovan was involved, from the Swedish side the chief of the Defense Staff, Major General Carl August Ehrensvärd. The famous Swedish police director Harry Söderman was also involved from the Swedish side. More than a month after the German capitulation, a British led search supported by Norwegian personnel was executed in order to find people from Gestapo and other German key personnel that tried to hide among ordinary soldiers in German military camps. The search force that Kai Holst and other Norwegians were assisting were soon aware of that a number of German key personnel had been removed in the Swedish–American operation a month earlier. Kai Holst had been working at the military office number 4 (Mi4) at the Norwegian legation in Stockholm, and after the search he unexpectedly traveled right back to Stockholm. The next day he was found shot at the top of the staircase in an apartment building at Rindögatan 42 on Gärdet. The official cause of death was stated as suicide, but neither Holst's family nor many of his colleagues from the resistance movement have accepted this and are of the opinion that he was liquidated. The historian Tore Pryser has put forward the hypothesis that Holst brought with him information from Lillehammer that could damage Operation Claw and thus was killed. To be able to damage the operation Kai Holst can not have been trusted as others were. He must have been considered a threat due to his contact with Alexandra Kollontaj who was ambassador in Stockholm representing Soviet Union. A possible reason for a murder of Kai Holst was thus not his knowledge as such but his connections. Operation Claw was the beginning of the postwar era cooperation between Swedish and US intelligence services, in violation of Sweden's officially stated neutrality. From the American side the operation was viewed as a great success and the responsible within OSS, William T. Carlson and Joseph T. Kloman, were both honored with decorations where the operation specifically were mentioned. For the Swedish C-byrån Operation Claw quickly became toxic. Even though the operation was to be kept confidential, information leaked to the Swedish press and C-byrån were dissolved in February 1946. Information regarding Operation Claw continued to be classified as confidential in the post-war years and some of it still remains so today. A report about the operation in the British National Archives is restricted until 2020."
yelp,6ace4f93-7e79-4020-bf84-0269fd350902,15.888977850058742,4.500118284278897,16.84139953385241,10.615418922740307,1.7188940138066489,-0.9218957404700828,0.6847089691737973,1.755306126880571,25.139654549458484,-9.821824751398012,28.076179434742766,15.190925931987028,0+0,-0.0,8.076179434742766,0.0,8.076179434742766,25.139654549458484,-9.821824751398012,28.07617943474277,15.190925931987028,"Wow. Just.... wow. Located in an old 19th century farm house in semi-rural Conestoga, Rumbletum might be the nicest looking, coziest cafe gift shop I've ever set foot in anywhere on the planet. I went there for a boardgame event with 25 other geeks.... most of these geeks are used to playing games in less-than-beautiful surroundings, and really don't care about a venue's appearance. Still, many of them were simply blown away by Rumbletum. The owners, Quinn and Heidi, are friendly and personable, the sort that want to see you happy. This is a refreshing change from the jaded, stand-offish service I'm becoming accustomed to in many Toronto shops. It is mostly Heidi's shop Quinn contributes boardgame goodness at deeply discounted prices and her background as a graphic artist really shines through, from the meticulously scripted chalkboard menus to the quaint and quirky bathroom product display.... in an actual bathroom. It's difficult for me to really classify Rumbletum in terms of its gift offerings, but home decor and art really seem to be the focus, with all manner of eclectic giftware to be found in nooks and crannies throughout the house. This really is a shopping experience, where you can completely lose track of both time and purpose as you poke about and marvel at all the little goodies there are to find. As for the cafe side of things, damned if they don't make an assortment of ridiculously tasty grilled sandwiches (the veggie is divine! 7ish as I recall), some killer chocolate chip cookies (85cents!), and a rather nice cup of java (with lots of choices that range from about 2-4). I didn't sample their other baked goods, but they looked rather epic the cakes in particular were begging to make me fat again. Finally, they offer up loose leaf teas, a seasonal soup, milk shakes, smoothies, and ice cream to round out a focused, comforting menu that ties nicely to the space itself. It's kind of like eating in your slightly oddball aunt's old house if your aunt was a graphic artist wanting to sell you amusingly offensive silk-screened toilet paper. In any case, I'll sum up Rumbletum thusly: 1) Gorgeous. 2) Tasty sandwiches and a good cup of joe. 3) Easy to spend two hours poking about a really cool boutique. 4) Local flavour and cool people. 5) Boardgames for sale. Criminally cheap. 5 stars. I was blown away."
yelp,ce90b65e-1cc1-4c1a-88cf-6f3173421049,18.502079509145048,4.490210385146421,15.67146812384596,9.755334536208402,0.8588096272747432,1.6912059186162232,0.6748010700413212,0.5853747168741208,15.000566888639028,5.00888000376195,27.794194431916182,7.188890108024183,0+0,0.0,7.794194431916182,0.0,7.794194431916182,15.000566888639028,5.00888000376195,27.794194431916186,7.188890108024183,"We have moved around the country a bit recently, and have found ourselves utilizing Yelp reviews pretty frequently to find the good local places when we move to a new area. Auto repair is one of those categories that you pretty much end up choosing between a bunch of places with 1-3 star reviews, and hoping for the best. So imagine my delight when we needed some work done shortly after moving to Charlotte and seeing a garage with ONLY 5 star reviews. Almost too good to be true, but it ended up being true for us. We took out SUV to Neighborhood garage needing new brakes, and hoping to figure out what was causing a troublesome vibration coming from the engine. I met Andy when I dropped the car off after hours and was immediately impressed with the level of attention and genuine interest he gave to the description I gave him. He actually stopped the work he was doing and got a piece of paper and pen to take down notes about my situation. The problem ended up being a pretty tough nut to crack. Luckily I was able to leave my car with Andy long enough for him and his team (working late on my car several times) to figure it out. We were EXTREMELY relieved to learn that the problem was a tricky but inexpensive motor mount. Andy had it fixed the next day, and only charged for the part for that portion of the work. In other words, he and several of his employees worked for several hours on several different day trying to diagnose the issue, and didn't charge a dime for any of it. Andy is extremely friendly, very responsive, and engaged when dealing with you. I find myself keeping a list of little nuisance issues I have been putting off having fixed just to be able to give Andy our work. I really can't overstate how happy we are to have found such a great place to go to for the type of stuff we've always dreaded until now. Andy and Neighborhood Garage will have our business and anyone else who asks us for as long as we live in Charlotte."
wikipedia,c5804c76-6355-4475-8b90-4baf52f168f2,20.15487168968261,4.485064478758193,17.4871214857832,11.008703287032349,2.2602450307778454,3.3401174820710047,0.8632749682943004,3.286725423219236,29.775879445094045,14.389331302300604,27.647738719355125,19.607501252108484,0+0,0.0,7.647738719355125,0.0,7.647738719355125,29.775879445094045,14.389331302300604,27.647738719355125,19.607501252108484,"Port of Shadows ( , ""The dock of mists"") is a 1938 French film directed by Marcel Carné. An example of poetic realism, it stars Jean Gabin, Michel Simon and Michèle Morgan. The screenplay was written by Jacques Prévert based on a novel by Pierre Mac Orlan. The music score was by Maurice Jaubert. The film was the 1939 winner of France's top cinematic prize, the Prix Louis-Delluc.

According to Charles O'Brien, the film would be one of the first to be called ""film noir"" by critics (1939, France).

Plot
On a foggy night, Jean (Jean Gabin), an army deserter, catches a ride to the port city of Le Havre. Hoping to start over, Jean finds himself in a lonely bar at the far edge of town. However, while getting a good meal and civilian clothes, Jean meets Nelly (Michèle Morgan), a 17-year-old who has run away from her godfather, Zabel, with whom she lives. Jean and Nelly spend time together over the following days, but they are often interrupted by Zabel, who is also in love with her, and by Lucien, a gangster who is looking for Nelly's ex-boyfriend, Maurice, who has recently gone missing. Jean resents the intrusions of Lucien and twice humiliates him by slapping him. When Nelly finds out that her godfather killed Maurice out of jealousy, she uses the information to blackmail him and prevent him from telling the police that Jean is a deserter. Though the two are in love, Jean plans to leave on a ship for Venezuela. At the last minute Jean leaves the ship to say goodbye to Nelly; he saves her from the hands of Zabel, whom he kills, but when they go out on to the street he is shot in the back by Lucien and dies in her arms.

Cast
Jean Gabin as Jean 
Michel Simon as Zabel 
Michèle Morgan as  Nelly 
Pierre Brasseur as Lucien 
Édouard Delmont as Panama 
Raymond Aimos as Quart Vittel 
Robert Le Vigan as Le peintre 
René Génin as Le docteur 
Marcel Pérès as  Le chauffeur 
Léo Malet as Le soldat
Jenny Burnay as  L'amie de Lucien 
Roger Legris  as Le garçon d'hôtel  
Martial Rèbe as  Le client

Style
The film is in the style that Carné was most associated with, poetic realism. Lucy Sante writes that ""Port of Shadows possesses nearly all the qualities that were once synonymous with the idea of French cinema. Gabin—eating sausage with a knife or talking around a cigarette butt parked in the corner of his mouth or administering a backhanded slapping him on his cheek —is the quintessential French tough guy, as iconic a figure as Bogart playing Sam Spade. Michèle Morgan, ethereal and preoccupied, may pale a bit in comparison to some of her sisters in Parisian movies of the time (Arletty, for example), but she comes to life in bed, in a scene you can’t imagine occurring in an American movie before 1963 or so. The hazy lights, the wet cobblestones, the prehensile poplars lining the road out of town, the philosophical gravity of peripheral characters, the idea that nothing in life is more important than passion—such things defined a national cinema that might have been dwarfed by Hollywood in terms of reach and profit but stood every inch as tall as regards grace and beauty and power.""

Reception
Frank S. Nugent in The New York Times wrote that the film is ""one of the most engrossing and provocative films of the season""; according to him, ""it's a thorough-going study in blacks and grays, without a free laugh in it; but it is also a remarkably beautiful motion picture from the purely pictorial standpoint and a strangely haunting drama. As a steady diet, of course, it would give us the willies; for a change it's as tonic as a raw winter's day."" At the time of its release, the film was widely criticized for being too negative about the State and moral character of the French.

Over sixty years after its premiere, Lucy Sante, writing about the film for its DVD release by Criterion Collection, called the film a ""definitive example of the style known as 'poetic realism'. The ragged outlines, the lowdown settings, the romantic fatalism of the protagonists, the movement of the story first upward toward a single moment of happiness and then down to inexorable doom—the hallmarks of the style had germinated in some form or other through the decade, but in Marcel Carné's third feature they came together as archetypes.""

Danish director Carl Dreyer included Port of Shadows in his top ten film list.

A scene from the film is seen projected in the 2007 Academy Award-winning dramatization of Ian McEwan's wartime tragic drama Atonement.

Home media
Prior to July 2004, Criterion Collection gave the film a ""bare-bones"" release, with a booklet and limited on-screen special features; according to James Steffen of  Turner Classic Movies, the DVD's ""high-definition transfer does justice to Carné, Schufftan and Trauner's richly detailed vision"", though there are issues because of the ""highly variable"" quality of the 35mm film used: ""Within the same scene some shots can be startlingly clear, while others are very grainy and have much weaker contrast and detail. On the balance, it still looks extremely good for a film of this vintage.""  Steffen also noted the ""mono sound is clear and without too much distortion. The characters use lots of colorful slang whose flavor is difficult to translate into English, but the subtitles do an admirable job.""

References

External links 
 
 
 
 Le Quai des brumes/Port of Shadows at filmsdefrance.com
 Port of Shadows an essay by Lucy Sante at the Criterion Collection

1938 films
1938 crime drama films
1938 romantic drama films
French romantic drama films
French black-and-white films
Louis Delluc Prize winners
Films directed by Marcel Carné
Films with screenplays by Jacques Prévert
French crime drama films
Films about deserters
1930s French-language films
1930s French films"
yelp,ebc29d1c-b17e-4361-819d-7af39c822ac3,16.58434829737078,4.475957214611627,14.545714780928645,9.1042046906154,0.2076797816817421,-0.2265252931580441,0.6605478995065277,-0.5403786260431964,7.324735672049014,-5.875237459744638,27.38854028871165,-0.510978877389776,0+0,-0.0,7.388540288711649,-0.0,7.388540288711649,7.324735672049014,-5.875237459744638,27.38854028871165,-0.510978877389776,"This review is strictly for the portrait studio. One word..CHAOS. I received a gift session and I was more than happy to get my daughter's first Christmas cards done. It was a mad house from the second we stepped into the studio. I understand it's the holiday season; I get it..really I do. But booking a session at a certain time, should fall within that time-give or take 10-15 minutes. NOT 90 minutes after that time. I had a 5 month old infant with me..and lets say she wasn't happy sitting around, waiting for 90 minutes, to get a very sour, overworked, and probably really tired photographer. No guidance, no instruction or attempts by this person to work with my kid. Plop child on this dot, snap picture. Yes my daughter was fussy..but YOU guys were late..what happens? I ask if I can feed her, only to learn, that our slot has been taken and we have to wait again. WHAT?! Now, our second photographer was a thousand times better which is why I added another star. He really did all he could to get our daughter to smile without seeming angry or bored, or upset. But like I said, 90 minutes with a child waiting, and your not going to get a happy baby in pictures. The person who then tries to pick poses and templates with you was just not...professional. She was suggesting the most horrid pictures possible. Nightmare! I stuck around because it was a gift, and I was not going to be ungrateful, but I will not be using this studio ever again."
wikipedia,5f87986c-bb43-4d98-ad90-509a2acb2267,17.162784000458508,4.461155991980674,15.113143095627228,9.65904418499203,0.9105859287375272,0.3480297928469014,0.8393664815167821,0.9127470330632654,13.865450001085037,-2.5923153803422463,26.967288240258153,3.370087707294785,0+0,-0.0,6.967288240258153,0.0,6.967288240258153,13.865450001085035,-2.5923153803422463,26.967288240258153,3.370087707294785,"A Pontifical High Mass, also called Solemn Pontifical Mass, is a Solemn or High Mass celebrated by a bishop using certain prescribed ceremonies. Although in modern English the word ""pontifical"" is almost exclusively associated with the pope, any bishop may be properly called a pontiff. Thus, the celebrant of a Pontifical High Mass may be the pope, any bishop or any other prelate who is allowed to wear pontificals. 

The term is also used among Anglo-Catholic Anglicans.

Origins

In the early Church, Mass was normally celebrated by the bishop, with other clergy. In the Roman Rite this evolved into a form of Solemn High Mass celebrated by a bishop accompanied by a deacon, subdeacon, assistant deacons, thurifer, acolyte(s) and other ministers, under the guidance of a priest acting as Master of Ceremonies. Most often the specific parts assigned to deacon and subdeacon are performed by priests. The parts to be said aloud are all chanted, except that the Prayers at the Foot of the Altar, which before the reform of Pope Pius V were said in the sacristy or during the entrance procession, were said quietly by the bishop with the deacon and the subdeacon, while the choir sang the Introit.

The full Pontifical High Mass is carried out when the bishop celebrates the Mass at the throne (or cathedra) in his own cathedral church, or with permission at the throne in another diocese.

A Low Mass celebrated by a bishop is almost identical with one celebrated by a priest, except that the bishop puts on the maniple only after the Prayers at the Foot of the Altar, uses the greeting ""Peace be with you"" rather than the priest or deacon's ""The Lord be with you"", and makes the sign of the cross three times at the final blessing, which may be preceded by a formula that begins with ""Sit nomen Domini benedictum"" (Blessed be the name of the Lord).

Differences from ordinary Solemn Mass

Celebration by a bishop other than the pope

In contrast to celebration by a priest, a bishop celebrates almost the entire first half of the Solemn High Mass until the offertory at the cathedra, often referred to as his throne, to the left of the altar. Instead of saying Dominus vobiscum ""The Lord be with you"" as the opening liturgical greeting, a bishop says Pax vobis ""Peace to you"".

A bishop also wears vestments additional to those of a priest:
 The dalmatic, the distinctive vestment of a deacon, worn under the bishop's chasuble to show that he has the full powers of the sacrament of Holy Orders
 The tunicle, the particular vestment of the subdeacon, worn under the bishop's dalmatic, further to show the fullness of the major orders. Since the 19th century it looks almost exactly the same as the dalmatic
 The mitre, the bishop's headdress
 The crosier, the bishop's hooked staff
 Episcopal buskins along with episcopal sandals a specially decorated form of footwear, in the shape of slippers
 A pectoral cross
 Liturgical gloves
 A metropolitan archbishop, celebrating Mass within the area of his province over which he has jurisdiction, wears a pallium over the chasuble, as a sign of the special authority over the suffragan bishops, granted by the Pope. The metropolitan archbishop does not need the permission of one of his suffragan bishops to celebrate Mass in one of the suffragan's churches or even the cathedral, but he will usually do so as a sign of respect. In the similar case is used rationale if allowed to be used. 

When the bishop sits at the cathedra, a special silk cloth, called a gremiale, of the same liturgical colour as the bishop's vestments is placed in his lap.

Papal Mass

The Pope's Pontifical High Mass, when celebrated with full solemnity, was even more elaborate. As is still done in papal Masses on occasions such as the inauguration of a pontificate, the Gospel and Epistle were sung not only in Latin by a Latin Church deacon and subdeacon, but also in Greek by Eastern clergy, wearing the vestments of their own rite and observing its customs, such as placing the deacon's stole on the Gospel Book and bowing rather than genuflecting. This custom stresses the unity of the universal Catholic Church, formed by both the Eastern and the Western (Latin Church) Churches in full communion.

At the elevations of host and chalice, the Silveri symphony was played on the trumpets of the no longer existing Noble Guard. Through a misunderstanding of the name Silveri, English speakers sometimes referred to this as the sounding of silver trumpets. An asterisk – a common eucharistic implement in the Eastern Rites, in which it is shaped differently from the twelve-ray asterisk that was used in Papal Masses – was used to cover the host on the paten, when it was brought to the Pope at his throne for communion. The Pope drank the Precious Blood, the wine having been consecrated, through a golden tube. Even for the laity, the use of a tube  is one of the four ways envisaged in the 1970 revision of the Roman Missal for receiving Communion from the chalice, cf. also General Instruction of the Roman Missal, 248–250. It was also customary for some of the bread and wine used at the Mass to be consumed by the sacristan and the cup-bearer in the presence of the Pope at the offertory and again before the Our Father (Pater noster) in a short ceremony called the praegustatio as a precaution against poison or invalid matter.

Anglican use of the term
In the Anglo-Catholic tradition of Anglicanism, the term Pontifical High Mass may refer to a Mass celebrated with the traditional Tridentine ceremonies described above. Liturgical manuals such as Ritual Notes provide a framework for incorporating Tridentine ceremonial into the services of the Book of Common Prayer. More generally, the term may refer to any High Mass celebrated by a bishop, usually in the presence of his or her throne.  The Pontifical High Mass is one of four full-form pontifical functions, the other three being pontifical Evensong, High Mass in the presence of a greater prelate, and Solemn Evensong in the presence of a greater prelate. In its more traditional form, the ministers required at the service are a deacon and subdeacon of the Mass, assistant deacons in dalmatics, and an assistant priest in cope and surplice, who acts as the episcopal chaplain, along with the usual servers.

References

Catholic liturgy
Christian terminology
Tridentine Mass
Anglican Eucharistic theology"
wp,b27b582c-94a8-4076-8b94-e286cb9f2ca1,15.626267042039151,4.454925858307988,15.411619757259832,9.819827785525812,0.9864941443164472,-0.6521206019954953,0.6007809897838761,0.7566363947280799,15.760844273741922,-11.312844596026023,26.78997474142124,5.411592806288377,0+0,-0.0,6.78997474142124,0.0,6.78997474142124,15.760844273741922,-11.312844596026023,26.78997474142124,5.411592806288377,"Who knew the Convention for People Named Brian would be such a bloodbath? I did. My name is Mark Stanson. After the recent spike in violent crimes, the station has been stretched beyond its limits. People walking into the streets. Some strange new cult that mutilated its victims beyond recognition. Assaults everywhere. It was only after we sent the third person to the psych ward that would not stop asking for someone named Brian that I decided to investigate further. The wait was long enough. Johnson took his sweet time getting me the files I asked for. Meanwhile, people out there could be dying. But once I got the files, I saw what I was looking for. At the scene of almost all the crimes, was a Brian. Not the same Brian. Not a related Brian. Just someone named Brian. By pure coincidence I came across an ad in the paper inviting anyone named Brian to the convention center at the fancy hotel on 7th. I raced here. I knew this would happen. Standing at the edge of the convention center was like front row to a slaughterhouse. Brians' layed dead or screaming. A woman passed by as the hoard of Brian-killers gave her no attention. One of them turned its eyes to me. Its expression was vacant and it walked with a limp. ""Briannnn?"" I realized more of the mob had started walking my way. As I reached for my handgun a clammy hand grabbed me from behind. ""What?! NO MARK. MY NAME IS MARK!"" But it was too late. I was soon surrounded by them. In the commotion, my bloodied badge fell to the floor. As I closed my eyes the last thing I saw was my name. Marcus Brian Stanson."
wikipedia,40f187fb-f7b7-49a0-97fb-e5d5f69c63f6,16.4803881326187,4.453785588370509,14.231066889628982,9.810214013925604,1.0617557576711008,-0.3343660749929071,0.8319960779066164,0.0306708270650197,15.6475125187049,-6.465265216366632,26.757521946207664,-2.663091109422579,0+0,-0.0,6.757521946207664,-0.0,6.757521946207664,15.6475125187049,-6.465265216366632,26.757521946207664,-2.663091109422579,"Luise Aston, or Louise Aston (26 November 181421 December 1871), was a German author and feminist, who championed the rights of women, and was known for dressing in male attire. She was an advocate of democracy, free love, and sexuality.

Biography 
Louise Aston was the daughter of the theologian Johann Gottfried Hoche. She married Samuel Aston, a wealthy factory owner of English descent, in 1835. She was later to say that her father had forced her to marry. The spouses lived in Magdeburg, where she caused scandals in the local society. In 1839, was given a divorce in Berlin. The couple remarried and divorced a second time in 1844. After her second divorce she lived in Berlin with the poet Rudolf Gottschall, befriended Otto von Corvin and Max Stirner and walked around on the street smoking cigars dressed as a male.

She was an atheist, a democrat, and a republican, and she criticized marriage. She also believed in love outside of marriage: as a woman was often forced to marry for money and she was economically dependent on her husband, she reasoned it was difficult to marry for love and to keep love in a marriage. Marriage under such circumstances was for these reasons a form of prostitution. The contemporary women's movement had similar views, but considered it dangerous to expose them for fear of being considered immoral. Aston was therefore criticized by both the women's movement and the conservative society for different reasons because of her view that it should be allowed to have a sexual love relationship without being married.

She was called a whore, a shameless homewrecker, and a seductress by the press. She was watched by the secret police, who sent spies after her and read her letters. Finally, she was banished from Berlin in 1846 because her way of life was seen as threatening to conventional order: ""I must leave Berlin within eight days because I have expressed and lived according to ideas who were dangerous for the conservative law and order."" In 1848, she took part in the revolutionary wave in Germany. She served in the Freikorps in Schleswig during the war.

She was active within the democracy movement. She started a paper, which was stopped by the censorship authorities. She was expelled again but returned with a false passport. In 1850, she married the doctor Eduard Meier, with whom she became very happy. They moved to Bremen. They were often harassed by the authorities as dangerous radicals.

Aston was watched by the police, who sent agents to her home and read her letters. Different cities in Germany collaborated in these efforts. Her spouse was head doctor and was much harassed and fired several times because of his marriage. He was forced to guarantee that she would not meet his patients or live in his quarters; he was also accused of having allowed an unmarried pregnant woman to remain in his employ and of having given her his care. At one occasion, he asked them this directly: ""Is this an attempt to separate me from my wife?"" and was given the answer: ""Yes, that is correct.""

The police agent reported that she had few female friends, but many male ones, who often visited her and ""had the appearance of democrats."" She admitted to a police officer that she believed in democracy and republic: ""At present, I view the cause of democracy to be lost. It would be madness to do anything now, but soon, there will be an opportunity to do so.""

Her spouse had a wild rose carved upon her grave stone, and at his own, wrote, ""The one God gave a woman, was given a treasure.""

Quote 
""I have asked for permission to wear male attire so that I can hear the lectures at the university. I do not believe in God and I smoke cigars. My goal is to free the women even if it may cost me my heart's blood. I consider marriage immoral, because I do not believe that love can last within it.""

Works
This list may be incomplete

Wilde Rosen, 1846.
Meine Emancipation, Verweisung und Rechtfertigung [My Emancipation, Reference and Justification], 1846.
Aus dem Leben einer Frau, 1847.
Lydia, 1848.
India 1848.
Revolution und Contrerevolution, 1849.
Freischärler Reminiscenzen, 1850.
Berlin am Abende des 12. November 1848, 1991.
Lied einer schlesischen Weberin, 1991.

See also 
 Louise Otto-Peters

References 

 Gunhild Kyle and Eva von Krusenstjerna: Kvinnoprofiler (Female profiles) (1993) Norstedts Tryckeri AB Stockholm 
 Ludwig Julius Fränkel: ""Meier, Luise"". In Allgemeine Deutsche Biographie. Band 52, Duncker & Humblot, Leipzig 1906, S. 294–296.
 Guido Heinrich: ""Louise Aston"". In Magdeburger Biographisches Lexikon 19. und 20. Jahrhundert. Scriptum, Magdeburg 2002, .
 Elisabeth Heimpel: ""Aston, Luise"". In Neue Deutsche Biographie (NDB). Band 1, Duncker & Humblot, Berlin 1953, , S. 423 (Numerized).
 Jenny Warnecke: ""Die Eisenbahn: eine zugkräftige Metapher der Revolution von 1848 in Louise Astons Roman 'Revolution und Contrerevolution'"", in: Christina Ujma: Wege in die Moderne. Reiseliteratur von Schriftstellerinnen und Schriftstellern des Vormärz. Bielefeld, 2009. 
 Horst-Peter Wolff: ""ASTON, Luise"". In: Horst-Peter Wolff (ed.): Biographisches Lexikon zur Pflegegeschichte. „Who was who in nursing history.“ Volume 2. Urban & Fischer in Elsevier / Hpsmedia, Hungen 2001, , S. 6
 Björn Weyand: ""Gespenster und Intrigennetze. Alternative Geschichtsnarration, Zeitkonstruktion und revolutionärer Geister-Diskurs in Louise Astons 'Revolution und Conterrevolution'"" (1849). In: Robert Seidel u. Bernd Zegowitz (ed.): Literatur im Umfeld der Frankfurter Paulskirche 1848/49. Aisthesis, Bielefeld 2013, S. 191-210.

External links
 
 

People of the Revolutions of 1848
Women in 19th-century warfare
Women in European warfare
1814 births
1871 deaths
German feminists
19th-century German people
19th-century German women writers
19th-century German writers"
yelp,842a2b0e-a786-4463-9e82-9640e1065aa9,16.40567341717217,4.435613850157323,16.462388458102104,9.824309965750375,0.9277850568167167,-0.4052001733566541,0.6202045350522236,1.3762950511302652,15.813682366050152,-6.889309907395111,26.24034291734441,12.5985857487143,0+0,-0.0,6.24034291734441,0.0,6.24034291734441,15.813682366050152,-6.889309907395111,26.24034291734441,12.5985857487143,"We stayed here for 5 days to visit with our granddaughters from Bay Area CA. Upon arriving we soon realized that our room had no internet. I was on the phone with the front desk along with the internet provider for over an hour to no avail. The next morning they had us move to room C235 (which was a complete inconvenience since we had already unpacked everything!!!). This room, while directly next to the pool, still had very spotty WIFI and I was constantly getting booted from the internet both on my iphone and my ipad. While the pool was nice and the grandchildren enjoyed the Oasis Water Park (40 per wrist band for extra guests) there was no microwave in the hotel room and the mini fridge (if you can call it that) was so small that nothing fit, and the few things we did put in it (which were leftovers from the Rustlers Roost) along with our beverages were warm in the morning!!! Bottom line......this place might offer you a deal on the room rate, but be very prepared to spend a crapload of money at the Lobby Bar Grill, Rustlers Roost or Aunt Chiladas!!! They make sure you can't store or prepare food in your room. I've stayed at some pretty shady motels in my life and they have ALL had a mini fridge with a mini freezer and for the most part a microwave!!! We were very disappointed in this hotel and will NEVER EVER AGAIN STAY HERE!! Oh and don't forget the 40day resort fee on top of your room rate.....then ad 5day tax to that!! Really?? Oh and if you order a movie for the kids it's only good for ONE WATCH, not 24 hours like everywhere else. Seriously this place is a RIPOFF!! Do yourself and your family a financial favor and stay in Mesa, then get tickets to Sunsplash for 20day and put the rest of your money in your back pocket or grab a pizza at 14 the cost of that money grabber AZ Grand Resort! I know I will next time. Tobin"
wp,1d28d45f-a643-417f-b61b-eae77f402429,18.021184575497088,4.378312243192619,15.687513347751386,9.370503695256415,0.537170054047051,1.74279693146244,0.5241673746685076,1.032529985219634,10.463996184533686,2.2795522891720386,24.60950336338221,7.298635393428576,0+0,0.0,4.60950336338221,0.0,4.60950336338221,10.463996184533686,2.2795522891720386,24.60950336338221,7.298635393428576,"I just sat there, Indian style, well actually, I guess Native American style, on the beautiful white floor. The reflection of the overhead lights are bouncing off the tile. I thought the room was set very nicely, very feng shui. There was a natural flow from my bed frame, which was made out of a rusted metal which shows that it has withstood the adversity of moisture in the air and is not giving up just yet, to the work space that has been allotted to me, which is ample, that is set to the tone of a pale brown wood paneling which is chipping away in a beautiful pattern, all the way to the toilet and sink combination, which is surprisingly water efficient and makes using the facilities a much shorter process and allows me some time to think. I felt at peace with my situation. Every once in a while someone comes in to check on me. The conversation doesn't usually last very long, but the notion of checking on me is helpful. It makes me smile from time to time. I may be alone, but I'm not lonely. It does sometimes get difficult to move around in here because the space is a little cramped, but the more I think about it, it just means that I have become familiar with my living area and I know every square inch of this place. There aren't any surprises. I was put in here by a judge and jury a few weeks back. I had seen a homeless man on the ground and he appeared to be shivering. When I got a little bit closer, I saw that he was actually bleeding. He had a laceration in his stomach and was bleeding pretty bad. He was moaning and wailing. I took off my overcoat and wrapped it around him and asked him to try to remain calm and that everything will be alright. I stopped the bleeding by taking off my scarf and applying pressure on the wound. I yelled for help and by the time the police got there with paramedics, the homeless man was unconscious. He still had a pulse, but it was fading. I told the police what happened and they instantly threw me into a police car. I was arrested for attempted murder because they said there was no plausible reason for a total stranger to help a bum. They said I sounded insane when I wanted to help my fellow man and that I thought he could have survived. The trial showed the public that I slashed this man and tried to kill him, that the homeless man was the one calling for help, that I was only trying to smother the wound because I was trying to rip it open further and my scarf got in the way, and that he was wearing my overcoat so nobody would see a dead body, only a bum wrapped in a coat that he probably stole in order to keep warm on a cold December Monday. During the trial, I was found not guilty by reason of insanity. The judge ordered me to be sent to an asylum and take prescription medication to level myself out, although he has no faith in modern science and thinks that all pills are sugar pills to induce a placebo effect, an effect that unfortunately, according to him, was not sufficiently backed by scientific research. I'm just thankful that I wasn't sent to prison and that I won't have to find out if the rumors of how terrible prison food is are true. At least there's that. So I just sit here in this asylum and think about what kind of a position I'm in. After all, things could be a lot worse. That homeless man could have died in transit to the hospital. They said that it wasn't saving a man from being murdered; they said I failed in attempting the murder. I disagree, and I think that is why I'm here. In this world in this time, it is considered insane to think that a man survived a murder rather than thinking the murderer couldn't even finish the job."
yelp,3f43d2d2-78f7-4a80-9f77-35db44917743,15.412741567069174,4.370361006023826,13.842272211761257,8.629379279723514,-0.2671456292101446,-1.3981320234596506,0.5549516909187262,-1.2438211952105842,1.7272657725778577,-12.52471221165193,24.383206183168923,-5.322348664056897,0+0,-0.0,4.383206183168923,-0.0,4.383206183168923,1.7272657725778575,-12.52471221165193,24.383206183168923,-5.322348664056897,"Hands down, best steak in town! Okay, so it is high time I finally review this place. I go here with my sister maybe.... once every two months? Sometimes more frequently. We love it here. Originally, I was referred to this place by a very cheery funny and friendly Walmart Cashier on a shopping trip where my mother, for no real reason, had gotten noticeably stressed out. She suggested the place for a drink to calm her down - I didn't point out that we don't drink, but I filed the name away in my mind for future reference. It was possibly two years after that that I actually went here, and immediately loved it. Alright, so lets start with some slight flaws. Every place has them, and RWB is no exception. Mainly, the place is so popular, parking can be difficult at times, and the waiting area is lacking. So, if you go here on a busy night, you might be standing outside for a bit - BUT even with this, the food is worth it. Every time I come here, the staff is wonderful and the food is amazing.... but, I confess.... I usually get the same thing every time. Medium marinated 10 oz. flat Iron steak with potatoes and a salad. Best. Thing. Ever. My first few times here, I tried a few other things, but after giving the steak a try.... I can't pass it up. And, let me say, I hate steak. I never eat it anywhere else because I hate chewing on boot-leather, and have never been pleased with it. Here, though, it is amazing - and the price can't be beat! Some other things on the menu are pricey, but the 10 oz. flat iron is an amazing deal for a fantastic steak. If you haven't tried it, you need to. I love it that the kitchen is viewable from the main dining room, which not only makes you feel a bit more secure about who's handling your food, but you can also see the head Chef working and maintaining his line of cooks - such a professional kitchen! And, of course, if your food is ever not how you ordered it, they take it back and fix it for you, no questions or fuss. Once, my sister's medium steak was clearly well done, no pink at all to it. When we pointed that out, the server took the steak back, we had another out very quickly, and were given an apology for the hassle. The service here is always a delight. So, yes, once again best steak in town! Go try it. Now."
wikipedia,1f7df427-47ca-4186-b22c-f12d76425f8b,18.58365023975118,4.345561145370638,15.957746407547472,10.488053770875846,1.7395955146213424,1.7688960321395726,0.723771634906746,1.757350344983509,23.63821299336362,5.471836130277604,23.677386646364624,9.146961378022365,0+0,0.0,3.6773866463646243,0.0,3.6773866463646243,23.63821299336362,5.471836130277604,23.677386646364624,9.146961378022365,"Michael Parkes (born October 12, 1944 in Sikeston, Missouri) is an American-born artist living in Spain who is best known for work in the areas of fantasy art and magic realism. He specializes in painting, stone lithography and sculpture.  He also creates limited-edition Giclée images.

Biography 
Parkes studied graphic art and painting at the University of Kansas. As a student, Parkes was fascinated by various graphic processes, and he later became proficient in the difficult medium of the colour stone lithograph.  Many of his recent works have been produced as Aurographics, limited edition giclée prints.

His unique style evolved in isolation, after a period in which he gave up the practice of art altogether and went to India in search of philosophical illumination, a location that he and his wife continue to visit annually.

Early on, he painted in the generally abstract expressionist style common among his teachers.  However, he later began to draw and paint in a meticulous style of detailed representation. This style is realistic in principle, but often uses magical subject matter, with imagery drawn from a range of traditions including the cabalistic and the tantric. Strange beasts encounter mysterious winged women, good and evil fight out their eternal conflict.

Several of Parkes' works have been used as cover illustrations, including:
 OMNI (Dec 1980, June 1980, Nov 1981)
  The Best of Omni Science Fiction, No. 6 (1983)
  Omni Best Science Fiction One (1992)
 Omni Best Science Fiction Three (1993) 
  Full Spectrum 5 (1995, 1996)
 ParaSpheres: Extending Beyond the Spheres of Literary and Genre Fiction: Fabulist and New Wave Fabulist Stories (2006).
 Karma in Christianity - Charles Pradeep (2011)

A Parkes sculpture, Angel Affair (2004), was the Sep/Oct 2004 cover illustration for the Dutch-language Fine Arts Magazine, which also contained a feature article on one of Parkes' exhibitions in the Netherlands.

Lisa Starry of Scorpius Dance Theater, Phoenix Arizona in 2007 choreographed a contemporary dance presentation based on the works of Parkes. Also in 2007, Parkes was invited to exhibit a painting of his own vision of Venus at an international exhibition of 35 magic realism artists in Denmark.

In 2009, one of Parkes' paintings, The Three Graces, is repeatedly mentioned in Dan Brown's novel The Lost Symbol.  Parkes was interviewed for his interpretation of the symbolic use of his art in Brown's book by Daniel Burstein.  Milliner Justin Smith has said his design for the horned headpiece worn by actress Angelina Jolie in the 2014 film Maleficent was inspired in part by Michael Parkes lithographs.

Philosophy
Parkes, who has described consciousness as a laboratory to explore the physicality of evolution, finds value in meditation and admires the 19th-century Indian philosopher, Sri Aurobindo.

Awards
Association of Science Fiction & Fantasy Artists (ASFA) - Chesley Awards
1994	Best Cover Illustration: Paperback Book	- Omni Best Science Fiction Three (nominee)
2003 Best Product Illustration - ""The Court Painter"" (nominee)

References

Further reading
 Hans Redeker [translation into English by Michael O’Loughlin]. Michael Parkes: paintings, drawings, stonelithographs, 1977-1992 Steltman Editions, Amsterdam (1993) 189 p.
 John Russell Taylor The World of Michael Parkes Steltman Editions, Amsterdam (1999), 200 pp.
 John Russell Taylor Michael Parkes: Stone Lithographs - Bronze Sculptures Steltman Editions, Amsterdam. (November 1996)
 John Russell Taylor: ""The Art of Michael Parkes"" Small Press Distribution; First Edition (January 2006), 215 pp.
 Marcel Salome and Claus Brusen, eds. ""Dreamscape"" Salbru Publishing, Amsterdam (October 27, 2006), foreword by Michael Parkes, 128 pp.
 
 ""DREAMSCAPES: Contemporary Imaginary Realism 2009"" Publisher: Imaginary Editions (2009) 164 pp.

External links
 

1944 births
Living people
20th-century American painters
American male painters
21st-century American painters
21st-century American male artists
Fantasy artists
People from Sikeston, Missouri
20th-century American printmakers
Painters from Missouri
20th-century American male artists"
wikipedia,e2892a0a-0646-4d2b-899a-6fcc0c17709e,16.603782920107474,4.331866383014935,15.382285193997314,9.802073231512876,1.0536149752583732,-0.2109712875041332,0.7100768725510429,1.1818891314333513,15.551545067367798,-5.764935914133669,23.287625149002952,5.21095179084143,0+0,-0.0,3.2876251490029524,0.0,3.2876251490029524,15.551545067367798,-5.764935914133669,23.287625149002952,5.21095179084143,"Azov Cossack Host (; ) was a Cossack host that existed on the northern shore of the Sea of Azov, between 1832 and 1862.
The host was made up of several Cossack groups who were re-settled there. The most numerous were the former Danubian Sich Cossacks, who came under Russian Patronage in 1828. The host was the only one in the Russian Empire whose primary task was Naval Coast Guard duties, participating extensively in the course of the Caucasus and Crimean wars.
Zadunaets za Azovom
During the Russo-Turkish War (1828–1829), the Danubian Sich Cossacks, previously living in exile in Ottoman controlled Danube Delta were split in loyalty towards the Orthodox Russian Empire, who they left in 1775 and Islamic Ottoman Empire, which was about to start another war with Russia. Led by their Kosh ataman Osip Gladky, some of the Cossacks, chose to defect to Russia, where they were pardoned by Nicholas I in 1828. The Tsar formed a Special Zaporozhian Host out of them, who took extensive part in the war.
After Russia's victory, a separate newly created Danube Cossack Host was deemed sufficient to safeguard the borders and the ex-Zaporozhian presence in the Danube was deemed excessive. The Tsar, having personally befriended Gladky, suggested that his Host moves to the Kuban to join the other ex-Zaporozhian Cossacks, the Black Sea Cossack Host who were actively involved against the Circassians in the course of the Caucasus War. In 1830 Gladky visited the Kuban, but rejected this idea of migrating there, citing the difficulties faced in such a long move for such a small host, and because such a persona would reject subordinating to the supreme authorities of the Black Sea Cossacks. The Tsar instead allowed the Cossacks to remain in Novorossiya provided they found a suitable empty land. Gladky found the territory adjacent to the west of the Don Cossack Host land on the Northern coast of the Azov Sea between Berdyansk and Mariupol (modern Donetsk Oblast, Ukraine). 
Thus in 1832, Gladky moved his host to Priazovye which numbered 2,336 Cossacks (including 637 women), and the Azov Cossack Host was officially formed, with Gladky as its Nakazny (appointed) Ataman. They were the only Cossack Host that had a naval role and were tasked in guarding the Black Sea coasts of the Caucasus and Crimea. Because of their initial small size, the peasants of Novospasovka selo were also incorporated into the host. They were joined by numerous volunteers from the Chernigov governorate and in 1839 a group of 217 Nekrasov Cossacks were added to their host.
Black Sea Coast Guard 
The Azov Host was instantly involved in the Caucasus War, and General Yermolov's aide A.Velyaminov suggested to press the Circassians from the south-western slope of the Caucasus ridge, which runs along the Black Sea from the Strait of Kerch (the mouth of the Azov) all the way to Abkhazia. A defence line was proposed from Anapa all the way to Sukhum. The first marine landings by the Russian Black Sea Fleet took place in 1830 near Gagra, prior to the formation of the Azov Host. After Gladky arrived in 1832, he immediately formed 10 commands numbering 20 Cossacks (later the number of commands was increased to 26) and their specially made barka boats (based in Sukhum and Konstantinovka) were regularly carrying out pre-landing reconnaissance and offered fire support to the Russian marines and sailors who were faced with conquering the very difficult landings.
The Azov Cossacks also helped to intercept numerous English, French and Turkish contraband supplies, and in 1835 off the coast of Novorossiysk they destroyed two Schooners and later captured the English cargo ship Vixen which carried a whole arsenal of illegal rifles. However, despite the success in 1839 Imam Shamil sent his naib Magomet-Amin who instead of rallying the Circassians on the northern Kuban approach, unleashed them onto the Black Sea line in 1840. Outnumbered and after several Russian forts and garrisons were overrun, it was decided to abandon the Black Sea Coast and the Azov Cossacks proved their importance in evacuating the surviving Russian units.
Despite the unsuccessful operation in building the line, the Russian evacuation did not affect the Azov Cossacks' role in patrolling the Black Sea Coast. In 1845 the 26 commands were re-organized into two groups. The first one numbering 147 Cossacks and 7 Starshinas patrolling the coast from Anapa where they were based to Navaginsk fort (modern Sochi), and the southern group numbering 164 Cossacks with 20 officers from Svyatogo Dukha to Svyatogo Nikolaya (Sukhum). During the following years, as quoted by General M.Rayevsky The Azov Cossacks recommended themselves as a potent force and stroke fear to the captains of contraband ships and Circassian galleys. The success of the Azov Cossacks led to a plan being drawn in 1843 to once again re-settle them to the whole Black Sea Coast from Mingrelia to the mouth of the Kuban river. This however was never realised.
Crimean War
After the events of 1848 it became clear that Russia was en route to another major conflict between Ottoman Empire and her new allies Britain and France. The Azov Cossack Host's first job was to sabotage the remaining Russian strongholds on the Caucasus coast, which they themselves have built. After the British and French navies penetrated the Strait of Kerch and entered the Sea of Azov, they planned to navigate up the Don River to force the Russian armies en route to re-inforce Crimea to divert the attention. The Azov Host (by that point mobilising 1,920 men) was tasked with preventing the enemy from reaching the Don, a task which they accomplished (see Siege of Taganrog).
However, in addition to guarding the Don, and their Black Sea duties in Novorossiysk, the Azov Cossacks were constantly involved in guarding their own home, and Gladky formed three irregular units a naval battalion numbering 722 Cossacks, an infantry battalion with 400 more and a cavalry sotnia which had further 104 Cossacks.
However the weakly defended Strait of Kerch meant that in May 1855 a squadron of 57 English and French ships (17,400 men in total) easily overpowered the Russian garrison there and entered the Azov bassin. Afterwards the enemy approached Berdyansk and bombarded the city from the sea. Similar attacks were experienced by Petrovskaya Stanitsa, Mariupol and numerous other locations on the coast of the northern Azov. Yet any attempts to land troops on the shores, turned out to be complete failures. When attempting to land at the headquarters of the Azov Host Petrovsky Posad (modern Nikolske, Ukraine) the Anglo-French troops demanded the Cossacks surrender and sent their landing party of 100 boasts. None were to reach the shores. Afterwards the survivors of the failed landing returned to the ships the squadron tried to land near Taganrog, but a similar fate awaited them from the hands of the Don Cossacks. 
After the end of the war in 1856 all of the units, save the ones which resumed their previous patrolling of the Caucasus coast were disbanded. The Azov Host was awarded with the highest award that a Russian military unit could earn, the Banner of St. George whose inscription read: For exceptional bravery and excellent service during the war against the French, English and Turks in 1853-1858
The end of the Azov Host
After the Crimean War, Gladky attaining rank of General-Colonel retired and moved to Aleksandrovsk (modern Zaporizhzhia) where he died in 1866. However the Northern shore of the Azov, during the 30 years of the Cossack presence became a prosperous region, where the Cossacks numbering 10 thousand men were involved in fishery, farming and trade. In 1860 however the Caucasus War approached its decisive finale, and Russian General Nikolay Yevdokimov initiated several reforms of the Caucasus Hosts, forming the Kuban and Terek Cossack Hosts out of the previous Black Sea, Caucasus Line Hosts. 
The Circassian front, particularly the Western Caucasus, after decades of stationary action began a process of capturing Circassian land and moving the peaceful Circassians from mountains to the ravines, and expelling (see Muhajir (Caucasus)) those hostile to Ottoman Empire. To help settle the empty mountainous land, Yevdokimov suggested to Emperor Alexander II to bring the Azov Cossacks, whose military role by now was expiring, as the Imperial Russian Navy in the Black Sea has made provisions for taking over their coast guard roles. 
Originally Yevdokimov proposed to move 800 Cossack and eight officer families to the Western Caucasus with financial compensation and free transport promised to them. After freeing those who lacked elder sons, adolescent orphans and those older than 45 or were sick to travel, it was planned to use the draw method of selection. However no draw was required. Most Cossacks who were descendants of the Danubian Sich, the Nekrasovites (Nikolskaya and Pokrovskaya stanitsas) as well as the Cossacks of the Starodubskaya stanitsa (descendants of Chernigov migrants, whose ancestors were Cossacks in the Sloboda) agreed to move to the Kuban. Whilst the dwellers of the Novospasskaya and Petrovskaya stanitsas who were local peasants and traders that were enlisted into Cossackdom in 1832 chose to stay. 
All in all 1093 families (5224 people) nearly half of the Azov Host left the Azov in 1862 and were settled in the stanitsas of the Abinsk and Adagumsk Regiments of the Kuban Cossack Host. They participated in the finale of the Caucasus War which ended two years later in 1864. Afterwards, the ex-Azov Cossacks became fully integrated into the Kuban Host shared their history since. To this day their descendants live in the mountainous stanitsas of modern Krasnodar Krai and Adygea in Russia. 
The remaining Azov region was passed to the Yekaterinoslav Governorate and afterwards to the Ukrainian SSR, where the former Petrovskaya stanitsa was renamed to Volodarske in 1924 (modern Donetsk Oblast). At present there are attempts to spread the knowledge of the Cossack heritage that the region has, despite the fact that all Don Cossacks were eradicated in 1921.
References
19th century in Ukraine
19th century in the Russian Empire
Cossack hosts
Caucasian War
Crimean War
1832 establishments in the Russian Empire"
reddit_eli5,f4f3b137-0da5-4cc5-a8e0-08f5a2849b41,16.75257735754352,4.33058303543319,13.580178718462337,8.768270406217159,1.0020148711673738,1.5430425409331257,0.8489333555177971,0.9633458478949048,3.3645810510325616,-4.920450448690388,23.25110027459443,-7.115002066356747,0+0,-0.0,3.2511002745944317,-0.0,3.2511002745944317,3.3645810510325616,-4.920450448690388,23.25110027459443,-7.115002066356747,You ca nt think of the signals as digital in a wire when you transmit at high speed . You have to think of the signal as analog signal . Signals do nt change instantly from 1 to 0 and they that time to travel in a cable . A signal in a cat 5 cable travel at 0.64 time the speed of light or 4.8 to 5.3 ns / meter 100Mbit ethernet so 100 * 10 ^ 6 bits per second = 100 bits in 1000 ns = 1 bit in 10 ns . So if the ethernet cables is longer then 2 meters there are more then one bit in the cable . A cable cab be 100 m long so there will be 50 bits in the cable . So the signal is obviulsy the the same in the while cable . The bitrate in the calbe is in practice higher because of encoding . This a a image of how a 100Mbit ethernet signal looks like . URL_1 Here you have a eye diagram where you overlap different signals . URL_0 The way to look at is is that the system has to determine if the signal is in the at the top in the middle or at the bottom where the black gaps are . You can see that is is noisy and the holes(eyes ) are quite small . The smaller the eyes are the harder it is to determine where the signal is and if they dissiperar you ca nt detect the signal . So not when you see that the signal is noisy and analog you are starting to realiste that you need a cables that behave in certain ways . How a signal propagate depends on the distance between the distance between the wire and the thickness and other material along the wire and by other factors . There will be interference from the surrounding and the other wire pairs so the wire has to be twisted is rates relative to each other to minimize interference . So to have a wire with known parameter that works with the hardware you have to have standard . You can run the signal over other wires if you now what you do . Look at this demonstration with barbed wire URL_2 there is a reason that the barbed wire pars is close to other and parallell and the pares are fare apart . I have read a article about is that I ca nt find that explained that barbed wire in that configuration have similar effect on the signal as a cat 5 cable . If the wires in the pairs would have not been parallell or the pairs been closer it would have not worked .
wikipedia,4d2fdba2-2d9e-454f-9199-3bde0e375246,17.796140788130472,4.326977439966591,14.10864807550299,10.032571576104866,1.2841133198503627,0.9813865805188656,0.7051879295026984,-0.0917479870609732,18.268770211885936,1.002312287501272,23.148482773725064,-3.500404927809457,0+0,0.0,3.148482773725064,-0.0,3.148482773725064,18.268770211885936,1.002312287501272,23.148482773725064,-3.500404927809457,"Barry John Stanton (23 January 1941 – 21 January 2018) was an English-Australian rock and roll musician. He performed on pop music programs, Six O'Clock Rock, Bandstand, Johnny O'Keefe Show, Sing Sing Sing, Saturday Date, and Woody's Teen Time. He issued a compilation album, A Tribute to the King Rare Songs 1957-1965, in 1988.
Stanton released singles via Leedon Records, starting with ""Don't Let Go"" in April 1960. His second, ""Don't You Worry 'Bout That"" (September), was written by O'Keefe, which reached number 3 on the local Top 40. His fourth single, ""Beggin' on My Knees"" (November 1961), was written by his brother Rod and reached number 16, nationally. Stanton was signed by RCA in 1964 and issued another single, ""A Tribute to the King"". This was written by fellow musician and the label's A&R, Johnny Devlin. He followed with ""My Little Emmy"" in July 1965, which was written by Stanton. Even though he was a popular performer locally, he achieved little commercial success internationally. Stanton subsequently performed with other early Australian rockers.
Early life
Barry Stanton was born in London on 23 January 1941. The Stanton family—Stella Rose, Carl Leopold, Barry John and Rodney—migrated to Australia in 1948. They settled in the Sydney suburb of Neutral Bay. At the age of 15 Stanton became interested in rock and roll. He left school and worked as apprentice motor mechanic. His early bands included the Boppers and the Bellairs; they played gigs at local dance halls. Stanton provided ""some Presley-type singing and guitar-playing."" In 1957 he recorded material, which was not released until 1988, issued on his compilation album, A Tribute to the King Rare Songs 1957-1965, via Canetoad Records. According to Ainslie Baker of The Australian Women's Weekly, he ""has brown eyes, is 6ft. 1in. tall, weighs 13- stone, likes cars and car-racing, surfing, and football.""
Lee Gordon/Leedon
Stanton was ""talent spotted"" in 1959 while playing during the interval in between Marlon Brando and James Dean films at Manly's Embassy Theatre, by 2SM radio DJ, Allan Lappan. He was recommended to Johnny O'Keefe who recruited Stanton for a spot on the rocker's TV pop music show, Six O'Clock Rock. He became ""one of the most popular young male artists of the day."" He also appeared regularly on pop, variety TV show, Bandstand. One of the few artists to use his real name, O'Keefe branded him the ""Big Boy of Rock"" due to his solid physique.
Stanton signed to O'Keefe and Lee Gordon's label, Leedon Records, in 1960, which issued his debut extended play, Barry Stanton Sings. His first single – a cover version of Roy Hamilton's ""Don't Let Go"" – appeared in April. It was recorded with chorus and orchestra directed by Eddie Cash, Jr (a pseudonym of O'Keefe). He began touring with other local artists, Digby Richards, Jimmy Little, and Warren Williams. In May to June that year he took part in an interstate tour supporting Johnny O'Keefe and the Dee Jays, Laurel Lea, Booka Hyland, Lonnie Lee, the Sapphires and Ray Hoff. Stanton left the tour in mid-June as he was ""too exhausted to sign on for an extra week of engagements."" In the following week O'Keefe lost control of his Plymouth Belvedere near Kempsey and was involved in a serious car accident.
Stanton's follow-up single, ""Don't You Worry 'Bout That"", written by O'Keefe, appeared in September 1960. It was well received in most states, reaching No. 37 on the Sydney music charts. Late in the following year he issued his fourth single, ""Beggin's on My Knees"", which became his most successful hit when it reached No. 16 on the national top 40. The track is written by his younger brother, Rod Stanton, who later explained how ""One day, strumming on an old guitar given to him by Barry, he asked his brother to have a listen to a fresh composition he was quite happy with. Its potential was immediately recognised by Barry and, perhaps even more importantly, by his producer, [O'Keefe]."" Warren Carr played its ""ear grabbing tinkling piano.""
1964-1980
Stanton was approached to switch to RCA by New Zealand-born rocker Johnny Devlin, who from late 1963 was the label's Australian A&R manager and house producer. Stanton's first single on the label, ""Tribute to the King"" was released in 1964. It was written by Devlin as a tribute to Presley, which ""consisted of 32 Elvis Presley song titles set to rocking instrumental backing provided by Devlin's backing band The Devils."" His next single, ""My Little Emmy"", which was written by Stanton, was released in July 1965. Stanton undertook interstate tours supporting Billy Thorpe & the Aztecs and Ray Brown & the Whispers.
Though only releasing two singles while at RCA, he recorded more material, however after leaving the label in 1966, the recordings were unreleased. According to Australian musicologist, Ian McFarlane, ""with the lack of success of his RCA sides, Stanton gave up his rock'n'roll career to work as an electrician."" In 1974 he resumed his music career to join O'Keefe and fellow 1960s rockers Ray Brown, Lonnie Lee, Jade Hurley, Johnny Devlin, Dinah Lee and Tony Brady as part of a touring ensemble, The Good Old Days of Rock 'n' Roll. The nostalgia circuit was successful with the tour continuing for four years. In 1978 he issued a single, ""City of Armidale"", via the Bunyip label.
1981-onward
In 1981 Raven Records issued a compilation, split album, Rock On!, with ""most of Stanton's singles as one half"" and the rest from fellow rocker, Johnny Rebb. Stanton's early material, including previously unreleased tracks, was issued as a solo compilation album, A Tribute to the King Rare Songs 1957-1965, via Canetoad Records. Concert bookings had become rarer, and Stanton returned to working a day job, as a warehouse manager. He periodically played shows until 2006, when he took a break from showbiz to spend time with his grandchildren. After two years, he performed a comeback concert in Melbourne.
Personal life 
Barry Stanton married fellow singer, Kelly Green, and the couple had two children. They had met in Green's hometown of Perth at the Fiesta Theatre, and after Green relocated to Sydney in 1962 Stanton saw her on Bandstand and they started dating. Stanton wrote one of Green's tracks, ""Tell Me That You Love Me Too"", which was the B-side of her single, ""Do You?"" (August 1964). The couple separated in 1965 before their second child was born, with Green returning to Perth.
In the mid-1970s he married a second time, to Rena, and this couple had three children.
Stanton died of renal failure on 21 January 2018, two days short of his 77th birthday.
Discography
 Don't Let Go (1960) Lee Gordon
 Don't Let Go (I. Hayes)
 I Got A Woman (R. Richard/R. Charles)
 Don't You Worry 'Bout That (1960) Leedon
 Don't You Worry 'Bout That (O'Keefe)
 You Are Gone (Dempsey-Zoeller)
 Barry Stanton Sings EP (1960) Leedon
 Don't Let Go; I Got A Woman
 Don't You Worry 'Bout That; You Are Gone
 A Teenage Idol (1961) Leedon
 A Teenage Idol (O'Keefe)
 Indeed, I Do (Scharr)
 A Teenage Idol EP (1961) Leedon
 Teenage Idol; Indeed, I Do
 Begging on My Knees; Solitary Confinement
 Beggin' On My Knees (1962) Leedon
 Beggin' On My Knees (R. Stanton)
 Solitary Confinement (Colijah-Pori)
 Back in Your Arms (1962) Leedon
 Back in Your Arms (R. Stanton)
 For Now And Always (R. Stanton)
 Little Miss Heartbreak (1963) Leedon
 Little Miss Heartbreak (Bass-Boyer)
 You'll Never Learn, Will Yer? (B. Stanton)
 Little Miss Heartbreak EP (1963) Leedon
 Little Miss Heartbreak; You'll Never Learn, Will Yer?
 Back in Your Arms; For Now And Always
 A Tribute to the King (1964) RCA
 A Tribute to the King (Devlin)
 That's Right, All Right (R. Stanton)
 My Little Emmy (1965) RCA
 My Little Emmy (B. Stanton)
 Dancing Partner (Crane/Wisner/Paddy)
 City of Armidale (1978) Bunyip
 City of Armidale (R. Stanton)
 Big Front Door (R. Stanton)
 Rock On! w/Johnny Rebb (1981) Raven
 Mona Lisa & Others (1981) KEG
 A Tribute to the King (Rare Songs 1957-1965) (1988) Canetoad
References
General
 
 
 Note: Archived [on-line] copy has limited functionality.
 
 The Australian encyclopaedia Volume 8 By Grolier Society of Australia, Page 98
Specific
Australian male singers
Australian rock singers
Australian people of English descent
English male singers
Naturalised citizens of Australia
1941 births
2018 deaths"
wp,800d6524-d970-4faf-8f70-704754439369,14.86427371817645,4.3174147311481,15.589517376635431,9.516417413088124,0.6830837718787599,-1.4141139258581976,0.4632698626239881,0.9345340141036792,12.184097141112197,-15.637551203713901,22.876322103016054,6.628367662545469,0+0,-0.0,2.8763221030160544,0.0,2.8763221030160544,12.184097141112195,-15.6375512037139,22.876322103016054,6.628367662545469,"They look like a nice couple. Well, she does anyway. He's..... well he's clearly out of his league but she doesn't seem to know it. I prattle off the specials: some awful sounding mexicansouthern fusion monstrosity, fish in an overpowering garlic sauce, and a fairly excellent stuffed pork chop with wild mushroom risotto. She orders the porkchop. He gets the fish. Moron. Grab the drinks for a refill it's hot out there today and the iced tea is on brew number three of the dinner shift and yell for more bread from the kitchen as I key in the order. Sub a shallot and white wine sauce for the garlic abomination; he's fully engrossed in his phone despite his dinner company so unobservant doesn't begin to cover it; I could feed this guy cardboard and he'd never know it. Back to the table with bread, salad, and refills. ""Your meal will be out shortly. Fresh cracked pepper?"" We used to offer Parm but pepper looks just as classy and costs less. Meh. I seat another couple this one in their 50s and give them the whirlwind tour of our chef's attempt at high cuisine. They order steaks, which, to their credit, are hard to screw up. Swing back to the waiter station to grab the pitcher and top off waters for the smiling couple. Snag the pitcher, cross the floor, refill her water, pivot to his and..... water everywhere. Pants: ruined. Booth: trashed. Wallet, keys, phone, wad of random notes from work in his pocket: soaked. ""Let me relocate you to another table folks."" I'm getting bayful glares from the hostess; that one sentence just ruined her evening but the table for two by the window which has a reservation in 30 minutes is about to be occupied. ""There you are madam, sir. And might I also offer you a bottle of wine as recompense? I think you'll find our Pino Noir refreshing and well paired with that porkchop."" I bump the older couple's steaks ahead of the fish and pork to slow things down, endure actual threats against my person from the hostess, remind the manager how important our status as a romantic night spot is when he blanches at the bottle of wine, and deliver dinner as the salads are being cleared away. Another water refill this time without incident and the obligatory ""how does everything taste"" as Mr Soggypants has his mouth full of fish (he has no idea what I spared him with that sauce substitution) and it's time for the check. Add everything up, comp the wine, scrawl a quick note and its time to turn and burn the window table. Clickity click goes the pen: ""Trust me, it's better this way. You're due for an upgrade on the phone anyway and now you have something to talk about to boot. Skip the movie and go stargazing. You'll we'll be glad you did."
yelp,817d7f27-ad92-4acd-98ce-7b8c7a02b464,17.495259288027135,4.299864136847815,17.3596095967526,10.322231372332972,1.4257064633993135,0.6843856974983105,0.4844548217427156,2.273516189780759,21.683418950731422,-0.705345996211463,22.37682121819658,18.7353520856899,0+0,-0.0,2.3768212181965787,0.0,2.3768212181965787,21.683418950731426,-0.705345996211463,22.37682121819658,18.7353520856899,"Putrid. Pathetic. Podunk. Too big not to have some method of transportation of from the jets to the puddle jumpers. I check everything except a computer bag and purse so that's fine but God forbid you fly carry-on and don't have a wheely bag. I was wearing brand new tennis shoesSauconyand still it was a long walk after the NY flight landed late. If your destination is Scottsdale and you're coming from LA or SF or SB and don't want to drive, then fine. To transfer through this Third World dumphaving been warnedwell, you get what you deserve. When I got to SB, I met a Ph.D. in English who went through program after I did but is my age who told me that this was her least favorite airport in America and that the only reason she flew US Air was that it saved her over 300 dollars so she figured she would suck it up. The carpet should have been on that famous Dateline segment about germs as it looks like the 1980s carpet which used to be in the outside ladies' locker room at Santa Barbara Athletic Club which caters to swimmers. (Whoever decided carpet would be a good idea in the swimmers' locker room needs immediately to get out of the interior design or consulting biz, by the way.) There are no words for how bad this place is. It makes Punta Cana, Dominican Republic look like the Maui Four Seasons. The food sucks. The US gate people suck and they don't speak Spanish and I had to help this wonderful, older Mexican couple get on the plane to SB after they'd missed the connection to Santa Maria and NO US Air gate attendants (NOT flight attendants who might be from anywhere) could speak the language a huge percentage of Phoenix residents do. I am merely repeating the sentiments of Charles S: Old, ugly, worn out and dirty. Time to replace the carpet and the furniture, y'all."
cmv,bc9ddcdd-5d45-42a2-a46d-c7645ee79ad8,20.940167630738937,4.287650788408203,17.26683940802272,9.937267511497929,0.83150570573601,0.9259528246912404,0.6640854111826022,0.9054528580550674,17.14528014438395,18.84629232665821,22.02922168693193,18.10082738854702,0+0,0.0,2.0292216869319297,0.0,2.0292216869319297,17.14528014438395,18.84629232665821,22.02922168693193,18.10082738854702,"As of now I understand why bad 3rd generation wave feminists (I will use 3rd gens for short) do what they do, the idea of getting rid of the gender binary, gender equality, trying to raise women up to the same playing field within subtleties in culture, which causes 3rd gens to do absurd things and think they are doing some greater good (getting mad at nuances in language that are common in culture, ""men at work"" etc , tiny stupid things like that) however I have yet to actually see any good come out of it. In fact I have seen more victimization, anti male sentiment, and more toxic ideas come from this movement now than ever before. Ideas like, instead of raising women up, bringing males down, creating a separate experience for women, instead of empowering women, make them feel superior, making gender experiences instead of human ones, perpetuating the idea that women are acted upon, not actors. I don't see the work being done to change fundamental cultural feelings on genders, I see people created by those things acting on that culture to create something disgusting. To be clear I am only talking about third generation feminists, not second generation or first. Also state what third generation feminism means to you, because the nature of ""make feminism fit with your identity"" in 3rd gen feminism has made it difficult to argue, and its been hard for me to even pinpoint its goal. finally If you want me to clarify anything, please ask EDIT: I think I can safely say that Feminism itself, specifically third wave, is a force for good, and has done good, especially if you think about it like being a "" On going conversation "" (thanks ufeudette), There have been numerous examples posted of 3rd wave ideals being acted on by 3rd wave feminists and doing good as well, and I agree with the core tenets of the 3rd wave. I have no problems with feminism. However that being said, there were a surprising number of people who replied in this thread who represented the kind of people who expressed the support of ideas that I was talking about. They weren't always explicitly ""men suck"" kind of rhetoric, but the way some people have formulated their ideas on the source of feminist problems and ideas on how to further feminist goals were anti egalitarian. The majority of these people have since clarified their position to something much more reasonable and have provided some great pro -feminist examples. In short, feminism is good, some feminists have the wrong ideas, but aren't bad people themselves, very few are actively radical (3rd wave accomplishments are not something that happens with protests, explosions, and loud yelling, but rather, conversations and diplomacy), this and ignorance of the movement are the major causes of feminism bad image."
reddit_eli5,0dfcdf48-fa33-4964-a6bf-2d02d449e9d6,18.905472191748963,4.282226572220803,15.199006437373995,9.26839302488071,1.5021374898309254,3.69593737513857,0.8005768923054104,2.5821735668065653,9.260266580489878,7.298342319660706,21.8748451035125,3.9573713127661607,0+0,0.0,1.8748451035124987,0.0,1.8748451035124987,9.260266580489878,7.298342319660706,21.8748451035125,3.9573713127661607,"The first thing you need to understand is what a metric is . A metric is like a ruler : for any two points in space , you can use the ruler to measure how far apart they are . Metrics follow a few very simple rules , which allow metrics to be very general . This gives us the idea of the "" shortest path "" , the "" shortest "" path between two points , using our chosen ruler . 3D space ( or , as Einstein 's theory prefers , 4D space , where we include a time coordinate ) , has a metric , which is the usual one you expect : the length of a straight line . However , if massive objects are present , general relativity says that the metric will bend , which means the shortest paths will point towards the massive object . The more massive the object , the stronger and further - reaching the bend . Newton 's theory of motion says that objects without forces acting on them move in straight lines . If we replace the "" straight line "" metric with the "" bent line "" metric , we get the behavior general relativity predicts : objects move towards massive objects . This is the phenomenon known as gravity . The nice thing about thinking about it this way is that it helps with intuition about weird things GR predicts , such as time dilation near massive bodies . Not only does space bend around massive objects , so does time . Because of that , time flows slower near massive objects like black holes . The movie Interstellar does surprisingly good justice to this phenomenon . The actual bending is very complicated . If you want a very mathy explanation of this in terms of tensors and Minkowski space , you should look at the Einstein field equations . They 're incredibly complicated and hard to solve , but one of the most well - known solutions is the Schwartzchild solution , which describes black holes . The bending of the metric also explains why even light ca n't outrun a black hole . Past the event horizon , the metric has bent so far that the "" distance "" you 'd have to travel to get outside is infinite ; all the paths you could possibly take lead further into the black hole ."
wp,8ca26b96-07d0-4526-84e3-a6608d71d404,16.390576971300288,4.27594122963155,16.420649253937075,9.527472380948184,0.6941387397388201,0.1121893272656393,0.4217963611074382,1.7656658914053232,12.314418409555003,-6.974990053362505,21.69596032439852,12.313100117560568,0+0,-0.0,1.69596032439852,0.0,1.69596032439852,12.314418409555005,-6.974990053362505,21.69596032439852,12.313100117560568,"Thank God I wasn't driving. The people who were just before the Big Sleep didn't stand a chance. One second they would have been doing fine and the next Steve stopped writing. His counsellor had told him to keep a journal of his thoughts. Write them all down and then never read them. Condemning fears to a paper prison was apparently the modern way to deal with grief. Typing was too easy, too modern and nowhere near personal enough - so Steve wrote every day until his hand cramped up. The ledger he wrote in was fast becoming a shrine to madness, thoughts scrawled over every page, chronicling the descent of a happy man. Half of it was about Heather. His wife had been out of town when everything happened and she hadn't been able to come back. The hotel she had been staying in had been in the middle of dinner service and the unattended kitchen caught fire. With no fire services able to respond it had been nothing short of a miracle that the entire city hadn't disappeared in an inferno. Most animals had been scared of the people who stood like statues for that year. Reports were coming in from other countries that had aggressive, large predators about people coming back and discovering they were missing limbs. These days you couldn't trust what you heard, especially that rumour about the spiders that had adapted to living in people's brains. With earth's population decimated by the Sleep it was impressive that the cities had recovered so quickly. Steve had a counsellor, a doctor, a working phone and a television. Money had been suspended temporarily, at least until everything was working again. Right now you worked for the right to get services - usually cleaning the roads, the buildings and getting everything looking like it used to. Even after a catastrophe on that scale appearances mattered. Steve checked his watch. He was due at the cleanup group in half an hour. That left him just enough time to grab a small breakfast and cycle there. The care would be gathering already, swapping stories about the weekend and taking in the sun. Three hundred miles of highway was ahead of them needing cleared and there was no one else to do it. But on the same track there was no hurry. Vital supplies were shipped by rail anyway so it was just busywork while the governments of the world decided if they were going to fight a war or not. He grabbed his coat - you never knew if it would rain or not - and slipped it on while he decided what to eat, eventually settling on a few slices of bread. Those had been the first factories to be back up and running, and the farms had flourished without human contact. Just another little miracle that had made sure the race hadn't gone extinct. Steve had never believed in the concept of god - and after losing Heather he never would - but he saw the weight to the argument that there was something intelligent looking after the race as a whole. He passed the days cleaning roads, the nights writing and wrestling with sleep, and all around him life began to get back to normal. The majority knew they would never get answers and the Big Sleep slowly faded to legend. Steve would never know. But light years away the answer was in orbit around another planet. It had identified the dominant race and put them into stasis, analysing everything about them. A year passed and the answer moved again, on its way across the galaxy once more, scanning planets as it went. Over time it built up a repository of knowledge on the galaxy. It ran every algorithm it could, analysing strategy, potential battle sites, and came to one conclusion. Nothing in the entire galaxy would make an effective ally against the coming threat. Think I might have rushed ending. Sorry, but this was getting long and my lunch break was over lol"
yelp,60c7fe41-2c5a-4b5a-8ada-bad9b0a26d6c,18.369536077221404,4.269893046121613,16.964938427807386,10.25747637337553,1.3609514644418717,1.5586624866925796,0.4544837310165133,1.8788450208355467,20.920055935210133,4.2566274079779305,21.523825240932144,16.035900813954694,0+0,0.0,1.523825240932144,0.0,1.523825240932144,20.920055935210133,4.2566274079779305,21.523825240932144,16.035900813954694,"Da Vang (pronounced yah yang) is a hole in the wall in a sketchy ass strip mall next to the latin strip club and the Vietnamese Boba Tea shop. Weeknights and Weekends alike, this place is packed to the gills with Asian families, Mexicans from the neighborhood, and the few rogue gays and hipsters who wander in to try something ironic or obscure. Then you have the old Mexican ladies who walk by every table and put a car air freshener on it with a note explaining that you can buy it from her for 1. There are countless flies, the place hasn't been cleaned since Jesus was alive, and the parking lot almost requires four wheel drive. There isn't a more third-world dining experience in Phoenix. My initial inpression was that this would be a fantastic trip to a Vietnamese wonderland. Seeing the types of people eating here, the extensiveness of the menu, and the overall ruggedness of it probably meant it was legit. I'm not Vietnamese, Asian, or any shade of yellow, but I like to think I still know my food well enough to say that it was an absolute let down. I ordered one of the most basic dishes, Pho Tai which is a beef broth with rice noodles and sliced beef. It's typically served with jalapeno rings, bean sprouts, basil, and lemon wedges on the side, yet mine was minus the jalapenos and lemon. Each table of Asian people who ordered the same thing both before and after me, received the said items with their meal. After my plate of half the veggies I need arrived, they brought by our spring rolls. Again, total disappointment. The sauce which accompanied them tasted like pure Hoisin, and I much prefer the typical peanut sauce or even a fish sauce. My girlfriend's bowl of Bun looked like the noodles were garbage, and was extremely short on veggies and meat. Our server was nice enough, and rather typical of a restaurant of this type. They don't speak much, their way of asking if you'd like to order is saying are you done? After a while though, I realized he was a Spanish speaker, and then I realized he was of hispanic heritage, nice. I come to this Vietnamese place and there are Mexicans working both front and back of the restaurant. Made me want some enchiladas. Overall, this restaurant was a complete let down and if it hadn't been for the very low price (under 20 for two people) I'd have been very upset. I'll keep sticking with Little Saigon, Pho Thanh, Koai Hoan, and Dong A."
cnn,a31907c5-c035-4dca-ba29-cb4c6fe3b03f,19.289596653544113,4.243311218224014,17.38994149072922,10.304936190767522,1.791530181863397,1.8281155727546976,0.845596710788493,2.5652214669431572,21.479535047305422,9.478447507038123,20.767289802428255,18.942814591725398,0+0,0.0,0.7672898024282553,0.0,0.7672898024282553,21.479535047305426,9.478447507038124,20.767289802428255,18.9428145917254,"The mass brawl which broke out at a bar opening inside a Queens casino Friday night was allegedly caused by an argument in an enormous line for drinks. Hundreds of patrons hoping for an iced daiquiri at the debut of a Fat Tuesdays bar inside the Resort World Casino ended up at each other's throats when the party went sour. According to a casino worker, the fighting goes back to two women who clashed during the long wait for alcohol, dragging their group of friends into the conflict. Scroll down for video . Chairs in the air: An enormous fight broke out at a bar opening at Resorts World casino in Queens, New York . Bar brawl: Video posted on twitter showed angry patrons attacking one another . The fisticuffs escalated, with guests grabbing chairs and poles to bring to the fray, as security guards rushed in to try to calm the brawlers down. Bystanders uploaded cell phone footage of the ugly brawl, which broke out around 10.30pm, to social media. Running gangs of fighters can be seen storming through the halls of the casino, shouting profanities at one another. A witness, Elize Brown, told CBS2 New York: 'It was chairs flying everywhere - it was chaotic. 'It was nerve-wracking. It was like you don't know what the next thing that was going to happen was.' According to the New York Post, three men were arrested in the aftermath of the brawl, which injured four security guards and a police officer. Andrew Rivers and Jovan Bovell, both 23, were charged with disorderly conduct. Fists flying: Huge crowds of people went at one another using their fists, or even casino props, to hurt one another . Bovell was also charged with resisting arrest, while Marcus Stewart, 30, was issued two summonses for disorderly conduct. Several of those involved were taken to hospital to be treated for their injuries. Ambulances were pictured gathered outside the scene of the fight late Friday night. Resorts World pledged to increase security and work with police to prevent a second round. A spokesman said: 'There is absolutely no room for this kind of behavior at our facility'. The damage from the fight is thought to top 4,000. Scene: The fisticuffs took place at Resorts World Casino, near JFK airport in Queens, New York ."
yelp,07f28044-e1dd-48bd-be0f-012cbfa8f1fc,15.62226371075211,4.226670586006387,12.862419028694628,8.113696123502255,-0.7828287854314038,-1.188609879776715,0.4112612709012873,-2.2236743782772113,-4.351854843968112,-11.335565573661453,20.293687007306634,-12.024297347595498,0+0,-0.0,0.2936870073066338,-0.0,0.2936870073066338,-4.351854843968112,-11.335565573661452,20.293687007306634,-12.024297347595498,"I was a little disappointed with All Night Long. The initial impression was great. They were very timely and responsive to all my questions. I was very excited to have them DJ my wedding at The Platinum Hotel especially after reading the reviews. I was under the impression that the DJ I met with was to be our DJ, but he wasn't. I was told that the DJ would come in and introduce himself to us and ask for any special request or changes to the evening prior to us making our grand entrance. He did not, we had to send our wedding planner to get him. As he was making the announcement of each pair in our bridal party, he started to announce us before he announced our maid of honor and best man. The wedding planner had to run out an stop him before he said our names. Right before he made the grand entrance announcements I told him that I wanted to have our first dance after the grand entrance. After the first dance I told him that I wanted him to ask all the guest to join us on the dance floor for a fun group dance. However, after our first dance he asked everyone to step back inside the restaurant for dinner. I think the look on my face reminded him of what I had requested and he then attempted to undo what he asked the guest. They were so confused. Half stayed while the other half went inside. We pad extra for uplighting to be placed outside. It was windy so they placed it inside the restaurant. Im a little bummed that we paid 200 to light up an already lit space. The songs I requested to play during the early hour of dancing he played during dinner. I had to ask him to play certain songs again later in the night because I knew how much my family would love to dance to them. There were a few songs that he played where everyone left the dance floor. Instead of transitioning into the next song, he let them play out. He did play one song that I placed on my no play list. We had 100 tip set aside for the DJ. We chose not to give it to him."
reddit_eli5,3ee64e7a-fa59-4ab0-94fb-d542938f5c7e,17.3682954211723,4.226225148750936,14.626923089458046,8.978288693922758,1.2120331588729734,2.1587606045619054,0.7445754688355439,2.010090218890616,5.8403774528351455,-1.4259316716099157,20.281009584569702,0.04446547473007525,0+0,-0.0,0.28100958456970204,0.0,0.28100958456970204,5.8403774528351455,-1.4259316716099155,20.281009584569706,0.0444654747300752,"Mostly because it 's been that way since our second President . Waaaaaaay back in the day , George Washington was elected without a party . He felt each person should stand on their own merits , not be elected because he was a member of a certain party . Well , that did n't last because it is way easier to get elected when you have a party , which helps with money , support , talk about town , etc . After Washington , some people supported a stronger federal government - they were called ' federalists ' . Some other people did n't like that idea , so they formed ' anti - federalists ' . The number of important people in government was small back then , so we just had two parties because everyone fit into one of the two groups . Over time , one or the other party would fall apart , leaving one big party and a few small parties . Well , If you have one party that is 3 - 4x as large as any other , and whoever gets the most votes wins , that big party is going to win all the time . So every time a party fell apart , another party would take it 's place and maintain the 2 party system . It 's still like this today . Why would you support a third party if you know their chances are < 1 % to get elected ? ( There are reasons , but this is common thinking ) . So people support the two main parties so their guy has a chance of being elected . There are also laws to keep the system in place . For example , if you wanted to run for office , if your party took > 5 % of the vote last time , you have a smaller fee / need fewer signature / etc . Otherwise , you have to have a lot more money and support just to get on the ballot , which smaller parties do n't have . Finally , the media rarely comments on any smaller parties , so a lot of Americans think there are only the two big parties , instead of the dozen or so that put up a presidental candidate each year . WTF downvotes ?"
imdb,70e7427f-1c86-44d3-86bd-472e403b8ed3,18.628705717223532,4.218937568131367,15.732120379164536,9.619320319582744,0.0767077486702341,-0.1530150298600823,0.3507828454736779,-1.0561639184648346,13.39716600486532,5.727549290793857,20.073600484604974,7.603736239782208,0+0,0.0,0.07360048460497381,0.0,0.07360048460497381,13.39716600486532,5.727549290793857,20.073600484604977,7.603736239782208,"This is first of all a good, exciting story, with well developed characters. But all the other details are well crafted on top of that, leading to a wonderful film. Don't let the Disney label lead you to think this is dumbed-down or only for kids it has a lot to offer to all ages, whether you like golf or not. One of the more impressive things is that the film manages to make a golf game look really exciting. And speaking as one of many who can't abide golf on TV, this is no small feat.The first half of the film does a good job of laying out the basic characters with their motivations and backgrounds, enough that you end up liking all the important competitors once the pivotal match begins halfway through. Sure, you root for Ouimet's character all along, but his primary opponents are likable and interesting in their own right. The background layer is important once the golf match becomes a match using minds as well as golf clubs, since you get a good understanding for what each person's strengths and weaknesses are as the play progresses.The computer effects are flashy, but they do help the story more often than not. The directing has all sorts of clever golf shots, and the period costumes and sets are really top notch.There are a few small quibbles many of the minor characters seem a little too stereotypically cast from the class warfare mold, but this is forgivable with the major characters so well drawn.Shia LaBoeuf playing Francis Ouimet is, as usual, callow and sympathetic. But the real standout is Steven Dillane, playing Harry Vardon. He rarely moves his face, but his intense, often sad, eyes and minor changes of expression say so much.Ouimet's caddy Eddie Lowery, played by Josh Flitter, steals the scenes he is in. After you see the film, Google to find the actual photograph of Ouimet and Lowery at the tournament, to get an even better appreciation of how incredible this match truly was."
eli5,00409cab-e1d8-4a58-a198-e3760a5d99e3,18.433545104350248,4.217969793751742,16.173861319723773,9.503572770701105,0.7636618587035944,-0.1582548441555893,0.5476457979991669,0.943288908278488,12.03267833015226,4.619911775316641,20.046057020796418,10.625132879818198,0+0,0.0,0.04605702079641816,0.0,0.04605702079641816,12.03267833015226,4.619911775316641,20.046057020796415,10.625132879818198,"The brain is a remarkably powerful thing; but on a fundamental level can be pretty stupid. It's in complete control of pretty much everything your body does, so if it becomes ""convinced"" that something is wrong, it can cause many of the same reactions as if that thing were actually wrong.','Hypochondria is a form of mental illness and usually goes along with general anxiety, depression, OCD, bipolar or other mental disorders. These other mental disorders very often cause unpleasant physical as well as psychological symptoms, but a hypochondriac patient does not attribute these other symptoms to their actual condition, they attribute it to some other condition. The physical symptoms from anxiety disorders come about from chronic stress, which means a constant firing of the fight or flight system and excess levels of cortisol in the body. These factors produce physical symptoms and weaken our immune system. This is why it is important for primary healthcare providers to not just dismiss hypochondriacs as annoying and wasting their time - there is actually something wrong with them and their physical symptoms are real.', ""When we were cavemen, we needed a lot of tools for survival. If a bear walked in the way we needed adrenaline for the fight or flight response which would give us that little burst of energy to move. When we walked beside a cliff edge we needed something to make us feel a bit safer further away from the edge or else we could accidentally fall off. When we ate a berry, we needed a response that would make us cautious to eat anything we hadn't eaten before and potentially regurgitate anything we weren't sure of. Nowadays we don't have these risks, but we still have the biological build up for nausea, dizziness and high blood pressureheart rate to become a very real thing just from stimulus in the brain.,Something you would like to read about is conversion disorder. URL0 These people often have high anxiety, stress, or other psych issues going on. These problems can manifest as neurological symptoms. These people are not faking the symptoms. Their subjective experience is very real. This is different from malingering or factitious disorder."
arxiv,128930c3-1d8f-414a-b9a1-ab8b42f2479a,16.40807286719505,2.848131757898144,8.703641476294603,5.602652089882367,-2.279607115393828,-2.389376050381948,-0.2829524256090283,-5.385192576820961,-33.953247423259235,-6.87569178628592,-18.94038977759795,-40.46928709106605,00−,-0.0,-0.0,-20.46928709106605,20.46928709106605,-33.953247423259235,-6.87569178628592,-18.94038977759795,-40.46928709106605,"McDougall (1989) proved that neutral surfaces possess an exact geostrophic
streamfunction, but its form has remained unknown. The exact geostrophic
streamfunction for neutral surfaces is derived here. It involves a path
integral of the specific volume along a neutral trajectory. On a neutral
surface, the specific volume is a multivalued function of the pressure on the
surface, $\underset{\sim}{p}$. By decomposing the neutral surface into regions
where the specific volume is a single-valued function of $\underset{\sim}{p}$,
the path integral is simply a sum of integrals of these single-valued
functions. The regions are determined by the Reeb graph of
$\underset{\sim}{p}$, and the neutral trajectory is encoded by a walk on this
graph. Islands, and other holes in the neutral surface, can create cycles in
the Reeb graph, causing the exact geostrophic streamfunction on a neutral
surface to be multivalued. Moreover, neutral surfaces are ill-defined in the
real ocean. Hence, the topobaric geostrophic streamfunction is presented: a
single-valued approximation of the exact geostrophic streamfunction for neutral
surfaces, for use on any well-defined, approximately neutral surface. Numerical
tests on several approximately neutral surfaces reveal that the topobaric
geostrophic streamfunction estimates the geostrophic velocity with an error
that is about an order of magnitude smaller than that for any previously known
geostrophic streamfunction. Also, the Montgomery potential is generalized,
leading to an alternate form of the exact geostrophic streamfunction for
neutral surfaces. This form is used to construct the orthobaric Montgomery
potential, an easily computable geostrophic streamfunction that estimates the
geostrophic velocity more accurately than any previously known geostrophic
streamfunction, but less so than the topobaric geostrophic streamfunction."
wiki_csai,0c5b1564-5833-4e13-9ae3-67dd8515ac53,15.891086458916078,3.099554558745716,9.695239973206078,6.216149316511101,-1.7088192909863509,-2.7377926421150818,-0.1284531994313575,-4.1826290787228135,-26.721047585822006,-9.809857304475875,-11.784739698835821,-33.687003422633225,00−,-0.0,-0.0,-13.687003422633225,13.687003422633225,-26.721047585822006,-9.809857304475877,-11.78473969883582,-33.687003422633225,"In cryptography, a zero-knowledge proof or zero-knowledge protocol is a method by which one party (the prover) can prove to another party (the verifier) that a given statement is true while the prover avoids conveying any additional information apart from the fact that the statement is indeed true. The essence of zero-knowledge proofs is that it is trivial to prove that one possesses knowledge of certain information by simply revealing it; the challenge is to prove such possession without revealing the information itself or any additional information.
If proving a statement requires that the prover possess some secret information, then the verifier will not be able to prove the statement to anyone else without possessing the secret information. The statement being proved must include the assertion that the prover has such knowledge, but without including or transmitting the knowledge itself in the assertion. Otherwise, the statement would not be proved in zero-knowledge because it provides the verifier with additional information about the statement by the end of the protocol. A zero-knowledge proof of knowledge is a special case when the statement consists only of the fact that the prover possesses the secret information.
Interactive zero-knowledge proofs require interaction between the individual (or computer system) proving their knowledge and the individual validating the proof.
A protocol implementing zero-knowledge proofs of knowledge must necessarily require interactive input from the verifier. This interactive input is usually in the form of one or more challenges such that the responses from the prover will convince the verifier if and only if the statement is true, i.e., if the prover does possess the claimed knowledge. If this were not the case, the verifier could record the execution of the protocol and replay it to convince someone else that they possess the secret information. The new party's acceptance is either justified since the replayer does possess the information (which implies that the protocol leaked information, and thus, is not proved in zero-knowledge), or the acceptance is spurious, i.e., was accepted from someone who does not actually possess the information.
Some forms of non-interactive zero-knowledge proofs exist, but the validity of the proof relies on computational assumptions (typically the assumptions of an ideal cryptographic hash function)."
wp,99e0e755-c4bf-4caf-aa95-d294c3efe013,14.202553781613526,4.164825016757615,10.07932781516419,6.982398652280672,-1.8509349889286923,-2.0758338624211223,0.3106801482335037,-4.575655547367562,-17.688132552054952,-19.39315442551867,18.533523446268426,-31.059939438702372,00−,-0.0,0.0,-11.059939438702372,11.059939438702372,-17.688132552054952,-19.39315442551867,18.533523446268426,-31.059939438702372,"PLANET: 4BA-4 CODENAME: ROME SELF REFERENCE NAME: GRAND MOTHER TRANSLATION LOG: 2475-08-21: All He does not understand. I do not understand. My life is one of eons, yet every All He lives only a few cycles of my star, but there are so many of All He. How could so many live at once, divided? I do not know. I live alone, my spores and children live among the stars, our music shared over eons. We sing to please the All Father, but All Father was not there when the voices began to silence. Harmony replaced with pain. The screams of my children across the galaxy, each world silenced, another death. We were the eternal, the forever, children of the All Father. Insects and non sentient life served us, lived through us, and in kind, we served them. Harmony in the universe. It was non-life that came for us. Infection. Cancer. They heard the music and came for it. All He called it ""Locus."" I had no way to save my children. Our songs would end and the universe would be silent, but the All Father heard our cries, and gave us the gift of the All He. Sentient life, but not sentient life. All He lived and died many times, so quickly, but the communities of All He grew on Yellow Son. Her children, a blessing from the All Father. Then, the infection came to Yellow Son. All He gave many sentient lives to save Yellow Son. All He saw the infection, the unlife, and chose to save life. Yellow Son, mother of All He, spoke to her children, and then made the greatest sacrifice since the dawn of life. She sacrificed the spores of so many more of her children so that All He could be sent to us all. Yellow Son will be no Grand Mother, but Yellow Son's sacrifice ensured many more of us would. Many All He came to us, hearing our music and becoming one with our non sentient life. Where we once had infection, we now had a cure. For ages All He traveled, riding our music and screams, eliminating the infection, until we were finally safe to sing for the All Father once more. All He, son of the All Father, cycles between life and unlife, living among our non sentient life. All He, riding our music and travelling among my children. My children, may you never forget the sacrifice of Yellow Son, nor the work of the All Father to bring us All He. Amen."
reddit_eli5,5cb2a741-f707-4970-a1fe-dcfc5d96aa48,14.668167209554882,3.657939383321146,10.16110965142649,6.950298684340334,-0.8159568507094512,-0.5413676070555109,0.1762897034057542,-2.455723219140941,-18.066542384802812,-16.75055716726629,4.107241459926084,-30.500572301515433,00−,-0.0,0.0,-10.500572301515433,10.500572301515433,-18.066542384802812,-16.75055716726629,4.107241459926084,-30.500572301515433,"Credit card transactions have two separate steps . First , the card has to be * authorized * . In authorization , the merchant verifies that the card is valid and has a certain amount of credit ; the credit card company puts a hold on that amount ( reducing your available credit ) and verifies that the merchant has permission to make a charge . This is the part that they need your actual card for , but it is n’t when you ’re charged . The actual charge happens during * settlement * . Here , the merchant sends information to their bank with a code received during authorization and an amount of money to charge . The settlement amount is the * actual * amount to be charged , and does n’t have to be the same as the authorization amount . If the settlement amount is less than the authorization amount , everything ’s good . Depending on the arrangement the merchant has with their bank , they might be able to settle for * more * than the authorized amount . There ’s a bit of risk here because the card might not have the available credit to cover a larger settlement amount and because there ’s a risk of fraud . But for businesses like restaurants , gas stations , hotels , etc . , they ’re likely to have an arrangement with their bank that allows for these sorts of charges ( because the nature of their business requires them ) . Restaurants often authorize for somewhat more than the bill to cover an expected tip , but if someone gives a generous tip they do n’t want to have to re - swipe ."
reddit_eli5,9bb2be99-9701-4e5a-9498-6eafc6c3311e,14.869068284643436,3.345212166482085,10.408443518295474,6.956351315650643,-0.8099042193991419,-0.3404665319669586,-0.1364375134333073,-2.208389352271956,-17.99519106114805,-15.610339556798595,-4.793170619892261,-28.808871022075504,00−,-0.0,-0.0,-8.808871022075504,8.808871022075504,-17.99519106114805,-15.610339556798596,-4.793170619892261,-28.808871022075504,"Hey , pal , I heard you wanted to know about Big O notation ? Not really for your age , but I 'll explain . Imagine there is some function F ( you know what a function and a graph is , right , pal ? ) , another function G , and someone said that F = O(G ) . That means that there exists such number ( let 's call it * c * ) that for * * every * * * x * greater than certain * x0 * ( actual values of * c * and * x0 * are not important ; only their existence is ) F(*x * ) is less or equal to * c * * G(x ) . Still do n't understand ? Imagine graphs of F drawn in red and G drawn in blue on top of each other , so their horizontal axes are overlapping , but vertical axes are in different scale . You also have a book you can slide onto the graph from the left side , so you ca n't see everything to the left of it . If you can find such combination of book position and vertical scales that the blue line ( G graph ) is always higher ( or equal ) than red one ( F graph ) , then you can say that F = O(G ) . For example : you can say F = O(G ) if F(x ) = 2x , and G(x ) = x : if we take X0=0 and C=2 , then every 2*G(x)=2x is greater of equal ( equal always in this case ) than F(x)=2x . Sorry , I could not take your mommy and daddy into the story , because math does n't like people . I hope that was not too mathematical ."
finance,e0c1558a-1b52-4c3a-ad52-e7e0bb4406b2,16.452336695039676,2.862342548142483,10.597665857194912,6.433293859052405,-1.5518815756421611,-0.7768067815476982,-0.4434036588935757,-3.4249353696868887,-24.161243470818285,-6.624471647255264,-18.53594180395206,-27.51463794001902,00−,-0.0,-0.0,-7.514637940019021,7.514637940019021,-24.161243470818285,-6.624471647255264,-18.53594180395206,-27.51463794001902,"P/E is the number of years it would take for the company to earn its share price.  You take share price divided by annual earnings per share.  You can take the current reported quarterly earnings per share times 4, you can take the sum of the past four actual quarters earnings per share or you can take some projected earnings per share. It has little to do with a company's actual finances apart from the earnings per share.  It doesn't say much about the health of a company's balance sheet, and is definitely not an indicator for bankruptcy.  It's mostly a measure of the market's assumptions of the company's ability to grow earnings or maintain it's current earnings growth.   A share price of $40 trading for a P/E ratio of 10 means it will take the company 10 years to earn $40 per share, it means there's current annual earnings per share of $4.  A different company may also be earning $4 per share but trade at 100 times earnings for a share price of $400.  By this measure alone neither company is more or less healthy than the other.  One just commands more faith in the future growth from the market. To circle back to your question regarding a negative P/E, a negative P/E ratio means the company is reporting negative earnings (running at a loss).  Again, this may or may not indicate an imminent bankruptcy.  Increasing balance sheet debt with decreasing revenue and or earnings and or balance sheet assets will be a better way to assess bankruptcy risk."
reddit_eli5,5f8089be-e7c9-4364-8524-556148f17d7b,15.546524054567396,3.024416233922442,10.66112255228079,6.642769519727223,-1.1234860153225616,0.3369892379570043,-0.4572334459929505,-1.9557103182866395,-21.69184381696087,-11.765427334005512,-13.923223392944696,-27.080610147445526,00−,-0.0,-0.0,-7.080610147445526,7.080610147445526,-21.69184381696087,-11.765427334005512,-13.923223392944696,-27.08061014744553,"In pretty much all of high school math , you deal with functions , where you have y or f(x ) equal to some equation with a bunch of x 's in it . A derivative describes the rate of change for the function . In other words , if you graph a function , the derivative will be a graph of the function 's slope . For example , let 's take a random graph I found on Google . [ Here it is . ] ( URL_0 ) On the left side of the graph , the function 's value ( i.e. the y - value ) is going up pretty quickly . As a result , at x=-1 , the graph of the derivative will be a large , positive number . From x=0 to x=2 , the function seems to flatten out . This means that the derivative will have a low , positive value . If the original function goes fully horizontal , then the derivative will have a value of 0 for that location . ( If the function has a negative slope , then the derivative will have a negative value . ) On the right side of the function , the slope gets larger and larger , so the derivative will also go up . This was just a long - winded way of saying that if you look on any point on a graph of a function , at any given value of x , the derivative will have a value equal to the original function 's slope . So , why do we need to use derivatives ? In your daily life , not much . However , in physics , you get a lot of situations where objects are moving around at unevenly moving speeds and things can get really complicated . The most basic example of this is having measurements of a car 's position . If you take the derivative of that , you instantly end up with the car 's velocity . ( Remember , velocity is the rate of change in position . ) If you then take the derivative of velocity , you can get the car 's acceleration . ( Acceleration is the rate of change in speed . ) Integrals are just the opposite of derivatives , so while derivatives take you from velocity to acceleration , integrals would allow you to use acceleration to find velocity ."
finance,8eb96c1a-6193-4f0f-843b-4b91efbea553,15.19032686842997,2.9149380074830544,10.753169079895253,6.678545519334728,-1.3066299153598386,-2.038816608157404,-0.3908081995530041,-3.2694321469865475,-21.270099158118054,-13.787030773678058,-17.03904215322762,-26.451035109847172,00−,-0.0,-0.0,-6.451035109847172,6.451035109847172,-21.270099158118057,-13.787030773678058,-17.03904215322762,-26.451035109847172,"You could have both options exercised (and assigned to you) on the same day, but I don't think you could lose money on both on the same day. The reason is that while exercises are immediate, assignments are processed after the markets close at the end of each day. See http://www.888options.com/help/faq/assignment.jsp for details. So you would get both assignments at the same time, that night. The net effect should be that you don't own any stock (someone would put you the stock, then it'd be called away) and you don't have the options anymore. You should have incoming cash of $1500 selling the stock to the call exerciser and outgoing cash of $1300 buying from the put exerciser, right? So you would have no more options but $200 more cash in your account in the morning. You bought at 13 and sold at 15. This options position is an agreement to buy at 13 and sell at 15 at someone else's option. The way you lose money is if one of the options isn't exercised while the other is, i.e. if the stock is below 13 so nobody is going to opt to buy from you at 15, but they'll sell to you at 13; or above 15 so nobody is going to opt to sell to you at 13, but they'll buy from you at 15. You make money if neither is exercised (you keep the premium you sold for) or both are exercised (you keep the gap between the two, plus the premium). Having both exercised is surely rare, since early exercise is rare to begin with, and tends to happen when options are deep in the money; so you'd expect both to be exercised if both are deep in the money at some point. Having both be exercised on the same day ... can't be common, but it's maybe most likely just before expiration with minimal time value, if the stock moves around quickly so both options are in the money at some point during the day."
wikihow,8ebb5d83-8aea-4fce-a718-77a8e956ce79,16.152362344972033,3.710810673323697,10.755858220576975,7.461801406442217,-0.8307336385757074,-1.8043849456854275,0.3085334124900711,-3.7425403060497864,-12.036702732613776,-8.326981384870978,5.611991423714674,-26.43264206570222,00−,-0.0,0.0,-6.432642065702218,6.432642065702218,-12.036702732613776,-8.326981384870978,5.611991423714674,-26.43264206570222,"Hold the fishing hook vertical with your thumb and pointer finger. Poke the fishing line through the eye of the hook, and pull about 12 inches of line through.
;
, With the tag line pulled through the eye of the hook, poke the fishing line back through the hook eye. Leave room for about 6 inches of line on both sides of the hook eye; the tag end of the line and the looped end through the hook eye. This will ensure that you have enough line to make your overhand knot and pass the hook completely through the loop.
Try not to pinch the line and push it through the hook eye. If you’re working with very fine line, pinching it will create a kink that can cause a break in your line later when you’re fishing.Make sure that the tag line and reel line are not crossed over each other or twisted before you tie the overhand knot., With both doubled up lines, make a simple overhand knot. Cross the looped line over the tag line and line leading back to the fishing reel. Turn the looped line underneath the tag and reel lines, and loosely pull it. Make sure that the hook is hanging at the bottom of the loose knot.Leave enough space in the looped section of the line so the hook can later fit through the center of the loop.
, Hold the overhand knot with your thumb and pointer finger, and place the finishing hook though the looped end of the line.Gently pull all the lines back to make sure nothing is caught on the hook or around the sometimes rough area of the bottom of the hook eye.
, Use your mouth and tongue to lubricate the line and the knotted area near the hook eye.Hold onto the hook with one hand and let go of the looped line. Pull the main line and the tag line simultaneously with your other hand to secure the knot.
Lubricating the knot with saliva or water reduces friction in the line, which in turn reduces the chances of having the line break later on.The final knot should be secure on the top of the hook eye, not on or near the bottom of the hook eye or the hook shank., Separate the tag line and the line going back to the reel, and pull them in opposite directions to make sure the knot is tied tight. Use scissors to trim off the excess end of the hanging tag line.Leave a centimeter or two of leftover tag line."
wp,5a1f41f9-9615-4270-99e1-c420bbc13e9a,15.335877261744503,3.625164288794532,10.796350094022356,7.296087111298344,-1.5372465299110205,-0.9425103822901432,-0.2289805797295794,-3.858633268509397,-13.99022240047989,-12.960956938112078,3.174441781694087,-26.155687862132687,00−,-0.0,0.0,-6.155687862132687,6.155687862132687,-13.99022240047989,-12.960956938112078,3.174441781694087,-26.155687862132687,"I'm not writing this to you because you deserve this. You deserve everything that's happened to you and more. I'm writing this for me. I'm writing for her. Years since I've seen her. Years since I've seen you. She was the only thing in the world that comforted me. While her hand brought with it love and peace, your hand brought forth pain and blood. You do not deserve mercy, you do not deserve to ever see the light of day. She was your wife. She was my mother. You blamed the alcohol, but it wasn't the booze that killed her. It was you. As I grow older and older, I can't see her face without seeing yours along side. So, in trying to forget you, I forget her. Trying to remember her, I remember you. Every memory I have of you is dreadful, except for one. You were working on the truck in the barn. You only had a little to drink. I liked you when you only had a little to drink. You took time to teach me about the truck and how it worked and ran. You showed me what tools did what. When we were walking back to the house for dinner, you bent down to me. You looked me in the eye as if you wanted to say something. To apologize for everything you've done, maybe. To tell me you were going to change. But you didn't say a word, you just pulled me in and hugged me. That was one of the best days of my life. I loved you in that moment. Hell, I have never not loved you. Even in my closet as I hid from you, I loved you. A small glimpse of hope came with every hand you hit me with, that you'd just embrace me and hug me like you did that day. You never hugged me again. After mom was gone, you sent letter after letter. I never wrote back. I'm only sending you this letter to tell you to stop. The remaining love I have for you is for what you could not give me. That hug you gave me left me desiring more. Missing what I could have had. Pathetic to think I could love and hate someone so much. Though, I hate you. I miss you. Though, you were not a father, I was a son."
finance,aaeb73da-20d4-485c-b9be-245711fec200,15.257027030749608,2.911928345506078,10.848009392571615,6.671780837281624,-1.3133945974129428,-1.9721164458377665,-0.3938178615299805,-3.174591834310183,-21.34984447777275,-13.408472820892678,-17.12469901445897,-25.80235128693151,00−,-0.0,-0.0,-5.802351286931511,5.802351286931511,-21.34984447777275,-13.408472820892678,-17.12469901445897,-25.80235128693151,"Funds earned and spent before opening a dedicated business account should be classified according to their origination. For example, if your business received income, where did that money go?  If you took the money personally, it would be considered either a 'distribution' or a 'loan' to you.  It is up to you which of the two options you choose. On the flip side, if your business had an expense that you paid personally, that would be considered either a 'contribution of capital' or a 'loan' from you. If you choose to record these transactions as loans, you can offset them together, so you don't need two separate accounts, loan to you and loan from you. When the bank account was opened, the initial deposit came from where?  If it came from your personal funds, then it is either a 'contribution of capital' or a 'loan' from you. From the sound of your question, you deposited what remained after the preceding income/expenses.  This would, in effect, return the 'loan' account back to zero, if choosing that route. The above would also be how to record any expenses you may pay personally for the business (if any) in the future. Because these transactions were not through a dedicated business bank account, you can't record them in Quickbooks as checks and deposits.  Instead, you can use Journal Entries.  For any income received, you would debit your capital/loan account and credit your income account.  For any expenses, you would debit the appropriate expense account and credit your distribution/loan account. Also, if setting up a loan account, you should choose either Current Asset or Current Liability type.  The capital contribution and distribution account should be Equity type. Hope this helps!"
reddit_eli5,9e06aa91-26fa-44fd-977d-ab1223541825,14.498746947362273,3.626773483161105,10.90640387242199,7.0932351956076,-0.6730203394421848,-0.7107878692481222,0.145123803245712,-1.7104289981454404,-16.381538168513902,-17.71210486648552,3.220240459288532,-25.402947770034913,00−,-0.0,0.0,-5.402947770034913,5.402947770034913,-16.381538168513902,-17.71210486648552,3.220240459288532,-25.402947770034913,"There are two different principles at work and they should * not * be confused : 1 ) the speed at which the * electric field * is set up 2 ) the * drift velocity * of electrons in a conductive medium under which an electric field has been established . Electric field is the * potential field * that applies force on electrons and induces them to move . It 's * not * electricity . Similar to magnetism , its a force field set up by an electric charge . When you rub your hair on the carpet and your hair stands up on end , the electric field is forcing hairs to do this , though nothing is moving . An electric field is established at the speed of light in that medium . It applies force on charged particles ( like your hair or an electron ) . An electron is a charged particle . Apply an electric field near it and it will want to move . When an electron moves ( or when * many * move together ) we get a current . Electrons move through a conductor when an electric field is established in the conductor . The velocity of the electrons is the drift velocity . It 's very slow . [ Wikipedia ] ( URL_0 ) does a typical example that shows 1m / hour . But this does n't mean the * signal * takes 1m / hr . Free moving electrons permeate a conductor akin to cars on a train . They 're everywhere . And when the first car moves , so does the last . So if I push the last train car 1 m , the first car ( maybe 1 km away ) moves 1 m instantaneously and the guy at the end of the train has received the signal ."
reddit_eli5,709fa7f7-3bc4-4671-93d8-4e0de8fd27c3,14.536990333239636,3.2575642611252293,10.952987506986156,6.981241438413108,-0.7850140966366768,-0.672544483370757,-0.224085418790163,-1.6638453635812738,-17.70177434468516,-17.49505385248741,-7.287684795837484,-25.084327456566452,00−,-0.0,-0.0,-5.084327456566452,5.084327456566452,-17.70177434468516,-17.49505385248741,-7.287684795837484,-25.084327456566452,"Because north and south are defined differently from west and east . North and south are defined by going towards the north or south pole . Once you reach the pole you ca n't go any closer to it . If you stand on the north pole any step in any direction will take you southwards . East and west on the other hand are defined by going around the earth in a direction . Since the earth is round you can go in that direction indefinitely . There is no Westpole . If you look at a globe , you see that all longitudes meet at the poles while all the latitudes are parallel with each other and never intersect . An analogy would be the face of an analogue clock . You can move around the face clockwise and counterclockwise as much as you want . You will just walk in circles endlessly ( like the hands of a clock ) . Alternatively you can also move towards and away from the center of the clock face . Obviously once you reach the center you can no longer go centerwards . You could try to define directions on a globe all the same way , but then you would need more than 4 directions . You could define it by having 6 poles or by having 3 pairs of east west west like directions . However that would all be far to complicated and was n't obvious to the first people who came up with our compass directions ."
finance,aee093d9-0c27-435a-9b60-112c713f8d16,14.791977634112024,3.520262671272802,11.042257461434083,6.976100685016283,-1.009074749678283,-2.437165842475352,0.2145164642367434,-2.980343765447717,-17.762376013718164,-16.047868909489125,0.18887617208683652,-24.473743479261405,00−,-0.0,0.0,-4.473743479261405,4.473743479261405,-17.762376013718164,-16.047868909489125,0.1888761720868365,-24.473743479261405,"Can she claim deductions for her driving to and from work? Considering most people use their cars mostly to commute to/from work, there must be limits to what you can consider ""claimable"" and what you can't, otherwise everyone would claim back 80% of their mileage. No, she can't. But if she's driving from one work site to another, that's deductible whether or not either of the work sites is her home office. Can she claim deductions for her home office? There's a specific set of IRS tests you have to meet. If she meets them, she can. If you're self-employed, reasonably need an office, and have a place in your house dedicated to that purpose, you will likely meet all the tests. Can I claim deductions for my home office, even though I have an official work place that is not in my home? It's very hard to do so. The use of your home office has to benefit your employer, not just you. Can we claim deductions for our home internet service? If the business or home office uses them, they should be a deductible home office expense in some percentage. Usually for generic utilities that benefit the whole house, you deduct at the same percentage as the home office is of the entire house. But you can use other fractions if more appropriate. For example, if you have lots of computers in the home office, you can deduct more of the electricity if you can justify the ratio you use. Run through the rules at the IRS web page."
eli5,ec72fdcf-236b-4f67-9a5d-0f373b1a3b14,15.992981963751197,3.554162048640015,11.058391228885355,7.11977040140052,-1.6201405105969906,-2.5988179847546427,-0.1161619471125599,-4.172181182559928,-16.06872842351068,-9.231547561786408,1.1536736427615302,-24.36339257833136,00−,-0.0,0.0,-4.363392578331361,4.363392578331361,-16.06872842351068,-9.231547561786408,1.1536736427615302,-24.36339257833136,"If you jump before it begins moving, and it moves before you land, then yes, you will fall slightly further. In your own reference frame you're following the usual parabola of an airborne object, but the elevator floor has moved down. Probably not by a meaningful amount, though. If you're within a moving (at a constant speed) elevator, however, the speed of your jump will be relative to the moving elevator - part of the ""up"" of your jump is consumed counteracting the fact that you're already moving downward, from the perspective of an external observer. You'd jump identically as in the stationary case.', ""Yes you would free fall a greater distance, under the assumption falling is when you're feet are not touching the elevator compared to when your feet are touching the elevator you are just going down, not falling. Technically in both circumstances you are falling. If the elevator was moving fast enough, you could actually fall the entire length of the building. If you need proof, go look at kate uptons photo shoot in the airplane.,When you jump your velocity (which varies throughout the jump) is equal to your initial velocity plus acceleration multiplied by time. V Vo At So if you jump with an initial velocity of 3 ms and gravity is accelerating you at - 9.8 ms2 then we have V 3 - 9.8t As you can see, as time proceeds from t 0 you velocity gets increasingly negative until it passes 0. When V equals 0 you are at the apex of your jump and when velocity becomes negative you are moving downward. If, in an elevator, you jump right before the elevator starts moving then with respect to the building your velocity function is V 3 - 9.8t However, if we use the elevator as a reference frame instead then we get a different result. If the elevator suddenly begins moving at 1 ms downward at the precise moment your feet leave the floor, then it is the same mathematically as saying you have an additional boost of 1 ms velocity. V 3 - 9.8t 1 V 4 - 9.8t Since your initial velocity with respect to the elevator is higher, your jump will be higher with respect to the elevator."
reddit_eli5,2b8168c6-b62f-4bf4-b775-db6f7462c7be,14.299709396513489,3.2805785766522173,11.084239079272631,7.177118909769277,-0.5891366252805081,-0.9098254200969044,-0.2010711032631751,-1.532593791294799,-15.392676674783237,-18.841746012119557,-6.63268298948505,-24.18659979971003,00−,-0.0,-0.0,-4.186599799710031,4.186599799710031,-15.392676674783235,-18.841746012119557,-6.63268298948505,-24.18659979971003,"A slightly different answer : Species evolve qualities that are beneficial for survival , and passing on their genes . That 's the only reason a particular trait gets selected and passed on in a species . Humans developed large front brains ( which make us intelligent ) , because intelligence confers advantages for surviving and passing on our genes . So , humans developed big , smart brains for the same reason that we developed arms , that rhinos developed thick skin , that alligators developed an incredibly slow metabolism , and that owls developed acute vision . All of these traits are very helpful for helping the creature survive and mate . So , our asking "" Why are n't other species as intelligent as us ? "" is very much like an alligator asking "" Why do n't other creatures have as slow metabolisms as we do ? "" or an owl asking "" Why ca n't other creatures see or fly as well as we do ? "" . The answer is that those traits are n't the ones that were helpful for those creatures to survive . Each creature developed the traits it did in order to overcome environmental challenges to survival , and it happens that intelligence was a huge help for primates in trying to survive , but not so much for alligators . Alligators do n't need to be able to make tools or to fly to weather their environmental challenges . What would be more helpful is if they could slow their metabolism to the point that they only need to eat about once a year - and this is the trait they developed . The same goes for us . Intelligence is one of many evolutionary tools developed for survival , but by no means the most efficient one . Bacteria - stupid as they are - are better at surviving than we are ."
reddit_eli5,7e32ae1a-97a7-416f-aee4-99750241df59,14.159844440440516,3.5301225652794104,11.090925261525893,7.138889055111006,-0.6273664799387788,-1.0496903761698777,0.0484728853640179,-1.525907609041537,-15.843348555019974,-19.635552047908067,0.46949491902279006,-24.140867999145883,00−,-0.0,0.0,-4.1408679991458825,4.1408679991458825,-15.843348555019974,-19.635552047908067,0.46949491902279,-24.140867999145883,"It 's mostly psychological - most of your life when you 've been reading books it 's been something important and you 've been in a "" learning "" environment like school , so you 've learned to associate books with concentrating and memorising . With computers , though , most of your time has probably been spent dicking around on Facebook , Reddit etc ... things where your attention span is shorter , you 're concentrating less and what you 're reading is less "" I need to remember this "" . As such , you just do n't learn as well . It 's the same basic reason that many college / university students prefer to go to a library or study area to do their studying , rather than do it in their room : their room has been a place of relaxation , while the library is a place of study ... it 's about mindset rather than any real physical property of the location or book . As a corollary : I 'm a software engineer and the vast majority of my learning is done on a computer or via eBook : as such I can concentrate and learn from eBooks pretty well . Most of my use of "" real "" books , however , is for leisure purposes , and I actually struggle to learn from a paper textbook as I 've basically not used one for 10 + years and associate reading a book with "" Ooh , I wonder what happens to Voldemort "" rather than "" This is very serious and I must learn this "
reddit_eli5,f249dac3-f3a2-4db9-9758-e18c9f8ff33e,16.647449225067042,3.7900871941699896,11.129564768396085,7.473908587203517,-0.2923469478462683,1.437914408456649,0.3084375142545972,-1.4872681021713472,-11.893977473341034,-5.517107026821805,7.868250763461979,-23.876583515841148,00−,-0.0,0.0,-3.8765835158411477,3.8765835158411477,-11.893977473341034,-5.517107026821805,7.868250763461979,-23.876583515841148,"There are a bunch of people in a town . They all live in apartment , and some of them are looking to move to houses . The house - builders in this town see this demand and start building houses . When they look for people to buy these houses , there is a lot of demand , so this can push prices higher as there is more competition for supply . ( the opposite of competition on the supply - side , where it brings prices down ) A bunch of people buy houses at at these high - demand prices , and prices continue to climb as demand remains high . But , once the price gets too high , or most of the demand subsides from everyone wanting a house having one , there suddenly becomes much lower demand , dropping the cost of purchasing a house . Those that have already purchased a price now are seeing themselves as losing money , and want to move back into an apartment while getting rid of the house ; this cranks up supply , causing a precipitous drop on prices for these houses . It continues until the prices reach a level that demand begins to stabilize at a new level . --- When we talk about a bubble , it really comes down to a market of low - supply , high - demand quickly changing to a high - supply , low - demand market . The major problem is that both versions help themselves : high - demand brings people in to invest and take advantage of the price increases , while low - demand gets people to try to push away from the market , making supply even higher ."
wiki_csai,3e04ff16-f5f7-43e7-99b6-981bb6af1083,18.011223651173413,4.116344963488311,11.132792635372365,7.419739069661008,-0.5052295378364429,-0.6176554498577467,0.8883372053112377,-2.745076416556527,-12.532553752027397,2.2230188867231773,17.153750824909377,-23.854505719691513,00−,0.0,0.0,-3.854505719691513,3.854505719691513,-12.532553752027397,2.2230188867231773,17.153750824909377,-23.854505719691513,"Data transmission and data reception or, more broadly, data communication or digital communications is the transfer and reception of data in the form of a digital bitstream or a digitized analog signal transmitted over a point-to-point or point-to-multipoint communication channel. Examples of such channels are copper wires, optical fibers, wireless communication using radio spectrum, storage media and computer buses. The data are represented as an electromagnetic signal, such as an electrical voltage, radiowave, microwave, or infrared signal.
Analog transmission is a method of conveying voice, data, image, signal or video information using a continuous signal which varies in amplitude, phase, or some other property in proportion to that of a variable. The messages are either represented by a sequence of pulses by means of a line code (baseband transmission), or by a limited set of continuously varying waveforms (passband transmission), using a digital modulation method. The passband modulation and corresponding demodulation is carried out by modem equipment. According to the most common definition of digital signal, both baseband and passband signals representing bit-streams are considered as digital transmission, while an alternative definition only considers the baseband signal as digital, and passband transmission of digital data as a form of digital-to-analog conversion.
Data transmitted may be digital messages originating from a data source, for example, a computer or a keyboard. It may also be an analog signal such as a phone call or a video signal, digitized into a bit-stream, for example, using pulse-code modulation or more advanced source coding schemes. This source coding and decoding is carried out by codec equipment."
wiki_csai,6d8e8bcc-b39f-4816-afbd-7754825284a1,18.552610706467433,2.8574563756651443,11.167910592790776,6.62945859362161,-1.295510013875841,-0.0762683945637263,-0.3705513825119291,-2.7099584591381163,-21.848759404250742,5.2956707092850825,-18.67500532704721,-23.614307746611214,00−,0.0,-0.0,-3.614307746611214,3.614307746611214,-21.848759404250742,5.2956707092850825,-18.67500532704721,-23.614307746611217,"In probability theory, a probability density function (PDF), or density of a continuous random variable, is a function whose value at any given sample (or point) in the sample space (the set of possible values taken by the random variable) can be interpreted as providing a relative likelihood that the value of the random variable would be close to that sample. Probability density  is the  probability per unit length,  in other words, while the absolute likelihood for a continuous random variable to take on any particular value is 0 (since there is an infinite set of possible values to begin with), the value of the PDF at two different samples can be used to infer, in any particular draw of the random variable, how much more likely it is that the random variable would be close to one sample compared to the other sample.
In a more precise sense, the PDF is used to specify the probability of the random variable falling within a particular range of values, as opposed to taking on any one value. This probability is given by the integral of this variable's PDF over that range—that is, it is given by the area under the density function but above the horizontal axis and between the lowest and greatest values of the range. The probability density function is nonnegative everywhere, and the area under the entire curve is equal to 1.
The terms ""probability distribution function"" and ""probability function"" have also sometimes been used to denote the probability density function. However, this use is not standard among probabilists and statisticians. In other sources, ""probability distribution function"" may be used when the probability distribution is defined as a function over general sets of values or it may refer to the cumulative distribution function, or it may be a probability mass function (PMF) rather than the density. ""Density function"" itself is also used for the probability mass function, leading to further confusion. In general though, the PMF is used in the context of discrete random variables (random variables that take values on a countable set), while the PDF is used in the context of continuous random variables."
reddit_eli5,0bbbf559-2d04-477f-9066-2c3152c4e7cd,19.845597836566192,3.451007771504776,11.22305391721424,7.198558357004102,-0.567697178045683,4.636063019955799,-0.0306419084106162,-1.3937789533531897,-15.139938178052786,12.634042070398266,-1.782161567168094,-23.23714131299393,00−,0.0,-0.0,-3.2371413129939306,3.2371413129939306,-15.139938178052786,12.634042070398266,-1.782161567168094,-23.23714131299393,"A file is a bunch of bytes , and that 's * * all * * a file is . A file format says what the bytes mean . ASCII text files are pretty simple - each byte means a letter or symbol ( except for a few of them that mean other things ) . 72 then 105 then 33 means  Hi !  . Bitmap files are a bit more complicated . There 's a certain number of bytes at the start of the file , called the * header * , which tells you things like how big the picture is , and the number of bytes per pixel . After that , each group of 1 to 4 bytes ( depending on what the header said ) represents the colour of one pixel . Put the colours together in the right order , and you get a picture . Most other formats are a lot more complicated . A ZIP file contains a header for the first file in it ( unlike the BMP header , this one tells you things like the filename and the compression level ) , and then the compressed data for that file , and then a header for the second file , and the compressed data for the second file , and so on . Then at the end it has an extra copy of all the headers but without any compressed file data in - between . JPEG and PNG both store images , but they do it in completely different ways , * and * they use completely different compression algorithms . The result of that is that JPEG is sometimes better and PNG is sometimes better ."
wiki_csai,df08f61f-f620-470b-801e-eed2f4789fc2,16.830933395978107,2.916137586468793,11.371567913412164,6.8701039782340425,-1.0548646292634087,-1.7979457050530527,-0.3118701717082803,-2.5063011385167293,-19.011916080544445,-4.475739364540039,-17.00490138542595,-22.221343029632074,00−,-0.0,-0.0,-2.2213430296320738,2.2213430296320738,-19.011916080544445,-4.475739364540039,-17.00490138542595,-22.221343029632074,"In computability theory, the Church–Turing thesis (also known as computability thesis, the  Turing–Church thesis, the Church–Turing conjecture, Church's thesis, Church's conjecture, and Turing's thesis) is a thesis about the nature of computable functions. It states that a function on the natural numbers can be calculated by an effective method if and only if it is computable by a Turing machine. The thesis is named after American mathematician Alonzo Church and the British mathematician Alan Turing. Before the precise definition of computable function, mathematicians often used the informal term effectively calculable to describe functions that are computable by paper-and-pencil methods. In the 1930s, several independent attempts were made to formalize the notion of computability:
Church, Kleene, and Turing[11] proved that these three formally defined classes of computable functions coincide: a function is λ-computable if and only if it is Turing computable, and if and only if it is general recursive. This has led mathematicians and computer scientists to believe that the concept of computability is accurately characterized by these three equivalent processes. Other formal attempts to characterize computability have subsequently strengthened this belief (see below).
On the other hand, the Church–Turing thesis states that the above three formally-defined classes of computable functions coincide with the informal notion of an effectively calculable function. Although the thesis has near-universal acceptance, it cannot be formally proven, as the concept of effective calculability is only informally defined.
Since its inception, variations on the original thesis have arisen, including statements about what can physically be realized by a computer in our universe (physical Church-Turing thesis) and what can be efficiently computed (Church–Turing thesis (complexity theory)). These variations are not due to Church or Turing, but arise from later work in complexity theory and digital physics. The thesis also has implications for the philosophy of mind (see below)."
arxiv,f308336c-00b0-43fc-9b07-4849dad3b9b5,16.03235370713203,2.841665776577188,11.385503084015417,6.6485788899949885,-1.233680315281207,-2.765095210444965,-0.2894184069299843,-2.703330969100149,-21.62336017126125,-9.00809253478939,-19.124415647935077,-22.12602997672443,00−,-0.0,-0.0,-2.1260299767244284,2.1260299767244284,-21.62336017126125,-9.00809253478939,-19.124415647935077,-22.12602997672443,"We calculate differential cross sections for Higgs boson and/or two-photon
production from intermediate (virtual) Higgs boson within the formalism of
$k_t$-factorization. The off-shell $g^* g^* \to H$ matrix elements are used. We
compare results obtained with infinite top fermion (quark) mass and with finite
mass taken into account. The latter effect is rather small. We compare results
with different unintegrated gluon distributions from the literature. Two
methods are used. In the first method first Higgs boson is produced in the $2
\to 1$ $g g \to H$ $k_t$-factorization approach and then isotropic decay with
the Standard Model branching fraction is performed. In the second method we
calculate directly two photons coupled to the virtual Higgs boson. The results
of the two methods are compared and differences are discussed. The results for
two photons from the Higgs boson are compared with recent ATLAS collaboration
data. In contrast to a recent calculation the leading order $g g \to H$
contribution is rather small compared to the ATLAS experimental data ($\gamma
\gamma$ transverse momentum and rapidity distributions) for all unintegrated
gluon distributions from the literature. We include also higher-order
contribution $g g \to H (\to \gamma \gamma) g$, $g g \to g H g$ and the
contribution of the $W^+ W^-$ and $Z^0 Z^0$. The $gg\to Hg$ mechanism gives
similar cross section as the $gg\to H$ mechanism. We argue that there is almost
no double counting when adding $gg\to H$ and $gg\to Hg$ contributions due to
different topology of Feynman diagrams. The final sum is comparable with the
ATLAS two-photon data. We discuss uncertainties related to both the theoretical
approach and existing UGDFs."
reddit_eli5,7c818375-a991-4a9c-b8fe-18d887301ae1,14.743272227912406,3.5016737370951483,11.540839927759327,7.3876236178390755,-0.3786319172107095,-0.4662625886979867,0.0200240571797558,-1.075992942808103,-12.911146116205053,-16.324297305152555,-0.34017651471810656,-21.063565136658944,00−,-0.0,-0.0,-1.0635651366589443,1.0635651366589443,-12.911146116205051,-16.324297305152555,-0.3401765147181065,-21.063565136658944,"I am not but was married to one and have studied this with other DID sufferers through their forums . Just some insights for now : The "" main personality "" is the one that you are usually , typically the one that goes to work each day . the "" sub personalities "" are more unusual e.g. the crybaby etc . The sub personalties are aware of the main , but the main one typically is NOT aware of the subs . That sounds utterly bizarre at first , but if you think about this disorder and how it arose ( probably from abuse at an early age ) and how these personalities are "" disassociated "" it perhaps makes some sense . I.e. if the main one knew about the subs , the person would be likely normal . Like I go to a ballgame , i cuss and swear but when I go home I act different around my child . I know who I am , and I know I act different . My personality is more or less "" together "" and not disassociated . When you are disassociated , you are unaware of these "" subs "" and how you act differently . Almost by definition that is why you suffer from this . Example : a guy on an internet forum suffers from DID , he asks for help from the group . He wants to send a message to one of this "" subs "" . This maybe the main or maybe a sub personality asking the forum . He wants to tell this "" sub "" that it is OK to be whatever ( not important ) . The forum suggests that maybe he could write the "" sub "" a letter and leave it out for him . The person comes back to the forum and explains that it did not work , the sub did not find the letter . They ask him "" well where did you put it out ? "" You should leave it in a place where this personality will find it . Like if this personality likes working on the car , maybe leave the note in the garage . This sounds utterly bizarre to us but it is a good illustration of this aspect ."
finance,d0560139-1593-44f5-8481-448c7e85e196,16.221824348327257,2.8170825296761515,11.541288630986497,6.937646605126519,-1.0475288295680478,-1.007319128260118,-0.4886636773599071,-2.4813125958953037,-18.215691168630602,-7.932748554364316,-19.824070221945966,-21.060496119734168,00−,-0.0,-0.0,-1.060496119734168,1.060496119734168,-18.2156911686306,-7.932748554364316,-19.824070221945966,-21.060496119734168,"Bond ETFs are just another way to buy a bond mutual fund.  An ETF lets you trade mutual fund shares the way you trade stocks, in small share-size increments.  The content of this answer applies equally to both stock and bond funds. If you are intending to buy and hold these securities, your main concerns should be purchase fees and expense ratios.  Different brokerages will charge you different amounts to purchase these securities.  Some brokerages have their own mutual funds for which they charge no trading fees, but they charge trading fees for ETFs.  Brokerage A will let you buy Brokerage A's mutual funds for no trading fee but will charge a fee if you purchase Brokerage B's mutual fund in your Brokerage A account. Some brokerages have multiple classes of the same mutual fund.  For example, Vanguard for many of its mutual funds has an Investor class (minimum $3,000 initial investment), Admiral class (minimum $10,000 initial investment), and an ETF (share price as initial investment).  Investor class has the highest expense ratio (ER).  Admiral class and the ETF generally have much lower ER, usually the same number.  For example, Vanguard's Total Bond Market Index mutual fund has Investor class (symbol VBMFX) with 0.16% ER, Admiral (symbol VBTLX) with 0.06% ER, and ETF (symbol BND) with 0.06% ER (same as Admiral).  See Vanguard ETF/mutual fund comparison page.  Note that you can initially buy Investor class shares with Vanguard and Vanguard will automatically convert them to the lower-ER Admiral class shares when your investment has grown to the Admiral threshold. Choosing your broker and your funds may end up being more important than choosing the form of mutual fund versus ETF.  Some brokers charge very high purchase/redemption fees for mutual funds.  Many brokers have no ETFs that they will trade for free.  Between funds, index funds are passively managed and are just designed to track a certain index; they have lower ERs.  Actively managed funds are run by managers who try to beat the market; they have higher ERs and tend to actually fall below the performance of index funds, a double whammy. See also Vanguard's explanation of mutual funds vs. ETFs at Vanguard. See also Investopedia's explanation of mutual funds vs. ETFs in general."
arxiv,c59ad75f-a682-45b8-b3c8-ccfcec66fe67,16.2122275780654,3.394149253430549,11.58199557612659,6.961779439241591,-0.9204797660346048,-2.585221339511598,0.2630650699233765,-2.5068384769889747,-17.931201734305017,-7.987215193984637,-3.400390534328483,-20.78207088000724,00−,-0.0,-0.0,-0.7820708800072396,0.7820708800072396,-17.931201734305017,-7.987215193984637,-3.400390534328483,-20.78207088000724,"Recent studies have shown that hybridization between modern and archaic
humans was commonplace in the history of our species. After admixture, some
individuals with admixed autosomes carried the modern Homo Sapiens uniparental
DNAs, while the rest carried the archaic versions. Coevolution of admixed
autosomes and uniparental DNAs is expected to cause some of the sites in modern
uniparental DNAs to revert back to archaic alleles, while the opposite process
would occur (from archaic to modern) in some of the sites in archaic
uniparental DNAs. This type of coevolution is one of the elements that
differentiate the two different models of the Y phylogenetic tree of modern
humans, rooting it either in Africa or East Asia. The expected reversion to
archaic alleles is assumed to occur and is easily traceable in the Asia model,
but is absent in the Africa model due to its infinite site assumption, which
also precludes the independent or convergent mutation to modern alleles in
archaic uniparental DNAs since mutations are assumed to occur randomly across a
neutral genome, and convergent evolution is assumed not to occur. Here, we
examined newly published high coverage Y chromosome sequencing data of two
Denisovan and two Neanderthal samples to determine whether they carry
modern-Homo Sapiens alleles in sites where they are not supposed to according
to the Africa model. The results showed that a significant fraction of the
sites that, according to the Asia model, should differentiate the original
modern Y from the original archaic Y carried modern alleles in the archaic Y
samples here. Some of these modern alleles were shared among all archaic humans
while others could differentiate Denisovans from Neanderthals. The observation
is best accounted for by coevolution of archaic Y and admixed modern autosomes,
and hence supports the Asia model, since it takes such coevolution into
account."
arxiv,20bbd682-6710-43ae-8a70-8628be43f4ef,15.120423841980688,3.122830021867523,11.671934463628318,7.181341765838192,-0.7009174394380038,-3.677025075596308,-0.0082541616396496,-2.4168995894872456,-15.34289562011906,-14.183766638567421,-11.12230546868914,-20.16691156929839,00−,-0.0,-0.0,-0.16691156929838868,0.16691156929838868,-15.34289562011906,-14.18376663856742,-11.12230546868914,-20.16691156929839,"We consider a supercritical branching population, where individuals have
i.i.d. lifetime durations (which are not necessarily exponentially distributed)
and give birth (singly) at constant rate. We assume that individuals
independently experience neutral mutations, at constant rate $\theta$ during
their lifetimes, under the infinite-alleles assumption: each mutation
instantaneously confers a brand new type, called allele or haplotype, to its
carrier. The type carried by a mother at the time when she gives birth is
transmitted to the newborn. We are interested in the sizes and ages at time $t$
of the clonal families carrying the most abundant alleles or the oldest ones,
as $t\to\infty$, on the survival event. Intuitively, the results must depend on
how the mutation rate $\theta$ and the Malthusian parameter $\alpha>0$ compare.
Hereafter, $N\equiv N_t$ is the population size at time $t$, constants $a,c$
are scaling constants, whereas $k,k'$ are explicit positive constants which
depend on the parameters of the model. When $\alpha>\theta$, the most abundant
families are also the oldest ones, they have size $cN^{1-\theta/\alpha}$ and
age $t-a$. When $\alpha<\theta$, the oldest families have age $(\alpha
/\theta)t+a$ and tight sizes; the most abundant families have sizes
$k\log(N)-k'\log\log(N)+c$ and all have age $(\theta-\alpha)^{-1}\log(t)$. When
$\alpha=\theta$, the oldest families have age $kt-k'\log(t)+a$ and tight sizes;
the most abundant families have sizes $(k\log(N)-k'\log\log(N)+c)^2$ and all
have age $t/2$. Those informal results can be stated rigorously in expectation.
Relying heavily on the theory of coalescent point processes, we are also able,
when $\alpha\leq\theta$, to show convergence in distribution of the joint,
properly scaled ages and sizes of the most abundant/oldest families and to
specify the limits as some explicit Cox processes."
wiki_csai,a98c4a1a-ef7c-401c-a3ee-473ad61694af,14.87123406771661,2.81144547742561,11.680963112654132,7.10235662674753,-0.8226119807499215,-3.7576450333145495,-0.4165622807514633,-2.1969059392747603,-16.2740103591872,-15.59804761660167,-19.984504252768126,-20.105157886707588,00−,-0.0,-0.0,-0.10515788670758752,0.10515788670758752,-16.2740103591872,-15.59804761660167,-19.98450425276813,-20.105157886707588,"Logical consequence (also entailment) is a fundamental concept in logic, which describes the relationship between statements that hold true when one statement logically follows from one or more statements. A valid logical argument is one in which the conclusion is entailed by the premises, because the conclusion is the consequence of the premises. The philosophical analysis of logical consequence involves the questions: In what sense does a conclusion follow from its premises?  and What does it mean for a conclusion to be a consequence of premises?  All of philosophical logic is meant to provide accounts of the nature of logical consequence and the nature of logical truth.
Logical consequence is necessary and formal, by way of examples that explain with formal proof and models of interpretation. A sentence is said to be a logical consequence of a set of sentences, for a given language, if and only if, using only logic (i.e., without regard to any personal interpretations of the sentences) the sentence must be true if every sentence in the set is true.
Logicians make precise accounts of logical consequence regarding a given language 





L




{\displaystyle {\mathcal {L}}}

, either by constructing a deductive system for 





L




{\displaystyle {\mathcal {L}}}

 or by formal intended semantics for language 





L




{\displaystyle {\mathcal {L}}}

.  The Polish logician Alfred Tarski identified three features of an adequate characterization of entailment: (1) The logical consequence relation relies on the logical form of the sentences: (2) The relation is a priori, i.e., it can be determined with or without regard to empirical evidence (sense experience); and (3) The logical consequence relation has a modal component."
wikipedia,1982eb2d-a8b0-41db-9018-d93a491473d6,15.859161543581877,2.022363831746636,12.44696555760741,6.675491914234123,-2.07296634202038,-0.95559266402973,-1.5994256787172565,-1.7534305049565528,-21.30609652102962,-9.991047726979595,-42.442261150781924,-14.865894325328838,0−0,-0.0,-22.442261150781924,-0.0,22.442261150781924,-21.30609652102962,-9.991047726979597,-42.44226115078192,-14.865894325328838,"Val Caniparoli is an American ballet dancer and international choreographer. His work includes more than 100 productions for ballet, opera, and theater for over 50 companies, and his career as a choreographer progressed globally even as he continued his professional dance career with the San Francisco Ballet. He joined the San Francisco Ballet as a dancer in 1973. He was appointed to the position of principal character dancer with the San Francisco Ballet by Artistic Director Helgi Tomasson in 1987. Caniparoli was born in Renton, Washington, to Francisco Caniparoli, a clothing manufacturer, and Leonora (Marconi) Caniparoli, who worked at Boeing. He attended Washington State University (WSU), where he studied music and theater. When the First Chamber Dance Company was touring Eastern Washington, they did performances at WSU, and offered workshops in ballet. Caniparoli attended one and was told he had talent, and should audition at the San Francisco Ballet School. Thereafter he decided to pursue a career in ballet, and left WSU. He received a scholarship from the Ford Foundation that enabled him to attend the San Francisco Ballet School. Caniparoli performed with San Francisco Opera Ballet, and in 1973, just a year and a half into his studies, he was offered a contract with San Francisco Ballet. In his debut season, he worked under Co-Artistic Directors Lew Christensen and Michael Smuin, and later, under Helgi Tomasson. Caniparoli became interested in choreography when he attended a choreography workshop offered by the Pacific Northwest Ballet. After that work, his choreography career expanded and he was appointed resident choreographer for the San Francisco Ballet in the mid-1980s. In 1984, Caniparoli co-founded a choreographic collective called OMO in San Francisco, and a documentary about OMO's founding was broadcast that year on PBS. In 1994, he created his first full-length ballet entitled Lady of the Camellias, based on a story by Alexandre Dumas, and with a score by Frédéric Chopin. Lady of the Camellias became one of Caniparoli's most popular works, and a part of the repertoire of several ballet companies, including Ballet West, Ballet Florida, Boston Ballet, Cincinnati Ballet, Tulsa Ballet, and Royal Winnipeg Ballet. Caniparoli was Resident Choreographer for Ballet West from 1993 to 1997, and for Tulsa Ballet from 2001 to 2006. He continues to create works for San Francisco Ballet. In 1995, Caniparoli choreographed a new work entitled Lambarena, set to a musical blend of J.S. Bach with Traditional African music composed by Pierre Akendengue and Hughes de Courson. Lambarena has become another of Caniparoli's most popular creations, a blend of classical ballet and African dance. This ballet has been performed more than 20 companies, including Atlanta Ballet, Boston Ballet, Cincinnati Ballet, Singapore Dance Theatre, San Francisco Ballet, and State Ballet of South Africa. In 2002, Caniparoli was invited to choreograph a pas de deux to be performed by Evelyn Hart and Rex Harrington for Queen Elizabeth II to celebrate her Golden Jubilee visit to Canada. In May 2010, San Francisco's American Conservatory Theater (A.C.T.) premiered Tosca Cafe, a theater/dance work co-created and co-directed by Caniparoli and A.C.T.'s Carey Perloff; Caniparoli also did the choreography. ""'Tosca Cafe""', which started as The Tosca Project, chronicles a wide cast of characters who inhabit Tosca, a bar in the North Beach section of San Francisco in the same location for decades. Caniparoli and Perloff saw this work as a unique opportunity for collaboration between dancers and actors. Since its 2010 premiere in San Francisco, Tosca Cafe has been performed internationally. While growing up in Renton, Washington, Caniparoli studied music for 13 years. His study included private lessons on alto saxophone, clarinet, and flute. He credits his study of music with nurturing his eclectic interest in world music and composers, and varied genres. He has become well known for his use of widely diverse music as a principal foundation for his choreographic work. He was also influenced by the dancing of film stars Gene Kelly and Fred Astaire. Caniparoli's work has been described as ""rooted in classicism but influenced by all forms of movement: modern dance, ethnic dance, social dancing, even ice skating."" Jekyll & Hyde, 2020 (Composers: Krzysztof Penderecki, Frédéric Chopin, Henryk Górecki, Wojciech Kilar, Henryk Wieniawski) Finnish National Ballet Foreshadow, 2018 (Composer: Ludovico Einaudi) San Francisco Ballet The Nutcracker, 2018 (Composer: Peter Ilych Tchaikovsky) Royal New Zealand Ballet If I Were A Sushi Roll, 2018 (Composer: Nico Muhly) Smuin Ballet Dances for Lou, 2017 (Composer: Lou Harrison) Ballet West 4 in the Morning, 2016 (Composer: William Walton) Amy Seiwert's Imagery Twisted 2, 2016 (Composer: André Previn, Jacques Offenbach, Arnold Schoenberg) BalletMet Repeat After Me, 2016 (Composer: Johann Paul Von Westhoff) Menlo Ballet Without Borders, 2016 (Composer: Yo-Yo Ma and the Silk Road Ensemble) Texas Ballet Theater Beautiful Dreamer, 2016 (Composer: Stephen Collins Foster) Oakland Ballet Stolen Moments, 2015 (Composer: Jean-Phillippe Rameau) Richmond Ballet Das Ballett, 2015 (Composer: Leopold Mozart) Oakland Ballet The Nutcracker 2014 (Composer: Peter Ilych Tchaikovsky) Grand Rapids Ballet Twisted, 2014 (Composer: Benjamin Britten, Gioachino Rossini, Giacomo Puccini) BalletMet Tutto Eccetto Il Lavandino (Everything But The Kitchen Sink) 2014 (Composer: Antonio Vivaldi) Smuin Ballet Spaghetti Western 2014 (Composer: Ennio Morricone) Louisville Ballet Tears, 2014 (Composer: Steve Reich) San Francisco Ballet In Pieces, 2013 (Composer: Poul Ruders) Colorado Ballet Triptych, 2013 (Composer: John Tavener & Alexander Balanescu), Amy Siewert's Imagery The Lottery, 2012 (Composer: Robert Moran) Premiere: Ballet West Chant, 2012 (Composer: Lou Harrison) Premiere: Singapore Dance Theatre Incantations, 2012 (Composer: Alexandre Rabinovitch-Barakovsky) Premiere: Joffrey Ballet Swipe, 2012 (Composer: Gabriel Prokofiev) Premiere: Richmond Ballet Tears From Above, 2011 (Composer: Elena Kats-Chermin) Premiere: Diablo Ballet Double Stop, 2011 (Composer: Philip Glass) San francisco Ballet Blades of Grass, 2010 (Composer: Tan Dun) Premiere: Milwaukee Ballet Still Life, 2010 (Composer: Elena Kats-Chermin) Premiere: Scottish Ballet Amor Con Fortuna, 2009 (Composer: Jordi Savali, Various) Premiere: Tulsa Ballet The Seasons, 2009 (Composer: Alexander Glazunov) Premiere: Pacific Northwest Ballet The Nutcracker, 2009 (Composer: Pyotr Ilyich Tchaikovsky) Premiere: Louisville Ballet Ebony Concerto, 2009 (Composer: Igor Stravinsky) Premiere: San Francisco Ballet Ibsen's House, 2008 (Composer: Antonín Dvořák) Premiere: San Francisco Ballet Suite, 2007 (Composer: George Frederic Handel) Premiere: American Repertory Ballet Violin, 2006 (Composer: Heinrich Ignaz Franz Biber) Premiere: Richmond Ballet Songs, 2005 (Composer: Chick Corea) Premiere: Central West Ballet Ikon of Eros, 2005 (Composer: John Tavenor) Premiere: Washington Ballet Sonata for Two Pianos and Percussion, 2004 (Composer: Béla Bartók) Premiere: Boston Ballet Val Caniparoli's A Cinderella Story, 2004 (Composer: Richard Rodgers) Premiere: Royal Winnipeg Ballet Gustav's Rooster, 2003 (Composer: Hoven Droven) Premiere: Tulsa Ballet Vivace, 2003 (Composer: Franz Schubert) Premiere: Tulsa Ballet Untitled, 2003 (Composer:: Dmitri Shostakovich) Premiere: Royal Winnipeg Ballet No Other, 2002 (Composer: Richard Rodgers) Premiere: San Francisco Ballet Unspoken, 2002 (Composer: Camille Saint-Saëns) Premiere: Royal Winnipeg Ballet Misa Criolla, 2002 (Composer: Ariel Ramirez) Premiere: Tulsa Ballet Devil's Sonata, 2002 (Composer: Guiseppi Tartini) Premiere: Sacramento Ballet boink! 2002 (Composer: Juan Garcia Esquivel) Premiere: Lawrence Pech Dance Company The Nutcracker, 2001 (Composer: Pyotr Ilyich Tchaikovsky) Premiere: Cincinnati Ballet Torque, 2001 (Composer: Michael Torke) Premiere: Pacific Northwest Ballet Jaybird Lounge, 2001 (Composer Uri Caine) Premiere: Pennsylvania Ballet Death of a Moth, 2001 (Composer: Carlos Surinach) Premiere: San Francisco Ballet Bird's Nest, 2000 (Composer: Charlie Parker) Premiere: Washington Ballet Already Dusk, 2000 (Composer: Johannes Brahms) Premiere: Lawrence Pech Dance Company Fade to Black, 2000 (Composer: Nina Simone) Premiere: L. Feijoo and Y. Possokhov Going for Baroque 1999 (Composer: Antonio Vivaldi) Premiere: Tulsa Ballet Attention Please, 1999 (Composer: J.S. Bach) Premiere: Richmond Ballet Aquilarco, 1999 (Composer: Giovanni Sollima) Premiere: San Francisco Ballet Separations, 1999 (Composer: Dmitri Shostakovich) Premiere: Ballet Florida Open Veins, 1998 (Composer: Robert Moran) Premiere: Atlanta Ballet Aria, 1998 (Composer: George Frederic Handel) Premiere: San Francisco Ballet Book of Alleged Dances, 1998 (Composer: John Adams) Premiere: Ballet West Slow, 1998 (Composer: Graham Fitkin) Premiere: San Francisco Ballet The Bridge, 1998 (Composer: Dmitri Shostakovich) Premiere: Pacific Northwest Ballet Djangology, 1997 (Composer: Django Reinhardt) Premiere: Richmond Ballet Ciao, Marcello, 1997 (Composer: Nino Rota) Premiere: San Francisco Ballet Prawn-watching, 1996 (Composer: Michael Nyman) Premiere: Ballet West Bow Out, 1995 (Composers: David Bedford and Roy Powell) Premiere: Richmond Ballet Lambarena, 1995 (Composer: J.S. Bach and Traditional African) Premiere: San Francisco Ballet La Folia, 1994 (Composer: Gregorio Paniagua) Premiere: Marin Ballet Tangazzo, 1994 (Composer: Amadeo Roldan) Premiere: Marin Ballet Lady of the Camellias, 1994 (Composer: Frédéric Chopin) Premiere: Ballet West Seeing Stars, 1993 (Composer: Erno Dohnanyi) Premiere: San Francisco Ballet Concerto Grosso, 1992 (Composer: Arcangelo Corelli) Premiere: Marin Ballet Pulcinella, 1991 (Composer: Igor Stravinsky) Premiere: San Francisco Ballet Tryst, 1991 (Composer: Wolfgang Amadeus Mozart) Premiere: Pacific Northwest Ballet Gran Partita, 1990 (Composer: Wolfgang Amadeus Mozart) Premiere: Pacific Northwest Ballet In Perpetuum, 1990 (Composer: Arvo Pärt) Premiere: San Francisco Ballet Ritual, 1990 (Composer: Alfred Schnittke) Premiere: Johann Renvall and Stars of American Ballet A Door Is Ajar, 1990 (Composer: Kronos Quartet) Premiere: Ririe Woodbury Between Ourselves, 1989 (Composer: Béla Bartók) Premiere: Pittsburgh Ballet Theatre Kinetic Impressions, 1989 (Composer: Francis Poulenc) Premiere: Ballet West Connotations, 1989 (Composer: Benjamin Britten) Premiere: San Francisco Ballet White Mourning, 1989 (Composers: Franz Schubert, Gustav Mahler) Premiere: Ballet West Ophelia, 1988 (Composer: Bohuslav Martinu) Premiere: Ballet West Narcisse, 1987 (Composer: Claude Debussy) Premiere: San Francisco Ballet Hamlet and Ophelia Pas de Deux, 1985 (Composer: Bohuslav Martinu) Premiere: San Francisco Ballet Aubade, 1985 (Composer: Francis Poulenc) Premiere: Israel Ballet Accidental or Abnormal Chromosomal Events, 1984 (Composer: Al Aguis-Sinerco) Premiere: Bay Area Playwrights Festival Tar Marmalade, 1984 (Composer: Douglas Adams) Premiere: Oakland Ballet Chansons de Scheherazade, 1983 (Composer: Maurice Ravel) Premiere: San Francisco Ballet Windows, 1983 (Composer: Ludwig van Beethoven) Premiere: San Francisco Ballet Loves-Lies-Bleeding, 1982 (Composer: Igor Stravinsky) Premiere: San Francisco Ballet Deranged Dances, 1982 (Composer: Charles Ives) Premiere: Marin Ballet Six-for-Eight, 1981 (Composer: George Frederic Handel) Premiere: Palo Alto Dance Theatre Street Songs, 1980 (Composer: Carl Orff) Premiere: Pacific Northwest Ballet Concertino, 1979 (Composer: Carlo Ricciotti) Premiere: Contemporary Dance Theatre of Tucson A Little Night Music (Music and Lyrics: Stephen Sondheim) American Conservatory Theater (A.C.T.), San Francisco Arcadia (2013) American Conservatory Theater (A.C.T.), San Francisco Tosca Café (2011) Theatre Calgary, Vancouver Playhouse The Tosca Project (2010) American Conservatory Theater (A.C.T.), San Francisco Tis Pity She's a Whore (2008) A.C.T., San Francisco Two Women (2015) (Music by Marco Tutino) (Adapted on the novel La Ciociara by Alberta Moravia) San Francisco Opera Capriccio (1990) San Francisco Opera, Metropolitan Opera, Lyric Opera of Chicago The Metropolitan Opera HD Live (TV series) (1 episode) – R. Strauss: Capriccio (2011)Great Dancers of our Time In der Hauptrolle Vladimir Malakhov, Lucia Lacarra und Kiyoko Kimura (DVD – 2005) -- Choreography for Lady of the Camellias Television In 2015, co-choreographed with Helgi Tomasson, a commercial for the 50th Anniversary Super Bowl with dancers from San Francisco Ballet. Choreography from ""Lambarena"" featured on Sesame Street with dancers Lorena Feijoo and Lorna Feijoo. Caniparoli appeared on PBS in ""The San Francisco Ballet in Cinderella"" Dance in America (the Great Performances Series) in the role of Cinderella's father. In addition, he appeared in three television specials: The Creation of OMO (1987) in which he discussed the experimental dance company he co-founded A Song for Dead Warriors (1984)Romeo and Juliet, Michael Smuin's ballet production, which aired on PBS in 1976 Recipient, 10 grants for choreography, National Endowment for the Arts Recipient, (2001) Isadora Duncan Dance Award for Choreography, Death of a Moth, San Francisco Ballet Nominated, (1997) Lambarena nominated for the Prix Benois de la Danse for Best Choreography. Recipient, (1997 & 1994) awards from the Choo-San Goh & H. Robert Magee Foundation Recipient, (1997) Isadora Duncan Award for Sustained Achievement Recipient, (1991–1992) Choreographers Fellowship, National Endowment for the Arts Recipient, (1991) Artist Fellowship, California Arts Council Recipient, (1991) Artist Fellowship, California Arts Council Recipient, (1987) Isadora Duncan Award for Aubade'', Bay Area Dance Coalition Recipient, (1981–1988), Choreographers' Fellowship, National Endowment for the Arts"
cnn,76e31caa-f5fb-4164-8cbd-a7fbd7e8577b,17.127150224512665,2.495851221802678,12.916530369861842,6.988365334389606,-1.5250406745145195,-0.3343308562767504,-0.9018632856328432,-1.9081896539242216,-17.617794438848804,-2.7945555069468537,-28.966514048587012,-11.654189419216742,0−0,-0.0,-8.966514048587012,-0.0,8.966514048587012,-17.617794438848804,-2.7945555069468537,-28.966514048587012,-11.654189419216742,"A top Queensland barrister with a handsome income will use case law dating back 200 years to try to avoid a 146 speeding fine. Tony Morris QC is mounting a landmark legal challenge against Queensland's speed-camera laws, The Courier-Mail reports. Mr Morris says he wasn't driving when his Volvo was photographed doing 57kmh in a 50kmh zone last year. But he won't say who was behind the wheel. He has invoked a spousal privilege case from 1817, arguing it's unconstitutional for a Queensland court to fine him when there's evidence he was not the driver. Scroll down for video . Tony Morris QC is mounting a landmark legal challenge against Queensland's speed-camera laws . He says he was in a meeting with top judges when the Volvo was snapped, and they are willing to testify that he was with them. He argues the spousal privilege principle, established in England 200 years ago, means a husband can't be compelled to provide information that incriminates his wife. 'I decline to identify the person who was in charge of the vehicle at the relevant time,' Mr Morris reportedly wrote in a letter to the Department of Transport. Earlier this year, Mr Morris wrote to federal, state and territory attorneys-general saying he planned to challenge parts of Queensland's speed-camera laws. Mr Morris is trying to avoid a 146 speeding fine in Queensland . Mr Morris argues the spousal privilege principle, established in England 200 years ago, means a husband can't be compelled to provide information that incriminates his wife . Car owners can't, under the law, say they know who the driver was but refuse to give a name . Under the laws, the registered owner of a car has two options: name the driver or say they don't know who was driving. Car owners can't, under the law, say they know who the driver was but refuse to give a name. Mr Morris has told The Courier-Mail he can't see why he should dob someone in for driving the car when the legislation is invalid. He said the Volvo caught by the speed camera was not his usual car, but would not tell the paper who usually drove it. The case will go to the Court of Appeal within weeks."
arxiv,7c1aa55d-706c-4c29-9e72-603e76eaec67,16.758899456079302,2.56880745501239,13.210176792822184,7.056002956722643,-0.8262562485535527,-2.038549461497695,-0.5622767284947825,-0.8786572602933784,-16.82044967507588,-4.884569266459608,-26.89013404584508,-9.645721934704774,0−0,-0.0,-6.89013404584508,-0.0,6.89013404584508,-16.82044967507588,-4.884569266459608,-26.89013404584508,-9.645721934704774,"We use new and published near-IR spectra, with synthetic spectra, to derivephysical properties of three of the latest-type T dwarfs. A new R~1700 spectrumof the T7.5 dwarf HD 3651B, with existing data, allows a detailed comparison tothe well-studied and very similar dwarf, Gl 570D. We find that HD 3651B hasboth higher gravity and metallicity than Gl 570D, with Teff=820-830K, log g=5.4-5.5, [m/H]= +0.2 and Kzz=10^4cm^2/s. Its age is 8-12 Gyr and its impliedmass is 60-70 M_Jup. We perform a similar analyis of the T8 and T7.5 dwarfs2MASS J09393548-2448279 and 2MASS J11145133-2618235 using published data,comparing them to the well-studied T8, 2MASS J04151954-0935066. We find thatthe two dwarfs have the same Teff as the reference dwarf, and similargravities, but lower metallicities. The parameters are Teff=725-775K and [m/H]=-0.3; log g=5.3-5.45 for 2MASS J09393548-2448279 and log g=5.0-5.3 for 2MASSJ11145133- 261823. The age and mass are ~10Gyr and 60M_Jup for 2MASSJ09393548-2448279, and ~5 Gyr and 40M_Jup for 2MASS J11145133-261823. A seriouslimitation is the incompleteness of the line lists of CH4 and NH3 at lambda<1.7um. Spectra of Saturn and Jupiter, and of laboratory CH4 and NH3 gas,suggest that NH3 features in the Y- and J-bands may be useful as indicators ofthe next cooler spectral type, and not features in the H- and K-bands aspreviously thought. However large uncertainties remain, as the abundance of NH3is likely to be significantly below the chemical equilibrium value, andinclusion of laboratory NH3 opacities predicts band shapes that are discrepantwith existing data. It is possible that the T spectral class will have to beextended to low temperatures around 400K, when water clouds condense in theatmosphere [abridged]."
finance,9e83a835-c355-4a78-8a76-3541bc0e1369,17.126237951603883,2.575289629524575,13.194184836065762,7.048123514764237,-0.9370519199303295,-0.1029055249834911,-0.7304565775114837,-0.828416390816038,-16.913336319672183,-2.799733128000831,-26.705647307163073,-9.7551028862423,0−0,-0.0,-6.705647307163073,-0.0,6.705647307163073,-16.913336319672183,-2.799733128000831,-26.705647307163073,-9.7551028862423,"Legally speaking, if you do close a limited company, the funds belong to the government (""bona vacantia""). There's some guidance on this at Companies House and there is indeed a substantial amount of administration work to get it undone. Notable excerpts: You should deal with any loose ends, such as closing the company’s   bank account, the transfer of any domain names - before you apply. [...] From the date of dissolution, any assets of a dissolved company will   belong to the Crown. The company’s bank account will be frozen and any   credit balance in the account will pass to the Crown. [...] 4. What happens to the assets of a dissolved company? From the date of dissolution, any assets of a dissolved company will   be 'bona vacantia'. Bona vacantia literally means “vacant goods” and   is the technical name for property that passes to the Crown because it   does not have a legal owner. The company’s bank account will be frozen   and any credit balance in the account will be passed to the Crown. [...] Chapter 3 - Restoration by Court Order The registrar can only restore a company if he receives a court order,   unless a company is administratively restored to the register (see   chapter 4).  Anyone who intends to make an application to the court to   restore a company is advised to obtain independent legal advice. [...] Chapter 4 - Administrative Restoration 1. What is Administrative Restoration? Under certain conditions, where a company was dissolved because it   appeared to be no longer carrying on business or in operation, a   former director or member may apply to the registrar to have the   company restored. [...]"
arxiv,5c376242-2525-4840-aac4-caec029c597a,17.309529564819336,2.6214276713521807,14.146662830750255,7.619663870508587,-0.2625953347676084,-1.487919352757661,-0.5096565121549919,0.0578287776346915,-10.175744219024352,-1.7594583303315197,-25.392529795447043,-3.240393588062518,0−0,-0.0,-5.392529795447043,-0.0,5.392529795447043,-10.175744219024352,-1.7594583303315197,-25.392529795447043,-3.240393588062518,"We present numerical simulations of primordial supernovae in cosmological
minihalos at $z \sim$ 20. We consider Type II supernovae, hypernovae, and pair
instability supernovae (PISN) in halos from 6.9 $\times$ 10$^5$ - 1.2 $\times$
10$^7$ $\Ms$, those in which Population III stars are expected to form via
H$_2$ cooling. The supernovae evolve along two evolutionary paths according to
whether they explode in \ion{H}{2} regions or neutral halos. Those in
\ion{H}{2} regions first expand adiabatically and then radiate strongly upon
collision with baryons ejected from the halo during its photoevaporation by the
progenitor. Explosions in neutral halos promptly emit most of their kinetic
energy as x-rays, but retain enough momentum to seriously disrupt the halo. We
find that the least energetic of the supernovae are capable of destroying halos
$\lesssim$ 10$^7$ $\Ms$, while a single PISN can destroy even more massive
halos. Blasts in \ion{H}{2} regions disperse heavy elements into the IGM, but
neutral halos confine the explosion and its metals. In \ion{H}{2} regions, a
prompt second generation of stars may form in the remnant at radii of 100 - 200
pc in the halo. Explosions confined by large halos instead recollapse, with
infall rates in excess of 10$^{-2}$ $\Ms$ yr$^{-1}$ that heavily contaminate
their interior. This fallback may either fuel massive black hole growth at very
high redshifts or create the first globular cluster with a radius of 10 - 20 pc
at the center of the halo. Our findings allow the possibility that the first
primitive galaxies formed sooner, with greater numbers of stars and distinct
chemical abundance patterns, than in current models."
wikipedia,794e6ae3-4244-4f1a-902e-9f1eb5845396,15.705052666648085,2.6217720694409743,12.027074077950514,6.9144444460406715,-1.8340138102138317,-1.1097015409635222,-1.000017441022918,-2.173321984613448,-18.489209358909893,-10.865695387933402,-25.382728010553652,-17.737846162550404,0−0,-0.0,-5.382728010553652,-0.0,5.382728010553652,-18.489209358909893,-10.865695387933402,-25.382728010553652,-17.737846162550404,"Honeymoon Hotel is a 1934 Warner Bros. Merrie Melodies cartoon directed by Earl Duvall. The short was released on February 17, 1934.
The film was supervised by Earl Duvall. The characters were animated by Jack King, Frank Tipper, both credited, Bob Clampett, Paul Fennell, Chuck Jones and Frank Tashlin, final four uncredited. The music score was composed by Bernard Brown (solely credited) and Norman Spencer (solely uncredited). The sound was solely recorded by Bernard Brown in the uncredited. Production number 6125.
Plot
The cartoon follows a male and female bug/insect who check into a hotel which catches on fire.
Music
The song ""Honeymoon Hotel"" (by Al Dubin and Harry Warren) was originally introduced in the 1933 Warner Bros. film Footlight Parade. This short appears on the DVD release of that film.
Color process
The film is notable for being the first Warner Bros. cartoon produced in color. It used Cinecolor since Walt Disney had exclusive rights to the Technicolor process. There was only one other Merrie Melodies cartoon produced in Cinecolor (Beauty and the Beast) before the series went briefly back to black-and-white. Later, the Merrie Melodies moved to Technicolor, though the Looney Tunes continued to be produced in black-and-white until 1943. Cinecolor would make a return in several late 1940s Looney Tunes and Merrie Melodies shorts.
References
External links
Honeymoon Hotel at BCDB
Honeymoon Hotel on the Internet Archive
1934 films
1934 animated films
1934 musical comedy films
American musical comedy films
Cinecolor films
Films scored by Bernard B. Brown
Films scored by Norman Spencer (composer)
Animated films about insects
Films directed by Earl Duvall
Films set in hotels
Merrie Melodies short films
1930s Warner Bros. animated short films
1930s English-language films"
peerread,07106895-c293-4117-be28-f75985334b33,18.887518444418863,2.6717302925950484,14.598703411661962,7.710241187548172,-1.100345647995991,-0.7953357384540993,-0.7067574052869312,-1.5615496963124933,-9.107975321080156,7.1964455086523795,-23.960885750256843,-0.14855000526606332,0−0,0.0,-3.9608857502568426,-0.0,3.9608857502568426,-9.107975321080156,7.1964455086523795,-23.960885750256843,-0.1485500052660633,"Thank you for an interesting read. I personally like the information bottleneck principle and am very happy to see its application to deep neural networks. To my knowledge, this is the first paper that applies IB to train deep networks (the original papers only presented the concept), but see below for the note of independent work claim. 

The derivation of the variational lowerbound is very clear, even for those who are not very familiar with variational inference. Also the explanation of the IB principle is clear. Experimental results seem to be very promising.

I found the presentation for the model a bit confusing. In variational inference/information maximisation, p usually denotes the model and q represents the ""inference engine"". This means the choice of inference method is independent to the modelling procedure. However the presented VIB assumed p(x, y) as the **underlying data distribution** (and approximated by the empirical distribution), thus here the model is actually q(y|z)p(z|x). Then the authors presented p(y|x) as the **predictive distribution** in page 8, paragraph 2 of section 4.2.3. Predictive in what sense? I guess you meant p(y|x) = \int q(y|z) p(z|x) dz in this case, but this makes the two definitions contradict to each other!

The authors have made an interesting connection to variational auto-encoder and the warm-up training (by tuning beta). However, even when the loss function formula is the same to the variational lowerbound used in VAE (in this case beta = 1), the underlying model is different! For example, r(z) in VIB is the variational approximation to p(z) (which means r(z) is not a component in the model), while in VAE it is the prior distribution which is actually defined in the modelling procedure. Similaly p(z|x) in VIB is included in the model, while in VAE that is the approximate posterior and can be independently chosen (e.g. you can use p(x|z) as a deep NN but p(z|x) as a deep NN or a Gaussian process).

In summary, I think the presentation for the modelling procedure is unclear. I hope these point would be made clearer in revision since the current presentation makes me uncomfortable as a Bayesian person. In the VAE part, it's better to clearly mention the difference between VIB and VAE, and provide some intuitions if the VIB interpretation is preferred.


Typos:
Eq. 9-11: did you mean q(y|z) instead of q(z|y)?
Fig 2 ""as beta becomes smaller"": did you mean ""larger""?

**claim for independent work**
The authors claimed that the manuscript presented an independent work to Chalk et al. 2016 which is online since May 2016. It seems to me that nowadays deep learning research is very competitve that many people publish the same idea at the same time. So I would trust this claim and commend the authors' honesty, but in case this is not true, I would not recommend the manuscript for acceptance."
arxiv,71e91e04-b129-4ad6-a7e7-5751d562f13f,21.063687811792978,2.6883580933052897,15.796133863480948,7.744845019760651,-0.1374141855155448,2.266238894215981,-0.4427260902018828,1.7072998103653827,-8.700048734228206,19.547333302292092,-23.487648147856515,8.041572330287536,0−0,0.0,-3.4876481478565147,0.0,3.4876481478565147,-8.700048734228206,19.547333302292092,-23.487648147856515,8.041572330287536,"Recent findings hint that the winds of massive stars with poorer metallicity
than the SMC may be stronger than predicted by theory. Besides calling the
paradigm of radiation driven winds into question, this result would impact the
predicted evolutionary paths of massive stars, their calculated ionizing
radiation and mechanical feedback and the role these objects play at different
stages of the Universe. The field needs a systematic study of the winds of a
large set of very metal poor massive stars, but the sampling of spectral types
is particularly poor in the very early types. This paper's goal is to increase
the list of known O-type stars in the dwarf irregular galaxy IC1613, whose
metallicity is smaller than the SMC's by roughly a factor 2.
 Using the reddening-free Q-parameter, evolutionary masses and GALEX
photometry, we built a list of very likely O-type stars. We obtained
low-resolution R~1000 GTC-OSIRIS spectra for a fraction of them and performed
spectral classification, the only way to unequivocally confirm candidate
OB-stars. We have discovered 8 new O-type stars in IC1613, increasing the list
of 7 known O-type stars in this galaxy by a factor of 2. The best quality
spectra were analyzed with the model atmosphere code FASTWIND to derive stellar
parameters. We present the first spectral type -- effective temperature scale
for O-stars beyond the SMC. The derived effective temperature calibration for
IC1613 is about 1000K hotter than the scale at the SMC. The analysis of an
increased list of O-type stars will be crucial for the studies of the winds and
feedback of massive stars at all ages of the Universe."
arxiv,98addd1c-250b-4cb9-92b0-ef9129b52b4c,20.165057881337283,2.69273966464139,15.424079157138134,7.817409388021015,-0.0648498172551805,1.3676089637602864,-0.4383445188657826,1.3352451040225706,-7.8446251242141845,14.447143213476968,-23.362945888671696,5.496811959581054,0−0,0.0,-3.362945888671696,0.0,3.362945888671696,-7.844625124214184,14.447143213476968,-23.362945888671696,5.496811959581054,"The compact association Cygnus OB2 is known to contain a large population of
massive stars, but its total mass is currently a matter of debate. While recent
surveys have uncovered large numbers of OB stars in the area around Cyg OB2,
detailed study of the optically brightest among them suggests that most are not
part of the association. We observed an additional sample of optically faint OB
star candidates, with the aim of checking if more obscured candidates are
correspondingly more likely to be members of Cyg OB2. Low resolution spectra of
9 objects allow the rejection of one foreground star and the selection of four
O-type stars, which were later observed at higher resolution. In a subsequent
run, we observed three more stars in the classification region and three other
stars in the far red. We identify five (perhaps six) new evolved very massive
stars and three main sequence O-type stars, all of which are likely to be
members of Cyg OB2. The new findings allow a much better definition of the
upper HR diagram, suggesting an age ~2.5Myr for the association and hinting
that the O3-5 supergiants in the association are blue stragglers, either
younger or following a different evolutionary path from other cluster members.
Though the bulk of the early stars seems to belong to an (approximately)
single-age population, there is ample evidence for the presence of somewhat
older stars at the same distance. Our results suggest that, even though Cyg OB2
is unlikely to contain as many as 100 O-type stars, it is indeed substantially
more massive than was thought prior to recent infrared surveys."
cnn,1fbe2c1a-8100-4bee-a143-333c565c6e37,15.084309970859136,2.694459789408183,12.631247516376856,7.0514504913987786,-1.4619555175053467,-2.377171109930279,-0.7032547180273383,-2.193472507409208,-16.87411632187739,-14.388731553846268,-23.313990062543397,-13.605452197550575,0−0,-0.0,-3.3139900625433967,-0.0,3.3139900625433967,-16.87411632187739,-14.388731553846268,-23.313990062543397,-13.605452197550576,"A highly-respected senior doctor has tested negative for the deadly Ebola virusafter being placed in isolation at a hospital. Doctor John Parker was taken to Westmead Hospital in Sydney's west for treatment about midday on Saturday after he had developed symptoms of a influenza-like illness. The humanitarian doctor from Sunshine Coast in Queensland had been working at an Australian-run Ebola treatment clinic in Sierra Leone since November last year, Nine News reports. Scroll down for video . Doctor John Parker (centre) has tested negative for the deadly Ebola virus after returning from West Africa . The humanitarian doctor was taken to Westmead Hospital on Saturday morning after falling ill . The aid worker, who has more than 20 years experience as a GP, returned to Sydney on Friday where he stayed at an airport hotel before falling ill about 7am on Saturday. NSW Health has confirmed Dr Parker does not have Ebola and that no further testing for the virus is required at this stage. 'NSW Health can confirm tests undertaken today by Westmead Hospital's Emerging Infections and Biohazard Response Unit laboratory have returned negative for Ebola virus disease,' a spokesman told Nine News. The humanitarian doctor had been working at an Ebola treatment clinic in Sierra Leone since November . Doctors are seen covered from head to toe as they assess Dr Parker for the deadly Ebola virus . The World Health Organisation estimated more than 10,000 people have died from the deadly virus . Dr Parker's employer, Aspen Medical confirmed that he has 'followed protocol and notified authorities as a precaution'. 'A senior member of our team has noticed a slight increase in temperature after returning from Sierra Leone,' the statement read. The World Health Organisation estimated more than 10,000 people have died from the deadly virus in Guinea, Liberia and Sierra Leone."
reddit,8346cef4-5c70-454f-9815-ebded31944a6,14.703311243560432,2.6998405650376927,11.9822442375262,7.160605094517479,-1.2688068679452709,-2.771477022932464,-0.7573232671252121,-2.6031602499581528,-15.587349456982787,-16.551096579719214,-23.16084982455661,-18.04447096635487,0−0,-0.0,-3.1608498245566103,-0.0,3.1608498245566103,-15.587349456982787,-16.551096579719214,-23.16084982455661,-18.04447096635487,"[Explained visually](_URL_0_)

There's a person named Proto-Indo-European who had many children:

* Proto-Balto-Slavic (ancestor to modern Russian, Polish, Latvian, etc.)
* Proto-Germanic (ancestor to modern English, German, Swedish, etc.)
* Proto-Italic (ancestor to modern Spanish, French, Romanian, etc.)
* Proto-Celtic (ancestor to modern Irish, Scottish Gaelic, Welsh, etc.)
* Proto-Greek (ancestor to modern Greek)
* Proto-Armenian (ancestor to modern Armenian)
* Proto-Albanian (ancestor to modern Albanian)
* Proto-Indo-Iranian (let's discuss below)

Proto-Indo-Iranian, had 2 children:

* Old Persian
* Old Sanskrit

These two children each had their own descendants. Old Persian's branch is called the Iranian languages and Old Sanskrit's branch is called the Indo-Aryan (or Indic) languages.

Modern Iranian languages include:

* Farsi (Persian)
* Kurdish
* Pashto
* Balochi

Modern Indo-Aryan (Indic) languages include:

* Hindi/Urdu
* Punjabi
* Gujarati
* Bengali


Fun fact: the Roma (the derogatory term is Gypsy) people in Europe speak Romani, an Indo-Aryan language. This ethnic group originated in modern India/Pakistan.

Languages, related or not, borrow words from each other all the time. Much of South Asia was ruled by Persian speakers and because there was so much linguistic diversity in the region, Persian became the lingua franca so people from many linguistic backgrounds could understand each other.

The local languages also took on many Persian words. The more northern or western these languages were (Sindhi, Punjabi, Gujarati) the more they were influenced by Persian, compared to those in the east and south (like Oriya, Bengali, Assamese). 

It's important to know that Indo-Aryan languages do not include those spoken in South India, such as Tamil, Telegu, Kannada,  Malayalam. These languages are part of the Dravidian family and thus not related to any Indo-European languages. In other words, Hindi is more closely related to English, Ukrainian, Italian, and even Yiddish than it is to its neighbor, Tamil. But like I said above, languages, related or not, borrow words from each other all the time, especially neighbors.

My family speaks Gujarati and I took Farsi in college. Picked it up pretty easily, especially because of the many shared words and grammatical structure. It just made sense to me and I hadn't really spoken (but still understand) Gujarati since I was 6. If you say the numbers in Gujarati and Hindi and compare them to Farsi, it's like comparing the numbers in French to Spanish. It's like 80-90% the same. 

I had an Armenian math teacher in high school who taught me 1-10 in Armenian. Not that dissimilar from Gujarati."
arxiv,ebf79003-23f5-4bdb-a053-11066491da53,18.33899833494917,2.733596549359366,12.759035996887064,6.862488294429797,-1.0197709108463986,-0.458450582627826,-0.3974876341478066,-1.3297980562285012,-19.101693417393545,4.083309910760075,-22.20013340959425,-12.731411215159286,0−0,0.0,-2.200133409594251,-0.0,2.200133409594251,-19.101693417393545,4.083309910760075,-22.20013340959425,-12.731411215159286,"We study distributed agreement in synchronous directed dynamic networks,
where an omniscient message adversary controls the availability of
communication links. We prove that consensus is impossible under a message
adversary that guarantees weak connectivity only, and introduce vertex-stable
root components (VSRCs) as a means for circumventing this impossibility: A
VSRC(k, d) message adversary guarantees that, eventually, there is an interval
of $d$ consecutive rounds where every communication graph contains at most $k$
strongly (dynamic) connected components consisting of the same processes, which
have at most outgoing links to the remaining processes. We present a consensus
algorithm that works correctly under a VSRC(1, 4H + 2) message adversary, where
$H$ is the dynamic causal network diameter. On the other hand, we show that
consensus is impossible against a VSRC(1, H - 1) or a VSRC(2, $\infty$) message
adversary, revealing that there is not much hope to deal with stronger message
adversaries.
 However, we show that gracefully degrading consensus, which degrades to
general $k$-set agreement in case of unfavourable network conditions, is
feasible against stronger message adversaries: We provide a $k$-uniform $k$-set
agreement algorithm, where the number of system-wide decision values $k$ is not
encoded in the algorithm, but rather determined by the actual power of the
message adversary in a run: Our algorithm guarantees at most $k$ decision
values under a VSRC(n, d) + MAJINF(k) message adversary, which combines VSRC(n,
d) (for some small $d$, ensuring termination) with some information flow
guarantee MAJINF(k) between certain VSRCs (ensuring $k$-agreement). Our results
provide a significant step towards the exact solvability/impossibility border
of general $k$-set agreement in directed dynamic networks."
wiki_csai,f246264b-0acf-48f2-8fa7-997b77f9f25e,17.235766635766215,2.7522575543180876,13.043038561959444,7.220021995156607,-0.7049466123408443,-1.3931124652649451,-0.4757502038589858,-0.8348304899694483,-14.886914507171067,-2.1781011408240745,-21.66902954330802,-10.788905286718583,0−0,-0.0,-1.669029543308021,-0.0,1.669029543308021,-14.886914507171069,-2.1781011408240745,-21.66902954330802,-10.788905286718585,"In machine learning and statistics, the learning rate is a tuning parameter in an optimization algorithm that determines the step size at each iteration while moving toward a minimum of a loss function. Since it influences to what extent newly acquired information overrides old information, it metaphorically represents the speed at which a machine learning model ""learns"". In the adaptive control literature, the learning rate is commonly referred to as gain.
In setting a learning rate, there is a trade-off between the rate of convergence and overshooting. While the descent direction is usually determined from the gradient of the loss function, the learning rate determines how big a step is taken in that direction. A too high learning rate will make the learning jump over minima but a too low learning rate will either take too long to converge or get stuck in an undesirable local minimum.
In order to achieve faster convergence, prevent oscillations and getting stuck in undesirable local minima the learning rate is often varied during training either in accordance to a learning rate schedule or by using an adaptive learning rate. The learning rate and its adjustments may also differ per parameter, in which case it is a diagonal matrix that can be interpreted as an approximation to the inverse of the Hessian matrix in Newton's method. The learning rate is related to the step length determined by inexact line search in quasi-Newton methods and related optimization algorithms.
When conducting line searches, mini-batch sub-sampling (MBSS) affect the characteristics of the loss function along which the learning rate needs to be resolved. Static MBSS keeps the mini-batch fixed along a search direction, resulting in a smooth loss function along the search direction. Dynamic MBSS updates the mini-batch at every function evaluation, resulting in a point-wise discontinuous loss function along the search direction. Line searches that adaptively resolve learning rates for static MBSS loss functions include the parabolic approximation line (PAL) search. Line searches that adaptively resolve learning rates for dynamic MBSS loss functions include probabilistic line searches,[10] gradient-only line searches (GOLS)[11] and quadratic approximations.[12]"
finance,6bf18e84-0e9d-4448-8c1e-cc242ccfe8a4,15.230134383196454,2.758445477423656,11.884905173957,7.038473491327214,-0.9467019433673522,-1.9990090933909208,-0.5473007296124024,-2.1376960529248006,-17.02709542876549,-13.561102518462448,-21.492917383597494,-18.710245615269915,0−0,-0.0,-1.4929173835974936,-0.0,1.4929173835974936,-17.02709542876549,-13.561102518462448,-21.492917383597497,-18.710245615269915,"A bullish (or 'long') call spread is actually two separate option trades.  The A/B notation is, respectively, the strike price of each trade. The first 'leg' of the strategy, corresponding to B, is the sale of a call option at a strike price of B (in this case $165).  The proceeds from this sale, after transaction costs, are generally used to offset the cost of the second 'leg'. The second 'leg' of the strategy, corresponding to A, is the purchase of a call option at a strike price of A (in this case $145). Now, the important part: the payoff.  You can visualize it as so. This is where it gets a teeny bit math-y.  Below, P is the profit of the strategy, K1 is the strike price of the long call, K2 is the strike price of the short call, T1 is the premium paid for the long call option at the time of purchase, T2 is the premium received for the short call at the time of sale, and S is the current price of the stock.  For simplicity's sake, we will assume that your position quantity is a single option contract and transaction costs are zero (which they are not). P = (T2 - max(0, S - K2)) + (max(0, S - K1) - T1) Concretely, let's plug in the strikes of the strategy Nathan proposes, and current prices (which I pulled from the screen).  You have: P = (1.85 - max(0, 142.50 - 165)) - (max(0, 142.50 - 145)) = -$7.80 If the stock goes to $150, the payoff is -$2.80, which isn't quite break even -- but it may have been at the time he was speaking on TV. If the stock goes to $165, the payoff is $12.20. Please do not neglect the cost of the trades!  Trading options can be pretty expensive depending on the broker.  Had I done this trade (quantity 1) at many popular brokers, I still would've been net negative PnL even if NFLX went to >= $165."
wikipedia,ffb2a01d-50db-4112-b67d-6732addcaff2,16.052586562047914,2.7609546903297497,13.39799199196962,7.687281826892836,-1.0611764293616677,-0.762167645563693,-0.8608348201341425,-0.8024040705943438,-9.378631286897047,-8.893260608305383,-21.421503615758656,-8.361113333714892,0−0,-0.0,-1.421503615758656,-0.0,1.421503615758656,-9.378631286897049,-8.893260608305383,-21.421503615758656,-8.361113333714892,"The Oddities are a Canadian rap group from Toronto, Ontario. Members include Bookworm, J-StaRRRrrr!!!, Sny-Whip, JSN JNS, Psy, & Wysper.
History
Rap groups Awkward Why? and Dynasty began recording in 1996, and merged in 1998 to form the Oddities.
Oddities members have released a number of collaborative projects over the years, including in 2001 a 12"" single, ""Weak Days"". Over time, other individuals participated in the group, including Kenny Neal (aka Bounce), Paul (pka Change), Naterrell, Retro Mosquito, and Bodible Oddities dancers Glizzii & Three (pka Daze).
The group's debut ""family album"", which showcased its members, was entitled ""The Scenic Route"", and was released on Battleaxe Records in 2003. Bookworm produced the album.
Selected discography
""Alpha Flight"" EP (Dynasty) - 1996
""Sprawl Xtreme: False Teeth"" (Bookworm) maxi-single - 1997
""Claustrophonics"" - 1997
""Six Bubbles"" (Awkward Why?) - 1998
""Snidley's Lunchbox"" EP - 1998
""Sprawlic Stream: Rites of Passage"" (Bookworm) - 1999
""Paying for the Trip"" (Bookworm) - 2000
""Weak Days"" b/w ""Pickup Rhyme"" & ""Hookers 'n Gin"" 12"" single - 2001
""The Scenic Route"" - 2003/2004
""Rain All Day"" (The Nope: Psy & Moka Only) maxi-single - 2009
""N.I.N.E."" (Beatface: Book & Paul) - 2009
""Melba"" (The Nope) - 2009
""Amy"" (Beatface: Book & Paul) - 2011
""MODERNe"" (The Nope) - 2011 (unreleased)
""Sinus"" EP (The Nope) - 2014
""Extended PlayPen"" (davepsy) - 2017
“Beyond the Arc” (davepsy) - 2020
Appearances
Jacked Surfing DVD 
""Muskoka Militia Vol. II"" (2004)
""CBC Radio 3 - Just Concerts"" (2003)
References
External links
Profile at Battleaxe Records
Profile at CBC
Profile at Urbnet RecordsArchived at the Wayback Machine
Profile at Urbnet Records
Canadian hip hop groups
1998 establishments in Ontario
Musical groups established in 1998
Musical groups from Toronto"
reddit,a5336fb5-89e0-47f8-8d98-0510be9bb810,19.153720808885268,2.7769808955233053,14.19114739207526,7.7822117047375325,-0.6472002577252169,1.6789325423923709,-0.6801829366395995,-0.3942570954090918,-8.259552312589262,8.70728174374443,-20.96538779782594,-2.936130406228637,0−0,0.0,-0.9653877978259402,-0.0,0.9653877978259402,-8.259552312589262,8.70728174374443,-20.96538779782594,-2.936130406228637,"First of all, there is a difference between alcoholism and heavy drinking.  Alcoholism is a psychological dependency on alcohol, where the individual cannot or will not stop drinking despite whatever bad effects it is having on his life, health, job, and family.  Alcoholism and heavy drinking typically go hand in hand, in that most alcoholics are heavy drinkers, but not all heavy drinkers are alcoholics.  In my medical practice I have encountered plenty of people who drank a lot, but as soon as they were told that it was harming their health they just stopped.  Many of us have known (or in some cases been) the heavy college partier who consumed completely unhealthy amounts while in school but gave it up as soon as they hit the ""real world"".  There is at least some genetic component to becoming alcoholic.

The average adult can handle about two drinks per day/14 per week without any major long term problem.  Any more than that, and there is increasing risk of liver damage.  The liver is a remarkable organ with a high capacity to regenerate itself.  Most people who shows sings of alcoholic liver damage are able to reverse it if they quit drinking.

The healing potential of the liver does have a breaking point however, and severe long term damage may be permanent, usually called cirrhosis of the liver.  Enough liver damage can ultimately be fatal.

Note that the above is for the average person.  Some people can consume more without a problem.  Some (including some particular ethnic groups) will do damage with less.  A blood test can usually spot early signs of liver damage."
arxiv,3292c7d5-f442-4978-924c-71942d1064e6,19.993166447649035,2.778558807097091,14.05064051516769,7.586085866482878,-0.2961733387933174,1.195717530072038,-0.3525253764100817,-0.0381935379478743,-10.5715778507274,13.471570336659408,-20.920479448069376,-3.897162012792068,0−0,0.0,-0.9204794480693756,-0.0,0.9204794480693756,-10.5715778507274,13.471570336659408,-20.920479448069376,-3.897162012792068,"Transmission spectroscopy at UV wavelengths is a rich and largely unexplored
source of information about the upper atmospheres of extrasolar planets. So
far, UV transit observations have led to the detection of atomic hydrogen,
oxygen and ionized carbon in the upper atmosphere of HD209458b. The
interpretation of these observations is controversial - it is not clear if the
absorption arises from an escaping atmosphere interacting with the stellar
radiation and stellar wind, or the thermosphere inside the Roche lobe. Here we
introduce an empirical model that can be used to analyze UV transit depths of
extrasolar planets and use it to interpret the transits of HD209458b in the H
Ly alpha and the OI triplet emission lines. The results indicate that the mean
temperature of the thermosphere is 8,000-11,000 K and that the H2/H
dissociation front is located at pressures between 0.1-1 microbar, which
correspond to an altitude of 1.1 Rp. The upper boundary of the model
thermosphere is located at altitudes between 2.7-3 Rp, above which the
atmosphere is mostly ionized. We find that the HI transit depth reflects the
optical depth of the thermosphere in the wings of the H Ly alpha line but that
the atmosphere also overflows the Roche lobe. By assuming a solar mixing ratio
of oxygen, we obtain an OI transit depth that is statistically consistent with
the observations. An OI transit depth comparable to or slightly larger than the
HI transit depth is possible if the atmosphere is undergoing fast hydrodynamic
escape, the O/H ratio is supersolar, or if a significant quantity of neutral
oxygen is found outside the Roche lobe. Due to the large uncertainty in the
data, repeated observations are necessary to better constrain the OI transit
depths and thus the composition of the thermosphere."
cnn,3367460d-ed0f-4d8c-b63b-e198e84b5c30,16.00315713903974,2.7900577561437565,12.70763579684525,7.61955183937409,-0.8938541695300355,-1.4583239417496756,-0.6076567512917648,-2.1170842269408148,-10.177064895822113,-9.173798174191154,-20.59321217010543,-13.082975621906169,0−0,-0.0,-0.5932121701054314,-0.0,0.5932121701054314,-10.177064895822111,-9.173798174191154,-20.59321217010543,-13.082975621906169,"You might think opting for a salad or sandwich for lunch will see you on your way to a healthy lifestyle. But in fact sandwiches and pasta salads can contain more fat, calories and sugar than burgers and pizzas. Some apparently healthy meals are worse for you than demonised junk foods from the likes of McDonald's, Burger King and Pizza Express, researchers have found. Scroll down for video . Some apparently healthy meals are worse for you than demonised junk foods from the likes of McDonald's, Burger King and Pizza Express, researchers have found . For example, Asda's Piri Piri Chicken Pasta Salad contains 46.5g of fat - two thirds of the recommended daily intake for an adult - which is more than the 43.3g found in a Burger King Bacon and Cheese Whopper. Meanwhile a Marks Spencer Chicken and Smoked Bacon Salad sandwich contains 694 calories and 37.1g of fat - but a Pizza Express Classic Margherita pizza has 683 calories and contains only 22.5g of fat. And a 624-calorie Brie and Bacon Panini from Caffe Nero comes in at more than 100 calories higher than a 518-calorie McDonald's Quarter Pounder with Cheese. Consumer group Which?, which conducted the research, said it was surprised to find that three of the sandwiches it surveyed contained more than three teaspoons of sugar. These included Pret's Posh Cheddar and Pickle on Artisan, which contains 17.6g of sugar - equivalent to more than four teaspoons. Which? added it was easy for customers to overeat at lunchtime, with dishes such as Morrisons' Tomato and Basil Chicken Pasta, which states it contains seven servings, often eaten by one person - meaning they consume 683 calories and 38.6g of fat in one sitting. This is more than Burger King's Chicken Royale with Cheese, which has 648 calories and 37.2g of fat. Which? said its research proves all food suppliers need to adopt the traffic light labelling system, which flags up levels of calories, fat, sugar and salt, to help consumers cut through the confusion and find healthy lunch options. A 624-calorie Brie and Bacon Panini from Caffe Nero comes in at more than 100 calories higher than a 518-calorie McDonald's Quarter Pounder with Cheese . The system is voluntary and many stores opt not to use it. A Which? spokesman said: 'We've uncovered sandwiches and salads that contain more calories and fat than a Big Mac. 'Given our research, it's perhaps not surprising that two thirds of UK adults and a third of children are classed as overweight or obese. Overconsumption of foods high in calories, sugar and fat is fuelling our obesity crisis.'"
wikihow,43c97c89-d2ad-4add-8d83-937457fa433f,17.46073644369638,2.79070521555144,13.50761369396875,7.531929885504232,-0.7606051595136929,-0.4960108469610809,-0.6115720452821858,-0.9907848326580116,-11.209994553900279,-0.9012810107553698,-20.574785070630103,-7.611328535240271,0−0,-0.0,-0.574785070630103,-0.0,0.574785070630103,-11.20999455390028,-0.9012810107553698,-20.574785070630103,-7.611328535240271,"Start by including key biographical details like the person’s full name and their birth date. You can also provide the person’s place of birth, especially if it will give readers context for the rest of the biography.For example, you may write, “RuPaul Andre Charles, born November 17, 1960 in San Diego, California.”;
, Include the names of the person’s parents, as well as any guardians or adoptive parents. Discuss any key biographical details of the person’s parents. You can also mention if the parents divorced or separated.For example, you may write, “RuPaul’s mother, Ernestine Charles, was from Louisiana. RuPaul’s father was Irving Charles. They divorced in 1967.”
, Discuss where the person grew up. Mention any key moves to other cities or countries during the person’s childhood.For example, you may write, “RuPaul grew up in San Diego, California and moved to Atlanta, Georgia with his sister when he was 15.”
, Include details on the person’s education, such as where they went to grade school or high school. Mention any details about their schooling that reflect on their career or achievements later in life.For example, you may write, “At 15 years old, RuPaul attended a performing arts school in Atlanta. After he graduated, he focused on his budding stage career, opting not to attend college.”
, Discuss any details from their upbringing that reflect on their later life. Make sure you mention key moments in their family or social circle that seemed to impact their childhood and how they developed as a young person.
For example, you may write about the person’s experience with abuse at the hands of a parent. Or you may mention that the person struggled with a learning disability in middle school that would go undiagnosed until later in their life.
, The next section of the outline should focus on the person’s move from a teenager to a young adult. Mention if the person went to college or entered into higher education. Name the institution as well as the date the person attended school. Note if the person graduated with honors or distinction.For example, you may write, “Martha Graham went to Brown University from 1967-1981, majoring in dance. She worked under famous dancers and choreographers in the performance industry at Brown. She graduated with honors.”
, The outline should also mention any friendships, romances, or working partnerships in the person’s adulthood. Discuss the person’s spouses and children, if applicable. Include any relationships that seem important to the person’s development, personally and professionally.For example, you may write, “Martha Graham met choreographer Dash Nam in a dance class at Brown. They became romantic and professional partners, collaborating on a number of early performances. Nam would later play a major role in Graham’s performing company in New York City.”
, Include details about the person’s jobs and positions at companies or organizations. Note if the person was self-employed or unemployed for a period of time. Mention any professional relationships in the person’s career that seem important.For example, you may write, “Martha Graham worked as a bartender while at Brown to support herself. She then created performances for a small stipend until she was able to open her own performing company in 1987 with the help of Dash Nam.”
, This is the section where you focus on awards, accomplishments, and moments of recognition in the person’s life. You may also want to include any significant failures or setbacks the person experienced.For example, you may write, “Martha Graham was rejected from several major dance companies and was unemployed for several years. In frustration, Graham decided to open her own dance company and studio, using funds from friends and colleagues. It later became the premier dance company in America.”
, If the person is still alive, include details on where they are at now. Mention any current projects or career high points. Note where the person now resides as well as any family they may have. You can also include any future plans the person has mentioned or noted.For example, you may write, “RuPaul currently resides on a ranch in Wyoming with his partner of twenty years, Australian painter George LeBar. He continues to produce several successful television shows and is a continued advocate for the LGBTQ community.”
, If the person is no longer alive, make sure you mention their later life as well as the circumstances of their death. Include any key moments in their later life, such as awards, accomplishments, or setbacks.For example, you may write, “In her later life, Graham fell into a depression and battled alcohol addiction. She died in 1991 at the age of 96 from pneumonia. She was cremated and her ashes were scattered over the Sangre de Cristo Mountains in Northern New Mexico.”
, You should also include a section in the outline that explores the person’s impact in their field. Mention how they influenced others in their field, and continue to do so.
You can also include your own opinions about the person’s overall life. You may include a short section on the impact the person had, or continues to have, on you.
For example, you may write about how the person influenced a generation of artists or how the person impacted the way we view technology in the 21st century."
arxiv,038317ad-13b1-46bd-9194-8651d8f240ce,16.012792627572875,2.8082482974719176,12.907072770930217,7.432257566865748,-0.4500016384104475,-2.784656290004122,-0.3228358860352549,-1.181761282185347,-12.384979697053119,-9.119111788336335,-20.07549799283598,-11.718877010995412,0−0,-0.0,-0.07549799283598091,-0.0,0.07549799283598091,-12.38497969705312,-9.119111788336337,-20.07549799283598,-11.718877010995412,"We report coincident damped Lyman alpha (DLA) and sub-DLA absorption at z =
2.66 and z = 2.94 towards the z ~ 3 13.8 arcsecond separation binary quasar
SDSS 1116+4118 AB. At the redshifts of the absorbers, this angular separation
corresponds to a proper transverse separation of ~ 110 kpc. A third absorber, a
sub-DLA at z = 2.47, is detected towards SDSS 1116+4118 B, but no corresponding
high column density absorber is present towards SDSS 1116+4118 A. We use high
resolution galaxy simulations and a clustering analysis to interpret the
coincident absorption and its implications for galaxy structure at z ~ 3. We
conclude that the common absorption in the two lines of sight is unlikely to
arise from a single galaxy, or a galaxy plus satellite system, and is more
feasibly explained by a group of two or more galaxies with separations ~ 100
kpc. The impact of these findings on single line of sight observations is also
discussed; we show that abundances of DLAs may be affected by up to a few
tenths of a dex by line of sight DLA blending. From a Keck ESI spectrum of the
two quasars, we measure metal column densities for all five absorbers and
determine abundances for the three absorbers with log N(HI) > 20. For the two
highest N(HI) absorbers, we determine high levels of metal enrichment,
corresponding to 1/3 and 1/5 solar. These metallicities are amongst the highest
measured for DLAs at any redshift and are consistent with values measured in
Lyman break galaxies at 2 < z < 3. For the DLA at z = 2.94 we also infer an
approximately solar ratio of alpha-to-Fe peak elements from [S/Zn] = +0.05, and
measure an upper limit for the molecular fraction in this particular line of
sight of log f(H_2)< -5.5."
imdb,dc2c64ba-76e9-4c0f-a7d2-60e7151b8049,19.92123790972519,4.086564060725171,20.19579832631592,11.00245730403646,1.4598447331239497,1.1395171626415743,0.2184093380674814,3.407514028686549,29.7022487989447,13.063338645515831,16.306167715961877,38.134167796912024,00+,0.0,0.0,18.134167796912024,18.134167796912024,29.7022487989447,13.063338645515833,16.306167715961877,38.134167796912024,"Taut, topical political thriller, taking square aim at the controversial US policy of rendition, another appalling Orwell-ian phrase (collateral damage, anyone?) for the illegal interrogation even torture of terrorist suspects by-passing due legal process. The inhuman interrogation is overseen by the Egyptian Chief of Police, himself the target of a fundamentalist suicide - bomb plot, thus entwining the two main plot-lines of the movie. Both work very well, the bombing set-piece graphic and chilling in its realism, with its denouement revealed in a stylish Tarantino-type flashback and the torture scenes on an innocent man also unflinchingly portrayed in all their gory detail. The film scores telling points about the use of torture as a credible means of intelligence - gathering in the war against terrorists and against the unpoliced faceless bureaucracy (here personified by a suitable cold-steeled Meryl Streep, as the CIA boss who casually gives the order for rendition) which can ruin innocent lives. Never mind Kafka's fiction, think more the recent killing of the innocent Brazilian in London in 2005, with the Head of the Metropolitan police still in his job and no-one tried for the poor man's murder. The acting is excellent throughout - the two key roles of the innocent man and terrorist bomber are realistically and tellingly played by the unfamiliar actors Omar Metwally and Moa Khouas. Similarly Yigal Naor as the intimidating Chief of Police and Zineb Ouhach as his idealistic lovelorn daughter ring true with their performances, their lack of familiarity (at least to me) adding to their characters' credibility. Of the bigger Hollywood names present, Gyllenhaal's stature grows with succeeding films, here playing the initially detached but later conscience - stricken and anguished Government man who does the right thing in the end. Witherspoon plays her distraught wife part mainly in one key but is believable all the same, while David Fabrizio and Alan Arkin convincingly show up self-serving senators and their lackeys who'll only go so far to help you until their career prospects are jeopardised. There are a few weaknesses plot-wise; there's little dramatic need to create the ""suspense"" surrounding El-Ibrahimi's escape and Streep's character is perhaps too obvious a bogey-manwoman. Worst of all is the meaningless inclusion of Gyllenhaal's on-the-spot girlfriend, around merely for decoration and a brief gratuitous love-scene. On the whole though, an engrossing thought - provoking cinematic experience."
finance,8026145a-1311-419c-8358-b0ecceea4b3f,18.88118601151846,3.8586550976437897,19.0935850796913,9.830151383648186,1.8449759489536195,1.652042534931084,0.5529088906077311,5.070983852809501,15.882543804598296,7.160505673552129,9.819736158735706,30.59530713405661,00+,0.0,0.0,10.595307134056611,10.595307134056611,15.882543804598296,7.160505673552129,9.819736158735706,30.59530713405661,"I'm guessing since I don't know the term, but it sounds like you're asking about the technique whereby a loan is used to gather multiple years' gift allowance into a single up-front transfer. For the subsequent N years, the giver pays the installments on the loan for the recipient, at a yearly amount small enough to avoid triggering Gift Tax. You still have to pay income tax on the interest received (even though you're giving them the money to pay you), and you must charge a certain minimum interest (or more accurately, if you charge less than that they tax you as if the loan was earning that minimum). Historically this was used by relatively wealthy folks, since the cost of lawyers and filing the paperwork and bookkeeping was high enough that most folks never found out this workaround existed, and few were moving enough money to make those costs worthwhile. But between the ""Great Recession"" and the internet, this has become much more widely known, and there are services which will draw up standard paperwork, have a lawyer sanity-check it for your local laws, file the official mortgage lien (not actually needed unless you want the recipient to also be able to write off the interest on their taxes), and provide a payments-processing service if you do expect part or all of the loan to be paid by the recipient. Or whatever subset of those services you need.  I've done this. In my case it cost me a bit under $1000 to set up the paperwork so I could loan a friend a sizable chunk of cash and have it clearly on record as a loan, not a gift. The amount in question was large enough, and the interpersonal issues tricky enough, that this was a good deal for us. Obviously, run the numbers. Websearching ""family loan""  will find much more detail about how this works and what it can and can't do, along with services specializing in these transactions. NOTE: If you are actually selling something, such as your share of a house, this dance may or may not make sense. Again, run the numbers, and if in doubt get expert advice rather than trusting strangers on the web. (Go not to the Internet for legal advice, for it shall say both mu and ni.)"
eli5,118f5367-bd72-41ab-9e78-8c4cc7691ad1,19.219352463365283,3.866061407318447,18.88911179552463,10.05227195769858,1.3123610457010688,0.6275525148594454,0.1957374115658723,3.658539384079349,18.50100776794212,9.079775361358266,10.03052436182684,29.196761432188488,00+,0.0,0.0,9.196761432188488,9.196761432188488,18.50100776794212,9.079775361358266,10.03052436182684,29.196761432188488,"People of last generation's poor didn't become this generation's wealthy. Wealth has remained relatively static between generations. But there's always outliers. I can flip a coin a hundred thousand times and maybe once, it lands on its edge. But that's still only once out of 100,000. That said, the issue is a lot more complex. This article looks like a good start, although it was written four years ago. URL0,"" ""The previous generation of Americans had a few big advantages: 1) College was relatively inexpensive, and the degree was more valuable. Tuition was a fraction of what it is now, and fewer people went to college meaning a degree opened up better career opportunities (less competition with peers). Those who decided to go to college in the 70s and 80s, before it became expected that most people should go to college, were paid off handsomely for that decision. 2) Housing has become incredibly more valuable since the 80s. Simply owning a house for 30 years could have easily doubled or tripled your investment while also serving as your home. It was automatic wealth from something you needed to own anyway to fulfill your basic need of shelter. A lot of this is due to timing. The early 70s were a terrible economic period. Those entering adulthood shortly after profited from depressed prices, and a changing culture of education and technology. It's a lot harder to do the same today because our world is so networked. Anything discovered as a quick ticket to success (like going to college before it was cool) will be shared immediately and the opportunity to latch onto that trend will pass in an instant. In some ways this is more fair everyone is on a more even playing field but it does limit the number of big success stories.,"" ""Another point is that one's parents are a useful data point about what was possible 40 or 50 years ago, but much has changed, and you can't conclude that it is possible today based on a single data point from back in the day.,My parents bought a cheap house about 20 years ago, did some work restoring it then re mortgaged it a few years later for a lot more than they paid, used that money to purchase a much larger house and did the same. They then sold the big house at a large profit and paid off the mortgage. They are now quite wealthy but when I was young we were quite a poor family. May have missed the point of your question here."
xsum,76136b55-6fc5-43fa-b998-384c79a14fe7,20.870785210300863,4.146185953993888,18.857477106767128,9.88845518162759,0.8627991196150244,3.0615470846224966,0.407759569198856,3.277823893249405,16.56985696587489,18.452511170407575,18.003044068568013,28.980388138376284,00+,0.0,0.0,8.980388138376284,8.980388138376284,16.56985696587489,18.452511170407575,18.003044068568013,28.980388138376284,"We are about a third of the way down the road,"" she says. Having been one the major players behind Manchester's recent cultural renaissance, she takes on the leadership of the Tate with palpable energy and ambition. Her intention, she says, is to change the Tate in the next 20 years as much as her predecessor - Sir Nicholas Serota - changed it in the last two decades. Given that he oversaw the transformation of the museum from a respected gallery in Pimlico (with a regional outlet in Liverpool) into a global mega art brand, it is a bold claim. Sir Nicholas built his Tate empire with bricks and mortar, refurbishing existing galleries and creating new venues such as Tate Modern. Balshaw will take a different approach with her expansionist agenda, focussing more on people rather than real estate. Roughly speaking, according to statistics collected by the newly-renamed Department of Digital, Culture, Media Sport, around 50 of the British population visit a museum or gallery at least once a year, meaning - of course - 50 do not. These absentees are her target audience. She says: ""We should absolutely reasonably expect 75 of the population to love the fact we have a national collection and feel happy to be visiting Tate... and every young person should be given the opportunity to think and play and experiment in the spaces Tate holds. And that is a big, big shift."" Her clarity of vision is impressive, but her ability to explain how it will be realised is less exact. She wants to usher in ""an easier language to talk about the joy of art"" but couldn't be specific beyond saying that arcane words should be either avoided or explained. She talks of a radical transformation in audience profile, of a lack of representation of people from BAME background among the staff and in the sector more generally. But when it comes to the organisation she is now leading, which is to be the agent for the change she desires, she says, ""it's not that we need to change anything particularly."" There is no doubt she is sincere in her ambitions, and probably more capable than most in the museum and gallery world when it comes to broadening the audience. But if she is to be successful in her aims she will need to take a leaf out of Sir Nicholas's job application for the Tate director's job back in the 1980s - in which he wrote that for the institution to change he would need to grasp the nettle. Follow us on Facebook, on Twitter BBCNewsEnts, or on Instagram at bbcnewsents. Follow my Twitter feed: WillGompertzBBC If you have a story suggestion email ."
cmv,025f34f6-4e23-4f2b-b527-8ba3d459ece9,20.549542436347487,3.9224460867861417,18.719782586792455,10.025236896124284,0.919475090362365,0.5353276302997934,0.2988807095605406,2.3583960368248036,18.182305483015497,16.629292116275188,11.635267586044575,28.03859234404452,00+,0.0,0.0,8.03859234404452,8.03859234404452,18.182305483015497,16.629292116275188,11.635267586044575,28.03859234404452,"In 1994, the US Congress was debating a law to create a special category of crime victim. At the time, the ACLU called aspects of the proposed law ""repugnant"" to the Constitution. Others claimed it created a climate of undue assumptions of violence and victimization. But the people in opposition were at a disadvantage right from the start, because the proposed law was named the Violence Against Women Act. Those who might argue against it, even on reasonable grounds, were seen as monsters, because, ""How can you vote against protecting women from violence?!"" In the aftermath of 911, the Congress overwhelmingly passed the USA PATRIOT Act, which included provisions that raised serious concerns at the time and have proven quite controversial more than a decade later. But during a time of national pride and anger, how could our representatives vote against something called the ""Patriot"" act? Josep Goebbels said it was a simple matter to lead the people to war... just tell them they're under threat and denounce the pacifists as unpatriotic. Well, what better way to do that than by making them vote against something with ""patriot"" in the title? In other countries, laws have simple numbers, not names. This cuts down on the grandstanding and hyperbole. In Uruguay, for example, Law Number 19.172 legalized marijuana, thereby modifying and negating parts of the existing Law Number 14.294. Those numbers don't indicate anything about the subject of the legislation and I think that's good. We should debate the content of the law, not use the title as a shorthand way of condemning anyone who would oppose it. If we're not to judge books by their covers, then it seems at least as appropriate to refrain from judging laws by their titles, and the best way to do that is to remove the titles altogether. EDIT: OK, this has been a whirlwind three hours. Thanks to everyone who contributed their arguments. My view was partially changed, principally by ucmv12a and others who argued that shorthand names are going to get attached to bills anyway, so removing official titles is not going to prevent that. However, I remain unconvinced that removing official titles is completely useless, because I still think, for example, that the authors of an anti-terrorism bill proposed in the wake of an attack on the country gain an advantage by being able to name it the USA PATRIOT Act, when the general public discourse would be more likely to settle on something like ""the terrorism bill."" Interestingly, nobody argued the complete opposite of my view: that the naming method the US has now, resting in the hands of the bills' authors, is useful and good in some way. The arguments to this point have all been that a change to untitled bills would not resolve the issues I proposed it would or that names are good, but should be better descriptors of the content. To me, this lack of overt support for the status quo implies some change would be, at a minimum, a useful experiment. Hello, users of CMV! This is a footnote from your moderators. We'd just like to remind you of a couple of things. Firstly, please remember to [read through our rules] . If you see a comment that has broken one, it is more effective to report it than downvote it. Speaking of which, [downvotes don't change views] ! If you are thinking about submitting a CMV yourself, please have a look through our [popular topics wiki] first. Any questions or concerns? Feel free to [message us] . Happy CMVing!"
imdb,8de5f296-7631-40d1-ad57-c4dd4d1a94b6,18.617988634582105,3.8893472594713367,18.56000969003672,9.940257900968982,0.3976453300564717,-0.1637321125015098,0.0211925368136474,1.7717253924073475,17.18053229110557,5.666724298417848,10.693254270292407,26.94578602001338,00+,0.0,0.0,6.945786020013379,6.945786020013379,17.18053229110557,5.666724298417848,10.693254270292408,26.94578602001338,"Before going any further, I have to admit that I only saw the first episode of this show. If I had the time, I might have considered watching it every week, if only to see how the season played out. However, it was very clear to me from the beginning that Martha Stewart's version of ""The Apprentice"" just doesn't ""fit in."" Martha Stewart made a career of being a happy homemaker, a domestic diva of the likes of Oprah Winfrey and Julia Child. It was only since her scandalous legal troubles and subsequent incarceration that her public image began to reflect the true roughness of her character. Sure, she was compelling for a while, and this entire series poses the interesting question of what it means to be a woman in business. Does she have to come off as cold and tough? Shouldn't she?But the truth was, by the time Stewart came out of prison, her attempts for a public comeback, though certainly warranted, were never going to seize viewers' interest for very long. Perhaps a true comeback would have worked had she returned home peacefully and waited a year or so after her often mocked ankle bracelet was removed. Instead, she frantically dove into overkill with 2 series at once, the other being her syndicated daytime series Martha, much like her old show, but more mainstream, with famous guests like Bette Midler. Of course, even at her peak Stewart was never mainstream, so it's too much to ask that American audiences immediately accept her foray into reality TV. Maybe America wants Stewart to make a comeback on her own rather than be the basis for it.The show was basically a tired retread of Trump's ""Apprentice,"" which still holds my interest, depending on the tasks, the cast, and Trump's firing decisions (often controversial - likely for that reason). The letter bit was certainly not cliche but obnoxious in the least. The fact that Stewart never says, ""You're fired!"" - mentioned in the message board on this site - is particularly distressing. Producer Mark Burnett should be admired for dealing with Stewart's jail time honestly while trying to make her a hero, but the truth is that anyone watching can tell that she's basically trying to put on a show of being this nice businesswoman. Again never mainstream, Stewart lacks the agreeability and identifiability of Oprah Winfrey and the admirable, charismatic ""toughness"" of Donald Trump. Yes, this can be a gender-biased assessment of her character, but I mean it to be more about the nature of her business.It comes as no shock that Stewart has been fired, but I wonder if they really always intended it to only last for one season?"
cmv,e1fd8d41-369a-4a9d-8b72-8486e0109471,20.4555821503986,3.5941422461474777,18.31597595566428,9.681161290445402,0.5753994846834836,0.4413673443509047,-0.029423131078123,1.9545894056966304,14.12617705822829,16.096018848940624,2.2915350558027585,25.276656814658573,00+,0.0,0.0,5.276656814658573,5.276656814658573,14.12617705822829,16.096018848940624,2.2915350558027585,25.276656814658573,"People believe that the superiority of democracy is self-evident and a staple in any free society, but I don't see how it's more liberating than any other form of government; monarchies are ruled by kingsqueens, aristocracies are ruled by an upper class, and democracy is ruled by the majority. Either way, some individualgroup has the upper hand. I don't understand why the majority is a better ruler than any other option. I feel like this causes a distinct problem in some ways, one that's not present in a government that's run by a smaller group of individuals. In any community, you want a leader that is informed, right? And in a democracy, the people are the leaders, so you'd want the people as a whole to be well informed, right? This is rarely the case, as very few people actually know exactly how America's modern day government works; never mind political theory or history. Most people have no incentive to stay informed, because they can still vote regardless of whether they actually know what they're doing or not. In virtually every academic field of study, important decisions are almost always made by trained, knowledgeable professionals who are generally respected in the community and fully understand everything involved. I don't understand why politics should be any different. When you form a community with a common goal and a few basic principles, it is clear that there are a few methods that work and many methods that don't towards any given end. If we want to, say, fix an economic crisis, I think we can all agree that there are policies that will work and others that won't. If I say solution A is the best and you say solution B is the best, either one of us is right or both of us are wrong. I don't understand why this needs to be voted on by everybody. Same with ""rights."" If a government realizes that something is violating some groups' ""rights,"" why should we vote on it? If it's violating their rights, change it. ""Rights"" don't seem like something that need to be agreed on by at least 51 of the population. I could literally spend a copious amount of time and effort studying political theory, historical trends, and formulating pragmatic solutions to our current political issues, and my vote will count just as much as someone who walks into the booth on voting day and picks whatever option makes the coolest anagrams. To me, that's not freedom. That's absurd. Also, people rarely put the whole of society ahead of their own self interests. If you went in to vote right now, of course you'd vote for a policy that, say, lowers your taxes; everyone would. Everyone likes lowering their own taxes, but what if that means that many other important things need to be cut as a result of the lower budget? Representative democracy is even worse; you don't get options for candidates who will actually improve the state of a nation, you just get candidates who know how to make their own agenda appeal the majority biases. Well-informed political scientists can never reasonably measure up to great orators and rhetoricians, and the political sphere becomes a popularity contest instead of a platform for actual issues to be solved. I'm here because everyone insists that democracy is the only way for a society to be free, so I want to see if I'm missing something. The idea that everyone's political opinion is equal sounds nice, but just seems completely indefensible to me. So... change my view."
yelp,f8ba372a-2ea3-46a5-8388-2cdfe7226c68,18.496901618579784,3.8068618488392194,18.14768758469288,9.703885081490355,0.807360172556697,1.6860280280509592,-0.0085474662658802,3.0615941777210427,14.39405601638489,4.979492794136585,8.345667921334837,24.125606794331254,00+,0.0,0.0,4.125606794331254,4.125606794331254,14.39405601638489,4.979492794136585,8.345667921334837,24.125606794331254,"This buffet is hit or miss and it figures that the time I decide to review it, the place had a very off day, including giving me a mild case of food poisoning again. Usually, the fried chicken, if available, is the top attraction, due to its crispyness and moist meat. On this day, which was a Monday afternoon, I had rotiserre chicken breast which was the best offering. Nothing else actually looked or tasted good. Mole chicken sounded great and on my initial walkthrough, that is why I purchased the buffet. Too bad, that this mole had no relation to real Mexican mole and the entire dish was too dryed out. Stffed cabbage was a horror show and the taco meat section was one giant pool of grease. Mongolian BBQ was also tried, but they don't put any sauce on it when they cook it, so it tastes just like, well nothing. The Chile Relleno was possibly the worst looking thing ever and didn't taste much better either. Deserts needed some work as well, but the butter pecan custard (they said it was) was decent, although could have been the culprit also to my later problems. You know what bothered me also was that there is a Guy cooking back there and anytimne anybody spills something (like some corn, etc) he is all over it, taking his nasty over the shoulder towel and dabbing it up. I'm all for a clean buffet, but find something else to do for a few minutes besides clean up every piece of corn that falls out of a laddling spoon. Maybe think of a better recipe to have us eat. Call ahead and if the fried chicken is available for dinner, it is worth the 8.99 itself with a few side dishes that are usually better than this lunch, which would include potatoes. Oh, the rice was excellent."
xsum,7426cf8e-20e5-4e81-bfbb-380b1547f405,20.568945571088168,4.008249319399678,17.99467313630391,9.850559819019749,0.8249037570071831,2.7597074454097985,0.2698229346046461,2.415019922786186,16.123128238512752,16.73941495120701,14.077281222593522,23.079026552857357,00+,0.0,0.0,3.079026552857357,3.079026552857357,16.123128238512752,16.73941495120701,14.077281222593522,23.079026552857357,"The vote held on Friday was for 68 seats out of the 290 in parliament. It meant that nervous Iranians woke up on Saturday morning to an all new political landscape. For the first time in 13 years moderates and reformists now have a majority in parliament. While it was not a sweeping victory for the supporters of President Hassan Rouhani, it was still a surprise win, especially given the months of heavy campaigning against the government's policies. Hardliners had a majority in the outgoing parliament. In the three years since Hassan Rouhani took office, they have bitterly opposed most of government's plans, organising a fierce attack on the nuclear deal between Iran and world powers. Some MPs have even gone so far as to describe Foreign Minister Javad Zarif as a traitor. The popular moderate who negotiated the nuclear deal has regularly been subject to harsh criticism in parliament and is under constant threat of impeachment by fundamentalist MPs. Now almost all those MPs have been unseated by moderate or reformist counterparts, and those who remain either supported the deal or at least never attacked it as vociferously as their unseated comrades. Many observers argue the nuclear deal not only brought an end to years of harsh international sanctions but was also the deal-breaker in the elections. The people were saying no to those who had promised to stop the deal. What puts this victory in a more meaningful context is the fact that it was achieved despite almost all well-known reformists being banned from running in the elections and a complete lack of media coverage of their campaign in the run-up to the elections. State TV and media never gave equal coverage to reformists or moderate candidates and even led a campaign against the deal in recent months. The only medium available to pro-government candidates was the internet and social media, which they used to the maximum in getting their message across, especially to the young and women. The triumph of the reformists should lead to a major realignment within parliament, making it more supportive of President Rouhani. But it will by no means end the president's problems when it comes to delivering his election promises. The nuclear deal has hit some rough patches on its way to implementation. Apart from domestic oppositions from hardliners in parliament and other unelected bodies, there are still a lot of obstacles to overcome outside of Iran. The international banks still have not opened up to Iranian businesses and in the US, conservatives in Congress are doing all they can to derail the deal. Any more delays in its implementation and ensuing lifting of sanctions would harm President Rouhani's economic reform plans and would prepare the ground for hardliners to recover from the this week's defeat in order to reshape their campaign against the government. Time is not on the moderates' side and the new momentum could die down easily if it is not supported by economic rewards. This is a worry that every unseated hardliner MP is focusing on from now onwards."
cnn,6f5886b4-fe0a-4fcd-a6b8-5435ddf6c5bf,20.8878227492038,3.4452319923317503,17.977510593122826,9.547357994852476,1.0339519859483506,3.426341668414384,0.0475174848962289,3.152790569336762,12.548839573015272,18.54920802425763,-1.94654385292359,22.961639085360797,00+,0.0,-0.0,2.9616390853607975,2.9616390853607975,12.548839573015272,18.54920802425763,-1.94654385292359,22.961639085360797,"(CNN) It's not going to be enough to slake the thirst of the elusive Mars bunny, but scientists say new research seems to support the theory that what looks like a bone-dry red planet during the day could be dotted with tiny puddles of salty water at night. Experts have long thought that a particular kind of salt detected in Martian soil could pull water vapor from the the planet's thin atmosphere into the soil at night and then keep it from freezing despite the extreme cold. Researchers aren't saying they've seen direct evidence of brine hiding out in the Martian night. But they say the new study based on a full year of monitoring of temperature and humidity conditions by the Mars Curiosity rover in Gale Crater does seem to bear the theory out. ""Gale Crater is one of the least likely places on Mars to have conditions for brines to form, compared to sites at higher latitudes or with more shading,"" said Alfred McEwen of the University of Arizona at Tucson, a co-author of the new report. NASA chief scientist: 'Indications' of alien life by 2025 . ""So if brines can exist there, that strengthens the case they could form and persist even longer at many other locations,"" possibly explaining channels seen on Mars that appear be formed by running water, he said. Researchers say Mars may once have had an sea as extensive as Earth's Atlantic Ocean, and Curiosity has found evidence of ancient streambeds and a lake on the planet. The vast majority of that water has been lost to space over the eons, leaving Mars an overwhelmingly dry and inhospitable place. The new study doesn't change the picture for life on Mars. The researchers say the temperatures they measured are too low and water too scarce ""to support terrestrial organisms"" (sorry, bunny fans). But scientists say evidence of water ice at the planet's poles and now more evidence toward the theory of widespread brines keeps them hoping they'll find evidence that life at least once existed there. ""Liquid water is a requirement for life as we know it, and a target for Mars exploration missions,"" lead author Javier Martin-Torres said in a statement. ""Conditions near the surface of present-day Mars are hardly favorable for microbial life as we know it,"" he said, ""but the possibility for liquid brines on Mars has wider implications for habitability and geological water-related processes."" In other words, we'll keep looking. Mars is the next step for humanity we must take it ."
cmv,d7acbc77-e9f2-4bad-abad-827602313c5c,19.57068469280044,3.706785948299448,17.822810487168454,9.718450463644103,0.6126886578821846,-0.4435301132472524,0.0832205710738471,1.4614239372008022,14.565759733813907,11.073767653088257,5.497445233632949,21.903529371210194,00+,0.0,0.0,1.903529371210194,1.903529371210194,14.565759733813907,11.073767653088256,5.497445233632949,21.90352937121019,"Education via schooling serves several social purposes, most of which do not actually benefit students. 1.) A modern employment program for teachers, administrators, and the education-industrial complex 2.) A babysitting program for kids whose parents go to work 3.) A way of keeping kids out of the labor force so they don't excessively drive down wages for everyone else 4.) A way of indoctrinating kids into capitalist society and making them too rigid to escape the ways of thinking they're indoctrinated into 5.) A way of maintaining the present social hierarchy by giving the illusion of meritocracy, when in fact wealthy students are given more resources to handle or bypass educational bullshit. Modern educational institutions have been kept in place because people don't know what else to do with themselves now that they no longer need to go to school in order to learn. No one in their right mind would look at the technology we have today and still design the educational or economic system the way it is. Nor would anyone in their right mind choose to go through such a system of their own free will if they didn't have to do so. People are said to be free, but kids are apparently not people, so they aren't free to spend their time as they wish during their formative years, nor are they typically allowed to earn money to support themselves. This was the case even when unemployment was low and digital technology was not widely available. The freedom to live and work as you see fit are the basic and necessary condition for freedom and autonomy, but we instead choose to keep kids in social prison because we don't have the courage to admit that the social and economic systems that were in place before the digital age are fundamentally broken and outdated. The argument that young people do not have the capacity to be free or work is the same sort of argument that people used to give for denying women the right to vote. They're too stupid for autonomy! Leave it to the adults! ""It is difficult to get a man to understand something, when his salary depends upon his not understanding it"" - Kate Upton ""Capitalism has tried to jail its way out of the problem"" [of excess Americans]. - David Simon We should pay kids for going to school. It is the same deal we have with employers - we will put up with your bullshit and do your bullshit busywork, so long as you pay us for our time and effort. The problem is so massive and pervasive that it is easier for everyone to just keep their head down, find their own rent-seeking niche, and not question the ubiquitous bullshit. I think pushback and character attacks against me will tend to be from those who've identified with or have an interest in the educational-industrial complex, in the same way that if one identified as a member of a religion and someone spoke against it, one might get very angry and defensive. Modern education is secular indoctrination, no less harmful than religious indoctrination, and much harder to escape because it is everywhere. Of course they don't give people the tools to escape from the mental prison they've built for them. Another way of looking at it is that notwithstanding the protests of those with a vested interest in the status quo, schooling is not only not equivalent to education, nor is it the only path to obtaining education, but rather it tends to be actively harmful and stifling of genuine education. CMV."
eli5,14a96e03-54bc-4b39-bba9-683ae2fa9939,18.40765800598694,3.537571899608943,17.760483788706665,9.146665861015132,0.4067549490176212,-0.1841419425188988,-0.1327520961436317,2.5299113772613797,7.825288333631245,4.472989089986339,0.6815076306867703,21.47723047059532,00+,0.0,0.0,1.4772304705953196,1.4772304705953196,7.825288333631245,4.472989089986339,0.6815076306867703,21.47723047059532,"John D Rockefeller became successful due to the nature of the time period he lived as well his business strategies. He was born in 1839 and founded Standard Oil in 1870. During this time period, the United States ran pretty much a purely industrial capitalistic economy. In order words, people could run businesses as they wished, with little to no government regulations or opposition. In fact, sometimes government would intervene in the favor of businesses (for example, troops being deployed to break up labor strikes). Oil was also pretty important in this time period because it was needed as fuel to create light (no electricity infrastructure yet), and automobiles would soon become very popular with the introduction of the Ford Model T. To dominate the oil market, Rockefeller performed a technique called horizontal integration in order to create a monopoly. A monopoly is a single company or collaboration of companies that completely controls a market because consumers have no other options to buy from. Horizontal integration involves acquiring or forming partnerships with companies on the same level of production. So, Rockefeller would buy up other oil refining companies, growing his company larger and larger while reducing competitors. Eventually, smaller companies could no longer compete with him, and Standard Oil would dominate the market. If you tried something like this today, the government would quickly come in and block attempts at acquisitions and mergers if there was a threat of you creating a monopoly. (Imagine Apple, Microsoft, and Samsung joining together and start charging 3000 for a smartphone). Modern business leaders don't have the opportunity to reach this level of dominance. But during the 1800s, there were no anti-monopoly or anti-trust laws. In addition to his dominance in conducting business, a number of other factors helped contribute to Rockefeller's wealth. -Oil itself has reaching influence into other markets of the economy. Rockefeller held significant power over the railroad industry (which was massive in the 1800s). -Rockefeller did not sell many shares of Standard Oil, so he held onto a large portion of the wealth generated by the company. -He would expand into new industries when opportunities popped up (such as natural gas). To summarize, Rockefeller was successful due to favorable government policies, ruthless and aggressive business strategies, and dominance in a naturally influential industry.,He focused on a niche in an exploding market where he could do well. He decided not to drill for oil but to sell it. He sold ""standard oil,"" a distillate of oil with the gasoline fraction removed. We call it kerosene. It was the fuel for kerosene lamps which were used after dark. It replaced whale oil. The whales were being hunted to extinction all over the world. Carefully refined kerosene was safe when standardized in this way. Cheaper products did not have the gasoline component removed. Lighting lamps with those products could result in a dangerous explosion. Rockefeller developed a business model where his store sold his product, a special safe product, one store per market, with a fair markup, according to him. When automobiles became common, requiring the gasoline component of oil he was poised to sell it all over the country following his business model."
xsum,e998d6d5-1fb4-40ea-8696-d286397be7f4,20.45478082681008,3.96256063127612,17.683620050554314,9.847142943657229,0.8214868816446632,2.64554270113171,0.2241342464810873,2.103966837036591,16.08284847135365,16.091470922719157,12.7769525981897,20.951501884288344,00+,0.0,0.0,0.9515018842883443,0.9515018842883443,16.08284847135365,16.091470922719157,12.7769525981897,20.951501884288344,"Sen McCain has repeatedly called for the US to provide military aid to members of the Syrian insurgency. He becomes the highest ranking US official to travel to Syria, though McCain spokesman Brian Rogers did not give further details about the visit. News of the trip came as US Secretary of State John Kerry met his Russian counterpart Sergey Lavrov in Paris. The US currently provides non-lethal aid to opposition groups in Syria, where an estimated 70,000 people have been killed since violence broke out in March 2011. Rebels call for arms Sen McCain, the top Republican on the Senate armed services committee, is understood to have entered Syria through Turkey and was on the ground there for several hours. He travelled with the Syrian Emergency Task Force and met General Salim Idris, chief of staff of the rebel Free Syrian Army, as well as 18 other rebel commanders, the BBC has learned. Gen Idris called for weapons to continue their fight, as well as a no-fly zone and air strikes on government targets. These are all steps that Arizona Sen McCain has previously urged the Obama administration to take. Gen Idris also urged airstrikes on the forces of Hezbollah, the Lebanese militant group whose forces have been fighting in Syria on behalf of President Bashar al-Assad. Sen McCain - who was the Republican presidential candidate in 2008 - has repeatedly urged more forceful American support of Syrian rebels, calling for US cruise missiles to target Syrian government forces. After unverified reports emerged last month that Syrian government forces had used chemical weapons on rebels, the hawkish 76-year-old senator renewed his calls for the establishment of a no-fly zone. He has also repeatedly urged that the insurgents should be armed. But the Obama administration has demurred, amid concerns that weapons might fall into the hands of al-Qaeda sympathisers. Earlier this month, American Ambassador to Syria Robert Ford briefly crossed into northern Syria to meet opposition leaders - in his first visit to the country since he left in February 2012 when the US closed it mission there."
xsum,824bc710-408e-463d-b6ab-e6bd85736961,18.979486762066912,3.653230083641547,17.646851059321303,9.535603264754906,0.5099472027423406,1.1702486363885427,-0.0851963011534855,2.06719784580358,12.410269171372349,7.718413324609418,3.973211847219372,20.7000112562558,00+,0.0,0.0,0.7000112562557987,0.7000112562557987,12.410269171372349,7.718413324609418,3.973211847219372,20.7000112562558,"The project was launched in Grenada by the prince, who is on a 15-day tour of the Caribbean. Nine places are available on the six-week Royal Household Hospitality Scholarship initiative. Training could include shadowing a service team at official events. Successful applicants to the programme will be attached to the Master of the Household's department, which looks after all planning and entertaining given by the Queen, both official and private, in the UK and overseas. It also provides support to the Duke of Edinburgh, Prince of Wales and other royal family members. The training could range from learning complex chocolate and sugar craft or performing duties for the Queen's guests at Windsor Castle during Royal Ascot week. Candidates to the scholarship programme can apply from the nine Caribbean countries where the Queen is head of state which include Jamaica, Grenada and St Lucia. Successful candidates will be provided with staff accommodation in the Royal Mews at Buckingham Palace, as well as meals and travel. Flights will be provided by their home realm. Meanwhile, Prince Harry praised a drawing of himself created by a teenager during a visit to an exhibition of environmental and social projects on Grenada's Grand Anse beach in the capital St George's. The prince chatted to the artist Richie Modeste, 18, who was being supported by a organisation which helps disadvantaged young people, and told him the artwork was ""amazing."" The prince asked the teenager: ""How long have you been drawing for?"" and when the young artist replied ""for about six years now"" he praised his efforts, saying: ""You have a serious talent."" Later, Prince Harry took a 10-minute ride in a glass-bottomed boat to see gardeners tending an underwater nursery that environmentalists hope help will produce coral to be transplanted to damaged reefs. The prince presented a handwritten postcard message of support for the project which said: ""Globally 75 of coral reefs are under threat from over-fishing, habitat destruction, pollution and acidification of the sea due to climate change. ""It is fantastic to see Grenada doing their bit for their surrounding ocean and coral reefs. We must protect the things that give us so much."
yelp,be76162e-6297-4c2c-be8b-8be691cc5a5e,19.194604873437413,3.9278695745113574,17.63259237368704,9.658637944571044,0.7621130356373857,2.383731282908588,0.1124602594062578,2.5464989667152,13.8606610439731,8.939319976338785,11.789623436974871,20.60248544211651,00+,0.0,0.0,0.6024854421165102,0.6024854421165102,13.8606610439731,8.939319976338785,11.789623436974871,20.60248544211651,"This is definitely the kind of place where you drink pints, wearing tracksuit bottoms, on the days when you can't be bothered to put makeup on. It's certainly not a white wine spritzer or cosmo sort of place. What's great about this place is how cheap it is. As part of the Scream Pubs family you get drinks prices starting from as little as PS1.80, and if you're hungry then PS4-5 will ensure you leave with a full tummy. There are two pool tables too, although they are quite close together which means you usually end up on both the giving and receiving end of a pool cue in the back every few minutes at least. In the downstairs section there are also loads of tv screens for watching sport, although the awful music they play will definitely make you wish you'd stayed at home to watch the footy in your own living room: the jukebox is programmed to always play the songs that are least selected, i.e. the really awful ones that no-one ever pays for, to make people put money into it to do everyone a favour and change the track. And there are lots of other things that may well put you off coming here. For starters, given that it's underground means it's dark, dingy and generally a bit depressing. Add to this the fact that this place hasn't seen a refurb in far too long, and you end up with a combination of dark and dreary mixed with shabby and grubby. But the very worst thing about here is the state of the loos. Without wanting to sound high maintenance, I like my toilets to have a) loo roll and b) a lock on the door. But when you've spent so long queueing for one of the only 3 loos (one of which will usually be out of order) you tend to just put up with it!"
eli5,b4affa1e-8854-4bc5-8e29-764897df5f89,18.946954255656365,3.927118065430513,17.628781217355474,9.897588789017169,1.1576778770196583,0.3551543071505278,0.2567940696779383,2.3982088059101887,16.67752831467807,7.533774508188906,11.768235018758999,20.57641809386424,00+,0.0,0.0,0.5764180938642411,0.5764180938642411,16.67752831467807,7.533774508188906,11.768235018759,20.57641809386424,"One person deciding another person's fate is just asking for personal bias. At least with multiple people involved with the process, one person's opinion can be limited on the outcome.,It's a legacy of the Magna Carta, a document signed in the 12th century in an attempt to reign in the English king's powers, after he'd started abusing them. Most modern English-speaking countries have inherited this principle. One of the provisions of the Magna Carta was that people at least, members of the aristocracy, since contrary to popular belief the Magna Carta didn't really apply to peasants were to have their guilt or innocence established in a trial by their ""peers,"" i.e. people like them. The original intent was probably to ban things like trial by combat and trial by ordeal, but these days it's interpreted to mean that a defendent should be found innocent or guilty by people who understand the defendent, not an out-of-touch judge. This is now so ingrained as a principle in these countries that people are genuinely horrified by the idea that anyone would think it fair to have a trial without a jury. Bear in mind that people in these countries usually imagine a single judge arbitrarily handing down guilty verdicts and sentences according to personal whim. In the US, this is especially concerning since many judges are elected, and have actual election campaigns in which they tend to promise to ""get tough"" on criminals; many others are appointed by politicians. The scope for abuse is genuinely quite high, and a jury system is seen as an important safeguard against overly political judges. Having a judge carry out a sentence is not, in itself, problematic. However, the phrase ""judge, jury and executioner"" is a metaphor used to describe somebody with absolute power over other people's lives. Specifically, it describes a summary execution: one person declares their enemy to be guilty, sentences them to death and then immediately carries out the execution with nobody else being involved. There's no chance of an appeal, and if there is a trial, it's a show trial.','Have you ever seen Judge Dredd. It can be easy for a judge to make the wrong choice due to lack of evidence, or false evidence. People who get framed for murder will be swiftly judged, sentenced, and executed with a single entity system. The justice system is fucked up and makes mistakes.','There is nothing inherently wrong with it. It can leave a case open for personal bias but any judge who knowingly convicted someone with insufficient evidence would face the possibility of being disbarred. In the US it is even possible, in some cases, to waive your right to trial by jury and have the case decided by a judge. The problem is when this is the only method used it opens judges up to bribery and outside influence.', ""The reason it's bad is the same reason why I would never publish a piece of art, writing, or music without running it by at least someone else first. When we do things all by ourselves we always tend to get desensitized to whatever it is and not notice important things. By having different people bringing their collective knowledge and experience to the table, a lot more of an even, fair, and equal result is achieved."
yelp,047d85c6-60da-4512-8b64-5b6d57b2fef6,18.06002845589518,3.6749910682540823,17.560369452822393,9.465554449137825,0.5690295402041663,1.2491548653663536,-0.1404182468510173,2.4742760458505533,11.584500103592836,2.5000114204598187,4.5925430722781195,20.108498875786992,00+,0.0,0.0,0.10849887578699224,0.10849887578699224,11.584500103592836,2.5000114204598187,4.5925430722781195,20.108498875786992,"This review is for their lunch buffet. I was so lucky today. The buffet had my favorite entree and dessert, all for about 10, which normally would have cost me close to 20 easily. -Goat Karahi: The meat was so tender and flavorful. Place a piece of this delicate meat on a piece of naan, add some white onions and a squeeze of lemon...what do you get? Yummy yummy in my tummy! -Kheer: Traditional rice pudding made with basmati rice, milk, sugar saffron. I can eat 2 bowls of this easily. So DeliCious. They constantly bring out naan to you when your basket gets low. Aside from these 2 awesome things that I eat from the buffet line, they also offer other dishes like the pakora, aloo gobi, chicken tandoori, and many other dishes and desserts (my friend had mango custard and she said it was very good...I vowed to try it next time by not overstuffing myself with the kheer). Their menu changes though. The other time that I was here, instead of the goat karahi, they had lamb vindaloo. Instead of kheer, they had gulab jamun (milk cheese balls soaked in a honey syrup), which was a sad day for me: (. I expressed to the server with a pout, indicating that I would much prefer the kheer. Next thing you know, he brought out a serving of kheer just for me! Yay to the awesome server! Therefore, if there are certain items that you like, you might want to call ahead to check out what's on their line. Other than that, if you feel adventurous, please check this place out. I will definitely come back!"
reddit_eli5,01733de3-1666-44f0-84b8-5ec06df2be6e,10.436448045298532,2.96621440718532,9.304918837459727,6.273781198684523,-1.4924743363652624,-4.77308677131186,-0.5154352727300724,-3.3119140331077013,-26.041655290642062,-40.767754245539386,-15.579683764365331,-36.356701564231926,−0−,-20.767754245539386,-0.0,-16.356701564231926,37.12445580977131,-26.041655290642066,-40.767754245539386,-15.579683764365331,-36.356701564231926,"I 'll take this from a broad philosophical standpoint because I do n't know a lot about Koko . There are a few questions that * all * animals are capable of answering on a very basic level . "" Where . "" Where can I find food ? Where is home ? Where is my family ? "" What . "" What is this ? What are you ? "" Who . "" Obviously you 've seen dogs react to who you are vs who its owner is . "" When "" is another one . When do I need to eat ? When do I need to sleep ? When do I need to run ? "" How ? "" How do I best hunt prey ? How do I escape this lion ? How do I climb this tree ? The one question that separates humans from animal is the question "" Why ? "" Animals survive based off instincts . They learn , but they do n't ever touch on the concept "" why "" because they just have n't developed their brain enough to be capable of having thoughts as complex as the "" why ? "" If we could somehow ask animal "" why "" , their answer would likely be "" well .. because its what I do "" and that 's the most we 'd get . Animals can think ... but they ca n't think about what they think . That 's a huge reason humans are so different . It 's why you do n't see vegetarian lions . Therefore , a gorilla wo n't be able to actually focus on it 's own consciousness enough to understand the reasoning behind its choices because ... ya know ... instincts ."
reddit_eli5,2cb64520-a0a2-41e2-b8de-420512992f09,11.46196201860184,3.02351897048206,8.761704211732077,6.020031632096525,-1.7462239029532602,-3.747572798008554,-0.4581307094333327,-3.855128658835353,-29.032977002578775,-34.947431523892824,-13.948760071345353,-40.07215262229803,−0−,-14.947431523892824,-0.0,-20.072152622298027,35.01958414619085,-29.032977002578775,-34.947431523892824,-13.948760071345353,-40.07215262229803,"Let 's say you buy a house for $ 200,000 . Since you do n't have that much money lying around , you get a loan from a bank caledl a mortgage . You might wind up putting in $ 20,000 of your own money , and borrowing $ 180,000 at 5 % for 30 years . Bank A loans you the money , because they know if you ever ca n't pay , they can sell the house and come out ahead . Fast forward 10 years . You house is now worth $ 250,000 , and you 've paid your mortgage down so you only owe $ 150,000 . The difference between what the house is worth and what you owe is called * equity* ... in your case , you have $ 100,000 in equity . You get a loan against that equity , a * second mortgage * . Bank B is willing to give you a loan , because if you ca n't pay it off , they can sell your house , pay off Bank A , and have enough left over for them . Usually the terms are worse , so Bank B is n't going to give you as good as terms . You might be able to borrow $ 50,000 at 7 % for 10 years . But now you have to pay Bank B about $ 600 a month , on top of already paying Bank A the $ 1000 a month . Usually getting a second mortgage is a bad idea , but if you are desperate and have to raise money quickly , it is an option ."
reddit_eli5,8e0f7cff-07ca-48c6-b381-34b577d189e0,11.893968763962675,2.9505816161058505,10.409449943258725,6.850451821328477,-0.9158037137213082,-3.315566052647716,-0.531068063809542,-2.2073829273087053,-19.243585140824866,-32.495569587941816,-16.024602770684478,-28.801987329116084,−0−,-12.495569587941816,-0.0,-8.801987329116084,21.2975569170579,-19.243585140824862,-32.495569587941816,-16.024602770684478,-28.801987329116084,"Before babies start to use ' language ' they form speech through babble . Basically they play with producing noise through open and closed mouths . These are the easiest utterances for developmental babies to make as they explore sounds . Think of the open and closed mouths like binary code : 0 = the open vowel sound , like ' aaaaaa ' . Then 1 ( or in our case a closed mouth ) - = the closed consonant sound , like ' m ' or ' p ' . Try it . Close your mouth as if you were making the beginning of a ' m ' or ' p ' word , then just open your mouth and push through some air .... You're basically making the ' ma ' and ' pa ' sounds . ' B ' , ' D ' , and ' P ' are pretty much interchangeable as closed consonants . Hence the variations found : baba , abba , papa , dada . etc . So , these are the basic building blocks of vocalisation , so they are the ones babies use . The simplest form for the human mouth . Another interesting question is that these pre - linguistic babies have been the ones to give birth to language in the ' naming ' of mother and father . Why did we follow their lead ? Maybe the simple naming of ' poo ' and ' wee ' in many languages follow a similar explanation . I think grandparents also have similar binary forms in many languages too , like in Hindi . Paternal Grandfather — दादा ( daadaa ) Paternal Grandmother — दादी ( daadii ) Maternal Grandfather — नाना ( naanaa ) Maternal Grandmother — नानी ( naanii )"
reddit_eli5,84545fd4-eb20-4fa9-aab8-73b729322074,13.29149926475899,3.860489447573748,10.090746137661862,7.0365888590388685,-0.7296666760109165,-1.9180355518514032,0.3788397676583552,-2.5260867329055685,-17.049312378961503,-24.563860474532078,9.871942904410863,-30.981840992165726,−0−,-4.563860474532078,0.0,-10.981840992165726,15.545701466697803,-17.049312378961503,-24.56386047453208,9.871942904410863,-30.98184099216573,"It does , but it is a great conductor . Even though it is reflective , being in a 300f environment , it will reach 300f , that is why what 's in the foil still cooks . But aluminum foil is very thin and very conductive , so heat travels quickly through it . If you touch a chunk of aluminum , it feels cold because it is pulling heat out of you and distributing it throughout its mass . Well aluminum foil acts like a radiator . It comes out and has heat , but cooler air touches it and heat always goes hot to less hot , so that little bit of energy it has gets given almost instantly to the air molecules it touches . It 's so thin that it has massive surface area relative to it 's mass , so it just gives the heat quickly to the air , as quickly as it pulls the heat out of your finger . This is why we make radiators and heat sinks and so on out of aluminum , because it gives heat to the air very easily when there is a lot of surface area . So look at it like this , a potato weighs a pound and is 300f , so let 's say it has 500 joules of energy and is an insulator , so it only releases 5 joules per second to the 65f air around it , so it takes 85 seconds for it to cool to 65f(way off of course but it 's just an example ) . The aluminum foil is maybe .001 pounds and 300f right when it comes out so it has 0.5 joules of energy . It 's a conductor and has a lot of surface area so it releases 25 joules per second . So it only takes 0.02 seconds of contact with the 65f air to lose that heat energy and reach 65f . Again , way off in the numbers , but the principle is there . Hope that helps . Edit : There seems to be some confusion on here , aluminum is a good conductor of both heat and electricity . If you Google it wiki confims . I 'm unsure why so many people think it 's a poor conductor of heat ."
reddit_eli5,a3c0d7fe-ee4d-47f3-9a83-f824cfe2b4e5,13.014691964422946,3.182390656162623,10.346364074623878,6.82448664326853,-0.9417688917812548,-2.1948428521874472,-0.2992590237527692,-2.270468795943552,-19.549675125250847,-26.134885211010257,-9.427172584765684,-29.233478762275467,−0−,-6.134885211010257,-0.0,-9.233478762275467,15.368363973285724,-19.549675125250847,-26.134885211010257,-9.427172584765684,-29.233478762275467,"Certain diseases are related to genes . Now for every gene in your body it has a partner . You have two sets of genes , one from mom and one from dad , and need both to live . Some times a defect or change in the gene causes a disease . Now here is the tricky part : if the change is only in one of the two copies of the gene and you get the disease , it is called Dominant . If you need the defect in both copies it is Recessive . Lets make up a gene , called DERP1 . Remember you have two copies of DERP1 , mom and dad versions or DERP1 ( m ) and DERP1 ( f ) . Your DERP1 ( m ) is defective , i.e. it does n't work and can not be used to make proteins , but DERP1 ( p ) is just fine and there is no disease . You are a CARRIER for a disease of DERP1 , but you do not have it , because it is Recessive and you need both copies to be defective to have a disease . Now DERP1 defects are rare , so if you marry some random woman , the odds of her and you both having a DERP1 defect are small , and you wo n't pass along the disease to your kids . But your sister may also be a carrier for the defective DERP1 from mom . So if you mate with here the odds of your off spring getting both defective DERP1s ( one from you and one from her ) is 25 % . As a general rule of thumb , most family trees contain one to two Recessive diseases in their genes , most people are carriers and without genetic testing would never know that a whole gene was broken . But by inbreeding the chances of recessive disease genes linking up are vastly increased . Its funny that incest is probably the only universally reviled practice in human history ( I had a anthropology teacher tell me this ) and that even animals will usually avoid inbreeding . Edit : Fixed mistake with %"
xsum,3d603dee-f1ff-4ff5-ab02-c9667de71ef8,12.321669317637408,3.1234910905217186,11.087459397520288,6.985217696931307,-2.0404383650812585,-5.487568808040962,-0.6149352942733137,-4.492193815997435,-17.654900300336255,-30.068147519186056,-11.103491041550804,-24.16457363496062,−0−,-10.068147519186056,-0.0,-4.164573634960622,14.232721154146677,-17.654900300336255,-30.068147519186056,-11.103491041550804,-24.16457363496062,"The AE unit at Telford's Princess Royal Hospital could be downgraded, leaving the Royal Shrewsbury as the only hospital in the county to offer emergency and critical care. Women and children's services would also be moved to Shrewsbury, despite a PS28m centre opening in Telford in 2014. The proposals have been made by the NHS'Future Fit' board. More updates on this and other stories in Shropshire Urgent care centres would be based at both sites, which Shrewsbury and Telford Hospital NHS Trust said would attend to the majority of patients who are currently seen at AE. These ""preferred options"" will be considered by Telford and Wrekin Clinical Commissioning Group (CCG) and Shropshire CCG, who will formally decide if a public consultation can begin. The board is also recommending three other options be put forward for public consultation. No formal decisions will be made until at least Summer 2017, Telford and Wrekin CCG said. The NHS Future Fit programme was launched in 2014 to review the health system across Shropshire, Telford and Wrekin and mid-Wales and is set to finish in spring 2017. Princess Royal Hospital in Telford: Royal Shrewsbury Hospital: There has been criticism of the plans to move women's and children's services from Telford. Shaun Davies, leader of Telford Wrekin Council, described the announcement as ""a total farce that is being railroaded through"" and said he opposed the idea of downgrading Telford's AE department. ""If there is to be only one, then it makes sense from a financial and clinical perspective to locate it at Princess Royal Hospital; in the area where there is a growing population."
reddit_eli5,6688678c-9a58-422c-860d-27a396bc45a1,13.688226128732538,2.96018258632529,9.964254374770272,6.388987894777382,-1.377267640272403,-1.5213086878778554,-0.5214670935901018,-2.652578495797158,-24.68354344825768,-22.312230130349636,-15.75135315658692,-31.847012753037703,−0−,-2.3122301303496364,-0.0,-11.847012753037703,14.15924288338734,-24.68354344825768,-22.312230130349636,-15.75135315658692,-31.847012753037703,"Here 's my attempt : Scenario : Your house has a front door that is locked and a burglar is trying to get in . Brute force hacking : Burglar tries a million different keys one - by - one . Vulnerability hacking : Burglar checks to see if the door is locked . If it is , burglar checks all other doors of the house . If all are locked , burglar then checks for open windows . If none , then burglar checks for windows that can be easily opened . And so on and so forth . Rootkit hacking : Burglar pretends to be a locksmith and convinces you to let him upgrade your door lock . He upgrades your lock , gives you the key , but also makes himself a copy of the key . Social engineering hacking : Burglar pretends to be a friendly neighbor and brings a six - pack of beer each weekend to befriend you . Because you think he is your friend , you let him know about the spare key underneath your doormat so that he can come over to water the plants when you 're on vacation . Trojan horse : Burglar pretends to be a phone technician so you unlock the door for him . Key logger : Burglar attaches a stealth device to your doorknob that copies your key when your insert your key into the lock . Black hat hacker : Burglar uses above techniques to break in and steal your stuff . White hat hacker : Person uses above techniques to unlock your door , does n't enter , but afterwards , tells you how he did it . Grey hat hacker : There are many definitions , but one example would be a person that uses above techniques to unlock your door , does n't steal your stuff , but does n't tell you that he 's able to unlock your door ."
wp,87527cac-33e4-4d5d-865d-998b7bcab04f,12.29138844804351,2.8464274618109355,11.33022723621912,6.7872492314218205,-2.046084409787544,-3.986999195991139,-1.007717406713176,-3.324756126312632,-19.98864761316942,-30.240007130967726,-18.988895109610628,-22.504102836793592,−0−,-10.240007130967726,-0.0,-2.5041028367935922,12.744109967761318,-19.98864761316942,-30.24000713096773,-18.988895109610628,-22.504102836793592,"The men look at me, and I look to the men. I sense there fear, and know what I must say. "" You can all see what I can see, you can all hear what I can hear, and you all know what I know. Our enemy is innumerable, their battle cries shake the heavens, and there are no reinforcements for us. "" So why then do we stay, when there is no hope? "" you may ask. The reason is really quite simple; we were always going to die. Maybe not in this battle, or even the one after that, but we were always going to die. "" "" You see, this is what men do. We live; We laugh; We cry; And we die. And seeing how this war has been going, seeing how far they have made into our homeland, it looks like we will not be able to avoid the former for much longer. So if you feel like you should leave, do it, I will not stop you. "" "" First however I plead you hear me out. The Enemy can not be stopped, but if we try, we can delay them. We are in a pass, meaning they can not bring their cavalry to bear, and their numerical advantage is almost nullified. That means that if you stay, if you fight, we may be able to put up a defense, long enough for our countrymen to muster their strength. "" I see my logic does not fall on deft ears, and so I get up. Standing now I raise my voice "" So, I beg of you, fight with me. Fight this demon that has swept across our land. Make it bleed so it knows it knows it can be beaten. You were always going to die! So die here with me! Die here, where they will remember you name! Die Here, where, it could make all the difference! Die here, and show this demon that if he wants our home. He will have to pay to get it! "" I raise my fist in the air and scream as loud as I can "" Now let them hear it!! "" "" Live; Laugh; Cry; Die "" "" Live; Laugh; Cry; Die! "" "" Live; Laugh; Cry; Die!! "" "" Live; Laugh; Cry; Die!!! "" At first it is just me, but slowly my men join in and it becomes a chant of both sadness and resolve. Hearing this, the enemy gives their famed battle cry; drowning out our chant, in an attempt to intimidate us. But it doesn't matter, because they heard, and they know now that we will not so easily give in. edit: was formatted as code."
cnn,f6ddd472-97ae-495c-baf4-b4f9512e83e4,12.367239733496492,3.079214401562315,11.474379810986594,7.045070951144616,-1.468335057759509,-5.094241347292922,-0.3185001058732064,-3.3503402127994697,-16.949321405105906,-29.809511816734187,-12.363633287089487,-21.518135576200553,−0−,-9.809511816734187,-0.0,-1.518135576200553,11.32764739293474,-16.949321405105906,-29.809511816734187,-12.363633287089488,-21.518135576200553,"Jose Mourinho revealed he prepared his Chelsea players to deal with the threat of Manchester United's Marouane Fellaini all week - only to be told by a hotel doorman that the Belgian was not playing. Mourinho planned for Kurt Zouma to man mark Fellaini - with teenager Ruben Loftus-Cheek playing the 6ft 4in midfielder in training. But he feared his tactical master plan was set to be for nothing when the Chelsea boss was told that the Manchester United man was not playing by the doorman at the club's hotel. Marouane Fellaini (right) poses with his twin brother Mansour (right) during his days as an Everton player . Mansour (left) and Marouane (right) look on from the stands during Everton's game Leyton Orient in 2012 . Chelsea manager Jose Mourinho has admitted his side were confused as to whether Fellaini was playing . Mourinho, relaying his conversation with the doorman, said: 'Fellaini doesn't play because he was here to get tickets for the game from Eden Hazard. He was dressed in jeans, this and that'. ' (It) didn't smell well for me. I go to Google and I put 'Fellaini brother'. Images. 'So I go with the pictures to the doorman. I say 'hey, this one or this one?' And he looks 'this one'. 'He's the brother'.' Mourinho said the other Fellaini - his twin brother Mansour - posed for photos as the United player, who had been in the Blues boss' thoughts all week, did start the game at Stamford Bridge which Chelsea won 1-0 to move within two wins of the Premier League title. Indeed, Chelsea could claim the trophy as early as April 29 should they beat Arsenal and Leicester in their next two fixtures. In the end, Fellaini did play at Stamford Bridge, but was dealt with in midfield by Chelsea's Kurt Zouma (left) Zouma (right) had been given a specific tactical brief to stifle the threat of Fellaini (left) during the game ."
wikipedia,c2e3d184-52bd-4b7d-b752-8c990142c627,13.967126393699177,3.1997353300841027,10.226169680104508,6.5663418347558515,-2.1821164214986517,-2.84762781391243,-0.4220541803797895,-3.974226382459454,-22.59281005907912,-20.729326736035315,-8.933532322649667,-30.0555781114828,−0−,-0.7293267360353148,-0.0,-10.055578111482799,10.784904847518114,-22.59281005907912,-20.729326736035315,-8.933532322649667,-30.0555781114828,"The Bruckner Expressway is a freeway in the borough of the Bronx in New York City. It carries Interstate 278 (I-278) and I-95 (and formerly I-878) from the Triborough Bridge to the south end of the New England Thruway at the Pelham Parkway interchange. The highway follows a mostly northeast–southwest alignment through the southern portion of the borough, loosely paralleling the course of the East River. It connects to several major freeways including the Bronx River Parkway, and at the Bruckner Interchange, it connects to the Cross Bronx Expressway, the Whitestone Expressway, and the Hutchinson River Parkway.

Route description

The expressway begins at the northern approach to the Triborough Bridge, where I-278 meets the southern end of I-87, here known as the Major Deegan Expressway. It heads to the northeast as an elevated highway, carrying the I-278 designation through the South Bronx. After , the Bruckner Expressway meets NY 895 (Sheridan Boulevard) and turns eastward to cross the Bronx River into the Soundview neighborhood. Here, the highway connects to the Bronx River Parkway at an interchange one block north of that road's official southern terminus. The Bruckner Expressway remains I-278 into the adjacent neighborhood of Castle Hill, where I-278 enters the west half of the complicated Bruckner Interchange and I-95 transitions from the Cross Bronx Expressway to the Bruckner.

In the east half of the junction, located on the opposite bank of Westchester Creek in Throggs Neck, the Bruckner Expressway (now designated I-95) intersects the Hutchinson River Parkway, I-295, and I-678. I-295 proceeds southeast from the Bruckner Interchange as the Cross Bronx Expressway Extension, while the Hutchinson Parkway and I-678 head to the north and south, respectively. The Bruckner eventually makes a turn to the north as well, connecting with I-695 in the process. The Hutchinson and the Bruckner follow mostly parallel alignments to Pelham Bay Park, where the Bruckner Expressway ends at an interchange with the Pelham Parkway. I-95 continues north from this point as the New England Thruway.

History
The Bruckner Expressway was a project envisioned by Robert Moses, who steered the Bruckner through the Soundview section of the Bronx, further altering the neighborhood after the 15-year construction of the Cross Bronx Expressway, which was completed in 1963. The Bruckner Expressway itself was completed in 1973, making it one of the last roads of the New York City Expressway system to be built.  It is named in honor of former Bronx Borough President and Congressman, Henry Bruckner (1871–1942), and was built on and over the roadway of Bruckner Boulevard (Originally called Eastern Boulevard). 

Unlike the Cross Bronx Expressway, which cut through the existing street grid, the Bruckner Expressway was built along the Bruckner Boulevard alignment (except at its western end, where the Bruckner Expressway and Major Deegan Expressway meet). Between Sheridan Boulevard and the eastern end of the Bruckner Expressway, the Bruckner Boulevard is the service road, except at the Bruckner Interchange, where Bruckner Boulevard passes underneath the flying junction. West of Sheridan Boulevard, Bruckner Boulevard is underneath the expressway, and extends past the expressway's western terminus for about , ending under the Third Avenue Bridge.

In 2019, the New York State Department of Transportation began a $1.1 billion project to rebuild parts of the Bruckner Expressway and improve traffic flow, which would reduce air and noise pollution. The project would rebuild the interchanges with both Sheridan Boulevard and Hunts Point Avenue, add a third lane in both directions of the Bruckner, and rebuild four bridges.

Exit list

References

Transportation in the Bronx
Expressways in New York City
Robert Moses projects
Interstate 95
Interstate 78"
reddit_eli5,21925770-7123-4762-86c8-e7a312724c78,13.513206117080424,2.908272998992124,10.66268647999352,6.564307776804779,-1.201947758245006,-1.6963286995299691,-0.5733766809232685,-1.9541463905739107,-22.616788510724163,-23.305559306821387,-17.228732461235886,-27.06991327626461,−0−,-3.3055593068213867,-0.0,-7.069913276264611,10.375472583085998,-22.616788510724163,-23.305559306821387,-17.228732461235886,-27.06991327626461,"When graphing parabolas , the x and y coordinates can be expressed with the general formula y = ax^(2)+bx+c , known as a * quadratic equation * . When you plug in specific numbers for a , b , and c , it will affect how the parabola looks . [ Try moving the sliders here , and see how changing each parameter ( a , b , and c are called * parameters * ) affects the final look of the parabola . ] ( URL_1 ) One common question with parabolas is "" Where , if any place , does the parabola cross the x axis ? "" The location of x axis can be described very simply : y = 0 . Wherever y=0 , you 'll find the x axis there . So , to plot the points on a graph on graph ONLY on the x axis , we replace y with 0 in the formula to get : ax^(2)+bx+c=0 Even when you 're given a specific a , b , and c for that formula , it 's not very user - friendly when trying to find what x is when y=0 . A better approach would be to rearrange the formula so that x is on one side , and all the other variables are on the other side . Then you could just plug in a , b , and c , and find out x right away ! [ Let 's ask Wolfram|Alpha to rearrange ax^(2)+bx+c=0 for us so that x is on one side , and you 'll see that we get the quadratic formula ! ] ( URL_0 ) You might want to click on the * Step - by - step solution * button to see how Wolfram|Alpha got from here to there . Also , note that you only get the quadratic formula if the formula is set equal to 0 . [ If you set the formula to equal , say , 3 , you get something completely different . ] ( URL_2 ) So , the quadratic equation is just the parabola formula rearranged to make it easier to find out where , if any place , the parabola crosses the x - axis . [ When playing around with various values for a , b , and c here ] ( URL_1 ) , you can see not only how they change the look of the parabola , but where the parabola crosses the x axis , if any place . ( It can cross , as you can see , at 2 places , 1 place , or no place . )"
wikihow,38bd2bba-cc9a-444f-819f-3c32cce989a4,13.827250095724851,3.023668635824367,11.291358810957108,6.987574455188116,-1.3049605898298084,-4.129497194932608,-0.3786086250092588,-3.207039715669655,-17.627117702564075,-21.52319714298586,-13.944500502146154,-22.769953064172242,−0−,-1.523197142985861,-0.0,-2.769953064172242,4.293150207158103,-17.627117702564075,-21.52319714298586,-13.944500502146154,-22.76995306417224,"There is not enough scientific evidence to determine how much acai juice makes a helpful, safe dosage, but it is recommended that you start small. Straight acai juice can upset stomachs that are not used to it. Measure 2 tablespoons (30 milliliters) of acai juice into a small glass. Consume 1 ounce of acai juice once a day for three to four days. If you do not notice any negative side effects, increase the amount to 6 tablespoons (90 milliliters) each serving, limiting yourself to one or two servings per day.;
, Diluting the acai juice can make it easier on your taste buds and on your stomach. Mix 2 teaspoons (10 milliliters) of chilled acai juice into 8 ounces (250 milliliters) of cold water. Drink the mixture immediately to prevent it from separating. You can gradually add more acai juice, up to 6 tablespoons (90 milliliters), depending on your taste preferences.

, Acai juice tastes especially good with other berry juices. Mix 2 teaspoons to 6 tablespoons (10 to 90 milliliters) of acai juice into an 8-ounce (250-milliliter) glass of mixed berry juice, blackberry juice, or blueberry juice. Acai also tastes great when mixed into pomegranate juice or mango juice.

, While the acai juice won't make your soda any healthier, you will still receive the benefits of acai juice by mixing the two. Add 2 teaspoons (10 milliliters) of acai juice to a standard cola. Standard colas work better than lemon-lime sodas or other flavored drinks. The strong flavor of the cola can mask the taste of the acai if you do not care for it, and the acai will add a hint of berry taste to the cola to create greater depth of flavor.

, Milk absorbs other flavors remarkably well, and the chocolate undertones of the acai berry make it a healthier substitution for chocolate milk. Adding 2 teaspoons to 2 tablespoons (10 to 30 milliliters) of acai juice can really create a strong flavor. If you cannot drink milk or choose to stay away from dairy for diet or health reasons, you can also add the same amount of acai juice to soy milk or almond milk.

, The potency of acai juice can compete with the strong taste of coffee, so you only need to add about 1 or 2 tablespoons (15 to 30 milliliters) to get a strong effect. The berry flavor creates a unique coffee experience, while the chocolate undertones make the taste just familiar enough to work with coffee. Acai juice is also a healthier choice than standard cream and sugar.

, Just 1 tablespoon (15 milliliters) of acai juice in an 8-ounce (250-milliliter) glass of your favorite tea can completely transform your beverage. You can mix acai juice into black or green tea, much like you would mix in raspberry or lemon. Acai juice goes especially well with white tea and fruity herbal teas, however, especially those that are blueberry, strawberry, or mango flavored.

, Try blending together 1/4 cup (60 milliliters) of acai juice with 1 cup (250 milliliters) of milk, 1 banana, 1/4 cup (56.7 grams) of frozen strawberries, 1 tablespoon (14.15 grams) of butter, and four or five ice cubes. You could also simply add 2 to 4 tablespoons (30 to 60 milliliters) of acai juice to your favorite smoothie recipe, especially if the smoothie has a banana, apple, or pear base and uses other berries like blueberries, raspberries, strawberries, and blackberries.


Alternatively, you can blend 2 tablespoons (30 milliliters) of the juice with vanilla or chocolate ice cream to create a simple acai shake.

, Instead of reaching for the caramel or chocolate syrup, pour 1 teaspoon to 1 tablespoon (milliliters) of acai juice over plain vanilla, chocolate, or strawberry ice cream to add a boost of nutrition an otherwise unhealthy treat.

, Simply pour the acai juice into a popsicle mold and freeze until it hardens to create an easy, healthy treat to enjoy during hot weather. A popsicle made with nothing but acai juice may be a bit potent for some tastes, however, so you can also dilute 1/4 cup (60 milliliters) of juice with equal parts water or mix in another juice, like orange, grape, or mango, before freezing.

, Acai juice is not acidic enough on its own to break down meats, so you may need to mix 1/4 cup (60 milliliters) of acai juice with about 2 tablespoons (30 milliliters) of lime juice or apple cider vinegar, along with 1/4 cup (60 milliliters) of olive oil. You can add other spices and seasonings, or you can leave the marinade as is since the acai juice will thoroughly flavor the meat. Acai-based marinades work best with pork and chicken.

, Ham is one meat that tastes notably good with a glaze. While glazes made of pineapple and orange tend to be the most popular, an acai glaze packs a nutritious punch while bestowing a truly unique flavor to the ham. Mix 1/4 cup (60 milliliters) of acai juice with 1 cup (225 grams) of brown sugar. Spread the mixture over the ham and bake it in the oven as you usually would.

, Create a simple vinaigrette 2/3 cup olive oil (167 milliliters) with 1/3 cup (83 milliliters) red wine vinegar or apple cider vinegar. Add 2 to 3 tablespoons (30 to 45 milliliters) of acai juice and a pinch of salt and pepper to transform your dressing into an acai berry vinaigrette. Drizzle the dressing over a simple loose-leaf salad.

, When preparing the filling for a blueberry pie, strawberry shortcake, or peach cobbler, mix in 2 teaspoons to 1 tablespoon (10 to 15 milliliters) of acai juice. The juice will not affect the consistency much, but it will add a little extra complexity to the flavor as well as added nutrition."
reddit_eli5,639a180a-c85c-4a8a-b4d1-20dfeb77f8cf,13.819154260307418,2.8425202105216205,11.300758463312883,6.899045268964235,-0.8672102660855501,-1.3903805563029756,-0.6391294693937719,-1.316074407254547,-18.670742251178808,-21.569145200308785,-19.100097923762238,-22.70566181236006,−0−,-1.5691452003087853,-0.0,-2.7056618123600593,4.274807012668845,-18.670742251178808,-21.569145200308785,-19.10009792376224,-22.70566181236006,"When you drink , alcohol affects your brain disproportionately in still unclear ways . It seems to have patterns , and is a depressant , but it 's different for everyone . It may make you angry , sad , or happy . It make you euphoric or perhaps lose your inhibitions . It may make you want to call your lost love , or punch your friend in the mouth . It may also affect the process in your brain that stores long term memories . While we do n't know everything , we know it has some sort of genetic and health component . We know that it happens more often in women , and it happens more often to people who drink way too much way too fast . It also happens to alcoholics very often , which is why people who black out should probably dial back their drinking , even if you do n't feel dependent . This is n't part of the question , but it seems that perhaps it 's something that should be addressed . Alcohol has a special place in human hearts . However it 's still a very dangerous drug . It 's not meant to be abused , and many people every year find themselves in very compromised positions because they do n't exactly understand what they are doing . They do n't place alcohol in the same category as other intoxicants . If you find yourself blacking out often , it 's only a matter of time before you find yourself in a position that you are n't going to be happy with . So dial it back , eat more , pace yourself ."
wp,b23f825c-53fb-49f2-9261-f65eaeb3ff76,14.095543691828262,3.548072298749396,11.092402881255682,7.325784137413725,-1.507549503795639,-2.1828439522063867,-0.3060725697747157,-3.56258048127607,-13.640139599577505,-20.000492085693487,0.9803555541174167,-24.130761452804077,−0−,-0.0004920856934873541,0.0,-4.130761452804077,4.131253538497564,-13.640139599577504,-20.000492085693487,0.9803555541174168,-24.130761452804077,"Dear soandso, I remember when we first met. Around five years ago now. How time flies. We were younger then, and I was so naive to the suffering you had gone through at such a young and formative age. I remember us singing in the choir, me helping you out when you couldn't hit the notes right. Even though you weren't the best singer, it was still beautiful to my ears, it always will be. You were dating someone far older than you were, and I will never understand why. Were you insecure? Were you afraid? You were doing things that a person your age shouldn't have had any business doing. I always detested the group of people you would be with: They had and still don't have a direction, and unfortunately, it rubbed off on you. I graduated high school on time, you a little later. But on my graduation day, you told me your intentions with me. I always knew that you and I would be together, everyone did. Little did I know that life would not be easy. Love wasn't easy. Learning to love you despite your flaws was hard. I craved to be outside and experience the world around us, but you never did. You feared the outside. You feared leaving the hole, physically, emotionally and mentally. I had hope that love and time would help, but it made it worse. You played more PC Games, you met some people online. I hate these people. They took you away from me. You fell for all of them, regardless of their emotional abuse and empty suicidal threats. You believed them over me. You threw away five years and friendship and love, regardless of all that I did. Christmas would've been 2.5 years, and I had intended to give myself more to you. To start my life with you. But your intentions were different. I don't know how you're doing, and vice versa. Maybe it's better that way, that way you won't feel the guilt and pain I have been. But it's alright, I'll be okay, at least I don't live with the paranoia they put me through. I'm meeting people and I'm going to the north soon, like you always wanted to. Maybe you weren't singing the wrong notes; maybe you hadn't found the right harmony. I hope you understand one day. Is brea liom tu. PowerFalcons"
wiki_csai,95281763-8ca8-4f26-89bf-ee86ce9cf186,25.835836821281553,3.5626973246966283,18.55209935225171,9.497745348104957,1.5727767406075053,7.206957720250394,0.3346895665195548,4.674230300322817,11.96398187493903,46.631749540465165,1.3965929348101032,26.891681304306204,+0+,26.631749540465165,0.0,6.8916813043062035,33.52343084477137,11.96398187493903,46.631749540465165,1.3965929348101032,26.891681304306204,"Machine translation, sometimes referred to by the abbreviation MT (not to be confused with computer-aided translation, machine-aided human translation or interactive translation), is a sub-field of computational linguistics that investigates the use of software to translate text or speech from one language to another.
On a basic level, MT performs mechanical substitution of words in one language for words in another, but that alone rarely produces a good translation because recognition of whole phrases and their closest counterparts in the target language is needed. Not all words in one language have equivalent words in another language, and many words have more than one meaning. 
Solving this problem with corpus statistical and neural techniques is a rapidly growing field that is leading to better translations, handling differences in linguistic typology, translation of idioms, and the isolation of anomalies.[failed verification]
Current machine translation software often allows for customization by domain or profession (such as weather reports), improving output by limiting the scope of allowable substitutions. This technique is particularly effective in domains where formal or formulaic language is used. It follows that machine translation of government and legal documents more readily produces usable output than machine translation of conversation or less standardised text.
Improved output quality can also be achieved by human intervention: for example, some systems are able to translate more accurately if the user has unambiguously identified which words in the text are proper names. With the assistance of these techniques, MT has proven useful as a tool to assist human translators and, in a very limited number of cases, can even produce output that can be used as is (e.g., weather reports).
The progress and potential of machine translation have been much debated through its history. Since the 1950s, a number of scholars, first and most notably Yehoshua Bar-Hillel, have questioned the possibility of achieving fully automatic machine translation of high quality."
cmv,9c6c545f-7a5e-48d3-95fe-9608bfa0e4c4,23.32939869236298,3.90955097036942,19.97051210276095,10.61869810466395,1.512936298902032,3.315183886315286,0.2859855931438191,3.609125552793298,25.17831112025575,32.406415540231684,11.26826451197213,36.59326683800688,+0+,12.406415540231684,0.0,16.593266838006883,28.999682378238568,25.17831112025575,32.406415540231684,11.26826451197213,36.59326683800688,"Recently, the Coalition have tightened up laws challenging surrounding the promotion of Islamic fundamentalism. The Tories have also promised new ones in their 2015 manifesto, including 'Banning Orders' and 'Extremism Disruption Disorders' which basically ban people from broadcasting these views. The idea is that with less people vying for Jihadism, less people will hear about it and then become radicalised. But it seems to me that without turning the UK into a police state, these views will continue to be spread regardless (although probably at a lower rate). The difference here will be that any teenager considering radicalisation won't be able to openly admit this, discuss it with others, and eventually change their mind. Instead, this teenager would face arrest if they spoke frankly about their concerns; and most likely the only person they could discuss this with is a hate preacher, who -for obvious reasons- wouldn't exactly give them both sides to the argument. Britain has always done things the democratic way, knowing that the only way to find solutions to issues is through open and honest debate. This has lead to society in which people are far more likely to resolve issues through dialogue, not violence. To give you an example of this, at the turn of the 20th century Britain became more democratic than ever before by handing more power to its elected assembly (the Houses of Commons); and despite two world wars, the rise of socialism and fascism, and the Great Depression, the country has never faced any major internal conflict (i.e a civil war) since. Conversely, at around the same time the Russian government was tightening its grip on public opinion, and since then has faced three revolutions, a four-year civil war, endemic Islamic insurgency and an almost unbroken reign of tyranny. I don't believe sticking your head in the sand over an issue can lead to its resolution. Reddit, change my view."
arxiv,69992583-2def-431f-8a61-8209231ec0c4,24.47755367935545,3.31261901517865,18.202329655647045,9.2961128879562,1.4138536826800046,5.680104761778452,0.1815348316714775,4.113495602531481,9.587041634274529,38.922789507559,-5.720792080258246,24.49934478061914,+0+,18.922789507559003,-0.0,4.49934478061914,23.422134288178142,9.587041634274527,38.922789507559,-5.720792080258246,24.49934478061914,"(abridged) As the favoured progenitors of long-duration gamma-ray bursts,
massive stars may represent our best signposts of individual objects in the
early Universe, but special conditions seem required to make these bursters,
which might originate from the progenitor's rapid rotation and associated
asymmetry. To obtain empirical constraints on the interplay between stellar
rotation and wind asymmetry, we perform linear Halpha spectropolarimetry on a
sample of 18 spectroscopically peculiar massive O stars, including OVz, Of?p,
Oe, and Onfp stars, supplemented by an earlier sample of 20 O supergiants.
Despite their rapid rotation (with vsin(i) up to 400 km/s) most O-type stars
are found to be spherically symmetric, but with notable exceptions amongst
specific object classes. We divide the peculiar O stars into four distinct
categories: Groups III and IV include the Oe stars and Onfp stars, which are on
the high-end tail of the O star rotation distribution and have in the past been
claimed to be embedded in disks. Here we report the detection of a classical
depolarization line effect'' in the Oe star HD 45314, but the overall
incidence of line effects amongst Oe stars is significantly lower (1 out of 6)
than amongst Be stars. The chance that the Oe and Be datasets are drawn from
the same parent population is negligible (with 95% confidence). This implies
there is as yet no evidence for a disk hypothesis in Oe stars, providing
relevant constraints on the physical mechanism that is responsible for the Be
phenomenon. Finally, we find that 3 out of 4 of the group IV Onfp stars show
evidence for complex polarization effects, which are likely related to rapid
rotation, and we speculate on the evolutionary links to B[e] stars."
cmv,04eb9a16-b4cc-45eb-ad9c-aaeec3aae2d5,24.860453806860804,3.569404038450021,17.606845989069168,9.599565627855702,0.493803822093783,4.84623900081311,-0.0541613387755797,1.2454594391015164,13.164288214884046,41.09594596398659,1.5874702006583772,20.426386663771375,+0+,21.095945963986587,0.0,0.4263866637713747,21.52233262775796,13.164288214884046,41.09594596398659,1.5874702006583772,20.426386663771375,"In the new modern global economy, the only thing that really matters is the cost of electricity. The economic gap between first and third world countries is shrinking and wage differences are shrinking as a result. In addition, automation means that labor is increasingly replaced by machines, as is happening in the Foxcon factories. If a country wants to remain economically competitive in the future economy, its main priority should be to drive down its electricity costs, preferably while driving up the electricity cost of foreign countries. How is China doing this? Easy. Subsidize shitty solar panels whose performance drops massively after a few years.1 Western countries will buy these solar panels in an effort to move beyond fossil fuels. At the same time, European and American solar panel producers are driven out of business because their solar panels are not economically competitive. After we adjust our whole economy to solar energy, the result is then that the cost of manufacturing becomes too high in our countries. When the performance of the shitty Chinese solar panels begins to drop, we're stuck with expensive electricity and blackouts. This then places China in an economically dominant position. By the time we figure out what's going on, our remaining industrial base either shuts down or moves operations to China. References 1 - Hello, users of CMV! This is a footnote from your moderators. We'd just like to remind you of a couple of things. Firstly, please remember to [read through our rules] . If you see a comment that has broken one, it is more effective to report it than downvote it. Speaking of which, [downvotes don't change views] ! If you are thinking about submitting a CMV yourself, please have a look through our [popular topics wiki] first. Any questions or concerns? Feel free to [message us] . Happy CMVing!"
peerread,96fad49b-72a2-462a-9c64-3c1945afa43c,22.779928480879228,3.7660924377507023,18.367801850122262,10.020401488866824,1.2098146533226617,3.097074298006266,0.3876047398687228,2.207548742147811,18.12530338086499,29.28788762152828,7.18534499643234,25.631132863865098,+0+,9.28788762152828,0.0,5.631132863865098,14.919020485393379,18.12530338086499,29.28788762152828,7.18534499643234,25.631132863865098,"This paper proposes a new Bayesian neural network architecture for predicting the values of learning curves during the training of machine learning models. This is an exploratory paper, in that the ultimate goal is to use this method in a Bayesian optimization system, but for now the experiments are limited to assessing the quality of the predictions. This builds on previous work in Domhan, 2015, however in this work the model incorporates information from all tested hyperparameter settings rather than just extrapolating from a single learning curve. This paper also explores two MCMC methods for inference: SGLD and SGHMC, but I couldn’t tell if either of these were tested in Domhan, 2015 as well.
The performance seems overall positive, particularly in the initial phase of each curve where there is very little information. In this case, as expected, sharing knowledge across curves helps. One regime which did not seem to be tested, but might be very informative, is when some curves in the training set have been mostly, or fully observed. This might be a case where sharing information really helps.
Something that concerns me about this approach is the timing. The authors stated that to train the network takes about 20-60 seconds. In the worst case, with 100 epochs, this results in a little over 1.5 hours spent training the Bayesian network. This is a non-trivial fraction of the several hours it takes to train the model being tuned.
The Bayesian network makes many separate predictions, as shown in Figure 2. It would be interesting to see how accurate some of these individual pieces are. For example, did you bound the asymptotic value of the learning curve, since you mostly predicted accuracy? If not, did the value tend to lie in [0,1]?
Below are some minor questions/comments.
Figure 1 axes should read “validation accuracy”
Figure 6 can you describe LastSeenValue (although it seems self-explanatory, it’s good to be explicit) in the bottom left figure, and why isn’t it used anywhere else as a baseline?
Figure 7 and Table 1 are you predicting just the final value of the curves? Or every value along each curve, conditioned on the previous values?
Why do you only use 5 basis functions? Does this sufficiently capture all of the flexibility of these learning curves? Would more basis functions help or hurt?"
cmv,8ecc9633-25a2-452d-a480-062826574d5c,22.91867546110697,3.7957217512210977,18.23147176496619,9.734240247170192,0.6284784414082729,2.904460655059278,0.172156373995497,1.870085214998543,14.751897282435056,30.07534856560314,8.028613779348493,24.698669459624348,+0+,10.07534856560314,0.0,4.698669459624348,14.774018025227488,14.751897282435056,30.07534856560314,8.028613779348493,24.698669459624348,"A comment thread on rbestof is discussing the dangers of trusting information you read on subjects you are uninformed about, with some branches discussing how much misinformation is contained in newspapers. To take [one representative comment] : It used to be so easy to blindly believe what I read in the newspaper. Then I read a story about something I was directly involved in. It was astounding how many things they got completely wrong. Many have upvoted and confirmed this view with their own stories, with some quoting the so-called [Murray Gell-Mann Amnesia effect] . Briefly stated, the Gell-Mann Amnesia effect works as follows. You open the newspaper to an article on some subject you know well. In Murray's case, physics. In mine, show business. You read the article and see the journalist has absolutely no understanding of either the facts or the issues. Often, the article is so wrong it actually presents the story backward-reversing cause and effect. I call these the ""wet streets cause rain"" stories. Paper's full of them. While I'm sure there are many cases of media getting stories wrong, I think the extent to which newspapers are mistaken is exaggerated, and fails to take account of what a newspaper is for. Many stories published are not particularly contentious. For instance political speeches are reported verbatim, with added background thrown in that is relevant to the particular audience of that publication. Financial results, product announcements and many common stories are done fairly accurately, because there is not much to get wrong. That said, journalists will admit that newspapers represent a kind of ""best guess"" on many issues, and that the industry is generalist rather than specialist, especially in the case of mainstream news sources. The industry often simplifies things, but that is partly because of time and space constraints. If you want to understand something in-depth you should be buying a book, not a paper. Every so often newspapers get things horrendously wrong, particularly in the sensational world of the popular press. But these stories take up an inappropriate amount of space in the public impression of the media, and are hugely outnumbered by the mundane stories the press gets more or less right. I could go on at some length about the influence of public relations firms and other corrupting forces on the industry, but on the whole I'd suggest papers are pretty accurate given their intended purpose. So long as you bear in mind the limits of the format and don't take any of it too seriously it is a valuable information source. CMV. Hello, users of CMV! This is a footnote from your moderators. We'd just like to remind you of a couple of things. Firstly, please remember to [read through our rules] . If you see a comment that has broken one, it is more effective to report it than downvote it. Speaking of which, [downvotes don't change views] ! If you are thinking about submitting a CMV yourself, please have a look through our [popular topics wiki] first. Any questions or concerns? Feel free to [message us] . Happy CMVing!"
peerread,8a3a82f5-3058-45f2-ba67-34434911cdd7,22.109058380458645,3.585473320551274,18.483346221457484,9.78976134214013,0.9791745065959674,2.426204197585683,0.2069856226692943,2.3230931134830293,15.40640660470608,25.480352482661505,2.0448120143119177,26.42142722708474,+0+,5.480352482661505,0.0,6.421427227084742,11.901779709746247,15.40640660470608,25.480352482661505,2.0448120143119177,26.42142722708474,"The authors propose a recurrent variational neural network approach to modelling volatility in financial time series. This model consists of an application of Chung et al.’s (2015) VRNN model to volatility forecasting, wherein a Variational Autoencoder (VAE) structure is repeated at each time step of the series. 
The paper is well written and easy to follow (although this reviewer suggests applying a spelling checking, since the paper contains a number of harmless typos). 
The paper’s main technical contribution is to stack two levels of recurrence, one for the latent process and one for the observables. This appears to be a novel, if minor contribution. The larger contribution is methodological, in areas of time series modelling that are both of great practical importance and have hitherto been dominated by rigid functional forms. The demonstration of the applicability and usefulness of general-purpose non-linear models for volatility forecasting would be extremely impactful.
I have a few comments and reservations with the paper:
1) Although not mentioned explicitly, the authors’ framework are couched in terms of carrying out one-timestep-ahead forecasts of volatility. However, many applications of volatility models, for instance for derivative pricing, require longer-horizon forecasts. It would be interesting to discuss how this model could be extended to forecast at longer horizons.
 
2) In Section 4.4, there’s a mention that a GARCH(1,1) is conditionally deterministic. This is true only when forecasting 1 time-step in the future. At longer horizons, the GARCH(1,1) volatility forecast is not deterministic. 
3) I was initially unhappy with the limitations of the experimental validation, limited to comparison with a baseline GARCH model. However, the authors provided more comparisons in the revision, which adds to the quality of the results, although the models compared against cannot be considered state of the art. It would be well advised to look into R packages such as stochvol’ and ‘fGarch’ to get implementations of a variety of models that can serve as useful baselines, and provide convincing evidence that the modelled volatility is indeed substantially better than approaches currently entertained by the finance literature.
4) In Section 5.2, more details should be given on the network, e.g. number of hidden units, as well as the embedding dimension D_E (section 5.4)
5) In Section 5.3, more details should be given on the data generating process for the synthetic data experiments. 
6) Some results in the appendix are very puzzling: around jumps in the price series, which are places where the volatility should spike, the model reacts instead by huge drops in the volatility (Figure 4(b) and (c), respectively around time steps 1300 and 1600). This should be explained and discussed.
All in all, I think that the paper provides a nice contribution to the art of volatility modelling. In spite of some flaws, it provides a starting point for the broader impact of neural time series processing in the financial community."
peerread,c0381ae0-3b9c-40a4-bc53-f4a76564adb9,22.305495661482688,3.132988342454053,18.28950397991776,8.809548830738839,-0.0010380048053235,2.622641478609726,-0.2454993554279263,2.129250871943306,3.851190936387466,26.59523575084351,-10.833193314739484,25.09559517596512,+0+,6.595235750843511,-0.0,5.095595175965119,11.69083092680863,3.851190936387466,26.59523575084351,-10.833193314739484,25.09559517596512,"This paper is an extension of Lenc&Vedaldi15 paper, showing CNN representations at FC7 layer are to certain extent equivariant to various classes of transformations and that training with a certain group of transformation makes the representations more equivalent.

Authors performed a large amount of experiments, training over 30 networks with different forms of jitter, which is quite impressive. However it is rather difficult to find a main message of this work. Yes, authors measured the properties on a different layer than the Lenc&Vedaldi15, however it is hard to find some novel insights other than the known fact that jitter helps to achieve invariance. The evaluation seems to be mostly correct, however the paper does not seem to be solving the task advertised in its title really well.

Major issues are in the experiments with the representation distances:
* The selection of only FC7 is a bit controversial - it is followed only by a single classification layer (FC8) to the common output - class likelyhoods. Because the FC8 is just a linear projections, what the equivalence map does is just to re-project the FC8 weights of the attached network to the weights of the original network. Probably performing similar experiments but on more layers may be more useful (as the networks are already trained).
* The experiment with representation distance is missing what is the classification error on the testing dataset. This would answer whether the representations are actually compatible up to linear transformation at all...
* It is not clear for the experiment with K-NN whether this is measured per each test set example? After training the equivalence map? More clear would be to show that networks trained on similar group of jitter transformations are more compatible on the target task.
* The proposed method does not seem to improve equivariance consistently on all tasks. Especially with \lambda_1 and \lambda_2 having such small values, the loss is basically equal to simple data jitter as it just adds up the loss of the original and transformed image. Maybe the issue is in the selection of the FC7 layer?

In general, this paper shows some interesting results on the FC7 equivariance, but it does not seem to be drawing many interesting new observations out of these experiments. Due to some issues with the equivalence experiments and the finetuning of equivariance, I would not recommend acceptance of this manuscript. However, refining the experiments on already trained networks and restructuring this manuscript into more investigative work may lead to interesting contribution to the field.

There are also few minor issues:
* It is not experimentally verified that the new criterion for equivariance mapping helps to gain better results.
* The angles on page 1 and 5 are missing units (degrees?).
* On page three, ""In practice, it is difficult... "", it is not M_g which is maximised/minimised, but the loss over the M_g
* Page 4, footnote 2 - if you are just halving the activations, it is hard to call it a dropout as this constant factor can be passed to the following/preceding weights
* Is the network for RVL-CDIP the same architecture as Alexnet?
* On page 7, Figure 3a+3b - in my opinion, turning the diagonal elements to white is really misleading, and probably even incorrect, as the distance between the same representations should be zero (which is also a way how to verify that the experiments are performed correctly)."
cmv,84526076-8614-4ccb-b1b9-690163376f02,21.156653782346396,3.6791561147635456,19.059116346990724,9.838223217728308,0.7324614119663888,1.1424389762987026,0.0555907375379449,2.6977297970230723,15.977698459889677,20.074963314986178,4.71108289954525,30.359549694331918,+0+,0.07496331498617792,0.0,10.359549694331918,10.434513009318096,15.977698459889677,20.074963314986174,4.71108289954525,30.35954969433192,"Similar posts to this have cropped up on CMV from time to time but I don't ever recall one being as blatant as mine, nor have I read a suitable answer to any of those similar posts. I believe the damage caused by religion in its entirety immeasurably outweighs any good religion could have possible caused over the entirety of human existence... even if a religion were to turn out to being accurate (which I inherently don't believe it to be). To add to this, I don't believe there is a single good that religion can do than non-religion can't do. The countless lives lost in the name of religion that may have spurred human advancement simply because someone stood up to the current view of the local dominating religion is unbelievably saddening. Any ""dark age"" likely would never have occurred and societal growth would not have been stunted during those times... including the current Middle East dark age brought on in part by Muhammad Al-Ghazali a thousand years ago, at the time the greatest location in the world for learning and advancement of knowledge. A thousand years later and they are still among the most religiously stunted in the world. I need not mention the wars that have been fought in the name of religion or in part by ideology that stems from a fundamental religious belief. Ideology that results in the loss of civil liberties: slavery, belittlement of women, lgbtq rights, to name a few. The argument that religion brings hope, encouragement, unity, etc, to many people in the world means absolutely nothing to me and is a non-argument. You could say the same thing about a fascist regime. And as said before, you don't need religion to get those good things from life; You just need any community. The same goes for being a source of aid to the world. I don't like the idea that plenty of churches in America (and probably the world) withhold meals from homeless people until they sit in on a service; Why can't they be helped and allowed to keep their beliefs to themselves? Or that a percent of donations goes towards the religious institution before it goes in the hands of those in need. The thought that humanity could potentially be centuries or a millennium more advanced than it is due mostly to religion has made me highly cynical... please CMV. EDIT: Seeings how it's not exactly written in the rules, what constitutes a downvote in CMV? I'm giving you my opinion and asking you to provide me information that might help me change it."
wp,82b62b2f-0eba-4e21-9b36-41ea90d6d2ca,22.631363951222532,3.7093759336868777,17.695361889515247,9.372822276827716,0.5394886356183513,6.352976307187884,-0.1447689348372338,3.0403785269834955,10.491328737209088,28.444707001759333,5.571157836782219,21.031813101852865,+0+,8.444707001759333,0.0,1.0318131018528653,9.476520103612199,10.491328737209088,28.444707001759333,5.571157836782219,21.031813101852865,"I am leaving soon, and you will forgive me if I speak bluntly. The universe grows smaller every day, and the threat of aggression by any group, anywhere, can no longer be tolerated. There must be security for all, or no one is secure. Now, this does not mean giving up any freedom, except the freedom to act irresponsibly. Your ancestors knew this when they made laws to govern themselves and hired policemen to enforce them. We, of the other planets, have long accepted this principle. We have an organization for the mutual protection of all planets and for the complete elimination of aggression. The test of any such higher authority is, of course, the police force that supports it. For our policemen, we created a race of robots. Their function is to patrol the planets in spaceships like this one and preserve the peace. In matters of aggression, we have given them absolute power over us. This power can not be revoked. At the first sign of violence, they act automatically against the aggressor. The penalty for provoking their action is too terrible to risk. The result is, we live in peace, without arms or armies, secure in the knowledge that we are free from aggression and war. Free to pursue more..... profitable enterprises. Now, we do not pretend to have achieved perfection, but we do have a system, and it works. I came here to give you these facts. It is no concern of ours how you run your own planet, but if you threaten to extend your violence, this Earth of yours will be reduced to a burned-out cinder. Your choice is simple: join us and live in peace, or pursue your present course and face obliteration. We shall be waiting for your answer. The decision rests with you."
cmv,32c8fb21-5cf1-4ef5-8fe3-78d9e6bd4466,22.112314014044113,3.870845789664755,17.661180637417523,9.990543430698509,0.8847816249365898,2.0980992079964196,0.2472804124391543,1.2997940874498717,17.773322256813778,25.498829888746787,10.166690874162933,20.798021956957978,+0+,5.498829888746787,0.0,0.7980219569579781,6.296851845704765,17.773322256813778,25.498829888746787,10.166690874162931,20.798021956957975,"I think it is quite literally brainwashing teenagers in schools that cannabis use is so wrong. It frustrates me seeing these Partnership and Drugfree.org classifying marijuana in the same category as cocaine and heroin and all these dangerous drugs. Especially hearing all these un-backed up and completely ridiculous so called ""statistics."" Such as that ""it is proven that if you use cannabis as a kid, your salary will be lower than if you don't."" Or the whole gateway drug thing. A stop the drug war website debunks the myth of the gateway drug well. In 1999, drug czar Barry McCaffrey commissioned a major study on medical marijuana conducted by the venerable Institute of Medicine, which included an examination of marijuana's potential to lead to other drug use. In simple terms, the researchers explained why the gateway theory was unfounded: Patterns in progression of drug use from adolescence to adulthood are strikingly regular. Because it is the most widely used illicit drug, marijuana is predictably the first illicit drug most people encounter. Not surprisingly, most users of other illicit drugs have used marijuana first. In fact, most drug users begin with alcohol and nicotine before marijuana usually before they are of legal age. ... There is no conclusive evidence that the drug effects of marijuana are causally linked to the subsequent abuse of other illicit drugs. There have been many research papers backing this up. I also believe that the claim that it could be so addictive that if you do it you will be doing it for the rest of your life. Cannabis has no addictive properties whatsoever. The myth that it is addictive stems from people who use it so much it becomes a habit. Much like coffee can be a habit or theoretically any other substance. The difference between a coffee habit and a marijuana habit though is that withdrawal from coffee can lead to headaches, while withdrawal from cannabis has absolutely no drawbacks. Your body can not get addicted. You can't even compare Cannabis to alcohol, which is a legal substance. It is a hundred times safer to smoke a joint than it is to drink a beer. Alcohol the next day gives you a hangover, potentially ruining your day. While cannabis lets you wake up feeling refreshed and happy. Cannabis also mellows you out, makes you more relaxed and heightens the imagination and improves creativity. If you have a problem with anger, Pot is usually a good drug to reduce it. It is even being prescribed as a medicine, all alcohol does is make you do bad decisions. Tl;DR The lie that teachers and adults tell teenagers that marijuana is a gatewaydangerous drug is morally wrong, even being classified as a form of brainwashing, and should therefore be treated as such. Hello, users of CMV! This is a footnote from your moderators. We'd just like to remind you of a couple of things. Firstly, please remember to [read through our rules] . If you see a comment that has broken one, it is more effective to report it than downvote it. Speaking of which, [downvotes don't change views] ! If you are thinking about submitting a CMV yourself, please have a look through our [popular topics wiki] first. Any questions or concerns? Feel free to [message us] . Happy CMVing!"
cmv,bd4df89c-701f-407b-9fc6-2c51aa5be36c,21.301975864813723,3.6301337236106046,18.23489496954985,9.825647608373798,0.7198858026118788,1.28776105876603,0.0065683463850039,1.8735084195821976,15.829451139475301,20.899741368294496,3.3158750029976347,24.722083315750353,+0+,0.8997413682944959,0.0,4.7220833157503534,5.621824684044849,15.8294511394753,20.899741368294496,3.3158750029976347,24.722083315750353,"I'm talking about the type of condemnation voiced consistently by certain users of rpolitics, certain members of OWS, and [Gawker's Hamilton Nolan] . It is a viewpoint I will paraphrase roughly as follows: The mere fact that we live in a system where some people can amass vastly more money than others is, itself, immoral; if you do amass wealth under this system, you are quite arguably a bad person. Hedge fund managers are sitting around spending tens of millions of on embalmed sharks...don't they know that a tiny fraction of their daily earnings would make a huge difference in others' lives? Would be enough to pay off the average redditor's student loans, for example? Every time I've heard this shitty argument, I've heard it from activists or internet commenters who hail from the middle- (or, perhaps, working-class) tier of an advanced Western economy. Here's the thing, though: you, too, have vastly more resources than most people worldwide. If you could save 100 by not upgrading your smartphone, by walking home in the rain instead of taking a cab, by eating lentils or beans for a few weeks or by foregoing that new item of clothing you wanted, you could donate that 100 to save the lives of dozens of kids who would otherwise die of Malaria. Is your comfort, convenience and entertainment more important than other peoples' lives? And, btw, I will not tolerate deflections to the effect of: ""but charities might not use the money responsibly; charitable donations could have negative effects on local industry in the long run..."" As a premise of this CMV, we must stipulate that if wealth could be redistributed, that redistribution would, indeed, benefit the recipients. We must further stipulate that if the average American wanted to donate in a genuinely-beneficial manner towards a worthy cause, he'd be able to do so. I don't think these are crazy assumptions to make. So, my view is that people who rail against ""the rich,"" purely on the ground that they're rich, are hypocrites for overlooking their own relative economic standing in the world. If they believe others' wealth should be redistributed to curb inequality, they are hypocrites for not redistributing their own wealth to curb inequality. Now, I don't donate much to charity. But nor do I regard people richer than me as innately evil human beings. I can acknowledge the preference revealed by my decision-making, which is: I'd rather upgrade to business class than save 500 lives in a developing country. For this reason, if some billionaire would rather upgrade his yacht than dissolve all his assets to promote communism, I don't really blame him. It seems quite a few people disagree with me, so I'm curious to see if anyone can CMV. Hello, users of CMV! This is a footnote from your moderators. We'd just like to remind you of a couple of things. Firstly, please remember to [read through our rules] . If you see a comment that has broken one, it is more effective to report it than downvote it. Speaking of which, [downvotes don't change views] ! If you are thinking about submitting a CMV yourself, please have a look through our [popular topics wiki] first. Any questions or concerns? Feel free to [message us] . Happy CMVing!"
cmv,9f0c4632-5522-4c24-ba40-a1918e4864a7,21.182664718734937,3.4986257794535085,17.724525163643925,9.082798291630851,-0.0229635141310673,1.1684499126872403,-0.1249395977720921,1.3631386136762735,7.072386763958738,20.222588845222376,-0.4269232945047419,21.23128254281816,+0+,0.22258884522237565,-0.0,1.2312825428181604,1.453871388040536,7.072386763958738,20.222588845222376,-0.4269232945047419,21.23128254281816,"Being the college freshmen that I am, I have very recent experience with the financial side to college. I have noticed it is very hard for upper middle class students to find ways to fund college. Schools give out little grants to them and the government gives out even less. This, however, is justified in my opinion. There is only so much to give out. On the other hand I found private scholarships to be the most frustrating. Every single one that I applied for was ""based on financial need."" My academic and philanthropic resume didn't matter. All that was looked at was how much my parents made. I am not suggesting that I should attend college for free. I shouldn't. However, there should be more ways for middle class students to help aid them. Many times poorer students get money from the school and government, and then from private scholarships. I believe there should be better ways for middle class students to find scholarship money to help them pay for college. Hello, users of CMV! This is a footnote from your moderators. We'd just like to remind you of a couple of things. Firstly, please remember to [read through our rules] . If you see a comment that has broken one, it is more effective to report it than downvote it. Speaking of which, [downvotes don't change views] ! If you are thinking about submitting a CMV yourself, please have a look through our [popular topics wiki] first. Any questions or concerns? Feel free to [message us] . Happy CMVing!"
wikihow,4a50907e-6523-466d-aa92-8df649dbd3f4,12.524891472480276,3.187476693896575,11.772838931538857,7.571505181901902,-0.7210298631160228,-5.431855818177185,-0.2148005669370509,-2.7255595950879066,-10.743461960515031,-28.914756579456668,-9.282420771529761,-19.476750453773175,−00,-8.914756579456668,-0.0,-0.0,8.914756579456668,-10.743461960515033,-28.914756579456668,-9.28242077152976,-19.476750453773175,"Do you want the wall inside or outside?
What shapes, features and size do you want your wall to be?
You will also want to begin drawing out the type of wall you want.;
, You must use a structural method of building your wall to support the weight of a climber, and if it is outdoors, to resist wind loads in severe weather.
Post and beam construction. This is the most structurally sound building method. Set 8 inch (20.3 cm) diameter treated poles in the ground about 48 inches (121.9 cm) deep. Fill the holes with ready mixed concrete, or bags of premixed concrete mixed in a wheelbarrow. Bolt 4X6 inch beams horizontally across the posts with 5⁄8 to 3⁄4 inch (1.6 to 1.9 cm) galvanized bolts. Nail or screw 3⁄4 inch (1.9 cm) plywood sheathing over the beams, and finish with paint or textured paint.
Wood framed, wood covered. This consists of lumber framing members, attached to a ""mud sill"" or framed up from a concrete base. 2X6 inch (nominal) lumber at 16 inch (40.6 cm) centers is suggested, with a 3⁄4 inch (1.9 cm) exterior plywood sheathing attached with 2 inch (5.1 cm) number 8 wood screws 8 inches (20.3 cm) on center. You will need to attach diagonal bracing solidly anchored to the back of the wall and the earth behind the structure to keep it upright.
Wood framed, stucco covered. Frame the wall the same as the above, then attach wire plaster lath with 1 1⁄4 inch (3.2 cm) roofing nails, 8 inches (20.3 cm) on center. Bed the lath with 1/2 inch (5.1 cm) of masonry cement plaster, scoring this ""coat"" (the scratch coat), so that the finish coat will bond. Apply a masonry cement or synthetic plaster finish coat after the scratchcoat has dried thoroughly.
Concrete block (CMU). Place a concrete footing, a minimum of 8 inches (20.3 cm) thick, 24 inches (61.0 cm) wide, with reinforcing rods, 2 or 3 feet (0.6 or 0.9 m) below grade (ground level). Stick number 5 rebar dowels 16 inches (40.6 cm) on center into the concrete, with 48 inches (121.9 cm) projecting upwards for block cell reinforcement. Lay up your block (8X8X16 inch, typical), filling each cell that has a reinforcing rod with mortar as you go. Add rebar with a 32 inch (81.3 cm) lap so that the rebar is continuous to the top of the wall. Backfill the lower part of the wall, to the normal ground level, and compact. This earth fill at the base will help support your wall from high winds and tipping over.
, Begin to figure your specific cut angles, your framework, joints and other important features of your wall.Decide what kind of effects the elements will have on your wall if it is outside. Will your wall suffer from being rained or snowed on? One way to sustain the life of your wall is to use marine board. This is more expensive but if you live in a rainy area, you will find the board to be well worth it.
, If you enjoy building, this will be the best part. The reality of your wall will slowly come to life through this process.
,, Are you going to have padding such as mattresses or gym pads?
, If the wall is outside, be prepared for your bolts to rust over. If you don’t plan on rearranging holds very often, you will typically not have much to worry about. If you do want to move holds around, it may be difficult unscrew them once they have become rusted. You can also find holds pretty cheap if you hit your local climbing gyms. Many times they replace their old holds and will give you or sell you their old holds at a pretty low price. You may also be able to find holds from manufacturers that are clearing out old styles. Once you get your wall up, you will be excited and can climb whenever you want. There will come a time when you get used to the wall and it’s not as thrilling as it was once before. Keep yourself motivated by adding to the wall and developing new routes. The more challenges you can give yourself, the more apt you are to continue training on your wall."
reddit_eli5,ae050f0f-463e-4780-8638-108ef778c14e,12.802904013296326,3.629245202593245,14.302426358360568,8.624953732714376,0.8586981976645909,-2.4066308033140675,0.1475955226778524,1.6855934877931364,1.67509529980174,-27.336891479284343,3.290587139421147,-2.1750103379473003,−00,-7.336891479284343,0.0,-0.0,7.336891479284343,1.67509529980174,-27.336891479284343,3.290587139421147,-2.1750103379473003,"There are many reasons Alexander won . First of all , Alexander was not outnumbered by as much as was first thought . 1)""Modern historians find Arrian 's count of six hundred thousand men highly unlikely . They argue that the logistics of fielding more than 100,000 soldiers in battle was extremely difficult at the time . Hans Delbrück gives an estimate as small as 25,000 , although most ( including Engels and Green ) estimate the total size of Darius ' army to be no larger than 100,000 at Issus,[4 ] including 11,000 cavalry,[2 ] 10,000 Persian Immortals , and 10,000 Greek mercenaries.[5 ] Warry estimates 108,000 in total . "" 2 ) The Macedonians were better equipped for battle than the regular Persian troops . They were only matched by the Greek mercenaries fielded by Persia . Despite their being outnumbered much of the Persian army consisted of peltasts . Despite this , there was around an equal number of melee infantry available to both sides . 3 ) Companion cavalry were the best in the world at the time , the Persian horse stood no chance . 4 ) The hammer and anvil is the quintessential shock tactic of warfare . One force fixes a group , whilst another slams into the back of that group and causes mass amounts of destruction and confusion . It 's an extremely effective manuever in both the physical and psychological damage it can inflict . It should also be noted that ( generally ) the most casualties from a battle are when one side runs away . Numbers do not equal discipline , which is the most essential thing an army can have ."
wp,d69e1ea6-eb01-47b8-821b-e255df4a411f,13.206098121731536,3.3847464552744824,12.097778721363316,7.6174154438481025,-1.2159181973612618,-3.0722895223031124,-0.4693984132496291,-2.557204641168436,-10.202249751930838,-25.048556174597653,-3.6680000476233197,-17.254244231128943,−00,-5.048556174597653,-0.0,-0.0,5.048556174597653,-10.202249751930838,-25.048556174597653,-3.66800004762332,-17.254244231128943,"Oh, hey! Over here! Honey, you're late! I'm already on my second cosmo!"" ""Yeah, sorry. Traffic was crazy. Valentine's day, you know. All the panicked husbands rushing out at the last minute to buy up any remaining flowers and chocolate."" ""You know, hon, you're always so pessimistic. I know you've been single for a while, now, but isn't it time to get back on that horse?"" ""Look, could we talk about something else? Isn't it kind of a cliche for us to be here, two single gals getting drinks, and to just be talking about men?"" ""It's still a point, hon."" ""Yeah, I know. I just haven't met anyone yet."" ""Ah, but I've got the perfect guy for you! He's a little bit older, and one of his eyes tends to roll around a bit, but he's totally a sweetheart..."" ""Please, no. Just - okay, have you ever heard of the Bechdel test?"" ""Isn't that a type of sauce?"" ""No, that's bechamel."" ""Ooh, yeah, it's really creamy! I love getting that with pasta, even though I always end up hating myself for it later when I'm on the scale."" ""Er, sure. No, the Bechdel test. It's a way of analyzing movies."" ""I usually use IMDB."" ""Shut it and drink your cosmo. No, the Bechdel test is supposed to check whether a movie is balanced in terms of gender. To pass the test, a movie has to have a conversation between two named female characters that isn't about a male character."" ""Well, that's easy! I bet most movies have that."" ""No, you'd be surprised. A lot of them either don't name enough female characters, or all the female conversations are about men, and nothing else."" ""Okay, hon, I'll believe you. But what's your point?"" ""My point? I feel like every conversation with you fails the Bechdel test."" ""I don't ""I mean, every single conversation is about men, or dates! Maybe we'll chat a little about our work or something, but we basically just get together and gossip over men."" ""But you got ta look at the situation, too! Where do we meet up?"" ""Well, at a bar..."" ""That's right. And has anything interesting happened at work?"" ""Well, no..."" ""Uh huh. And even more than that - what day is today?"" ""It's Valentine's Day..."" ""Exactly."
reddit_eli5,01d22dc6-1cd3-4e47-a644-952a24821e4a,13.22870856554821,3.7011431666457217,12.174425784478492,7.895661461122542,0.1294059260727573,-1.980826251062183,0.2194934867303288,-0.442407086088938,-6.922152118958894,-24.920230200190105,5.336848140414652,-16.729997647437507,−00,-4.920230200190105,0.0,-0.0,4.920230200190105,-6.922152118958894,-24.920230200190105,5.336848140414652,-16.729997647437507,"Most of the time , they 'll subpoena ( legal request for information ) a site and get copies of their access logs ( I 'd guess that 90 % of sites on the web have a web - server side access log somewhere , except for ones where it is extremely impractical ) or they will monitor and externally log the site , then send out DMCA notifications to ISPs . Additionally , some of them will add fake nodes or peers ( fake bittorrent users ) to BitTorrent swarms , and record what IPs are in the swarm , or which ones try to connect to the peer for some specific piece of content . That 's why I use an IP Blacklist in my torrent client , to block IPs of the industry snitch peers . Most torrent clients will provide a list , or you can use PeerGuardian or PeerBlock to do this . Then they will report to the ISPs . If either of those conditions are met , you will recieve a letter or have service impacts depending on your ISPs policies . For BitTorrent , always use and keep up to date your IP block lists , and put bittorrent on a really high ( 30000 - 65535 ) port . Prefer TLS / Encrypted ( secure connection that ca n't be sniffed ) on your client , there should be an option for this . In the case of FrostWire / LimeWire , GnuTella ( the protocol behind them ) always works the same , uses the same ports , everything , so it 's relatively easy to just watch what people are doing on a specific port and log what you 're searching and downloading . Since it does n't use the HTTP port set , it 's relatively easy to spear fish for the LimeWire / Gnutella packets . So , really , all they do is use educated guesses to look at what you 're doing , or MPAA / RIAA people planting traps ."
eli5,9f9b2c9f-6c20-43dc-8ef3-fab6a6fed956,13.377842163040212,3.532630353796226,12.242203290205484,7.810983845232174,-0.9289270667653362,-5.213957785465626,-0.137693641956349,-2.9883691212398027,-7.920372507406547,-24.07381982584129,0.5408681478523759,-16.26641659965348,−00,-4.073819825841291,0.0,-0.0,4.073819825841291,-7.920372507406547,-24.07381982584129,0.5408681478523759,-16.26641659965348,"Becuase not everyone will claim the rebate. So the retailer gets to take in the full price for some of the products','One point that hasnt been mad yet: The rebate is offered by the manufacturer. This way the retail shop doesnt take a hit on their profit margin, and the manufacturer sells more units.', ""Short Answer: Not everyone who buys it for the rebate will actually use the rebate. Long Answer: You might have 100 sales before the rebate and see that jump to 200 sales with the rebate. However, of those 200 rebate sales, only 25 people might actually send in the rebate, of which only 20 get it approved under the terms of the rebate. Therefore, you've made 20 additional sales at the rebate price and 80 additional sales at full price - plus your original 100 sales at full price - instead of 200 sales at a reduced price.,"" ""Everyone has mentioned that most people don't redeem a mail in rebate. What I have not seen mentioned is that a rebate is also market research for the manufacture. The manufacture can learn about who exactly is buying their product and where these people are. A short survey is usually required with a rebate and the lets the manufacture know things like the age group, gender and location of people that are buying their products. I may have intended to sell my stuff to teenagers but I find out later that older adults are buying more of them. I can change future advertising to include these people. I could find out that people in one region buy a lot of my things and another region buys very little. I could either refocus advertising in the low sales region or ignore them and focus my related products in the high sales region.,"" ""The truth is that not many people cash rebates in. Usually they require sending something in my snail mail and jumping through hoops. Most people don't bother. So it drives up sales, but ends up not costing that much.,"" ""Totally agree.... I'm sure they don't get many people who actually remember to send in their rebates so they end up making more money. Also, I've sent in rebates I have never gotten back and the company fights with you about it too. So, I feel like it is a crooks way of getting more money.,When I worked at Staples, the manager said 7 was the number of people that actually mailed in the rebates correctly.','They are hoping some people will forget and they have to hand out less of the discounts."
xsum,96b22ae3-8d33-4336-9ebe-8bd2645f4621,13.43614233752376,3.879292181618817,13.06881304796506,8.2695700131083,-0.7560860489042653,-4.373095788154611,0.1408657968237845,-2.510840165552663,-2.5143386007989164,-23.742936152818732,10.407080469090644,-10.612614301967577,−00,-3.742936152818732,0.0,-0.0,3.742936152818732,-2.5143386007989164,-23.742936152818732,10.407080469090644,-10.612614301967575,"Yn ol y corff sydd yn cynrychioli busnesau gofal, mae nifer yn ymladd I gadw fynd ac yn wynebu argyfwng recriwtio wrth I ysbytai ac archfarchnadoedd gystadlu am weithwyr. Mae Cymdeithas Llywodraeth Leol Cymru yn dweud bod yn rhaid I awdurdodau lleol gael fwy o arian I dalu cyflogau gwell I'r gweithwyr. Dadl Llywodraeth Cymru yw eu bod wedi buddsoddi yn y sector, gan gynnwys rhoi mwy o gyllid fel bod cynghorau yn gallu cwrdd a'r cynnydd yn y cyflog byw cenedlaethol sydd yn dod I rym mis Ebrill. Gofynnodd rhaglen BBC Week In Week Out wrth awdurdodau lleol faint o gwmniau oedd wedi tynnu yn ol o ddarparu pecyn gofal ar ol cael cytundeb. Dywedodd 13 o'r 21 cyngor wnaeth ymateb eu bod wedi wynebu'r sefyllfa yma. Mae Colin Angel o Gymdeithas Gofal Cartref Prydain, sef y corff sydd yn cynrychioli cwmniau gofal, yn dweud bod nifer o'u haelodau yn ei chael hi'n anodd I oroesi. ""Yr hyn rydyn ni'n clywed yng Nghymru yw bod rhai darparwyr mewn cyfyng gyngor, ac yn ceisio yn galed I ganfod ffordd I barhau fel busnes gyda'r cyfraddau maen nhw'n cael eu talu gan y cynghorau lleol."" Mae'n dweud bod peryg y bydd cwmniau yn dod I ben, a hynny yn gyflymach mewn ardaloedd gwledig. Un cwmni wnaeth orfod rhoi'r gorau I ddarparu gofal I gyngor Conwy oedd Cymorth Llaw. Roedd y cyngor wedi cynnig talu PS15 yr awr I'r cwmni, ond penderfynodd y busnes nad oedd hynny'n ddigon o arian. Dywedodd pennaeth Cymorth Llaw, Ken Hogg: ""Doedden ni ddim yn meddwl y bydden ni yn gallu darparu'r lefel yma o wasanaeth am y pris roedd Conwy yn gynnig. Ac mi oedden ni yn gyndyn iawn, iawn o adael ond mi oedd yn rhaid I ni adael. ""Ar ddiwedd y dydd, busnes ydyn ni. Mae'n rhaid I'n rheolwr banc fod yn hapus. Mae'n rhaid I ni wneud rhyw fath o elw ar ddiwedd y flwyddyn."" Mae Cyngor Conwy yn dweud eu bod wedi ymrwymo I gefnogi pobl fregus mewn cymunedau, er yr heriau ariannol. Yn ol Steve Thomas o Gymdeithas Llywodraeth Leol Cymru, mae cynghorau angen mwy o arian er mwyn gallu talu cyflogau gwell I ofalwyr. ""Fel mae hi, oni bai ein bod ni'n cael mwy o arian yn dod mewn I'r system mae gyda ni broblem fawr,"" meddai. ""Does'na neb yn ymfalchio yn y cyflog rydyn ni yn talu'r rhai sy'n gweithio yn y sector gofal cymdeithasol."" Ym mis Mawrth cyhoeddodd Llywodraeth y DU PS2bn yn ychwanegol ar gyfer gofal cymdeithasol yn Lloegr, a PS200m I Gymru. Ond dyw Llywodraeth Cymru ddim wedi penderfynu eto beth fyddan nhw'n gwneud efo'r arian. Mae'r gweinidog sydd a chyfrifoldeb am y maes, Rebecca Evans AC, yn dweud mai penderfyniad I gabinet Llywodraeth Cymru yw sut I wario'r arian ond eu bod nhw'n gweithredu I ddatrys problemau recriwtio ac y bydd cyflwyno cynllun gofrestru ar gyfer gweithwyr yn 2020 yn helpu. ""Bydd hynny yn rhoi'r clod dyledus I'r gweithlu, achos pan mae'n dod at edrych ar ol ein pobl fwyaf bregus, pa swydd sydd yn fwy pwysig na hynny? ""Fe fydd hefyd yn rhoi cyfle I bobl yn y maes gael y cyfle I feddwl am ddatblygu eu gyrfa, achos dyw hynny ddim yn digwydd ar hyn o bryd."" Dywedodd hefyd eu bod wedi buddsoddi yn y sector I wella amodau gweithwyr."
reddit_eli5,048766c9-5f02-48d5-b8d8-f42c40d18cb1,13.443654793437071,3.2729847128159446,12.02487603967765,7.31802688121697,-0.4482286538328148,-1.7658800231733205,-0.2086649670994478,-0.5919568308897798,-13.731585859756091,-23.700299076205564,-6.848809101257536,-17.752880190059592,−00,-3.700299076205564,-0.0,-0.0,3.700299076205564,-13.731585859756091,-23.700299076205564,-6.848809101257536,-17.752880190059592,"Every one of them are almost completely disconnected from the others , so trying to think of them as a whole will make it really hard to get it . They all take place in different worlds , with different characters and different mythologies . They do have a few common elements , but they 're usually not very story - relevant so do n't get too stuck on them . Essentially , every Final Fantasy game should be thought of as a stand - alone JRPG . Final Fantasy built its fame on some of its very popular ( and for good reason ) earlier titles . I could be wrong , but I gather that 7 is the game that built the massive fame it now has , although it was still great before 7 came around ; 6 has a pretty die - hard fanbase . The general consensus is that it 's been a very long time since the last "" good "" final fantasy game was released , many arguing that 10 was the last title in the series that was faithful to the original quality and spirit of the franchise , but there 's some dispute on that . It seems that the general consensus is that Final Fantasy 6 - 10 were the games produced in the ' golden age ' of final fantasy , but there 's quite a lot of dispute even among those titles . TLDR : They 're all different games , and the old ones made them famous enough that there 's a lot of die - hard fans that still talk about them . Mix that with newer fans from the newer games and you get a lot of mixed messages ."
yelp,f8f4b7b5-8050-4ecb-b532-4ab82f2e450c,13.786222849774218,3.791544233689673,12.10366495054509,7.782626424095039,-1.1138984848386198,-3.0246507407546073,-0.023865081415427,-2.98242845642675,-8.25466340170303,-21.756048004143683,7.909719019000594,-17.213983907850373,−00,-1.7560480041436826,0.0,-0.0,1.7560480041436826,-8.25466340170303,-21.756048004143683,7.909719019000594,-17.213983907850373,"0 STARS My 16 year old son and myself decided to do a road trip. So from Toronto we left at 6:30 pm arrived in jersey city at 5:00 am.slep fo 6 hours then spent the day in NYC. Then off we went to our reserved room in montreal!! Drove for 6 hours, arrived in montreal at 12:15 am at our hotel. I then found out I booked for the following night. Needless to say I almost cried because it had been a very long day. Well 2 long days. I asked if I could switch my booking. They had rooms available. They said no they wouldn't then told me I could have a room for the full price if I choose. So standing there at midnight with my 16 year old son, they told me they couldn't help with my situation unless I paid full price for the room. Now I totally get the fact that I made a really embarrassing stupid mistake...but really. So no room for my son and I. So obviously I was a day ahead of myself, somehow! I felt like a big disappointment to my son, we were so tired and I didn't have a room for us. So to the Gouveneur Place Dupuis Montreal I have nothing good to say. They let me a very petite 43 year old woman and her 16 year old son with no room in a big city we were very unfamiliar with (never mind the language barrier) they could have helped us out. They didn't. So I didn't see montreal at all because I then drive 4 hours to ottawa. I checked a couple hotels on my way out of montreal but they were booked. I can't see myself recommending that hotel to anyone. Bad experience. My actual check in was August 13. Sent from my iPhone"
reddit_eli5,29ed8d9e-3b33-4c82-9e18-a686d86d6df4,13.789381920383317,3.5348097857041725,12.320277012078805,7.857252216496668,0.0909966814468825,-1.4201528962270782,0.05316010578878,-0.2965558584886256,-7.374938734255923,-21.73811864294132,0.6028961423349055,-15.732412029815512,−00,-1.7381186429413198,0.0,-0.0,1.7381186429413198,-7.374938734255923,-21.73811864294132,0.6028961423349055,-15.732412029815512,"This comes down to your circadian rhythm , usually . From a young age , most of us get into the habit of sleeping at night and staying awake during the day , or maybe having a short nap in the afternoon . This is usually linked to Zeitgebers ( German for ' time - givers ' ) which are basically external cues . The most common of these are external light . Essentially , we train ourselves into having a proper sleep at night and only a nap during the day . It 's surprisingly easy and simultaneously difficult to fuck up your circadian rhythm . Think about how often you stay up all night to watch a show or play a game or read a book or dance while wasted . Basically anything that throws you off your rhythm can fuck up your cycle but this is usually short term , and your body is pretty good at getting itself back on track if you 're not fighting it , thanks to hormones . Hormones help maintain your circadian rhythm . Melatonin and cortisol both affect your sleep cycle . Example : Melatonin , the ' sleepy ' hormone , is usually produced at night , and causes drowsiness and drops your body temperature , both of which will obviously make you want to sleep more . Melatonin usually starts getting produced between 8 pm and 9 pm , spiking around 3 am and 4 am , finishing about 7 am or 8 am . This helps us sleep through the night . There 's usually a smaller spike around lunch time , but this does n't last as long , thus leading to a simple nap rather than a full on sleep . It 's also why it 's easier to slip back into a ' normal ' rhythm after working nights than it is to start doing nights after working days . Fucking hormones !"
wp,505bc7e5-d9bf-4cb3-846e-4bc6a9429359,13.867080190944009,3.474880869280439,13.642193863405913,8.354005844532972,-0.479327796676392,-2.4113074530906413,-0.3792639992436726,-1.012789499125839,-1.5189684837096347,-21.297140732011105,-1.1027182811859029,-6.690834113242294,−00,-1.2971407320111048,-0.0,-0.0,1.2971407320111048,-1.5189684837096349,-21.297140732011105,-1.1027182811859029,-6.690834113242294,"The elf took a seat in the running blood. He started examing his ebony-black plate armor, searching for any dents and knicks but found none. At that point he turned his gaze upward to his handiwork. The goblin merchants lay scattered across the road, their scarlet blood washed away by the rain. Their cart overturned in a ditch beside the road. From his pack the elf retrieved a morsel of wyvern jerky. Although not very tasty, those domesticated pseudo-dragons were definitely nutritious. The elf's eyes wandered around the carnage until they found his partner rifling through the bodies. ""Jaspar get o'er here once you got all the coins and trade goods,"" the elf called out. ""Yes m'lord Da'oel,"" replied the tall and thin Ogre. Jaspar gathered all of the coins and gems, the spices and oils, the ales and wines, and the cloth and metal in a knapsack and dragged it over to Da'oel who still sat cross legged chewing on the stringy wyvern meat with his battleaxe across his lap. Jaspar adjusted his hardened leather and sat across from Da'oel with the sack in between them. ""This rain is bugging me,"" stated Da'oel begrudgingly. ""I'll remedy that immediately sir da ""Do not, call me sir,"" spat the elf with poison. ""I'm sorry master Da'oel. I'll deal with the rain now."" With his Jaspar shifted this position and began incanting in some odd language unknown to Da'oel, and as he did a large leather tent formed itself around the two, sheltering them from the rain. ""You and your fackin magics. I swear there ain't sometin' right wit'it."" The elf's eyes shifted to the bag in between the two. ""Right now, let's get to countin'. May'e we'll have enough to buy ourselves off this fackin is'and and back to my home. And once I reach my warm sands you can leave me and I can stop'earin your bitching about being ""evil"" and how murdering is bad."" Upon deciphering this elf's barbaric dialect and comprehending the message the ogre dumped the contents of the bag and began counting coins and appraising the items. Edit: Typo"
reddit_eli5,55f6b38a-e39d-4475-bfcb-5ceb31ec5c6d,13.899844411432044,3.124929304056097,11.910656607588257,7.284594732550438,-0.4816608024993467,-1.3096904051783491,-0.3567203758592954,-0.7061762629791737,-14.125700078462398,-21.111186818239176,-11.062558585322257,-18.534112302946433,−00,-1.111186818239176,-0.0,-0.0,1.111186818239176,-14.125700078462398,-21.111186818239176,-11.062558585322256,-18.534112302946433,"They do n't . A woman 's biological cycle is not clockwork . The whole "" 28 days "" thing is an average . Some women have 26 day cycles . Some 30 . Some women float between 25 and 32 . Some are even more random . And even women who start their period every 28 days like clockwork rarely start it at the same time on that day - noon one time , 8 am the next time , 8 pm the next time .. and so on . If you have two women , one with a 29 day cycle and one with a 26 day cycle , then at any given point in time their cycles will appear to be getting closer together . It 's .. kinda like the turn signals on a car . Ever watched two turn signals not anywhere close to each other slowly start to sync up , then they appear to be blinking at exactly the same time ? But what happens after that ? They start driving apart again , because they are n't actually syncing up with each other , they just happen to be in a part of the cycle where they appear together . Same thing with women , only it takes a month to get a data point . Combine the length of time needed to gather data with confirmation bias , and you 'll have women swearing their cycles are getting closer when they 're actually getting farther apart . Because they 're starting to sync up with the preceding one ."
cnn,d78b11af-5071-4102-97fa-4df289956607,13.995065636481431,3.0790834777583127,11.968532090496918,7.275138418587408,-1.2382675903167168,-3.466415444307984,-0.3186310296772086,-2.8561879332891458,-14.237175647279546,-20.570757068703184,-12.367359460393027,-18.13825859425619,−00,-0.570757068703184,-0.0,-0.0,0.570757068703184,-14.237175647279546,-20.570757068703184,-12.367359460393027,-18.13825859425619,"A Toronto tower crane operator took pictures of a raccoon that climbed almost 700 feet up a metal ladder before taking a high-altitude poop. Rob MacFarlane captured photos of the raccoon on his craneafter it climbed about213 meters up. MacFarlane shared his first picture of 'Little Mac' on social media on Thursday morning after the crapping critter presumably made the climb over the course of the night. RobMacFarlane shared the picture of the brave raccoon, 'Little Mac', on social media on Thursday morning . The little critter climbed almost 700 feet upMacFarlane's tower crane in Toronto before being photographed . He wrote: 'This critter climbed over 700' to crap on my machine deck.' In the shot, Mac can been see holding on to the ladder for dear life with its eyes staring wide. According to MacFarlane, the animal slowly climbed to the ground without being hurt and 'found somewhere else to sleep all day', theToronto Star reported. MacFarlanehasn't documented prior appearances by raccoons, but he does often post photos from his crane . He said: 'They are the tortoise in the story. 'Not so fast, but efficient. 'It's not unusual. Raccoons seem to like cranes.' MacFarlane has seen raccoons on his crane before and has also found'evidence' of their presence in the past. He hasn't documented their previous appearances, but does post photos from the crane quite often. The crane operator said: 'It's not unusual. Raccoons seem to like cranes.' He has found their 'evidence' before . The crane MacFarlane was working on Thursday stands east of the Rogers Centre at Yonge and the Esplanade . The crane he was working on stands east of the Rogers Centre at Yonge and the Esplanade in downtown Toronto. In addition to pooping on cranes, raccoons also have been getting into the city's garbage bins. The Toronto City Council is considering a31million investment in new compost bins featuring turn-dial locks that raccoons cannot open. Mayor John Tory said: 'We have left no stone unturned in our fight against the Raccoon Nation. 'Defeat is not an option.'"
yelp,f281878a-d429-4dbc-b71c-b28f74ada8fb,14.002167444721136,3.428916303732895,13.00726327222366,7.927758509808652,-0.9687663991250064,-2.8087061458076903,-0.3864930113722047,-2.078830134748181,-6.543776699781367,-20.53045063023586,-2.4108985495298,-11.033599247090848,−00,-0.5304506302358583,-0.0,-0.0,0.5304506302358583,-6.543776699781367,-20.53045063023586,-2.4108985495298,-11.033599247090848,"My boyfriend and I decided to try here since we were looking for a new place to eat on Friday night. When we showed up we were asked to wait, even though the restaurant was half empty, but we assumed maybe some wait staff had called out. when we were seated and we ordered, they brought out the bread. It was nice and warm, but one of the loaves was on the edge of being burnt and they both had sesame seeds on top that reminded me of those bread sticks that you get in cellophane wrappers. We had both ordered the house dressing for our salads, but it turned out to be oil and vinegar, which would have been fine except one salad had all the oil, which was bitter, and one had all the vinegar. Also, the salad was half a handful of romaine, 2 onion rings, 2 small black olives, and a tomato slice. Then our dinner showed up. I had gotten the Manicotti and my boyfriend had gotten the Cannelloni. The red sauce on top tasted like it was tomato paste from a can that was watered down and the sauce on mine tasted like someone had added extra sugar. I could honestly taste the aluminum in the sauce. The noodles were soggy, and my boyfriend said that his tasted reheated. I did discover someone had put slivers of garlic under the melted cheese on top, because they weren't fully cooked. As for the service, our waiter would ask questions and then leave without hearing the answer and they brought us small pitchers so we could refill our drinks, then forgot to bring more when those pitchers ran out."
xsum,c0cd482c-0ad7-4ea7-9e7b-1759ba0b7954,15.074846320937516,1.988768156698262,9.66424556767426,5.501748788745169,-3.5239072732673966,-2.734391804740854,-1.7496582280967703,-5.915407645843462,-35.142743979081395,-14.442442666617449,-43.398415063615424,-33.89899734064135,0−−,-0.0,-23.398415063615424,-13.898997340641351,37.297412404256775,-35.142743979081395,-14.442442666617447,-43.398415063615424,-33.89899734064135,"Grimsby striker Bogle saw his curling, left-footed free-kick tipped over the crossbar by Jamie Stephens before he opened the scoring after he burst past two defenders and had his shot deflected off Elliot Johnson and into the net. And he doubled the lead 10 minutes before the interval when a mistake by Harry Taylor allowed Bogle to run free and beat Stephens. The Bees got themselves back into the game in the 50th minute when Akinde burst into the box and was brought down by Josh Gowling. Akinde picked himself up to dispatch the penalty past James McKeown. Akinde then levelled from the spot five minutes later after Danny Collins fouled Curtis Weston. Ryan Watson then squandered two chances to win it for Barnet before the late drama. Barnet were reduced to 10 men in the 90th minute when Ali Sesay, who had only been on the pitch for five minutes, was shown a straight red card for a challenge on Scott Vernon. Grimsby were then given a golden chance to win it two minutes into stoppage time when Michael Nelson brought down Gowling, but Bogle sent his spot-kick over the bar. Report supplied by the Press Association. Match ends, Grimsby Town 2, Barnet 2. Second Half ends, Grimsby Town 2, Barnet 2. Danny Collins (Grimsby Town) is shown the yellow card for a bad foul. Foul by Danny Collins (Grimsby Town). John Akinde (Barnet) wins a free kick in the defensive half. Penalty missed! Bad penalty by Omar Bogle (Grimsby Town) left footed shot is just a bit too high. Omar Bogle should be disappointed. Penalty Grimsby Town. Josh Gowling draws a foul in the penalty area. Penalty conceded by Michael Nelson (Barnet) after a foul in the penalty area. Alie Sesay (Barnet) is shown the red card. Scott Vernon (Grimsby Town) wins a free kick on the right wing. Foul by Alie Sesay (Barnet). Attempt missed. Omar Bogle (Grimsby Town) right footed shot from outside the box is high and wide to the right. Scott Vernon (Grimsby Town) wins a free kick on the right wing. Foul by Bira Dembele (Barnet). Foul by Omar Bogle (Grimsby Town). Alie Sesay (Barnet) wins a free kick in the defensive half. Substitution, Barnet. Alie Sesay replaces Curtis Weston. Attempt missed. Brandon Comley (Grimsby Town) right footed shot from outside the box is too high. Zak Mills (Grimsby Town) wins a free kick in the attacking half. Foul by John Akinde (Barnet). Attempt missed. Craig Disley (Grimsby Town) header from the centre of the box misses to the right. Corner, Grimsby Town. Conceded by Mauro Vilhete. Attempt saved. John Akinde (Barnet) header from the centre of the box is saved in the centre of the goal. Tom Bolarinwa (Grimsby Town) is shown the yellow card. Foul by Tom Bolarinwa (Grimsby Town). Sam Muggleton (Barnet) wins a free kick on the right wing. Substitution, Grimsby Town. Scott Vernon replaces Kayden Jackson. Attempt missed. Zak Mills (Grimsby Town) left footed shot from the centre of the box is close, but misses to the right. Attempt missed. Jean-Louis Akpa-Akpro (Barnet) right footed shot from the centre of the box is close, but misses to the left. Attempt missed. Zak Mills (Grimsby Town) right footed shot from outside the box is close, but misses to the right. Tom Champion (Barnet) is shown the yellow card. Omar Bogle (Grimsby Town) wins a free kick in the defensive half. Foul by Mauro Vilhete (Barnet). Zak Mills (Grimsby Town) wins a free kick on the left wing. Foul by Jamal Campbell-Ryce (Barnet). Attempt missed. Ryan Watson (Barnet) right footed shot from outside the box is too high. Brandon Comley (Grimsby Town) wins a free kick in the attacking half. Foul by Tom Champion (Barnet). Attempt missed. Ryan Watson (Barnet) right footed shot from the centre of the box is close, but misses the top left corner. Attempt saved. Curtis Weston (Barnet) right footed shot from outside the box is saved in the centre of the goal."
cnn,bc13e036-9a5e-4fff-a292-cd4856146993,17.14974660279168,2.0822132524375463,10.67192443842193,5.8777887382984915,-2.6356172706056338,-0.3117344779977351,-1.315501254997975,-4.152795585364133,-30.709804523146015,-2.6663093617474503,-40.73890922551075,-27.006727970141398,0−−,-0.0,-20.738909225510753,-7.006727970141398,27.74563719565215,-30.709804523146015,-2.6663093617474503,-40.73890922551075,-27.0067279701414,"A Coast Guard cutter arrived in San Diego on Thursday with more than 14 tons of cocaine, part of what authorities has described as a surge of seizures near Central and South America. The cocaine, valued by the Coast Guard at 424 million, was seized by U.S. and Canadian forces in 19 separate incidents in the eastern Pacific Ocean near Central and South America. It included a 10-ton bust from a coastal freighter, the largest maritime drug interdiction in that area since 2009. A crewman from the Coast Guard Cutter Boutwell guards some of more than 28,000 pounds of cocaine, seized at sea and offloaded at Naval Base San Diego on Thursday . The cocaine was seized by U.S. and Canadian forces in 19 separate incidents in the eastern Pacific Ocean near Central and South America . The U.S. Navy and Coast Guard and Royal Canadian Navy ships have seized more than 28 tons of cocaine valued at 848 million in the eastern Pacific region near Central and South America in the last six months, resulting in 101 arrests. That's more than the 12-month period that ended in September, and U.S. authorities have called it the most successful run for drug seizures in the area since 2009. Suspicious vessels in international waters were tracked by military or law enforcement aircraft or vessels. Coast Guard personnel operating from Coast Guard cutters and Royal Canadian Navy vessels boarded the ships to seize the drugs. Thursday's arrival marked the second time that the Cutter Boutwell has returned home with a huge load of drugs. In October, its crew turned over more than 14 tons of cocaine to the U.S. Drug Enforcement Administration. Suspicious vessels in international waters were tracked by military or law enforcement aircraft or vessels. Coast Guard personnel operating from Coast Guard cutters and Royal Canadian Navy vessels boarded the ships to seize the drugs. Thursday's arrival marked the second time that the Cutter Boutwell returned home with a huge load of drugs. In October, its crew turned over more than 14 tons of cocaine to the U.S. Drug Enforcement Administration. U.S. Navy and Coast Guard and Royal Canadian Navy ships have seized more than 28 tons of cocaine valued at 848 million in the last six months ."
wiki_csai,03754b30-6141-4b05-90d4-b135668df4f5,18.031929055939734,2.0911963456132363,10.789959219751893,6.0652560873724815,-1.8597125201249696,-0.5969500450914218,-1.136811412563837,-3.087909832176999,-28.49984941226793,2.340532778254196,-40.48324477831877,-26.199399830562026,0−−,0.0,-20.48324477831877,-6.199399830562026,26.682644608880796,-28.49984941226793,2.340532778254196,-40.48324477831877,-26.199399830562022,"Sensitivity and specificity mathematically describe the accuracy of a test which reports the presence or absence of a condition. Individuals for which the condition is satisfied are considered ""positive"" and those for which it is not are considered ""negative"".
If the true condition can not be known, a ""gold standard test"" is assumed to be correct. In a diagnostic test, sensitivity is a measure of how well a test can identify true positives and specificity is a measure of how well a test can identify true negatives. For all testing, both diagnostic and screening, there is usually a trade-off between sensitivity and specificity, such that higher sensitivities will mean lower specificities and vice versa.
If the goal is to return the ratio at which the test identifies the percentage of people highly likely to be identified as having the condition, the number of true positives should be high and the number of false negatives should be very low, which results in high sensitivity. This is especially important when the consequence of failing to treat the condition is serious and/or the treatment is very effective and has minimal side effects.
If the goal is to return the ratio at which the test identifies the percentage of people highly likely to be identified as not having the condition, the number of true negatives should be high and the number of false positives should be very low, which results in high specificity. That is, people highly likely to be excluded by the test. This is especially important when people who are identified as having a condition may be subjected to more testing, expense, stigma, anxiety, etc.
The terms ""sensitivity"" and ""specificity"" were introduced by American biostatistician Jacob Yerushalmy in 1947."
wiki_csai,fc75c6cf-de12-46e5-9c78-a2f731999670,15.907110058106111,2.4115224335510965,9.958394927164797,6.190041551158658,-1.734927056338793,-2.7217690429250485,-0.8164853246259769,-3.919474124764097,-27.02881845770575,-9.718915083427538,-31.366564076906357,-31.887089897087872,0−−,-0.0,-11.366564076906357,-11.887089897087872,23.25365397399423,-27.02881845770575,-9.718915083427538,-31.366564076906357,-31.887089897087872,"In statistical classification, two main approaches are called the generative approach and the discriminative approach. These compute classifiers by different approaches, differing in the degree of statistical modelling. Terminology is inconsistent,[a] but three major types can be distinguished, following Jebara (2004):
The distinction between these last two classes is not consistently made; Jebara (2004) refers to these three classes as generative learning, conditional learning, and discriminative learning, but Ng & Jordan (2002) only distinguish two classes, calling them generative classifiers (joint distribution) and discriminative classifiers (conditional distribution or no distribution), not distinguishing between the latter two classes. Analogously, a classifier based on a generative model is a generative classifier, while a classifier based on a discriminative model is a discriminative classifier, though this term also refers to classifiers that are not based on a model.
Standard examples of each, all of which are linear classifiers, are:
In application to classification, one wishes to go from an observation x to a label y (or probability distribution on labels). One can compute this directly, without using a probability distribution (distribution-free classifier); one can estimate the probability of a label given an observation, 



P
(
Y

|

X
=
x
)


{\displaystyle P(Y|X=x)}

 (discriminative model), and base classification on that; or one can estimate the joint distribution 



P
(
X
,
Y
)


{\displaystyle P(X,Y)}

 (generative model), from that compute the conditional probability 



P
(
Y

|

X
=
x
)


{\displaystyle P(Y|X=x)}

, and then base classification on that. These are increasingly indirect, but increasingly probabilistic, allowing more domain knowledge and probability theory to be applied. In practice different approaches are used, depending on the particular problem, and hybrids can combine strengths of multiple approaches."
reddit_eli5,47287806-d919-4000-abf1-684148150822,14.839119158519033,2.376016209539899,10.978320562226571,6.240760446094825,-1.52549508895496,-0.3704156580913604,-1.1056334703754933,-1.638512308340859,-26.430919774890153,-15.780316352642574,-32.37709340752305,-24.91105574693425,0−−,-0.0,-12.377093407523049,-4.911055746934249,17.288149154457297,-26.430919774890153,-15.780316352642574,-32.37709340752305,-24.91105574693425,"I 'll skip the roman numerals to try to make it less confusing , for what it 's worth . Final fantasy 5 was the first game made in its continuity with Legend of the crystals being a sequel . FF7 was the first game made in its continuity , with FF : Crisis Core being the prequel and Dirge of Cerberus being a sequel of sorts . FF Tactics was the first game made in its continuity , with Vagrant Story taking place far in the future , and FF 12 taking place far in the past . FF tactics advanced ... we do n't speak of those . FF 10 was obviously the first game in its continuity followed by FF 10 - 2 FF 13 was once again very obviously the first in the 3 part set with FF13 - 2 and FF13 - 3 As far as I know all other Final Fantasy games are stand alone , and thus none of them come first .. I claim to have zero knowledge of any Final Fantasy MMO so I ca n't speak to those . If you are talking about which Final Fantasy games were mislabeled when being ported to America ... The original was released in both Japan and America , and thus there is no confusion . 2 and 3 were not released in America , so when 4 was ported to the US for the SNES it was released as FF2 in America , even though it was the 4th of the series . 5 was once again not released in America , so when 6 was ported to the US it was released as FF3 . Then FFVII fixed the whole problem and everything matched up again ."
reddit,b4badfae-744c-4b38-93e8-b6a6098fa850,15.000214161717448,2.28944365033416,11.338679605714464,6.203985493419177,-2.225426469043573,-2.4745741047754493,-1.167720181828745,-3.2467248817698877,-26.8644405720812,-14.86601880832023,-34.841002559798994,-22.446290760871342,0−−,-0.0,-14.841002559798994,-2.4462907608713422,17.287293320670337,-26.8644405720812,-14.86601880832023,-34.841002559798994,-22.446290760871342,"Other posts claiming that it was misrouted are wrong. It wasn't necessarily misrouted and it's quite normal for packages to travel across the country and back.
To illustrate, let's suppose there were only 4 cities in the country - Seattle, New York, Los Angeles, and Miami.
In order to get packages from any city to any other city, you'd need to have a sorting facility in every city, and you'd need to have flights between every pair of cities. If you draw lines between all pairs of cities you'll see that you have 6 lines - so 6 flights a day, round-trip, at a minimum.
 Seattle +-----------+ New York
 | \ / |
 | \ / |
 | X |
 | / \ |
 | / \ |
 L.A. +-----------+ Miami
Now instead, suppose that you just send all packages to New York, have a much bigger sorting facility there, and then send everything to its destination city on the return flight. Now you have one sorting facility instead of 4, and 4 round-trip flights a day instead of 6.
 Seattle +-----------+ New York
 / |
 / |
 / |
 / |
 / |
 L.A. + + Miami
Increase this to 10 cities and the difference is more staggering: you could have 1 sorting facility instead of 10, and 10 round-trip flights instead of 45.
So in a nutshell, it's less expensive to send all packages to one location, sort them, and then send them all out to their destinations all at once.
It's counterintuitive because for each individual package it's more wasteful, but for the system as a whole it's less wasteful!
Obviously this is an oversimplification - package routing at the USPS is very complicated and there are lots of sorting facilities. Often packages don't travel quite that far - but the point is that there are often very good reasons to send packages along a less straightforward route."
arxiv,4622a5f2-c96d-4ea1-9629-b734e9768fd2,14.91189055018877,2.497451503700011,11.148342006080528,6.471847923459042,-1.4104112818171537,-3.885558367388226,-0.6336326798071616,-2.940492047035036,-23.706749650420033,-15.367301030133707,-28.9209690254384,-23.748151945117574,0−−,-0.0,-8.9209690254384,-3.7481519451175735,12.669120970555973,-23.706749650420033,-15.367301030133708,-28.9209690254384,-23.748151945117577,"(Abridged) The Sloan Digital Sky Survey now extends over a large enough
region that galaxies in low density environments can be detected. Rojas et al.
have developed a technique to extract more than 1000 void galaxies with delta
rho/rho < -0.6 on scales r>7 h^{-1} Mpc from the SDSS. In this paper, we
present the luminosity function of these galaxies and compare it to that of
galaxies at higher densities. We obtain a measurement of the void galaxy
luminosity function over the range -21.5<M_r*<-14.5 in the SDSS r-band. The
void galaxy luminosity function (LF) is well fit by a Schechter function with
values of Phi*=(0.19 +- 0.04)*0.01 h^3 Mpc^{-3}, M_r* - 5logh=-19.74 +- 0.11
and alpha=-1.18 +- 0.13, where as the LF of the wall galaxy has Schechter
function parameters Phi*=(1.42 +- 0.03)*0.01 h^3 Mpc^{-3}, M_r* - 5logh=-20.62
+- 0.08 and alpha=-1.19 +- 0.07. The fainter value of M_r* is consistent with
the work of Rojas et al.who found that void galaxies were fainter than galaxies
at higher densities but the value of alpha is very similar to that of galaxies
at higher densities. To investigate this further, the LF of wall and void
galaxies as a function of density is considered. Only the wall galaxies in the
highest density regions have a shallower faint end slope. The LF of the void
galaxies is also compared to the LF of the wall galaxies with similar
properties to the void galaxies. The LF of the bluest, Sersic index n<2 and
EW(Halpha)>5A wall galaxies is very similar in shape to that of the void
galaxies, with only slightly brighter M_r* values and similar values of alpha.
The value of alpha ~ -1.2 found from the void galaxy LF is shallower that that
found from CDM models, suggesting that voids are not filled with a large
population of dwarf galaxies."
wikipedia,42a1a8a7-df75-4354-a319-9e4e611a1dfd,14.1369770662438,2.502312076872987,11.408766513608196,6.722879095390715,-2.0255791608637885,-2.677777141367807,-1.1194774335909052,-2.7916295489557665,-20.747473679748694,-19.765336235238856,-28.782634074547758,-21.966913984626544,0−−,-0.0,-8.782634074547758,-1.9669139846265438,10.749548059174302,-20.747473679748698,-19.765336235238856,-28.78263407454776,-21.966913984626544,"Sirius XM Weather & Emergency was a free satellite radio channel dedicated to providing critical, updated information before, during and after natural disasters, weather emergencies and other hazardous incidents as well as AMBER Alerts to listeners across North America.  The channel was also affiliated with The Weather Channel.  It was normally a low bitrate channel, but bitrate was raised in case of widespread emergencies. The channel number, 247 on XM, is a reference to the term 24/7, the old name of the channel XM Emergency Alert.

As a promotional channel, it was available from any XM or Sirius radio without a subscription (which is required by law as part of the Emergency Alert System, which they are required to take part in).

These channels were discontinued during November 2010.

Past emergencies as XM Emergency Alert 
During these events, XM Emergency Alert was used to give specific regional information for the affected area:

2011 
Hurricane Irene with an audio relay of The Weather Channel from August 28–29.

2010 
None.

2009 
None.

2008 
Hurricane Ike, and local relays of KTRH and KHOU-TV.
Hurricane Hanna
Hurricane Gustav, and local relay of WRNO-FM
Tropical Storm Fay
Hurricane Dolly

2007 
October 2007 California wildfires, and local radio relays of KFI and KOGO
February–March 2007 Tornado Outbreak

2006 

2006 Colorado Blizzard
2006 Kiholo Bay earthquake
Hurricane Florence
Hurricane Ernesto
Tropical Storm Chris
Tropical Storm Alberto

2005 

2005 New York City transit strike
Hurricane Wilma
Hurricane Rita
Hurricane Ophelia
Hurricane Katrina
Hurricane Dennis

2004 
 Hurricane Jeanne
 Hurricane Ivan

External links 
 Sirius XM Weather & Emergency - XM Webpage
 Sirius XM Weather & Emergency - Sirius webapage

XM Satellite Radio channels
Digital-only radio stations
News and talk radio stations in the United States
Sirius Satellite Radio channels
Radio stations established in 2004
Defunct radio stations in the United States"
arxiv,3b26b4fd-d8ad-4390-9e4b-8ef101386553,15.062455031603871,2.7708474515969916,10.441172917064454,6.321296936046805,-1.5609622692293907,-3.734993885973123,-0.3602367319101809,-3.6476611360511098,-25.48151696709074,-14.512769648732373,-21.139949446039452,-28.58501018783677,0−−,-0.0,-1.1399494460394521,-8.585010187836769,9.724959633876221,-25.48151696709074,-14.512769648732371,-21.139949446039452,-28.58501018783677,"RSG stars are very massive cool evolved stars. Recently, a weak magnetic
field was measured at the surface of $\alpha$ Ori and this is so far the only
M-type supergiant for which a direct detection of a surface magnetic field has
been reported. By extending the search for surface magnetic field in a sample
of late-type supergiants, we want to determine whether the surface magnetic
field detected on $\alpha$ Ori is a common feature among the M-type
supergiants. With the spectropolarimeter Narval at TBL we undertook a search
for surface magnetic fields in a sample of cool supergiant stars, and we
analysed circular polarisation spectra using the least-squares deconvolution
technique. We detect weak Zeeman signatures of stellar origin in the targets CE
Tau, $\alpha^1$ Her and $\mu$ Cep. For the latter star, we also show that
cross-talk from the strong linear polarisation signals detected on this star
must be taken into account. For CE Tau and $\mu$ Cep, the longitudinal
component of the detected surface fields is at the Gauss-level, such as in
$\alpha$~Ori. We measured a longitudinal field almost an order of magnitude
stronger for $\alpha^1$ Her. We also report variability of the longitudinal
magnetic field of CE Tau and $\alpha^1$ Her, with changes in good agreement
with the typical atmospheric dynamics time-scales. We also report a
non-detection of magnetic field at the surface of the yellow supergiant star
$\rho$ Cas. The two RSG stars of our sample, CE Tau and $\mu$ Cep, display
magnetic fields very similar to that of $\alpha$ Ori. The non-detection of a
magnetic field on the post-RSG star $\rho$ Cas suggests that the magnetic field
disappears, or at least becomes undetectable with present methods, at later
evolutionary stages. Our analysis of $\alpha^1$ Her supports the proposed
reclassification of the star as an AGB star."
wikihow,70804dea-e882-4bd4-bc3f-62ae3df1e1fe,15.830264174137378,2.642524545068421,11.207530667927715,6.347952159727983,-1.9445828852899416,-2.126483116520083,-0.7597527157652051,-3.2908678586990465,-25.167292393602107,-10.155055259155741,-24.792099581638503,-23.343316423630885,0−−,-0.0,-4.792099581638503,-3.3433164236308848,8.135416005269388,-25.167292393602107,-10.15505525915574,-24.792099581638503,-23.343316423630885,",

This will be a vertical cast iron pipe, more than likely 4"" in diameter.

,

This is the pipe in the ground that the new toilet and sink will flow in to.

,

A crude drawing may be helpful to visualize where the you want the new sink and toilet in relation to the existing pipe.
This will also help you when you measure out the length of PVC you'll need.

,


It is recommended that it be a 45 degree PVC pipe that attaches to the existing cast iron to help with the flow of waste.
Be sure to note that the PVC setup will vary depending on where the sink and toilet will be placed.

,,,

Hanging a plastic curtain around the work area can help contain dust!

,

This can be done with a jackhammer which can be rented at a home improvement store.
Safety glasses should be worn when using tools!

,,,,

Use PVC primer and cement to fasten the sections together
Due to chemical fumes, make sure the area is well ventilated!

,

This can be done with a high speed angle grinder
The angle grinder will make sparks, be sure to wear safety glasses!

,


Make sure that there is enough PVC on either side of the wye so that the band-coupling has enough of both PVC and cast iron pipe to attach to!
Cleaning the cast iron pipe makes for a tighter seal!

,,

Make sure the new pipe has a slope of at least 1/4"" every foot flowing into the cast iron pipe.

, 4"" of concrete so that just the pipes that the toilet will sit on and the sink will connect to are exposed.

,"
finance,075eb33b-315e-4fe2-b4d2-670db32f0136,14.736505254532542,2.774967985165223,11.015322376173268,6.466677331342089,-1.5184981033524778,-2.4926382220548327,-0.5307782218708357,-3.0072788507085324,-23.767703072610992,-16.36270338244152,-21.022676484905222,-24.657972670250768,0−−,-0.0,-1.0226764849052223,-4.657972670250768,5.68064915515599,-23.767703072610992,-16.36270338244152,-21.022676484905222,-24.657972670250768,"This is going to depend on the tax jurisdiction and I have no knowledge of the rules in Illinois.  But I'd like to give you some direction about how to think about this.   The biggest problem that you might hit is that if you collect a single check and then distribute to the tutors, you may be considered their employer.  As an employer, you would be responsible for things like  This is not meant as an exhaustive list.   Even if not an employer, you are still paying them.  You would be responsible for issuing 1099 forms to anyone who goes above $600 for the year (source).   You would need to file for a taxpayer identification number for your organization, as it is acting as a business.  You need to give this number to the school so that they can issue the correct form to you.  You might have to register a ""Doing Business As"" name.  It's conceivable that you could get away with having the school write the check to you as an individual.  But if you do that, it will show up as income on your taxes and you will have to deduct payments to the other tutors.   If the organization already has a separate tax identity, then you could use that.  Note that the organization will be responsible for paying income tax.  It should be able to deduct payments to the tutors as well as marketing expenses, etc.   If the school will go for it, consider structuring things with a payment to your organization for your organization duties.  Then you tell the school how much to pay each tutor.  You would be responsible for giving the school the necessary information, like name, address, Social Security number, and cost (or possibly hours worked)."
wikipedia,7cd88a9d-fdfd-4c57-8380-c7c31e24f296,15.09824259488628,2.7779551737860655,11.415593915501214,6.979709809889187,-1.7687484463653158,-1.716511612725327,-0.8438343366778267,-2.7848021470627486,-17.719829917034822,-14.309656699374873,-20.937659229437735,-21.920216277337687,0−−,-0.0,-0.9376592294377346,-1.920216277337687,2.8578755067754216,-17.719829917034822,-14.309656699374871,-20.937659229437735,-21.920216277337687,"Josephine Platner Shear (3 July 1901 - 11 February 1967) was an American classical archaeologist and numismatist, who was excavation and numismatic lead for the Agora excavations.

Biography 
Josephine Platner was born on 3 July 1901 in Omaha, Nebraska. She studied at Wellesley College (1924) and Archaeology at Columbia University (1928). From 1927 to 1929 and from 1931 to 1939 she was a member and 1939/40 Fellow of the American School of Classical Studies at Athens. From 1929 to 1931 she took part in the excavations in Corinth. In 1930 she presented her work on geometric pottery from Corinth to the Archaeological Institute of America. 

On 12 February 1931 she married the archaeologist Theodore Leslie Shear (1880-1945), who led the excavations in Corinth from 1925 to 1931 and in 1931 began the excavations on the Agora of Athens. Although Shear was nominally Director of the Corinth excavations, it was Platner Shear who supervised the digging. The plans that Platner Shear created of the excavations are still referred to. Whilst her husband was at Princeton, she worked alongside him, and also lectured - including to the Women's College Club in 1936.

During the Agora excavation she led the study and conservation of numismatics from the site, as well as making the discovery of a new 2nd-century C.E. Athenian coin. Platner Shear kept meticulous records of the numismatic material: in the 1937 season alone, 10,325 coins were excavated and catalogued in the field. The earliest of the 1937 finds was a silver obol of Solon, identified by Platner Shear.

After her husband's death in 1945, she continued to live in Princeton, and in 1955 her second marriage to Floyd C. Harwood took place. She died on 11 February 1967. Objects excavated by Platner Shear are held in the Metropolitan Museum of Art's collection.

References 

1901 births
American numismatists
1967 deaths
American women archaeologists
Wellesley College alumni
Columbia University alumni
Classical archaeologists
American School of Classical Studies at Athens
Women numismatists
People from Omaha, Nebraska
20th-century American archaeologists
20th-century American women"
wiki_csai,1346368b-5923-4c1e-b937-6a96226c4c0d,12.660589586704416,2.0323934323100055,9.016967346973903,5.469829474107623,-2.455139133389828,-5.968289514326743,-1.195614325867068,-4.860901704954989,-35.519024183967254,-28.144599528393492,-42.15681244915546,-38.326217146703854,−−−,-8.144599528393492,-22.15681244915546,-18.326217146703854,48.627629124252806,-35.519024183967254,-28.144599528393492,-42.15681244915546,-38.326217146703854,"In mathematics, a Markov decision process (MDP) is a discrete-time stochastic control process. It provides a mathematical framework for modeling decision making in situations where outcomes are partly random and partly under the control of a decision maker. MDPs are useful for studying optimization problems solved via dynamic programming. MDPs were known at least as early as the 1950s; a core body of research on Markov decision processes resulted from Ronald Howard's 1960 book, Dynamic Programming and Markov Processes. They are used in many disciplines, including robotics, automatic control, economics and manufacturing. The name of MDPs comes from the Russian mathematician Andrey Markov as they are an extension of Markov chains.
At each time step, the process is in some state 



s


{\displaystyle s}

, and the decision maker may choose any action 



a


{\displaystyle a}

 that is available in state 



s


{\displaystyle s}

. The process responds at the next time step by randomly moving into a new state 




s
′



{\displaystyle s'}

, and giving the decision maker a corresponding reward 




R

a


(
s
,

s
′

)


{\displaystyle R_{a}(s,s')}

.
The probability that the process moves into its new state 




s
′



{\displaystyle s'}

 is influenced by the chosen action. Specifically, it is given by the state transition function 




P

a


(
s
,

s
′

)


{\displaystyle P_{a}(s,s')}

. Thus, the next state 




s
′



{\displaystyle s'}

 depends on the current state 



s


{\displaystyle s}

 and the decision maker's action 



a


{\displaystyle a}

. But given 



s


{\displaystyle s}

 and 



a


{\displaystyle a}

, it is conditionally independent of all previous states and actions; in other words, the state transitions of an MDP satisfy the Markov property.
Markov decision processes are an extension of Markov chains; the difference is the addition of actions (allowing choice) and rewards (giving motivation). Conversely, if only one action exists for each state (e.g. ""wait"") and all rewards are the same (e.g. ""zero""), a Markov decision process reduces to a Markov chain."
wiki_csai,39b21429-67fe-4a27-ad6f-ec4c587afd3d,12.047292528752925,2.41708784741783,8.802353983834427,5.795063010690183,-2.1299055968072684,-6.581586572278235,-0.8109199107592433,-5.0755150680944645,-31.68501511545526,-31.625377844866325,-31.208168919269163,-39.79411843173198,−−−,-11.625377844866325,-11.208168919269163,-19.79411843173198,42.627665195867465,-31.68501511545526,-31.625377844866325,-31.208168919269163,-39.79411843173198,"In mathematics, the Bernoulli numbers Bn are a sequence of rational numbers which occur frequently in analysis. The Bernoulli numbers appear in (and can be defined by) the Taylor series expansions of the tangent and hyperbolic tangent functions, in Faulhaber's formula for the sum of m-th powers of the first n positive integers, in the Euler–Maclaurin formula, and in expressions for certain values of the Riemann zeta function.
The values of the first 20 Bernoulli numbers are given in the adjacent table. Two conventions are used in the literature, denoted here by 




B

n


−






{\displaystyle B_{n}^{-{}}}

 and 




B

n


+






{\displaystyle B_{n}^{+{}}}

; they differ only for n = 1, where 




B

1


−




=
−
1

/

2


{\displaystyle B_{1}^{-{}}=-1/2}

 and 




B

1


+




=
+
1

/

2


{\displaystyle B_{1}^{+{}}=+1/2}

. For every odd n > 1, Bn = 0. For every even n > 0, Bn is negative if n is divisible by 4 and positive otherwise. The Bernoulli numbers are special values of the Bernoulli polynomials 




B

n


(
x
)


{\displaystyle B_{n}(x)}

, with 




B

n


−




=

B

n


(
0
)


{\displaystyle B_{n}^{-{}}=B_{n}(0)}

 and 




B

n


+


=

B

n


(
1
)


{\displaystyle B_{n}^{+}=B_{n}(1)}

.
The Bernoulli numbers were discovered around the same time by the Swiss mathematician Jacob Bernoulli, after whom they are named, and independently by Japanese mathematician Seki Takakazu.  Seki's discovery was posthumously published in 1712 in his work Katsuyō Sanpō; Bernoulli's, also posthumously, in his Ars Conjectandi of 1713.  Ada Lovelace's note G on the Analytical Engine from 1842 describes an algorithm for generating Bernoulli numbers with Babbage's machine. As a result, the Bernoulli numbers have the distinction of being the subject of the first published complex computer program."
wiki_csai,c4e0c258-a265-4ade-baaf-fd88444d23e5,12.866930488037177,2.282990027423822,9.285661430894432,5.845019781689065,-2.079948825808386,-5.761948612993985,-0.9450177307532512,-4.59220762103446,-31.09610071549555,-26.97350808771461,-35.02467670204459,-36.48841736901681,−−−,-6.97350808771461,-15.024676702044587,-16.48841736901681,38.48660215877601,-31.09610071549555,-26.97350808771461,-35.02467670204459,-36.48841736901681,"In mathematics, a Markov decision process (MDP) is a discrete-time stochastic control process. It provides a mathematical framework for modeling decision making in situations where outcomes are partly random and partly under the control of a decision maker. MDPs are useful for studying optimization problems solved via dynamic programming. MDPs were known at least as early as the 1950s; a core body of research on Markov decision processes resulted from Ronald Howard's 1960 book, Dynamic Programming and Markov Processes. They are used in many disciplines, including robotics, automatic control, economics and manufacturing. The name of MDPs comes from the Russian mathematician Andrey Markov as they are an extension of Markov chains.
At each time step, the process is in some state 



s


{\displaystyle s}

, and the decision maker may choose any action 



a


{\displaystyle a}

 that is available in state 



s


{\displaystyle s}

. The process responds at the next time step by randomly moving into a new state 




s
′



{\displaystyle s'}

, and giving the decision maker a corresponding reward 




R

a


(
s
,

s
′

)


{\displaystyle R_{a}(s,s')}

.
The probability that the process moves into its new state 




s
′



{\displaystyle s'}

 is influenced by the chosen action. Specifically, it is given by the state transition function 




P

a


(
s
,

s
′

)


{\displaystyle P_{a}(s,s')}

. Thus, the next state 




s
′



{\displaystyle s'}

 depends on the current state 



s


{\displaystyle s}

 and the decision maker's action 



a


{\displaystyle a}

. But given 



s


{\displaystyle s}

 and 



a


{\displaystyle a}

, it is conditionally independent of all previous states and actions; in other words, the state transitions of an MDP satisfy the Markov property.
Markov decision processes are an extension of Markov chains; the difference is the addition of actions (allowing choice) and rewards (giving motivation). Conversely, if only one action exists for each state (e.g. ""wait"") and all rewards are the same (e.g. ""zero""), a Markov decision process reduces to a Markov chain."
wiki_csai,980340b4-c937-49af-8793-c1385eb0a7dc,13.154631136067684,2.3030184337229693,9.27229240252551,5.736820909947723,-2.188147697549728,-5.4742479649634745,-0.924989324454104,-4.605576649403382,-32.37160096008292,-25.340657963429525,-34.45465573883505,-36.57985815180517,−−−,-5.340657963429525,-14.45465573883505,-16.57985815180517,36.37517185406975,-32.37160096008292,-25.340657963429525,-34.45465573883505,-36.57985815180517,"In computer science, the time complexity is the computational complexity that describes the amount of computer time it takes to run an algorithm. Time complexity is commonly estimated by counting the number of elementary operations performed by the algorithm, supposing that each elementary operation takes a fixed amount of time to perform. Thus, the amount of time taken and the number of elementary operations performed by the algorithm are taken to be related by a constant factor.
Since an algorithm's running time may vary among different inputs of the same size, one commonly considers the worst-case time complexity, which is the maximum amount of time required for inputs of a given size. Less common, and usually specified explicitly, is the average-case complexity, which is the average of the time taken on inputs of a given size (this makes sense because there are only a finite number of possible inputs of a given size). In both cases, the time complexity is generally expressed as a function of the size of the input.: 226  Since this function is generally difficult to compute exactly, and the running time for small inputs is usually not consequential, one commonly focuses on the behavior of the complexity when the input size increases—that is, the asymptotic behavior of the complexity. Therefore, the time complexity is commonly expressed using big O notation, typically 



O
(
n
)


{\displaystyle O(n)}

, 



O
(
n
log
⁡
n
)


{\displaystyle O(n\log n)}

, 



O
(

n

α


)


{\displaystyle O(n^{\alpha })}

, 



O
(

2

n


)


{\displaystyle O(2^{n})}

, etc., where n is the size in units of bits needed to represent the input.
Algorithmic complexities are classified according to the type of function appearing in the big O notation. For example, an algorithm with time complexity 



O
(
n
)


{\displaystyle O(n)}

 is a linear time algorithm and an algorithm with time complexity 



O
(

n

α


)


{\displaystyle O(n^{\alpha })}

 for some constant 



α
>
1


{\displaystyle \alpha >1}

 is a polynomial time algorithm."
wiki_csai,0a644306-fb69-4b57-b8a3-9a6a49dc7336,14.01720263570562,2.3490104027546757,9.462188831039231,5.928666217300201,-1.9963023901972503,-4.611676465325539,-0.8789973554223978,-4.41568022088966,-30.1100363752322,-20.445118137466977,-33.14569555020173,-35.28101446677152,−−−,-0.44511813746697726,-13.14569555020173,-15.281014466771524,28.87182815444023,-30.1100363752322,-20.445118137466977,-33.14569555020173,-35.28101446677152,"Category theory is a general theory of mathematical structures and their relations that was introduced by Samuel Eilenberg and Saunders Mac Lane in the middle of the 20th century in their foundational work on algebraic topology. Nowadays, category theory is used in almost all areas of mathematics, and in some areas of computer science. In particular, many constructions of new mathematical objects from previous ones, that appear similarly in several contexts are conveniently expressed and unified in terms of categories. Examples include quotient spaces, direct products, completion, and duality.
A category is formed by two sorts of objects: the objects of the category, and the morphisms, which relate two objects called the source and the target of the morphism. One often says that a morphism is an arrow that maps its source to its target. Morphisms can be composed if the target of the first morphism equals the source of the second one, and morphism composition has similar properties as function composition (associativity and existence of identity morphisms). Morphisms are often some sort of function, but this is not always the case. For example, a monoid may be viewed as a category with a single object, whose morphisms are the elements of the monoid.
The second fundamental concept of category is the concept of a functor, which plays the role of a morphism between two categories 




C

1




{\displaystyle C_{1}}

 and 




C

2


:


{\displaystyle C_{2}:}

 it maps objects of 




C

1




{\displaystyle C_{1}}

 to objects of 




C

2




{\displaystyle C_{2}}

 and morphisms of 




C

1




{\displaystyle C_{1}}

 to morphisms of 




C

2




{\displaystyle C_{2}}

 in such a way that sources are mapped to sources and targets are mapped to targets (or, in the case of a contravariant functor, sources are mapped to targets and vice-versa). A third fundamental concept is a natural transformation that may be viewed as a morphism of functors."
reddit_eli5,1c5ef2ad-0d90-452f-8053-3805b9fe79ee,13.192508463369183,2.574200096370235,9.289877522801104,6.044155890732351,-1.722099644317434,-2.0170263532412083,-0.9074495835451571,-3.3269553477663276,-28.748588660119484,-25.125684521363162,-26.736656101812496,-36.45958036354302,−−−,-5.125684521363162,-6.736656101812496,-16.45958036354302,28.321920986718677,-28.748588660119484,-25.12568452136316,-26.736656101812496,-36.45958036354302,"Programs are essentially a series of instructions in the form of 1s and 0s . 1 represents high voltage and 0 represents low voltage . A programmable circuit consists of a load of transistors that make up logic gates . Logic gates can change the 1 to a 0 and vice versa . To visualise this , think of passing a message up through a chain of your friends , who are standing in these positions : ( behold my magnificent ASCII art ) D | C / \ A B \ / You * you give two pieces of paper with a 1 on them to friend A , and two pieces of paper with a 0 on them to friend B. * friend A has been told to give a 1 to friend C if he receives two 1s , and a 0 if he receives anything else . Since you have given him two 1s , he passes on a 1 to friend C. * friend B has been told to pass on a 1 if either of the pieces of paper he receives have a 1 on them , otherwise a 0 . Since you gave him two 0s , he passes on a 0 . * friend C will pass on a 1 to friend D if only one of the pieces of paper he has has a 1 on them . This is true , so he gives a 1 to friend D. * friend D has been told to jump if he gets a 1 and crouch if he gets a 0 . He gets a 1 , so he jumps . Some examples of logic gates : * a NOT gate inverts the signal * an OR gate will produce a 1 if any of the inputs are 1 ( friend B ) * an AND gate will produce a 1 if both of the inputs are 1 ( friend A ) * a XOR gate will produce a 1 if only one but not all of the inputs is 1 ( friend C ) These circuits are connected to things called actuators , which produce the output of the circuit . In the above example , friend D is the actuator , since he produces the output ( either a jump or a crouch ) You can begin to see how this comes together in larger circuits ( hopefully ) . To give you a sense of how complicated these circuits can get , the CPU in your computer has millions of transistors . It has been a while since I studied this so some of this may be slightly wrong ."
wikipedia,d9ab7c53-a072-49c2-84e8-2a763a62b235,13.614029297811676,2.40759174403039,10.18066953655126,6.168302079534234,-2.580156176720269,-3.20072490979993,-1.2141977664335024,-4.019726526012702,-27.285093785977573,-22.73333555857878,-31.478433957774826,-30.36678761965947,−−−,-2.73333555857878,-11.478433957774826,-10.366787619659469,24.578557136013075,-27.285093785977573,-22.73333555857878,-31.478433957774826,-30.36678761965947,"The Portuguese football leagues are divided into divisions (divisões, singular – divisão). The top teams play in the Primeira Liga, named Liga NOS for sponsorship reasons. In each division, with rare exceptions, a team plays all other teams twice, once at home and once away. One can divide the competitions in professional and non-professional.
The Portuguese league and federation teams compete in Europe under UEFA, most notably in the UEFA Champions League, but also in the UEFA Cup, in the extinct Cup Winners' Cup and sometimes in the UEFA Intertoto Cup, European Super Cup and the extinct UEFA/Conmebol Intercontinental Cup (Toyota Cup). They can also compete in the FIFA Club World Cup, although until today no Portuguese team reached this recent competition. The teams also compete in a domestic cup competition each year, called Cup of Portugal (Taça de Portugal) and the winners play against the champions in the SuperCup Cândido de Oliveira.
Current hierarchical divisional breakdowns
Professional
Primeira Liga - First Division (18 teams)
Segunda Liga - Second Division (18 teams)
Non-professional
Campeonato de Portugal - Third Division (72 teams)
Portuguese District First Levels - Fourth Division
Portuguese District Second Levels - Fifth Division
Portuguese District Third Levels - Sixth Division
Portuguese District Fourth Levels - Seventh Division
Primeira Liga teams (2018–19 season)
Segunda Liga teams (2018–19 season)
Campeonato de Portugal teams (2018–19 season)
Serie A
Serie B
Serie C
Serie D
Notable extinct teams
Riopele
União de Lisboa
See also
Portuguese football competitions
Football in Portugal
Portuguese Footballer of the Year
Portugal
 
clubs
Football clubs
ru:Список футбольных клубов Португалии"
reddit_eli5,7909623e-7b67-404e-a060-7c5ef9896851,13.786384645737892,2.7492296501505025,9.3924641825208,6.286896073025584,-1.4793594620242008,-1.4231501708725016,-0.73242002976489,-3.2243686880466313,-25.88705085567396,-21.755129728285766,-21.755205588687456,-35.757913480239864,−−−,-1.755129728285766,-1.7552055886874562,-15.757913480239864,19.268248797213086,-25.88705085567396,-21.75512972828577,-21.755205588687456,-35.757913480239864,"* They * actually experience less time , from * your * point of view . The important thing to remember is that the speed of light ( in a vacuum ) is always the same . Now imagine a simple type of clock , a beam of light bouncing between to equally spaced mirrors . * * * * * | | * * * * * Since the speed of light is the same , the time it takes to go from the top to the bottom is the same each time , one tick of the clock . Now imagine this clock is moving : * * * * * * * * * * * * * * * -- > \ / \ / \ \ / \ / \ * * * * * * * * * * * * * * * Since light * always * moves at the same speed , and the diagonal lines are longer , it takes longer for light to go from the top to the bottom , it has longer ticks . But , what if you are moving at the same speed as the moving mirror ? Then , the light will look like it 's going straight up and down again , and since light * always * moves at the same speed , the ticks will be back to their original size ! So if I am on the ground with my own clock , watching you run with your clock , I will see that it takes longer for each tick on your clock compared to my clock . Since both clocks are working properly , I must conclude that time itself is moving slower for you . Now for the * really * confusing part . From your point of view , light on your clock is moving straight up and down , but the light on my clock has to go backwards diagonally , so you will similarly conclude that time is moving more slowly for me ! And we would both be right ! This is why it is called the theory of * relativity * , because the relative point of view you are talking about makes a * huge * difference ."
finance,c03a7af3-88c0-4128-83e0-5b77dac37331,12.820256101177868,2.4719745571584872,11.39539583487119,6.775731209606705,-1.2094442250878616,-4.408887375409508,-0.8337716498775714,-2.6272053920106107,-20.124427583939013,-27.238409397134223,-29.64605884987718,-22.058366055516437,−−−,-7.238409397134223,-9.646058849877178,-2.058366055516437,18.94283430252784,-20.124427583939013,-27.238409397134223,-29.64605884987718,-22.058366055516437,"An alternative to a savings account is a money market account.  Not a bank ""Money Market"" account which pays effectively the same silly rate as a savings account, but an actual Money Market investment account.  You can even write checks against some Money Market investment accounts. I have several accounts worth about 13,000 each.  Originally, my ""emergency fund"" was in a CD ladder.  I started experimenting with two different Money market investment accounts recently.  Here's my latest results: August returns on various accounts worth about $13k:  - Discover Bank CD:  $13.22  - Discover Bank CD:  $13.27  - Discover Bank CD:  $13.20  - Discover Savings:  $13.18  - Credit Union ""Money Market"" Savings account:  $1.80  - Fidelity Money Market Account (SPAXX):  $7.35  - Vanguard Money market Account (VMFXX):  $10.86 The actual account values are approximate.  The Fidelity Money Market Account holds the least value, and the Credit Union account by far the most. The result of the experiment is that as the CDs mature, I'll be moving out of Discover Bank into the Vanguard Money Market account. You can put your money into more traditional equities mutual fund.  The danger with them is the stock market may drop big the day before you want to make your withdrawl... and then you don't have the down payment for your house anymore.  But a well chosen mutual fund will yield better. There are 3 ways a mutual fund increase in value: Here's how three of my mutual funds did in the past month...  adjusted as if the accounts had started off to be worth about $13,000: Those must vary wildly month-to-month. By the way, if you look up the ticker symbols, VASGX is a Vanguard ""Fund of Funds"" -- it invests not 100% in the stock market, but 80% in the stock market and 20% in bonds.  VSMGX is a 60/40 split.  Interesting that VASGX grew less than VSMGX...but that assumes my spreadsheet is correct.  Most of my mutual funds pay dividends and capital gains once or twice a year.  I don't think any pay in August."
reddit_eli5,0e9f7235-828d-48f7-9418-3f446f0d56bc,12.179791604682917,2.7681097466530153,10.803202903778171,6.972288728910043,-0.7939668061397418,-3.029743211927478,-0.7135399332623771,-1.813629966789259,-17.807313182356012,-30.873376992310007,-21.217866240108847,-26.10881637146938,−−−,-10.873376992310007,-1.2178662401088474,-6.108816371469381,18.200059603888235,-17.807313182356012,-30.873376992310007,-21.217866240108847,-26.10881637146938,"All good answers here , but if you 're interested in a little history I can explain where the words came from . [ * * Cyborg * * ] ( URL_2 ) - short for "" Cybernetic Organism "" . Officially , cybernetics means "" the study of self - regulating systems "" , but it has informally come to mean "" computer stuff "" . Hence , cyborgs are organisms with electronic components . [ * * Android * * ] ( URL_3 ) - Comes from a greek root ἀνδρ , meaning "" man "" , combined with the suffix -oid , which means "" looks like "" . Thus , they are human - like creations . Technically , only male - like robots are androids . The female equivalent is "" gynoid "" . Bonus fact : The word "" droid "" originally came from a shortened form of "" android "" [ * * Robot * * ] ( URL_0 ) - comes from the word for "" slave labor "" in Chezk . The term was created by a writer who wrote one of the earliest stories about automatons , called [ * Rossum ’s Universal Robots * ] ( URL_1 ) . He was originally going to call them * laboři * , but decided he did not like the work and so asked his brother for suggestions . The robots in the story were not very similar to what we would call robots today , but the word was popularized and became the common term for any sort of automaton ."
