sub_source,id,крупный,мелкий,средний,общая,откл_общая,откл_крупный,откл_мелкий,откл_средний,pct_общая,pct_крупный,pct_мелкий,pct_средний,профиль,h_крупный,h_мелкий,h_средний,сила,integration,coherence,domains,novelty,literacy,template,punctuation,syntax_complexity,semantic_complexity,naturalness,why_integration,why_coherence,why_domains,why_novelty,why_literacy,why_template,why_punctuation,why_syntax_complexity,why_semantic_complexity,why_naturalness,ttr,hapax_share,word_entropy,trigram_repeat,adjacent_share,punct_variety,sent_len_cv,opening_uniformity,proper_noun_rate,mean_log_rank
reddit,9716a4ae-f4c3-4cfa-811b-aa515a4c8db9,19.024696272384485,3.645844964850588,15.365366306763509,8.866139261837823,0.4367272993750735,1.549908005891588,0.1886811326876829,0.7799618192791566,5.180993660291798,8.86939505220481,5.457685601484464,5.347550148152814,000,0.0,0.0,0.0,0.0,8.0,8.0,7.0,7.0,7.0,5.0,8.0,8.0,8.0,8.0,"The content words throughout the text, including scientific terminology like ""Genetic Drift"" and ""population,"" fit their contexts precise and accurately.",The prose logically transitions from explaining evolutionary concepts like the founder effect to concrete examples and finally to a related concept on facial attractiveness.,"The passage primarily addresses population genetics and evolutionary biology, bringing in related concepts from human aesthetics and psychology.","Each paragraph and sentence adds new information, moving from abstract principles to specific historical examples and related psychological phenomena.","The text is clear and readable with only minor colloquialisms like ""about died off"" or ""noise shape"" (a likely typo for nose shape).","The text is written as standard informative prose without a repeating frame, structural templates, or rigid lists.","Punctuation is accurate and effective throughout, including proper handling of parentheses, commas, and embedded URLs.","The passage uses varied sentence constructions with multiple subordinate clauses, conditional frames, and parenthetical insertions.",The text presents a multi-layered scientific explanation that requires tracking abstract genetic concepts alongside concrete statistics and evolutionary outcomes.,"The text reads naturally as an informative, well-written online educational post or forum explanation.",0.5283582089552239,0.6892655367231638,4.783056919923512,0.024024024024024024,0.33544303797468356,7,0.4010606277549099,0.07142857142857142,0.061946902654867256,4.842618829510198
cnn,b1217276-7bc0-4410-b466-8118c7036ee5,17.736389726195906,3.181310398201581,15.606150302160994,8.474157888999995,-0.0392481199041299,0.2749086454064908,-0.2164041092339403,0.7814302783749305,-0.4610154838507703,1.574371865333559,-6.369108080162827,5.271130092987498,000,0.0,-0.0,0.0,0.0,8.0,8.0,6.0,7.0,7.0,5.0,8.0,7.0,5.0,8.0,"Every sports-related content word is chosen with precision, matching standard football journalism context appropriate for Serie A preview articles.","The text flows seamlessly through a comprehensive preview of an upcoming football match, setting up both teams' current forms, player updates, and quotes.","The passage remains closely focused on a single topic, covering Italian Serie A football with background details on team standings and player availability.","Each paragraph steadily introduces distinct elements including team streaks, player quotes, tactical news, and injury updates without repetitive looping.","The text consists of clear, grammatically sound prose suitable for sports publication, with only a minor caption error where it states Udinese were beaten by Udinese.","The piece follows a conventional continuous online news article format with embedded photo captions, but lacks a strict repeating tabular or list structure.",All sentence boundaries are correctly punctuated and quotation marks for managerial and player statements are accurately positioned.,"The writing displays standard journalistic sentence variety, using participial phrases, introductory sub-clauses, and direct quotes smoothly.","The content involves straightforward factual reportage of football statistics, player availability, and match expectations requiring minimal abstract reasoning.","It is an authentic, well-crafted online sports news article featuring typical captions, quotes, and pre-match analytical detail.",0.5392156862745098,0.7,5.040587570950076,0.027093596059113302,0.2074468085106383,6,0.41567660224253966,0.09523809523809523,0.16953316953316952,5.423158804168243
wp,bb048a1e-39f8-4c80-9db0-70176b1cc508,15.335442880273446,3.998844709914895,14.2347727454277,8.867963966047954,0.0346303248385897,-0.9429447637612024,0.1446998413907834,-0.4202106171040505,0.3920413996028857,-5.792617698883419,3.754395496975548,-2.8673564937535208,000,-0.0,0.0,-0.0,0.0,8.0,8.0,7.0,7.0,8.0,5.0,8.0,7.0,6.0,8.0,"The content words fit the supernatural bureaucratic premise perfectly, using precise terminology like ""Reapers,"" ""Chief Executive,"" and historical references appropriately.",The text flows seamlessly from a general description of the break-room setting to specific character interactions and then to a focused encounter with the oldest Reaper.,"The narrative touches on office life, immortality, historical eras like the Aztec Empire and ancient Rome, and mechanics of language translation.","Each sentence introduces new details about the environment, the background of different Reapers, or the mechanics of their universe without repetitive restatement.","The prose is fully clear and well-written, with only minor capitalization inconsistencies like ""Time and Space"" or ""Language"".",The text is standard continuous narrative prose organized around paragraphs with no explicit or repeating framework.,"Punctuation is generally accurate throughout, with proper use of quotation marks and commas despite minor spacing quirks around quotes.","Sentences feature varied structures, combining conversational main clauses with subordinate and relative clauses describing complex conditions.","The text requires tracking a multi-layered fantasy premise involving timelessness, world history, and divine bureaucracy.","It reads like a polished, engaging piece of modern urban fantasy fiction written for a real readership.",0.41954590325765057,0.6658823529411765,5.3991144137265,0.02274975272007913,0.23639455782312926,7,0.729230832671937,0.05747126436781609,0.14474929044465468,4.600266690666288
eli5,37e384a6-d2b8-444e-ac7f-d4288c173442,17.68313885148044,3.634055498172627,13.928470536325833,8.260334869533715,-0.4795760424637958,-0.908661097025398,-0.0362684975799476,-1.3021018751194529,-5.487196005687757,-4.887429401898357,-0.988155204333972,-8.549264203234838,000,-0.0,-0.0,-0.0,0.0,8.0,6.0,5.0,7.0,7.0,5.0,7.0,7.0,6.0,8.0,"Every content word fits the context of Paralympic sports, cycling, and disability classifications appropriately.","The text consists of three quoted passages that all directly discuss Paralympic classification systems, though the transitions between quotes are slightly abrupt.",The text focuses strictly on the single topic of Paralympic sports and disability classification systems.,"Each section introduces distinct aspects of the classification issue, from combined races to mechanical advantages and official evaluation methods.","The writing is clear and well-formed, despite minor informalities like missing apostrophes (""arent"") and slight typos (""sometime"").",The text is standard prose formatted as a sequence of three quoted forum or Q&A responses.,"Punctuation is generally accurate throughout, with minor errors like a missing apostrophe in ""arent"" and awkward quotation mark placement between sections.","Sentences feature moderate variety and embedding, including relative clauses and conditional structures.","The text presents a thoughtful explanation of fairness, physiological advantages, and administrative rules in adaptive sports.",The text reads naturally as authentic online forum answers or explanations written by knowledgeable users.,0.5288135593220339,0.6858974358974359,4.715795467543625,0.023890784982935155,0.2733812949640288,4,0.28138935891083583,0.09090909090909091,0.04421768707482993,4.839309013695972
reddit_eli5,d4ed2f9b-b512-4edc-a7e8-e9c0c74c7338,16.446632764737238,3.664252120852558,11.826169331049234,7.334547159318063,-0.4317083757317217,1.237097948126845,0.1826024409371656,-0.7906635395181958,-5.55877119653589,8.133700096966841,5.244710344942086,-6.266735460708663,000,0.0,0.0,-0.0,0.0,8.0,8.0,5.0,7.0,7.0,6.0,7.0,7.0,7.0,8.0,"The content words are chosen with precise computer science terminology such as ""register,"" ""assembler,"" ""cross-compile,"" and ""binary voltage signals.""",The text presents a logical step-by-step progression explaining how programming languages are built up from low-level binary commands to high-level compilers.,"The text stays strictly within the domain of computer science, specifically low-level programming architecture and compiler design.","Each sequential step introduces a new layer of abstraction in computer programming, moving systematically from binary to assembly to high-level compilers.","The prose is clear and fully functional, featuring only minor informalities like spaced-out punctuation tokens typical of transcribed or scraped web text.","The text uses explicit structural markers like ""Step 1"" and ""Step 2"" embedded within standard explanatory prose.","Punctuation marks are placed appropriately to set off parenthetical details, code examples, and technical clarification, despite artificial spaces around them.","The sentences feature varied lengths and moderate structural embedding, including parenthetical explanations, conditional structures, and relative clauses.",The text explains abstract conceptual abstractions of computer engineering and layered compilation logic requiring sustained mental tracking from the reader.,"The writing perfectly captures the authentic, informal explanatory tone of a knowledgeable user answering a technical question online.",0.474025974025974,0.6027397260273972,4.636190340119687,0.06209150326797386,0.24074074074074073,12,0.7058432267759953,0.1111111111111111,0.06038647342995169,4.783680073091474
finance,cb200654-cc49-4c42-b70f-b030e61fb33c,17.213362186278417,3.2056137210937092,12.907789240009222,7.331504439122884,-0.6536709955716828,-0.0157812903089578,-0.1001324859423493,-1.114811986872578,-8.18605678632389,-0.0915964878370358,-3.029043358780057,-7.95010832038385,000,-0.0,-0.0,-0.0,0.0,8.0,6.0,6.0,7.0,7.0,5.0,7.0,7.0,7.0,7.0,The text consists of well-chosen financial and trading terminology that precisely fits the context of stock market indicators and supply/demand dynamics.,"The passage begins as an informative financial definition but shifts into a direct conversational argument mid-way through, trailing off mid-sentence at the very end.","The content focuses primarily on stock market trading and overbought/oversold dynamics, bringing in a brief analogy about airline ticket overbooking.","The text steadily introduces new technical indicators, conceptual explanations, market scenarios, and personal arguments without repetitive loops.","The prose is grammatically sound and clear throughout, though it abruptly cuts off mid-sentence at the very end.","The text is written in standard continuous prose without any explicit subheadings, bullet points, or repeating phrasal frames.","Sentence boundaries and quotation marks are used correctly throughout, with only the missing final terminal punctuation due to the truncation.","Sentences feature varied structures, including complex relative clauses, conditional statements, and compound constructions.","The text requires the reader to track abstract financial concepts, market dynamics, and underlying supply and demand theory.","The text feels like genuine online writing where an excerpt from an educational source is copied before transitioning into an informal forum debate, despite the abrupt truncation at the end.",0.4346793349168646,0.6284153005464481,4.713624989181589,0.01909307875894988,0.27310924369747897,5,0.5318437776088878,0.11764705882352941,0.0498812351543943,4.437147395138256
cmv,7e4282bd-2f0e-4428-8238-67cc3d122485,21.097508860490297,3.9283292727389822,16.157698099918104,8.971216451140752,-0.1345453546211672,1.0832940544426002,0.304763895513382,-0.2036884500495475,-1.477584824764799,5.412623302690171,8.41060844186356,-1.2449339145400866,000,0.0,0.0,-0.0,0.0,8.0,8.0,6.0,7.0,8.0,5.0,8.0,7.0,6.0,8.0,"The content words are chosen with precise, natural vocabulary like ""inhibit,"" ""revelation,"" ""exuberant,"" and ""compromised"" that perfectly fit the informal personal essay topic.","The text forms a single, continuous narrative and argument that moves smoothly from personal experience with cannabis to a detailed case against dreaming.","The writing stays focused on the singular topic of cannabis use, REM sleep, and the psychological impact of dreaming.","The author consistently introduces new observations, categorizations of dream types, and personal reflections across the paragraph without repeating points.","The text features clean, standard English with strong colloquial expressions and no mechanical errors or broken phrasing.",The passage is written as continuous informal prose structured conventionally around an introduced premise and subsequent supporting points.,"Punctuation is used correctly throughout, accurately handling ellipses, parenthetical statements, apostrophes, and standard sentence boundaries.","Sentences feature a well-balanced variety of compound structures, conditional clauses, and multi-clause descriptions.","The argument requires tracking abstract evaluations of subjective experiences and psychological states, though it remains straightforwardly accessible.","The text is a completely authentic sample of casual online forum writing, capturing natural voice, phrasing, and thematic focus perfectly.",0.5432692307692307,0.7345132743362832,5.025591685230944,0.014492753623188406,0.1736842105263158,7,0.642632528485786,0.09090909090909091,0.08958837772397095,4.824550598392863
reddit,f2a2007b-51d1-456e-8751-7048f9cf89c6,16.74093636007163,3.4603481964338836,14.579692854837678,8.188437226369562,-0.2409747360931877,-0.7338519064212683,0.0031843642709787,-0.0057116326466744,-2.858737206892712,-4.199489545909953,0.0921091514771099,-0.0391599194357312,000,-0.0,0.0,-0.0,0.0,8.0,8.0,5.0,7.0,6.0,5.0,6.0,7.0,7.0,7.0,"The content words fit the topic of sleep architecture precisely, using accurate terminology such as ""alertness,"" ""external stimuli,"" and ""micro-awakenings.""",The text opens with an overview of sleep cycles and systematically advances to explain how disruptions at different stages affect morning rest.,The passage stays focused entirely on the single subject of sleep physiology and cycle disruptions.,"Each sentence logically adds new information, moving from stage definitions to cycle durations, the mechanics of awakenings, and the specific impact of losing REM sleep.","The prose is clear and fully readable, though it contains minor typographical errors like ""finnaly,"" ""folows,"" ""reiniciate,"" and ""woudl.""",The passage is written as continuous explanatory prose without any rigid structural frames or repeating templates.,"Sentence boundaries are generally clear, though a period is missing after ""REM Sleep"" in the second sentence and parenthetical spacing is occasionally informal.","Sentences feature varied structures with conditional clauses, participial phrases, and parenthetical interruptions.",The text requires the reader to understand and track a multi-stage process and the cumulative physiological consequences of interrupting it at specific points.,"The writing reads naturally as an informative science explanation written by a person, despite a few minor spelling errors.",0.5444015444015444,0.723404255319149,4.573767974053146,0.03501945525291829,0.2542372881355932,9,0.5427873656027868,0.1111111111111111,0.07518796992481203,4.868387151171112
wp,9a6aa2d2-67a3-41f9-973b-ce54888ca9cd,16.94072108922633,4.057337458947326,14.485778557225638,8.932352548479516,0.0990189072701515,0.6623334451916811,0.2031925904232143,-0.1692048053061139,1.120968722478764,4.068790224653476,5.272053785072796,-1.1545888597780205,000,0.0,0.0,-0.0,0.0,8.0,8.0,5.0,7.0,7.0,5.0,7.0,7.0,5.0,8.0,"The narrative uses specific and vivid vocabulary tailored to a sci-fi awakening sequence, such as ""stasis,"" ""fluid,"" ""expulsion,"" and ""chamber.""","The passage maintains a continuous, step-by-step narrative arc that follows a character waking up from a stasis pod and discovering a horrifying anomaly about their heart.",The story remains entirely focused on sci-fi survival and personal body horror within a single chamber setting.,"Each sentence advances the plot chronologically, introducing new physical actions, sensations, and realization of the artificial heart.","The prose is fully clear and readable, though it contains minor grammatical oversights such as ""it's"" instead of ""its"" and a missing noun in ""women"" instead of ""woman.""",The text is written as standard narrative fiction without explicit structural repetition or formal framing devices.,"Punctuation is generally accurate and supports the sentence structure, though a couple of commas are missing in compound or introductory clauses.","The text employs a healthy mix of compound and complex sentences alongside short, impactful simple sentences for dramatic effect.","The narrative centers on a straightforward sequence of physical events and immediate reactions, requiring light inference from the reader.",The text reads like a natural and well-crafted passage of first-person science fiction prose.,0.4421768707482993,0.6676923076923077,5.150632836400547,0.05184174624829468,0.25365853658536586,6,0.604553916807287,0.04225352112676056,0.12092391304347826,4.96609795160361
arxiv,7876816d-0ac2-4404-b2bf-deeaa0b7ea1d,19.47134098818731,2.848319920953645,15.181112214248236,7.918254876638749,0.0359956713625537,0.6738920706103144,-0.2827642625535276,1.092278161132672,0.4566669329836188,3.5850187627331485,-9.030873843730362,7.7527931482103645,000,0.0,-0.0,0.0,0.0,9.0,8.0,7.0,7.0,8.0,5.0,8.0,7.0,8.0,8.0,Every technical and scientific content word fits the astronomical context perfectly with exact domain-specific terminology throughout.,"The text forms a logical and continuous academic abstract, moving seamlessly from the scientific background and goal to methods, results, and conclusions.","The text stays strictly within the focused domain of astrophysics, specifically examining interstellar medium cooling and star formation in galaxies.","Each sentence advances the abstract by introducing specific context, methodological details, empirical observations, and quantitative comparisons.","The writing is standard, high-quality scientific English, with minor raw LaTeX formatting artifacts like ""M~31"" and ""H\alpha"".","The text follows the standard, implicit structural convention of an academic journal abstract without using explicit structural templates or bulleted fields.","Punctuation correctly serves sentence structures and numeric/scientific notation throughout, aside from minor raw markup artifacts.","Sentences feature varied structures with subordinate clauses, comparative constructions, and dense prepositional phrases.",The text presents a dense scientific argument requiring the reader to evaluate multi-variable quantitative relations and astrophysical models.,"It is an entirely natural, authentic academic abstract written for astrophysics literature.",0.5081967213114754,0.7290322580645161,4.490335698005417,0.1188118811881188,0.4,9,0.4604758793755836,0.25,0.1188118811881188,4.803724913764672
arxiv,59405ff5-19e0-4343-b3bb-91cb2d673491,17.96569749657438,3.3000008509858594,13.316052357714604,7.8593957383506,-0.0228634669255951,-0.8317514210026182,0.1689166674786868,-0.7727816954009583,-0.2900623581408094,-4.424810114658003,5.39482995597649,-5.4850649279247445,000,-0.0,0.0,-0.0,0.0,8.0,8.0,6.0,7.0,9.0,5.0,9.0,8.0,8.0,9.0,"The text utilizes precise astrophysical terminology such as ""specific star formation rates,"" ""cosmological hydrodynamic simulations,"" and ""halo mass"" with natural precision.","The passage systematically advances a logical scientific argument, moving from foundational observations to simulation mechanisms and specific sub-phenomena like satellite quenching.","The content remains tightly focused on a single topic in astrophysics, specifically galaxy formation and quenching mechanisms within gas halos.","Each sentence introduces new details, observational trends, or theoretical mechanisms that build upon the preceding context without rephrasing old points.","The prose is clean, well-formed, and completely free of mechanical or grammatical errors.",The passage follows the standard continuous prose format of a scientific academic abstract without using repetitive phrasal frames or explicitly structured templates.,"Punctuation is used correctly throughout, accurately handling parentheses, mathematical expressions, hyphenation, and complex clause structures.","Sentences feature complex grammatical structures with nested parenthetical explanations, dependent clauses, and varied phrasing.","The text presents a dense, highly technical scientific argument that requires the reader to track abstract astrophysics concepts across paragraphs.",The text is an exceptionally natural and authentic example of an academic abstract written for an astrophysics journal.,0.46715328467153283,0.5859375,4.510771138932601,0.03676470588235294,0.2602739726027397,10,0.585093762122386,0.08333333333333333,0.04693140794223827,5.425965227739796
reddit_eli5,7c818375-a991-4a9c-b8fe-18d887301ae1,14.743272227912406,3.5016737370951483,11.540839927759327,7.3876236178390755,-0.3786319172107095,-0.4662625886979867,0.0200240571797558,-1.075992942808103,-4.8753471412563085,-3.065594012703002,0.575131303280417,-8.528233304240569,000,-0.0,0.0,-0.0,0.0,8.0,8.0,7.0,7.0,7.0,5.0,7.0,7.0,6.0,8.0,"Every content word, such as ""disassociated,"" ""sufferers,"" and ""insights,"" fits the context of discussing Dissociative Identity Disorder accurately and naturally.","The text forms a continuous, logical explanation that starts with defining main and sub-personalities and progresses through an illustrative forum story.","The text stays focused entirely on a single topic, examining the dynamics and real-world examples of Dissociative Identity Disorder.","The passage continually introduces new concepts, transitioning from personal context to psychological definitions, analogies, and a specific anecdote.","The prose is fully intelligible, clean, and grammatically sound, with only minor informal spacing artifacts around punctuation marks.","The text is written as continuous informal prose without any rigid repeating frames, structured logically as an online forum explanation.","Punctuation marks are placed appropriately to set off clauses and quotes, though there are occasional loose spaces before punctuation.","Sentences feature moderate complexity with varied structures, including conditional statements, embedded clauses, and parenthetical insertions.","The text explains complex psychological concepts through accessible analogies and real-world examples, requiring the reader to process abstract ideas about identity.","The passage reads naturally as an authentic, empathetic post written by an knowledgeable user on an online discussion forum.",0.44542772861356933,0.5894039735099338,4.612491577414441,0.03560830860534125,0.3723404255319149,7,0.46890225557266496,0.08695652173913043,0.07653061224489796,4.307410511614643
wp,63b83ddb-e489-4733-aad5-e6aca153384d,16.221978139923365,3.623551019437421,13.499324371315064,8.091219387507076,-0.7421142537022885,-0.0564095041112828,-0.230593849086691,-1.155658991216688,-8.401293145321365,-0.3465300455107089,-5.9830093821821775,-7.885774842783853,000,-0.0,-0.0,-0.0,0.0,8.0,8.0,6.0,7.0,8.0,5.0,8.0,7.0,6.0,8.0,"The content words precisely build a horrifying, uncanny narrative by juxtaposing affectionate pet vocabulary with grotesque descriptors.",The narrative advances logically and smoothly from a present moment of holding a pet to a realization of what that pet actually is.,The text stays within a single creative writing scene focused on a protagonist's delusional bond with a strange creature.,Each sentence reveals increasingly unsettling details about the creature and the protagonist's past actions.,"The prose is well-formed, fluent, and highly effective, with only a minor stray comma before ""cats"".",The text is written as standard continuous narrative fiction without any rigid framing structure.,"The text uses standard punctuation effectively, including ellipses to convey the narrator's trailing thought at the end.","The text features varied sentence structures with multi-clause sentences, subordinate clauses, and cumulative lists.","The content relies on psychological subtext and unreliable narration, requiring the reader to infer the reality behind the narrator's delusions.",It is an accomplished piece of flash horror/fiction written entirely as a natural human-authored story.,0.5217391304347826,0.6923076923076923,4.696546347254728,0.06397306397306397,0.3916083916083916,5,0.7510055599832975,0.125,0.07692307692307693,5.258418821781463
eli5,9b79aafd-f539-4241-9059-cd203310541a,20.300447907708453,3.794134960878895,14.995219236573424,8.704567041912167,-0.0353438700853434,1.7086479592026151,0.1238109651263199,-0.2353531748718627,-0.404396228305096,9.190331027308272,3.3732979777697625,-1.5452680865428312,000,0.0,0.0,-0.0,0.0,9.0,7.0,6.0,7.0,7.0,5.0,8.0,8.0,7.0,8.0,The content words are chosen with extreme precision and fit the subject of urban planning and history naturally throughout.,"The text forms a continuous, logical narrative explaining urban layout evolution from small villages to fortified cities, though it cuts off mid-sentence at the end.","The text stays focused on urban planning, geography, and the historical growth of city roads and defenses.","Each sentence advances the historical timeline or adds relevant detail about geography, defensive walls, and infrastructure.","The writing is clear and well-formed, suffering only from a rogue comma before the second paragraph and an abrupt cut-off at the very end.",The text is written as standard continuous explanatory prose without a rigid formatting template or repeating phrase structure.,"Sentences and parenthetical inserts are correctly punctuated, with only a minor comma glitch joining the paragraphs.","The text features varied sentence structures with frequent subordination, relative clauses, and multi-clause sequences.","The text presents a multi-stage historical explanation requiring the reader to connect geographic constraints, urban expansion, and military defense concepts.","The prose reads like an expert, engaging response on an online Q&A platform or educational forum.",0.43711340206185567,0.6179245283018868,4.820861145835685,0.07246376811594203,0.23443223443223443,10,0.4946977664592265,0.08695652173913043,0.055327868852459015,4.627351454737701
reddit,ad334fd5-5f5b-4364-96ec-836b6f4955b9,17.417277221078425,3.5627754445940942,14.743645064847923,8.43197813240533,0.0025661699425807,-0.057511045414472,0.1056116124311894,0.1582405773635731,0.0304430481510243,-0.3291086823910011,3.054862816990529,1.0849241616806486,000,-0.0,0.0,0.0,0.0,8.0,8.0,7.0,7.0,8.0,5.0,8.0,7.0,7.0,8.0,The content words are chosen with precise scientific accuracy to explain stellar nucleosynthesis and evolution.,"The text forms a seamless, step-by-step narrative detailing the life cycle and eventual death of a star.",The passage remains strictly focused on astrophysics and the life cycle of stars throughout.,"Each sentence advances the chronological process of stellar fusion, collapse, and remnant formation without redundant restatement.","The text is written in clean, engaging, popular-science prose with only minor conversational abbreviations like ""cept"".",The text is formatted as standard continuous explanatory prose arranged in a single coherent paragraph.,"Commas, parentheses, and quotation marks are all used correctly to guide the reader through complex sentence structures.","Sentences feature varied structures, compound-complex arrangements, and nested parenthetical clauses.","The content explains multi-stage physics concepts, requiring the reader to maintain an understanding of forces balancing over time.",The writing perfectly captures the tone of an expert explaining physics in an accessible informal educational format.,0.5141388174807198,0.64,4.9106707217459356,0.031007751937984496,0.2804232804232804,8,0.4312550321767594,0.125,0.0390625,4.9797728186601065
peerread,81f2c169-5f6a-4586-b8d1-028157ec7d2d,18.65132284321051,3.1594216241638864,15.806888235039386,8.460429690850361,-0.3501571446938012,-1.0315313396624504,-0.2190660737180931,-0.3533648729350691,-3.974277210244131,-5.2407609693112365,-6.4841459643446,-2.186629569314712,000,-0.0,-0.0,-0.0,0.0,8.0,8.0,5.0,7.0,7.0,5.0,8.0,8.0,8.0,8.0,The content words are precisely chosen technical terms appropriate for a peer review of a deep learning paper.,The text flows logically from explaining the paper's core insight to evaluating its experimental results and suggesting future directions.,The passage remains focused strictly within the domain of machine learning and deep neural networks.,"Each sentence introduces specific critiques, insights, or experimental observations that build continuously upon the previous thought.","The text consists of clear, grammatically sound, and professional academic prose with only a minor incomplete clause near the middle (""and different."").",The review is written in standard continuous prose typical of an academic peer review.,"Punctuation is used correctly throughout, including appropriate use of parenthetical remarks and quotation marks.","Sentences feature complex structures with multiple subordinate and relative clauses, such as conditional statements and embedded explanations.","The text requires the reader to track abstract neural network concepts, minibatch mechanics, and trade-offs in parameter capacity.","The passage reads as an authentic, expert-level peer review written for a machine learning conference.",0.511002444987775,0.7368421052631579,4.85072988173753,0.05896805896805897,0.285,6,0.337752900816196,0.05,0.054187192118226604,4.7546634759274395
cnn,6a5398dd-ed2a-462e-ba4e-8909ada194d6,17.870996289695565,3.368955562084913,15.052944878937888,8.475029817151682,-0.0383761917524427,0.40951520890615,-0.0287589453506083,0.228224855151824,-0.4507736587718867,2.3452489912593157,-0.8464203006954392,1.539488467813492,000,0.0,-0.0,0.0,0.0,8.0,5.0,6.0,5.0,6.0,5.0,6.0,7.0,5.0,7.0,"The content words fit the topic of airline pet tracking accurately, though there are a few minor typos like ""theWestminster"".","The text covers the new GPS tracking service and past pet incidents, but repeats the incident involving the Westminster Dog Show show dogs multiple times, causing it to circle back on itself.","The text remains focused on the single subject of Delta Air Lines' pet transport policies, tracking technology, and safety record.","New information about the tracking device features and historical pet fatality statistics is introduced, though details about the Westminster Dog Show incident are repeated.","The prose is mostly clear and grammatically sound, but suffers from missing spaces in words like ""reportedthat"", ""givena"", and ""theWestminster"", as well as spacing before periods.",The text is written as standard continuous journalism prose without any recurring structural template or bulleted list.,"Sentences and clauses are punctuated correctly, though spaces are misplaced around several period marks and currency symbols are missing before numbers like ""50 per flight"".","The writing features standard journalistic syntax with complex structures, including relative clauses, temporal modifiers, and varied subordination.",The text presents straightforward factual reporting about a company service and historical events with minimal abstract argument.,"Despite minor spacing artifacts from text extraction, it reads like a standard human-written online news article.",0.5121951219512195,0.6825396825396826,4.8395306146024435,0.07084468664850137,0.25555555555555554,4,0.4116686920430188,0.0625,0.1266490765171504,5.047163192001577
imdb,fedf3b3b-fd89-4a69-bc59-0ff4e485de6a,18.63929613538188,4.0159763892383635,17.44098083692836,9.90398401607758,0.3613714451650693,-0.1424246117017347,0.1478216665806742,0.6526965392989901,3.786923575484877,-0.7583150320443887,3.8215034604176976,3.887809663737679,000,-0.0,0.0,0.0,0.0,8.0,7.0,7.0,7.0,7.0,6.0,7.0,7.0,6.0,8.0,"The content words fit the informal context of a film review precisely, with specific references to character behaviors and film techniques.","The text moves logically from an overall reaction to specific character moments, concluding with related film recommendations.","The passage remains focused on cinema, moving from a single film review to broader Asian independent films and romantic cinema.","The author continuously introduces new observations about character interactions, personal expectations, and specific movie recommendations.","The text displays minor informal web prose traits like ""esp"" and ""misunderstood,"" but the sentences remain fluent and clear throughout.","The review follows standard continuous prose until ending with a brief, informal bulleted list of movie recommendations.","Punctuation is used appropriately for an informal blog post, though it relies heavily on ellipses and parenthetical remarks.","Sentences feature varied subordination and structure, including parenthetical thoughts and relative clauses, balancing brief thoughts with longer commentary.","The writer reflects on emotional subtlety, personal expectations, and themes of loneliness across several art-house films.","The text reads exactly like an authentic, highly natural informal online film review or blog post.",0.6482758620689655,0.7872340425531915,4.970265564864869,0.020833333333333332,0.2647058823529412,9,0.7580118842484457,0.08333333333333333,0.09830508474576272,5.065970636977223
wiki_csai,e130f5c3-2826-491d-9aae-61139e0f2286,17.09740970110716,3.3241620994664487,14.798383927796328,8.503085311557998,0.5781167040605464,-1.5314693999239992,0.0961543412893752,0.9205148758674362,7.294876897223499,-8.220942288681385,2.978751864700466,6.63296989201302,000,-0.0,0.0,0.0,0.0,9.0,8.0,6.0,7.0,9.0,5.0,9.0,8.0,7.0,9.0,"Every technical term, place name, and date is precisely chosen and fits its context perfectly.","The passage follows a logical overview of the Curiosity mission, moving smoothly from its launch and landing to its mission goals, operational history, awards, and legacy.",The text remains focused on the single subject of space exploration and planetary science surrounding the Curiosity rover.,"Each sentence introduces new factual material, such as specific landing metrics, core scientific goals, mission extensions, status updates, and awards.","The text is composed of highly clean, professional, and well-formed English, typical of an encyclopedia entry.","The passage is formatted as standard continuous informational prose, following conventional lead-paragraph structuring.","Punctuation marks, including parentheses, commas, quotes, and bracketed citation numbers, are used correctly throughout.","The text features complex sentence structures with nested prepositional phrases, parenthetical technical metrics, and compound-complex clauses.","The content presents dense factual information requiring the reader to process technical parameters, scientific objectives, and historical timelines.","The text reads exactly like an authentic, high-quality Wikipedia article or reference summary.",0.588,0.7482993197278912,4.628228936843109,0.04032258064516129,0.3106796116504854,12,0.5211625445734314,0.14285714285714285,0.21189591078066913,5.771681481365709
eli5,cd659587-5309-407e-a2f7-f02f478438d7,19.48296834377545,3.824093897016727,14.85190455920836,8.554449741406577,-0.1854611705909334,0.891168395269613,0.1537699012641527,-0.3786678522369264,-2.1220029867392123,4.793341138232467,4.189545703379322,-2.486235198569214,000,0.0,0.0,-0.0,0.0,7.0,7.0,5.0,7.0,6.0,5.0,7.0,7.0,6.0,7.0,"The content words fit their context well and correctly use domain-specific technical terminology like ""compiler,"" ""mnemonic,"" and ""machine code.""",The text consists of a concatenated sequence of clear forum responses explaining how compilers and programming tools are built.,"The text stays focused entirely on computer programming tools, compilers, and how software development environments function.","Each section introduces distinct aspects of programming tools, moving from IDEs to compilers to historical machine code and instruction mnemonics.","The writing is generally clean with a few minor spelling errors like ""Developper,"" ""inhently,"" and ""unconfortable,"" along with some artifacts from raw text formatting like stray punctuation.",The text is standard continuous prose structured around heading-like intro sentences and conversational paragraphs.,"Sentence boundaries are clearly marked and commas are used correctly, though there are slight artifact characters like trailing quote marks.","The prose uses a moderate mix of subordinate clauses, parenthetical remarks, and varied compound sentence structures.",The passage explains conceptual computer science topics like translation from mnemonics to machine code and self-hosting compilers in an accessible manner.,"The text reads as a genuine human-written response from an online Q&A platform like Reddit or Stack Overflow, albeit with slight artifacts from data extraction.",0.5159010600706714,0.6575342465753424,4.626331611092333,0.021352313167259787,0.34306569343065696,7,0.6059862933723023,0.13333333333333333,0.09642857142857143,4.603991637167345
cnn,ef706ee3-61d9-4296-8c6b-e5b146cdb3f8,18.623029848418373,3.1240317517215352,15.708523912226983,8.571192161927593,0.0577861530234677,1.1615487676289575,-0.273682755713986,0.8838038884409212,0.6787665590367659,6.652063260010961,-8.054907353606716,5.961690251302338,000,0.0,-0.0,0.0,0.0,8.0,7.0,7.0,6.0,7.0,5.0,8.0,8.0,7.0,7.0,The content words are chosen with extreme precision and fit the specific domain of military news reporting throughout the text.,"The text reads as a connected news report, though it cuts off abruptly mid-sentence at the very end.",The text stays focused on a single news event concerning the reprimand of an Air Force general over comments about A-10 aircraft retirement.,"The text systematically introduces distinct details, such as congressional reaction, budget constraints, and specific investigation findings, though some information about the A-10 is slightly repeated.","The text is composed of clear, well-formed news prose, marred only by an incomplete final sentence.","The text follows standard continuous journalistic prose, with a brief headline-like prefix at the very start.","Punctuation is used correctly according to standard news style conventions, including appropriate use of quotation marks and commas.","Sentences feature complex structures with multiple relative clauses, subordinate clauses, and embedded appositives.","The text requires the reader to follow political-military dynamics, regulatory boundaries regarding communication with Congress, and military budget trade-offs.","Aside from a truncated trailing sentence and a slight formatting quirk at the start, this is a fully natural, professional news article.",0.4487704918032787,0.589041095890411,4.87735480161036,0.28600823045267487,0.21189591078066913,5,0.35489586298112785,0.0625,0.18012422360248448,5.043698520146818
wiki_csai,203e204e-a867-4d1d-97e8-bdd789e6fc2b,17.230188021302016,3.0161574117747376,14.724702791647433,8.149128914417236,0.224160306919785,-1.3986910797291436,-0.2118503464023358,0.846833739718539,2.828532427342579,-7.508187004400722,-6.562882194619394,6.102044460499063,000,-0.0,-0.0,0.0,0.0,8.0,8.0,7.0,7.0,9.0,5.0,8.0,7.0,6.0,8.0,"Every technical term and content word, such as ""computational linguistics"", ""speech synthesis"", and ""deep learning"", fits its context precisely.","The text moves logically from a formal definition of speech recognition to system types, practical applications, speaker identification, and technological history.","The text remains focused on the single field of speech recognition while examining related subtopics like hardware applications, linguistics, security, and machine learning history.","Each sentence systematically introduces distinct technical concepts, sub-definitions, concrete use cases, or historical developments.","The passage consists of clean, standard, and publishable informative prose without grammatical errors or structural defects.",The text follows standard continuous prose structure typical of a reference or encyclopedia article without repeating frames or structural lists.,"All commas, quotation marks, parentheses, and period boundaries are correctly placed according to standard prose conventions.","The text features a variety of sentence constructions, including multi-clause compound-complex sentences with relative clauses and inline parenthetical examples.","The material presents clear technical descriptions and functional distinctions, requiring standard focus on academic and computational definitions without deep philosophical abstraction.","The passage reads naturally as a well-written, informative Wikipedia-style overview of a technical topic.",0.5362318840579711,0.7405405405405405,4.810071883228351,0.029154518950437316,0.38125,7,0.5447658964487548,0.1111111111111111,0.03880597014925373,5.307722165330876
cnn,f2d89e19-8384-459d-b1de-b0a6f7f4de93,18.406221382010926,3.39247133044425,13.879889793016993,8.020999670420888,-0.4924063384832369,0.9447403012215112,-0.0052431769912706,-0.9448302307690728,-5.783893520034541,5.410424790717698,-0.1543148189701333,-6.3733428304420165,000,0.0,-0.0,-0.0,0.0,8.0,8.0,6.0,7.0,9.0,5.0,9.0,7.0,6.0,9.0,Every content word fits precisely within the context of news reporting on a medical update.,"The text forms a continuous, clear news report detailing the medical condition of Bobbi Kristina Brown and contrasting statements from different family members.","The article remains focused on a single topic, covering the medical updates, family responses, and legal statements surrounding one public figure.","The text steadily introduces new facts, statements from different individuals, and clarification details as it moves forward.","The writing is fully well-formed, clean, and grammatically correct throughout.","The text follows a standard news report structure featuring direct quotes, source attribution, and background context.","All punctuation marks, including direct quotation marks and commas, are correctly used.","The sentences use a realistic mix of direct quotes, relative clauses, and introductory participial phrases typical of professional journalism.",The text is accessible news reporting that tracks clear factual statements and conflicting updates without heavy theoretical abstraction.,"The passage is a completely natural, professionally edited CNN news article.",0.5015974440894568,0.6560509554140127,4.70283316135908,0.01929260450160772,0.21153846153846154,8,0.5050790921438245,0.06666666666666667,0.16720257234726688,5.045760810161195
imdb,dc1c93ce-9792-4a14-bd29-c025f2613860,17.339899443152675,3.807670076158955,16.390883738148563,9.388086554220209,-0.1545260166923014,-1.44182130393094,-0.0604846464987343,-0.3974005594808076,-1.619326107436477,-7.676726341247635,-1.5636563383684192,-2.367130270345276,000,-0.0,-0.0,-0.0,0.0,8.0,8.0,6.0,7.0,6.0,5.0,7.0,7.0,5.0,8.0,The content words fit the topic of film criticism naturally and precisely throughout the text.,"The author logically progresses from explaining why they watched the film to reviewing its acting, music, directing, and giving a final rating.",The text stays strictly within the domain of personal cinema experiences and film evaluation.,"Each sentence advances the review by bringing up new aspects of the film experience, such as the poster, specific actors, music, and specific scenes.","The prose contains minor grammatical errors and typos common to non-native English speakers, such as ""high level starring"" and ""good filmed,"" but remains completely intelligible.",The text is formatted as a standard continuous user review without any rigid repeating frames or explicit template structures.,"Sentence boundaries and basic punctuation marks are appropriately used, with only a few minor missing spaces or exclamation points.","Sentences vary in structure and include several subordinate and relative clauses, such as ""when she decides to tell Depardieu she is the one who murdered the fat one"".",The content involves simple film criticism and personal opinion without complex philosophical argument or abstract reasoning.,The passage reads authentically as a real user review posted on an internet film database by a non-native speaker.,0.558282208588957,0.7252747252747253,4.834068948046037,0.024691358024691357,0.3958333333333333,7,0.7053667807472944,0.09523809523809523,0.1574074074074074,4.747499869993181
eli5,83b58759-2f26-4be6-b3e7-b077dcf4bae0,17.866516468065246,4.680327562297435,15.449347076087133,9.93653196057888,1.1966210485813704,-0.7252834804405914,1.0100035665448606,0.2187746646418471,13.69145590418704,-3.901093398430635,27.518103789029837,1.436417875387566,0+0,-0.0,17.518103789029837,0.0,17.518103789029837,8.0,8.0,5.0,7.0,6.0,5.0,6.0,7.0,6.0,7.0,The text consists of naturally chosen informal English vocabulary appropriate to a forum discussion about urban exploring and trespassing laws.,"The response maintains a unified focus throughout, sequentially discussing how police and landowners respond to recorded evidence of minor versus severe trespassing.","The passage stays focused on the singular topic of trespassing laws, legal risks, and urban exploration.","The text continually introduces new specific scenarios, such as corporate espionage, security guard interactions, and real-life YouTube channels.","The prose contains stray punctuation artifacts like raw quotation marks and a minor typo near the end (""you'll h good""), but is otherwise fluent and clear.","The passage is written as continuous prose structured like concatenated forum replies, with no rigid or explicit structural template.","Sentences are properly punctuated overall, though stray quotes and raw punctuation marks from copy-pasting degrade the presentation slightly.",The writing features multi-clause conditional sentences with embedded parenthetical explanations and clear subordination.,"The content explores practical legal nuance and risk assessment, though it remains accessible and mostly concrete.","Apart from copy-paste artifacts like embedded quotation marks and commas between paragraphs, the prose sounds like authentic, online human advice.",0.5486486486486486,0.7142857142857143,4.936639807476689,0.03260869565217391,0.24550898203592814,7,0.4997679301660438,0.1,0.02997275204359673,4.562955886103541
wikipedia,9600c031-1ba2-4882-9aa0-8cb6b07d966a,16.56249935620044,4.523916180742941,15.191441018076423,9.771085872764266,1.0226276165097623,-0.2522548514111662,0.9021266702790492,0.9910449555124607,11.689232394504014,-1.5001994575512554,24.908313077628343,6.978995171304553,0+0,-0.0,14.908313077628344,0.0,14.908313077628344,8.0,7.0,7.0,7.0,7.0,5.0,7.0,8.0,8.0,8.0,Every content word fits its place precisely within the context of military history and WWII intelligence operations.,"The text outlines Operation Claw clearly, detailing its immediate context, political sensitivities, and broader intelligence history, though it cuts off mid-sentence at the end.","The text focuses consistently on WWII military history, intelligence operations, and early Cold War geopolitics.","Each sentence advances the narrative by adding specific political context, historical figures, or geopolitical dynamics surrounding the operation.","The prose is well-formed and grammatically sound, though it contains empty parentheses in the first sentence and cuts off abruptly at the very end.",The text follows standard historical narrative prose without any repeating structural templates or fill-in patterns.,"Punctuation is generally accurate and natural throughout, despite an empty pair of parentheses in the opening sentence.","Sentences feature varied subordinate clauses, appositives, and compound structures typical of formal historical writing.","The text requires tracking diplomatic sensitivities, intelligence maneuvers, and overlapping alliance dynamics between multiple nations during WWII.","The writing reads as an authentic, professional historical or Wikipedia article about a specific WWII military operation.",0.3870636550308008,0.6419098143236074,5.175774051963261,0.07613168724279835,0.24623115577889448,8,0.4431239165279685,0.06976744186046512,0.2422680412371134,5.025201738406525
xsum,e6227b37-6547-4e88-9da1-87d86da39b5b,18.94434591785548,4.654827213530601,16.33979668227071,9.643821451244396,0.6181653892318302,1.135107792177109,0.9164008287355688,0.760143468752986,6.848980118282837,6.373702143610774,24.513009871286062,4.879078233226948,0+0,0.0,14.513009871286062,0.0,14.513009871286062,8.0,7.0,7.0,7.0,7.0,5.0,7.0,8.0,7.0,8.0,"The text consists of a coherent news report about the UK Personal Genome Project where every content word precisely fits the subject matter of genetics, ethics, and medical research.","The narrative logical flow progresses clearly through the project's goals, scientific context, potential risks, expert commentary, and personal perspectives, despite trailing off at the very end.","The text stays strictly within the domain of medical science, human genetics, bioethics, and data privacy.","Each paragraph introduces new details and perspectives, from specific medical examples like Alzheimer's and cancer to expert quotes and a volunteer's motivation.","The writing consists of clean, professional journalistic prose, though it cuts off mid-sentence at the very end and leaves an unfinished colon-separated list earlier on.",The text is structured as standard prose in a news article format without any rigid or repetitive templates.,"Direct speech, lists, and complex clauses are correctly punctuated throughout, with only minor formatting flaws where sentences are left incomplete.","Sentences feature moderate to high complexity, incorporating indirect speech, conditional clauses, relative clauses, and multi-layered subordinate structures.","The text covers nuanced abstract topics involving data ethics, genetic inheritance implications for future generations, and modern concepts of disease categorization.","The passage is an authentic, well-written news report from a major media outlet like the BBC, marred only by an incomplete sentence at the end.",0.472,0.6915254237288135,5.173609944406092,0.012841091492776886,0.22424242424242424,6,0.5300982222829295,0.1,0.09967845659163987,4.723525963149962
cnn,653f3c0e-6725-4e9a-ae56-92394a8acd67,19.005930857163744,4.202905870510729,16.240461339630784,9.662272370117988,1.1488663612138623,1.5444497763743286,0.8051913630752074,1.4157413158447198,13.494791156586086,8.844895626141843,23.69802881652168,9.549868824323037,0+0,0.0,13.69802881652168,0.0,13.69802881652168,8.0,7.0,6.0,6.0,7.0,5.0,7.0,7.0,5.0,7.0,"The content words fit the narrative context of a news article precisely, with appropriate terminology for a legal inquest and news reporting.","The text presents a clear narrative of the incident and inquest, though it contains some minor repetition and cuts off abruptly at the very end.",The text stays focused on a single news story about a tragic accident and the subsequent inquest findings.,"The text steadily introduces new facts from witness testimony and coroner statements, though it repeats a few details like the dog walker finding the body.","The writing is clear news reporting, marred only by minor typos like ""Tthe"" and an unfinished final sentence.",The text follows standard continuous prose news reportage without any rigid repeating frames.,"Quotation marks, commas, and periods are used correctly throughout, with only minor spacing errors around punctuation marks.","Sentences feature varied structures with direct quotes, subordinate clauses, and introductory prepositional phrases.",The content is a straightforward factual recounting of events and court statements without abstract theoretical argument.,"The text is a completely natural example of modern online tabloid news journalism, despite the abrupt truncation at the end.",0.4577319587628866,0.6441441441441441,4.8912323243976035,0.08695652173913043,0.23954372623574144,5,0.32594334945722336,0.14285714285714285,0.1510204081632653,4.857773935221888
finance,9e189795-5152-41d4-9713-20ef5189d721,17.19330301014045,4.078922080787704,14.121900687218783,8.493625893075125,0.5084504583805582,-0.035840466446924,0.7731758737516454,0.099299460336983,6.36743002754086,-0.2080223343408078,23.388845523167888,0.7081386593710058,0+0,-0.0,13.388845523167888,0.0,13.388845523167888,8.0,8.0,7.0,7.0,8.0,5.0,8.0,7.0,6.0,8.0,"Every content word fits precisely into the context of corporate law, state incorporation, and international banking logistics.","The text logically moves from recommending Wyoming for business incorporation to addressing virtual addresses, IRS tax IDs, and navigating US bank account setups.",The writing remains tightly focused on the single subject of corporate structuring and banking within the United States.,"Each paragraph and sentence systematically adds new actionable advice, moving smoothly from state choice to address procurement and finally to physical banking requirements.","The text consists of clean, highly readable English with only minor conversational phrasing choices.",The text is standard informational continuous prose arranged in natural explanatory paragraphs without any rigid structural framing.,"Sentence boundaries, quotation marks around terms like ""registered agent,"" and dollar formatting are all used correctly throughout.","Sentences feature moderate structural variety, including subordinate clauses introduced by ""although"" and relative clauses.",The text presents practical procedural steps regarding legal entities and banking requiring moderate real-world domain knowledge to follow.,The passage reads naturally as an informative online forum post or article providing legal and financial advice to international entrepreneurs.,0.4669926650366748,0.6335078534031413,4.832361953200493,0.03194103194103194,0.23853211009174313,9,0.5606428349221227,0.10526315789473684,0.11407766990291263,4.501008795627597
cnn,f8eb1da5-284e-44d6-8344-5f6182600c4d,18.114488160536016,4.1893175832057405,15.653564600897727,9.236920161111517,0.7235141522073913,0.653007079746601,0.7916030757702193,0.8288445771116635,8.498527515904584,3.739700411009346,23.298104476932473,5.590962768819873,0+0,0.0,13.298104476932473,0.0,13.298104476932473,8.0,7.0,7.0,7.0,7.0,6.0,8.0,7.0,5.0,8.0,The content words are precisely chosen and appropriate for a news report covering sports and celebrity tabloid gossip.,"The text moves logically from Manchester United's recent match to the players' trip to Lisbon, and then transitions into a detailed account of the tabloid controversy surrounding Marcos Rojo.","The passage spans multiple distinct subject areas, shifting from professional football to travel, high-profile tabloid scandals, and personal relationships.","Each sentence continually adds new narrative details, background facts, and quotes regarding the players and the scandal.","The prose is grammatical, clear, and well-written throughout, despite cutting off abruptly at the very end.",The text follows standard journalistic conventions with descriptive image captions interspersed within the article text.,"Punctuation is used correctly throughout, including accurate quotation marks and hyphenation for dynamic pricing and ages.","The text utilizes varied sentence structures featuring embedded clauses, direct speech, and compound sentences.","The narrative focuses primarily on concrete events, biographical details, and personal anecdotes without requiring high abstract reasoning.",The passage reads naturally as a typical article from a British tabloid news website.,0.503562945368171,0.6226415094339622,5.003682370811574,0.07398568019093078,0.15311004784688995,8,0.2651649621492864,0.10526315789473684,0.21311475409836064,5.243254607122702
wikipedia,5f87986c-bb43-4d98-ad90-509a2acb2267,17.162784000458508,4.461155991980674,15.113143095627228,9.65904418499203,0.9105859287375272,0.3480297928469014,0.8393664815167821,0.9127470330632654,10.40853030402843,2.069788166688498,23.1754628227766,6.427616730138326,0+0,0.0,13.175462822776598,0.0,13.175462822776598,8.0,8.0,5.0,7.0,8.0,6.0,8.0,8.0,7.0,8.0,"The content words are precisely chosen liturgical terms, such as ""subdeacon,"" ""cathedra,"" and ""thurifer,"" that perfectly fit the subject matter.","The text provides a logical and continuous explanation of a Pontifical High Mass, moving systematically from its definition and origins to specific procedural differences.","The passage focuses narrowly on Christian liturgy, specifically Catholic and Anglo-Catholic episcopal Mass rites and vestments.","Each sentence introduces specific historical, ceremonial, or procedural details that expand upon the main subject without unnecessary repetition.","The text consists of clean, well-constructed standard prose, though it cuts off abruptly mid-sentence at the very end.","The text uses standard encyclopedia-style section headings to structure the prose, but it remains predominantly fluid paragraph writing.","Sentence boundaries, Latin liturgical phrases, and list items are punctuated correctly throughout the text, with only the trailing final fragment lacking an end mark.","Sentences feature complex subordinate clauses, parenthetical conditions, and embedded lists describing liturgical roles and rules.","The material requires the reader to track detailed liturgical terminology, ceremonial roles, and conditional rules regarding ecclesiastical rank.","The passage reads naturally as an informative, well-written reference article about religious traditions.",0.3723502304147465,0.6336633663366337,5.078881840822016,0.10710987996306556,0.36123348017621143,9,0.6155487837238939,0.06060606060606061,0.1615881809787627,4.883177630495354
wikipedia,40f187fb-f7b7-49a0-97fb-e5d5f69c63f6,16.4803881326187,4.453785588370509,14.231066889628982,9.810214013925604,1.0617557576711008,-0.3343660749929071,0.8319960779066164,0.0306708270650197,12.136489957096424,-1.9885278777464863,22.97196111212027,0.2159857156792708,0+0,-0.0,12.971961112120267,0.0,12.971961112120267,8.0,8.0,7.0,7.0,8.0,5.0,8.0,7.0,7.0,8.0,"The content words throughout the biographical text fit their context precisely and naturally, with only a minor typo in a birth date range.","The text provides a continuous, chronological narrative of Luise Aston's life, political views, and societal conflicts.","The passage primarily covers a single subject, examining Luise Aston's biography alongside her involvement in feminism, politics, and social reform.","Each sentence advances the narrative by introducing specific life events, political views, or historical actions.","The prose is grammatical, clear, and well-written, with only a missing space between birth and death years and a slight truncation at the very end.","The text is structured as standard prose, adopting a conventional biographical layout with an introductory summary followed by a main narrative body.","Sentence boundaries and internal punctuation are appropriately marked throughout, despite a minor missing space in the date parenthetical.","The text features varied sentence structures, incorporating compound sentences along with multiple relative and subordinate clauses.","The passage presents factual biographical details alongside abstract ideological positions regarding marriage, economics, and free love.",The text is a well-crafted and authentic example of an encyclopedia article or biographical entry.,0.4922048997772829,0.7036199095022625,5.519175528882611,0.036830357142857144,0.2894736842105263,17,1.067901765610873,0.10144927536231885,0.2304394426580922,5.578321800066793
cnn,44d189f5-4946-4c93-aa56-b090ad842f30,16.621096544069573,4.077724402220823,14.08780302813664,8.786718338160258,0.2733123292561323,-0.8403845367198421,0.6800098947853015,-0.736916995649425,3.210375835127286,-4.812790695311678,20.01374433599925,-4.970866191516938,0+0,-0.0,10.013744335999249,-0.0,10.013744335999249,8.0,6.0,6.0,6.0,7.0,6.0,8.0,8.0,5.0,8.0,"The content words fit their exact contexts precisely, appropriate for a sports news article covering a soccer match and an injury.","The passage primarily follows a coherent sports reporting narrative, though it includes a few repetitive image-caption style descriptions that interrupt the main flow.","The text stays strictly within the domain of Spanish football, covering a single La Liga match, a player's injury, and league standing implications.","New facts about the match score, the injury details, and league standings are steadily introduced, though some image captions re-state the injury event.","The prose is grammatical, clear, and well-written throughout, ending abruptly mid-sentence only at the very end.","The text consists of standard news reporting interspersed with repeating descriptive image captions, showing a minor structural pattern.","All standard sentence punctuation, commas, and quotation marks are correctly placed throughout the text.","Sentences feature complex structure with multiple subordinate clauses, relative clauses, and participial phrases.","The text reports a sequence of factual sports events, match results, and medical details without complex abstract arguments.",The writing reads as a completely authentic news report from a sports publication like a online news portal.,0.5280373831775701,0.7566371681415929,4.956199556426422,0.009389671361502348,0.2623762376237624,4,0.4813212162626378,0.05555555555555555,0.17647058823529413,5.182285418693607
wikipedia,e2892a0a-0646-4d2b-899a-6fcc0c17709e,16.603782920107474,4.331866383014935,15.382285193997314,9.802073231512876,1.0536149752583732,-0.2109712875041332,0.7100768725510429,1.1818891314333513,12.043436047775804,-1.2546795802024386,19.60569134400341,8.322930756481693,0+0,-0.0,9.60569134400341,0.0,9.60569134400341,8.0,8.0,5.0,7.0,6.0,5.0,7.0,8.0,7.0,7.0,"The content words fit their historical context precisely, though the text abruptly cuts off at the very end.","The text presents a clear chronological narration detailing the origin, relocation, and duties of the Azov Cossack Host.",The text stays focused on the single subject of 19th-century imperial Russian military and Cossack history.,"Each sentence introduces distinct historical background facts, logistical decisions, or demographic details without repetitive looping.","Aside from parenthetical empty quotes near the start and a sentence cut off mid-thought at the end, the prose is well-formed.","The text is written in standard continuous prose typical of an encyclopedia entry, showing no repeating frame or structural template.","Sentence punctuation and internal commas are used correctly throughout, with only minor flaws near the initial empty parentheses.","The writing features a rich variety of sentence structures, including multiple subordinate clauses, appositives, and participial phrases.","The text details complex historical, geopolitical, and logistical factors across multiple military conflicts.","The passage reads naturally as an excerpt from an online reference article, despite being truncated mid-sentence.",0.37095790115924343,0.6842105263157895,5.348115093796256,0.08368967623701894,0.2822502424830262,9,0.42878250688560754,0.06666666666666667,0.25148986889153757,5.177571753996123
wikipedia,4d2fdba2-2d9e-454f-9199-3bde0e375246,17.796140788130472,4.326977439966591,14.10864807550299,10.032571576104866,1.2841133198503627,0.9813865805188656,0.7051879295026984,-0.0917479870609732,14.678167080837545,5.836461053201819,19.4707043980691,-0.6460945642413835,0+0,0.0,9.4707043980691,-0.0,9.4707043980691,8.0,7.0,7.0,7.0,7.0,5.0,7.0,7.0,6.0,7.0,"The content words fit their context precisely with appropriate terminology for a biographical entry about a musician, though the text abruptly cuts off at the very end.","The text forms a logical biographical narrative organized into chronological sections, though it terminates mid-sentence.","The text stays focused on the single subject of Barry John Stanton's life and musical career, mentioning related topics like record labels and television shows.","Each sentence advances the biography by introducing specific details about Stanton's life, media appearances, discography, and background.","The prose is grammatically sound, well-formed, and clear, with the only flaw being an incomplete final sentence where the text cuts off.",The text follows standard biographical article formatting with headings and continuous prose paragraphs.,"Punctuation is used correctly throughout the text to set off dates, titles, and non-restrictive clauses, ending abruptly without final punctuation on the trailing fragment.","Sentences feature a moderate variety of compound and complex structures, including relative clauses and appositives typical of biographical writing.",The text delivers factual biographical information and historical details without complex conceptual arguments or heavy abstraction.,"The writing strongly resembles a standard, professionally written reference article or encyclopedia entry, compromised only by being truncated at the end.",0.3927765237020316,0.6053639846743295,5.599078891622228,0.1145440844009043,0.21933085501858737,17,0.7200109597635,0.04225352112676056,0.3691860465116279,5.61078993978881
cnn,26855fb0-e48f-43a8-bc1a-f0aa2c1c46cd,16.39714408900863,4.057977874436696,14.053315943453056,8.893166254157995,0.3797602452538697,-1.0643369917807846,0.6602633670011744,-0.7714040803330064,4.460732224642882,-6.095342009399967,19.432573441831597,-5.203498474813021,0+0,-0.0,9.432573441831597,-0.0,9.432573441831597,8.0,8.0,5.0,7.0,8.0,5.0,8.0,7.0,6.0,9.0,The content words are precisely chosen news vocabulary appropriate for a report on legal proceedings and diplomatic affairs.,"The narrative advances logically through the timeline of Jason Rezaian's detention, charges, public reactions, and conditions of imprisonment.",The text stays strictly within the domain of international journalism and diplomatic reporting regarding a detained reporter in Iran.,"Each paragraph systematically adds fresh details including specific dates, government reactions, celebrity appeals, and legal conditions.","The prose is clean, clear, and well-formed standard English typical of professional journalism, barring a minor missing preposition (""reacted with [the] term"").",The text is written as continuous prose structured following standard news article conventions.,"Punctuation is accurate throughout, properly handling direct quotes, attribution commas, and possessives.","Sentences feature varied structures, including complex subordinate clauses and quoted speech integrated into main clauses.","The passage requires tracking legal charges, diplomatic reactions, and the timeline of events across multiple international entities.","The passage is an entirely natural, fully authentic news article from a major media outlet.",0.547683923705722,0.6915422885572139,4.965105536556053,0.030136986301369864,0.22289156626506024,7,0.4766567125402851,0.09523809523809523,0.1842818428184282,5.182302292279358
cmv,bc9ddcdd-5d45-42a2-a46d-c7645ee79ad8,20.940167630738937,4.287650788408203,17.26683940802272,9.937267511497929,0.83150570573601,0.9259528246912404,0.6640854111826022,0.9054528580550674,9.131643496427198,4.626475900575669,18.326850547707306,5.534083894967065,0+0,0.0,8.326850547707306,0.0,8.326850547707306,8.0,8.0,6.0,7.0,7.0,6.0,6.0,8.0,8.0,8.0,"The content words precisely fit the domain of gender studies and online ideological debate, with appropriate terms like ""gender binary,"" ""tenets,"" and ""anti-egalitarian.""","The text forms a logical post-and-update arc, detailing an initial stance, requesting specific feedback, and summarizing the resulting shift in perspective.",The passage stays entirely within the single domain of feminist theory and modern gender politics.,"Each sentence advances the writer's argument by introducing new distinctions, concessions, or summaries of the debate.","The prose is fully readable and expressive, despite minor informalities like missing final punctuation on the trailing sentence and a run-on sentence in the edit.","The text follows standard forum posting conventions, including an initial argument followed by a marked ""EDIT:"" section.","Punctuation is largely functional throughout, though it includes a few run-on commas and ends abruptly without a trailing period.","Sentences feature complex embedding, parenthetical asides, and subordinate clauses, demonstrating sophisticated structural variety.","The content involves nuanced ideological abstractions, requiring the reader to evaluate nested arguments about gender theory and cultural dynamics.","The text reads like an authentic, articulate post from a discussion forum such as Reddit.",0.5168776371308017,0.6775510204081633,5.125783535281151,0.00423728813559322,0.2838427947598253,8,0.6358632607843907,0.08333333333333333,0.050314465408805034,4.877611495931409
reddit_eli5,246bf665-9a38-41d4-91b4-eed7e755d988,16.576368014523567,4.094060823779577,13.503404946619082,8.521633695238027,0.7553781601882417,1.3668331979131736,0.6124111438641844,0.8865720760516513,9.72641392984244,8.986686406874519,17.589683057345002,7.026898787887159,0+0,0.0,7.589683057345003,0.0,7.589683057345003,8.0,8.0,7.0,7.0,7.0,5.0,7.0,7.0,7.0,7.0,Every technical term and content word is used precisely to explain how CPU bus widths and architectures operate.,"The text moves logically from basic instruction fetching to bit widths, historical scaling, instruction set advantages, memory bottlenecks, and addressable memory limits.","The passage stays tightly focused on computer architecture and hardware design, bringing in an analogy to a fire hose to explain bandwidth.",Each paragraph and sentence introduces a distinct technical aspect or implication of increasing CPU word sizes.,"The text features clear, standard English with only minor agreement slips like ""the size... depend"".",The passage is organized as standard explanatory prose with natural paragraph divisions.,"All sentences are cleanly punctuated, using quotes, parentheses, and mathematical symbols correctly, despite spacing around punctuation marks.","Sentences feature varied structures, including complex conditional clauses, relative clauses, and multi-part comparisons.","The passage explains conceptual hardware mechanics, including mathematical address spaces and architectural performance bottlenecks.","The text reads like a genuine, well-explained educational article or forum explanation written by a knowledgeable person.",0.4385026737967914,0.6158536585365854,4.6304481355049445,0.043010752688172046,0.3619047619047619,11,0.41126511264056503,0.10526315789473684,0.06593406593406594,4.417261407735444
yelp,ebc29d1c-b17e-4361-819d-7af39c822ac3,16.58434829737078,4.475957214611627,14.545714780928645,9.1042046906154,0.2076797816817421,-0.2265252931580441,0.6605478995065277,-0.5403786260431964,2.3343921790540434,-1.3474926923825514,17.31263528899604,-3.5819652673863582,0+0,-0.0,7.3126352889960415,-0.0,7.3126352889960415,8.0,8.0,5.0,7.0,7.0,5.0,7.0,7.0,5.0,8.0,The content words precisely fit the context of a frustrated customer describing a chaotic photo studio session.,"The narrative flows logically and chronologically through the writer's arrival, delay, bad experience, second photographer, and final review decision.","The text stays entirely focused on one single subject, which is a negative customer review of a portrait studio experience.","Each sentence advances the narrative by detailing new aspects of the visit, from the wait times to the interaction with different staff members.","The prose contains minor informalities and conversational quirks like trailing ellipses, but is grammatically sound and easily understood.","The text is formatted as standard continuous prose typical of an online consumer review, without any rigid repeating frames.","Sentence boundaries are clearly marked and punctuation is used effectively for emphasis, despite occasional informal touches like double periods.","Sentences feature a natural mix of simple, compound, and complex structures with subordinate clauses and direct dialogue insertions.","The text details a straightforward, concrete personal anecdote without high abstraction or dense conceptual arguments.","The text reads exactly like an authentic, emotionally charged online business review written by an annoyed customer.",0.5985130111524164,0.7391304347826086,4.777972916563302,0.0299625468164794,0.26851851851851855,7,0.6026472109562497,0.05,0.10861423220973783,4.664532101026625
finance,82c50ca3-13f9-4934-830d-7fef95aaeca9,18.52831589927572,3.8759361821200926,15.373008313749384,9.05720505505694,1.0720296203623736,1.299172422688347,0.570189975084034,1.350407086867584,13.425248188092926,7.540551417740458,17.24844980145248,9.630218138691756,0+0,0.0,7.24844980145248,0.0,7.24844980145248,8.0,7.0,5.0,7.0,8.0,5.0,7.0,7.0,7.0,8.0,The content words are appropriate financial and tax terms that fit naturally into a discussion of 529 education savings plans.,"The text flows logically from basic tax benefits of 529 plans to investment features, contribution limits, and post-graduation options, though it contains a slight shift into copied tax regulation text.",The text stays focused on the subject of 529 plans and personal finance for higher education without branching out into unrelated fields.,"Each sentence introduces new details about 529 plans, such as eligible expenses, state tax benefits, investment risk shifts, and contribution rules.","The writing is clear and grammatically sound, with only minor missing punctuation in a couple of places.","The text is written as standard, continuous advice prose without any explicit repeating frames, lists, or structural templates.","Sentence boundaries and technical punctuation are well-managed overall, with only minor missing periods near the end.","The text features varied sentence structures, including conditional clauses, parenthetical additions, and complex regulatory sentence patterns.",The content covers financial planning and tax code regulations that require the reader to follow specific rules regarding exclusions and roll-overs.,The text reads like authentic personal finance advice combined with quotes from official tax guidelines.,0.4625668449197861,0.6069364161849711,4.729762155278216,0.043010752688172046,0.2835820895522388,9,0.7590364102694203,0.11764705882352941,0.05699481865284974,4.328050051204804
wiki_csai,3b2b2a91-2720-48d8-94bd-e6c7b949d8c5,19.99728486524553,3.7704218718042353,14.006122224881455,8.282651199489147,0.3576825919916953,1.3684057642143657,0.5424141136271619,0.1282531729525633,4.513362887687758,7.345615142988524,16.80337081759292,0.9241560968233618,0+0,0.0,6.803370817592921,0.0,6.803370817592921,9.0,9.0,7.0,7.0,9.0,5.0,9.0,8.0,7.0,9.0,Every technical term and content word fits the subject of computer science and type theory precisely.,"The text forms a single, beautifully organized explanation that introduces type systems and systematically expands on their definition, implementation, primary function, and secondary benefits.","The passage maintains a steady, focused examination of a single topic within computer science theory, bringing in related concepts like compilers and interfaces.","Each sentence smoothly introduces new facets of type systems—moving from basic definitions to enforcement mechanisms, bug prevention, execution timing, and secondary benefits.","The text is written in clean, formal, and flawless technical prose suitable for an encyclopedia or textbook.",The text flows as standard expository paragraphs using conventional prose structure without explicit structural templates or bulleted lists.,"Quotation marks, parenthetical elements, and standard sentence boundary markers are all used accurately throughout.","Sentences feature complex structures with parenthetical lists, embedded clauses, and appositives without sacrificing clarity.","The text requires the reader to grasp abstract concepts of logic, programming language semantics, and static versus dynamic evaluation.","This is an exceptionally natural specimen of formal technical reference writing, typical of a well-edited encyclopedia article.",0.5658362989323843,0.7610062893081762,4.657649468498486,0.03942652329749104,0.29508196721311475,6,0.4523182913996447,0.3333333333333333,0.03571428571428571,4.966317013657108
wiki_csai,26b645b7-9ffd-4912-a148-f1359e02d5f4,18.76726438930684,3.753354330876727,13.775101733246668,8.875634044608146,0.9506654371106952,0.1383852882756784,0.5253465726996538,-0.1027673186822237,11.99582590410912,0.7428535422081215,16.274637858873316,-0.7405122378492258,0+0,0.0,6.274637858873316,-0.0,6.274637858873316,9.0,8.0,7.0,7.0,8.0,5.0,9.0,8.0,7.0,8.0,"Every technical, biological, and medical term is precisely chosen and appropriate for an encyclopedic entry on virology.","The text progresses logically from the basic identification of the virus to its historical impact, taxonomy, transmission, genome, and biosafety classification.","The text stays focused on virology and epidemiology, briefly drawing in related subtopics like taxonomy, genetics, and biosecurity regulations.","Each sentence introduces new factual details regarding the virus, including historical data, taxonomic hierarchy, genetic makeup, and regulatory status.","The text is written in standard, clean informational prose, marred only by minor missing text inside one set of parentheses and a standard unedited citation tag.",The passage follows the standard continuous prose structure of a Wikipedia article summary without relying on structural templates or explicit framing constructs.,"Commas, parentheses, slashes, and dashes are used correctly throughout, matching academic and encyclopedic standards.","Sentences feature complex structures with relative clauses, appositives, parenthetical elements, and long compound lists.","The text requires tracking technical information regarding genetics, biosafety classifications, and biological taxonomy.",The passage is an entirely authentic and well-formed excerpt from a reference work or reference database.,0.5491525423728814,0.7098765432098766,4.712761391584097,0.034129692832764506,0.40601503759398494,12,0.7814974440352042,0.3,0.23825503355704697,5.617587826747496
yelp,842a2b0e-a786-4463-9e82-9640e1065aa9,16.40567341717217,4.435613850157323,16.462388458102104,9.824309965750375,0.9277850568167167,-0.4052001733566541,0.6202045350522236,1.3762950511302652,10.42862315694816,-2.4103457275708875,16.255255565814423,9.122938682682612,0+0,-0.0,6.255255565814423,0.0,6.255255565814423,8.0,8.0,5.0,7.0,7.0,5.0,6.0,7.0,5.0,8.0,"The content words fit the context of a hotel review perfectly, using appropriate vocabulary like ""wrist band,"" ""resort fee,"" and ""mini fridge.""","The text flows chronologically and logically from checking in to complaining about specific amenities, ending with a clear conclusion and advice for future travelers.",The text stays strictly within the single topic of a hotel stay and related local dining and entertainment options.,"Each sentence moves the complaint forward by introducing a new specific issue with the hotel, such as Wi-Fi, food storage, resort fees, or movie rentals.","The writing is clear, well-formed, and characteristic of informal customer reviews, with only minor colloquialisms like missing spaces after punctuation.",The text is standard continuous prose structured as a personal narrative and review without any repeating phrasal frames or formal template structures.,"Punctuation is used effectively to convey tone, though it features informal excesses like multiple exclamation points and missing spaces after periods.","Sentences feature a comfortable mix of simple structures, compound clauses, and complex sub-clauses like parentheticals and conditional statements.","The review details concrete experiences, basic financial calculations, and straightforward comparisons without abstract concepts.","The passage is a completely authentic, highly natural example of an angry consumer review written for a travel website.",0.5555555555555556,0.7230769230769231,4.911619861215012,0.0,0.27564102564102566,7,0.7964018788399451,0.11764705882352941,0.1388101983002833,4.6772237398959025
wikihow,d7497a09-096e-4a6b-b8c6-0bd90c8f6455,17.83613709720303,3.940576626029941,13.845799919360877,8.592573054166595,0.30003800914867,-0.1206101934544321,0.5382993651963144,-0.6525986072658849,3.618169926564616,-0.6716706066091559,15.821737146267164,-4.501177189103798,0+0,-0.0,5.821737146267164,-0.0,5.821737146267164,8.0,6.0,5.0,7.0,5.0,5.0,5.0,6.0,5.0,6.0,"The content words fit the subject of career preparation for property management precisely, with only minor grammatical glitches like ""teach require"" affecting sentence flow.","The text offers sequential advice on pursuing a career in property management, though there is minor disjointedness near the end where sentences switch abruptly between certification and association memberships.",The text stays strictly within the single domain of post-secondary education and professional career preparation for property management.,"Each sentence introduces useful next steps, qualifications, or benefits regarding education, licensing, and professional networking.","The text features clear prose overall, but is damaged by stray punctuation like semicolon-comma sequences and grammatical errors such as ""teach require"".","The writing is standard continuous instructional prose without any formal, numbered, or repeating template structures.","While most standard sentences are punctuated correctly, the text contains misplaced punctuation marks like ""; ,"" and a trailing comma before a sentence.",The text consists mostly of simple and compound sentences with occasional basic subordinate clauses.,"The content presents clear, concrete advice about educational and licensing steps without dense abstract reasoning.","The writing reads like a real career advice guide, though slight mechanical corruption and awkward phrasing lower its quality.",0.5142857142857142,0.6597222222222222,4.630845003472115,0.050359712230215826,0.19852941176470587,3,0.4456078779280832,0.0625,0.07473309608540925,4.820161463693392
wp,b27b582c-94a8-4076-8b94-e286cb9f2ca1,15.626267042039151,4.454925858307988,15.411619757259832,9.819827785525812,0.9864941443164472,-0.6521206019954953,0.6007809897838761,0.7566363947280799,11.167857848301391,-4.0060515590097285,15.587919247413664,5.162997295940741,0+0,-0.0,5.587919247413664,0.0,5.587919247413664,8.0,8.0,5.0,7.0,7.0,5.0,8.0,6.0,5.0,8.0,"Every word fits the standard conventions of a hardboiled detective thriller, with precise lexical choices appropriate to the narrative.",The narrative advances logically from the protagonist introducing his case to uncovering the pattern and meeting a dramatic climax at the convention.,"The text stays strictly within the domain of a police investigation narrative, focusing on a single continuous storyline.","Each sentence moves the plot forward briskly, adding new details about the cult, the investigation, and the final confrontation.","The writing is fully functional prose with only minor minor flaws, such as using ""Brians' layed"" instead of ""Brians lay"".",The story follows standard continuous narrative prose without any explicit framing devices or repeating mechanical patterns.,"Punctuation is used correctly to mark sentence boundaries, quote dialogue, and emphasize dramatic pauses.","The text uses short, punchy declarative sentences typical of noir fiction, mixed with some complex clauses.","The plot involves a twist of identity and a simple mystery, but requires minimal abstract conceptual reasoning from the reader.","The text reads like a completely natural, engaging piece of pulp detective fiction written by a human.",0.5782312925170068,0.7588235294117647,4.7444957697431525,0.03424657534246575,0.28225806451612906,7,0.6919327027418543,0.06060606060606061,0.20477815699658702,4.888485029670286
reddit,caa1f92f-549a-418f-97dc-44dbc6721aa6,18.537557654966335,3.979499468532309,14.104123993708852,8.649275184261032,0.219863221798283,1.0627693884734375,0.5223356363694043,-0.4812804937754986,2.608286589590852,6.081729702621056,15.108790376376682,-3.2997404644381603,0+0,0.0,5.108790376376682,-0.0,5.108790376376682,9.0,8.0,6.0,7.0,8.0,5.0,8.0,8.0,7.0,8.0,"The technical vocabulary, such as ""codecs"", ""parameters"", and ""DWORD WINAPI"", fits the discussion of software design and programming interfaces precisely.","The text logically introduces software components, defines APIs, explains their utility and structure, and illustrates the concept with a specific code example.","The text stays focused on computer science, specifically operating systems, software architecture, and API design.","Each sentence builds on the previous concept, moving smoothly from general system architecture to specific implementation examples like Windows C functions.","The text is written in clear, well-formed English, with only a minor typo where ""as as"" is repeated in the middle of a sentence.",The text is standard explanatory prose organized into natural narrative paragraphs without a rigid structural frame.,"Punctuation marks are placed accurately throughout, including correct usage of parentheticals, colons, and semicolons to manage technical examples.","Sentences feature varied structures with multiple dependent clauses, compound predicate structures, and nested parenthetical statements.",The text explains abstract software abstractions and architectural contracts using a concrete analogy and technical illustrations.,The text reads naturally as an introductory technical tutorial or article explaining software concepts to a general or novice programming audience.,0.44835680751173707,0.6230366492146597,4.822754845604918,0.03537735849056604,0.23829787234042554,10,0.5985735684431218,0.058823529411764705,0.12264150943396226,4.775748349403711
eli5,00409cab-e1d8-4a58-a198-e3760a5d99e3,18.433545104350248,4.217969793751742,16.173861319723773,9.503572770701105,0.7636618587035944,-0.1582548441555893,0.5476457979991669,0.943288908278488,8.737638934686338,-0.8512077614534991,14.920911577095683,6.193391047926975,0+0,-0.0,4.9209115770956835,0.0,4.9209115770956835,8.0,8.0,7.0,7.0,6.0,5.0,6.0,7.0,7.0,7.0,"The content words throughout the text are natural, precise, and completely appropriate for a discussion of neurology and mental health disorders.","The text forms a logical narrative that explains the brain's subconscious physical reactions, defines hypochondria and conversion disorder, and links evolutionary traits to modern anxiety symptoms.","The text remains focused on human biology and mental health, with related excursions into human evolution and psychological conditions.","Each paragraph continuously introduces fresh concepts, moving from general brain functions to specific psychiatric diagnoses and evolutionary contexts.","The text is well-written standard English, though it contains minor structural artifacts like raw formatting brackets and a run-on conciliation of words like ""pressureheart"".","The passage is written as continuous prose with standard paragraphing, displaying no rigid template or repetitive structural framing.","Sentence boundaries and internal clauses are generally correctly punctuated, though raw quotation marks and a missing space in ""blood pressureheart"" disrupt the flow slightly.","The text uses varied clause structures with frequent relative clauses, conditional statements, and subordinate constructions.","The content requires the reader to follow abstract psychiatric distinctions, such as differentiating between conversion disorder, hypochondria, and malingering.","Despite containing leftover code or formatting artifacts like URL placeholders and stray quotes from an online forum export, the text itself reads like a genuine human explanation.",0.5273224043715847,0.6580310880829016,4.945789793865473,0.02197802197802198,0.24277456647398843,6,0.6387740118657719,0.13333333333333333,0.0440771349862259,4.9296641326001085
cnn,be2336ec-bf12-44b7-aaba-9e912c88938a,16.932981393760567,3.895219717315205,15.311133194840275,9.320249273801094,0.806843264896969,-0.5284996870288481,0.4975052098796833,0.4864131710542114,9.477326278731404,-3.0266601360080916,14.642348813914436,3.281095159124544,0+0,-0.0,4.642348813914436,0.0,4.642348813914436,7.0,6.0,7.0,5.0,7.0,6.0,8.0,7.0,5.0,7.0,"The content words are natural and well-chosen for news prose reporting on court cases and police raids, though the text cuts off abruptly at the end.","The text reads as a connected news report, though it suffers from repeating key facts like the court outcome and police raid details near the end.","The article remains strictly focused on a criminal case, covering the police raid, the court proceedings, and the suspect's criminal background.","While it introduces new details about family members and specific court statements, the text loops back to restate core facts multiple times.","The prose is grammatical, clear, and well-written throughout, despite an incomplete sentence at the very end.","The writing follows standard news reporting structure, featuring typical caption-like labels and photo descriptions embedded within the story.","Punctuation is used correctly across sentences, direct quotes, and parenthetical details, with no significant errors.","Sentences feature varied structures, including subordinate clauses, direct speech, and compound sentences.","The content is a concrete news report about legal proceedings that requires simple tracking of events, context, and legal outcomes.","The text reads like an authentic tabloid or local news article, marred only by some structural repetition and a truncated final sentence.",0.48226950354609927,0.6519607843137255,4.928625208266844,0.11401425178147269,0.1917808219178082,7,0.3787502627826164,0.047619047619047616,0.15207373271889402,5.340091696247373
wiki_csai,1346368b-5923-4c1e-b937-6a96226c4c0d,12.660589586704416,2.0323934323100055,9.016967346973903,5.469829474107623,-2.455139133389828,-5.968289514326743,-1.195614325867068,-4.860901704954989,-30.979796324582697,-32.037834815280874,-37.03876865965952,-35.02628311858418,−−−,-22.03783481528087,-27.038768659659517,-25.026283118584185,74.10288659352457,9.0,8.0,7.0,7.0,8.0,5.0,9.0,7.0,8.0,8.0,The content words are chosen with precise mathematical accuracy to explain stochastic control processes and dynamic programming.,"The passage develops smoothly from defining Markov decision processes to explaining their history, applications, formal mechanism, and theoretical connection to Markov chains.","The text stays strictly within the domain of mathematics and operations research, touching briefly on specific fields of application like robotics and economics.","Each sentence introduces new information, progressing from high-level definitions to historical context, practical applications, formal state transitions, and specific theoretical properties.","The text consists of clear, well-formed English, though it contains minor inline LaTeX math expressions that slightly interrupt the visual flow of standard prose.",The text is standard informational continuous prose arranged in standard paragraph structure without explicit templates or recurring phrasal frames.,"All standard punctuation marks are correctly placed throughout the text, including appropriate semicolon usage and mathematical inline notation.","The text features varied sentence structures, using compound sentences, relative clauses, conditional statements, and appositives.","The content requires understanding abstract mathematical concepts like stochastic processes, conditional independence, dynamic programming, and formal state transitions.","This is a textbook-quality summary of a mathematical topic, fully natural for an encyclopedia or academic overview despite raw LaTeX code fragments.",0.43788819875776397,0.6453900709219859,4.429977512903476,0.165625,0.39779005524861877,12,0.4499963710116409,0.0625,0.10542168674698796,4.895201588346179
xsum,c0cd482c-0ad7-4ea7-9e7b-1759ba0b7954,15.074846320937516,1.988768156698262,9.66424556767426,5.501748788745169,-3.5239072732673966,-2.734391804740854,-1.7496582280967703,-5.915407645843462,-39.04322576725382,-15.353783162673606,-46.80199763229253,-37.96880177481066,−−−,-5.353783162673606,-36.80199763229253,-27.968801774810657,70.1245825697768,7.0,5.0,5.0,7.0,6.0,8.0,7.0,7.0,4.0,7.0,"The content words are natural and precise football terms appropriate for a match report, but the text cuts off mid-sentence at the very end.","The text transitions abruptly from a narrative match report into a structured feed of play-by-play events, before cutting off abruptly.",The text stays strictly within the domain of lower-league English football match reporting.,"The feed rapidly introduces sequential actions, events, and fouls in fast succession throughout the match.","The prose is grammatically sound English, but the text ends abruptly on an incomplete fragment.",The second half of the text strictly follows a standardized automated play-by-play text commentary format.,"Sentence boundaries and play-by-play log entries are correctly punctuated, though the final sentence is truncated without a period.","The narrative portion uses compound-complex sentences with relative clauses, while the log entries use short standard play-by-play patterns.",The content consists entirely of a straightforward sequence of physical sports events and match statistics.,"It is a genuine media artifact combining a standard Press Association match summary with a live text commentary feed, albeit cut off at the end.",0.2818590704647676,0.4574468085106383,4.632865245069891,0.4496240601503759,0.2045929018789144,6,0.780411305616221,0.13846153846153847,0.27136431784107945,5.666887555702509
wiki_csai,39b21429-67fe-4a27-ad6f-ec4c587afd3d,12.047292528752925,2.41708784741783,8.802353983834427,5.795063010690183,-2.1299055968072684,-6.581586572278235,-0.8109199107592433,-5.0755150680944645,-26.875886862091313,-35.330019249058985,-25.121374281243597,-36.572726324932546,−−−,-25.330019249058985,-15.121374281243597,-26.572726324932542,67.02411985523513,9.0,8.0,7.0,7.0,7.0,5.0,7.0,8.0,7.0,7.0,"The content words consist of precise mathematical, historical, and technical terminology that fits the context perfectly.","The text flows logically from the mathematical definition and applications of Bernoulli numbers to their specific values, properties, and historical discovery.","The passage primarily addresses mathematics while introducing related historical contexts, including early computing history.","Each sentence systematically introduces new details, moving from series expansions to sign conventions, properties, polynomial relationships, and historical milestones.","Aside from minor LaTeX markup artifacts leftover from rendering, the prose is well-formed, formal, and clear throughout.","The text is standard continuous informational prose formatted into clear, conventional paragraphs.","Standard punctuation marks are used correctly throughout the text, though embedded raw mathematical syntax introduces some mechanical clutter.","Sentences feature varied structures with multiple subordinate and relative clauses, such as descriptions of historical publications and mathematical formulas.","The material requires understanding mathematical concepts such as Taylor series, polynomial relations, and specific historical developments in computation.","The passage reads naturally as an excerpt from a high-quality reference work or encyclopedia entry, notwithstanding unrendered math strings.",0.47876447876447875,0.7741935483870968,4.2178381184969505,0.17120622568093385,0.6074074074074074,17,0.5402933184454902,0.2727272727272727,0.1952054794520548,5.0962081460828355
wiki_csai,c4e0c258-a265-4ade-baaf-fd88444d23e5,12.866930488037177,2.282990027423822,9.285661430894432,5.845019781689065,-2.079948825808386,-5.761948612993985,-0.9450177307532512,-4.59220762103446,-26.24551501491932,-30.93019489656274,-29.27557185571708,-33.09014953125089,−−−,-20.93019489656274,-19.27557185571708,-23.090149531250887,63.2959162835307,9.0,8.0,7.0,7.0,8.0,5.0,9.0,8.0,8.0,8.0,The content words are precisely chosen technical terms appropriate for a formal mathematical definition and explanation.,"The passage develops logically from a general definition of Markov decision processes to historical context, applications, and detailed mechanics.","The text focuses strictly on mathematics and stochastic control, bringing in history and applications as directly related context.","Each sentence systematically introduces new technical information, such as applications, history, underlying math, or core properties of the process.","The prose is well-formed, formal, and free of grammatical errors, though it contains inline raw LaTeX formatting tags.","The text is structured as continuous, standard encyclopedic prose without repeating structural frames or templates.","Standard punctuation marks like commas, semicolons, and periods are correctly used throughout the text.","Sentences feature varied constructions, including complex clauses, conditional structures, and mathematical notation embedding.","The text presents abstract mathematical concepts, dynamic programming principles, and formal probability definitions that require sustained attention.","The writing is a natural, highly standard excerpt from a technical reference work or online encyclopedia.",0.43788819875776397,0.6453900709219859,4.429977512903476,0.165625,0.39779005524861877,12,0.4499963710116409,0.0625,0.10542168674698796,4.895201588346179
wiki_csai,980340b4-c937-49af-8793-c1385eb0a7dc,13.154631136067684,2.3030184337229693,9.27229240252551,5.736820909947723,-2.188147697549728,-5.4742479649634745,-0.924989324454104,-4.605576649403382,-27.61080587094845,-29.385815084604104,-28.655114663555388,-33.186482969179266,−−−,-19.385815084604104,-18.655114663555388,-23.186482969179263,61.22741271733876,8.0,8.0,5.0,7.0,7.0,5.0,7.0,8.0,8.0,7.0,The content words throughout the text are precisely chosen technical terms from computer science and algorithm analysis.,"The text logically moves from defining time complexity to detailing how it is estimated, considering worst/average cases, and explaining asymptotic big O notation.",The entire text stays strictly within the domain of theoretical computer science and algorithm analysis.,"Every sentence builds logically on the last by introducing distinct theoretical concepts like worst-case complexity, asymptotic behavior, and classification of algorithms.","Aside from minor inline LaTeX rendering tags and a stray citation marker, the text consists of clean, well-formed prose.","The text is standard informational prose without any explicit repeating frames, lists, or structural templates.","Commas, parentheses, and periods are used correctly throughout, despite the inclusion of mathematical raw code formatting.","Sentences feature advanced multi-level subordination, relative clauses, and parenthetical explanations.","The text requires tracking formal mathematical definitions, functional abstractions, and asymptotic computational concepts.","The writing is a completely standard, high-quality reference text typical of a technical encyclopedia entry, notwithstanding LaTeX artifact rendering.",0.3695652173913043,0.5798319327731093,4.209314219598938,0.2625,0.42857142857142855,14,0.4077717124344661,0.1111111111111111,0.06824925816023739,4.619645034899187
wiki_csai,0a644306-fb69-4b57-b8a3-9a6a49dc7336,14.01720263570562,2.3490104027546757,9.462188831039231,5.928666217300201,-1.9963023901972503,-4.611676465325539,-0.8789973554223978,-4.41568022088966,-25.19003530573787,-24.755523079594575,-27.230335899774506,-31.818143004281502,−−−,-14.755523079594576,-17.230335899774506,-21.818143004281502,53.80400198365058,9.0,8.0,6.0,7.0,8.0,5.0,7.0,8.0,8.0,8.0,Every technical mathematical term is used precisely in its correct context with sharp lexical precision.,"The passage smoothly builds from the history and purpose of category theory to defining categories, morphisms, functors, and natural transformations in logical sequence.","The text stays focused on mathematics, specifically category theory and its applications to computer science and algebra.",Each sentence introduces new core concepts or definitions advancing the reader's understanding of the subject.,"The text consists of high-quality academic prose, despite a minor artifact in the raw TeX formatting tags near the end.",The text is written as standard descriptive expository prose without any rigid repeating frames or bulleted structures.,"All standard sentence punctuation is correctly placed, though raw TeX formatting inserts odd colon and bracket choices.","Sentences feature complex relative clauses, appositives, and nested conditional parentheticals.","The content involves abstract mathematical definitions, structural relations, and higher-order mapping concepts.",The text reads exactly like an authoritative encyclopedia article or textbook introduction to mathematics.,0.44625407166123776,0.6715328467153284,4.399407397310948,0.12131147540983607,0.49411764705882355,9,0.7603296890857931,0.09090909090909091,0.08626198083067092,4.736867381689299
wikipedia,d9ab7c53-a072-49c2-84e8-2a763a62b235,13.614029297811676,2.40759174403039,10.18066953655126,6.168302079534234,-2.580156176720269,-3.20072490979993,-1.2141977664335024,-4.019726526012702,-29.4926957544279,-19.03521675238669,-33.52480211579119,-28.307143746573203,−−−,-9.035216752386692,-23.52480211579119,-18.307143746573203,50.86716261475108,8.0,7.0,5.0,7.0,8.0,7.0,8.0,7.0,6.0,8.0,"The content words are precisely chosen and accurately describe the structure, divisions, and European competitions of Portuguese football.",The text moves systematically from an overview of the league format and European qualification to a clear hierarchical list and district breakdowns.,"The text stays strictly within the domain of Portuguese football organization, league hierarchies, and cup competitions.","The text steadily introduces new details regarding league tiers, historical context, specific cup names, and list divisions without repeating itself.","The writing is clear, well-formed, and free of grammatical errors, though it incorporates unformatted list headers near the end.","The lower section uses a strong reference-style structure with lists, headings, and cross-reference links typical of an encyclopedia article.","Punctuation is accurate throughout, proper use is made of parentheses for original Portuguese terms, and list sections are cleanly marked.","Sentences feature varied subordination, embedded clauses, and parenthetical translations alongside structured lists.",The content consists of a detailed factual overview of sports administration structures and history without requiring deep abstract reasoning.,"The text reads naturally as an informational Wikipedia article detailing the structure of Portuguese football, ending with standard wiki categories and interlanguage links.",0.46825396825396826,0.6271186440677966,4.375311361702146,0.048,0.5447761194029851,9,0.9444813590043952,0.25,0.421455938697318,6.1118286905941295
xsum,3d603dee-f1ff-4ff5-ab02-c9667de71ef8,12.321669317637408,3.1234910905217186,11.087459397520288,6.985217696931307,-2.0404383650812585,-5.487568808040962,-0.6149352942733137,-4.492193815997435,-22.6070919505687,-30.81304640499289,-16.449041146680997,-28.833721485531992,−−−,-20.81304640499289,-6.449041146680997,-18.833721485531992,46.09580903720588,8.0,6.0,6.0,7.0,7.0,5.0,7.0,7.0,6.0,7.0,Every content word fits the context of local news reporting on NHS hospital reorganisation and local politics perfectly.,"The text forms a mostly continuous news report detailing proposed NHS hospital downgrades, though it contains a minor break with unfinished bullet points or headers (""Princess Royal Hospital in Telford: Royal Shrewsbury Hospital:"").","The passage focuses tightly on a single subject, specifically healthcare policy and hospital reorganisations in Shropshire and Telford.","The article steadily adds new information, including specific details about affected departments, governing bodies, timelines, and political reactions.","The prose is clean, clear, and well-constructed, aside from a single missing period before an embedded line break (""Shropshire Urgent care"").","The text is standard prose organized as a news report, with an abrupt inclusion of two colon-terminated section headers.","Sentence boundaries and quotation marks are correctly placed, with only minor formatting glitches around line breaks.",The text employs compound and complex sentences with subordinate clauses and direct quotations typical of news journalism.,"It presents factual information about administrative healthcare decisions and political opposition, requiring basic background knowledge of local governance without abstract argument.",The text reads as an authentic news article reporting on a real-world local public health policy dispute.,0.5526315789473685,0.7074829931972789,4.647884142562307,0.045454545454545456,0.19327731092436976,9,0.3448617196831639,0.09090909090909091,0.23507462686567165,5.178009008693707
wp,87527cac-33e4-4d5d-865d-998b7bcab04f,12.29138844804351,2.8464274618109355,11.33022723621912,6.7872492314218205,-2.046084409787544,-3.986999195991139,-1.007717406713176,-3.324756126312632,-23.163218926115604,-24.49259277501115,-26.14632924005959,-22.686863874666702,−−−,-14.49259277501115,-16.14632924005959,-12.686863874666702,43.325785889737446,7.0,8.0,6.0,6.0,6.0,5.0,4.0,7.0,6.0,7.0,"The text uses fitting battlefield vocabulary throughout, though it contains minor homophone slips such as ""sense there fear"" and ""deft ears.""","The narrative advances logically from an initial observation of the men to an inspiring speech, a closing chant, and the enemy's reaction.","The text remains focused entirely on a single topic, depicting a commander addressing troops on a battlefield before a final stand.","Each sentence builds the commander's speech with new tactical details, moral arguments, and rhetorical appeals, though the repeated chant slows down the end.","The prose is mostly fluent and clear, but it is marred by punctuation formatting glitches like orphaned quotation marks and capitalization errors after semicolons and commas.","It is standard continuous narrative prose with a speech embedded, interrupted only by the fourfold repetition of a slogan-like chant.","Punctuation is repeatedly flawed by misassigned double quotation marks, erratic capitalization after punctuation marks, and missing terminal punctuation at the cutoff.","The text features a healthy variety of sentence structures, including conditional clauses, compound-complex sentences, and short imperative phrases.","The text presents a clear moral argument about mortality, duty, and tactical sacrifice that requires basic emotional and logical tracking.","Aside from formatting issues with quotation marks and typos, it reads like a standard, dramatically written piece of fantasy or historical fiction.",0.42201834862385323,0.6032608695652174,4.805492483160236,0.09907834101382489,0.3253968253968254,8,0.4998845665458472,0.14705882352941177,0.13596491228070176,4.482959294077714
reddit_eli5,01733de3-1666-44f0-84b8-5ec06df2be6e,10.436448045298532,2.96621440718532,9.304918837459727,6.273781198684523,-1.4924743363652624,-4.77308677131186,-0.5154352727300724,-3.3119140331077013,-19.217425046466683,-31.38220089479104,-14.804340474099565,-26.249963577101365,−−−,-21.38220089479104,-4.804340474099565,-16.249963577101365,42.43650494599197,8.0,8.0,7.0,7.0,8.0,7.0,7.0,7.0,7.0,8.0,Every content word fits the philosophical argument about animal cognition precisely and accurately without awkward substitutions.,"The text presents a well-organized argument that systematically progresses from basic questions to the central distinction of ""why"" regarding animal cognition.","The text remains focused on the single subject of animal cognition, intelligence, and human distinctiveness examined through simple questioning frameworks.",Each section introduces a new interrogative category and builds sequentially toward the broader concept of metacognition.,"The writing is grammatically sound, fluent, and clear despite minor conversational formatting artifacts around the quotation marks.","A significant portion of the text uses a rigid, repeating pattern based on listing interrogative words (""Where,"" ""What,"" ""Who,"" ""When,"" ""How"") followed by short illustrative questions.","Sentence boundaries and internal punctuation are mostly well-handled, though quotes and spaces around punctuation marks reflect minor formatting artifacts.",The text balances simple repetitive lists with compound-complex sentences containing subordinate clauses that explain the philosophical reasoning.,"The piece addresses abstract ideas such as metacognition and conscious self-reflection, requiring the reader to evaluate conceptual distinctions.","It reads like an authentic, highly natural post written by a human user on a forum like Reddit responding to a prompt.",0.5286885245901639,0.6666666666666666,4.571498798365627,0.049586776859504134,0.45217391304347826,6,0.8040176891365293,0.0967741935483871,0.12333333333333334,4.5935213181591426
reddit,b4badfae-744c-4b38-93e8-b6a6098fa850,15.000214161717448,2.28944365033416,11.338679605714464,6.203985493419177,-2.225426469043573,-2.4745741047754493,-1.167720181828745,-3.2467248817698877,-26.400732090846684,-14.160824537830488,-33.776825123679025,-22.260094908961097,−−−,-4.160824537830488,-23.776825123679025,-12.260094908961095,40.19774457047061,9.0,8.0,6.0,7.0,9.0,5.0,9.0,7.0,7.0,9.0,"Every content word, from ""counterintuitive"" to ""oversimplification,"" is chosen with precise fit for explaining supply-chain logistics.","The passage builds a continuous, logical argument from a simple hypothetical example up to a general takeaway about logistics.","The text stays strictly within the domain of logistics and postal package routing, illustrating its thesis with a simplified geographical model.","Each paragraph advances the central explanation by introducing hypothetical models, scaling them up, and concluding with real-world applications.","The text is written in clean, correct, and completely fluent prose without grammatical flaws.","The text uses ASCII diagrams embedded within continuous prose, but its structure is governed by standard explanatory argument rather than a repeating frame.","Punctuation is used correctly throughout to structure complex sentences, parenthetical hyphens, and exclamation marks.","Sentences feature varied structures, including conditional clauses, parenthetical dashes, and embedded sub-clauses.","The text presents an abstract, counterintuitive mathematical concept regarding network efficiency using concrete illustrations.","This is an exceptionally natural example of an online educational or explanatory forum post, complete with diagrammatic illustrations.",0.460431654676259,0.546875,4.555054689812318,0.10507246376811594,0.29333333333333333,10,0.2955563866711051,0.14285714285714285,0.09657320872274143,4.837664486311333
finance,c03a7af3-88c0-4128-83e0-5b77dac37331,12.820256101177868,2.4719745571584872,11.39539583487119,6.775731209606705,-1.2094442250878616,-4.408887375409508,-0.8337716498775714,-2.6272053920106107,-15.146119643570774,-25.58970723878833,-25.221889330249983,-18.735506697389138,−−−,-15.589707238788328,-15.221889330249985,-8.735506697389138,39.54710326642745,8.0,6.0,7.0,7.0,7.0,6.0,8.0,7.0,7.0,8.0,"The content words fit their contexts precisely, using accurate financial terminology like ""CD ladder,"" ""ticker symbols,"" ""capital gains,"" and ""dividends.""","The passage maintains a logical focus on personal finance choices, though it contains minor conversational shifts, such as jumping from money market comparison results directly into general mutual fund advice.","The text stays within the domain of personal finance and investment vehicles, specifically comparing savings accounts, CDs, money market funds, and mutual funds.","The text continuously introduces new financial data, personal experimental results, specific fund tickers, and investment risks throughout its duration.","The text is clear and readable with only minor typographical errors, such as a missing plural in ""withdrawl"" and an incomplete sentence frame before the fund performance list.","While the text uses continuous prose, it integrates a distinct bulleted list format to display account returns.","Punctuation is generally accurate and serves the text well, including appropriate use of hyphens, quotes, and parentheticals around fund tickers.","The text features a healthy variety of sentence structures, mixing simple declaratives with conditional clauses and parenthetical explanations.","The text requires the reader to track comparative financial performance metrics, asset allocations like bond splits, and short-term capital risks.",The text reads naturally as an informal personal finance blog post or forum response detailing individual investment strategies and real returns.,0.49382716049382713,0.6625,4.678598845247326,0.11801242236024845,0.4146341463414634,11,0.7022003731781211,0.1,0.20116618075801748,5.018773168280968
reddit_eli5,2cb64520-a0a2-41e2-b8de-420512992f09,11.46196201860184,3.02351897048206,8.761704211732077,6.020031632096525,-1.7462239029532602,-3.747572798008554,-0.4581307094333327,-3.855128658835353,-22.484759805705597,-24.639627991224387,-13.158437854220454,-30.555438899635455,−−−,-14.639627991224389,-3.1584378542204536,-20.555438899635455,38.35350474508029,7.0,8.0,5.0,7.0,7.0,5.0,8.0,7.0,6.0,8.0,"The content words fit the educational financial domain precisely, with only minor typos like ""caledl"" and slightly redundant phrasing like ""as good as terms"".","The text presents a clear, step-by-step narrative that introduces a financial concept using an ongoing numerical example from start to finish.",The text stays strictly within the domain of personal finance and real estate mortgages.,"Each sentence introduces new scenario details, mechanics, or terms that build systematically upon the previous information.","The writing is clear and well-formed, despite a couple of minor mechanical flaws like ""caledl"" and ""You house"".","The text is written as standard explanatory prose with bolded term definitions and markdown formatting, without using a repeating frame.","Punctuation marks are placed correctly throughout to separate clauses, values, and emphasis, despite isolated spacing artifacts around quotation marks.","Sentences feature complex structures including conditional clauses, multi-clause explanations, and embedded sub-clauses.",The text breaks down abstract financial concepts like equity and second mortgages into a multi-variable financial scenario that requires continuous tracking.,"The conversational, instructional tone is typical of online financial explanations aimed at beginners.",0.4618834080717489,0.5533980582524272,4.279495062686341,0.07239819004524888,0.325,6,0.41231056256176607,0.14285714285714285,0.07857142857142857,4.238777732452109
wiki_csai,fc75c6cf-de12-46e5-9c78-a2f731999670,15.907110058106111,2.4115224335510965,9.958394927164797,6.190041551158658,-1.734927056338793,-2.7217690429250485,-0.8164853246259769,-3.919474124764097,-21.891910772964547,-14.610482080880493,-25.293784457539964,-28.242622192917477,−−−,-4.610482080880493,-15.293784457539964,-18.242622192917477,38.14688873133794,8.0,6.0,5.0,7.0,6.0,5.0,6.0,8.0,8.0,6.0,"The content words are technical, precise, and fit the subject of statistical classification perfectly without awkward or arbitrary substitutions.","While the text clearly advances a technical topic, incomplete list intros like ""are:"" interrupt the logical flow, making it feel slightly fragmented.",The text remains strictly focused on machine learning and statistical classification theory throughout its length.,"Each sentence introduces distinct distinctions, definitions, or mathematical models rather than repeating the same core idea.","Stray Wikipedia citations like ""[a]"" and incomplete sentence leads (""are:"") create mechanical defects in otherwise standard technical prose.","The text is structured as continuous technical prose, showing no evidence of repetitive templates, bullet frames, or rigid forms.","Sentence boundaries are generally marked well, but mathematical notation rendering errors and lingering citation markers disrupt standard punctuation.","The text features intricate sentence structures with extensive subordination, parenthetical clarifications, and embedded conditional clauses.","The content demands active tracking of abstract probabilistic distinctions, mathematical notation, and competing academic definitions across multiple sentences.","The passage reads like a raw, slightly unedited paste from a technical Wikipedia article, complete with unrendered LaTeX notation and inline citations.",0.4187725631768953,0.5517241379310345,4.43668747409928,0.12,0.33540372670807456,15,0.6823997675446163,0.125,0.08833922261484099,5.184742214499906
wikipedia,42a1a8a7-df75-4354-a319-9e4e611a1dfd,14.1369770662438,2.502312076872987,11.408766513608196,6.722879095390715,-2.0255791608637885,-2.677777141367807,-1.1194774335909052,-2.7916295489557665,-23.153555764133053,-15.925163747892586,-30.909511178288177,-19.658814702466277,−−−,-5.9251637478925865,-20.909511178288177,-9.658814702466277,36.49348962864704,8.0,7.0,6.0,7.0,7.0,7.0,8.0,7.0,6.0,8.0,"The content words fit their precise places in describing a specific satellite radio emergency channel, including technical terms like ""bitrate"" and specific event names like ""Hurricane Katrina.""","The text begins with a clear narrative history of the channel and transitions into an ordered chronological list of covered events, followed by standard article metadata.","The text remains focused on satellite radio broadcasting and emergency weather monitoring, incorporating related subtopics like legal requirements and specific natural disasters.","The passage steadily introduces distinct historical details, specific emergency events organized by year, and various regional radio station relays.","The prose is grammatically well-formed, though it transitions somewhat abruptly from narrative text into listed data and category tags toward the end.","The middle section relies on a structured yearly timeline template, while the end consists of a category tag list.","Sentence boundaries and list elements are punctuated effectively throughout, with appropriate use of dashes, parenthetics, and hyphens.","The narrative portion uses subordinate clauses, passive structures, and parenthetical explanations before moving to simpler list formats.","The content provides detailed descriptive factual information regarding satellite operations and historical weather events, requiring straightforward domain-specific understanding rather than complex abstract reasoning.","The passage matches the typical format of a Wikipedia article, complete with an informational lead paragraph, a chronological list of coverage, and standard category footers.",0.5319148936170213,0.74,4.6276007356275155,0.08214285714285714,0.49242424242424243,9,1.1851388246192671,0.18181818181818182,0.3953488372093023,6.0701900487567695
reddit_eli5,1c5ef2ad-0d90-452f-8053-3805b9fe79ee,13.192508463369183,2.574200096370235,9.289877522801104,6.044155890732351,-1.722099644317434,-2.0170263532412083,-0.9074495835451571,-3.3269553477663276,-22.17413059028832,-13.261591347543431,-26.06378202781186,-26.369179824260435,−−−,-3.2615913475434315,-16.06378202781186,-16.369179824260435,35.694553199615726,8.0,8.0,7.0,7.0,8.0,7.0,7.0,7.0,7.0,8.0,Every technical term and word choice fits the context of computing and digital logic explanations precisely.,The text clearly advances from basic principles of voltage and logic gates to an interactive metaphor and finally to a classification of gate types.,"The text stays strictly within the domain of computer science and digital logic design, bringing in a light social metaphor to explain the concept.","The passage continually introduces new elements, moving from basic binary definitions to an ASCII diagram, a step-by-step game, a list of gate types, and the concept of actuators.","The English is clear, highly readable, and free of grammatical flaws, ending only with an incomplete sentence at the very tail end.","The text uses standard informal instructional formatting, including bullet points for the story steps and gate definitions.","Punctuation is used correctly throughout the explanatory text and bullet points, though spaces are inserted before punctuation marks.",The text uses compound and complex sentences with conditional clauses to explain the logic of the gates.,The text explains abstract digital logic concepts by translating Boolean operations into a multi-step conceptual analogy.,"The writing perfectly captures the voice of an informal, friendly online tutorial explaining computer science concepts to a beginner.",0.3665768194070081,0.5514705882352942,4.376688624189288,0.2140921409214092,0.4425531914893617,9,0.8121718469824776,0.23529411764705882,0.08647450110864745,4.265020671162166
arxiv,4622a5f2-c96d-4ea1-9629-b734e9768fd2,14.91189055018877,2.497451503700011,11.148342006080528,6.471847923459042,-1.4104112818171537,-3.885558367388226,-0.6336326798071616,-2.940492047035036,-17.89349024291231,-20.67066858075057,-20.23684585501692,-20.87108156678717,−−−,-10.670668580750569,-10.23684585501692,-10.871081566787169,31.778596002554657,9.0,9.0,5.0,7.0,7.0,5.0,7.0,8.0,8.0,8.0,Every technical term and content word is used precisely within the context of astrophysics and cosmological data analysis.,"The text forms a logical and continuous scientific argument, progressing seamlessly from data extraction to results, comparisons, and theoretical implications.",The passage stays focused strictly on observational astrophysics and galaxy luminosity functions.,"Each sentence advances the paper by presenting specific findings, statistical parameters, or comparison results.","The writing is clear and well-formed, though it contains minor spacing issues around citations like ""et al.who"".",The text follows standard academic abstract and introduction formatting without relying on explicit frames or repeated bullet structures.,"Sentence boundaries are clearly marked and mathematical notation is punctuated appropriately, aside from a missing space after a period.","The prose uses complex sentences featuring multiple relative clauses, prepositional modifications, and embedded mathematical constraints.","The text presents dense, layered arguments involving statistical distributions, parameter fits, and cosmological models that require specialized knowledge to follow.","The text is a completely authentic, natural example of an astrophysics journal paper abstract.",0.39932885906040266,0.5882352941176471,4.29180659963328,0.20608108108108109,0.2849162011173184,15,0.5095091474627684,0.16666666666666666,0.1237785016286645,4.89840064859543
arxiv,3b26b4fd-d8ad-4390-9e4b-8ef101386553,15.062455031603871,2.7708474515969916,10.441172917064454,6.321296936046805,-1.5609622692293907,-3.734993885973123,-0.3602367319101809,-3.6476611360511098,-19.803488169794264,-19.869684989438284,-11.50517554934197,-25.890440062671303,−−−,-9.869684989438284,-1.5051755493419705,-15.890440062671304,27.265300601451557,10.0,9.0,6.0,8.0,9.0,5.0,9.0,8.0,8.0,10.0,Every technical term and content word is used with complete precision in the context of observational stellar astrophysics.,"The text follows a strict academic structure, advancing logically from the context and aim to the methodology, specific star results, and broader evolutionary implications.","The passage focuses tightly on stellar astrophysics, specifically investigating magnetic fields in cool supergiant stars.","Each sentence presents specific new empirical observations, instrument details, or targeted astrophysical conclusions without unnecessary restatement.","The text is written in flawless, professional scientific English with clean formatting of LaTeX chemical and mathematical notations.","The passage follows the standard structured abstract format common in scientific journals (context, aims, methods, results, conclusions) without using explicit headers.","All punctuation, including standard LaTeX formatting for stellar designations, is used correctly throughout the text.","Sentences feature complex constructions with multiple relative clauses, prepositional modifiers, and coordinated technical phrases.","The text requires domain knowledge of astrophysics to follow the relationships between evolutionary stages, spectropolarimetry, and magnetic field measurements.","The text is an authentic, well-written abstract from a peer-reviewed astronomy research paper.",0.45016077170418006,0.6357142857142857,4.503096959114545,0.10679611650485436,0.19883040935672514,7,0.3472751070837068,0.15384615384615385,0.13333333333333333,5.233304866090435
wikihow,70804dea-e882-4bd4-bc3f-62ae3df1e1fe,15.830264174137378,2.642524545068421,11.207530667927715,6.347952159727983,-1.9445828852899416,-2.126483116520083,-0.7597527157652051,-3.2908678586990465,-23.44980002777592,-11.842251172217864,-22.330711388849316,-22.698147334378103,−−−,-1.842251172217864,-12.330711388849316,-12.698147334378104,26.871109895445283,8.0,5.0,5.0,7.0,6.0,5.0,4.0,7.0,5.0,4.0,"The content words precisely fit a DIY guide for plumbing and concrete work, using accurate domain-specific terminology like ""band-coupling,"" ""wye,"" ""PVC primer,"" and ""angle grinder.""","While individual instructions make sense, the step-by-step progression is disrupted by missing transitions and misplaced procedural steps like cutting concrete or breaking it with a jackhammer appearing out of sequence.",The text stays strictly within the domain of residential plumbing and associated basic construction work.,"Each sentence introduces a distinct practical step, safety precaution, or tip regarding the installation process.","The underlying sentences are well-formed standard English, though they are heavily marred by strange leading and trailing commas.","The text consists of unstructured instructional steps interspersed with stray punctuation, following standard prose rather than a strict template or rigid list format.","While punctuation within the actual text strings is mostly correct, there are numerous gratuitous, isolated commas scattered randomly throughout the passage.","Sentences feature moderate structural variety, including passive constructions, conditional clauses, and relative clauses.","The content involves practical mechanical and spatial reasoning regarding pipe slopes and fittings, but lacks abstract theoretical concepts.","The presence of arbitrary, isolated commas attached to sentence boundaries makes the text look machine-corrupted despite the natural wording of the underlying instructions.",0.46494464944649444,0.6825396825396826,4.385780042287107,0.08178438661710037,0.36551724137931035,7,0.4004374350271443,0.25,0.07692307692307693,4.742570176112966
wikipedia,c2e3d184-52bd-4b7d-b752-8c990142c627,13.967126393699177,3.1997353300841027,10.226169680104508,6.5663418347558515,-2.1821164214986517,-2.84762781391243,-0.4220541803797895,-3.974226382459454,-24.942868304122033,-16.935292533883022,-11.653194619963744,-27.986729137341293,−−−,-6.935292533883022,-1.6531946199637435,-17.986729137341293,26.575216291188056,8.0,7.0,6.0,7.0,7.0,6.0,7.0,8.0,6.0,7.0,"The text consists of precise, domain-appropriate vocabulary such as ""interchange,"" ""terminus,"" ""elevated,"" and ""designation,"" though it abruptly cuts off at the very end.","The passage develops logically from a general overview of the expressway to a detailed route description and historical context, despite being cut off mid-sentence at the end.","The content remains focused strictly on civil infrastructure, geography, and urban transportation history within the Bronx.","Each section introduces distinct information, transitioning systematically from route geography to specific interchange connections and historical development.","The prose is well-formed, professional Wikipedia-style text, marred only by a missing distance measurement (""After ,"") and an truncated final sentence.","The text follows standard encyclopedic organization with embedded subheadings (""Route description"", ""History"") and standard continuous prose.","Punctuation marks including hyphens, en-dashes, and parentheses are used correctly throughout, with only a truncated end sentence missing final punctuation.","The sentences feature varied construction, multi-level clauses, participial phrases, and complex lists of highway designations.","The text requires tracking spatial relationships, complex multi-highway intersections, and historical details, though it relies on concrete geography rather than high abstraction.","The text is clearly an authentic excerpt from an online encyclopedia entry on a major roadway, despite minor missing text and a truncated ending.",0.36626916524701875,0.6372093023255814,4.541707891322057,0.15384615384615385,0.3790322580645161,8,0.26703130713716605,0.17391304347826086,0.33835845896147404,5.002407901345716
wikihow,38bd2bba-cc9a-444f-819f-3c32cce989a4,13.827250095724851,3.023668635824367,11.291358810957108,6.987574455188116,-1.3049605898298084,-4.129497194932608,-0.3786086250092588,-3.207039715669655,-15.736570092806735,-22.996911011166844,-11.128094390416967,-22.11995835112288,−−−,-12.996911011166844,-1.1280943904169671,-12.11995835112288,26.24496375270669,8.0,7.0,7.0,7.0,7.0,7.0,6.0,7.0,5.0,7.0,The content words throughout the text are natural and precisely chosen for an instructional guide on consuming acai juice.,"The passage flows logically, moving from general safety/dosage recommendations to various specific methods for mixing acai juice with other beverages.","The text stays focused on one primary topic, covering health, dosage, and beverage preparation methods.","Each paragraph introduces a distinct new beverage combination, such as water, berry juices, cola, milk, and coffee.","Except for a few misplaced punctuation artifacts like stray semicolons and commas, the prose is well-formed and grammatically sound.",The text follows a clear recurring frame where almost every paragraph suggests mixing a specific quantity of acai juice into a different target drink.,"The text contains standard internal punctuation, but includes extraneous stray symbols like ""; ,"" and trailing fragments at the end.","Sentences feature varied structures, including conditional clauses, dependent clauses, and complex instructional phrases.","The material consists of simple, practical instructions and descriptions of flavor profiles, requiring minimal abstraction.","The writing strongly resembles an online instructional health or recipe article, despite slight trailing degradation at the very end.",0.3673012318029115,0.6341463414634146,5.035859256717043,0.13580246913580246,0.21061946902654868,8,0.47177423827108045,0.07142857142857142,0.04325437693099897,5.302988681981589
reddit,8346cef4-5c70-454f-9815-ebded31944a6,14.703311243560432,2.6998405650376927,11.9822442375262,7.160605094517479,-1.2688068679452709,-2.771477022932464,-0.7573232671252121,-2.6031602499581528,-15.05213974112821,-15.8598603923954,-21.90591201029105,-17.84770694698189,−−−,-5.859860392395399,-11.90591201029105,-7.847706946981891,25.613479349668346,8.0,8.0,7.0,7.0,8.0,7.0,8.0,7.0,7.0,8.0,The content words are precisely chosen linguistic terms and language names that naturally fit the explanatory context.,The text logical progresses from broad language family definitions to regional borrowing dynamics and concludes with personal illustrative anecdotes.,"The passage stays focused on linguistics and language history, briefly introducing personal history and geographical references as they relate to language transmission.","Each section introduces new facts, moving from historical language family trees to socio-historical contexts, linguistic borrowing, and personal cross-linguistic experiences.","The prose is well-formed, readable, and clean, with only minor informal constructs typical of web explanations.",The text employs clear bulleted list structures in the first half to delineate language families before shifting into standard informative prose.,"All necessary commas, colons, bullet points, and parenthetical marks are correctly placed throughout the piece.","Sentences feature moderate variety including subordinate clauses, lists, comparative phrases, and conditional constructions.","The topic requires tracking abstract concepts of historical linguistics, language families, and contact-induced loanwords across regions.","The text reads like an authentic, engaging educational post written by a human user on a platform like Reddit or Quora.",0.48792270531400966,0.6336633663366337,4.935466894461554,0.08495145631067962,0.4056603773584906,12,0.8515374950014579,0.05263157894736842,0.2777777777777778,5.604968651825301
reddit_eli5,0e9f7235-828d-48f7-9418-3f446f0d56bc,12.179791604682917,2.7681097466530153,10.803202903778171,6.972288728910043,-0.7939668061397418,-3.029743211927478,-0.7135399332623771,-1.813629966789259,-10.22328975085227,-19.920025487029896,-20.49430582802681,-14.374684878485615,−−−,-9.920025487029896,-10.49430582802681,-4.374684878485615,24.789016193542324,8.0,8.0,5.0,7.0,8.0,7.0,8.0,7.0,6.0,8.0,The content words are precisely chosen to explain the etymology and history of terms related to robotics and cybernetics.,The text moves logically through three clear definitions before offering contextual bonus facts and historical background for each term.,The text stays focused on the single subject of word etymologies in science fiction and robotics.,"Each section introduces distinct origins, root words, and historical anecdotes for different terms.","The prose is clean, clear, and well-formed throughout, despite some standard formatting tokens from URL redactions.",The text uses a clear recurring structural template of bracketed headings followed by historical and etymological breakdowns.,"Punctuation is used correctly to set off clauses, mark quotations, and separate etymological roots.","The sentences use a comfortable variety of subordinate clauses, parenthetical notes, and conditional structures.",The text provides informative historical facts and basic linguistic concepts without requiring dense conceptual tracking.,"The writing is a natural, engaging, and well-crafted response typical of an educational forum post or online explanation.",0.6931216931216931,0.8015267175572519,4.655395280317331,0.0106951871657754,0.25862068965517243,12,0.4927457294685212,0.16666666666666666,0.09259259259259259,5.154941804178492
reddit_eli5,8e0f7cff-07ca-48c6-b381-34b577d189e0,11.893968763962675,2.9505816161058505,10.409449943258725,6.850451821328477,-0.9158037137213082,-3.315566052647716,-0.531068063809542,-2.2073829273087053,-11.792088344095898,-21.79926008668441,-15.25334575942883,-17.495539094110473,−−−,-11.79926008668441,-5.25334575942883,-7.495539094110473,24.54814494022371,8.0,8.0,7.0,7.0,8.0,5.0,8.0,7.0,7.0,8.0,"Every content word, from linguistic terms like ""pre-linguistic"" and ""consonant"" to the analogies like ""binary code,"" fits the context perfectly.",The text presents a logically organized argument that advances smoothly from the mechanics of baby babbling to the origin of family names across languages.,The passage primarily examines a single topic—child language acquisition and phonetics—bringing in related subjects like computer code and foreign vocabulary as illustrations.,"Each paragraph develops the idea further, moving sequentially from phonetic mechanics to binary analogies, language development, and cross-cultural examples.","The prose is clear, fluent, and well-formed throughout, with no grammatical errors or missing elements.",The writing is formatted as standard continuous prose with an informal list of translated terms near the end.,"Punctuation is used correctly and effectively, including quotes, parenthetical marks, and ellipses to set off conversational elements and phonetic sounds.","The text uses a variety of sentence structures, ranging from short imperative sentences to complex conditional and subordinate clauses.","The passage introduces an abstract phonetic theory using clear analogies and cross-linguistic evidence, requiring moderate conceptual tracking by the reader.","The text reads like an engaging, high-quality popular science article or blog post written by a human.",0.5282258064516129,0.6564885496183206,4.454370740818538,0.0975609756097561,0.4017094017094017,12,0.5102347095167741,0.05555555555555555,0.08609271523178808,5.1590740006754
reddit_eli5,60efb74c-c8a1-463b-bd39-f83586efb5b2,16.707247789880665,3.6949064300161374,16.190803412045636,9.357011845066618,1.5907563100168325,1.4977129732702714,0.2132567501007449,3.5739705414782055,20.482925173368443,9.84719776987928,6.125163922463541,28.32700233206362,00+,0.0,0.0,18.32700233206362,18.32700233206362,8.0,8.0,7.0,7.0,8.0,5.0,8.0,8.0,7.0,8.0,"The text uses precise, genre-appropriate vocabulary ranging from standard narrative terms to informal slang without any misplaced or arbitrary words.","The narrative advances logically from Snoop Dogg's early pre-fame arrests through his major trial, his later career offences, and finally to a comparative conclusion about legal outcomes for the wealthy versus ordinary people.","The text stays focused on the primary topic of criminal justice outcomes while examining legal history, celebrity status, systemic socio-economic disparities, and personal commentary.",Every sentence introduces a new stage in Snoop Dogg's criminal timeline or a distinct analytical comparison regarding the legal system.,"The text is well-constructed informal prose with sound grammar and clear phrasing, containing only minor stylistic choices suited to social media writing.","The text is structured as ordinary continuous prose with standard paragraphing and an edit addendum, showing no artificial repeating frame.","Punctuation is used correctly throughout to manage parenthetical statements, lists, and dialogue tags, despite minor informal spacing choices.","Sentences feature complex structure with multiple subordinate clauses, parenthetical insertions, and conditionality.",The writing presents a multi-tiered argument contrasting systemic racial and class disparities in the justice system with celebrity privilege.,"The writing is a completely natural and authentic example of a detailed, informal Reddit comment explaining legal disparities through a celebrity case study.",0.608433734939759,0.7524752475247525,4.970578238873253,0.030303030303030304,0.2,9,0.5472790830350764,0.08333333333333333,0.06182795698924731,4.9149210687738005
reddit_eli5,e02e5cde-a390-4c74-b91c-03323c423e76,15.519308125876751,3.5075562576728943,16.15083534288275,9.026365699132308,1.2601101640825227,0.3097733092663599,0.0259065777575018,3.5340024723153203,16.225453288209952,2.0367046921649012,0.7440891571300011,28.01021863862085,00+,0.0,0.0,18.01021863862085,18.01021863862085,8.0,8.0,6.0,7.0,8.0,5.0,7.0,7.0,6.0,8.0,The content words fit the topic of media criticism precisely and natural phrasing is maintained throughout.,"The passage develops a single coherent critique of Fox News, moving smoothly from general host behavior to specific election coverage and finally a documentary recommendation.","The text stays within the domain of modern American political media, focusing on Fox News, news commentary, and related political ideologies.","Each sentence advances the argument by introducing new aspects of the channel's bias, specific historical examples, or external references like the Netflix documentary.","The prose is informal and contains isolated informalities like ""eh fuck it"", but it remains completely fluent, grammatically sound, and free of structural defects.","The text is formatted as standard continuous informal prose without any repeating structural template, lists, or rigid frames.","Punctuation is used correctly to signal tone and parenthetical insertions, with spacing around punctuation reflecting simple raw web-text tokenization rather than poor usage.","The writing displays a healthy mix of compound and complex sentences, featuring multiple subordinate clauses and parenthetical structures.","The text presents a clear political argument defining conservatism and analyzing media bias, requiring the reader to follow connected points without becoming deeply abstract.","The text reads exactly like an authentic, opinionated human online post answering a question about political news channels.",0.6844262295081968,0.8083832335329342,4.8905989811634445,0.0,0.2987012987012987,7,0.5334602803672034,0.08333333333333333,0.10877192982456141,5.285774151354522
eli5,118f5367-bd72-41ab-9e78-8c4cc7691ad1,19.219352463365283,3.866061407318447,18.88911179552463,10.05227195769858,1.3123610457010688,0.6275525148594454,0.1957374115658723,3.658539384079349,15.01572566259864,3.375426352465027,5.332973650075208,24.021023539010724,00+,0.0,0.0,14.021023539010724,14.021023539010724,8.0,7.0,7.0,7.0,7.0,5.0,7.0,7.0,7.0,7.0,"The content words throughout the text, such as ""investment,"" ""tuition,"" ""mortgage,"" and ""generations,"" are precise and fit their specific economic contexts perfectly.","The text forms a unified discussion about intergenerational wealth and economic mobility, with clear thematic transitions despite containing some minor web-forum formatting artifacts.","The text focuses strictly on the single topic of intergenerational wealth, housing markets, and educational value from economic and personal angles.","Each paragraph introduces distinct sub-topics and arguments, moving from statistical mobility to educational/housing advantages and personal anecdotal evidence.","Apart from embedded quote marks and a broken URL string, the prose is well-formed, fluent, and fully grammatical throughout.","The writing is standard open prose, with one section utilizing a simple numbered list for readability.","Most sentences and list items are punctuated correctly, though some residual quotes and comma-separated text blocks create minor awkwardness.","Sentences feature varied structures, combining relative clauses, parenthetical remarks, and conditional constructions.","The text develops a moderately complex argument about socioeconomic trends, inflation, and shifting historical opportunities that requires tracking across paragraphs.","The passage reads naturally as a typical online forum post or comment section discussing economic issues, incorporating personal anecdotes alongside analysis.",0.5626477541371159,0.7226890756302521,5.09214497236609,0.009501187648456057,0.1891891891891892,7,1.0945117131687456,0.045454545454545456,0.055944055944055944,4.638204439985814
wiki_csai,1c8b21d6-e94c-4c5f-ad4f-c43bbb196e62,19.109185734275997,3.4915411801084097,17.14879602524089,9.60616419012405,1.6811955826265983,0.4803066332448367,0.2635334219313363,3.270926973311999,21.21390841896958,2.5782905704629884,8.163964949085482,23.569374815922274,00+,0.0,0.0,13.569374815922274,13.569374815922274,9.0,9.0,7.0,8.0,9.0,5.0,9.0,8.0,8.0,9.0,Every technical term and proper name fits its exact context in mathematical logic and history without any mismatched or arbitrary words.,"The passage opens with Gödel's identity and historical context, then logically progresses through his major mathematical theorems and contributions.","The text stays focused on mathematical logic, set theory, and philosophy of mathematics while placing Gödel within his historical peer group.","Each sentence introduces distinct achievements and theoretical results, moving from the first and second incompleteness theorems to set theory and modal logic.","The text consists of completely clean, well-formed standard English prose suitable for a publication.",The passage uses standard biographical encyclopedia prose without relying on explicit structural frames or repeating lists.,"Commas, parentheses, and phonetic symbols are placed correctly and accurately throughout the complex sentences.","The sentences feature multi-clause structures, appositives, embedded parentheticals, and detailed subordinate clauses.","The passage presents abstract formal logic concepts, such as recursive axiomatic systems and Gödel numbering, requiring focused reader attention.","The text reads exactly like a professional, well-written encyclopedia article.",0.6156716417910447,0.7272727272727273,4.80942665584991,0.03759398496240601,0.2912621359223301,12,0.5681818181818182,0.1111111111111111,0.13636363636363635,5.387393400946592
imdb,dc2c64ba-76e9-4c0f-a7d2-60e7151b8049,19.92123790972519,4.086564060725171,20.19579832631592,11.00245730403646,1.4598447331239497,1.1395171626415743,0.2184093380674814,3.407514028686549,15.298166223092846,6.067160607840026,5.646344412961308,20.296975964171125,00+,0.0,0.0,10.296975964171123,10.296975964171123,8.0,8.0,7.0,7.0,8.0,5.0,8.0,8.0,7.0,8.0,The content vocabulary consists of precise film review and political terminology fittingly chosen for the topic.,The passage flows logically from a summary of the film's thematic premise to specific praise for the cast and a brief critique of its plot flaws.,"The text stays strictly within the domain of film criticism, bringing in real-world political context only to evaluate the movie's themes.","Each sentence moves smoothly to a new observation regarding the plot, real-world parallels, acting performances, or narrative flaws.","The prose is grammatically sound, well-crafted, and clear throughout, despite a few minor hyphenation artifacts around dashes.",The text is structured as conventional continuous prose following the standard format of a film review.,"Punctuation is used correctly to manage complex sentences, parenthetical asides, and descriptive clauses.","Sentences feature advanced syntactic structures including participial phrases, parenthetical commentary, and embedded clauses.",The review offers a nuanced thematic analysis that requires holding both the movie's plot details and real-world political concepts in mind.,"The passage reads entirely as a genuine, well-written published movie review.",0.675,0.8666666666666667,5.18001923804733,0.010050251256281407,0.4076923076923077,9,0.31550254762735325,0.08333333333333333,0.11479591836734694,5.570045532591593
finance,f8c5de7f-a23d-4226-9a06-6b453e557381,18.626397964085616,3.184121066204358,16.66261434266886,8.739528085799193,0.754352651104627,1.397254487498241,-0.1216251408317004,2.6400131157870597,9.446913937883709,8.109831399320376,-3.679203823113506,18.826842987776516,00+,0.0,-0.0,8.826842987776516,8.826842987776516,8.0,6.0,6.0,7.0,8.0,5.0,8.0,7.0,6.0,8.0,"The content words are natural and appropriately chosen for a discussion on personal banking, regulatory compliance, and cultural attitudes toward cash.","The text maintains a clear thematic focus on suspicious activity reports and financial privacy, though it shifts somewhat abruptly into a rant about societal attitudes near the end.","The passage focuses on banking regulations and cash handling while bringing in related social attitudes, political commentary, and historical references.","Each sentence progresses the commentary by introducing personal anecdotes, policy details, generational differences, and political observations.","The writing is clear, well-formed, and entirely free of grammatical defects or structural damage.","The text is written in standard continuous prose, using simple inline framing like background tags and clear structural markers for its main points.","All sentence boundaries and internal clauses are appropriately punctuated, including effective use of parentheses and quotation marks.","Sentences feature a comfortable mix of complex clause structures, parenthetical interjections, and varied main-clause arrangements.","The text discusses financial privacy, regulatory intent, and socio-political observations, requiring the reader to connect personal experiences to broader social critiques.",The passage reads authentically as a typical online forum post offering background context and advice on a financial topic.,0.5730337078651685,0.7254901960784313,5.003495981907965,0.00847457627118644,0.25,13,0.5644020462848113,0.0625,0.10027855153203342,4.700573188279697
finance,6f010810-7f1b-44c2-a453-8aa65cb7ca06,17.145587653013862,3.3578682822174692,16.433059242861027,8.556913909821485,0.571738475126919,-0.0835558235735121,0.0521220751814106,2.410458015979227,7.159998923039165,-0.4849679479833448,1.5767113358694118,17.18980649152525,00+,-0.0,0.0,7.18980649152525,7.18980649152525,9.0,8.0,6.0,7.0,8.0,5.0,8.0,7.0,7.0,8.0,"Every technical and financial term, such as ""Nasdaq,"" ""spot price,"" and ""futures contracts,"" fits its context precisely.","The text forms a continuous, logical explanation addressing specific investment questions and moving smoothly from tech stocks to gold trading risks.","The passage remains focused on financial markets and investment strategies, briefly touching upon distinct assets like tech stocks and gold holdings.","The text steadily introduces new nuances and practical considerations, such as physical storage costs and ETF roll-over risks, without repeating points.","The writing is clear, well-formed, and free of grammatical errors, reading like a professional online advice post.","The text is written in natural, unstructured prose with standard paragraphing and conversational sentence structures.","Commas, colons, semi-colons, and parentheticals are used correctly throughout the text to structure complex thoughts.","Sentences feature varied constructions, including conditional clauses, parenthetical insertions, and multi-clause arguments.","The argument requires tracking conceptual nuances between short-term momentum trading, physical vs. ETF asset costs, and risk hedging strategies.",The writing perfectly captures the tone and style of an experienced investor answering a complex personal finance question online.,0.5343915343915344,0.7574257425742574,4.858062694419213,0.03723404255319149,0.26704545454545453,12,0.7125341317360797,0.05263157894736842,0.088,4.395601336361401
wp,7a28bc6c-3b1e-4ac2-a169-10374ef5da58,16.484752988195066,3.904763225720631,17.129600361904767,9.560025861074468,0.7266922198651038,0.2063653441604174,0.0506183571965195,2.4746169993730156,8.226704089098721,1.2677259484973729,1.3133485876441144,16.88583970487366,00+,0.0,0.0,6.885839704873661,6.885839704873661,8.0,8.0,6.0,7.0,8.0,5.0,8.0,7.0,5.0,8.0,"Every content word fits the scene precisely, from the humorous misuse of ""master"" to the vivid descriptions of digestive distress like ""chlorinated deaths"" and ""saliva.""","The narrative moves smoothly and chronologically from hearing a noise to realizing there is an intruder, culminating in a humorous dialogue.",The text stays strictly within the boundaries of a single narrative scenario involving a break-in during an acute bout of food poisoning.,"Each sentence advances the plot, adding new sensory details, internal thoughts, or dialogue without repetitive restatement.","The writing is clean, engaging, and well-formed throughout, despite cutting off mid-sentence at the very end.","The text follows standard narrative prose with a brief section of dialogue laid out using character tags, operating entirely within conventional storytelling forms.","Punctuation marks, including ellipses for trailing dialogue and quotation marks, are used correctly throughout the passage.","Sentences feature varied structures, blending complex clauses of internal monologue with short, snappy dialogue exchanges.",The story relies on accessible humorous narrative and physical description rather than complex abstract reasoning.,"The text is a highly natural, fluent, and entertaining specimen of contemporary comedic fiction.",0.5835095137420718,0.75,5.1967598530437815,0.010615711252653927,0.30456852791878175,8,0.9271539429937715,0.020833333333333332,0.11974789915966387,5.144384001777331
eli5,14a96e03-54bc-4b39-bba9-683ae2fa9939,18.40765800598694,3.537571899608943,17.760483788706665,9.146665861015132,0.4067549490176212,-0.1841419425188988,-0.1327520961436317,2.5299113772613797,4.653994223891433,-0.9904470951113998,-3.616904019842853,16.610743896665582,00+,-0.0,-0.0,6.610743896665582,6.610743896665582,8.0,7.0,7.0,7.0,7.0,6.0,7.0,7.0,6.0,8.0,"The content vocabulary consists of precise historical and economic terms like ""industrial capitalistic,"" ""horizontal integration,"" ""mergers,"" and ""distillate"" that perfectly fit the subject matter.","The text presents a clear historical analysis that moves logically from context to specific business strategies and final summary, though it ends with a slight dangling addition after a comma.","The text focuses strictly on economic history and business strategy, bringing in related areas like government regulation, transportation, and technological context to explain the central subject.","Each paragraph introduces new details regarding Rockefeller's life, economic concepts, modern comparisons, or specific market tactics without repetitive filler.","The prose is grammatical, clear, and well-written throughout, marred only by minor mechanical flaws such as ""In order words"" and a stray comma near the end.","The text is written mainly as standard continuous prose, using a few bullet points in the middle and a formal concluding sentence to organize its ideas.","Punctuation is correctly used to manage complex parenthetical statements and sentence boundaries, despite a minor typo before the final two sentences.","Sentences feature moderate variety and structural complexity, incorporating subordinate clauses, conditional frames, and parenthetical interruptions smoothly.","The text explains abstract economic mechanisms like monopolies and horizontal integration clearly, requiring the reader to hold historical context in mind without becoming excessively dense.",The passage reads like a well-crafted high school or introductory college history essay explaining business history.,0.504708097928437,0.6753731343283582,5.1504138668670425,0.01890359168241966,0.22433460076045628,7,0.46334955716661663,0.03125,0.08851224105461393,5.0571065030611395
cmv,84526076-8614-4ccb-b1b9-690163376f02,21.156653782346396,3.6791561147635456,19.059116346990724,9.838223217728308,0.7324614119663888,1.1424389762987026,0.0555907375379449,2.6977297970230723,8.043933364289234,5.708137877852155,1.5341447373169317,16.488393503718093,00+,0.0,0.0,6.488393503718093,6.488393503718093,8.0,8.0,7.0,7.0,7.0,5.0,8.0,8.0,8.0,8.0,The content words are chosen with high precision and fit the specific context of a philosophical debate essay.,"The argument moves logically from a broad thesis about religion's overall historical harm to specific supporting examples and counterarguments, concluding with a request for mind-changing views.","The text focuses on a single subject, examining the negative impacts of religion through historical, social, and charitable perspectives.","Each sentence advances the argument by introducing new facets of the topic, such as historical dark ages, civil liberties, and charitable practices.","The prose is well-formed overall, though it degrades slightly at the very end with a trailing sentence fragment.","The text is formatted as a standard continuous opinion essay commonly found in online forums, without repetitive structural frames.","Sentence boundaries and internal clauses are appropriately punctuated throughout, with standard use of ellipses and colons.","The writing features long, complex sentences with multi-level subordinate and relative clauses alongside embedded parenthetical thoughts.","The text requires the reader to evaluate abstract claims regarding historical counterfactuals, utilitarian trade-offs, and social ethics.","The writing is fully representative of a thoughtful, natural post on the ""ChangeMyView"" subreddit, complete with the abrupt edit tag typical of the platform.",0.5228310502283106,0.7248908296943232,4.966656772683483,0.034403669724770644,0.27751196172248804,10,0.4091372811622456,0.05,0.07126436781609195,4.569956368167266
finance,0cf2c177-2a16-4f25-9700-da55ea8767dd,16.51402122476712,3.503275927198166,16.323129389065684,8.995540191805055,1.010364757110489,-0.7151222518202545,0.1975297201621075,2.300528162183884,12.653006378802692,-4.150654690362476,5.975344378878174,16.405858834334484,00+,-0.0,0.0,6.405858834334484,6.405858834334484,8.0,8.0,6.0,7.0,7.0,5.0,8.0,8.0,7.0,8.0,"The content words are chosen with extreme precision for financial analysis, using exact terms such as ""free cash flow,"" ""margins,"" and ""customer acquisition costs.""","The text flows seamlessly from a light introductory framing to a step-by-step breakdown of analytical methods, concluding with a nuanced caveat.","The text stays strictly within the domain of stock analysis and investment research, drawing in relevant macro-economic context.","Each sentence builds systematically on the previous one, introducing distinct operational steps, methodologies, and source types in turn.","The prose is highly clear and natural despite a couple of minor informalities such as the typo ""alot"" and the casual abbreviation ""IMO.""","The text is written as standard continuous explanatory prose without any external structural frames, lists, or repeated phrasal patterns.","Parentheses, semicolons, commas, and hyphens are used correctly throughout to organize complex lists and sub-clauses.","The text features very long, deeply integrated sentences with complex parenthetical insertions, lists, and subordinate clauses.",The passage requires the reader to track multi-stage financial modeling concepts and contextualize different analytical approaches.,"The tone perfectly captures an articulate, knowledgeable professional answering a question in an online forum or educational setting.",0.625,0.7529411764705882,4.871452773980224,0.007407407407407408,0.38235294117647056,10,0.9093478873604499,0.1111111111111111,0.06666666666666667,5.019602563423162
yelp,047d85c6-60da-4512-8b64-5b6d57b2fef6,18.06002845589518,3.6749910682540823,17.560369452822393,9.465554449137825,0.5690295402041663,1.2491548653663536,-0.1404182468510173,2.4742760458505533,6.396087753688653,7.430636240523052,-3.680293128580082,16.401038884639938,00+,0.0,-0.0,6.401038884639938,6.401038884639938,8.0,8.0,7.0,7.0,8.0,6.0,8.0,7.0,5.0,8.0,Every content word fits the context of a detailed restaurant review precisely and naturally.,"The text flows logically from an introduction about the buffet to specific dish descriptions, a story about the service, and a concluding recommendation.","The passage stays focused on a single topic, examining the restaurant's lunch buffet, dishes, and customer service.","Each sentence advances the narrative by describing specific dishes, a particular service interaction, or helpful advice for future diners.","The prose is well-formed, natural, and clear throughout, with only minor casual idiosyncrasies like stylized capitalization and emoticons.",The text uses standard continuous prose interspersed with a few bulleted dash lists for specific dishes.,"Punctuation is used appropriately to delineate sentence structures, list items, and expressive casual remarks.","Sentences feature a good mix of simple declarations, compound structures, conditional clauses, and direct commands.","The content consists of personal anecdotes, concrete food descriptions, and straightforward dining advice.","The text is a completely authentic, enthusiastic online restaurant review written in a natural conversational tone.",0.5890909090909091,0.6975308641975309,4.828973961943192,0.007326007326007326,0.2743362831858407,9,0.8475479692428585,0.05,0.08633093525179857,4.9538767385049205
reddit_eli5,7a09dbe7-814b-4d82-b5b3-a15b926a87fa,15.333115833913544,3.494381640006522,14.654271924980574,8.53022898280739,0.7639734477576052,0.1235810173031506,0.0127319600911297,2.0374390544131433,9.837088727118582,0.8125233203594585,0.3656875694466525,16.148577660611522,00+,0.0,0.0,6.148577660611522,6.148577660611522,7.0,8.0,6.0,7.0,6.0,5.0,7.0,7.0,6.0,7.0,"The content words fit the topic of discussing the history and modern social dynamic of Gypsies accurately, despite a few spelling errors.",The passage presents a structured narrative that moves chronologically from nomadic history to communist enforcement and finally to present-day societal problems.,"The text stays strictly within the domain of social analysis, history, and crime concerning a specific demographic group.","Each sentence advances the argument by introducing new historical facts, specific societal behaviors, or systemic issues.","The text is clear and fully readable, though marred by minor typos like ""reing,"" ""eventualy,"" and ""od.""",The writing follows a standard informal essay structure without any rigid repeating frames or template elements.,"Standard punctuation marks are used correctly overall, though spaced tokens like ""n't"" reflect raw tokenization rather than poor usage.","The text uses a variety of sentence structures, including rhetorical questions, parenthetical insertions, and compound-complex lists.","The passage requires tracking a socio-historical explanation for present-day behavior, involving moderate abstraction and cause-and-effect reasoning.",The text reads naturally as an informal internet forum opinion piece or blog comment discussing a controversial topic.,0.5704225352112676,0.6481481481481481,4.8177477012775425,0.05319148936170213,0.22950819672131148,7,0.5031337552524575,0.13333333333333333,0.046296296296296294,4.748895110696943
eli5,b4affa1e-8854-4bc5-8e29-764897df5f89,18.946954255656365,3.927118065430513,17.628781217355474,9.897588789017169,1.1576778770196583,0.3551543071505278,0.2567940696779383,2.3982088059101887,13.2458773170157,1.9102739279370875,6.996495948998215,15.746018869967171,00+,0.0,0.0,5.7460188699671715,5.7460188699671715,8.0,7.0,7.0,7.0,7.0,5.0,7.0,8.0,7.0,7.0,The content words are precisely chosen throughout to explain the legal history and philosophy of jury trials versus single-judge systems.,"The text forms a logical progression explaining the purpose of juries, their historical origins, political safeguards, and the dangers of single-entity justice, though it cuts off abruptly at the end.","The text focuses strictly on legal history, judicial systems, and political safeguards without branching into unrelated fields.","Each sentence introduces new historical context, political rationale, or illustrative metaphors regarding the judicial process.","The prose is grammatical, clear, and well-constructed, with only minor quotation mark anomalies resulting from spliced internet forum comments.",The text is written as standard explanatory prose without any repeating structural template or list format.,"Punctuation is accurate and natural throughout the standard prose, with minor mechanical artifacts like stray quotation marks between merged comments.","The text employs sophisticated sentence structures with relative clauses, parenthetical insertions, and subordinate conjunctions.","The content involves abstract legal concepts, political theory, historical analysis, and metaphorical reasoning.","The text reads as a natural, well-written online discussion response explaining a legal and historical concept.",0.5124555160142349,0.7152777777777778,5.179523986465746,0.019642857142857142,0.20437956204379562,7,0.47703785213686195,0.09090909090909091,0.059782608695652176,4.782936825477456
cnn,f653abb0-f767-4f2b-8a9f-6b8ddd60e98b,16.947335500296543,3.66536264288412,17.11605246629333,9.718530693191065,1.2051246842869396,-0.5141455804928725,0.2676481354485989,2.291332442507265,14.15561154990736,-2.944455731527377,7.877299133369818,15.456159973549944,00+,-0.0,0.0,5.456159973549944,5.456159973549944,8.0,7.0,7.0,7.0,8.0,5.0,8.0,7.0,6.0,8.0,Every content word fits the context of a news story about an identity thief precisely and effectively.,"The text outlines a clear narrative of the con artist's arrest, background, and legal history, despite a slightly repeated lead sentence characteristic of online news aggregator articles.","The passage remains focused entirely on a single topic, covering the legal, criminal, and investigative details surrounding the suspect.","The text steadily provides new information across sentences, including her aliases, past convictions in Hawaii, arrest details, and law enforcement quotes.","The writing consists of clean, well-formed, and fully grammatical journalistic prose throughout.","It uses standard news report formatting, concluding with a common online article footer, but lacks a strict repeating frame.",Sentence boundaries and quotation marks are correctly placed and cleanly maintained across the text.,"The prose uses a moderate variety of compound sentences, subordinate clauses, and direct quotes typical of news journalism.",The content presents a sequence of factual reporting about criminal allegations and legal proceedings without requiring abstract theoretical reasoning.,"The text reads as a genuine, professionally written online news article about a real crime.",0.6100278551532033,0.7168949771689498,5.09493832378047,0.011204481792717087,0.2642857142857143,5,0.5004835673601584,0.04,0.15426997245179064,5.232292108705251
yelp,7e0fb399-874d-4084-9f9a-81c6bc955e88,18.386640509294043,4.0388975198694,17.39162922711799,9.680914766823484,0.7843898578898258,1.5757669187652183,0.2234882047643007,2.305535820146149,8.816811799202203,9.373498112870225,5.857515834002846,15.282523831389485,00+,0.0,0.0,5.282523831389485,5.282523831389485,8.0,8.0,5.0,7.0,7.0,6.0,7.0,7.0,5.0,8.0,The content words are natural and precisely fit the author's narrative describing parking lot experiences and customer service interactions.,"The narrative advances logically from explaining the situation to telling a chronological story about a billing error, concluding with a bulleted summary.","The text stays strictly within the domain of personal customer service reviews, focusing on parking lots and account management.","The passage continually introduces new details of the chronological interaction, such as receiving the new card, getting fined, and calling customer service.","The writing is clear and well-formed throughout, with only minor typos such as ""explain what happennot"" and a missing dollar sign before ""25"".","The text primarily consists of standard prose, but ends with a brief bulleted list of summarized pros and cons.","Punctuation is largely accurate and aids readability, though a dollar sign is missing before the number 25.","The writer employs a varied sentence structure, using parenthetical remarks, direct speech, compound-complex sentences, and rhetorical questions.",The text discusses a concrete sequence of events regarding administrative errors and customer service frustration without abstract concepts.,"The passage reads entirely like an authentic, human-written online business review expressing personal frustration.",0.5173333333333333,0.6288659793814433,4.951362979331874,0.032171581769437,0.18232044198895028,8,0.47198493384617457,0.0625,0.104,4.556827766881504
wiki_csai,f5908fa7-2758-49d4-a950-050fb2bbd2c7,20.362813286804496,3.1896187760011023,15.990880434583412,8.445989489831236,0.5210208823337847,1.733934185773336,-0.038388982175971,2.1130113826545216,6.5744220341878785,9.307775182659046,-1.189246899383234,15.22576250538141,00+,0.0,-0.0,5.225762505381409,5.225762505381409,9.0,8.0,7.0,7.0,8.0,5.0,8.0,8.0,7.0,8.0,"Every technical term and content word is precise, accurately used, and perfectly suited to the domain of theoretical physics.","The text moves logically from a basic definition of quantum mechanics to its contrast with classical physics, key principles, historical origins, and modern mathematical formulations.","The passage focuses firmly on a single subject, examining physics concepts alongside their historical development and mathematical representation.","Each sentence systematically introduces new key concepts, historical milestones, or physical principles without unnecessary repetition.","Except for a stray citation fragment early in the text, the prose is well-formed, formal, and clear throughout.",The text is written in standard continuous prose typical of an introductory encyclopedia entry.,"Sentence boundaries, parenthetical definitions, and lists are punctuated accurately, with only minor intrusion from an orphaned citation code.","The writing relies on complex sentences with embedded relative clauses, participial phrases, and technical parenthetical additions.","The passage presents abstract physical concepts like quantization, wave-particle duality, and probability amplitudes that require careful reading to follow.","Apart from an artifact of web scraping early on, the text reads as a highly polished, professional reference article.",0.5757575757575758,0.7719298245614035,4.745058650842099,0.020338983050847456,0.30158730158730157,10,0.42540746591073497,0.375,0.07432432432432433,5.228377147292253
yelp,fa621d76-36c4-4ca7-a6b2-d32500431e0b,17.325368644228117,3.731848073879302,17.310733182547985,9.595697153688374,0.6991722447547151,0.5144950536992923,-0.0835612412257975,2.2246397755761453,7.858936516353982,3.0604896939392643,-2.1900989992077893,14.746294587756282,00+,0.0,-0.0,4.746294587756282,4.746294587756282,7.0,8.0,7.0,7.0,6.0,5.0,6.0,6.0,5.0,8.0,"The vast majority of content words are natural and fitting for a restaurant review, with only minor awkward phrasing like ""swapped in over salty queso cheese.""","The text maintains a logical progression, moving seamlessly from an opening summary to appraises of specific dishes, drinks, service, and final conclusions.","The text stays strictly within the domain of a single restaurant review, touching on food quality, drink preparation, service, pricing, and ambiance.","Every sentence introduces specific new details about the meal, such as particular dishes, drink quality over time, service speed, or seating wait times.","The prose is clearly understandable but contains several noticeable mechanical errors, such as homophone confusions like ""then"" for ""than"" and ""Their"" for ""There.""","The text is formatted as continuous, unformatted informal prose standard for online user reviews without any rigid structural frames.","Basic sentence boundaries are mostly intact, though punctuation is occasionally missing after clauses and around parenthetical remarks.","Sentences feature a comfortable mix of compound structures, subordinate clauses, and casual conversational fragments.",The text deals with straightforward personal descriptions of food preferences and service observations requiring no deep abstract reasoning.,"The text reads exactly like an authentic, slightly casual online review written by a real diner evaluating a restaurant experience.",0.5817610062893082,0.6810810810810811,4.9428011289856695,0.012658227848101266,0.3007518796992481,5,0.35045614379257944,0.1111111111111111,0.08490566037735849,4.923124063649119
wp,a175137b-448a-4e04-9f12-5201acfde887,16.483745527986216,3.745012497596899,16.815820463707517,9.253532157987085,0.4201985167777202,0.2053578839515673,-0.1091323709272127,2.1608371011757654,4.756964175081144,1.261537005029011,-2.8315586115735027,14.744725720401403,00+,0.0,-0.0,4.744725720401403,4.744725720401403,8.0,7.0,6.0,7.0,7.0,5.0,7.0,7.0,5.0,8.0,"The content words fit the pulp action narrative cleanly, using appropriate terminology like ""Action Express,"" ""Desert Eagle,"" and ""cacophony.""","The text follows a continuous, advancing narrative arc of a protagonist fighting through a strip club to discover aliens have abducted the women.",The passage stays focused on a single scene within an alien-apocalyptic action setting.,"The story steadily introduces new events, combat beats, and dialogue details in each sentence without repetition.","The prose is fully readable and well-constructed, marred only by minor typos like missing spaces in "".50 Action Express"" and ""gon na"".",The passage is standard continuous narrative prose without any repeating structural frames or templates.,"Punctuation is used effectively throughout to manage dialogue, actions, and pauses, despite minor ellipsis variations.","The text contains a healthy mix of sentence structures, including participial openers and compound sentences.",The content is straightforward pulp fiction action with simple character motivations and concrete visual details.,The piece reads naturally as a piece of video-game-inspired action fan fiction (evoking Duke Nukem).,0.5801354401805869,0.7626459143968871,5.092170380209213,0.0045351473922902496,0.25268817204301075,7,0.6035282750821525,0.05,0.10430839002267574,5.071899294670449
cnn,ce4ad14d-dd85-41a7-a35b-96f06853d708,18.058654971138974,3.390948582976196,17.00111490780447,9.316381225292089,0.8029752163879635,0.5971738903495627,-0.0067659244593252,2.176394884018407,9.431891484420408,3.4199498174673826,-0.1991316352365317,14.6808498273587,00+,0.0,-0.0,4.680849827358699,4.680849827358699,8.0,7.0,6.0,5.0,8.0,6.0,8.0,7.0,5.0,8.0,"Every word fits naturally into sports journalism conventions, with specific cricket terminology like ""sweep shot,"" ""declared,"" and ""slip catch"" used accurately throughout.","The passage functions as a cohesive cricket match report that weaves together summary sentences, player quotes, image captions, and analysis of the England batting order.","The text stays strictly within the domain of international cricket, touching briefly on team selection dynamics and individual player performances.","While the text introduces fresh details such as post-match quotes and specific catch descriptions, some information about Ballance's score and the match scenario is repeated.","The prose is grammatically sound and reads like publishable news, with only a minor typo (""asa"" instead of ""as a"") flawing the text.","The passage embeds several short image captions alongside traditional sports news reporting, but it remains predominantly standard continuous prose.","Quotes, commas, and hyphens are correctly implemented across all sentences, with only one tiny spacing issue after a full stop (""at theSir"").","Sentences feature moderate complexity with compound clauses, participial phrases, and embedded direct quotes.","The text consists of concrete sports reporting, match statistics, and simple player reactions that do not require abstract reasoning.",The text is a completely authentic news article compiled with typical image captions from a mainstream sports media source.,0.5721040189125296,0.7148760330578512,5.144895191171206,0.019002375296912115,0.22099447513812154,5,0.5691694806912393,0.08695652173913043,0.1740139211136891,5.202551454525469
cmv,025f34f6-4e23-4f2b-b527-8ba3d459ece9,20.549542436347487,3.9224460867861417,18.719782586792455,10.025236896124284,0.919475090362365,0.5353276302997934,0.2988807095605406,2.3583960368248036,10.0977283392208,2.674737108038,8.24824940206765,14.4144020411856,00+,0.0,0.0,4.4144020411856,4.4144020411856,9.0,8.0,7.0,7.0,8.0,5.0,8.0,8.0,8.0,8.0,The content words are chosen with high precision to construct a coherent political argument about legislative naming conventions.,"The text advances logically from specific historical examples to a broader thesis about legislative naming, concluding with a summary of counterarguments following an edit.","The passage maintains a clear focus on legislative policy, public discourse, and legislative naming conventions, briefly bringing in an international comparison to Uruguay.","Each sentence moves the argument forward by providing context, introducing historical examples, offering solutions, or reflecting on counterarguments from the discussion.","The writing is well-formed standard English, ending abruptly mid-sentence only because the text was truncated.","The text uses standard continuous prose organized into an opinion post structure followed by an ""EDIT:"" update section.","Punctuation marks are used accurately throughout, including appropriate quotation marks, dashes, and parentheses.","Sentences feature complex structures with subordinate clauses, parenthetical additions, and varied sentence openers.","The text constructs a dense, multi-layered rhetorical argument regarding political manipulation, rhetoric, and legislative design.","This is a completely natural, high-quality argumentative post from an online discussion forum like Reddit's ChangeMyView.",0.505922165820643,0.6822742474916388,5.204215116234771,0.030560271646859084,0.2534246575342466,10,0.9422541535912229,0.06451612903225806,0.10234899328859061,4.657419312304791
cnn,859bb8a1-9a9b-4442-a35b-9ca281755f5e,17.73746472754268,3.5261932892160175,16.842941202839178,8.996555215723815,0.4831492068196894,0.2759836467532643,0.1284787817804962,2.018221179053114,5.675157584571513,1.5805282809422911,3.781329523105448,13.613890689435651,00+,0.0,0.0,3.6138906894356513,3.6138906894356513,8.0,8.0,7.0,7.0,7.0,5.0,7.0,7.0,6.0,7.0,"The content words throughout the text are natural, accurate, and precisely suited to a political news report covering a senator's television appearance.","The passage flows logically, developing the narrative around Elizabeth Warren's media interview, her platform demands, and her stance on potential 2016 presidential candidates.","The text stays strictly within the context of American politics and presidential campaigning, with related references to student loan policy, Social Security, and lobbying.","Each paragraph advances the article by introducing new details from the interview, specific policy positions, and her commentary on other candidates.","The text consists of clear, professional journalism with only minor formatting artifacts like stray isolated headlines embedded in the prose.","The text follows standard, unconstrained news article formatting without relying on lists, Q&A frames, or repeating sentence templates.","Quotes and sentence boundaries are generally well-punctuated, though a few minor punctuation marks are omitted around quotes and inserted headlines.","The sentences feature a natural journalistic variety of relative clauses, direct quotes, embedded subordinate clauses, and varied sentence lengths.","The text addresses political strategy, legislative records, and economic policy ideas, but presents them in accessible, standard news reporting terms.","Aside from a couple of stray headline insertions common in online news scrapes, the passage reads entirely like authentic mainstream political reporting.",0.5665024630541872,0.7304347826086957,5.060920775005677,0.04950495049504951,0.26136363636363635,9,0.6966564156572128,0.047619047619047616,0.13725490196078433,4.946854317192196
wp,6dbf7eb2-303a-4bfa-b2d8-9944f2c27611,17.179921681571493,4.083513662927461,16.616917462219526,9.952714054887656,1.1193804136782912,0.9015340375368446,0.2293687944033497,1.961934099687774,12.67223065656827,5.538226864054434,5.951223999817714,13.387487731332612,00+,0.0,0.0,3.3874877313326124,3.3874877313326124,8.0,8.0,7.0,7.0,7.0,5.0,7.0,7.0,6.0,7.0,"The content words fit the casual, narrative context perfectly, capturing realistic informal conversation and storytelling details.",The story follows a clear chronological progression from watching TV to discovering the strange behavior of the narrator's friend after the teleportation experiment.,"The text weaves together casual chat about SpongeBob, corporate engineering/technology, teleportation sci-fi concepts, and a local burrito restaurant visit.","The narrative advances rapidly, continually introducing new plot developments from the commercial to the warehouse deal to the specific behavioral inconsistencies at the burrito shop.","The text consists of clean, well-formed conversational prose with only minor intentional informalities and an abrupt truncation at the end.",The text is formatted as standard continuous narrative prose with no explicit repeating frames or structured forms.,"Sentence boundaries and quotation marks are used appropriately throughout, with only minor informal stylization like multiple period ellipses.",The text uses a variety of complex compound and complex-compound sentence structures with subordinate clauses and direct dialogue.,"The content features a narrative twist involving personal identity and sci-fi tropes, but it remains accessible personal storytelling without heavy abstraction.","The passage sounds completely like a natural, engaging informal story posted to an online forum or social media group, minus the trailing final sentence.",0.5414141414141415,0.6902985074626866,5.225042350417766,0.004056795131845842,0.21145374449339208,6,0.4621901628647103,0.047619047619047616,0.1267605633802817,5.029714017863196
xsum,824bc710-408e-463d-b6ab-e6bd85736961,18.979486762066912,3.653230083641547,17.646851059321303,9.535603264754906,0.5099472027423406,1.1702486363885427,-0.0851963011534855,2.06719784580358,5.649973799562568,6.571020209456416,-2.278934834720737,13.268574194000488,00+,0.0,-0.0,3.268574194000488,3.268574194000488,8.0,8.0,7.0,7.0,7.0,5.0,7.0,7.0,6.0,8.0,"The content words fit the subject of a news report about a royal visit exceptionally well, with precise vocabulary like ""scholarship initiative,"" ""transplanted,"" and ""acidification.""","The text reads as a connected news article covering Prince Harry's tour of Grenada, moving smoothly from the hospitality initiative to his beach visit and environmental project.","The text covers a royal tour while touching upon hospitality training programs, youth support initiatives, and ocean conservation efforts.","Each paragraph advances the article by introducing distinct events from the tour, including scholarship details, an interaction with a young artist, and an underwater coral project.","The prose is well-formed overall, though it contains minor slips such as ""a organisation"" instead of ""an organisation"" and a missing percentage sign in ""75 of coral reefs.""","The text is structured as standard news prose without any rigid repeating frames, tables, or bullet points.","Quotation marks and standard sentence punctuation are mostly accurate, though there is an unclosed quote at the end of the text.","Sentences feature varied structures with relative clauses, participial phrases, and direct speech embedding.",The text contains straightforward journalistic reporting of events alongside simple descriptive details and clear factual statements.,"The writing strongly resembles a standard, professionally written news report about the British Royal Family.",0.5944444444444444,0.7429906542056075,4.978912586286134,0.00558659217877095,0.2671232876712329,7,0.7996952034572344,0.14285714285714285,0.1532033426183844,5.183420103274704
eli5,caaf2611-8d9f-4053-9612-9ceec047f8e7,23.787288976978864,3.3900187345473194,15.842948056853816,8.427729324453436,-0.3121815875440745,5.195489028473027,-0.2803052612052554,0.6123756454085321,-3.571908119973334,27.94505665327241,-7.6370713193068065,4.020700134345244,+00,17.94505665327241,-0.0,0.0,17.94505665327241,7.0,7.0,7.0,7.0,7.0,5.0,6.0,7.0,7.0,7.0,"The content words fit the subject of global oil markets and shale drilling, though minor typographical artifacts like ""drillingfracking"" and ""USNorth American"" remain.","The text presents a logical narrative tracking the rise of US shale oil, shifting global demand, OPEC's strategy, and the resulting price drops.","The text remains focused entirely on a single topic, examining global energy economics and oil production from several angles.","Each section introduces distinct economic factors, such as Chinese demand shifts, storage capacity limitations, and corporate debt obligations.","The writing is generally clear and well-formed, despite minor formatting glitches such as run-together words and quotation marks separating paragraphs.",The text follows standard continuous prose divided into thematic paragraphs without any repeating frame or rigid structural template.,"Standard punctuation marks are correctly placed throughout the text, though there are stray quotation marks and missing spaces around jammed-together words.","Sentences feature varied structures, compound clauses, and occasional subordinate phrasing typical of an explanatory article.","The text explains interconnected economic concepts, including supply-and-demand mechanics, market share strategies, and fixed operating costs.","The passage reads naturally as an informative explanation written for an online audience or forum post, notwithstanding minor formatting debris.",0.4656084656084656,0.6477272727272727,4.702802956452862,0.05053191489361702,0.33663366336633666,3,0.5928356813653727,0.1111111111111111,0.08288770053475936,4.705405518598342
cnn,4e757ea0-d677-4872-96a3-b238a1f93619,22.03230239214637,3.5111796339127372,15.998659874171064,8.991224017339349,0.4778180084352232,4.570821311356955,0.1134651264772159,1.1739398503849987,5.612536368352173,26.17659573210907,3.339454395856689,7.918799468060306,+00,16.17659573210907,0.0,0.0,16.17659573210907,8.0,8.0,7.0,7.0,8.0,5.0,8.0,7.0,6.0,8.0,"The content words throughout the article fit their context precisely and naturally, using appropriate mountaineering and news terminology.","The passage maintains a single logical narrative about the Indian army expedition to clean trash from Mount Everest, progressing smoothly from the problem to the expedition details and context.","The text focuses firmly on a single topic, bringing in related context such as UNESCO status and past Nepalese government policies.","Each sentence introduces new specific facts, quotes, or historical context about the expedition and clean-up efforts on Mount Everest without repeating itself.","The prose is standard news reporting with clear grammar, valid clause structures, and no grammatical errors.","The text is written as standard, unstructured news prose organized into natural paragraphs without any repeating frame or template.","Punctuation marks including quotation marks, parentheticals, and commas are used correctly throughout the article.","The text features a well-balanced mix of simple, compound, and complex sentences with occasional subordinate clauses and direct quotes.","The content provides factual news reporting with specific measurements and historical facts, requiring moderate attention to detail.","The text is an authentic, professionally written news report from CNN with no unnatural phrasing.",0.5906040268456376,0.7329545454545454,4.774813429357539,0.013513513513513514,0.32786885245901637,7,0.6539354547257462,0.0625,0.16776315789473684,5.343585154631262
xsum,988397d1-10af-426f-86a0-448d5fd87c87,22.270986324049694,4.100275580170442,16.96269481399304,9.6632361606757,0.6375800986631344,4.461748198371328,0.3618491953754099,1.383041600475316,7.0640859155557605,25.052998712719344,9.679184719194334,8.877229688754026,+00,15.052998712719344,0.0,0.0,15.052998712719344,8.0,6.0,7.0,7.0,7.0,6.0,7.0,7.0,7.0,7.0,"The content words precisely fit the domain of local government transport planning, using accurate terminology like ""devolution,"" ""enterprise partnership,"" and ""light metro network.""","The text stays centered on the proposal for expanding the East Midlands tram network, though it ends abruptly with a broken list item and a trailing sign-off phrase.","The passage remains focused on a single topic, examining local transport infrastructure in the East Midlands from political, economic, and regional angles.","Each paragraph introduces distinct elements of the topic, moving from the proposal details and expert commentary to specific cost estimates and regional strategic goals.","The prose is well-formed news reporting throughout, marred only by an incomplete sentence at the very end after the bullet point marker.",The text is structured as conventional news prose with an embedded quote section and a short bulleted list near the end.,"Punctuation is used correctly to manage quotes, ellipses, and attribution, though the trailing fragment at the end lacks proper closing punctuation.","Sentences feature varied structures, including relative clauses and subordinate constructions alongside direct speech.","The material requires tracking regional infrastructure plans, financial estimates per mile, and municipal policy goals, though it remains accessible news reporting.","Aside from a truncated concluding line typical of web-scraped news articles, the text reads like authentic local journalism.",0.5738255033557047,0.7192982456140351,4.736705821200737,0.02027027027027027,0.33070866141732286,5,0.6439080338306841,0.07142857142857142,0.15151515151515152,4.799872132138316
cmv,04eb9a16-b4cc-45eb-ad9c-aaeec3aae2d5,24.860453806860804,3.569404038450021,17.606845989069168,9.599565627855702,0.493803822093783,4.84623900081311,-0.0541613387755797,1.2454594391015164,5.422981982477459,24.213985148938857,-1.4946974357352036,7.612187605847982,+00,14.213985148938855,-0.0,0.0,14.213985148938855,8.0,8.0,7.0,7.0,8.0,5.0,8.0,7.0,7.0,7.0,The text uses precise and contextually appropriate vocabulary throughout the argument regarding energy policy and economics.,The argument progresses logically from global economic trends to a specific geopolitical solar energy strategy and its consequences.,"The text stays focused on global economics, manufacturing, and energy policy, while briefly appending an internet forum moderation note.",Every sentence introduces a new logical step or piece of evidence to advance the central thesis.,"The text consists of clean, highly readable, and well-formed English sentences with no grammatical errors.","The text is structured as standard continuous prose, concluded by a single standard forum footnote format.",All sentence boundaries and internal clauses are correctly and appropriately punctuated throughout.,"Sentences feature a variety of structures, including conditional clauses, complex transitions, and subordinate clauses.",The passage presents a multi-step economic and geopolitical argument that requires tracking cause-and-effect relationships.,"The writing reads naturally as a persuasive essay or online forum post, despite the minor inclusion of standard automated platform text at the end.",0.6303630363036303,0.7801047120418848,4.957300321423295,0.006644518272425249,0.24107142857142858,8,0.6159596642457495,0.09090909090909091,0.10714285714285714,4.9615839410593505
eli5,6ea6d618-d59e-455d-a265-490e14187344,22.98354705471532,3.315846213461756,15.424294743539493,8.40996054528842,-0.3299503667090899,4.391747106209483,-0.3544777822908189,0.1937223320942056,-3.7752143017402866,23.621957628488968,-9.657942533166905,1.2719307381292595,+00,13.621957628488968,-0.0,0.0,13.621957628488968,8.0,8.0,6.0,7.0,7.0,7.0,8.0,6.0,6.0,8.0,"Every word fits naturally within the context of an introductory technical explanation, using precise computer science terms and clear everyday analogies.","The text opens with a main thesis about program crashes, lists specific causes using a consistent structure, and concludes by summarizing the underlying cause of bugs.","The text stays focused on software development and computer programming, bringing in childhood analogies like kindergarten math and block-playing only to explain the central topic.","Each section introduces a distinct type of programming error—such as division by zero, access violations, and deadlocks—with fresh explanations and analogies for each.","The text is well-written and free of grammatical errors, though it ends abruptly mid-sentence on the final line.",The text follows a clear list structure where each section names a specific error condition followed by an explanation of how it causes a crash.,"Sentence boundaries, colons, and quotation marks are all used correctly throughout the passage, despite the abrupt trailing off at the end.",The text uses simple to moderately complex sentences with conditional clauses and conversational phrasing suitable for an explanatory guide.,"Technical concepts like deadlocks and unhandled exceptions are explained through accessible analogies, requiring moderate comprehension of logic rather than dense abstract theory.","The writing is an exceptionally clear and engaging sample of informal technical writing, such as an educational blog post or introductory programming guide.",0.41229656419529837,0.6008771929824561,4.8975974285525545,0.14337568058076225,0.38461538461538464,9,0.7131036067231502,0.07692307692307693,0.06148282097649186,4.514112258967655
wiki_csai,75833ca1-4f58-4de1-a4ac-ee6f3e80faac,22.372856097525077,3.3523446516095454,12.82487876356853,7.742279999747692,-0.1826886077497596,3.7439769964939167,0.124336893432472,-1.0529902883603626,-2.3052281567011663,20.09770408723452,3.851815198321821,-7.587550252998006,+00,10.09770408723452,0.0,-0.0,10.09770408723452,8.0,8.0,7.0,7.0,8.0,5.0,8.0,7.0,7.0,8.0,Every content word fits its position precisely and accurately describes educational testing concepts without any arbitrary or swapped terms.,"The text moves systematically from a definition of examinations to their formats, administration styles, scoring interpretations, and administrative organizations.","The passage maintains focus on a single subject, educational testing, while incorporating relevant subtopics like psychology, accreditation, and administrative organizations.","Each sentence smoothly introduces new facets of testing, moving logically from definitions and formats to scoring methodologies and institutional examples.","The prose is completely clean, well-formed, and fully grammatical throughout.",The text is written as standard informative prose organized into conventional paragraphs.,"Punctuation marks, including parentheses, commas, and abbreviations, are used correctly throughout the text.","Sentences feature varied structures, including complex lists, subordinate clauses, and passive voice constructions.","The content provides clear explanations of technical educational testing concepts with moderate abstract distinctions between norms, criteria, and institutional policies.","The text reads as an authentic, professional encyclopedia entry written for an informative purpose.",0.4855072463768116,0.753731343283582,4.342302493958853,0.06934306569343066,0.4154929577464789,6,0.4448963491290738,0.2857142857142857,0.06569343065693431,5.018675979109012
wikihow,6d450044-8496-46a2-afe5-e1327303ce14,21.528688546423933,3.5562253565905,15.852290073518985,8.362632507026813,0.0700974620088885,3.571941255766472,0.1539480957568737,1.3538915468922212,0.8453079984389387,19.891916937678808,4.5248545005163345,9.338214454553436,+00,9.891916937678808,0.0,0.0,9.891916937678808,7.0,6.0,5.0,6.0,5.0,5.0,4.0,6.0,5.0,6.0,"The content words fit the relationship advice context perfectly, with only minor phrasing flaws like ""taking notice in him.""","The text offers a logical series of tips for approaching a boy, though it reads slightly like a collection of bullet points merged into a paragraph.",The text stays strictly within the domain of middle school dating and interpersonal advice.,"Each section introduces a distinct tip—such as smiling, eye contact, asking questions, and creating mystery—advancing the guide steadily.","The writing is generally clear, but it contains visible typos and mechanical errors such as ""be don't be afraid"" and misplaced trailing commas.",The passage follows the standard structure of a listicle or advice guide where distinct action items are presented sequentially in continuous prose.,"The text suffers from misplaced commas after periods, stray trailing commas, and improper semicolon usage before ""and"".","Sentences feature a comfortable mix of conditional clauses, complex structures, and straightforward imperative advice.",The advice involves basic psychological and social concepts suitable for a general middle-school audience without high abstraction.,"The text reads clearly like a human-written online advice article, marred only by minor editing artifacts and typos.",0.5102040816326531,0.6933333333333334,4.571287799156583,0.02054794520547945,0.3263888888888889,7,0.7902949884086246,0.07142857142857142,0.06028368794326241,4.312603132314063
cnn,49a2d576-81e8-4b16-889d-beb4a986f322,20.92517227810324,3.311492834425042,15.113481769080582,8.591549963239117,0.0781439543349922,3.4636911973138247,-0.0862216730104794,0.2887617452945186,0.9178929590960642,19.836182173140347,-2.537637368348426,1.9478394521529192,+00,9.836182173140347,-0.0,0.0,9.836182173140347,8.0,6.0,6.0,5.0,7.0,6.0,7.0,7.0,5.0,7.0,Every content word fits the context of a news report about a fatal police chase and fall without any misplaced or arbitrary vocabulary.,"The narrative presents the story clearly, though it repeats details like the fall and hospital stay multiple times due to photo caption inserts.","The text stays strictly within the domain of a local news crime and accident report, covering the incident, the victim's background, and his family's reaction.","Information is introduced systematically across sentences, though embedded image captions repeat several core facts about the fall and hospital outcome.","The writing is well-formed news prose with only minor omissions like a missing prepositions or articles, ending mid-sentence at the very end.",The text follows standard online news format featuring a main article interspersed with descriptive image captions and video prompts.,"Punctuation is largely accurate and aids readability, with standard use of commas, periods, and quotation marks, though a space is missing before a news outlet attribution.","The text uses a variety of compound and complex sentences with relative clauses, participial phrases, and embedded dialogue.",The text presents a straightforward factual report of a real-world event requiring simple tracking of characters and sequence of actions.,"Aside from being truncated mid-clause at the very end, the text is a completely authentic specimen of online tabloid journalism.",0.40408163265306124,0.494949494949495,4.8780793175606,0.29918032786885246,0.1643835616438356,7,0.5725216875270976,0.08333333333333333,0.15040650406504066,5.108768663664477
yelp,cc036ec3-f237-43f7-8101-62ad9c79dd50,19.962768167704443,3.799165116084101,16.081449590441963,9.053133108882774,0.1566081999491153,3.151894577175618,-0.0162441990209987,0.9953561834701236,1.7603300339422807,18.74914209664501,-0.4257524600752109,6.597839192816697,+00,8.74914209664501,-0.0,0.0,8.74914209664501,8.0,8.0,5.0,7.0,7.0,5.0,7.0,7.0,5.0,8.0,The content words fit the topic of a restaurant review naturally and precisely throughout the text.,"The passage flows logically from general praise of the location to detailed critiques of service, culminating in a clear summary judgment.","The text remains focused on a single topic, evaluating a local restaurant's food, atmosphere, service, and clientele.","Each sentence advances the narrative by adding distinct details about the restaurant, specific service issues, or personal experiences.","The text is clear and readable, despite minor punctuation errors like missing spaces around a slash (""dinnerhappy hour"") and a run-on sentence.","The text is written in standard continuous prose typical of an online consumer review, without any rigid repeating frames.","Sentence boundaries are clearly defined, though a run-on sentence and a missing space in a compound phrase detract slightly from perfection.","Sentences exhibit good structural variety, featuring compound-complex constructions, relative clauses, and temporal subordinations.",The content relies on straightforward personal observations and simple evaluations of dining experiences.,"The passage reads entirely like a genuine, fluent customer review written for an online platform.",0.5791245791245792,0.7209302325581395,4.807080047198868,0.02711864406779661,0.248,6,0.41347402280311873,0.1111111111111111,0.0436241610738255,4.58309451965866
cmv,3cf3f0a5-fc84-47ae-aee5-7b0fbb8a595c,23.725898868615623,3.747402348323576,17.411337462177162,9.620869463174945,0.5151076574130258,3.711684062567933,0.1238369710979756,1.0499509122095103,5.656941927550503,18.545239463735395,3.4175448268796393,6.41724898438749,+00,8.545239463735395,0.0,0.0,8.545239463735395,7.0,6.0,6.0,7.0,7.0,6.0,8.0,7.0,6.0,8.0,"The content words are natural and appropriately chosen for the discussion, with only a minor typo (""figurine"" instead of ""figuring"").","The main text builds a clear argument about police motivations, which is then abruptly interrupted by a standardized moderator footnote.",The text stays strictly within the domain of US law enforcement ethics and online community moderation rules.,Each sentence advances the argument about police motivations and benefits until shifting to administrative subreddit reminders.,"The prose is fully legible and grammatical, save for a single typographical error (""figurine"" for ""figuring"").",The passage consists of ordinary opinion prose followed by a standard boilerplate moderator text template.,Sentence boundaries and internal clauses are properly punctuated throughout both the opinion post and the meta-text.,"Sentences feature complex structures including relative clauses, subordination, and varied lengths.","The argument presents a coherent opinion on institutional power dynamic and personal motivations, though it remains accessible.","The text is a completely authentic capture of an online post on Reddit's ""ChangeMyView"" forum alongside its standard automated moderator note.",0.6,0.710691823899371,4.775132906655626,0.011406844106463879,0.22641509433962265,7,0.6280195492528132,0.1111111111111111,0.09328358208955224,4.507098154040651
yelp,567ea843-f598-408d-a4bd-10df07f82b6c,19.844201303916694,3.908830805934922,14.855346894461514,9.049159061862849,0.1526341529291901,3.0333277133878696,0.0934214908298223,-0.2307465125103256,1.7156603785363305,18.043843450805756,2.4485312875860847,-1.5295312463310693,+00,8.043843450805756,0.0,-0.0,8.043843450805756,8.0,8.0,5.0,7.0,7.0,5.0,8.0,7.0,5.0,8.0,"The content words precisely fit a negative restaurant review, using specific terms like ""ceviche tostada,"" ""tilapia,"" and ""frostbit.""","The text maintains a logical, chronological narrative detailing a specific bad dining experience and its immediate aftermath.",The text stays strictly within the domain of personal dining experiences and restaurant feedback.,"The narrative steadily introduces new details about the event, moving from the initial order to the interaction with staff and final billing.","The prose is fully clear and grammatically sound, though it cuts off abruptly at the very end.",The writing follows standard continuous prose typical of an online consumer review without any rigid repeating frames.,"Sentences and dialogue are properly punctuated throughout, with standard use of commas, capitals, and question marks.","The text uses a variety of complex structures, including direct speech, conditional clauses, and multi-layered subordinate clauses.","The content focuses on a direct, concrete personal narrative with basic reasoning about customer service expectations.","The text is a completely natural, authentic example of an informal online restaurant review.",0.4652173913043478,0.6401869158878505,4.931782436165262,0.03275109170305677,0.26422764227642276,5,0.5598506647257365,0.06896551724137931,0.13548387096774195,4.6449240098004685
wp,95b11d30-85d7-41a9-8dd6-5a0178dcf04e,19.213811231528595,4.060682013259088,14.924698401135098,8.850559226720055,0.0172255855106904,2.935423587493947,0.2065371447349764,0.269715038603346,0.195006621626171,18.03264335316193,5.358831901253022,1.8404322402229656,+00,8.03264335316193,0.0,0.0,8.03264335316193,8.0,8.0,7.0,7.0,8.0,5.0,7.0,7.0,6.0,8.0,"The content words precisely fit the natural register of a first-person personal narrative, matching the speech patterns and vocabulary of a reluctant speaker at a funeral.","The text forms a single, beautifully sustained internal monologue and eulogy that logically moves from observing the crowd to delivering spoken thoughts and reflecting on past family history.","The passage maintains a tightly focused narrative centered on a single emotional event, incorporating related themes of family history, personal regret, and memories of war.","Each sentence advances the protagonist's emotional realization and internal conflict without repetitive looping, steadily introducing new details about the father's life and the speaker's regrets.","The prose is clean, fluent, and well-written throughout, using conversational grammar perfectly tailored to informal narrative speech.",The passage is structured as ordinary continuous prose following conventional narrative story format without any repeating frames or structural templates.,"Punctuation is used correctly throughout to reflect spoken pause, internal dialogue, and direct speech, although the text cuts off abruptly at the end.","Sentences vary naturally between short rhetorical questions, conversational fragments, and moderately complex compound structures containing subordinate clauses.",The narrative presents moderate emotional and psychological depth regarding family estrangement and grief without relying on abstract academic concepts.,The text is a completely convincing and authentic piece of dramatic fiction written in a natural first-person voice.,0.44165170556552963,0.6138211382113821,4.99726219300015,0.04144144144144144,0.3247588424437299,6,0.5685213776344552,0.0425531914893617,0.12365591397849462,4.522843995679152
wiki_csai,4253ccb6-2741-45a7-909a-79de20b10a90,21.931085723735976,3.186957863074909,14.88056377828764,8.112223385926029,0.1872547784285778,3.3022066227048157,-0.0410498951021645,1.0026947263587491,2.362845680567424,17.726276523647787,-1.2716789480501831,7.225134655809296,+00,7.726276523647787,-0.0,0.0,7.726276523647787,9.0,8.0,6.0,7.0,8.0,5.0,9.0,8.0,8.0,8.0,The mathematical and statistical vocabulary throughout the text fits its theoretical subject precisely with no awkward or misplaced terms.,"The text progresses logically from basic definitions of linear regression to model estimation, comparative domains, and specific fitting methods.",The text focuses strictly on the mathematical and statistical theory behind linear regression and its estimation techniques.,"Each sentence introduces distinct theoretical concepts, distinctions, or methodological variations without unnecessary repetition.","The text consists of clear, grammatically sound, and error-free formal prose, despite an abruptly truncated phrase preceding the final section.",The text is structured as standard academic expository prose divided into conventional introductory and explanatory paragraphs.,"Parentheses, quotation marks, commas, and periods are used correctly throughout according to standard academic conventions.","Sentences feature complex structures including relative clauses, conditional constructions, and multiple embedded prepositional phrases.",The content demands a high level of mathematical abstraction and requires tracking subtle distinctions between statistical models and estimation techniques.,"The text reads like an authentic, highly professional textbook or reference encyclopedia article on statistical methodology.",0.4339080459770115,0.5364238410596026,4.593618371181172,0.0838150289017341,0.3197969543147208,8,0.6316712844796817,0.15384615384615385,0.03768115942028986,4.992822563937744
cnn,40f049fa-1fe0-4e28-8445-c0599347e9c4,20.47434767725318,3.263921903895905,14.264889838304963,7.95534498884652,-0.5580610200576048,3.012866596463766,-0.1337926035396162,-0.5598301854811005,-6.5550852323257205,17.25435879421723,-3.9377235270010447,-3.7763288924368257,+00,7.254358794217229,-0.0,-0.0,7.254358794217229,8.0,7.0,7.0,7.0,8.0,6.0,8.0,7.0,5.0,8.0,"The content words are natural and well-chosen for a news article detailing an accident, with clear context-appropriate vocabulary throughout.","The narrative follows a logical sequence reporting the fall, eyewitness accounts, medical updates, and the aftermath involving the car owner.","The text stays centered on a single news event, covering related aspects like police investigation, medical status, and insurance issues.","Every sentence introduces new details, quotes, or perspectives about the event, though caption-style summaries occasionally restate main points.","The prose is well-formed English, marred only by minor formatting glitches like spaces before periods and missing spacing in ""tocsee"".","The text is standard prose interspersed with distinct image caption headers like ""Life-saving car:"" and ""Miraculous:"".","Quotation marks, commas, and periods are accurately placed, with only a minor spacing artifact before one period.","Sentences feature varied structures, including relative clauses, indirect speech, and conditional statements.",The text presents a straightforward journalistic account of a factual event with minimal abstract reasoning.,The writing strongly resembles a standard online tabloid news article complete with embedded photo captions.,0.4823848238482385,0.6573033707865169,4.694748341844091,0.10626702997275204,0.32460732984293195,6,0.4033880185269814,0.047619047619047616,0.10989010989010989,4.710040134845321
reddit_eli5,c15f092d-0279-4288-a590-d54a5a47aafb,17.796536304910642,3.6674436614538903,11.700586184006584,7.218586972685314,-0.5476685623644713,2.587001488300249,0.1857939815384979,-0.9162466865608464,-7.051899849197538,17.009077000007746,5.336377827163038,-7.262097358032446,+00,7.009077000007746,0.0,-0.0,7.009077000007746,8.0,7.0,7.0,7.0,7.0,5.0,8.0,7.0,6.0,8.0,The content words throughout the text are precisely chosen to explain basic chemistry and biology concepts accurately and accessibly.,"The text logically builds from defining basic terms like solute and solvent to explaining concentration and finally demonstrating osmosis through a real-world example, though it cuts off abruptly at the end.","The text stays focused on foundational chemistry and plant biology concepts, examining how solutes, solvents, concentration, and equilibrium interact.",Each sentence introduces new information or step-by-step examples that build systematically on the previously introduced concepts.,"The prose is well-formed, readable, and conversational, containing only a trailing off at the very end.","The text is written as standard, informal instructional prose without any rigid repeating frames or bulleted structures.","Punctuation marks including commas, parenthetical marks, and capitalizations are used correctly to guide the reader through the explanation.","Sentences feature varied constructions, including parenthetical asides, conditional clauses, and cause-and-effect compound structures.",The text explains abstract scientific principles such as equilibrium and osmotic pressure by grounding them in step-by-step analogies.,"The text reads exactly like an informal, engaging online explanation or tutorial written by a real human tutor.",0.34963325183374083,0.5804195804195804,4.3641049866856605,0.15724815724815724,0.37218045112781956,10,0.5924385852000178,0.08695652173913043,0.05636743215031315,4.332587821451471
reddit,60e5cc06-240c-4ed3-80bd-353d0ba88cb2,20.18816784520677,3.121627626764855,15.34761923681334,8.294036710630197,-0.1353752518325528,2.713379578713873,-0.3355362053980499,0.7622147493289884,-1.6059868996247444,15.527396025259163,-9.705533833151566,5.225873235007231,+00,5.527396025259163,-0.0,0.0,5.527396025259163,8.0,8.0,7.0,7.0,8.0,5.0,8.0,7.0,7.0,8.0,Every content word fits the context of energy economics and solar technology precisely.,"The text forms a continuous, well-argued discussion evaluating the economic and practical trade-offs of solar energy versus other power sources.","The text stays focused on the single domain of energy production, economics, and environmental policy, evaluating it from several angles.","The passage steadily introduces distinct arguments, addressing subsidies, plant operation costs, grid transmission, and practical cooling applications.","The writing is clear, well-formed standard English typical of a thoughtful online forum discussion.","The text is written in free-flowing prose with an embedded quote block, following standard online discussion formatting rather than a strict template.","Punctuation is used correctly throughout, including quotation marks, hyphens, parenthetical remarks, and quote indicators.",Sentences feature a good mix of compound and complex structures with conditional clauses and parenthetical insertions.,The text presents a multi-layered economic and technical argument requiring the reader to weigh cost-benefit factors against physical constraints.,"The text reads completely naturally as an authentic, articulate exchange on an online debate forum.",0.5193370165745856,0.6914893617021277,4.813767214188324,0.027777777777777776,0.3103448275862069,10,0.5696442838917141,0.038461538461538464,0.08469945355191257,4.601947551967233
wikipedia,9aec5759-8dad-4736-a66a-dac2d11de1ea,19.419400481437496,3.663222968423369,15.61226297313318,8.928420552617563,0.17996229636306,2.604646273825889,0.0414334579594766,1.4118669105692163,2.057074413476229,15.49024292396039,1.144005134472038,9.942447410261156,+00,5.490242923960389,0.0,0.0,5.490242923960389,8.0,7.0,7.0,7.0,7.0,6.0,7.0,7.0,6.0,7.0,The content words throughout the text are precise and appropriate for an encyclopedic entry on body piercings.,"The text moves logically from definition and description to health impacts, though it cuts off abruptly at the very end.",The text remains focused on the single subject of body piercings and related anatomical considerations.,"Each sentence introduces distinct details about the piercing style, equipment, pain factors, or health risks.","The writing is clear and grammatically sound, spoiled only by the sentence cutting off in mid-phrase at the end.","The text uses standard article formatting with section headings like ""Description"" and ""Health impacts"" embedded within continuous prose.","Punctuation is used correctly throughout the text to delineate clauses, lists, and parenthetical notes, despite the truncated final sentence.",The text features well-constructed compound and complex sentences with multiple subordinate clauses and parenthetical explanations.,The content explains specific anatomical structures and physiological factors impacting pain and healing without requiring deep abstract reasoning.,The text is clearly an authentic excerpt from an informational reference article or encyclopedia.,0.4871244635193133,0.6960352422907489,4.892383023656501,0.07112068965517242,0.26359832635983266,10,0.40213049419371155,0.045454545454545456,0.08714596949891068,5.165114223417417
yelp,5b3896f7-84ff-4c57-b950-141e9f3c9a93,19.404504178070137,3.5851647498346204,15.920467778547968,8.848150316921972,-0.0483745920116867,2.593630587541309,-0.2302445652704792,0.8343743715761285,-0.5437470529994267,15.4282915374639,-6.034596717027119,5.53075172655721,+00,5.428291537463901,-0.0,0.0,5.428291537463901,8.0,8.0,5.0,7.0,7.0,5.0,7.0,7.0,5.0,8.0,"The content words fit the review context precise and naturally, with clear descriptions of specific hotel elements like garage pillars, elevator cleanliness, and shower head pressure settings.","The narrative advances logically from arriving at the garage to entering the casino, checking in, inspecting the room, and concluding with an overall evaluation and recommendation.","The text remains focused on a single travel topic, reviewing a specific hotel and casino during a bachelor party trip.","Each sentence moves the experience forward by introducing new aspects of the hotel, from the parking structure and elevator to the casino smell, check-in staff, room view, and shower pressure.","The text is clear and readable throughout, despite minor errors like the missing space in ""hotelcasinos"" and the homophone error ""accommodations where aligned"".",The text is formatted as standard continuous narrative prose following a typical chronological hotel review format without explicit structural frames.,"Punctuation is generally accurate and helps structure the sentences, despite a few superfluous commas and minor capitalization choices for emphasis.","Sentences feature varied structures with subordinate clauses, participial phrases, and compound sentence constructions.","The content is a straightforward personal anecdote and product review involving simple concrete facts, subjective reactions, and a basic cost-value trade-off.","The writing is a completely natural, typical online hotel review written by an everyday customer detailing their stay.",0.5741758241758241,0.7464114832535885,4.900764026435048,0.022099447513812154,0.2903225806451613,7,0.38445320641536024,0.058823529411764705,0.09695290858725762,4.678306606975183
arxiv,a5fcf94d-71b7-4c19-ad20-d3887fb35300,21.63729910556704,3.1402699081626,14.550970411940028,7.845011366830345,-0.0372478384458503,2.839850187990045,0.0091857246554272,0.4621363588244644,-0.4725528236995495,15.107636150214898,0.2933720116441775,3.280160424079017,+00,5.107636150214898,0.0,0.0,5.107636150214898,9.0,8.0,6.0,7.0,9.0,5.0,8.0,8.0,8.0,9.0,Every technical term and content word is used with high precision to describe astrophysical phenomena.,The passage develops a clear logical progression from introducing reionization to defining two specific cases and presenting simulation results.,The text focuses strictly on a single specialized topic within astrophysics and cosmology.,"Each sentence introduces new specific details, definitions, methodologies, or analytical results.","The text is written in clean, well-formed, and fully publishable academic prose.",The writing follows standard academic abstract formatting without relying on explicit rigid frames.,"Punctuation is accurate and natural throughout, appropriately handling inline parentheticals and technical notation.","The text uses sophisticated sentence structure with embedded relative clauses, compound noun phrases, and complex subordination.",Understanding the text requires holding abstract concepts like reionization redshifts and halo assembly histories in mind.,"The text reads as an authentic, high-quality excerpt from an academic journal article in astrophysics.",0.5434782608695652,0.74,4.585263441498129,0.0364963503649635,0.30158730158730157,7,0.37837295089025313,0.25,0.051470588235294115,5.034286378443747
finance,5b51ee16-fc61-4938-afdd-a9c5959aefbd,19.802416382618933,3.2509248516747866,14.820506836139224,8.180025114366355,0.1948496796717886,2.5732729060315584,-0.0548213553612719,0.797905609257425,2.440142752846628,14.935582314514766,-1.658365522573645,5.690139770414431,+00,4.935582314514766,-0.0,0.0,4.935582314514766,9.0,8.0,7.0,7.0,9.0,5.0,9.0,8.0,8.0,9.0,Every technical financial term and content word is used with complete precision in its proper context.,"The text presents a logical, continuous explanation of currency forwards that seamlessly transitions into discussing cash management and inflation risks.",The text moves from corporate financial hedging mechanisms into cash management and inflation dynamics within economics.,"Each sentence builds upon the last by introducing new aspects of risk management, definition details, practical examples, and broader monetary implications.","The prose is cleanly written, well-constructed, and entirely free of grammatical or mechanical errors.",The text is standard explanatory prose containing a definition citation and a practical example scenario.,"Quotation marks, brackets, parentheticals, and commas are applied accurately throughout the passage.","Sentences feature varied structures including conditional clauses, parenthetical insertions, embedded quotes, and subordinated explanations.","Understanding the argument requires grasping multi-currency risk dynamics, forward contracts, inflation erosion, and corporate risk mitigation strategy.",The passage reads naturally as a well-written educational forum response or business blog post explaining financial tools.,0.5206349206349207,0.6707317073170732,4.7052990782946615,0.07348242811501597,0.2781456953642384,12,0.56298969691911,0.08333333333333333,0.059748427672955975,4.652082948007134
imdb,05deb601-b6a5-4d1a-ac98-7306e474e8e2,21.541165061440733,3.6482219747615425,17.17614158666023,9.448143791553766,-0.0944687793587437,2.7594443143571183,-0.2199327478961468,0.3878572890308582,-0.9899676703495276,14.69218050633406,-5.685727786634084,2.310285447606022,+00,4.69218050633406,-0.0,0.0,4.69218050633406,8.0,8.0,5.0,7.0,7.0,5.0,7.0,7.0,6.0,8.0,"The content words are chosen with precise relevance to film analysis, correctly utilizing specific cinematic terminology such as ""Viennese operetta comedy,"" ""film score,"" and ""genres.""","The passage develops a logical evaluation, moving from a general claim about a movie's strange tone to specific evidence regarding plot, acting style, and music, before concluding with a summary judgment.","The passage stays focused entirely on a single topic, analyzing the genre mixing, plot, and musical score of a specific 1947 Hollywood film.","Every sentence introduces a new observational detail about the movie's plot, acting choices, musical elements, or director tone to build the overall critique.","The prose is clean, clear, and well-formed throughout, save for a single missing space following a period (""comedy.It"").","The text is written as standard continuous prose typical of a film review, without relying on repeating structural frames or list formats.","Sentence boundaries and commas are correctly used throughout, though one sentence boundary lacks a trailing space after the period.","Sentences feature varied structures, including complex sentences with subordinate clauses, relative pronouns, and parenthetical insertions.","The writer articulates a nuanced critique of tonal inconsistency and genre blending in film, requiring the reader to evaluate artistic choices and stylistic clashes.","The writing reads entirely like an authentic, highly natural modern movie review written for a public forum or publication.",0.5865724381625441,0.7108433734939759,4.7888442401756715,0.0,0.26495726495726496,6,0.6145986736534726,0.08333333333333333,0.11469534050179211,4.746262690759659
xsum,c6a7b93d-fb54-420f-8fbe-730dd9316429,20.26752063671631,3.9418521799990742,16.43763710169806,9.454946078733691,0.4292900167211257,2.4582825110379396,0.2034257952040419,0.8579838881803354,4.756330329580512,13.803411991518312,5.441481903493338,5.507079499278608,+00,3.803411991518312,0.0,0.0,3.803411991518312,8.0,8.0,6.0,7.0,8.0,5.0,8.0,7.0,7.0,8.0,"Every word, from domain-specific terms like ""biomass installations"" to political vocabulary, fits precisely into the news reporting context.","The text forms a unified, logically advancing news story covering the Northern Ireland RHI scandal, the government's publication plans, and the reaction of participants.",The narrative focuses tightly on a single political and financial scandal involving agricultural energy schemes in Northern Ireland.,"Each sentence continually introduces fresh developments, specific quotes, deadline details, and political stakes.","The prose is clean, clear, and well-formed throughout, with only minor artifact issues like the encoding error in ""PS490m"".",The text is structured as standard continuous journalism without any explicit repeating frames or list formats.,"Quotation marks, commas, and sentence terminals are appropriately placed throughout the article.","The sentences feature varied structure with frequent relative clauses, direct quotes, and embedded sub-clauses.","The text requires tracking a multi-party policy dispute involving government transparency, legal implications, and fiscal overspend.","The passage reads entirely like an authentic, professionally written news report covering local political affairs.",0.5706051873198847,0.7323232323232324,4.851959358881766,0.02318840579710145,0.3422818791946309,7,0.5906067443998692,0.07692307692307693,0.10857142857142857,4.888063529769169
arxiv,fc55dc02-0d02-4d93-92c4-e96aeb0ba41c,21.347709802350483,3.2689169463896066,13.810004962113856,8.08146940881497,0.1992102035387741,2.5502608847734862,0.137832762882434,-0.2788290910017075,2.527323681583925,13.56705846604964,4.4020778364395685,-1.9790785380146347,+00,3.567058466049639,0.0,-0.0,3.567058466049639,9.0,8.0,6.0,7.0,9.0,5.0,8.0,8.0,8.0,9.0,The content words are precisely chosen technical terms from graph theory and game theory that perfectly suit the subject matter.,"The text moves seamlessly from defining the game rules to outlining existing results, detailing the author's new contribution, and concluding with open questions.","The text stays strictly within the domain of mathematics, specifically theoretical computer science and graph theory.","Each sentence advances the passage by introducing game rules, previous literature, specific bounds, and new preliminary findings.","The prose is well-formed, professional academic English with clear phrasing throughout.",The passage follows the standard unstructured continuous prose typical of an academic paper's abstract or introductory note.,"All punctuation marks, including LaTeX math symbols, colons, and semicolons, are correctly used to structure complex sentences.","The text features intricate sentence structures with nested conditional clauses, subordinate clauses, and mathematical notation.","Understanding the content requires tracking abstract mathematical definitions, probability constraints, and asymptotic bounds across paragraphs.",The passage is a completely natural and well-written specimen of an academic mathematical abstract or research note.,0.4916387959866221,0.6598639455782312,4.582254840447833,0.07407407407407407,0.3618421052631579,14,0.488288773090193,0.16666666666666666,0.05555555555555555,4.853784460409048
finance,fbfa98f3-463f-46c5-9904-4a507dc20ba5,19.551261148365413,3.087162102328447,14.532234998603792,8.385867321773251,0.4006918870786844,2.322117671778038,-0.2185841047076118,0.5096337717219921,5.017947199227827,13.477847432947296,-6.6122470092341095,3.634373990076869,+00,3.4778474329472964,-0.0,0.0,3.4778474329472964,9.0,8.0,5.0,7.0,8.0,5.0,8.0,8.0,8.0,9.0,"Every technical and mathematical term fits its context precisely, with clear domain-specific vocabulary throughout.",The text presents a clear logical progression from theoretical principles to empirical demonstration and addressing counterarguments.,"The text stays strictly within the domain of quantitative finance, market volatility metrics, and statistical modelling.","Each paragraph advances the discussion by introducing theoretical rules, linked references, empirical data demonstrations, and specific market index comparisons.",The writing is well-formed standard English with clear formatting and no significant grammatical flaws.,"The text is structured as an online forum answer with standard prose paragraphs, a hyperlinked reference section, and an edit note.","Sentence boundaries and mathematical notation are punctuated properly, including parenthetical notes and quotation marks.","Sentences feature subordinate clauses, parenthetical conditions, embedded quotes, and mathematical formulas integrated into prose.","The content demands an understanding of statistical assumptions, geometric Brownian motion, time-scaling formulas, and dividend reinvestment effects.","The passage reads as an authentic, high-quality answer written by a human user on a quantitative finance Stack Exchange platform.",0.5976095617529881,0.7266666666666667,4.675609711987545,0.07630522088353414,0.32673267326732675,13,0.5006465481019957,0.07142857142857142,0.11026615969581749,5.527391741941008
wp,82b62b2f-0eba-4e21-9b36-41ea90d6d2ca,22.631363951222532,3.7093759336868777,17.695361889515247,9.372822276827716,0.5394886356183513,6.352976307187884,-0.1447689348372338,3.0403785269834955,6.107418303566877,39.02706119371709,-3.7561882019414337,20.74637992941569,+0+,29.02706119371709,-0.0,10.746379929415689,39.77344112313278,9.0,9.0,6.0,7.0,9.0,5.0,8.0,7.0,8.0,9.0,"Every word is precisely chosen to suit the sci-fi ultimatum setting, with appropriate terminology like ""aggression,"" ""obliteration,"" and ""spaceships.""",The passage develops a single continuous argument from opening warning to the final choice and departure without off-topic departures.,The text stays strictly within the domain of interplanetary diplomacy and political rhetoric concerning global security.,"The argument steadily progresses by introducing the problem of aggression, the mechanism of robot police enforcement, and the final ultimatum.","The writing is clear, well-formed, and entirely free of grammatical defects or structural errors.","The text is standard continuous prose structured as a speech or monologue, with no artificial formatting or repeating frames.","Punctuation is used correctly throughout to set off pauses, list items, and structure complex sentences, with only slight stylistic choices like trailing ellipses.","The speech uses varied sentence structures including compound-complex sentences, conditional clauses, and short emphatic declarations.","It presents a dense philosophical argument about political sovereignty, law enforcement, and absolute deterrence versus freedom.","The passage is an iconic, well-crafted piece of cinematic sci-fi dialogue that sounds entirely authentic to its genre.",0.5676567656765676,0.7325581395348837,4.794695049202236,0.006644518272425249,0.32061068702290074,4,0.5013249407295983,0.043478260869565216,0.076158940397351,4.621715878639792
arxiv,69992583-2def-431f-8a61-8209231ec0c4,24.47755367935545,3.31261901517865,18.202329655647045,9.2961128879562,1.4138536826800046,5.680104761778452,0.1815348316714775,4.113495602531481,17.937163012015702,30.21742358063884,5.7978266003738606,29.19684898710149,+0+,20.21742358063884,0.0,19.19684898710149,39.414272567740326,8.0,8.0,7.0,7.0,8.0,5.0,7.0,8.0,8.0,8.0,"The text utilizes precise astronomical terminology throughout, with every content word appropriately placed within the context of astrophysics.","The abstract follows a clear logical progression from introducing the research question to describing the sample, presenting findings, and drawing conclusions.","The text stays strictly within the domain of observational astrophysics, specifically focusing on the spectral properties and rotation of O-type stars.","Each sentence advances the paper's thesis by introducing specific sample details, empirical findings, and theoretical implications without repetition.","The writing is well-formed academic English with only minor artifacts, such as a misplaced quotation mark near the line effect description.",The text follows standard academic prose arranged into a conventional scientific abstract structure.,"Sentence boundaries and technical notations are correctly punctuated, though one pair of opening quotation marks appears slightly misformatted around the line effect phrase.","The sentences feature complex constructions with embedded clauses, parenthetical data, and varied introductory phrases.","The content involves abstract astrophysical concepts, statistical confidence claims, and nuanced inferences about stellar evolutionary mechanisms.","The text reads naturally as a genuine, professionally written abstract for an astrophysics research article.",0.5815602836879432,0.7804878048780488,4.719192959785013,0.02142857142857143,0.3135593220338983,12,0.24108678591400262,0.125,0.12367491166077739,5.241563882365971
yelp,f1f26e37-3757-44e3-9842-cc5626aabecb,23.233844329835456,4.035016681728241,17.46748562854598,10.082119006053986,1.1855940971203278,6.422970739306631,0.219607366623141,2.3813922215741403,13.32648544523025,38.20723952695299,5.755800976679529,15.785347189177626,+0+,28.20723952695299,0.0,5.785347189177626,33.99258671613062,8.0,8.0,6.0,7.0,8.0,5.0,7.0,7.0,5.0,8.0,"The content words are natural, highly specific to a tenant review, and precisely chosen throughout the passage.","The narrative builds logically from an introductory personal context to specific grievances, concluding with a clear advice to avoid the landlord and plans to move out.",The text stays focused on the single subject of a tenant's experience with a property management company and their personal principles regarding it.,"Each sentence introduces new information, moving from personal background to a specific incident, general management behavior, warnings to others, and a final note on maintenance.","The text is clear and readable, with only minor informal spacing or formatting quirks near the end.",The text is written in standard continuous prose following the usual structure of an online review without any rigid repeating frames.,"Punctuation is largely correct and functional, with only minor non-standard usages like trailing periods or missing spaces around double periods.","Sentences feature a good balance of compound structures, subordinate clauses, and varied sentence lengths.","The content involves basic description of personal experiences and moral reasoning about business practices, but lacks dense or abstract academic argument.","The tone, style, and structure fully reflect a genuine, passionate human-written online business review.",0.6568265682656826,0.797752808988764,4.918400760784183,0.0,0.16129032258064516,5,0.5128526422350403,0.05263157894736842,0.12962962962962962,4.946066560412825
reddit_eli5,a597b268-4b65-468e-b40c-887b4d9dc255,18.003938581702144,3.424132356945159,16.706057405316745,8.748661696535006,0.9824061614852208,2.794403765091751,-0.0575173229702334,4.089224534749315,12.64967598672921,18.37271026882408,-1.6520135067589918,32.4108639362947,+0+,8.372710268824079,-0.0,22.410863936294703,30.783574205118786,8.0,8.0,7.0,7.0,7.0,5.0,8.0,7.0,7.0,8.0,The content words throughout the text fit the subject of higher education precisely and naturally.,The passage develops a clear and continuous argument about the purpose of universities and why open online courses fulfill that mission.,"The text stays focused on higher education while drawing in brief, relevant connections to government, agriculture, and public technology.",Each sentence moves the argument forward by introducing a new aspect of the university's role or the benefits of online learning.,"The prose is fully clear and well-formed despite minor typos like ""thought"" for ""though"" and ""an the spread"".","The text reads as standard continuous argumentative prose with a brief numerical transition scheme (""Secondly"", ""Thirdly"").","All sentence boundaries and internal clauses are appropriately punctuated, with minor formatting spaces around punctuation marks.","Sentences feature varied structures, including parenthetical asides, conditional clauses, and subordinate conjunctions.",The text presents a multi-layered argument contrasting business models with public-good philosophies in education.,"The text reads naturally as an insightful blog post, forum comment, or opinion piece written by a human.",0.625,0.7454545454545455,4.806141904131174,0.007633587786259542,0.30303030303030304,9,0.6521128083504019,0.15384615384615385,0.0436241610738255,4.753325831665684
wikipedia,a4edc534-99af-4cb6-8200-1f4a75226b82,20.40059573937457,3.78768702766324,17.34402925948968,9.77953315430023,1.031074898045727,3.585841531762963,0.1658975171993475,3.143633196925718,11.785789768255274,21.32556615153937,4.5805399988057065,22.137644492981252,+0+,11.32556615153937,0.0,12.137644492981252,23.463210644520625,8.0,7.0,7.0,7.0,8.0,5.0,8.0,7.0,6.0,7.0,"The content words are precisely chosen and fit the geographical, historical, and heraldic descriptions perfectly, with no inappropriate or substituted vocabulary.","The text presents a logical narrative detailing the geography, history, name origin, coat of arms, and churches of Øksnes, though it cuts off abruptly at the end.","The passage primarily focuses on a single Norwegian municipality while exploring related topics such as administrative history, etymology, and heraldry.","The text steadily provides new demographic facts, historical boundary adjustments, and background on local symbols with each sentence.","The prose is grammatically accurate, clean, and well-structured, missing only a numeric value in the density phrase before cutting off at the very end.","The excerpt is standard informative prose organized by traditional section headings like ""Name"", ""Coat of arms"", and ""Churches"".","Punctuation is accurate throughout, utilizing commas, parentheses, and period marks appropriately, despite an incomplete final section heading.","Sentences feature a well-balanced mix of dependent clauses, parenthetical notes, and varied structural forms typical of reference materials.","The text delivers factual information about geography, municipal history, and etymology, requiring minimal abstract reasoning from the reader.","The writing is fully natural and reads like a well-written Wikipedia article about a municipality, despite trailing off at the end.",0.4155405405405405,0.6666666666666666,5.1352704943234455,0.09029345372460497,0.3911368015414258,10,0.857012852170497,0.0851063829787234,0.24860646599777034,5.35668444944565
wikihow,55a2c365-dd0f-4514-b26a-6cb533c528db,22.36733724608449,3.082825222070196,17.1440916852306,8.679952533675701,0.3874174886577766,4.410589955427028,-0.3194520387634298,2.6456931586038372,4.671882440708325,24.56229897338796,-9.389359369411231,18.248175160483683,+0+,14.56229897338796,-0.0,8.248175160483683,22.810474133871644,8.0,8.0,5.0,7.0,6.0,6.0,5.0,7.0,5.0,7.0,Every content word fits the context of advice on resolving sibling conflicts precisely and naturally.,"The passage advances logically from initial conflict resolution steps to compromise, temporary disengagement, and finally parental mediation.",The text stays strictly within the domain of interpersonal communication and sibling conflict resolution.,"Each paragraph systematically introduces a new, distinct strategy for handling escalating levels of conflict.","The text is clear, well-formed English, though it contains minor stray formatting artifacts like detached semicolons and commas between paragraphs.","The text follows standard instructional prose organisation, featuring repeated structural patterns like example scenarios and actionable steps.","Sentence-level punctuation is correct, but there are stray isolated commas and a semicolon appearing between sentences.","The text uses a healthy mix of simple commands, conditional clauses, and embedded direct quotes.",The advice presents straightforward practical strategies for conflict management with low conceptual abstraction.,"Aside from minor typographical artifacts between sections, the passage reads like an authentic, high-quality self-help or advice article.",0.5503597122302158,0.738562091503268,4.629130302834343,0.021739130434782608,0.312,8,0.5863460180580764,0.13333333333333333,0.06909090909090909,4.379722825907643
cnn,6f5886b4-fe0a-4fcd-a6b8-5435ddf6c5bf,20.8878227492038,3.4452319923317503,17.977510593122826,9.547357994852476,1.0339519859483506,3.426341668414384,0.0475174848962289,3.152790569336762,12.144986211945556,19.62228548976833,1.3985131709048018,21.267117114374855,+0+,9.62228548976833,0.0,11.267117114374855,20.889402604143186,8.0,8.0,7.0,7.0,7.0,5.0,7.0,8.0,7.0,8.0,"The content words are chosen with high precision to explain planetary science concepts, with only minor typos present in the text structure.","The text forms a unified news report that opens with a discovery theory, provides details from rover data and quotes from scientists, and concludes on its implications for future space exploration.","The text remains focused on planetary science and astronomy, touching on geology, atmospheric conditions, and astrobiology as relevant subtopics.","Every paragraph steadily introduces new facts, quote statements, and Contextual details about the Mars Curiosity rover findings without repetitive loops.","The text is well-formed news prose despite a couple of stray artifacts, such as a duplicated article (""the the planet's"") and a missing period at the very end.","The writing follows standard news article formatting with lead sentences, embedded expert quotes, and body paragraphs without any rigid repeating frames.","Sentence boundaries, quotation marks, and commas are properly placed throughout, barring the missing terminal punctuation on the final sentence.","Sentences feature complex structure with multiple subordinate clauses, relative clauses, and indirect quotations.","The content involves nuanced scientific concepts regarding atmospheric vapor absorption, salt brines, temperature limits for habitability, and geological evidence.","The text reads naturally as an authentic, published CNN science news article.",0.5400943396226415,0.7205240174672489,5.0123397331936115,0.023696682464454975,0.2153846153846154,8,0.43298190169325607,0.06666666666666667,0.0924170616113744,5.031699829789714
reddit_eli5,0542e0b0-5645-4ec6-a502-7777cebc94fe,17.716110623980548,3.622161406965831,15.495516898424546,8.326072168468404,0.5598166334186185,2.5065758073701545,0.1405117270504385,2.8786840278571155,7.20832106144483,16.480292379703247,4.035780160795877,22.816217488087005,+0+,6.480292379703247,0.0,12.816217488087004,19.296509867790252,7.0,7.0,7.0,7.0,7.0,5.0,7.0,7.0,7.0,7.0,"Nearly every content word fits the historical and geopolitical context precisely, despite minor typos like ""rational"" for ""rationale"".","The text flows logically from the 2003 Iraq invasion to its public backlash, the concept of ""no boots on the ground,"" and finally to the parallel situation and policy dilemma in Afghanistan.","The text focuses tightly on a single subject, examining US foreign policy, military actions, and public opinion regarding the wars in Iraq and Afghanistan.","Each sentence advances the discussion by introducing new dimensions of the conflict, such as public fatigue, administrative rhetoric, and the situation in Afghanistan.","The prose is fully clear and well-formed overall, though minor errors like ""the it"" and ""and important role"" are present.",The text is structured as standard continuous argumentative prose without any explicit repeating frames or unusual structural constraints.,"Punctuation is used properly to delimit sentences and set off clauses, though there are minor spacing anomalies around quotation marks.","Sentences feature a good mix of compound and complex structures with subordinate clauses, participial phrases, and conditional phrasing.",The text presents a clear political analysis regarding military interventions and public sentiment that requires following a multi-step argument across paragraphs.,The passage reads naturally as an informal policy commentary or opinion piece on American foreign policy.,0.5849802371541502,0.7837837837837838,4.584975453626415,0.0,0.3619047619047619,3,0.3989241730802592,0.08333333333333333,0.07636363636363637,4.54450353908351
reddit,4bcb3211-9cf6-41bb-8a4c-b354e716c410,22.421631864707827,3.63666930705045,16.18319369504367,9.015568906287855,0.586156943825106,4.9468435982149295,0.1795054748875451,1.597789207559318,6.953710963888559,28.308460868165565,5.19227562250763,10.954713041591484,+0+,18.308460868165565,0.0,0.954713041591484,19.26317390975705,9.0,8.0,7.0,7.0,8.0,5.0,8.0,7.0,7.0,8.0,"The content words are chosen with extreme precision to explain legal and economic concepts using accessible, highly fitting analogies.","The passage develops a continuous narrative argument that logically bridges ACA legislation, risk theory, gambling analogies, and premium increases.","The text stays strictly within the related domains of healthcare law, insurance mechanics, and basic economic risk theory.","Each paragraph progressively builds the argument by moving from legal rules to risk theory, then to a sports gambling analogy, and finally to economic outcomes.","The text is written in clean, engaging, and grammatically sound prose despite cutting off at the very end.","The text is standard informal explanatory prose with simple paragraph breaks and occasional capitalization for emphasis, featuring no formal template.","Punctuation is used correctly and creatively for emphasis throughout, with full stops, quotation marks, and parentheses applied effectively.","The text features varied sentence structures, using short emphatic declarative sentences alongside complex parenthetical explanations and subordinate clauses.","The passage requires the reader to grasp abstract concepts of risk, probability, and market economics translated through a layered metaphor.",The writing is a completely natural example of an online explanatory post or forum comment written by a knowledgeable speaker.,0.384375,0.5650406504065041,5.01926003135349,0.0877742946708464,0.2233502538071066,12,0.7603178107098687,0.05555555555555555,0.08201892744479496,4.68371297780112
wikihow,27c6f9c8-8cfa-413a-bb22-bb25afde4f52,22.290140889646057,3.2191689790554925,16.634702971430862,8.784966923702832,0.4924318786849078,4.3333935989885966,-0.1831082817781335,2.1363044448041,5.938255021071706,24.132397303620657,-5.381932974306402,14.734761504042742,+0+,14.132397303620657,-0.0,4.734761504042742,18.8671588076634,8.0,7.0,6.0,7.0,6.0,5.0,6.0,7.0,6.0,7.0,"The content words precisely fit a medical advisory context regarding dietary management of IBS, despite a few stray punctuation glitches in the formatting.","The text offers clear advice on dietary adjustments for managing digestive issues, advancing logically through fiber intake, foods to avoid, and elimination diets.","The passage stays focused entirely on health, nutrition, and dietary management of irritable bowel syndrome.","The text continuously introduces new practical advice, transitioning from fiber types to specific food triggers and elimination strategies.","The writing is generally clean and well-constructed, though it contains minor typographical artifacts like leftover semi-colons and misplaced commas from merging text fragments.",The text is standard prose organized by topical sub-themes without any rigid structural template or repeating frame.,"Punctuation is largely correct throughout the sentences, though stray commas and semicolons appear at two section transitions.","Sentences feature moderate structural variety, including conditional clauses, parenthetical examples, and imperative recommendations.","The text delivers straightforward practical medical advice concerning nutrition, requiring basic understanding but no complex theoretical reasoning.","Aside from minor copy-paste editing glitches between paragraphs, the passage reads as standard, professional healthcare instructional writing.",0.5152439024390244,0.621301775147929,4.801389458033171,0.027607361963190184,0.2641509433962264,9,1.1327118444433675,0.16666666666666666,0.05246913580246913,5.336267500148591
cmv,9c6c545f-7a5e-48d3-95fe-9608bfa0e4c4,23.32939869236298,3.90955097036942,19.97051210276095,10.61869810466395,1.512936298902032,3.315183886315286,0.2859855931438191,3.609125552793298,16.615153472877804,16.56414662499543,7.892381214956449,22.058800100902413,+0+,6.564146624995431,0.0,12.058800100902412,18.622946725897844,8.0,8.0,7.0,7.0,8.0,5.0,8.0,8.0,8.0,8.0,"The content words fit their exact places exceptionally well, with precise vocabulary used to articulate a political argument.","The text forms a single, sustained argument that logically progresses from current counter-terrorism policies to historic comparisons and a final conclusion.",The piece focuses on British political policy regarding religious extremism and compares it with domestic political history and twentieth-century Russian history.,"Every sentence advances the line of reasoning by introducing new angles, historical examples, or counter-arguments.","The prose is cleanly written and well-structured, with only a minor typo (""lead"" instead of ""led"") and minor grammatical awkwardness in the opening sentence.","The text follows standard discursive essay paragraphing ending with a specific forum closing line, without relying on an explicit repeating frame.","Punctuation marks including parenthetical hyphens, semicolons, and commas are used correctly throughout to structure complex sentences.","Sentences feature advanced syntactic structures with varied embedding, subordinate clauses, and historical comparisons.",The text requires the reader to follow a layered abstract argument comparing the political outcomes of open debate versus government suppression.,"The passage reads entirely naturally as a well-argued post for the online forum ""Change My View.""",0.658307210031348,0.7714285714285715,5.06331663430385,0.0,0.27522935779816515,7,0.5382045844069285,0.08333333333333333,0.08176100628930817,4.931518039674858
wiki_csai,6772964c-7b46-4c71-a22d-6970d2ac1e19,21.07691053109102,3.507944735560635,17.347902405672144,9.230305788460784,1.305337180963333,2.44803143005986,0.2799369773835614,3.4700333537432524,16.47119686667797,13.141055974346596,8.672128394810548,25.004079089944653,+0+,3.141055974346596,0.0,15.004079089944652,18.14513506429125,8.0,8.0,7.0,7.0,9.0,5.0,8.0,8.0,7.0,8.0,Every technical term and content word precisely fits the subject of biometric hardware and software.,"The passage flows logically from defining the technology to explaining its technical components, its security capabilities, and the public debates surrounding its limitations and updates.","The text stays strictly within the related domains of consumer electronics, biometric hardware, information security, and digital privacy legal concerns.","Each paragraph introduces distinct information, moving smoothly from technical specifications to real-world security concerns, legal privacy debates, and subsequent software updates.","The prose is fully well-formed, clean, and entirely free of grammatical errors or mechanical defects.",The text is written in standard continuous encyclopedia-style prose without repeating structural frames or rigid template elements.,"Punctuation is used correctly and accurately throughout to manage complex lists, technical parentheticals, and varied clause structures.","The text features sophisticated sentence construction, including complex parallel structures, participial clauses, and multiple levels of subordination.","The material requires the reader to navigate technical descriptions of optical sensors, probabilistic security metrics, legal distinctions, and software mitigations.","The text reads as an exceptionally clear, highly polished encyclopedia entry or technical overview written by a professional author.",0.590027700831025,0.7746478873239436,4.986079161377963,0.013927576601671309,0.3310810810810811,8,0.6035640300841352,0.11764705882352941,0.11977715877437325,5.602385671137859
wiki_csai,d613a85b-f715-4eb5-95ac-ccb5465cc545,21.296467136882267,3.119512017618511,16.921658511956178,8.488083519229905,0.5631149117324536,2.6675880358511073,-0.1084957405585624,3.043789460027286,7.105579083300297,14.319637920155104,-3.3610743432609467,21.93268612521047,+0+,4.319637920155104,-0.0,11.93268612521047,16.252324045365576,8.0,8.0,7.0,7.0,8.0,5.0,8.0,8.0,8.0,8.0,The content words throughout the text are precisely tailored to the field of statistical analysis and scientific research methodology.,"The passage presents a continuous, logical explanation defining data dredging, illustrating how it works with specific examples, and detailing its consequences.","The text stays focused entirely on statistics and research methodology, examining the central topic of p-hacking from several related operational angles.","Each sentence sequentially builds on the main idea by adding definitions, mechanics, probabilistic explanations, and practical examples without unnecessary repetition.","The writing is well-formed, clean, and professional informative prose with no grammatical flaws or structural breakdown.","The passage is written as continuous explanatory prose without any rigid repeating frames, bullet points, or list structures.","Commas, parentheses, brackets, and hyphens are used correctly to guide the complex statistical statements smoothly.","Sentences feature multi-layered structures with parenthetical insertions, conditional clauses, and sophisticated relative clauses.","The text requires tracking abstract statistical concepts such as significance levels, false positives, and multiple comparisons.","The passage reads naturally as an authoritative, high-quality encyclopedia entry or educational resource on statistical methods.",0.5254237288135594,0.6774193548387096,4.701332638937219,0.07849829351535836,0.3,10,0.5190403151921252,0.2,0.030405405405405407,4.895425324894653
wiki_csai,d2400f57-c1e4-49a6-aaa9-1c92f1814051,20.92611657622411,3.157430414488928,17.180743000652278,8.625046734060863,0.7000781265634117,2.2972374751929543,-0.0705773436881456,3.302873948723386,8.833828387674618,12.33159259198688,-2.1864056401153813,23.79957568676091,+0+,2.3315925919868796,-0.0,13.79957568676091,16.13116827874779,8.0,8.0,7.0,7.0,8.0,5.0,8.0,8.0,7.0,8.0,"Every technical term and content word is precise, relevant, and fits seamlessly into the domain of statistical analysis.","The passage smoothly defines data dredging, explains its underlying mechanism, provides illustrative numerical examples, and outlines its consequences in a logical progression.","The text remains strictly focused on a single topic within statistics and methodology, examining its definition, mechanics, and risks.","Each sentence advances the explanation of data dredging by introducing new technical details, examples, or specific variants of the problem.","The prose is cleanly written and grammatically sound, reading like an excerpt from an authoritative textbook or encyclopedia article.","The text is structured as standard informative prose, following normal paragraph organization without relying on an explicit repeating frame.","Punctuation marks including parentheticals, hyphens, and em-dashes are used accurately throughout to structure complex sentences.","The text features sophisticated sentence construction with frequent embedded clauses, parenthetical notes, and complex conditional statements.","The material requires the reader to track abstract statistical concepts such as null hypotheses, significance levels, and false positives across multiple connected explanations.",The writing is a completely natural and polished example of an encyclopedic or academic reference text.,0.5254237288135594,0.6774193548387096,4.701332638937219,0.07849829351535836,0.3,10,0.5190403151921252,0.2,0.030405405405405407,4.895425324894653
arxiv,d519599e-47c4-467c-aa68-1a7e84553c0a,22.289656302907517,3.174097473034144,16.388859996548966,8.646004819440659,0.7637456141644634,3.49220738533052,0.0430132895269714,2.3000259434334023,9.689425255810294,18.57809216901262,1.3737506565151394,16.325168816398836,+0+,8.57809216901262,0.0,6.325168816398836,14.903260985411457,8.0,8.0,7.0,7.0,8.0,5.0,7.0,8.0,7.0,8.0,Every content word fits the context of an epidemiological modeling study precisely and naturally.,"The text moves logically from background context to research gap, methodology, specific findings, and broader application.",The text stays focused on the single domain of public health policy and epidemiological network modeling in Italy.,"Each sentence advances the abstract by introducing the problem, the regional gap, the network model, key findings, and practical policy implications.",The prose is standard academic English with only minor punctuation omissions such as missing commas around city/country or introductory phrases.,The text follows standard continuous prose structured around the typical academic abstract format.,"Sentence boundaries are clearly marked and punctuation is correct overall, though a few commas could be added after introductory clauses or geographic terms.","Sentences feature complex structures including relative clauses, participial phrases, and nested subordinate clauses.",The text addresses abstract network modeling concepts and regional policy trade-offs that require tracking dependent arguments.,The passage reads naturally as an abstract written by researchers for a scientific journal.,0.5639097744360902,0.7533333333333333,4.595373352937035,0.03787878787878788,0.28448275862068967,5,0.15582547028224703,0.125,0.07835820895522388,4.940791263252599
xsum,78c59284-8d42-44bc-9994-350a50f2de49,21.873436061325137,3.5856755603751003,17.419967979513483,9.281839237847215,0.25618317583465,4.064197935646767,-0.152750824419932,1.8403147659957604,2.838388412703659,22.820728809205914,-4.085965823513385,11.812296081141312,+0+,12.820728809205914,-0.0,1.812296081141312,14.633024890347226,8.0,8.0,7.0,7.0,7.0,5.0,7.0,7.0,7.0,8.0,Every content word fits precisely into the context of news reporting on a parliamentary dispute.,The passage maintains a single sustained narrative detailing Mike Ashley's conflict with a parliamentary committee.,"The text stays focused on one news story about parliamentary oversight of business labor practices, with a minor web update heading included.","Each sentence advances the report by supplying new quotes, historical context, or upcoming procedures.","The text is clear and readable, marred only by minor punctuation/formatting artifacts like a stray site sub-heading and a broken quote bracket (`Mr Ashley]`).",The text follows standard online news article formatting without relying on any explicit repeating frames.,"Direct speech and clauses are punctuated correctly for the most part, though a opening bracket is missing in `Mr Ashley]`.","Sentences feature varied syntax with nested clauses, indirect reporting, and quoted direct speech.","The content involves legal and parliamentary procedures alongside business politics, requiring moderate attention to follow.",The passage reads clearly as an authentic British news report covering a public controversy.,0.5679442508710801,0.7177914110429447,4.703605094827724,0.042105263157894736,0.27419354838709675,9,0.4058928248751607,0.1111111111111111,0.17301038062283736,4.855389192967679
reddit_eli5,6a7e23f2-d8ea-48aa-b1b6-01e9a76c06cd,17.33428096025835,3.295392355320814,15.194569405458171,8.073851263938053,0.307595728888268,2.1247461436479576,-0.1862573245945782,2.577736534890743,3.9606696882437338,13.969829907799111,-5.349685974124325,20.430931925111647,+0+,3.9698299077991113,-0.0,10.430931925111649,14.400761832910758,9.0,9.0,6.0,7.0,9.0,5.0,9.0,8.0,8.0,9.0,"The content words are precisely chosen from physics terminology, such as ""acceleration,"" ""momentum,"" ""photovoltaic,"" and ""conduction band,"" perfectly fitting their contextual roles throughout the explanation.","The text forms a single, beautifully sustained explanation that starts with a core question about inertia, transitions to defining momentum without mass, and illustrates this concept through photon-electron interactions.","The passage stays within the single broad subject of physics, specifically dealing with light, optics, and quantum mechanics/electrodynamics.","Each sentence advances the argument by building upon the previous concept, introducing new specifics like photons, electron energy states, and valence bands.","The prose is clean, exceptionally clear, well-formed, and completely free of grammatical defects.","The text is written in fluid, continuous conversational-explanatory prose without relying on any strict, repeating explicit framework or template.","Punctuation marks including em-dashes, quotation marks, commas, and hyphens are used correctly and effectively to guide the reader through complex ideas.","The text displays a rich variety of sentence structures, including parenthetical asides, embedded clauses, and complex conditional relationships.","The passage addresses abstract scientific concepts requiring the reader to maintain a mental model of quantum mechanics and the distinction between mass, momentum, and energy.","The piece reads naturally as an exceptionally well-crafted, engaging educational piece or popular-science explanation.",0.5348837209302325,0.6459627329192547,4.783841066455402,0.013377926421404682,0.2857142857142857,10,0.40918390685518397,0.06666666666666667,0.04120879120879121,4.993863469451867
cnn,0645e2a3-8ec2-45de-9468-9665413a4bf6,20.859654926414088,3.558641808485585,16.989669597235142,9.401023645609945,0.8876176367058193,3.3981738456246724,0.1609273010500636,2.1649495734490785,10.42611659513789,19.460971437086393,4.736339698285186,14.603645599886176,+0+,9.460971437086393,0.0,4.6036455998861765,14.06461703697257,8.0,8.0,7.0,7.0,8.0,5.0,7.0,8.0,7.0,8.0,"The content words throughout the report are precise, natural, and accurately capture the geopolitical and military situation in Yemen.",The text flows logically from the announcement of the bounty by Al Qaeda to the broader conflict context and the resulting humanitarian crisis.,"The passage primarily focuses on the Yemeni conflict and its political factions, with related coverage extending to regional alliances and humanitarian impacts.","Each paragraph introduces distinct elements of the situation, moving from the initial bounty announcement to factional backgrounds, airstrikes, and official displacement warnings.","The prose is cleanly written and fully well-formed, missing only a couple of minor parenthetical hyphens or commas around appositives.",The text follows standard news journalism structure without relying on rigid repeating frames or rigid visual templates.,"Punctuation is used correctly to demarcate complex sentences and quotes, though a pair of commas or dashes is missing around the clause defining minority Shiites.","The text contains complex sentence structures with varied main and subordinate clauses, as well as multiple embedded participial phrases.","Understanding the article requires tracking multiple political and religious factions, international alliances, and ongoing military dynamics.",The excerpt is an accomplished and completely standard example of professional international news reporting.,0.6037151702786377,0.7384615384615385,4.934870693276453,0.006230529595015576,0.2109375,7,0.47093951503901116,0.07692307692307693,0.21296296296296297,5.529103002695682
wikihow,4979d6d3-5de1-40a4-9a75-cfd7fc6085a9,20.778665163284213,3.2539470812845743,17.136888399102908,8.902172246731011,0.6096372017130864,2.821917872626752,-0.1483301795490517,2.6384898724761463,7.3516385327711165,15.715083733984162,-4.359732266873154,18.198491837774203,+0+,5.715083733984162,-0.0,8.198491837774203,13.913575571758363,8.0,7.0,6.0,7.0,7.0,6.0,6.0,7.0,6.0,7.0,The medical terminology and verbs fit the context of patient pre-procedure instructions precisely without any arbitrary substitutions.,"The text consists of distinct instructional sections separated by commas, maintaining a consistent focus on angiogram preparation throughout.","The passage stays within the medical domain, specifically focusing on patient instructions and precautions prior to a cardiac procedure.","Each section introduces specific new instructions regarding different aspects of preparation, such as medication, pregnancy, fasting, and substance use.","The text is well-written standard English, though it contains minor structural artifacts like stray commas acting as section dividers.",The content is organized as a series of instructional bullet-like paragraphs separated by a uniform semicolon and comma delimiter pattern.,"Sentence-level punctuation is mostly correct, but the text features unusual isolated comma spacing after semicolons between paragraphs.",The text uses standard instructional syntax with a mix of conditional clauses and complex sentences regarding medical precautions.,The material presents clear procedural medical advice requiring basic understanding of health conditions and medication management.,"The writing is a natural example of patient educational material, slightly marred only by mechanical delimiter formatting errors.",0.3670745272525028,0.6363636363636364,5.082076484437075,0.10033444816053512,0.20913884007029876,10,0.5002993026047865,0.043478260869565216,0.051511758118701005,4.646877702003051
yelp,be76162e-6297-4c2c-be8b-8be691cc5a5e,19.194604873437413,3.9278695745113574,17.63259237368704,9.658637944571044,0.7621130356373857,2.383731282908588,0.1124602594062578,2.5464989667152,8.5664126548119,14.179699050569106,2.947528040072418,16.879777275794734,+0+,4.179699050569106,0.0,6.8797772757947335,11.05947632636384,8.0,8.0,6.0,7.0,8.0,5.0,8.0,7.0,5.0,8.0,"Every word fits naturally into the context of an informal pub review, using appropriate casual vocabulary like ""dingy,"" ""refurb,"" and ""high maintenance.""","The text moves logically from the general atmosphere of the pub to specific aspects like pricing, pool tables, sports screens, music, overall ambiance, and finally the state of the restrooms.","The text stays focused on a single topic, evaluating various amenities and features of a specific pub.","Each sentence introduces a new detail or criticism of the venue, continuously adding fresh information to the review.","The text is well-written informal prose with minor conversational grammar choices like ""given that it's underground means"" that do not impede reading.",The text is written as standard continuous informal prose without any repeating structural frames or list templates.,"Punctuation is used correctly throughout, including appropriate use of parentheses, exclamation marks, and list markers within a sentence.","Sentences feature varied structures with multiple dependent clauses, compound elements, and parenthetical insertions.",The text presents a straightforward evaluative consumer review with simple real-world observations and minimal abstraction.,This is an authentic and typical example of an informal online venue review written by a native English speaker.,0.593167701863354,0.7539267015706806,4.908983531697584,0.0,0.2900763358778626,8,0.4686377233929422,0.07692307692307693,0.04984423676012461,4.548753805132607
xsum,7426cf8e-20e5-4e81-bfbb-380b1547f405,20.568945571088168,4.008249319399678,17.99467313630391,9.850559819019749,0.8249037570071831,2.7597074454097985,0.2698229346046461,2.415019922786186,9.139543445257804,15.495932088362029,7.217553773482684,15.501114753252583,+0+,5.495932088362029,0.0,5.501114753252583,10.997046841614612,8.0,8.0,6.0,7.0,7.0,5.0,7.0,7.0,7.0,8.0,The content words are precisely chosen and appropriate for political journalism describing Iranian election results.,"The narrative flows logically from the election outcome to its causes, context, and future political implications.",The text stays strictly within the domain of international politics and election analysis.,"Each paragraph advances the analysis by adding new context, such as media censorship, social media strategy, and international challenges.","The prose is well-formed and grammatically sound, though it cuts off mid-sentence at the very end.",The text follows standard continuous prose structure typical of a news report without relying on repeating templates.,"Sentence boundaries and commas are used correctly throughout, though the text ends abruptly without terminal punctuation.",Sentences feature complex structures with varied subordinate and relative clauses.,"The text requires tracking political dynamics, election mechanics, and international relations context across paragraphs.","The writing reads as an authentic, professionally written news article or political analysis piece despite being truncated.",0.5078125,0.7038461538461539,5.058043514693119,0.027450980392156862,0.23412698412698413,4,0.3857172146702524,0.045454545454545456,0.09197651663405088,4.8676173879988625
arxiv,b1623f3f-9084-4992-82b1-b344609bddc6,22.13852531254841,3.240703608395026,15.940887469279,8.627698443887201,0.7454392386110058,3.341076394971413,0.1096194248878532,1.852053416163436,9.457177430958204,17.774094823299457,3.5010053535215704,13.145540711041864,+0+,7.774094823299457,0.0,3.145540711041864,10.91963553434132,9.0,9.0,5.0,7.0,9.0,5.0,9.0,8.0,8.0,9.0,"The content words throughout the text are highly specific, precise, and appropriate for an astrophysics research abstract.",The text presents a fully connected research abstract that systematically advances from the study's objective and dataset to its methodology and detailed empirical findings.,The text stays strictly within the single domain of galactic astrophysics and observational astronomy.,"Each sentence introduces distinct aspects of the methodology, classifications, specific observational findings, and physical interpretations.","The prose is exceptionally clean, well-formed, and fully publishable academic writing.","The text follows standard academic abstract formatting, moving conventionally from background and method to results and summary.","Punctuation is used correctly according to scientific writing standards, including parentheses, LaTeX markups, and catalog identifiers.","Sentences feature complex structures with parenthetical lists, embedded relative clauses, and multi-part coordinate clauses.","The text contains dense domain-specific abstraction requiring the reader to maintain multiple concepts like shear, resonance rings, and bar amplitudes in mind.","The passage is an exemplary, entirely natural specimen of a modern scientific paper abstract.",0.5238095238095238,0.7393939393939394,4.641328085671862,0.03194888178913738,0.2866666666666667,14,0.47823917827448725,0.18181818181818182,0.11475409836065574,5.457640001125876
yelp,f8ba372a-2ea3-46a5-8388-2cdfe7226c68,18.496901618579784,3.8068618488392194,18.14768758469288,9.703885081490355,0.807360172556697,1.6860280280509592,-0.0085474662658802,3.0615941777210427,9.075006036862405,10.029389721905115,-0.2240248833078282,20.294148359880655,+0+,0.0293897219051153,-0.0,10.294148359880657,10.32353808178577,8.0,7.0,5.0,7.0,6.0,5.0,6.0,6.0,5.0,8.0,"The content words fit the topic of a restaurant buffet review accurately, despite a few spelling mistakes.","The text maintains a logical, sequential critique of the buffet items encountered during a single visit before concluding with advice and final thoughts.",The entire passage stays focused on a single dining experience at a restaurant buffet and the specific food items served.,"The author continuously introduces new specific dishes, observation details, and symptoms as the review progresses.","The text contains several typos and spelling errors such as ""rotiserre,"" ""dryed,"" ""Stffed,"" ""Deserts,"" and ""anytimne,"" but remains fully readable.",The review follows standard continuous prose without any repetitive structural frames or explicit formatting templates.,"Sentence boundaries are generally clear, but there are comma splices and misplaced commas scattered throughout.",Sentences feature a natural mix of main and subordinate clauses alongside parenthetical insertions and compound structures.,"The content consists of simple descriptions of food quality, personal opinions, and a sequence of personal experiences.","The prose reads like an authentic, informal consumer review posted to a site like Yelp or TripAdvisor.",0.60828025477707,0.7539267015706806,4.926189945914911,0.00641025641025641,0.2601626016260163,5,0.47268551369823714,0.06666666666666667,0.07301587301587302,4.809180688178058
imdb,a3c20aed-e22b-4f5a-ac3a-784b5d941b8f,21.712443145002787,4.25014797492973,19.134077101270297,10.816036385997,1.27342381508449,2.930722397919173,0.3819932522720406,2.3457928036409257,13.344603541446292,15.60412082249838,9.875335390141398,13.972796517224628,+0+,5.6041208224983805,0.0,3.972796517224628,9.576917339723009,9.0,8.0,7.0,7.0,8.0,5.0,8.0,8.0,8.0,8.0,"Every content word, from ""corrosive"" to ""proletariat"" and ""rarefied,"" fits the writer's polemical critique with precise rhetorical intent.","The text constructs a continuous, well-supported argument that moves logically from criticizing the soap opera to analyzing its audience's real-world mimicry and concluding on the reader's responsibility.","The passage primarily focuses on television critique and media theory, touching on socio-economic class and cultural commentary as direct extensions of the main topic.","Each sentence builds on the previous thesis by introducing new layers of critique, such as class perspective, societal imitation, and media consumption habits.","The writing is well-formed and polished prose, featuring only minor formatting glues where spaces after punctuation were dropped.",The text flows as standard argumentative prose without relying on any repetitive sentence patterns or explicit structural templates.,"Punctuation is used correctly and creatively throughout for emphasis and pacing, despite a few missing spaces after periods.","Sentence structure is highly varied and sophisticated, employing embedded clauses, lists of appositives, and periodic sentence framing.","The text develops a subtle sociological argument regarding media feedback loops, class representation, and cultural decay that requires close reading to fully digest.","The passage is an authentic, highly articulate piece of cultural criticism typical of an opinion column or essay.",0.6191950464396285,0.805,4.8859012178741015,0.012461059190031152,0.3902439024390244,8,0.9010857697884667,0.09090909090909091,0.06188925081433225,5.017034967117503
eli5,63c1718e-6cc9-4de2-a586-f1e51d4cc56a,14.777368145994425,3.783842280702249,14.263551963950585,8.716521680491855,-0.0233892315056554,-3.8144318025114146,0.1135182849496736,-0.9670204474947006,-0.2676140722847459,-20.51674293546799,3.092868234004446,-6.349206197713329,−00,-10.516742935467992,0.0,-0.0,10.516742935467992,8.0,7.0,5.0,7.0,7.0,5.0,6.0,7.0,5.0,7.0,"The content words throughout the text are natural, precise, and appropriate for a discussion of single malt Scotch and bourbon.","The passage compiles several forum replies answering a specific query about buying a 30-year-old whisky, maintaining a unified topic across the contributions.","The text stays strictly focused on the subject of high-end whiskies, age statements, and gift purchasing.","Each contributing post offers different advice, price estimates, and personal anecdotes related to buying aged spirits.",The text is well-formed overall despite minor formatting artifacts and missing spacing near run-on punctuation at transition points.,The text consists of continuous prose structured as informal online forum replies without a rigid repeating layout.,"Punctuation is generally accurate, though minor artifacts like missing spaces after periods and stray closing quotes occur at post boundaries.","Sentences feature varied structures, conditional clauses, and parenthetical lists typical of advice writing.",The content involves practical consumer guidance with straightforward logical conditions based on price and recipient taste.,"The text reads as authentic, helpful online advice from liquor enthusiasts, despite small concatenated formatting glitches.",0.45276292335115864,0.6496062992125984,5.069022020813161,0.046511627906976744,0.24429967426710097,7,0.60064890850433,0.03333333333333333,0.07570422535211267,4.724402080290123
wiki_csai,4bf0edf6-e1b3-4924-aa96-9939fafa3762,14.939394097206645,3.258069554010414,14.4297807706219,8.061998012556959,0.1370294050595077,-3.6894850038245153,0.0300617958333404,0.5519117186930078,1.7290845156139865,-19.80519055287815,0.93128016056309,3.976919775131451,−00,-9.805190552878148,0.0,0.0,9.805190552878148,8.0,8.0,7.0,7.0,8.0,5.0,8.0,7.0,8.0,8.0,Every technical term and content word fits the precise context of artificial intelligence safety research.,"The passage develops logically from defining AI alignment to explaining failure modes, affected current applications, future risks, and related subfields.","The text stays focused on AI alignment while bringing in related subdisciplines such as game theory, social sciences, and safety engineering.","Each sentence advances the reader through distinct aspects of the topic, introducing specific mechanisms like reward hacking and emergent power-seeking goals.","The prose is cleanly written and fully grammatical, containing only standard citation brackets embedded from a source text.",The text is standard informational prose without any structural repeating patterns or template framing.,"Periods, commas, and parentheses are used correctly throughout the text to delineate clauses and lists.","Sentences feature varied structures with subordinate clauses, participial phrases, and complex compound noun lists.","The content involves abstract computer science concepts, goal-specification problems, and theoretical risk dynamics requiring careful attention.","The text reads as an expert, published overview of a technical subject typical of an encyclopedia entry.",0.5863192182410424,0.7277777777777777,4.857100290007737,0.013114754098360656,0.2755905511811024,9,0.9194563611178075,0.1111111111111111,0.10666666666666667,5.747580501702212
eli5,193845c4-6305-4c19-a075-01cc05c9a46f,14.915721891168548,3.681239454564978,14.027166962245118,8.421461451041148,-0.3184494609563622,-3.676078057337289,0.0109154588124029,-1.203405449200167,-3.643623649747025,-19.77257752083721,0.2973976909132466,-7.901248992426879,−00,-9.77257752083721,0.0,-0.0,9.77257752083721,7.0,4.0,5.0,6.0,5.0,5.0,6.0,7.0,7.0,5.0,"The content words fit their context accurately, though the text suffers from structural damage due to being a scraped dataset of forum comments.","The text consists of several distinct, disconnected responses to a shared thread topic rather than a single advancing narrative.","The writing remains tightly focused on the single topic of human consciousness, sleep perception, and time.",Multiple perspectives and explanations regarding sleep and consciousness are introduced across the different comment fragments.,"The underlying prose is grammatically sound English, but it is corrupted by stray quotes, commas, and scraping artifacts.",The text is formatted as a continuous block of text interspersed with quotation marks and commas separating forum posts.,"Punctuation within individual sentences is correct, though ruined at the fragment boundaries by raw data formatting.","The sentences demonstrate moderate complexity with compound structures, subordinate clauses, and varied lengths.","The content involves abstract concepts of time perception, brain function, and the nature of consciousness.","While individual paragraphs are natural online forum comments, the formatting noise makes the overall piece read as a scraped dataset.",0.4116022099447514,0.6241610738255033,5.165031442366755,0.0332409972299169,0.2535211267605634,9,0.7603455301341768,0.02857142857142857,0.09353507565337002,4.5976770260651945
reddit,35b19c9e-401b-4b71-8d64-2c8d63042705,14.53204124310804,3.535801823171994,14.810118478679556,8.668644085846527,0.2392321233837773,-2.9427470233848574,0.078637991009089,0.2247139911952036,2.838064202450997,-16.839958107117322,2.2746388319089523,1.5406771295786097,−00,-6.839958107117322,0.0,0.0,6.839958107117322,8.0,8.0,7.0,7.0,7.0,5.0,7.0,7.0,7.0,7.0,"The text employs precise aviation and historical terminology, such as ""airfoils,"" ""dihedral,"" ""catapult,"" and ""wing warping,"" where every word fits the context appropriately.","The narrative presents a clear and logical argument comparing the Wright brothers and Santos-Dumont, addressing specific technical criteria and historical disputes in a connected sequence.","The text focuses on the history and engineering of early aviation, staying well within this single topic while addressing historical claims and aerodynamic mechanics.","Each paragraph introduces distinct historical facts, aerodynamic concepts, or specific details regarding the aircraft designs without restating previous sentences.","The prose is clean, readable, and well-formed, with only minor grammatical slips like the misuse of ""it's"" for a possessive and a trailing off at the very end.",The text is written as standard continuous prose divided into thematic paragraphs without any repeating structural frames or templates.,"Sentence boundaries are clearly defined and punctuation marks such as parentheses and hyphens are used correctly, though a few minor errors like misplaced possessive apostrophes occur.","Sentences feature varied constructions, including complex clauses, parenthetical insertions, and dependent relationships.","The reader must follow comparative arguments regarding physical mechanics, technical definitions of flight, and historical evidence across multiple paragraphs.",The writing reads naturally like an informative forum essay or historical discussion post written by a knowledgeable individual.,0.5418118466898955,0.7588424437299035,5.225462005131497,0.02097902097902098,0.29277566539923955,8,0.4991803510298456,0.08,0.12544802867383512,5.121342595745652
cmv,c4badf59-8b87-459d-8225-3f86f3fecc66,16.685172352873895,3.744198737751837,16.221041271036427,9.175436556970851,0.0696747512089324,-3.3290424531737983,0.1206333605262357,-0.1403452789312247,0.7651721261239648,-16.633390245056535,3.3291343736869363,-0.8577835289363187,−00,-6.633390245056535,0.0,-0.0,6.633390245056535,7.0,8.0,6.0,7.0,7.0,5.0,7.0,7.0,7.0,8.0,"The content words are precisely chosen to articulate an argument about religious texts and societal stability, with only minor typos like ""there"" for ""their.""","The text progresses logically from a personal encounter to reflection, the formulation of a thesis, and a final request for feedback.","The passage stays focused on a single topic, discussing a religious conversation and expanding it to broader socio-political civilizational theories.","Each sentence advances the writer's thought process, moving smoothly from narrative setup to analytical conclusions.","The prose is grammatical, clear, and well-written despite minor errors such as using ""there"" instead of ""their"" and ""it's"" instead of ""its.""","The passage is written in standard continuous prose, typical of a personal opinion post on an online forum.","Sentence boundaries are well maintained and punctuation is correctly applied throughout, save for minor apostrophe slips.",The text uses a healthy mixture of simple narrative clauses and compound-complex sentences with subordinate clauses expressing conditional reasoning.,The author constructs an abstract conceptual argument linking religious interpretation to macro-level historical and environmental conditions.,"The passage reads entirely like an authentic, thoughtful blog post or online discussion forum entry written by a 23-year-old.",0.6106870229007634,0.7,4.8526230159785495,0.0,0.29411764705882354,4,0.7378581473279411,0.09523809523809523,0.10646387832699619,4.641083022102903
peerread,fd8ff661-998f-42fb-8fe5-da86a54ddfe1,16.44633722526343,3.3962342332422355,15.069936304070705,8.555281329762595,-0.2553055057815676,-3.236516957609531,0.0177465353602559,-1.0903168039037503,-2.8977128373742356,-16.44333147794077,0.525280449337776,-6.746904250934792,−00,-6.44333147794077,0.0,-0.0,6.44333147794077,8.0,7.0,7.0,7.0,8.0,7.0,8.0,8.0,8.0,8.0,"The content words throughout the summary and numbered review points are precise, standard academic terms appropriate for a peer review of a machine learning paper.","The text flows naturally from an overview of the paper's contents and strengths into a structured, ordered list of minor criticisms and questions.","The text stays strictly within the domain of machine learning and probabilistic control systems, examining a single research paper.",Each numbered point introduces a distinct technical question or suggestion regarding different sections and equations of the paper.,"The prose is grammatical, clear, and well-written standard English, trailing off only because the excerpt cuts off mid-sentence at the end.",The text uses standard paragraphing for the narrative evaluation followed by a numbered list frame (1 through 9) for specific feedback points.,"Punctuation is used correctly to manage inline LaTeX notation, parenthetical references, and structured list items.","The text contains complex grammatical constructions with dependent clauses, passive voice, and relative clauses embedded in formal prose.","The text discusses abstract concepts in machine learning, such as Bayesian neural network training, alpha-divergence minimization, and time embedding theorems.","The text is an authentic, well-crafted example of a peer review written for an academic conference or journal in computer science.",0.4873294346978557,0.684,5.005855679132308,0.023483365949119372,0.27756653992395436,12,0.7115435232484167,0.06666666666666667,0.09980806142034548,4.769625793617003
reddit,a6f9bae3-afd6-450d-8e2d-c96159317449,14.615344113494965,3.4907425751841745,15.836834037358573,9.056935779746471,0.6275238172837216,-2.859444152997934,0.0335787430212697,1.251429549874219,7.444455438625678,-16.36325493271232,0.9712800622544367,8.580012648590342,−00,-6.363254932712319,0.0,0.0,6.363254932712319,8.0,8.0,7.0,7.0,7.0,5.0,7.0,7.0,7.0,8.0,"The text uses standard historical and political vocabulary appropriately, with only minor typos like ""hault"" and ""femenist.""",The narrative builds a logical argument around domestic opposition to Indian removal before briefly addressing the original query about foreign perspectives.,"The piece stays focused on 19th-century American history, touching on domestic politics, religious revivals, popular theater, and European colonialism.","Every sentence introduces distinct supporting evidence, ranging from petition drives and partisan politics to popular theater and foreign policy context.","The writing is clear and natural, though it contains minor spelling errors such as ""femenist"" and ""sufferage"" as well as a typo in ""George"" for Georgia.","The text is structured as an informal internet forum answer, utilizing standard prose paragraphs without repeating rigid frames or templates.","Punctuation is generally accurate throughout, using quotation marks, parenthetical citations, and brackets correctly, despite a comma splice near the end.","The text employs compound and complex sentences with several relative clauses, parenthetical insertions, and subordinate structures.","The text synthesizes historical arguments about political movement origins, cultural attitudes in theater, and international context, requiring the reader to connect several ideas.","The text reads as an authentic, helpful online forum response written by a knowledgeable human contributor.",0.6356877323420075,0.7777777777777778,4.826061213580161,0.0,0.29591836734693877,11,0.3408741527538334,0.07692307692307693,0.11524163568773234,5.140931815333758
peerread,4e7728dc-010d-47cb-95f2-16525a713ce3,16.468041125361065,3.074529163232782,14.728613448166726,8.271385439972153,-0.5392013955720092,-3.214813057511897,-0.3039585346491975,-1.431639659807729,-6.119926012155431,-16.333063424862775,-8.996881499368884,-8.859017555246524,−00,-6.333063424862775,-0.0,-0.0,6.333063424862775,8.0,8.0,5.0,7.0,7.0,6.0,8.0,7.0,7.0,8.0,Every technical term and word choice fits the context of an academic paper review perfectly.,"The review advances logically through main critiques, section-by-section feedback, and minor typographical comments.",The text stays strictly within the single domain of machine learning research review.,"Each sentence brings up a new specific critique, section reference, or paper citation.","The writing is clear and highly readable despite minor original typos present in the review such as ""THe"" and a missing space.","The text follows the standard continuous structure of a peer review, ending with a labeled list of minor comments.",Sentence boundaries and inline citations are punctuated correctly throughout the text.,"The text features complex sentence structures, incorporating subordinate clauses, inline citations, and direct quotes.","Understanding the reviewer's argument requires familiarity with specialized concepts like character-based language modeling, OOV problems, and NCE configurations.","The text is a completely authentic, natural example of an academic peer review for a machine learning conference.",0.5258620689655172,0.7008196721311475,5.08293960107132,0.030303030303030304,0.3409090909090909,10,0.7396547820949312,0.07142857142857142,0.08210526315789474,5.227494330831176
cmv,3bec38ad-9c98-4004-95a3-5b24858e7401,16.897766739332813,3.745919564412137,16.106920146146454,9.216369421389546,0.110607615627627,-3.116448066714881,0.1223541871865361,-0.2544664038211977,1.2146991980136908,-15.571173273173743,3.3766242484692564,-1.555286301952818,−00,-5.571173273173743,0.0,-0.0,5.571173273173743,8.0,8.0,7.0,7.0,7.0,5.0,8.0,7.0,6.0,8.0,"Every word fits the conversational tone and topic perfectly, with minor typos like ""out"" for ""our"" and ""words"" for ""world"" that do not obscure the precise choices.","The text presents a clear, advancing argument explaining why the author refuses to vote, addressing personal impact, guilt campaigns, and political manipulation in sequence.","The passage stays focused entirely on personal political philosophy, voting apathy, and specific examples from a single New Zealand election campaign.","The narrative steadily introduces new dimensions to the author's stance, moving from personal indifferene to public campaigns, peer pressure, and specific lecture hall propaganda.","The writing is fluent and engaging, with only minor typos such as ""out country's"" and ""real words"" that do not disrupt readability.","The text is structured as standard informal persuasive prose with no repeating frames, lists, or explicit visual templates.","Punctuation is used effectively throughout to capture spoken cadences, including appropriate use of quotation marks, commas, and parentheses.","The text features varied, conversational sentence structures including conditional clauses, rhetorical questions, and multi-clause compound-complex sentences.","The content presents a coherent, self-aware critique of political rhetoric and democratic duty that requires tracking the author's line of reasoning.",The piece is an entirely authentic example of an informal online opinion piece or blog post written by a real person about their local political situation.,0.47163695299837927,0.6563573883161512,5.172283561494386,0.03577235772357724,0.24846625766871167,11,0.8110823473644596,0.06896551724137931,0.08589951377633712,4.484785291717376
yelp,481ad6be-f330-41a8-9616-8779c20adbc1,14.252322879227137,4.0086569303444,14.119152800477138,9.01969626651304,0.1231713575793822,-2.558550711301688,0.1932476152393003,-0.9669406064947008,1.3844884248645983,-15.219617811790368,5.06492486859112,-6.409483094197481,−00,-5.219617811790368,0.0,-0.0,5.219617811790368,7.0,8.0,5.0,7.0,7.0,5.0,7.0,6.0,5.0,8.0,"The content words fit the context of a restaurant review precisely, though common idioms are slightly misrendered such as ""didn't rain true.""","The narrative flows logically through the sequence of events from calling ahead, arriving, ordering food, dealing with slow service, receiving the bill, and coming to a final evaluation.","The text remains focused entirely on a single topic, which is a disappointing dining experience at a restaurant.","Each sentence advances the narrative by detailing new aspects of the visit, such as the limited menu, slow service, forgotten food, and the unexpected bill total.","The text is clear and readable conversational English, with minor informal slips like ""Low and behold"" and ""rain true.""",The review follows standard continuous prose structured as a personal narrative without any explicit repeating frames or forced formatting.,"Sentence boundaries are well marked and informal marks like ellipses and capitalisation are used appropriately for the review style, though commas are occasionally missing.",Sentence structure is varied and includes compound-complex sentences alongside shorter conversational statements.,The content consists of a straightforward sequence of personal events and impressions without abstract concepts or complex arguments.,"The text reads completely naturally as an authentic, informal online customer review written by a real person.",0.6094276094276094,0.7071823204419889,4.9333881090405205,0.006779661016949152,0.2672413793103448,4,0.5100635990866764,0.05,0.08695652173913043,4.7079746459448995
wp,505bc7e5-d9bf-4cb3-846e-4bc6a9429359,13.867080190944009,3.474880869280439,13.642193863405913,8.354005844532972,-0.479327796676392,-2.4113074530906413,-0.3792639992436726,-1.012789499125839,-5.426352226074953,-14.81293790158808,-9.840418878414038,-6.910888085449675,−00,-4.81293790158808,-0.0,-0.0,4.81293790158808,8.0,8.0,6.0,7.0,6.0,5.0,7.0,7.0,5.0,7.0,"The content words fit the high fantasy setting precisely, using fitting domain-specific vocabulary like ""wyvern jerky,"" ""battleaxe,"" and ""incanting.""","The narrative advances smoothly from evaluating the aftermath of an ambush to setting up camp, counting loot, and discussing their past and future plans.","The text stays focused entirely on a single fantasy narrative scene involving combat aftermath, magic, and character dialogue.","The story progresses naturally line by line, introducing new actions, magic spells, character dialogue, and backstory details.","The text features minor typos like ""knicks"" for nicks, a missing word (""With his Jaspar shifted""), and a truncated speech tag (""sir da""), along with a meta-commentary tag at the end (""Edit: Typo"").",The text is standard narrative prose structured around alternating dialogue and character actions without any mechanical repeating frames.,"Punctuation is generally accurate in narrative sections and formatted correctly for dialogue, though it misses a period after ""sir da"" and contains minor speech marks issues.","Sentences feature varied structures with subordinate clauses, participial phrases (""searching for any dents""), and transcribed dialectal speech patterns.","The narrative presents a clear concrete sequence of events with slight character depth and dialect layer, but requires low abstract reasoning.","It reads like a natural draft of self-published or web fantasy fiction, complete with stylized accent writing and an informal author edit tag at the end.",0.6028169014084507,0.7616822429906542,4.940308757897489,0.0113314447592068,0.3900709219858156,6,0.7999961880672207,0.045454545454545456,0.07932011331444759,5.47504909130871
cmv,365ba259-c2eb-480e-84d9-eab251a43b47,17.061721168935705,3.598295512104876,15.584686009477371,9.074840951971831,-0.0309208537900875,-2.9524936371119885,-0.0252698651207246,-0.77670054049028,-0.3395745951812792,-14.751983356448406,-0.6973757194929538,-4.747155982888356,−00,-4.751983356448406,-0.0,-0.0,4.751983356448406,8.0,8.0,7.0,7.0,7.0,6.0,8.0,7.0,7.0,9.0,Every content word fits precisely within the context of an informal online argument regarding waterboarding and interrogation.,"The text logically moves from stating an initial opinion on waterboarding to providing supporting rationale, acknowledging personal background, and concluding with a call for community responses.","The text stays focused on political ethics, military interrogation methods, and personal reflections, supplemented by standard internet forum moderation disclaimers.","The text steadily introduces distinct aspects of the debate, moving from physical safety to psychological impacts, personal background, and procedural forum rules.","The prose is fully clear and readable, containing only minor informal glitches like ""it's"" instead of ""its"" and lower-case ""i"".","The text consists of standard argumentative forum prose followed by a distinct, boiler-plate moderator footnote.","Punctuation is used correctly throughout to separate clauses, mark emphasis, and denote inline link brackets in the footer.","Sentences feature varied structures, including rhetorical questions, subordinate clauses, and embedded parenthetical thoughts.","The passage addresses ethical abstractions and psychological versus physical harm, requiring the reader to evaluate nuanced perspective-taking.","The text is a completely authentic specimen of an online post from the ChangeMyView subreddit, including standard automated moderator formatting at the end.",0.5760869565217391,0.7169811320754716,5.033387632325658,0.00546448087431694,0.20512820512820512,10,0.5398373804863307,0.1111111111111111,0.0972972972972973,4.666875365700162
wikipedia,11edda6e-a57f-4f9f-8c31-2b3cc5263dee,14.3501277974381,3.519584478085676,13.28384089694859,8.767541822517494,0.0190835662629904,-2.4646264101735067,-0.1022050323782162,-0.9165551656153728,0.2181363356148738,-14.65752267171312,-2.821948434135406,-6.454433817037379,−00,-4.657522671713121,-0.0,-0.0,4.657522671713121,8.0,8.0,7.0,7.0,7.0,7.0,7.0,7.0,7.0,7.0,The historical and genealogical terms fit their contexts precisely throughout the passage.,"The narrative introduces the background of the kingdom, presents a structured list of monarchs, and transitions logically into discussing the historical sources.",The text remains focused on the single subject of the medieval kingdom of Strathclyde and its historical king-list.,"The text moves systematically from introductory historical facts to a detailed chronological list, followed by source critical analysis.","The prose is clear and accurate overall, though it trails off abruptly at the very end and includes minor formatting quirks in the list.","The middle section relies on a strict, repeated chronological list format (Name, dates), while the rest is standard prose.","Punctuation is generally accurate throughout, with proper handling of parentheses and dates, despite a missing closing period at the truncated ending.",The introductory and concluding prose contains well-developed relative clauses and embedded information.,"The text requires the reader to navigate historical dates, geographical shifts, and textual criticism of medieval primary sources.",The text reads naturally as an informational article or modern encyclopedia entry on medieval history.,0.3737051792828685,0.6204690831556503,5.3435488450609,0.12849162011173185,0.3104325699745547,16,0.6070243757272575,0.057692307692307696,0.24512099921935987,5.296911414553089
arxiv,45cbf4c9-7187-403d-9855-3cd66d707811,16.06056745944993,2.82059781752688,13.520860703323518,7.414683857295743,-0.4675753479804525,-2.7368814581270655,-0.3104863659802923,-0.5679733497920463,-5.9319965989886345,-14.559855808773497,-9.916257365923393,-4.031372274318515,−00,-4.559855808773497,-0.0,-0.0,4.559855808773497,9.0,9.0,7.0,7.0,9.0,5.0,9.0,8.0,8.0,9.0,"Every technical term and content word is precise, appropriately placed, and suited to the context of machine learning and computational physics.","The text clearly outlines a novel framework, details its two main stages, explains its underlying physics-encoding mechanisms, and systematically lists its applications before summarizing the results.","The passage stays focused on machine learning and computational physics, incorporating related subfields like Bayesian inference, neural networks, and fluid dynamics in porous media.","Each sentence moves the abstract forward by introducing distinct components of the method, specific test applications, or final performance conclusions.","The prose is grammatically flawless, clear, and written to professional academic publishing standards.","The text follows the standard, conventional structure of a scientific paper abstract without using explicit structural templates or repeating clause frameworks.","Commas, parentheses, and colons are all used correctly throughout the text to manage complex lists and sub-points.","Sentences feature complex embedded structures, parenthetical lists, and multiple subordinate clauses appropriate for technical academic writing.","The text requires the reader to track dense theoretical concepts involving physics-informed neural networks, Bayesian priors, and stochastic Monte Carlo sampling.","The passage reads as an authentic, high-quality abstract from a peer-reviewed journal in computational science.",0.5490909090909091,0.6158940397350994,4.750485102942644,0.06593406593406594,0.22580645161290322,8,0.33273875835235756,0.25,0.08208955223880597,5.588488672725724
xsum,509fc318-463e-4fe5-a765-307384eef0b5,15.221802747044505,3.6363839269028233,15.323820307053872,8.86159851646028,-0.1640575455522857,-2.587435378633866,-0.102042457892209,-0.2558329064638496,-1.817680004922586,-14.528613522793846,-2.7295564333495284,-1.6420962839010906,−00,-4.5286135227938455,-0.0,-0.0,4.5286135227938455,8.0,8.0,6.0,7.0,8.0,5.0,7.0,8.0,7.0,8.0,The content words are chosen with precise legal and journalistic accuracy appropriate for a high-court reporting context.,The narrative advances smoothly from introducing the legal issue to detailing the court arguments and concluding with the adjournment.,"The text stays strictly within the related domains of legal proceedings, judicial review, and organized crime reporting.","Each sentence moves the news report forward by adding specific legal context, facts about the trial, or developments in the court hearing.","The text is composed of clear, well-formed news prose with only minor syntax issues like a missing closing quotation mark at the very end.",The text is standard continuous news prose following a typical inverted-pyramid reporting structure without any explicit templates or frames.,"Sentence boundaries and legal attributions are punctuated correctly, though it omits a final closing quotation mark on the last sentence.","The text features sophisticated sentence structure with embedded relative clauses, complex premodifiers, and varied subordinate phrasing.","Understanding the passage requires tracking multiple legal entities, statutory agreements, procedural appeals, and past court decisions.","This is an unblemished, authentic piece of professional news reporting regarding high court proceedings.",0.5681159420289855,0.7142857142857143,4.84808060572097,0.03498542274052478,0.2684563758389262,6,0.5381477720614192,0.06666666666666667,0.19420289855072465,5.144753914635726
wiki_csai,c66059a5-6ac4-4f95-9b51-ecc67ba9a0e6,15.98208935271441,3.14098593564105,13.422537494214998,7.795597944887781,-0.12937066260967,-2.646789748316749,-0.0870218225360233,-0.4553315577138939,-1.6324438495223603,-14.207992515074308,-2.695836845979777,-3.2809904460844233,−00,-4.207992515074308,-0.0,-0.0,4.207992515074308,9.0,8.0,6.0,7.0,8.0,5.0,8.0,8.0,7.0,8.0,"The content words are precisely chosen technical terms in psychology, such as ""internalization,"" ""extrinsic,"" and ""autonomy,"" fitting their context perfectly.","The text logically progresses from a general definition of self-determination theory to its historical emergence, foundational concepts, and specific basic needs.","The text stays strictly within the domain of psychological motivation theory, touching upon its history and basic components.","The passage continuously introduces new concepts such as history, intrinsic versus extrinsic motivation, taxonomy, and the three basic psychological needs.","The prose is well-formed, formal, and clear, with only a minor missing preposition (""until the mid-1980s when Edward L. Deci..."").",The text is standard informational prose structured in normal paragraphs without any artificial or rigid template.,"Sentence boundaries, quotation marks, and commas are applied accurately throughout the text, including citation brackets.",The text features well-constructed complex sentences with multiple subordinate and relative clauses.,The text discusses abstract psychological concepts and internal motivations that require careful reading to follow.,"The text reads like a completely natural, high-quality encyclopedia entry on a academic topic.",0.5138888888888888,0.7027027027027027,4.603558265948637,0.04895104895104895,0.32142857142857145,9,0.48681597746824956,0.07692307692307693,0.10714285714285714,5.385607645360867
wikihow,7a447049-57c5-49f4-84ec-fe1cbc759bea,15.411278617908907,3.5947996230965784,15.8174803573045,9.149665900013936,0.8571308549960115,-2.545468672748554,0.1925223622629523,1.3190818306777388,10.336174045004096,-14.175555469742063,5.658632366010656,9.0981209287026,−00,-4.175555469742063,0.0,0.0,4.175555469742063,8.0,8.0,5.0,7.0,7.0,5.0,6.0,7.0,5.0,8.0,"The content vocabulary fits the theme of night-out planning precisely, using natural phrasing such as ""greasy dive"" and ""taco truck.""","The passage offers a continuous, logically organized set of advice for preparing for and enjoying a night out with friends.",The text stays focused entirely on the single subject of night-life preparation and partying advice.,"Each section introduces a distinct aspect of party preparation, moving systematically from selecting friends to packing essentials, dressing, and eating.","The prose is clean, clear, and well-constructed, marred only by minor artifacts like stray commas near paragraph boundaries.",The text uses standard prose paragraphs that follow a standard advisory article format without rigid recurring templates.,"Sentence-level punctuation is mostly accurate, though there are stray floating commas inserted between major sections.","Sentences feature moderate variety, using conditional clauses and complex predicate structures alongside shorter direct statements.","The content delivers practical, concrete social advice without requiring abstract theoretical reasoning or complex conceptual tracking.","The writing reads entirely like an authentic online lifestyle guide or advice article, despite minor artifact formatting glitches.",0.3514056224899598,0.64,5.452092820813144,0.06099195710455764,0.18059855521155832,9,0.5683791312777747,0.06329113924050633,0.05843293492695883,4.725781512266753
yelp,219e9636-2c6f-45fa-b8b3-24eb49795dc0,14.471257762301573,3.603816863447979,14.09296017389939,8.205591351510988,-0.6909335574226709,-2.3396158282272523,-0.2115924516571201,-0.9931332330724488,-7.766330836986175,-13.917276907878136,-5.545734000790739,-6.58310409647527,−00,-3.917276907878136,-0.0,-0.0,3.917276907878136,8.0,8.0,6.0,7.0,6.0,6.0,5.0,5.0,5.0,8.0,"The content words fit the subject of a negative restaurant review perfectly, precisely describing specific dishes and cooking issues.",The review advances logically from an initial summary of the MSG issue through a numbered list of bad dishes to a concluding summary about the overall quality and prices.,"The text stays strictly within the domain of a single restaurant review, touching on health reactions, specific dishes, personal travel context, and price.","Each section introduces a different aspect of the meal, moving from the MSG warning to specific dishes and past comparisons without repetitive circling.","The text contains minor grammatical and mechanical errors typical of casual online reviews, such as using ""their"" for ""they're"" and run-on ellipsis usage, but remains entirely readable.","The text uses standard informal prose interrupted by a numbered list (1, 2, 3) to break down the specific menu items evaluated.","Punctuation is heavily informal, featuring excessive periods used as ellipses and irregular spacing, though basic sentence boundaries remain clear.","The text consists mostly of short, simple declarative sentences and fragments typical of informal online commentary.","The content is straightforward and concrete, describing culinary experiences, basic physical reactions, and price evaluations without abstract argument.","The writing is completely natural as an authentic, impassioned online customer review on a platform like Yelp or Google.",0.5391849529780565,0.6337209302325582,4.839117076452586,0.01892744479495268,0.3129251700680272,4,0.6113277290215171,0.046511627906976744,0.1826625386996904,4.868986307625283
xsum,55640332-d138-4741-94aa-edac7ee7ea40,15.398147673436458,3.52907047818449,14.399226901915547,8.348858808033398,-0.6767972539791671,-2.411090452241911,-0.2093559066105421,-1.180426311602174,-7.498593446604844,-13.538425592532588,-5.600107774277347,-7.576717500861804,−00,-3.5384255925325885,-0.0,-0.0,3.5384255925325885,8.0,7.0,6.0,7.0,7.0,5.0,7.0,7.0,6.0,7.0,"The content words fit the sports financial reporting topic precisely, with appropriate domain terminology like ""institutional investors,"" ""share prospectus,"" and ""diluted.""","The text forms a logical news report tracking Rangers' share issue, moving smoothly from financial figures to quotes from key figures and stadium reactions, despite being cut off mid-sentence at the end.","The article stays focused on a single news story involving football business, market trading, and club management.","The narrative advances steadily by presenting financial numbers, stock market details, executive statements, fan protests, and managerial reactions.","The writing is clear and well-formed throughout, suffering only from a couple of minor omissions like ""how much been raised"" and a cutoff final sentence.",The text follows the standard structure of a standard sports news article without relying on explicit repeating frames.,"Quotation marks, commas, and periods are used correctly throughout the text, with minor missing symbols like the pound sign currency rendering (""PS10m"").","Sentences feature a good mix of compound structures, appositives, and subordinate clauses embedded in direct quotes.","The text covers straightforward corporate finance context within sports management, requiring basic tracking of investor details and public responses.","Aside from minor character conversion artifacts like ""PS"" for the pound symbol and an abrupt end cut-off, it reads as standard online news reporting.",0.5054704595185996,0.7186147186147186,4.950528937279041,0.026373626373626374,0.2345132743362832,8,0.5470072174524845,0.058823529411764705,0.12582781456953643,4.631824341080211
yelp,1f134aa5-2ed2-45cf-a056-81ea868ea2bb,14.58621029309482,3.537819606369875,13.962979350286858,8.53491626529741,-0.3616086436362486,-2.224663297434004,-0.2775897087352246,-1.123114056684981,-4.064605532359391,-13.233478233322568,-7.275489621421603,-7.444697751678701,−00,-3.233478233322568,-0.0,-0.0,3.233478233322568,8.0,8.0,5.0,7.0,7.0,7.0,6.0,6.0,5.0,8.0,"The content words precisely fit a casual online restaurant review describing specific dishes, service, and atmosphere.","The text flows logically from an overall summary to a detailed list of positive dishes, followed by negative dishes, and closes with a concluding remark.","The text focuses strictly on one subject, covering a specific restaurant visit, its dishes, service, and owners.",Each section introduces a new dish with distinct descriptions and personal feedback rather than repeating previous points.,"The writing is standard informal internet prose with minor typos like ""it's"" for ""its"" and unbalanced parentheses, but remains completely clear.","The text utilizes explicit section headers (""Yummy items..."", ""Not so yummy:"") and list formatting to organize the review.","Sentence boundaries and list items are punctuated adequately, though there are minor informal quirks like multiple exclamation points and an unclosed parenthesis.","The text consists of simple and compound sentences with occasional relative clauses, fitting an informal casual review style.",The content is a concrete and direct evaluation of food items and restaurant experiences requiring no complex abstraction.,"The conversational tone, informal layout, and list structure are completely authentic to a real user-submitted online review.",0.5266666666666666,0.6329113924050633,4.728201247452963,0.05704697986577181,0.33098591549295775,7,0.4300264073964109,0.14285714285714285,0.1413793103448276,4.666297543330443
reddit_eli5,01d22dc6-1cd3-4e47-a644-952a24821e4a,13.22870856554821,3.7011431666457217,12.174425784478492,7.895661461122542,0.1294059260727573,-1.980826251062183,0.2194934867303288,-0.442407086088938,1.6662589260517786,-13.023582081543449,6.304295575643993,-3.506482891764272,−00,-3.0235820815434487,0.0,-0.0,3.0235820815434487,8.0,8.0,6.0,7.0,7.0,5.0,7.0,7.0,7.0,8.0,"The technical vocabulary regarding internet protocols, torrenting, and copyright enforcement is used precisely and naturally throughout the text.",The passage flows logically from explaining how copyright enforcement agencies track online activity to offering practical advice on how to avoid detection.,The text stays focused on the single domain of online copyright monitoring and file-sharing security measures.,"Each sentence introduces new technical details, methods of tracking, or preventive strategies without repeating earlier points.","The writing is well-formed and clear, with only minor typos like ""recieve"" and slightly awkward spacing around parenthetical punctuation.",The text is standard informational prose written in an online forum style without any explicit repeating template or structure.,"Punctuation is used correctly to set off parenthetical definitions and lists, though there are artifact spaces before punctuation marks.","The text features varied sentence structures with conditional clauses, parenthetical explanations, and compound-complex configurations.","Understanding the content requires following technical explanations of network logging, peer-to-peer swarms, and IP filtering.","The text reads as a natural, helpful advice post written by a knowledgeable user on a tech forum or Q&A site.",0.5597269624573379,0.6463414634146342,4.820599123778598,0.027491408934707903,0.17054263565891473,8,0.5455159246470902,0.09090909090909091,0.10115606936416185,5.089180167165133
cnn,eb305bdd-97a2-4b75-9112-4ba6d8042cb8,15.274255313332471,3.2861316815606885,13.666756229565353,8.070738470964555,-0.4426675379395703,-2.187225767456944,-0.1115828258748328,-1.1579637942207128,-5.1996526123221045,-12.526003706886367,-3.284055374006444,-7.811033141690188,−00,-2.526003706886367,-0.0,-0.0,2.526003706886367,8.0,4.0,5.0,3.0,8.0,5.0,8.0,7.0,5.0,7.0,"The content words precisely fit the domain of a news report about rail disruptions, using appropriate terminology such as ""concourse,"" ""pathways,"" and ""knock-on effect.""",The text continuously circles back to restate the same core facts—the train hitting a person and subsequent delays—rather than advancing a sustained narrative.,"The passage remains strictly within a single topic, detailing a specific rail incident and its impact on London commuters.",The text repeatedly rehashes the same details regarding the track closure and stranded passengers across multiple paragraphs without providing much new information.,"The writing consists of clean, well-formed grammatical prose typical of modern news reporting, despite some repetition.","The text is structured as standard prose journalism containing bullet-like caption teasers (""Scroll down for video .""), but it does not follow a strict structural frame.","Punctuation marks are properly placed throughout the text, correctly handling quotation marks, apostrophes, and full stops.",The text utilizes varied sentence structures featuring complex subordinate and relative clauses alongside direct quotes.,"The passage presents a straightforward factual report describing concrete events and public statements, requiring minimal abstract reasoning.","The passage reads like an authentic online news article, complete with typical media idioms and caption hooks, though slightly repetitive due to compilation.",0.4613333333333333,0.5838150289017341,4.740922860202966,0.16890080428954424,0.20297029702970298,4,0.42050300051500594,0.125,0.09498680738786279,4.85791735440692
wp,151d1202-1628-4d01-aab1-47fb8a4ffed0,14.24357256805307,3.72570033242256,13.704074948476636,8.480785242727125,-0.3525483984822397,-2.0348150759815784,-0.1284445361015516,-0.9509084140551156,-3.991113805976117,-12.50010210149562,-3.3326338392344232,-6.4886352343892355,−00,-2.500102101495621,-0.0,-0.0,2.500102101495621,7.0,8.0,7.0,7.0,5.0,5.0,5.0,5.0,5.0,7.0,"The content words fit the narrative context well, clearly communicating the story of an average guy suddenly attracting an attractive woman due to a shift in reality.","The narrative advances logically through a sequence of events, moving from the initial encounter at a bar to a morning visit to a lab and an eventual encounter with CIA agents.","The text stays focused on a single sci-fi story line involving personal relationships and parallel realities, with related locations such as the bar and the lab brought in.","Each sentence pushes the plot forward by introducing new beats, dialogue, or internal thoughts without repeating previous points.","The text contains several notable typographical errors, misspellings like ""awearnes"" and ""glipsed"", and minor grammatical mistakes, though it remains readable.","The story is written in conventional, continuous narrative prose without any rigid repeating frames or template structures.","Sentence boundaries are generally marked, but there are multiple inconsistent capitalization choices and missing quotation marks or spaces around punctuation throughout.","The text uses mostly short, simple sentences mixed with occasional subordinate and relative clauses typical of informal web fiction.",The story relies on a simple sci-fi concept with straightforward narrative dialogue and basic plot progression.,"Despite minor mechanical flaws, the text reads like a typical self-published web story or creative writing submission.",0.5023584905660378,0.6713615023474179,4.950448562691223,0.023696682464454975,0.27014218009478674,7,0.7157387448449304,0.041666666666666664,0.16745283018867924,4.571095867972285
wikipedia,c30d65c4-c9fd-45d8-a304-7c45c896723b,14.745534304631905,3.781597421824162,15.09076192356478,9.266602404930378,0.5181441486758747,-2.069219902979702,0.1598079113602697,0.8903658610008165,5.922690987356998,-12.305977699293514,4.412401960372373,6.270007238375981,−00,-2.305977699293514,0.0,0.0,2.305977699293514,8.0,7.0,7.0,7.0,7.0,7.0,8.0,8.0,7.0,8.0,"The content words are precisely chosen throughout, using exact ornithological terms like ""gregarious,"" ""monotypic,"" and ""hackles.""","The text flows as an informative encyclopedia article, though it cuts off abruptly at the very end mid-sentence.","The passage stays focused on a single biological subject, examining its taxonomy, physical description, distribution, and feeding habits.","Each sub-section systematically introduces distinct information regarding the species' classification history, physical traits, habitat range, and hunting behavior.","The prose is cleanly written and grammatically sound, though the final sentence is truncated mid-thought.",The text is structured like a classic encyclopedia entry using clear section headers to separate topics.,"All standard punctuation marks are used accurately to structure complex biological descriptions, aside from the trailing final sentence.","Sentences feature varied structures with relative clauses, embedded citations, and participial phrases.",The text presents moderately complex taxonomic classifications and morphological comparisons that require focused attention.,"The text is a well-crafted, authentic specimen of an online encyclopedia entry about wildlife.",0.4625935162094763,0.6873315363881402,5.252444796992642,0.0925,0.28306264501160094,10,0.5189289176512085,0.05263157894736842,0.11853720050441362,5.389746186987822
cnn,f6ddd472-97ae-495c-baf4-b4f9512e83e4,12.367239733496492,3.079214401562315,11.474379810986594,7.045070951144616,-1.468335057759509,-5.094241347292922,-0.3185001058732064,-3.3503402127994697,-17.247327993329407,-29.17416525965516,-9.373951377498146,-22.59968624988461,−0−,-19.17416525965516,-0.0,-12.59968624988461,31.77385150953977,8.0,6.0,6.0,5.0,7.0,5.0,8.0,7.0,5.0,8.0,"The content words fit the sports journalism domain perfectly, accurately using specific names, tactical language, and football terminology throughout.","The narrative centers on Jose Mourinho's funny tactical preparation anecdote regarding Fellaini's twin, though it stutters slightly with photo captions interspersed within the article text.","The text stays focused entirely on a single topic, covering Premier League football tactics, a lighthearted pre-match anecdote, and title race implications.","The text introduces the main anecdote early on and then fills in details, repeating the doorman story and Fellaini's inclusion in the match setup across multiple sentences.","The prose is grammatically sound English, though it bears the typical layout artifacts and image captions of an scraped online news article.",The text follows standard news reporting structure punctuated by descriptive image captions embedded directly in the body copy.,"Quotation marks, full stops, and parenthetical elements are used correctly throughout the spoken quotes and reportage.","The text uses a healthy mix of direct speech, compound sentences, and relative clauses to describe both the anecdote and the league standings context.","The content is easy to digest sports reporting consisting of factual event reporting, narrative storytelling, and quotes.","It reads like a completely authentic sports news article from a British tabloid or website, inclusive of integrated photo captions.",0.525,0.6428571428571429,4.782002366780822,0.031446540880503145,0.25,8,0.6503556890718724,0.0625,0.19817073170731708,5.161753536149503
arxiv,128930c3-1d8f-414a-b9a1-ab8b42f2479a,16.40807286719505,2.848131757898144,8.703641476294603,5.602652089882367,-2.279607115393828,-2.389376050381948,-0.2829524256090283,-5.385192576820961,-28.920732698918528,-12.711171930078796,-9.036883361343842,-38.22312447231994,−0−,-2.7111719300787964,-0.0,-28.223124472319935,30.934296402398736,9.0,9.0,7.0,7.0,9.0,5.0,9.0,8.0,8.0,9.0,Every technical term and content word is used with high precision to explain the mathematical derivation and physical oceanographic context.,The passage develops logically from a historical problem statement through a theoretical derivation to practical approximations and empirical test results.,"The text stays focused on oceanography and physical fluid dynamics, bringing in relevant graph theory concepts to solve the specific mathematical problem.","Each sentence advances the argument by introducing new concepts, mathematical mechanics, approximations, or empirical validation metrics.","The prose is clean, formal, and free of grammatical errors or fragments.",The text is standard academic abstract prose organized logically without a rigid or repeating frame.,"Punctuation is used correctly throughout, accurately handling complex sentence boundaries and inline mathematical notation.","Sentences feature complex constructions with relative clauses, participial modifiers, and passive structures typical of academic literature.","The content demands significant domain knowledge, requiring the reader to process continuous abstract mathematical and physical relationships.","The text is a natural, highly polished scientific abstract written for an academic journal.",0.41025641025641024,0.5714285714285714,4.258257651018878,0.22140221402214022,0.34782608695652173,10,0.4040270618094501,0.08333333333333333,0.057034220532319393,5.257249819131192
imdb,d6792034-0480-44e2-9c8c-1e261f9f5765,14.869704883356595,3.7617253092115255,11.946171604343922,7.57388360809231,-1.9687289628202,-3.9120158637270177,-0.1064294134461638,-4.842112693285449,-20.6309220686714,-20.828846921997116,-2.7514259660492457,-28.84221286370038,−0−,-10.828846921997116,-0.0,-18.84221286370038,29.671059785697494,8.0,7.0,5.0,7.0,7.0,5.0,7.0,6.0,5.0,8.0,"Every content word fits precisely into the context of an informal film review discussing actors, costume design, and target audiences.","The text moves logically from the author's initial disconnect with the film to specific commentary on performance, costume design, personal taste, and critical reception.","The passage stays focused on a single topic, evaluating the film *The Adventures of Priscilla, Queen of the Desert* through its acting, costume design, and personal appeal.","Each sentence advances the review by bringing up new points such as actor capability, drag aesthetics, costume award recognition, and external movie reviews.",The text reads as sound informal English with minor stylistic run-ons and missing punctuation that do not hinder readability.,The text is formatted as standard continuous prose typical of an online movie review without any explicit repeating structure.,"Most sentences are punctuated correctly, though a few missing commas lead to minor run-on structures like ""Terrance Stamp, Guy Pearce Hugo Weaving"".","The sentences use a comfortable mix of main clauses, parentheticals, and subordinate clauses to express personal opinions and caveats.",The content involves simple personal reflection and subjective evaluation of a film's aesthetics and audience fit without complex theoretical argument.,"The writing perfectly captures the authentic, conversational tone of an everyday user writing an informal film review online.",0.5234657039711191,0.6689655172413793,4.581447848638957,0.08363636363636363,0.30303030303030304,6,0.34073385349300717,0.15384615384615385,0.12681159420289856,4.405308510281336
wikihow,4a50907e-6523-466d-aa92-8df649dbd3f4,12.524891472480276,3.187476693896575,11.772838931538857,7.571505181901902,-0.7210298631160228,-5.431855818177185,-0.2148005669370509,-2.7255595950879066,-8.69492693370299,-30.249664542549255,-6.313435104475304,-18.799039011669667,−0−,-20.249664542549255,-0.0,-8.799039011669667,29.04870355421892,8.0,7.0,5.0,7.0,7.0,7.0,8.0,7.0,6.0,8.0,The content words are precisely chosen technical building terms appropriate for constructing climbing walls.,"The text systematically presents various construction methods for building a wall, though it cuts off abruptly at the end.",The text stays focused on the single subject of wall construction and structural framing techniques.,Each subsection introduces distinct building materials and structural methods in sequence.,"The writing consists of clear, grammatically sound instructional prose, despite a slight typographical artifact near the beginning.","The passage uses a repeated instructional format, breaking down options with bolded headwords followed by step-by-step specifications.","Parentheticals, measurements, and sentence boundaries are punctuated accurately throughout.","The text features varied sentence structures incorporating imperative clauses, list-like specifications, and complex sub-clauses.","The passage requires understanding specific engineering and construction concepts like mud sills, rebar dowels, and scratch coats.","The text reads naturally as a standard, professional ""how-to"" DIY construction guide.",0.4418262150220913,0.6833333333333333,5.103080065889639,0.056129985228951254,0.31926121372031663,10,0.4927056358206958,0.04878048780487805,0.05547850208044383,5.102650774836155
eli5,9f9b2c9f-6c20-43dc-8ef3-fab6a6fed956,13.377842163040212,3.532630353796226,12.242203290205484,7.810983845232174,-0.9289270667653362,-5.213957785465626,-0.137693641956349,-2.9883691212398027,-10.628564479875568,-28.04439484023522,-3.7515391588233857,-19.620858891647025,−0−,-18.04439484023522,-0.0,-9.620858891647025,27.665253731882245,8.0,5.0,5.0,7.0,6.0,5.0,6.0,7.0,5.0,5.0,"The content words are precisely chosen and fit the domain of business, retail sales, and market research.","While individual forum comments are coherent, the overall text is an unmerged collection of different user responses joined by raw code strings.",The text focuses strictly on a single topic: the economics and business motivations behind mail-in rebates.,"Different responses introduce distinct angles, such as profit margins, non-redemption rates, consumer data collection, and personal anecdotes.","The prose contains minor typos like ""hasnt been mad"" and trailing fragments, alongside raw formatting noise like bracketed quotes and commas.",The text is formatted as a unstructured series of forum replies concatenated with code-like string quotes and commas.,"Sentence boundaries and internal marks are generally correct, though damaged by trailing commas, misplaced quotes, and an unclosed final string.","The text features a natural mix of simple, compound, and complex sentences with subordinate conditional clauses.",The text explains basic business logic and consumer behavior concepts without reaching deep theoretical abstraction.,"The writing itself consists of natural forum posts, but the raw string-concatenation formatting makes the document look like a degraded data dump.",0.4707259953161593,0.6567164179104478,4.846089680467715,0.023529411764705882,0.3274336283185841,6,0.5199925345412938,0.10526315789473684,0.06912442396313365,4.572546337537297
wiki_csai,0c5b1564-5833-4e13-9ae3-67dd8515ac53,15.891086458916078,3.099554558745716,9.695239973206078,6.216149316511101,-1.7088192909863509,-2.7377926421150818,-0.1284531994313575,-4.1826290787228135,-21.562473943047735,-14.696496913566516,-3.979333665043541,-30.138842376102893,−0−,-4.696496913566516,-0.0,-20.138842376102893,24.83533928966941,8.0,8.0,6.0,7.0,9.0,5.0,9.0,8.0,8.0,9.0,"Every technical term and content word is precise, accurate, and perfectly fits the context of theoretical cryptography.","The text presents a logically structured explanation of zero-knowledge proofs, moving clearly from basic definitions to interactive mechanisms and finally non-interactive variants.",The passage remains focused entirely on a single topic within theoretical computer science and cryptography.,"Each sentence builds on the previous concepts by introducing key nuances, such as interactive challenges, leakage of secrets, and computational assumptions.","The writing is fully grammatical, clear, and accurate standard academic English without any structural flaws.",The text follows standard continuous prose structured as an introductory overview of a scientific topic.,"Punctuation is used correctly throughout, accurately handling parentheses, commas, and complex sentence boundaries.","Sentences feature significant syntactic complexity, including multiple levels of subordination, relative clauses, and conditional structures.","The content involves abstract theoretical reasoning about information dynamics, cryptographic proofs, and logical assertions that require focused attention.","The text reads as an expert, published encyclopedia entry or introductory textbook passage on cryptography.",0.37894736842105264,0.5763888888888888,4.357635857140685,0.10052910052910052,0.3516949152542373,7,0.3218015509366839,0.08333333333333333,0.029891304347826088,4.646587431245379
wp,99e0e755-c4bf-4caf-aa95-d294c3efe013,14.202553781613526,4.164825016757615,10.07932781516419,6.982398652280672,-1.8509349889286923,-2.0758338624211223,0.3106801482335037,-4.575655547367562,-20.953980276412185,-12.752085205329466,8.060935923056627,-31.22252297512732,−0−,-2.7520852053294664,0.0,-21.22252297512732,23.974608180456784,8.0,8.0,6.0,7.0,8.0,5.0,8.0,7.0,7.0,8.0,"The content words fit the sci-fi alien narrative framework well, with consistent, meaningful vocabulary choices like ""spores,"" ""harmony,"" ""infection,"" and ""sentient.""","The passage develops a clear narrative about an ancient alien species saved from an infection by another entity (""All He""), advancing logically throughout the log entry.","The text stays focused on a single science-fiction narrative about cosmic entity history, star systems, and alien biology.","Each sentence moves the story forward by explaining the history of the ""Grand Mother,"" the attack of the ""Locus,"" and the sacrifice of ""Yellow Son.""","The prose is grammatically sound and reads cleanly as a sci-fi translation log, despite minor stylistic quirks representing the alien mindset.",The text uses a standard translation log header at the beginning but is otherwise composed of continuous narrative prose.,"Sentences and dialogue/names are correctly punctuated throughout, with appropriate use of colons, quotation marks, and commas.","Sentences feature a good variety of compound structures, relative clauses, and participial phrases without becoming overly tangled.","The text presents a moderately abstract mythological narrative involving non-human perspectives on time, life cycles, and sacrifice.",It reads naturally as a well-written science fiction story written in the form of an alien log entry or translated monologue.,0.3867924528301887,0.5975609756097561,4.557830382336692,0.08530805687203792,0.3192307692307692,7,0.5950878787890627,0.11764705882352941,0.23349056603773585,4.702526773509739
cmv,569cd499-cfa9-41c1-8747-9d6c5533630a,15.574645830664878,3.6893832552303634,13.17603620811326,8.170342632564239,-0.9354191731976798,-4.439568975382816,0.0658178780047626,-3.1853503418543916,-10.272827174171937,-22.182079179250696,1.8163844488203065,-19.468706592355947,−0−,-12.182079179250696,0.0,-9.468706592355948,21.650785771606643,7.0,8.0,5.0,7.0,6.0,5.0,6.0,6.0,5.0,7.0,The content words fit the narrative context smoothly and accurately express the writer's personal situation.,"The text maintains a logical, chronological narrative arc detailing a relationship fallout from start to finish, concluding with a summary.","The text remains focused on a single topic, which is the interpersonal drama and history surrounding a romantic breakup.","Each sentence introduces new developments in the sequence of events, progressing the storyline steadily.","While completely readable, the prose contains noticeable typos and misspellings such as ""didntdoesn't,"" ""sported,"" ""where,"" ""eles,"" ""wana,"" and ""engagementwedding.""","The text is formatted as standard narrative prose ending with a conventional online forum summary (""TLDR"").","Punctuation is generally functional and marks sentence boundaries correctly, though it exhibits minor informal errors like missing apostrophes.",Sentences feature a natural mix of compound and complex structures with occasional subordinate clauses and conversational pacing.,The narrative centers on simple personal anecdotes and emotional events that require little abstract conceptual processing.,"The writing reads authentically as a personal, emotional story posted to an online advice forum.",0.5186170212765957,0.7128205128205128,4.821106643553593,0.034759358288770054,0.281767955801105,9,0.5986937833861967,0.043478260869565216,0.07446808510638298,4.852266182200255
eli5,ec72fdcf-236b-4f67-9a5d-0f373b1a3b14,15.992981963751197,3.554162048640015,11.058391228885355,7.11977040140052,-1.6201405105969906,-2.5988179847546427,-0.1161619471125599,-4.172181182559928,-18.537265733143578,-13.978302219003272,-3.1648962665690137,-27.3934627658818,−0−,-3.978302219003272,-0.0,-17.3934627658818,21.371764984885072,8.0,6.0,6.0,7.0,6.0,5.0,6.0,7.0,7.0,7.0,"The physics concepts and terminology, such as reference frames, velocity equations, and parabolas, are consistently well-chosen and accurately applied throughout the explanations.","The text addresses a single physics question across multiple forum-style answers, though there are minor transitions and punctuation artifacts where different user responses join together.","The text stays focused on classical mechanics and kinematics regarding jumping inside elevators, with only a brief side reference to an airplane photoshoot.","The text offers multiple distinct physics perspectives and mathematical breakdowns to answer the prompt, progressively introducing new reference frames and kinematic equations.","The prose contains some mechanical artifacts, missing spaces around mathematical variables, and awkward joining characters like single quotes and commas from concatenated data.","The text is written in continuous, natural online forum prose without any rigid repeating framework or slot-filled structure.","While standard sentences are punctuated correctly, there are stray formatting artifacts such as trailing quotes and missing equals signs in the kinematic formula display.","Sentences feature varied structures, including conditional clauses, parenthetical insertions, and multi-clause physics explanations.","The text deals with abstract physics concepts, relative frames of reference, and kinematic mathematical models that require active reader comprehension.","Despite minor concatenation artifacts from data scraping, the text clearly represents authentic online forum answers explaining a physics scenario.",0.4281767955801105,0.6580645161290323,4.559300676117734,0.06388888888888888,0.3526570048309179,7,0.48720362779182225,0.15384615384615385,0.0582010582010582,4.743458058155988
xsum,96b22ae3-8d33-4336-9ebe-8bd2645f4621,13.43614233752376,3.879292181618817,13.06881304796506,8.2695700131083,-0.7560860489042653,-4.373095788154611,0.1408657968237845,-2.510840165552663,-8.377075790495734,-24.555209814670462,3.768050573276376,-16.11614925660943,−0−,-14.555209814670462,0.0,-6.116149256609429,20.67135907127989,7.0,7.0,7.0,7.0,7.0,5.0,7.0,7.0,7.0,7.0,The text is a well-integrated piece of Welsh journalism where all vocabulary choices fit the context of social care and local government finance.,"The article presents a coherent narrative detailing the social care crisis in Wales, featuring distinct viewpoints from care providers, local council associations, and government funding context.",The piece focuses entirely on social care provision and its financial and recruitment challenges in local Welsh government.,"Each paragraph adds new details to the argument, including survey data from BBC programs, specific company examples, and official responses.","The prose is grammatical, coherent standard Welsh news reporting, marred only by minor typographical glitches like the substitution of capital 'I' for lower-case 'i' and ASCII symbol conversion ('PS15').","The text follows standard news article organization, weaving quotes, stats, and narrative without using an artificial or repetitive template.","Sentence boundaries and quotation marks are properly used throughout, missing only a few accent marks (e.g., 'a'n' instead of 'â'n') due to character encoding issues.","Sentences feature varied structures with appropriate subordinate clauses, indirect speech, and quoted material.","The text deals with policy, economics, and government funding allocations in a straightforward reportorial style.","It is entirely natural Welsh broadcast journalism, typical of news reporting from the BBC or similar outlets.",0.4892086330935252,0.6580882352941176,5.10962335857122,0.06678700361010831,0.2147887323943662,6,0.4589031894455288,0.09523809523809523,0.17055655296229802,8.355766774083579
cnn,d78b11af-5071-4102-97fa-4df289956607,13.995065636481431,3.0790834777583127,11.968532090496918,7.275138418587408,-1.2382675903167168,-3.466415444307984,-0.3186310296772086,-2.8561879332891458,-14.54491409221667,-19.851783638912664,-9.377804667811846,-19.266387012411908,−0−,-9.851783638912664,-0.0,-9.266387012411908,19.118170651324572,7.0,4.0,7.0,3.0,5.0,5.0,6.0,6.0,4.0,4.0,"The content words fit the news topic precisely, though repetitive sentences create awkward placement.",The text loops repeatedly over the same facts about the raccoon and crane operator before abruptly shifting to city garbage bin policy.,The text moves from a specific humorous incident involving a crane operator and a raccoon to municipal policy on Toronto garbage bins.,Multiple sentences merely repeat previous statements about the raccoon climbing the crane and being posted on social media before adding a brief note about compost bins.,"The prose contains several missing spaces between words such as ""craneafter"", ""about213"", ""RobMacFarlane"", and ""a31million"", though it remains readable.",The text is written in standard journalistic prose without any rigid repeating frames or template structures.,"Punctuation is generally accurate throughout, though spacing errors occasionally run words and numbers directly into adjacent text.","Sentences feature standard news style with simple compound forms, direct quotes, and basic relative clauses.",The passage describes a simple concrete news event and local municipal news with minimal abstraction or complex reasoning.,The heavy repetition of identical facts makes the piece feel artificially spliced together from redundant news summaries.,0.5276967930029155,0.6353591160220995,4.834349827155018,0.1466275659824047,0.2345679012345679,5,0.4633275924272636,0.14285714285714285,0.13994169096209913,5.458325802679416
yelp,f8f4b7b5-8050-4ecb-b532-4ab82f2e450c,13.786222849774218,3.791544233689673,12.10366495054509,7.782626424095039,-1.1138984848386198,-3.0246507407546073,-0.023865081415427,-2.98242845642675,-12.520602102963505,-17.99222821149927,-0.6254920362265053,-19.76938877395827,−0−,-7.99222821149927,-0.0,-9.76938877395827,17.76161698545754,7.0,7.0,5.0,7.0,6.0,5.0,6.0,5.0,5.0,8.0,"The content words fit the situation precisely, aside from a minor typo (""slep fo"" for slept for), naturally conveying a stressful travel situation.",The narrative moves logically in chronological order from the initial departure in Toronto through the hotel issue to the drive to Ottawa.,"The text stays strictly on one topic, detailing a specific travel mishap and hotel complaint.","Each sentence advances the narrative by adding new chronological events, feelings, or details about the travel ordeal.","While completely understandable, the writing contains minor typos, run-on sentences, and conversational fragments typical of a mobile review.",The text is written as standard informal continuous prose with an initial rating tag and a standard email signature footer.,"Periods and commas are generally present, though there are several missing spaces after periods and informal sentence boundaries.","The text consists mostly of short, simple main clauses joined informally or left as fragments.","The material covers straightforward, concrete travel logistics and personal feelings without abstract conceptual content.","This is a completely authentic, highly believable negative online review written on a mobile phone.",0.4816053511705686,0.6319444444444444,4.604602409755132,0.030303030303030304,0.2645161290322581,7,0.6640775251559667,0.041666666666666664,0.14838709677419354,4.633128942263175
wp,b23f825c-53fb-49f2-9261-f65eaeb3ff76,14.095543691828262,3.548072298749396,11.092402881255682,7.325784137413725,-1.507549503795639,-2.1828439522063867,-0.3060725697747157,-3.56258048127607,-17.066597561339726,-13.409460444974156,-7.941387265287768,-24.309686289951607,−0−,-3.4094604449741563,-0.0,-14.309686289951609,17.719146734925765,8.0,8.0,6.0,7.0,8.0,5.0,8.0,7.0,6.0,8.0,"The content words precisely fit the emotional context of a personal letter addressing past memories, choir singing, and relationship struggles.",The text follows a clear chronological progression from meeting five years ago through a turbulent relationship to a reflective breakup conclusion.,"The narrative focuses closely on personal relationships, emotional growth, and shared memories without shifting to unrelated domains.","Each sentence advances the personal history by revealing new details about their choir days, dating choices, shared habits, and eventual breakup.","The prose reads cleanly with well-formed sentences, carrying only minor stylistic informalities suitable for a personal letter.",The text is written as continuous prose structured like an informal personal letter without any rigid framing or repeating templates.,"Punctuation is used correctly throughout to delineate complex emotional thoughts, including appropriate colons and apostrophes.","Sentences feature varied structures, blending short reflective statements with multi-clause compound and complex sentences.","The text explores abstract personal themes like emotional trauma, relational dynamic, and forgiveness while maintaining a clear narrative layer.","The letter reads as an entirely authentic, highly natural personal piece written to an ex-partner.",0.49874686716791977,0.6582914572864321,4.8285494900581565,0.0,0.335,6,0.5736287998348757,0.05263157894736842,0.1275,4.5168603064422035
arxiv,20bbd682-6710-43ae-8a70-8628be43f4ef,15.120423841980688,3.122830021867523,11.671934463628318,7.181341765838192,-0.7009174394380038,-3.677025075596308,-0.0082541616396496,-2.4168995894872456,-8.892341918530494,-19.561298406604628,-0.2636199206373316,-17.154716851482675,−0−,-9.561298406604628,-0.0,-7.154716851482675,16.716015258087303,9.0,8.0,7.0,7.0,9.0,6.0,9.0,8.0,8.0,9.0,The content words throughout the text are precisely chosen mathematical and biological terms that fit the probability context perfectly.,"The passage presents a single continuous argument, moving logically from the model setup to the different parameter regimes and concluding with limit theorems.","The text stays strictly within the domain of applied probability, specifically branching processes and population genetics.","Every sentence introduces specific new mathematical conditions, asymptotic regimes, or rigorous convergence results without redundant repetition.","The text is written in flawless, professional, and publishable scientific English.","It follows standard prose paragraphing for an academic abstract, structured by three explicitly detailed parameter cases ($\alpha>\theta$, $\alpha<\theta$, $\alpha=\theta$).",Standard mathematical punctuation and inline LaTeX formatting are used correctly throughout the paragraph.,"Sentences feature complex mathematical sub-clauses, parenthetical conditions, and compound-complex structures.","The text contains dense abstract probabilistic ideas, requiring the reader to hold complex parameter conditions and asymptotic regimes in mind.",This is an exemplary abstract from a real peer-reviewed scientific paper in probability theory or mathematical biology.,0.44694533762057875,0.6330935251798561,4.505917206557501,0.21359223300970873,0.3546511627906977,18,0.42918239812951037,0.08333333333333333,0.04814814814814815,5.329915051427218
wikihow,8ebb5d83-8aea-4fce-a718-77a8e956ce79,16.152362344972033,3.710810673323697,10.755858220576975,7.461801406442217,-0.8307336385757074,-1.8043849456854275,0.3085334124900711,-3.7425403060497864,-10.017848993894866,-10.048506650334236,9.06843824992894,-25.813473806617292,−0−,-0.0485066503342359,0.0,-15.813473806617292,15.861980456951528,8.0,8.0,5.0,7.0,6.0,6.0,5.0,7.0,6.0,6.0,"The content vocabulary consists of precise fishing and knot-tying terms such as ""tag line,"" ""hook eye,"" ""shank,"" and ""overhand knot"" that fit the instructions perfectly.",The text steps logically through the sequential process of tying a specific fishing knot from start to finish.,The entire text stays strictly within the domain of fishing and knot-tying instruction.,"Each step introduces a new physical action in the process, progressing from threading the line to tightening the finished knot.","While the text is generally written well, it contains odd floating punctuation tokens like ""; ,"" that interrupt sentence flow.",The text follows a standard step-by-step instructional structure commonly found in how-to guides.,"Standard punctuation is mostly used correctly within sentences, but stray commas and semicolons appear unexpectedly between some sentences.",The writing uses varied instructional syntax featuring imperative main clauses combined with subordinate conditional and purpose clauses.,The passage describes a detailed practical procedure that requires the reader to visualize spatial arrangements and precise mechanical steps.,"Except for a few stray punctuation artifacts from a scraping or formatting error, the language is entirely natural instructional prose.",0.33640552995391704,0.6027397260273972,4.194097992910204,0.19212962962962962,0.4375,4,0.632948429172369,0.06666666666666667,0.037037037037037035,4.505915239393954
finance,aee093d9-0c27-435a-9b60-112c713f8d16,14.791977634112024,3.520262671272802,11.042257461434083,6.976100685016283,-1.009074749678283,-2.437165842475352,0.2145164642367434,-2.980343765447717,-12.636851349489234,-14.14560071304303,6.48919943642859,-21.253858091138593,−0−,-4.145600713043031,0.0,-11.253858091138593,15.399458804181624,8.0,8.0,6.0,7.0,8.0,7.0,8.0,7.0,7.0,8.0,"The content words throughout the text are precisely chosen terms standard for tax advice, such as ""deductions,"" ""commute,"" ""deductible,"" ""self-employed,"" and ""utilities.""","The text moves logically through a series of specific tax deduction questions regarding commuting, home offices, and internet service.",The text remains focused on the single subject of tax deductions for home offices and work-related expenses.,"Each question introduces a distinct sub-topic within tax law, with the answers providing specific new rules and exceptions.","The prose is fully clear, well-formed, and completely free of grammatical defects or awkward phrasing.","The text is structured as a clear series of question-and-answer pairs, following a consistent conversational FAQ frame.","Question marks, commas, quotation marks, and periods are all used accurately throughout the text.",The text uses a natural mix of simple questions and compound-complex conditional sentences with dependent clauses.,"The text explains specific legal and regulatory criteria from the IRS, requiring the reader to process multi-part conditional rules.","The writing reads as an authentic, helpful expert post or FAQ guide on tax rules written for an everyday audience.",0.4847328244274809,0.6377952755905512,4.479938416318616,0.05384615384615385,0.25925925925925924,8,0.5752232725160557,0.11764705882352941,0.07662835249042145,4.448506698644765
arxiv,f308336c-00b0-43fc-9b07-4849dad3b9b5,16.03235370713203,2.841665776577188,11.385503084015417,6.6485788899949885,-1.233680315281207,-2.765095210444965,-0.2894184069299843,-2.703330969100149,-15.651354302779222,-14.709949326471625,-9.243392702581462,-19.187755061266692,−0−,-4.709949326471625,-0.0,-9.187755061266692,13.897704387738315,8.0,8.0,6.0,7.0,8.0,5.0,8.0,7.0,8.0,8.0,"Every content word, from specialized physics terminology like ""$k_t$-factorization"" to standard academic verbs, fits its specific technical context precisely.","The passage develops a logical sequence that introduces a calculation method, details two specific implementation approaches, compares the results to experimental data, and addresses potential theoretical issues like double counting.","The text stays strictly focused on theoretical high-energy particle physics, specifically Higgs boson production and decay models.","Each sentence steadily advances the summary by introducing new steps of the calculation, comparisons with empirical data, or specific theoretical mechanisms.","The text is well-written, clear, and grammatically sound, with only a minor stylistic error in missing an article before ""higher-order contribution.""","The text follows the standard format of a scientific journal abstract, relying on standard paragraph structure without explicit templates or rigid repeating frames.","Commas, parentheses, math-mode delimiters, and periods are used correctly throughout to structure complex physical notation and clauses.","Sentence structure features moderate variation, utilizing participial phrases, passive voice constructions, and subordinate clauses to explain multi-step methods.","The content involves abstract quantum field theory concepts, mathematical formalisms, and complex data comparisons that require domain expertise to fully parse.","The text is an authentic, completely natural abstract from a physics research paper.",0.4555160142348754,0.6015625,4.41519038393245,0.11827956989247312,0.35294117647058826,11,0.548298277739172,0.125,0.14074074074074075,5.241572309748553
reddit_eli5,a3c0d7fe-ee4d-47f3-9a83-f824cfe2b4e5,13.014691964422946,3.182390656162623,10.346364074623878,6.82448664326853,-0.9417688917812548,-2.1948428521874472,-0.2992590237527692,-2.270468795943552,-12.12642163950143,-14.43070336240955,-8.59532265635759,-17.995552602112262,−0−,-4.430703362409551,-0.0,-7.995552602112262,12.426255964521811,8.0,8.0,7.0,7.0,6.0,5.0,7.0,7.0,6.0,8.0,"The content words, including analogies like ""DERP1"" and technical terms like ""carrier"" and ""recessive,"" are used accurately and appropriately throughout the text.","The text forms a logical and continuous explanation of genetics, starting with basic gene pairs, introducing dominance/recessiveness, giving a hypothetical example, and concluding with the risks of inbreeding.","The text focuses strictly on human genetics and inheritance, briefly bringing in related concepts from anthropology and animal behavior to explain the societal taboos around inbreeding.","Each sentence builds on the previous concept, moving steadily from general gene function to specific genetic conditions, probability calculations, and real-world implications.","The text is clear and readable, though it contains minor typographical errors like ""here"" instead of ""her"", missing apostrophes in ""Lets"" and ""Its"", and spaces around punctuation marks.",The text is written as standard informal explanatory prose without any rigid structural framing or repeating sentence templates.,"Punctuation is generally functional and marks sentence boundaries correctly, though there are minor spacing artifacts around parentheses and punctuation marks.","Sentences feature moderate complexity with subordinate clauses, conditional frames (""if... then...""), and parenthetical explanations.",The text translates abstract genetic concepts into an accessible educational argument using hypothetical examples and probability estimates.,"The writing perfectly matches the tone, style, and structure of an informal online forum comment explaining a science concept to a lay audience.",0.45454545454545453,0.6466666666666666,4.603691594418178,0.04878048780487805,0.2222222222222222,7,0.5299962264016603,0.05555555555555555,0.09066666666666667,4.565131178817649
arxiv,c59ad75f-a682-45b8-b3c8-ccfcec66fe67,16.2122275780654,3.394149253430549,11.58199557612659,6.961779439241591,-0.9204797660346048,-2.585221339511598,0.2630650699233765,-2.5068384769889747,-11.677867246721064,-13.753043569088922,8.401724594600761,-17.79308683414168,−0−,-3.7530435690889217,0.0,-7.793086834141679,11.5461304032306,9.0,8.0,6.0,7.0,9.0,5.0,8.0,8.0,8.0,8.0,"The content words are precisely chosen technical terms from evolutionary biology, genetics, and phylogenetics that fit their contexts flawlessly.","The text forms a single, well-structured scientific argument that moves logically from general background to a theoretical model comparison, experimental testing, results, and conclusion.",The text stays strictly within the scientific subfields of human evolutionary genetics and phylogenetics.,"Each sentence introduces new theoretical mechanisms, specific assumptions of competing models, novel empirical data, or interpretive conclusions without redundant repetition.","The text is written in clear, grammatically sound, and fully publishable scientific prose.","The text follows the standard continuous prose format of a scientific paper abstract, proceeding logically from context to findings without a repeating structural frame.","Punctuation marks are placed accurately throughout, correctly handling complex sentence boundaries and subordinate clauses.","The text features sophisticated academic syntax with frequent subordination, relative clauses, and multi-layered embedded structures.","The content presents a dense, highly abstract evolutionary genetic argument comparing theoretical phylogenetic models against empirical sequencing data.","The passage reads as an authentic, high-quality abstract from a peer-reviewed scientific paper on human evolution.",0.46357615894039733,0.6857142857142857,4.470126125130875,0.08666666666666667,0.3395061728395062,5,0.42076120130199507,0.1111111111111111,0.11295681063122924,5.176804801330646
wikipedia,b020f6b3-55d1-4cd4-9063-d3d8f3f0c88d,14.546797879469962,3.461631372559387,11.788562599110277,7.725991244588006,-1.022467011666497,-2.2679563281416453,-0.1601581379045051,-2.4118334634536875,-11.68739658711303,-13.487894620041486,-4.422071946527658,-16.984268979735877,−0−,-3.4878946200414855,-0.0,-6.984268979735877,10.472163599777362,8.0,8.0,7.0,7.0,7.0,5.0,8.0,8.0,6.0,8.0,"Every content word fits precisely within this biographical overview, correctly using academic, literary, and historical terminology throughout.","The text systematically progresses through her identity, career, honors, major literary works, family background, and death.","The passage stays focused on a single biographical subject, incorporating her work in education, literary translation, and family history.","Each sentence provides new factual details about her achievements, career locations, translated works, and personal background, with only minor repetition regarding her book award.","The prose is well-formed and professional, with only minor typographical defects such as a repeated conjunction (""also and served"") and a missing space after a semicolon.","The text follows standard biographical prose structure divided logically without relying on explicit frames, lists, or repeated templates.","Punctuation is accurate and functional throughout, marking complex lists and parenthetical details correctly despite a missing space after one semicolon.","Sentences feature varied structures, including complex relative clauses, appositives, and long compound listings of names and institutions.",The text contains concrete factual information about a person's life alongside moderate conceptual references to literary translation and romanticism studies.,"The text reads as a natural, well-written biographical entry typical of an encyclopedia or biographical dictionary.",0.5305466237942122,0.7212121212121212,4.725815157743694,0.025889967637540454,0.3013698630136986,8,0.608033322427246,0.10526315789473684,0.34591194968553457,5.778032752157414
cmv,49855f0f-2cd6-4ef0-a39a-0a5876e0cd6e,17.63620984814333,3.3382411271010004,13.603369486930182,7.802861607005251,-1.3029001987566673,-2.3780049579043627,-0.2853242501246003,-2.758017063037469,-14.308524937828066,-11.88158007170884,-7.8741300465526605,-16.856866345737195,−0−,-1.8815800717088391,-0.0,-6.8568663457371954,8.738446417446035,8.0,8.0,5.0,7.0,7.0,5.0,8.0,7.0,6.0,8.0,The content words precisely fit a real-world driving scenario and articulate a personal perspective clearly and naturally.,"The narrative logical progression moves cleanly from describing the road trip situation to detailing the personal conflict, asking a question, and concluding with an edit addressing feedback.",The text stays focused on the single subject of driving etiquette and safety on Interstate 5.,"Each sentence advances the argument by adding details about speed limits, lane dynamics, personal reasoning, or responses to commentators.","The text is clear and readable throughout, with only minor errors such as writing ""alot"" instead of ""a lot.""","The writing is formatted as a standard continuous online opinion post with a conventional ""Edit:"" section appended at the end.","Periods, capitalization, and punctuation marks are used accurately across all sentences to delineate complete thoughts.","The text features varied sentence structures, incorporating subordinate clauses and complex conditional phrasing to explain the driver's logic.","It presents a multi-layered ethical and practical argument regarding highway safety, legal speed limits, and social courtesy.","The passage reads entirely like a genuine post written by a real user on the ""ChangeMyView"" subreddit.",0.5017064846416383,0.6190476190476191,4.663061485651929,0.03436426116838488,0.22602739726027396,4,0.48063295253456045,0.14285714285714285,0.10472972972972973,4.549259958747834
cnn,2a8c4e5a-0b8a-4150-bf55-0b3c0773ab22,14.77789852174975,3.6314166170911055,12.847356424171938,8.086484686498197,-0.4269213224059278,-2.6835825590396656,0.2337021096555842,-1.977363599614126,-5.014694729223687,-15.368584982129956,6.878215022014154,-13.338286297761256,−0−,-5.368584982129956,0.0,-3.3382862977612557,8.706871279891212,8.0,7.0,6.0,7.0,8.0,7.0,8.0,7.0,5.0,8.0,"The content words precisely fit the journalistic narrative of a dog surviving a snakebite, despite a minor geographical error regarding Canada and California locations.","The text follows a clear chronological narrative of the snakebite incident and recovery, interspersed with typical news article image captions and follow-up warnings.","The text remains focused on a single news event concerning a dog's snakebite, expanding slightly into veterinary care and local public safety guidance.","New narrative details, captions, and official warnings are continuously introduced as the article progresses without unnecessary repetition.","The prose is grammatical, clear, and well-constructed, with only a minor typo (""vile"" instead of ""vials"" or ""vial"").","The text is formatted as an online news article, interspersed with short, bolded caption leads (""Horrific:"", ""Curious pup:"") followed by image descriptions.","Quotation marks, hyphens, and standard sentence boundary punctuation are correctly applied throughout the passage.",Sentences feature a natural blend of compound and complex structures with relative clauses and direct quotes.,"The material presents a straightforward, concrete human-interest news story that requires minimal abstract reasoning to follow.","The writing style, complete with embedded image captions and quote attribution, is an authentic specimen of online tabloid journalism.",0.5612903225806452,0.6781609195402298,4.843713042322366,0.08766233766233766,0.23529411764705882,5,0.3439785314088445,0.058823529411764705,0.15286624203821655,5.286980583089274
cnn,65446207-f8c0-4a4d-ae43-df2c230a27e4,14.840586844376803,3.6869522140306943,12.93933356442422,8.446972129926461,-0.0664338789776639,-2.620894236412612,0.2892377065951734,-1.8853864593618432,-0.7803443053013226,-15.009575787337074,8.512713648018643,-12.71785542213793,−0−,-5.009575787337074,0.0,-2.71785542213793,7.727431209475004,8.0,7.0,7.0,7.0,7.0,6.0,8.0,7.0,5.0,8.0,"The content words precisely fit a detailed news report about a violent crime and its aftermath, with appropriate journalistic vocabulary throughout.","The narrative presents a clear and continuous account of a home invasion, the victim's recovery, and the ongoing police investigation, though it cuts off abruptly at the end.","The text stays focused entirely on a single violent incident, covering the crime, the medical response, the police investigation, and the emotional fallout.","The piece steadily supplies new specifics regarding the timeline, the medical procedure, the police description of events, and quotes from the family.","Aside from minor typographical artifacts like 'at her home' and photo captions embedded directly in the text, the prose consists of well-formed, clean English sentences.",The text follows standard news article formatting with embedded image captions and bullet-point summary phrases interrupting continuous prose.,"Direct speech and complex sentence boundaries are correctly punctuated, with only minor formatting glitches around embedded photo captions.","Sentences feature varied structures with appropriate use of relative clauses, subordinate clauses, and embedded direct quotes.",The text presents a concrete factual narrative of a dramatic real-world event without requiring abstract conceptual reasoning.,"The prose reads like an authentic online news article, including typical features like caption headers and embedded quotes.",0.4968017057569296,0.6351931330472103,5.015101940512457,0.13704496788008566,0.2288135593220339,9,0.5379396982685808,0.03571428571428571,0.13548387096774195,5.168266332976231
finance,9bd675a6-a9fb-4962-9019-21325ef35945,14.472304569228022,3.1046480803256244,12.428915607723455,7.118356602300674,-0.8668188323938928,-2.756838907359352,-0.2010981267104341,-1.593685619158343,-10.855351137655358,-16.00102124116391,-6.083289947740401,-11.365121159569137,−0−,-6.001021241163912,-0.0,-1.3651211595691368,7.366142400733048,8.0,7.0,5.0,7.0,7.0,5.0,7.0,7.0,6.0,8.0,"The content words throughout the text are natural, precise, and completely appropriate for a discussion on personal finance and car leasing.","The passage presents a continuous, well-structured discussion explaining the practical and financial rationale behind leasing cars.","The text stays strictly within the domain of personal finance, specifically focusing on car leasing and purchasing strategies.","The text moves logically from an anecdote about a wealthy colleague to general advice about down payments, GAP insurance, and financial mitigation.","The prose is fluent and easy to read, marred only by minor typos like ""recoupe"" and slight comma misuse.",The text is standard continuous explanatory prose following general paragraph conventions without any explicit repeating structure.,"Punctuation marks are generally placed correctly, with only a minor unnecessary semicolon near the end.",The writing uses a healthy mix of compound and complex sentences featuring conditional clauses and subordinate clauses.,"The text requires the reader to follow a moderately detailed financial argument involving down payments, depreciation, and insurance mechanics.",The writing reads exactly like an authentic human-written post or advice column regarding car buying strategies.,0.49683544303797467,0.7133757961783439,4.595230509222971,0.025477707006369428,0.31446540880503143,4,0.46215534844376416,0.125,0.060126582278481014,4.275745410198467
wp,5a1f41f9-9615-4270-99e1-c420bbc13e9a,15.335877261744503,3.625164288794532,10.796350094022356,7.296087111298344,-1.5372465299110205,-0.9425103822901432,-0.2289805797295794,-3.858633268509397,-17.402790298098118,-5.789949243747956,-5.9411513459083904,-26.32983725095672,00−,-0.0,-0.0,-16.32983725095672,16.32983725095672,8.0,8.0,6.0,7.0,8.0,5.0,8.0,7.0,7.0,8.0,"The content words are precisely chosen to convey emotional weight and contrast the narrator's experiences, such as ""booze,"" ""dreadful,"" ""embrace,"" and ""desiring.""","The text forms a single, highly focused, and emotional narrative arc from direct accusation to personal recollection and a final, conflicted resolution.","The text stays within a tight, personal subject area, dealing strictly with family trauma, childhood memories, and strained relationships.","Each sentence advances the emotional narrative by introducing new details about the mother, the abusive past, a specific memory in the barn, and the speaker's internal conflict.","The prose is entirely clean and well-formed throughout, using effective fragments and complete sentences to build emotional tension.",The text is written as continuous prose in a standard epistolary style without relying on any explicit repeating frames or structured lists.,"Punctuation is used correctly across the text to demarcate thoughts and manage tone, with no missing or misapplied marks.","Sentences feature a good mix of short declarative clauses, subordinate clauses, and embedded structures to convey complex emotional states.","The text explores abstract emotional paradoxes, requiring the reader to hold contrasting feelings of love and hatred in mind simultaneously.","The writing is a compelling and natural specimen of a personal confrontation letter, sounding entirely authentic to its genre and dramatic purpose.",0.4239401496259352,0.6,4.581142521950971,0.05513784461152882,0.48484848484848486,3,0.49639091477786257,0.06976744186046512,0.14214463840399003,4.247975929764797
reddit_eli5,5cb2a741-f707-4970-a1fe-dcfc5d96aa48,14.668167209554882,3.657939383321146,10.16110965142649,6.950298684340334,-0.8159568507094512,-0.5413676070555109,0.1762897034057542,-2.455723219140941,-10.506438360506774,-3.5593962181162913,5.06339579259559,-19.46386422276906,00−,-0.0,0.0,-9.46386422276906,9.46386422276906,9.0,8.0,7.0,7.0,8.0,5.0,8.0,7.0,7.0,8.0,"Every content word, such as ""authorized,"" ""settlement,"" ""merchant,"" and ""re-swipe,"" is precisely chosen for the domain of credit card processing.","The passage presents a continuous, logically advancing explanation of credit card transactions, moving step-by-step from authorization to settlement and specific business use cases.","The text stays strictly within the domain of personal finance and credit card transaction mechanics, examining the topic from several practical angles.","Each sentence introduces new operational details or specific examples, advancing the explanation without repeating previous points.","The prose is grammatically sound, clear, and well-written throughout, with only minor stylistic spacing artifacts around punctuation marks.",The text is written in standard continuous prose structured as an informal explanatory essay without relying on repetitive templates or rigid frames.,"Punctuation marks, including parentheses, asterisks for emphasis, and apostrophes, are correctly placed and serve clear grammatical functions.","Sentences feature varied structures, combining dependent clauses, parenthetical notes, and conditional statements smoothly.","The explanation requires the reader to understand abstract banking concepts like holds, authorizations, and settlements, tracking how they relate to real-world transactions.","The writing is a natural, highly competent specimen of an online educational or financial advice post explaining a technical process to laypeople.",0.44140625,0.5752212389380531,4.353252546435681,0.06299212598425197,0.2867132867132867,8,0.4819163674856002,0.07692307692307693,0.03767123287671233,4.467890688071359
yelp,cb0c4f04-4924-4348-bc8f-047a9a3bb2d7,15.170397790998376,3.4815364025775515,12.222720913789455,7.615744558267493,-1.2807803506661657,-1.6404757995304493,-0.3338729125275481,-2.863372493182382,-14.396411675080447,-9.758420885721764,-8.750644687209693,-18.98021188082472,00−,-0.0,-0.0,-8.980211880824719,8.980211880824719,8.0,8.0,5.0,7.0,7.0,5.0,6.0,6.0,5.0,8.0,"Every content word, such as ""patio,"" ""enchilada,"" ""salsa,"" and ""burrito,"" perfectly fits the restaurant review context.","The text chronologically narrates a disappointing dining experience from arrival to previous visits, maintaining a clear narrative progression throughout.","The text stays focused on a single topic, detailing a negative service experience at a specific restaurant.","Each sentence advances the storyline by adding specific details about the wait times, incorrect food orders, and past visits.","The text is clear and readable, though it contains minor informal flaws like missing apostrophes (""wasnt"") and informal phrasing (""34 of the way"").",The text is written in standard continuous informal prose without any explicit repeating frames or structured templates.,"Capitalization and basic punctuation are present, though a few apostrophes are missing and run-on sentences appear in places.","The sentences use compound structures and subordinate temporal clauses, reflecting typical conversational syntax.","The narrative consists of simple, concrete descriptions of a personal event with no theoretical or abstract concepts.","The text reads exactly like an authentic, informal online restaurant review written by an unhappy customer.",0.5,0.6838235294117647,4.5206574177324335,0.06296296296296296,0.25735294117647056,3,0.38746099667521305,0.14285714285714285,0.09420289855072464,4.376898956164619
wiki_csai,df08f61f-f620-470b-801e-eed2f4789fc2,16.830933395978107,2.916137586468793,11.371567913412164,6.8701039782340425,-1.0548646292634087,-1.7979457050530527,-0.3118701717082803,-2.5063011385167293,-13.310647417144963,-9.651389626300872,-9.661382346999074,-18.059697271522932,00−,-0.0,-0.0,-8.059697271522932,8.059697271522932,9.0,8.0,7.0,7.0,9.0,5.0,9.0,8.0,8.0,9.0,Every technical term and content word precisely fits the domain of theoretical computer science and mathematical logic.,"The passage presents a structured narrative that defines the thesis, details its historical context, outlines its formal equivalents, and discusses its implications.","The text focuses tightly on mathematical logic and computability theory, briefly touching upon adjacent fields like digital physics and philosophy of mind.","Each sentence advances the reader's understanding by adding distinct historical details, formal equivalences, or modern extensions of the thesis.","The text is composed of clear, fully grammatical, and well-formed academic prose with no syntax or spelling errors.","The text follows standard encyclopedic paragraph structure without relying on repeating structural frames, lists, or explicit headings.","Hyphens, commas, parentheticals, and period placements follow standard technical publication conventions throughout.","The text employs sophisticated sentence structures involving embedded clauses, complex conditionals, and subordinate phrases.","The content involves abstract logical concepts, formalization of informal mathematical terms, and theoretical implications across multiple disciplines.","The passage reads naturally as a high-quality, professional Wikipedia or encyclopedia article on computer science.",0.4533762057877814,0.6028368794326241,4.534659039671627,0.11003236245954692,0.3,10,0.4157339737421438,0.16666666666666666,0.10631229235880399,5.139051148987876
reddit_eli5,9bb2be99-9701-4e5a-9498-6eafc6c3311e,14.869068284643436,3.345212166482085,10.408443518295474,6.956351315650643,-0.8099042193991419,-0.3404665319669586,-0.1364375134333073,-2.208389352271956,-10.428503359746198,-2.2385072000698667,-3.918760529537909,-17.50351593721821,00−,-0.0,-0.0,-7.503515937218211,7.503515937218211,8.0,8.0,6.0,7.0,8.0,5.0,8.0,7.0,7.0,8.0,The content words precisely fit a casual yet technically accurate explanation of mathematical big O notation using clear analogies.,"The passage logical moves from a friendly introduction to a formal definition, followed by a concrete visual metaphor and an algebraic example.",The text stays strictly within the domain of introductory mathematics and computer science pedagogy.,"Each sentence introduces a new stage of the explanation, moving systematically from formal definitions to practical visual and algebraic examples.","The prose is grammatically sound and reads smoothly, with only minor formatting spaces around punctuation typical of tokenized text.",The text is written in conversational continuous prose without any rigid repeating frames or template structures.,"Punctuation marks correctly delineate clauses, mathematical functions, and conversational parenthetics throughout the text.","The text uses a variety of complex structures including conditional clauses, relative clauses, and embedded mathematical parentheticals.",It explains an abstract mathematical concept by translating formal definitions into intuitive geometric and functional ideas.,"The writing captures a natural, conversational, slightly playful tone of an informal educational explanation.",0.49603174603174605,0.608,4.509838757905922,0.044,0.3937007874015748,10,0.6757879418897825,0.08333333333333333,0.10793650793650794,4.676314935496071
yelp,7b1cbc13-ed47-4ccb-81a7-d64aa32c73e5,16.283623635873525,3.751714598639959,12.519324337989078,8.13604274572159,-0.7604821632120693,-0.5272499546553,-0.0636947164651404,-2.5667690689827616,-8.548081087801068,-3.1363626156367648,-1.6694071645989554,-17.014140107316074,00−,-0.0,-0.0,-7.014140107316074,7.014140107316074,8.0,8.0,6.0,7.0,7.0,5.0,7.0,7.0,5.0,8.0,Every content word fits the context of a negative hotel review naturally and accurately.,The text presents a clear narrative that unfolds chronologically from the initial visit to the frustrating second stay and its immediate aftermath.,"The narrative focuses tightly on a single topic, covering the experience of booking and staying at a specific hotel along with the associated travel delays.","The text continuously introduces new details about the travel delay, check-in encounter, and specific room defects sentence by sentence.","The prose reads like informal online writing, containing minor conversational quirks and informal phrasing but no severe grammatical failures.","The text is written as standard continuous prose, structured purely by informal narrative conventions without any repeating frame or rigid layout.","Sentence boundaries and basic punctuation marks are appropriately placed throughout, with informal elements like ellipses used naturally.","The text features varied sentence structures, including multiple compound-complex sentences with subordinate and relative clauses.",The writing describes a straightforward sequence of personal events and concrete complaints without theoretical or abstract arguments.,"The text reads exactly like an authentic, highly believable consumer review written on an online travel portal.",0.4742268041237113,0.6630434782608695,4.76573409833194,0.04145077720207254,0.3088235294117647,5,0.6024014459712737,0.16666666666666666,0.08051948051948052,4.462991687174595
reddit,f5597244-a6eb-4bea-93cc-872f8b45204a,16.097000587693444,3.243679903127536,12.155053606485092,7.125503915277427,-1.3039080471853222,-1.3777876787994536,-0.2134839290353687,-2.43035088099926,-15.468552883543854,-7.884431317781962,-6.175117506705108,-16.66289668609965,00−,-0.0,-0.0,-6.66289668609965,6.66289668609965,8.0,8.0,7.0,7.0,7.0,6.0,7.0,7.0,6.0,8.0,"The text uses precise domain-specific vocabulary like ""blending,"" ""strain,"" and ""untrained technique"" that fits the context of vocal performance naturally, despite minor typos.","The passage logically advances from comparing opera and choral techniques to addressing pop/folk singing, ending with a clear summary section.","The text stays focused on the single subject of vocal technique, contrasting different singing genres and environments.","Each section introduces a distinct vocal discipline—opera, choir, and pop/folk—adding new details about acoustics and strain with every sentence.","The prose is fully readable and clear, though minor typos like ""typicality"" and ""wont"" keep it from being perfectly polished.","The text uses standard informal prose structure concluding with a familiar internet summary format (""TL;DR:"" and ""Source:"").","Sentence boundaries are clearly marked and commas are generally well-placed, despite small errors like missing apostrophes (""wont"") and missing spacing (""nomatter"").","The text uses a healthy mix of compound and complex sentences with causal subordination like ""so that they could sing"" and ""rather than being heard.""","The text explains the functional mechanics and acoustic goals behind different vocal traditions in an accessible, moderately informative manner.","The writing perfectly captures the tone and style of an authentic, casual online educational response by a student.",0.47750865051903113,0.6231884057971014,4.5781425327530485,0.04878048780487805,0.2980132450331126,8,0.5828925682057685,0.06666666666666667,0.0627177700348432,4.752639301175232
wikihow,8bc2e27c-6c3a-4923-a3aa-c1a458a335c1,18.54167221298644,3.298638190189137,12.087524538987562,7.170843605124428,-1.121691439893496,0.5849249223289803,-0.1036390706444891,-2.4108739876391994,-13.526520343949556,3.257410225031708,-3.0461676900222865,-16.628553720685453,00−,0.0,-0.0,-6.628553720685453,6.628553720685453,8.0,8.0,5.0,7.0,8.0,5.0,7.0,8.0,5.0,8.0,"Every content word, from ""anti-bacterial ointment"" to ""adhesive tape,"" is precisely chosen for a medical instructional text.","The text advances logically from choosing a bandage size, to unpacking it, applying it correctly, and finally maintaining and changing it.",The entire text remains tightly focused on the single subject of applying and managing strip bandages on minor wounds.,"Each paragraph introduces a new step in the practical process of using a bandage, building steadily without repetitive looping.","The text is composed of clear, grammatical, and well-formed instructional English throughout, despite a couple of minor missing spaces after periods.",The text is written as standard continuous prose divided into conventional instructional paragraphs without an explicit repeating template or rigid structural list.,"Punctuation is used correctly to set off clauses and lists, with only minor spacing glitches after full stops.","Sentences feature complex structures with compound conditions, gerund clauses, and multiple subordinate clauses.","The text presents practical, procedural instructions that require following clear steps rather than abstract conceptual reasoning.",The passage reads naturally as a well-written standard first-aid guide or instructional article.,0.4359673024523161,0.6375,4.5355261645693385,0.1095890410958904,0.34299516908212563,5,0.398536051726755,0.14285714285714285,0.0440771349862259,4.917770071568517
yelp,6c998ea5-d795-44ca-8a25-22424b17cd7f,15.29018533435422,3.938265729195732,12.775493255003171,8.221522036376058,-0.6750028725576005,-1.520688256174605,0.122856414090632,-2.310600151968666,-7.587264459629401,-9.04586098982598,3.22000613680549,-15.31609336914787,00−,-0.0,0.0,-5.31609336914787,5.31609336914787,6.0,6.0,5.0,7.0,5.0,5.0,4.0,6.0,5.0,6.0,"Most content words fit the restaurant review context, though typos like ""swimp apprezier"" and awkward phrasing like ""ordering quite abite"" occasionally mar the vocabulary choices.","The text moves backwards in time to recount two separate negative anecdotes about the same restaurant, though the ending cuts off mid-sentence.",The writing remains entirely within the single domain of a personal experience and review of a local restaurant.,"The author continuously introduces new details about specific incidents involving sticky buns, happy hour drink rules, and mixed-up shrimp appetizers.","The text contains several run-on sentences, missing words, and misspellings like ""swimp"" and ""rea estate,"" culminating in an unfinished final sentence.",The text relies on standard continuous narrative prose without any repeating structural frame or explicit subheadings.,"There are numerous missing periods, missing quotes around dialogue, uncapitalized sentence starts, and fused sentences throughout the passage.",Sentences feature moderate complexity with multiple subordinate clauses and direct speech embedded within run-on structures.,The content consists of a straightforward description of customer service complaints and restaurant interactions that require little abstract reasoning.,"Despite the messy execution and abrupt truncation, the text clearly reads like an informal, real-world online review written by an frustrated customer.",0.4752252252252252,0.5876777251184834,4.926653401574875,0.029411764705882353,0.3218884120171674,7,1.0106584319616203,0.03571428571428571,0.10067114093959731,4.465165551310876
arxiv,d6f6e339-3f01-4348-b19a-3e77cedad36e,19.88173356631328,2.8285297938000715,12.048513469452724,6.852239135135328,-1.0300200701408675,1.0842846487362827,-0.302554389707101,-2.04032058366284,-13.067574198161322,5.768254264132602,-9.662927343212008,-14.481827069370937,00−,0.0,-0.0,-4.481827069370937,4.481827069370937,8.0,8.0,7.0,7.0,8.0,5.0,8.0,8.0,8.0,8.0,"The theoretical physics and fluid dynamics terminology, such as ""magnetohydrodynamic turbulence"" and ""renormalized perturbation expansion,"" fits precise contextually appropriate places throughout the text.","The text progresses logically from defining a theoretical formulation to exploring specific physical mechanisms, applications, and general modeling considerations.","The text stays within a specific area of theoretical physics, moving across related subtopics like dynamo theory, magnetic reconnection, and turbulence modeling.","Each sentence systematically introduces a new aspect of the theoretical analysis, moving from fundamental derivations to specific physical mechanisms and overall modeling strategies.","The text consists of well-formed, clean academic prose suitable for publication without grammatical or mechanical errors.","The text is structured as standard academic prose, using continuous paragraphs standard for a research paper summary or introduction.","Punctuation, including hyphens for complex terms and colons for introduced concepts, is used correctly throughout.","Sentences feature complex nominal groups, participial clauses, and multiple prepositional phrases typical of advanced scientific writing.","The text presents abstract theoretical physics concepts, requiring the reader to hold complex relationships between fields and turbulence dynamics in mind.",The text is a well-written specimen of an abstract or introduction to a theoretical physics review article.,0.46545454545454545,0.6796875,4.310284976606393,0.08791208791208792,0.4013605442176871,6,0.2805172458874838,0.07692307692307693,0.05660377358490566,5.12985609535365
reddit_eli5,9e06aa91-26fa-44fd-977d-ab1223541825,14.498746947362273,3.626773483161105,10.90640387242199,7.0932351956076,-0.6730203394421848,-0.7107878692481222,0.145123803245712,-1.7104289981454404,-8.665956668626027,-4.673304462092202,4.1682482899669315,-13.5567223224105,00−,-0.0,0.0,-3.5567223224105007,3.5567223224105007,8.0,8.0,7.0,7.0,8.0,5.0,7.0,7.0,7.0,8.0,"The content words such as ""drift velocity,"" ""conductive medium,"" and ""electric field"" fit their context precisely to explain physics concepts.","The text moves logically from distinguishing two principles to defining electric fields, explaining electron motion, and using an effective train analogy to illustrate signal speed versus drift velocity.","The text stays focused on a single topic within physics, specifically electromagnetism and electron drift velocity, bringing in brief everyday analogies like static hair and trains.","Each sentence builds on the previous one by introducing new definitions, examples, or clarifying distinctions without repetitive restatement.","The prose is well-formed, readable standard English, with only minor informal punctuation and citation artifacts like ""[ Wikipedia ] ( URL_0 )"".","The text uses a standard online instructional explanation format, starting with a numbered list before moving into standard paragraph prose.","Punctuation is used correctly throughout to separate clauses, denote lists, and set off parenthetical details, despite spaced-out formatting around markdown asterisks and colons.",Sentences feature a comfortable mix of simple statements and complex structures with subordinate and relative clauses.,"The passage requires the reader to grasp abstract physics concepts and distinguish between the speed of a field, the movement of individual particles, and signal propagation.",The passage reads naturally as an informative online forum answer or educational post explaining a common point of confusion in physics.,0.4653846153846154,0.5950413223140496,4.438065017975766,0.07364341085271318,0.3381294964028777,10,0.6875079784571445,0.10526315789473684,0.06289308176100629,4.659562843288922
cmv,ece5f475-976a-4414-8dfa-abd410769fed,18.25405077699112,3.8807898607384943,14.145205745120426,8.355789903804377,-0.7499719019575419,-1.7601640290565754,0.257224483512894,-2.216180804847225,-8.23623457274027,-8.794569490303978,7.098657171457982,-13.545189450044544,00−,-0.0,0.0,-3.5451894500445444,3.5451894500445444,8.0,7.0,6.0,7.0,7.0,6.0,7.0,7.0,6.0,7.0,"The content words throughout the text are natural, precise, and appropriate for an opinion essay about school policy and student stress.","The passage develops a clear, logical argument against homework from beginning to end, culminating in a summary list despite the sentence trailing off at the very end.","The text stays strictly focused on a single topic, examining high school academic practices, teaching methods, and student well-being.","Each sentence advances the argument by introducing new facets of the issue, such as stress, class load, assignment length, and active learning versus busywork.","The writing is clear, well-formed, and grammatical, containing only minor colloquialisms and a trailing fragment in the final line.",The text uses standard persuasive prose until concluding with a structured TL;DR numbered list.,"Punctuation is used correctly to manage complex sentences, semicolons, and lists, though the final sentence cuts off without a closing mark.","The text employs complex sentence structures with varied subordination, dependent clauses, and transitional phrases.","The passage presents a structured argument involving causes and effects, balancing practical observations about student behavior with critiques of pedagogical theory.","The text reads like a genuine, fluent online forum post or opinion piece written by a real student or observer.",0.46794871794871795,0.6438356164383562,4.942905109170283,0.032188841201716736,0.21686746987951808,8,0.6203679677904763,0.05263157894736842,0.05485232067510549,4.715585541318555
reddit_eli5,709fa7f7-3bc4-4671-93d8-4e0de8fd27c3,14.536990333239636,3.2575642611252293,10.952987506986156,6.981241438413108,-0.7850140966366768,-0.672544483370757,-0.224085418790163,-1.6638453635812738,-10.108012710808188,-4.421860967347065,-6.436185124621975,-13.18750419102955,00−,-0.0,-0.0,-3.18750419102955,3.18750419102955,8.0,8.0,7.0,7.0,7.0,5.0,8.0,7.0,7.0,8.0,Every content word fits the context of explaining geographical directions and coordinates precisely without awkward substitutions.,The text forms a single continuous explanation that logically moves from defining poles to explaining longitudes and providing a clear clock analogy.,"The text focuses exclusively on geography, geometry, and a helpful mechanical analogy to explain directional systems.","Each sentence builds on the last by introducing new details, counter-examples, or analogies to deepen the explanation.","The writing is clear and grammatically sound, with only minor typos like ""far to complicated"" instead of ""far too complicated.""",The text is written as standard explanatory prose with no explicit repeating structural template or formal framing devices.,"Periods and commas are correctly placed throughout the passage, despite detached spaces around punctuation from tokenization.","Sentences feature moderate structural variety, including condition conditionals, subordinate clauses, and coordinate structures.",The text explains abstract spatial geometry concepts using accessible concrete examples and clear logical steps.,"The passage reads like a completely natural, human-written response to an educational question or online forum query.",0.48739495798319327,0.5344827586206896,4.444028623932837,0.059322033898305086,0.39344262295081966,5,0.3445507615955874,0.125,0.06130268199233716,4.47504353180249
eli5,ffad7fe5-b6f9-4356-9674-13387ccd7a31,18.070582855384465,3.651954792447333,13.270730501133269,7.922977208880988,-0.816933703116522,-0.5212170931213755,-0.0183692033052418,-1.9598419103120184,-9.347162818274214,-2.8034783859819905,-0.5004790674201871,-12.86781519018457,00−,-0.0,-0.0,-2.8678151901845705,2.8678151901845705,8.0,4.0,5.0,4.0,5.0,5.0,6.0,7.0,6.0,4.0,"The content words throughout the text are precisely chosen terms from chemistry and physics, such as ""vapor pressure,"" ""saturated,"" and ""equilibrium.""","While individual sections explain evaporation clearly, the text jumps between disjointed forum responses and repeats fundamental questions about baths and boiling.",The text stays strictly within the domain of basic thermodynamics and physical chemistry regarding the phase changes of water.,"The text continuously re-introduces and re-explains the concepts of vapor pressure, boiling points, and evaporation across different spliced answers.","The text contains noticeable mechanical artifacts, minor grammatical slips like ""will evaporates,"" stray syntax tokens like single quotes, and improperly formatted link markdown.","The passage is continuous explanatory prose with embedded Q&A fragments, showing no repeating rigid frame or template.","Sentence boundaries are mostly marked, but there are structural errors such as a comma directly preceding a capitalized word without a space, and misplaced quotation marks.",Sentences feature varied structures with appropriate conditional and causal subordination to explain physical mechanics.,"The text explains physical concepts like chemical equilibrium, vapor pressure, and molecular energy distribution, requiring moderate conceptual tracking.","The text is clearly a concatenation of scraped online forum replies, complete with formatting artifacts, repetitive questions, and copy-paste residue.",0.4339622641509434,0.5652173913043478,4.642751492152114,0.037940379403794036,0.3,10,0.4900580303529844,0.09523809523809523,0.06233062330623306,4.673397230141038
yelp,9b983a1b-9143-407b-8c49-12aee24e0a3f,16.661743730184806,3.66524781995492,13.173380930729676,8.098337988893466,-0.7981869200401928,-0.1491298603440185,-0.1501614951501797,-1.9127124762421648,-8.971895523370863,-0.8871035734159448,-3.935658870352246,-12.678646649226156,00−,-0.0,-0.0,-2.678646649226156,2.678646649226156,8.0,8.0,5.0,7.0,7.0,5.0,7.0,5.0,5.0,8.0,"The content words throughout the review, such as ""broth,"" ""calamari,"" ""wonton,"" and ""appetizer,"" are precise and perfectly fit a restaurant review.","The narrative flows logically from the background and arrival to the appetizers, main courses, and overall positive evaluation.",The text remains focused exclusively on a single dining experience at a specific Pho restaurant.,"Each sentence introduces new details about specific dishes, the ordering process, payment advice, or personal reactions.","The prose is fully clear and readable, despite minor informal errors like using ""then"" instead of ""than"" and excessive punctuation marks.","The text is written as standard, continuous informal review prose with no repeating explicit frame or rigid template structure.","Sentence boundaries are clearly defined, though there are casual stylistic choices like repeated exclamation marks.","The writing relies primarily on simple and compound structures common to online reviews, with occasional basic subordination.",The content consists of a straightforward description of a meal and basic personal opinions with minimal abstraction.,"The informal, enthusiastic tone and colloquial phrasing read entirely like an authentic user review on platforms like Yelp.",0.5107142857142857,0.6783216783216783,4.564181300852852,0.06474820143884892,0.291970802919708,4,0.40708019567928594,0.08333333333333333,0.17142857142857143,4.631173254737191
reddit,885a767a-4068-44af-ae49-8c69bfff882b,17.28557601235245,3.6437856923724232,12.763498690754844,7.919742062724609,-0.5096698997381406,-0.1892122541404468,0.1866218602095184,-1.8219057967295085,-6.046328047647521,-1.0827727996181369,5.398120230037297,-12.49129428184782,00−,-0.0,0.0,-2.4912942818478196,2.4912942818478196,8.0,8.0,7.0,7.0,8.0,5.0,8.0,7.0,7.0,8.0,"The musical terminology, such as ""diatonic,"" ""inversions,"" ""root position,"" and ""triad,"" fits precisely into the explanation of chord theory.","The passage logically builds an explanation of major key chord progressions, stepping from basic diatonic rules to specific examples and reading a flow chart.","The text stays focused on music theory, specifically diatonic chords, roman numeral analysis, and chord progression charts.","Each sentence introduces new details or rules about music theory, such as detailing specific chords like ii, explaining notation like the degree symbol, or describing how to use the flowchart.","The prose is clean, clear, and well-constructed with no grammatical flaws or fragments.",The text is written as standard conversational prose and explanatory paragraphs without any rigid template or repeating form.,"The punctuation is correctly applied throughout, including appropriate use of commas, semicolons, brackets, and capitalization for musical terms.","The text employs a varied sentence structure, using parenthetical remarks, subordinate clauses, and conditional statements.",Understanding the text requires holding abstract musical concepts and rules about scale degrees and chord qualities in mind.,"The passage reads entirely like a natural, competent human-written online tutorial or educational forum post about basic music theory.",0.3943089430894309,0.5618556701030928,4.768566869665824,0.09387755102040816,0.28859060402684567,11,0.4126286353012281,0.06666666666666667,0.16326530612244897,4.688013728731637
reddit,b4380306-d65a-46ec-a7c0-a3d6788e0432,16.94172994118628,3.449501908520376,12.799674067564194,7.534952830479788,-0.8944591319829618,-0.5330583253066159,-0.0076619236425288,-1.7857304199201582,-10.611168797611302,-3.0504422553074972,-0.221624545855997,-12.243269780090657,00−,-0.0,-0.0,-2.2432697800906567,2.2432697800906567,8.0,8.0,7.0,7.0,8.0,7.0,8.0,7.0,7.0,8.0,"The content words fit their context well throughout, clear and precisely chosen for an educational science context.",The text explicitly lays out two tree-related reasons for megafauna survival and logical sub-points that follow a single advancing line of thought.,"The text remains focused on prehistoric biology and ecology, examining how vegetation and atmospheric conditions supported megafauna.","Every sentence introduces new details, transitioning logically from herbivore diet to oxygen production and human-driven extinction.","The text is well-formed and clearly written, containing only minor colloquial grammatical choices like ""There's two reasons"".","The text uses explicit structural markers like ""The first reason is..."", ""The second reason is..."", and ""First of all... Second of all..."".","All standard punctuation, including em-dashes and parenthetical marks, is used correctly across full sentence structures.","Sentences feature varied structures using causal subordinate clauses, parenthetical insertions, and passive constructions.","The text explains interconnected biological and ecological mechanisms, requiring the reader to connect plant evolution, atmospheric oxygen levels, and megafauna survival.",The writing strongly resembles an informative online article or popular science response answering a specific question.,0.5223880597014925,0.6714285714285714,4.58711143665426,0.02631578947368421,0.265625,6,0.34462390140748816,0.13333333333333333,0.08178438661710037,4.940262771407347
reddit_eli5,2b8168c6-b62f-4bf4-b775-db6f7462c7be,14.299709396513489,3.2805785766522173,11.084239079272631,7.177118909769277,-0.5891366252805081,-0.9098254200969044,-0.2010711032631751,-1.532593791294799,-7.585851671010353,-5.981941138024028,-5.775167571369827,-12.147214812284917,00−,-0.0,-0.0,-2.1472148122849166,2.1472148122849166,8.0,8.0,6.0,7.0,8.0,6.0,8.0,7.0,7.0,8.0,"Every content word fits its precise context within evolutionary biology, using accurate terminology such as ""selected,"" ""confers,"" ""metabolism,"" and ""primates.""","The passage develops a clear, unified argument that compares human intelligence to other animal adaptations and sustains this logical progression from start to finish.","The text focuses strictly on the field of evolutionary biology, using examples of various animal traits to explain natural selection.",Each sentence introduces new comparative examples or refines the core argument regarding how different species adapt to environmental challenges.,"The prose is clear, fluent, and well-formed throughout, with only minor spacing issues around punctuation marks indicating automated text processing.","The text follows standard expository prose structure, though it utilizes a recurring rhetorical frame comparing human questions to hypothetical animal questions.","Punctuation marks are placed correctly to mark sentence boundaries and clause separations, despite artifacts of detached spaces before marks.","The writing uses varied sentence structures, including subordinate clauses, relative clauses, and multi-part comparisons.",The text presents a multi-layered conceptual argument about perspective in evolutionary adaptation that requires the reader to evaluate analogies across different species.,The text reads naturally as an answer posted to an online Q&A forum or an educational science article.,0.4825174825174825,0.5579710144927537,4.636040930059628,0.02112676056338028,0.2635135135135135,9,0.47753806502759116,0.125,0.04923076923076923,4.7897679971378135
imdb,a565a9c7-f6b3-43f1-bc69-f6ee3b491413,18.882706949048416,3.645854696857927,14.75032699256921,8.769703249374835,-0.772909321537675,0.1009862019648011,-0.2223000257997625,-2.0379573050601607,-8.099556759682697,0.5376834387258262,-5.7469269390296525,-12.139163650855824,00−,0.0,-0.0,-2.1391636508558243,2.1391636508558243,8.0,8.0,7.0,7.0,7.0,5.0,8.0,7.0,5.0,8.0,"The content words are natural, vivid, and perfectly tailored to a casual, humorous movie review.","The text flows logically from the writer's general stance on bad movies to specific plot complaints, missing elements, and financial regrets.","The text stays strictly within the domain of film criticism, movie rental, and production, examining the movie from several angles.","Each sentence advances the critique by adding new observations about plot points, actors, lack of dialogue, or production background.","The prose is entirely standard informal English, saved for a slight missing space after a period and minor typos common in casual online reviews.","The text is formatted as continuous, free-form prose without any repeating structural templates or rigid patterns.","Punctuation is used correctly to convey tone, including expressive multiple question marks, exclamation points, and appropriate quotes around accents.",Sentences vary nicely from short punchy statements to complex sentences with subordinate and relative clauses.,The content consists of a straightforward movie review recounting basic plot elements and personal reactions without high abstraction.,"The text reads exactly like an authentic, enthusiastic consumer review written for an online forum or site like IMDb.",0.5735294117647058,0.6794871794871795,4.758338670469039,0.022222222222222223,0.2672413793103448,9,0.748533112187552,0.06666666666666667,0.1449814126394052,4.582952739277634
reddit_eli5,7e32ae1a-97a7-416f-aee4-99750241df59,14.159844440440516,3.5301225652794104,11.090925261525893,7.138889055111006,-0.6273664799387788,-1.0496903761698777,0.0484728853640179,-1.525907609041537,-8.078107617080322,-6.901528474253575,1.392239019440804,-12.094220670871984,00−,-0.0,0.0,-2.0942206708719837,2.0942206708719837,8.0,8.0,7.0,7.0,7.0,5.0,7.0,8.0,7.0,8.0,"The content words throughout the passage are precisely chosen to explain psychological associations, learning environments, and study habits.","The text forms a continuous, logical argument explaining how mindset and environmental associations affect reading comprehension, concluding with a personal example that reinforces the central premise.","The text focuses tightly on educational psychology and study habits, drawing in related topics like digital habits, software engineering, and leisure reading to support its point.","Each sentence builds systematically on the main theory, introducing new facets such as room vs. library dynamics and personal professional experience without repeating points.","The prose is grammatically clear, well-structured, and fluent, though the final sentence cuts off abruptly at the end.",The text is formatted as informal continuous prose typical of an online forum response without any explicit structural template or repeating frame.,"Punctuation is used correctly to manage complex sentences and conversational asides, though the passage lacks a closing punctuation mark due to the final sentence cutting off.","The passage features complex sentence constructions with subordinate clauses, parenthetical examples, and varied syntactic structures.",The text requires tracking an abstract psychological concept about environmental conditioning and applying it across multiple contexts.,"The writing reads naturally as an insightful, informal online post or forum answer explaining human behavior.",0.5416666666666666,0.6538461538461539,4.596920953369951,0.025210084033613446,0.3,8,0.519160160959287,0.375,0.06181818181818182,4.613003560786378
wp,91883767-07b0-459c-86ff-d40107f91d82,17.745116179224105,3.61767510978943,12.908601113540112,7.858888460658729,-0.9744451805506352,1.466728535189457,-0.2364697587346813,-1.7463822489916403,-11.031454489669027,9.010281406629064,-6.135466278547905,-11.916644364514244,00−,0.0,-0.0,-1.9166443645142444,1.9166443645142444,7.0,6.0,5.0,5.0,7.0,5.0,7.0,7.0,7.0,7.0,"The content words generally fit the abstract philosophical topic, though occasional phrases like ""mitigate their pool of information"" feel slightly awkward.","The text develops a continuous argument about human curiosity and the search for questions and answers, though it trails off mid-sentence at the end.",The writing stays focused tightly on a single philosophical subject concerning human curiosity and cognition.,"The passage repeatedly rephrases the core metaphor of questions and answers and curiosity, advancing its core concept slowly across paragraphs.","The prose is fully well-formed English throughout, barring a minor grammatical slip (""Many a people"") and the truncated final sentence.",The text is written as standard continuous prose without any repetitive structural frames or explicit formatting templates.,Standard punctuation marks like commas and periods are used correctly throughout the text to delineate clause boundaries.,"The author uses a mix of complex sentences with subordinate conditional clauses (""Should they have..."") and short declarative statements.","The text deals with abstract philosophical concepts regarding human cognition, requiring the reader to track a dense, generalized argument.","It reads like an authentic, slightly rambling personal essay or reflective blog post written by a real person exploring a philosophical thought.",0.42649434571890144,0.6439393939393939,5.010125823560114,0.04538087520259319,0.2591549295774648,5,0.5864134013111415,0.05128205128205128,0.06557377049180328,4.451615633824082
reddit_eli5,f249dac3-f3a2-4db9-9758-e18c9f8ff33e,16.647449225067042,3.7900871941699896,11.129564768396085,7.473908587203517,-0.2923469478462683,1.437914408456649,0.3084375142545972,-1.4872681021713472,-3.764323057963792,9.454032787947575,8.858947413172613,-11.78796705503524,00−,0.0,0.0,-1.7879670550352404,1.7879670550352404,7.0,8.0,5.0,7.0,7.0,5.0,7.0,7.0,7.0,7.0,"Every word fits the context of an informal economic explanation, save for minor slips like ""purchased a price.""","The passage presents a single, sustained narrative of a housing bubble cycle from initial demand to market crash.",The entire text is strictly focused on a single topic: the economics of real estate market supply and demand.,"Each sentence builds on the previous step in the economic process, sequentially detailing the rise and fall of market demand.","The text reads smoothly with clear grammar despite a couple of minor phrasing errors such as ""purchased a price.""",It uses standard informal expository prose with a minor ASCII separator line marking a concluding summary.,"Sentences are properly bounded and formatted, though there is unusual spacing around hyphenated words and parenthesis.","The text includes varied clause structures, parenthetical notes, and complex conditional sentences describing cause and effect.","It explains a dynamic economic concept requiring the reader to track shifts in supply, demand, and price mechanisms.","The tone and structure match an authentic, helpful explanatory response written on an online educational forum.",0.49416342412451364,0.6535433070866141,4.4779391607083445,0.01568627450980392,0.3153846153846154,7,0.43119996307470904,0.1,0.030303030303030304,4.619035893529231
wikihow,fa76c09d-0786-4149-ac0c-831e797126b1,18.214976091834856,3.0886806295229863,12.815156414463075,7.332039956899806,-0.9604950881181188,0.2582288011773954,-0.3135966313106397,-1.6832421121636862,-11.582647319593484,1.438060006066615,-9.217256774475878,-11.609848557220714,00−,0.0,-0.0,-1.6098485572207135,1.6098485572207135,8.0,8.0,7.0,7.0,7.0,5.0,7.0,7.0,5.0,7.0,"The content words throughout the text are natural, precise, and fit the subject of interpersonal relationships exceptionally well.","The passage develops a clear, multi-faceted discussion on the traits of healthy friendships, progressing smoothly from emotional support to balanced dynamics and positive communication.","The text stays focused on the singular topic of interpersonal relationships and healthy friendships, bringing in illustrative scenarios like applying to medical school or going through a breakup.",Each paragraph introduces a distinct characteristic of good friendship while expanding on it with concrete everyday examples.,"The text consists of standard, clean English, with only minor stray formatting artifacts like embedded punctuation and missing spaces after periods.",The writing is structured as continuous prose organized into thematic paragraphs with clear main ideas.,"The underlying sentence structure is correctly punctuated, though there are stray punctuation artifacts inserted between paragraph transitions.","The text features moderate syntactic variety, combining compound and complex sentences with conditional structures and subordinate clauses.","The content presents accessible advice on social relationships, requiring minimal abstract reasoning from the reader.","The overall piece reads naturally as a well-written self-help or advice article, despite minor formatting blemishes.",0.3540740740740741,0.5983263598326359,4.7849069059814004,0.10698365527488855,0.25688073394495414,5,0.3623695757997654,0.2222222222222222,0.04185351270553064,4.372095307727017
eli5,90d464f5-1708-400d-b0dd-c35810a40078,19.313868792325835,3.596212699547442,13.476632824692484,8.032914136199807,-0.7069967757977036,0.7220688438199971,-0.0741112962051326,-1.7539395867528018,-8.089290416303788,3.883802783054512,-2.0192031082513924,-11.515913777703933,00−,0.0,-0.0,-1.5159137777039329,1.5159137777039329,8.0,8.0,7.0,7.0,7.0,5.0,7.0,7.0,7.0,8.0,"The content words are natural, precise, and fit the subject of language endangerment and sociolinguistics seamlessly.","The passage develops a clear, continuous explanation across two paragraphs, moving logically from global language stats to the mechanics of language endangerment risk assessments.","The text stays focused entirely on a single main subject, examining linguistic endangerment from demographic, social, and methodological angles.","Each sentence advances the explanation by introducing new statistical details, socio-economic causes, or specific scoring criteria for language endangerment.","The text is clear and readable despite a few small typos like ""the rate was which"" and a misplaced quote artifact at the paragraph break.",The text is written as standard explanatory prose with natural paragraphing and no rigid template structure governing it.,"Punctuation is functional and accurately marks sentence boundaries, missing only a couple of closing periods or commas.","The text uses a healthy mix of simple sentences, subordinate clauses, conditional structures, and complex list structures.","The content requires following a conceptual explanation involving statistical distributions, demographic trends, and dynamic rating systems.","The text reads like an authentic, informative post or article written by a human explaining a scientific study in plain language.",0.46503496503496505,0.6541353383458647,4.48327926172037,0.04929577464788732,0.40522875816993464,5,0.41298351103678554,0.1111111111111111,0.040268456375838924,4.2645222744266595
wikipedia,ffb2a01d-50db-4112-b67d-6732addcaff2,16.052586562047914,2.7609546903297497,13.39799199196962,7.687281826892836,-1.0611764293616677,-0.762167645563693,-0.8608348201341425,-0.8024040705943438,-12.129867895328925,-4.532731410481631,-23.768217828426025,-5.650575287190007,0−0,-0.0,-13.768217828426025,-0.0,13.768217828426025,8.0,6.0,6.0,7.0,7.0,8.0,6.0,7.0,4.0,7.0,"The content words precisely fit a music biography and discography format, accurately identifying band members, record labels, and release types.","The text progresses logically from an intro and history section to a discography, appearances, and external links, though the final lines devolve into unpunctuated categories.","The text stays strictly within the domain of Canadian hip-hop music, covering group history, discography, and media appearances.","Each section introduces new factual details, including specific release years, album titles, and line-up additions.","The narrative prose is clean, though some formatting cues like bullet points or line breaks have been lost in the list sections.","The text strongly follows the rigid, standard template of a Wikipedia biographical article, complete with formal headings like History, Selected discography, and External links.","Punctuation is largely correct for standard prose and quotation marks around titles, but collapses into missing line breaks and lost delimiters toward the end.","The narrative portions use compound sentences, relative clauses, and appositives to detail dates and group history.","The text consists entirely of straightforward biographical facts, release dates, and roster lists with minimal abstract commentary.",The text reads like an intact or slightly flattened Wikipedia article about an underground Canadian hip-hop collective.,0.6431535269709544,0.7096774193548387,4.813943891935647,0.02510460251046025,0.47674418604651164,14,1.19825974151082,0.1,0.3684210526315789,6.662113130760312
yelp,f97a060d-df02-4254-b53a-c2a48d17a971,15.646694563545452,2.9594773473085825,13.588959767654169,7.644345739575785,-1.2521791693578734,-1.1641790269833727,-0.8559319677965171,-1.4971336393176706,-14.074924559593688,-6.925154845250078,-22.433555540369056,-9.923931921472724,0−0,-0.0,-12.433555540369056,-0.0,12.433555540369056,8.0,8.0,5.0,7.0,7.0,5.0,7.0,7.0,5.0,8.0,"The content words fit the narrative context of a restaurant review exceptionally well, using precise vocabulary like ""discrepancy,"" ""tab,"" ""cashier,"" and ""atrocious.""",The text forms a single continuous narrative that chronologically detail a dining experience and logical conclusions drawn from it.,The passage stays focused entirely on a single topic: a bad experience at a specific hotel cafe.,"The narrative advances efficiently through the sequence of ordering, receiving the bill, attempting to correct it, paying, and reflecting on the service.","The text is clear and readable, with only minor informal glitches like a missing space before ""it just felt"" and emotive capitalization.","The passage is written in continuous, natural prose without any explicit repeating frames or structured layouts.","Standard punctuation marks are used effectively to guide sentence boundaries, though there is an expressive excess of exclamation points near the end.","The author uses a variety of complex structures, including relative clauses, temporal adverbial clauses, and direct speech integration.","The text deals primarily with a simple personal anecdote and concrete details about pricing and customer service, requiring minimal abstraction.","The tone, emotional venting, and detailed account read exactly like an authentic human online restaurant review.",0.5441176470588235,0.6351351351351351,4.676790699055797,0.0,0.2661290322580645,9,0.6847394183270137,0.06666666666666667,0.14028776978417265,4.660505688928447
cmv,d57f14f5-65de-480f-ba6f-63cfc766bf79,21.79117681777763,2.8177626546039662,15.360434057807954,8.220519538501637,-0.8852422672602813,1.7769620117299354,-0.8058027226216344,-1.0009524921596975,-9.721781506519534,8.878499751051892,-22.237841427842568,-6.117773020659283,0−0,0.0,-12.237841427842568,-0.0,12.237841427842568,8.0,7.0,5.0,7.0,8.0,5.0,8.0,8.0,7.0,8.0,"The content words are natural and appropriately chosen throughout, fitting the specific context of Reddit moderation and community rule-making.","The text forms a logical narrative that introduces a special meta-rule exception, explains the problem with the current rule wording, addresses user feedback, and proposes a specific revision.",The text stays strictly focused on the single subject of subreddit moderation policy and rule wording.,"The post continually introduces new contextual details, specific rule examples, user concerns, and potential revisions without redundant repetition.","The prose is clear, well-formed, and completely free of grammatical or mechanical defects, despite being cut off mid-sentence at the very end.","The text is written as continuous prose, incorporating standard Reddit conventions like post prefixes and inline rule citations.","Punctuation marks are properly positioned and correctly used to structure long complex sentences, including parentheticals and quoted rules.","Sentence structure features a strong degree of complexity, incorporating multiple subordinate clauses, parenthetical insertions, and conditional phrasing.","The writer articulates a nuanced meta-discussion regarding policy enforcement versus literal rule interpretation, requiring the reader to track subtle logical distinctions.",The writing is a entirely authentic example of a Reddit moderator post seeking feedback on subreddit guidelines.,0.42588726513569936,0.5637254901960784,4.852684180373788,0.31446540880503143,0.20727272727272728,10,0.7197958549093988,0.09523809523809523,0.13924050632911392,4.922095679528567
finance,9e83a835-c355-4a78-8a76-3541bc0e1369,17.126237951603883,2.575289629524575,13.194184836065762,7.048123514764237,-0.9370519199303295,-0.1029055249834911,-0.7304565775114837,-0.828416390816038,-11.734894588025693,-0.5972759186974623,-22.09657159877416,-5.907722664379386,0−0,-0.0,-12.096571598774162,-0.0,12.096571598774162,8.0,7.0,7.0,5.0,8.0,7.0,8.0,8.0,7.0,8.0,"The text consists of precise, domain-appropriate legal and administrative terminology explaining the dissolution and restoration of a company.","The passage functions as a informative guide on closing and restoring a limited company, using excerpted headings to structure related subtopics logically.","The text stays focused entirely on corporate law, specifically the process and financial consequences of dissolving and restoring a limited company.","While the text advances through different administrative phases, it repeats the exact rules regarding bank accounts and Crown ownership across several excerpts.","The prose consists of well-formed, formal, and grammatically precise legal English with appropriate quote formatting and ellipsis.",The text uses explicit section markers like chapter headings and numbered Q&A prompts to organize the legal advice excerpts.,"Punctuation is used correctly throughout, including standard quotation marks, parenthetical explanations, and brackets for omitted text.","The text contains complex formal sentences featuring relative clauses, conditional statements, and passive structures.","The reader must grasp specific legal concepts such as 'bona vacantia', administrative restoration vs. court orders, and the transfer of corporate assets to the Crown.","The text reads naturally as an authentic, helpful forum post or informational article quoting official guidance from Companies House.",0.4981132075471698,0.6666666666666666,4.446695572264005,0.24714828897338403,0.3609022556390977,14,0.590917482457898,0.125,0.10181818181818182,4.702467671212716
peerread,07106895-c293-4117-be28-f75985334b33,18.887518444418863,2.6717302925950484,14.598703411661962,7.710241187548172,-1.100345647995991,-0.7953357384540993,-0.7067574052869312,-1.5615496963124933,-12.48890304964608,-4.040754105398803,-20.91934227642762,-9.662903705028787,0−0,-0.0,-10.91934227642762,-0.0,10.91934227642762,8.0,8.0,7.0,7.0,7.0,6.0,8.0,8.0,8.0,8.0,"Every content word, such as ""variational lowerbound"" and ""predictive distribution,"" fits the exact technical context of machine learning peer review.","The text flows logically from praise for the paper's core ideas to specific detailed criticisms, concluding with typos and note notes.",The text remains strictly within the single domain of deep learning theory and probabilistic inference.,"Each paragraph advances the critique, introducing new specific technical points regarding distributions, VAE comparisons, and typographical errors.","The writing is fully functional and readable, though it contains minor minor grammatical slips like ""independent to"" and informal phrasing.","The text follows standard academic peer review structure, culminating in specific ""Typos"" and bolded claim notes.","Punctuation is used correctly throughout, accurately handling math notation, section references, and quotes.","Sentences feature complex structure with nested subclauses, parentheses, and math-related conditional phrasing.","The content demands a high degree of technical domain knowledge regarding variational inference, Bayesian modeling, and information theory.","The passage reads authentically as a genuine, thoughtful peer review written by a researcher in machine learning.",0.4495967741935484,0.6860986547085202,4.84186099139899,0.08097165991902834,0.3663003663003663,15,0.5101300686889662,0.03571428571428571,0.0968421052631579,4.808691794203297
reddit,a5336fb5-89e0-47f8-8d98-0510be9bb810,19.153720808885268,2.7769808955233053,14.19114739207526,7.7822117047375325,-0.6472002577252169,1.6789325423923709,-0.6801829366395995,-0.3942570954090918,-7.677881453739389,9.60774183233823,-19.674593674493487,-2.703093326944765,0−0,0.0,-9.674593674493488,-0.0,9.674593674493488,8.0,8.0,7.0,7.0,7.0,5.0,7.0,7.0,6.0,8.0,Every content word fits its place precisely within the medical and diagnostic context of drinking and liver health.,"The text progresses smoothly from defining alcoholism versus heavy drinking to explaining liver damage, regeneration, and diagnostic tests.","The text stays strictly within the domain of medicine, specifically addiction, hepatology, and general health guidelines.","The writing continually introduces new medical facts and distinctions, such as liver regeneration and genetic/ethnic variances, without repetitive looping.","The text contains a few minor mechanical slips like ""shows sings"" instead of ""shows signs,"" but is otherwise clean and highly readable.",The passage is written as continuous explanatory prose without any repeating structural frames or list formats.,"Periods and commas are correctly used throughout, though a comma is missing before ""however"" in one sentence.","Sentences feature a good mix of compound structures, parenthetical insertions, and subordinate clauses.","The material requires the reader to grasp nuanced distinctions between dependency and consumption levels, as well as biological processes of liver damage and recovery.",The text reads naturally as an informative medical advisory written by a physician for a general audience.,0.5845588235294118,0.7044025157232704,4.804325953618379,0.044444444444444446,0.2920353982300885,6,0.5047353618156033,0.0625,0.058823529411764705,4.871905225033661
wikipedia,d5a1616b-aee7-4297-946f-ef2572a0cd0d,17.081705115921796,2.964551876809272,14.17307281693743,8.132355578730287,-0.616102677524216,0.2669509083101893,-0.6572376336546202,-0.0273232456265333,-7.042414325789895,1.5875992299033876,-18.146765066157553,-0.1924118560225562,0−0,0.0,-8.146765066157553,-0.0,8.146765066157553,8.0,6.0,6.0,7.0,7.0,6.0,7.0,7.0,6.0,7.0,"The content words precisely fit an encyclopedic article about a punk zine, including specific vocabulary like ""byline,"" ""anarcho-punk,"" and ""anti-authoritarian.""","The text reads as a connected overview of the publication, though it breaks down at the end into a list of categories and external links typical of an unformatted Wikipedia export.","The text stays focused on the single subject of the zine and its publisher, covering its history, contents, and related punk media.","Each section introduces new details regarding the zine's history, specific contributors, thematic contents, and ultimate conclusion.","The body prose is well-formed standard English, affected only by the unparsed web trailing tags and category lists at the end.","The text uses clear section headers such as ""History and profile,"" ""Contents,"" and ""Archive & Website"" typical of standard reference articles.","Punctuation is accurate throughout the prose sections, though trailing URLs and categories lack standard punctuation.","Sentences contain a healthy mix of compound structures, relative clauses, and embedded direct quotes.",The text presents factual information with moderate descriptive depth regarding cultural and political themes like anti-authoritarianism and DIY ethics.,"The main text is clearly an authentic Wikipedia article about a publication, despite including raw web metadata at the bottom.",0.5141242937853108,0.6923076923076923,4.761561393334526,0.08806818181818182,0.38953488372093026,11,0.628508803504197,0.1875,0.2590529247910863,5.626425036724244
wikihow,43c97c89-d2ad-4add-8d83-937457fa433f,17.46073644369638,2.79070521555144,13.50761369396875,7.531929885504232,-0.7606051595136929,-0.4960108469610809,-0.6115720452821858,-0.9907848326580116,-9.17216695961577,-2.762253313099447,-17.975373504166996,-6.83375360967216,0−0,-0.0,-7.9753735041669955,-0.0,7.9753735041669955,8.0,7.0,6.0,7.0,7.0,8.0,7.0,7.0,5.0,6.0,The content words fit their context appropriately within this instructional guide on writing biography outlines.,"The text moves logically through chronological stages for structuring a biography outline, though it abruptly cuts off mid-sentence at the end.","The text remains focused on a single topic, providing detailed instructions and example sentences for outlining a biographical subject's life.","Each section introduces a distinct step in writing a biography outline, moving systematically from birth details through childhood, education, and adulthood.","The writing is clear and grammatically sound, though minor mechanical glitches like stray semicolons and commas appear between paragraphs.","The text follows a highly repetitive, rigid structure where almost every paragraph begins with an instruction and concludes with ""For example, you may write..."".","Punctuation is generally accurate, though there are stray punctuation marks between sections (such as ""; ,"" and "" ,"") likely resulting from minor text extraction flaws.","Sentences feature a comfortable mix of main clauses, relative clauses, and conditional constructions across instructions and examples.","The text offers straightforward practical instructions for writing an outline, requiring minimal abstract reasoning from the reader.","It is clearly recognizable as a standard ""how-to"" instructional article, damaged slightly by odd spacing and punctuation between steps and an unfinished final sentence.",0.3595505617977528,0.634375,5.0752988889636,0.16441441441441443,0.1736842105263158,7,0.5309457685026872,0.10256410256410256,0.11022727272727273,4.799952317492244
xsum,b8e18ad6-eef0-4f6c-af3f-f043cec72ac4,17.984926130626373,3.0842645767128016,14.628643286202712,8.374424584315276,-0.651231477697289,0.1756880049480038,-0.6541618080822307,-0.9510099273150096,-7.215336738103841,0.9864992747482384,-17.498319901198123,-6.1041790486701295,0−0,0.0,-7.498319901198123,-0.0,7.498319901198123,9.0,7.0,6.0,7.0,7.0,7.0,8.0,8.0,6.0,8.0,"The content words are chosen with extreme precision for a legal news report, correctly using terms such as ""conspiring,"" ""terminal leave,"" and ""regimental.""","The text unfolds logically from a summary of the arrests and sentencing to the details of the raid, individual sentences, and final statements, though it ends abruptly mid-sentence.","The text remains focused entirely on a single criminal case, moving smoothly between the investigation, court proceedings, and the defendants' military backgrounds.","Each paragraph systematically introduces new details about the defendants, their specific roles, sentences, and quotes from official statements without restating earlier facts.","The writing consists of clear, grammatically sound prose, suffering only from an incomplete final sentence where the text cuts off.","The middle section follows a repeating formula for listing each co-defendant's name, age, location, sentence, and specific charges.","Quotation marks, commas, hyphens, and capitalization are used correctly throughout, with the only issue being the cut-off end.","Sentences feature varied structures, including complex relative clauses, appositives, and multiple levels of subordination.",The content provides a moderately detailed factual account of a court case that requires keeping track of several defendants and their charges.,"The passage is clearly written as a standard news article reporting on a criminal trial, matching professional journalistic style apart from the trailing end.",0.4677754677754678,0.6444444444444445,4.950388291431681,0.16910229645093947,0.18359375,6,0.6041228898726331,0.09523809523809523,0.19916142557651992,5.38826404637956
cnn,c142824c-d274-4c7a-a755-50c5a3fa5d96,17.232202910434754,2.8380423855687877,13.360904377626252,7.438553756039673,-1.074852252864452,-0.2292781703546609,-0.5596721218667335,-1.4638156461598122,-12.625408112103074,-1.3130511054237302,-16.47201731169447,-9.874153736536943,0−0,-0.0,-6.472017311694469,-0.0,6.472017311694469,7.0,5.0,5.0,6.0,5.0,5.0,6.0,7.0,5.0,6.0,"The content words fit the news reporting context well, despite minor typographical damage like missing possessive apostrophes and a bracket glitch.","The passage functions as a news report, but it stutters near the beginning by repeating identical introductory sentences and cuts off mid-sentence at the end.","The text stays focused tightly on a single subject, specifically Leo Schofield's controversy and personal struggles with the Tasmanian government over a music festival.","The text advances the narrative through background details and quotes, though the opening paragraph redundantly repeats the main premise.","While mostly composed of sound journalistic English, the text contains noticeable mechanical flaws including missing apostrophes, a stray bracket in ""The festival]"", censoring (""Fk""), and attached words (""afterMr"").",The text is written as continuous prose in standard news format without any repeating explicit frame or structural template.,"Sentence boundaries are generally marked correctly, but there are missing apostrophes for possessives (""festivals funding"", ""Tasmanian's""), missing commas, and stray bracket characters.","Sentences feature a normal range of complexity for journalism, using direct quotes, subordinate clauses, and varied conjunctions.","The content consists of straightforward reporting on personal statements, public grievances, and mental health struggles without high abstraction.","The piece reads naturally as a tabloid news article, though minor typos and textual artifacts slightly impair the overall quality.",0.45951417004048584,0.6299559471365639,4.911057219615886,0.3008130081300813,0.26217228464419473,6,0.6672121280370789,0.14285714285714285,0.15991902834008098,5.03576701583686
arxiv,5c376242-2525-4840-aac4-caec029c597a,17.309529564819336,2.6214276713521807,14.146662830750255,7.619663870508587,-0.2625953347676084,-1.487919352757661,-0.5096565121549919,0.0578287776346915,-3.3314729689659712,-7.915538748273161,-16.277317449322563,0.4104582211464364,0−0,-0.0,-6.277317449322563,0.0,6.277317449322563,9.0,8.0,5.0,7.0,8.0,5.0,9.0,8.0,8.0,8.0,"Every technical term and content word is precise, natural, and accurately deployed for an astrophysics paper on primordial supernovae.","The abstract progresses logically from introducing numerical simulations to detailing specific supernova explosion mechanics, halo interactions, and cosmological implications.","The text stays strictly within the domain of computational astrophysics and cosmology, focusing on Pop III stars, halo dynamics, and supernova remnants.","Each sentence systematically introduces distinct outcomes dependent on halo type and supernova energy, consistently adding new findings to the summary.","The prose is cleanly written scientific English, perfectly formed except for minor LaTeX markup remnants like `\Ms` and `\ion`.","It follows standard prose layout expected of an academic abstract, structured into context, method, detailed results, and broader implications.","Sentences use commas, scientific ranges, exponents, and hyphenated terms correctly throughout.","The sentences feature complex constructions, including conditional clauses, participial modifiers, and multiple subordinate clauses.","The text presents dense physical concepts, requiring the reader to track interactions between radiation, halo mass, fallback rates, and star formation models.","Aside from unrendered LaTeX codes, this is a completely authentic, high-quality astrophysics abstract written for standard peer-reviewed literature.",0.6196078431372549,0.7784810126582279,4.742779588596197,0.03162055335968379,0.27835051546391754,10,0.24809883172443659,0.09090909090909091,0.06439393939393939,5.64631878881421
yelp,d144c613-4a22-4d4c-90de-d132c5c8e4b5,15.33414915207527,3.217767896406469,13.862181644685748,8.252079481613961,-0.6444454273196971,-1.4767244384535552,-0.5976414186986307,-1.223911762286091,-7.243788264702792,-8.784340864269751,-15.663887392961614,-8.112847569407707,0−0,-0.0,-5.663887392961614,-0.0,5.663887392961614,8.0,8.0,7.0,7.0,7.0,7.0,7.0,7.0,5.0,8.0,"The content words are natural and well-chosen for a restaurant or bar review, fitting their exact contexts throughout the prose.","The text moves logically from an introductory evaluation to specific numbered reasons and personal experiences, ending with a clear concluding recommendation.","The piece stays focused on a single venue, touching on its location, view, pricing, drink menu, and parking.","Each paragraph introduces distinct practical information, ranging from elevator access to specific cocktail ingredients and pricing tips.","The prose is fully clear and grammatically sound, with only minor informalities like missing dollar signs or colloquial punctuation.","The review uses explicit structural markers like ""Reason 1:"" and ""Reason 2:"" to organize its middle section within continuous prose.","Periods, commas, and parenthetical marks are placed appropriately, though there is occasional informal ellipsis and a missing dollar sign before prices.","The writing features a healthy mix of simple sentences, direct questions, and complex sentences with subordinate and conditional clauses.",The text provides simple informative descriptions and cost-benefit analysis regarding a tourist spot without requiring deep abstract reasoning.,"The writing reads exactly like an authentic, helpful online review written by a traveler sharing advice.",0.49363867684478374,0.7010309278350515,4.788832615263454,0.03836317135549872,0.3768844221105528,8,0.5356156847361361,0.08,0.2565947242206235,4.902020884907468
cmv,02f01965-648d-42b3-bcb8-3fbb5a4eb33b,20.490048006533833,3.056489091003738,14.98841402528018,7.959247227441938,-1.146514578319981,0.4758332004861394,-0.5670762862218628,-1.3729725246874729,-12.591089057419586,2.377476234253052,-15.64967724291613,-8.39154139225557,0−0,0.0,-5.64967724291613,-0.0,5.64967724291613,8.0,8.0,6.0,7.0,7.0,6.0,8.0,7.0,7.0,8.0,The content words fit their precise roles in describing an online debate topic without any generic or misplaced terminology.,The text moves logically from a personal anecdote and debate recap to a solicitation for public opinions on a forum.,"The passage stays focused on a single moral and legal debate topic, followed by standard forum administrative text.",Each line advances the back-and-forth arguments of the debate before introducing the forum submission request.,"The writing is clear and well-formed with only minor typos like ""He the said.""","The main text is standard narrative prose, though it concludes with a recognizable, template-based moderator auto-reply.","Punctuation is used correctly throughout to delineate dialogue tags, subclauses, and bracketed forum links.","Sentences feature varied constructions, including embedded clauses, direct/indirect reporting, and conditional statements.","The content involves comparing abstract legal definitions, ethics, and moral severity across different offenses.","The passage is a completely authentic Reddit post from ""ChangeMyView"" complete with the standard automated moderator comment.",0.5925925925925926,0.73125,4.774985393932965,0.048507462686567165,0.24545454545454545,9,0.6543949298190186,0.13043478260869565,0.0948905109489051,4.494261587960798
eli5,1d5a005f-1162-4f21-a546-b8229951a6c2,18.65630474030772,3.1143548412284856,14.499341560961142,8.13515718876339,-0.6047537232341202,0.0645047918018839,-0.5559691545240892,-0.7312308504841436,-6.9194495152571704,0.346952914621201,-15.14768601266471,-4.801072676261644,0−0,0.0,-5.14768601266471,-0.0,5.14768601266471,8.0,7.0,7.0,7.0,7.0,5.0,8.0,7.0,7.0,7.0,Every content word is precisely chosen and fits the political and geopolitical context naturally.,"The text consists of forum-style comments responding to a central question about US nuclear power and its role as global police, advancing logically across paragraphs.","The text focuses tightly on international relations, nuclear proliferation, and global geopolitics.","Each section introduces distinct angles and arguments, ranging from economic sanctions and treaty mechanisms to military power dynamics.","The writing contains minor artifacts such as raw string delimiters, but the underlying text consists of clean, fully grammatical prose.",The text follows standard continuous forum prose without any rigid repeating frames or rigid structural templates.,"Punctuation is used correctly throughout to separate clauses, handle direct quotes, and format lists.",Sentences vary effectively between simple statements and complex constructions featuring conditional and relative clauses.,"The text presents nuanced political arguments concerning deterrence, international treaties, and power asymmetry.","Aside from minor quote-wrapping artifacts from data extraction, the writing is an entirely natural sample of online policy debate.",0.5112219451371571,0.697560975609756,4.894001121281709,0.042606516290726815,0.3112244897959184,7,0.4877456805559923,0.05263157894736842,0.11421319796954314,4.677893238807048
wiki_csai,f246264b-0acf-48f2-8fa7-997b77f9f25e,17.235766635766215,2.7522575543180876,13.043038561959444,7.220021995156607,-0.7049466123408443,-1.3931124652649451,-0.4757502038589858,-0.8348304899694483,-8.895260628211531,-7.47824094895668,-14.738198898494977,-6.0155524370898625,0−0,-0.0,-4.738198898494977,-0.0,4.738198898494977,9.0,8.0,7.0,7.0,8.0,5.0,7.0,8.0,8.0,8.0,Every technical term and content word precise to optimization theory is used in its exact mathematical context.,"The text progresses logically from the definition of a learning rate to its trade-offs, adaptive scheduling, and specific line search applications.","The passage stays focused on machine learning optimization and numerical methods, briefly referencing adaptive control literature as a related field.","Each sentence sequentially adds new technical concepts, moving from basic trade-offs to Hessian approximations and sub-sampling variants.","The prose is grammatical, clear, and well-constructed throughout, despite containing a couple of minor inline citation markers.",The text is structured as standard continuous technical prose arranged in standard paragraphs without artificial repeating forms.,"Punctuation is accurate across complex sentences, with only a few minor missing commas after introductory clauses.","Sentences feature varied structures including complex conditional constructions, participial phrases, and embedded relative clauses.","The content demands a strong conceptual understanding of mathematical optimization, loss functions, and line search algorithms.","The writing is a completely natural, high-quality reference text typical of a technical paper or academic encyclopedia entry.",0.4619718309859155,0.6402439024390244,4.615550313497261,0.1359773371104816,0.3036649214659686,9,0.2922053779875799,0.14285714285714285,0.05475504322766571,5.222466716472982
yelp,9ab531e0-e2aa-4a25-b57d-911b099278f5,17.393433201500613,3.2750983577414217,14.252495876837632,7.968125493088244,-0.9283994158454149,0.5825596109717885,-0.540310957363678,-0.8335975301342078,-10.435528763743925,3.4653738119832163,-14.161284222497487,-5.525602338833271,0−0,0.0,-4.161284222497487,-0.0,4.161284222497487,8.0,8.0,5.0,7.0,7.0,5.0,7.0,6.0,5.0,8.0,"The content words are natural, expressive, and fit the informal, frustrated context of an airport review perfectly.","The text flows chronologically from entering the airport to boarding the flight, clearly narrating a frustrating experience.",The writing stays focused on the single subject of a bad customer service experience at the Las Vegas airport.,"Each sentence advances the narrative by detailing new steps in the ordeal, from the check-in machine freezing to the author shouting at staff.","The text is clear and readable standard English, with minor intentional colloquialisms like ""Wtf man!"" and ""say's"" that reflect casual speech.",The text is structured as ordinary continuous prose without any explicit framing or repeating organizational structures.,"Punctuation is used effectively throughout to convey tone and mark sentence boundaries, despite minor informal quirks like trailing ellipses.","The sentence structure features a natural mix of short exclamations, compound sentences, and subordinate clauses.",The text recounts a simple sequence of concrete personal events with minimal abstraction.,"This is a completely authentic, highly natural example of an online consumer review written in a real-world voice.",0.4948453608247423,0.6458333333333334,4.888915875236447,0.010362694300518135,0.23469387755102042,8,0.6253963673958117,0.06060606060606061,0.13959390862944163,4.663836349124157
arxiv,98addd1c-250b-4cb9-92b0-ef9129b52b4c,20.165057881337283,2.69273966464139,15.424079157138134,7.817409388021015,-0.0648498172551805,1.3676089637602864,-0.4383445188657826,1.3352451040225706,-0.8227313460051107,7.275503020420349,-13.9997679134512,9.477328634780095,0−0,0.0,-3.9997679134511994,0.0,3.9997679134511994,8.0,8.0,7.0,7.0,8.0,5.0,8.0,8.0,8.0,8.0,"The text employs precise astronomical terminology throughout, such as ""optically faint OB star candidates,"" ""blue stragglers,"" and ""upper HR diagram,"" with every content word accurately fitting the context.","The narrative flows logically from establishing a debate regarding the mass of Cygnus OB2, to detailing observational methods and findings, and concluding with the implications for the association's age and mass.","The text remains strictly focused on observational astrophysics, specifically stellar evolution, spectroscopy, and cluster membership within a single star-forming region.","Each sentence advances the abstract by detailing new observational steps, spectral classifications, or evolutionary implications without redundant restatements.","The text is written in clean, well-formed, publishable academic English standard for scientific literature.","The text follows standard scientific abstract organization—background, objective, methods, results, and conclusion—without using explicit repeating frames or forced formatting.","Commas, parentheses, and tildes are used correctly throughout the text to mark sentence structures, clauses, and approximate values.","The text features complex sentence construction with embedded clauses, such as ""suggesting an age ~2.5Myr for the association and hinting that the O3-5 supergiants in the association are blue stragglers.""","The content demands domain knowledge to follow abstract astrophysics concepts like stellar evolution paths, cluster age spreads, and upper HR diagram placement.",The text reads completely naturally as a high-quality abstract written for a peer-reviewed astronomy journal.,0.5608856088560885,0.7236842105263158,4.649491810848321,0.05947955390334572,0.3277310924369748,6,0.20347854547812652,0.1111111111111111,0.09293680297397769,4.990512037621649
cnn,c6dbd407-5495-42af-9394-54e2c877939c,16.130825746592382,2.926099869033152,14.182759225303446,7.784025040669879,-0.7293809682342465,-1.3306553341970329,-0.4716146384023694,-0.6419607984826179,-8.567440193400747,-7.620518145284818,-13.880349198565478,-4.3303401174025575,0−0,-0.0,-3.8803491985654777,-0.0,3.8803491985654777,8.0,6.0,5.0,6.0,7.0,6.0,8.0,7.0,5.0,8.0,The content words are natural and appropriately chosen for a online news report about a public controversy.,"The overall narrative flows well, though it suffers from slight repetition characteristic of copied news articles and web page captions.",The text stays focused on the single incident of the belly dancing performance at the football assembly and the reactions to it.,"The text introduces new quotes and reactions from various figures in each paragraph, though it repeats a few facts and image captions.","The text is well-formed standard English, with minor formatting glitches like a missing space in ""byDina Talaat"".","The text is standard prose, though it incorporates repeating photo captions (""The ceremony on April 6 was attended by world football officials..."") and web prompts (""Scroll down for video ."").","Punctuation is correctly used throughout for quotes, names, and sentence boundaries, barring minor web-scraping artifacts.","Sentences feature a comfortable mix of direct speech, relative clauses, and compound structures typical of journalism.","The text describes concrete events, public statements, and reactions without deep theoretical abstraction.","The piece reads naturally as a typical online news article, complete with embedded media captions and quotes.",0.5093167701863354,0.6463414634146342,4.740598096050799,0.18125,0.22151898734177214,7,0.4637561099599018,0.14285714285714285,0.2118380062305296,5.2745618075882374
reddit_eli5,ed1958b0-9ab3-463a-9103-bcce1ee3b722,14.57358701226635,3.014537152390653,12.087346249096418,6.916703595906233,-0.8495519391435522,-0.6359478043440436,-0.4671125275247396,-0.5294866214710119,-10.939016045885312,-4.181244278750213,-13.416413782793072,-4.19666826772509,0−0,-0.0,-3.4164137827930716,-0.0,3.4164137827930716,8.0,8.0,7.0,7.0,8.0,5.0,8.0,7.0,7.0,8.0,The content words are precisely chosen to explain psychological concepts like learned behaviors and innate survival instincts.,"The passage develops a logical narrative comparing learned human fears with innate animal responses, ending with an informative edit.","The text stays focused on psychology and animal behavior, bringing in specific related examples like cats reacting to cucumbers to illustrate its core subject.",Each sentence builds systematically on the previous one by introducing new distinctions between inherited instincts and acquired behaviors.,"The text consists of clear, publishable prose with spaced-out punctuation tokens being the only minor artifact.","The text is written as standard, continuous prose typical of an online post, ending with a standard ""Edit:"" note.","Punctuation marks are placed correctly throughout all sentence boundaries, though they are preceded by typographical spaces.","The sentences feature varied structural patterns, including conditional clauses, subordinate clauses, and logical transitions.",The content requires following a conceptual distinction between subconscious social learning and innate evolutionary instincts.,The writing is completely natural for an educational forum explanation or online post detailing human and animal psychology.,0.5296442687747036,0.6567164179104478,4.571913073008596,0.02390438247011952,0.31092436974789917,6,0.29333101900031594,0.1111111111111111,0.02888086642599278,4.619486665386902
reddit,f2d99bb2-3ed7-4c26-b83c-864a46e82376,17.646534636399014,3.01042586819194,14.992416811216298,8.154738400097981,-0.274673562364768,0.171746369906117,-0.446737963970965,0.407012323731946,-3.2585139222987864,0.9828237532092609,-12.92209411121464,2.790545329621821,0−0,0.0,-2.922094111214641,0.0,2.922094111214641,8.0,8.0,6.0,7.0,6.0,5.0,8.0,8.0,7.0,7.0,"The technical terminology, including terms like ""NoSQL,"" ""queries,"" ""JSON,"" and ""schema,"" fits the database design context perfectly.","The text logically moves from a critique of SQL tables to NoSQL examples, followed by benefits and inherent pitfalls.","The text stays focused on database architecture, data modeling, and software engineering practices.","Each paragraph advances the discussion by introducing new aspects such as schema design, performance benefits, and potential pitfalls.","The writing features minor typos such as ""easiy"" and an unfinished final sentence, but remains clear and readable overall.","The text is written in standard continuous prose with embedded code and pseudo-schema examples, lacking any repeating template frame.","Punctuation is used correctly throughout to set off inline code, parenthetical remarks, and SQL syntax.","Sentences feature complex constructions with parenthetical additions, subordinate clauses, and conditional phrasing.",The text deals with abstract data modeling concepts and weighs the design trade-offs between relational and non-relational databases.,"The casual, instructional, and opinionated tone is highly typical of an informal blog post or forum discussion on software engineering.",0.45495495495495497,0.6435643564356436,5.223752256524362,0.03765060240963856,0.23140495867768596,17,0.5551552466262483,0.09523809523809523,0.05731523378582202,4.86474178552878
arxiv,ebf79003-23f5-4bdb-a053-11066491da53,18.33899833494917,2.733596549359366,12.759035996887064,6.862488294429797,-1.0197709108463986,-0.458450582627826,-0.3974876341478066,-1.3297980562285012,-12.937546004117555,-2.4388978772494014,-12.69488812346703,-9.438666473145318,0−0,-0.0,-2.694888123467029,-0.0,2.694888123467029,9.0,9.0,7.0,7.0,9.0,5.0,9.0,8.0,8.0,9.0,Every technical term and content word is used with precise domain accuracy within distributed computing theory.,"The text forms a logical and continuous academic abstract, moving smoothly from defining the problem to introducing new concepts, proving bounds, and discussing implications.",The content focuses entirely on distributed agreement algorithms and dynamic network theory.,"The text steadily introduces new concepts, bounds, and algorithms sentence by sentence without restating previous claims.",The text is well-formed academic prose with clear LaTeX mathematical notation embedded appropriately.,It follows standard academic abstract conventions without using explicit frames or rigid repeated sentence patterns.,"Punctuation is correctly applied throughout, accurately handling complex mathematical variables and clause boundaries.","The sentences feature multiple embedded clauses, complex conditional structures, and varied syntactic framing.","The text relies on highly abstract theoretical computer science concepts, mathematical parameters, and layered proofs.",The passage reads naturally as a publishable abstract from a theoretical computer science conference or journal.,0.4927007299270073,0.6074074074074074,4.580112115747058,0.09191176470588236,0.20863309352517986,10,0.6652754625029668,0.16666666666666666,0.06766917293233082,5.498491993812867
wp,2b367f5c-d459-43c8-a7d6-d0c36aeaea69,16.10316591533805,3.368836296679105,15.038946651277712,8.629929941104818,-0.2034037001045465,-0.1752217286965987,-0.4853085718450067,0.3839632887459601,-2.302683317152489,-1.0764071511763644,-12.591861188415802,2.6200185919530634,0−0,-0.0,-2.591861188415802,0.0,2.591861188415802,8.0,8.0,6.0,7.0,7.0,5.0,8.0,7.0,7.0,8.0,"The content words fit the fantastical narrative setting perfectly, using evocative terms like ""haggard,"" ""subservient,"" ""cacophony,"" and ""canopy.""","The text maintains a continuous, advancing narrative about gods discussing whether to spare a world from an asteroid, concluding with a framing device of a bedtime story.","The text stays strictly within the domain of creative fiction, combining a mythic dialogue with a brief framing frame of storytelling.","Each sentence advances the scene with new dialogue exchanges, character actions, and narrative turns.","The prose is well-constructed and readable, though it features a minor capitalization quirk (""He snapped back"") and an isolated closing dash.",The text is written as standard continuous narrative prose without any repeating structural frames or templates.,"Quotation marks, commas, and periods are used correctly throughout, with only minor formatting choices like dialogue tag spacing.","The sentences feature a healthy mix of direct speech, compound structures, and complex descriptive clauses with figurative language.",The text requires tracking an abstract philosophical argument about divine creation alongside figurative analogies and a subverted expectations plot.,The passage reads entirely like a published piece of speculative fiction or fantasy storytelling.,0.5903614457831325,0.75,4.977127242146832,0.012121212121212121,0.3088235294117647,7,0.6734564824276428,0.07142857142857142,0.05105105105105105,4.914641189788345
wikipedia,60eda626-c5e7-47f1-ab15-4185c5785cd7,16.95788561108313,3.1787614063481926,12.78095318947165,7.897828293329684,-0.8506299629248195,0.1431314034715249,-0.4430281041156996,-1.4194428730923132,-9.723198511196893,0.8512250711742969,-12.232298504253908,-9.9957977709815,0−0,0.0,-2.232298504253908,-0.0,2.232298504253908,8.0,7.0,7.0,7.0,7.0,5.0,7.0,7.0,6.0,7.0,"The content words are chosen with precise, domain-appropriate vocabulary for commercial real estate and corporate history, such as ""anchors,"" ""atrium,"" and ""spun off.""","The text presents a clear, chronological narrative of the mall's profile and historical expansions, although it cuts off mid-sentence at the very end.","The passage focuses entirely on a single topic, covering the physical details, transport connections, and corporate history of Aventura Mall.","Each sentence introduces new factual developments, structural additions, or business transitions moving chronologically through time.","The text features clean, standard prose with only minor typos like double commas (""original,, complex"") and an abrupt cut-off at the end.",The text follows standard continuous prose organized into an introductory overview followed by a historical section header.,"Punctuation is accurate and functional throughout the text, with only a minor double comma error in the historical section.","Sentences feature varied structures, including appositives, participial phrases, and relative clauses, such as those detailing the station opening and corporate acquisitions.","The content consists mostly of concrete historical events, corporate transactions, and architectural details organized around a single venue.","The passage reads like a typical, well-written informational Wikipedia article about a major commercial venue.",0.4838095238095238,0.6929133858267716,4.99051828660755,0.04206500956022945,0.34317343173431736,10,0.7598077477129079,0.12121212121212122,0.302536231884058,5.5610191280093515
cnn,a1090283-fd28-4683-a580-faaee7dc020c,16.935339262090665,2.9851602845973417,14.132672093320114,8.052213946868102,-0.461192062036023,-0.5261418186987505,-0.4125542228381795,-0.6920479304659501,-5.417245008092704,-3.0131568809337463,-12.142109701546447,-4.668202363050153,0−0,-0.0,-2.142109701546447,-0.0,2.142109701546447,7.0,5.0,5.0,6.0,5.0,5.0,6.0,7.0,5.0,6.0,"The content words fit the news reporting context well, despite minor typographical damage like missing possessive apostrophes and a bracket glitch.","The passage functions as a news report, but it stutters near the beginning by repeating identical introductory sentences and cuts off mid-sentence at the end.","The text stays focused tightly on a single subject, specifically Leo Schofield's controversy and personal struggles with the Tasmanian government over a music festival.","The text advances the narrative through background details and quotes, though the opening paragraph redundantly repeats the main premise.","While mostly composed of sound journalistic English, the text contains noticeable mechanical flaws including missing apostrophes, a stray bracket in ""The festival]"", censoring (""Fk""), and attached words (""afterMr"").",The text is written as continuous prose in standard news format without any repeating explicit frame or structural template.,"Sentence boundaries are generally marked correctly, but there are missing apostrophes for possessives (""festivals funding"", ""Tasmanian's""), missing commas, and stray bracket characters.","Sentences feature a normal range of complexity for journalism, using direct quotes, subordinate clauses, and varied conjunctions.","The content consists of straightforward reporting on personal statements, public grievances, and mental health struggles without high abstraction.","The piece reads naturally as a tabloid news article, though minor typos and textual artifacts slightly impair the overall quality.",0.45951417004048584,0.6299559471365639,4.911057219615886,0.3008130081300813,0.26217228464419473,6,0.6672121280370789,0.14285714285714285,0.15991902834008098,5.03576701583686
reddit_eli5,f6df49d3-b2e2-4a17-9d5c-8815093c4f37,18.70503479619066,5.040822685038067,16.909998654159942,10.54358787183714,2.777332336787355,3.4954999795802664,1.5591730051226742,4.293165783592512,35.76153687260241,22.982293815868825,44.78259297933052,34.027285830246804,+++,12.982293815868823,34.78259297933052,24.027285830246804,71.79217262544614,8.0,7.0,6.0,7.0,7.0,5.0,7.0,8.0,8.0,7.0,"The text consistently uses precise technical terminology from neuroscience, computer science, and biology to build its specific conceptual framework.","The passage develops a continuous theoretical argument explaining psychological processes via computational tree analogies, though it cuts off mid-sentence at the end.","The text stays focused on explaining human psychology and memory processing through a computational biological model, briefly bringing in a tree metaphor to clarify the same subject.","Each paragraph systematically introduces new components of the proposed model, moving from input evaluation to decision nodes, depression mechanics, and the final structural metaphor.","Aside from space-separated punctuation artifacts and an abrupt final sentence cut-off, the prose is well-formed and grammatically clear.","The text is formatted as standard continuous explanatory prose with a bolded heading, without using a repetitive framing device.","Periods, quotation marks, parentheses, and dashes are used accurately to structure complex technical statements, though spaces surround the marks due to text extraction.","Sentences feature complex structures with parenthetical insertions, conditional clauses, dynamic dashes, and subordinate relationships.","The text presents a dense, abstract model that requires the reader to map computational concepts like recursion and decision nodes onto human emotional states.",The text reads like an authentic online forum essay or speculative blog post attempting to explain brain mechanics using computer science principles.,0.5115681233933161,0.7236180904522613,4.735662906405681,0.04392764857881137,0.29473684210526313,11,0.3982010165566844,0.11764705882352941,0.03636363636363636,4.844780375115159
reddit,aa760424-3b17-4ae1-8f0b-436b7a21a1ca,20.95491252982919,4.666877406735152,19.50696507253331,11.65909876173552,3.22968679927277,3.480124263336293,1.209713574572247,4.921560585048956,38.314497068775125,19.91511548102286,34.991502668110876,33.743051756103974,+++,9.91511548102286,24.991502668110876,23.743051756103977,58.64966990523771,8.0,8.0,7.0,7.0,8.0,5.0,8.0,8.0,7.0,8.0,The historical and cartographic terminology throughout the passage fits the exact precise context of map history.,"The text moves logically from correcting a premise to explaining the historical origins, spread, demise, and bibliographic sources regarding the island of California mapping trope.",The text focuses tightly on cartographic history and specific geographic references without changing subjects unexpectedly.,"Every sentence provides new detailed historical context, specific figures, dates, or reference citations to advance the argument.","The prose is well-formed, natural, and clear with minor editorial bracket insertions consistent with online discussion forums.","The passage is continuous prose structured naturally, ending with a standard summary marker (**TL,DR:**).","Punctuation is used correctly throughout, including appropriate use of parentheticals, quotes, and brackets for citation references.","The text exhibits varied sentence structures with frequent subordinate clauses, parenthetical insertions, and complex conditions.","The reader must follow a nuanced historical argument regarding intellectual transmission, cartographic history, and primary source citation.","The writing is an entirely natural, authentic example of an informed user writing on an online discussion platform like Reddit.",0.6070460704607046,0.7321428571428571,5.085823807417515,0.0,0.22758620689655173,12,0.3366293118627896,0.07692307692307693,0.10991957104557641,5.010525787288239
wiki_csai,c2e4ae49-8734-4bcf-a2f4-d8f1d2be89d4,23.71309783009978,4.301180762857906,17.70843057506005,10.257123069859084,2.3321544623616326,5.0842187290686205,1.0731730046808328,3.8305615231311574,29.42793312966928,27.292134440805917,33.24567612832743,27.601943128284137,+++,17.292134440805917,23.245676128327432,17.601943128284137,58.13975369741749,9.0,8.0,7.0,7.0,7.0,5.0,8.0,8.0,7.0,8.0,"The content vocabulary consists of precise medical, socioeconomic, and policy terms that fit their exact positions seamlessly.","The passage flows logically from defining healthcare to describing its providers, access factors, systemic requirements, and historical impact.","The text stays focused on the broad topic of healthcare while incorporating aspects of economics, public policy, and history.","Each sentence advances the entry by introducing new dimensions of healthcare, such as access barriers, system requirements, and specific real-world outcomes.","The writing is well-crafted encyclopedic prose, with only a minor grammatical agreement slip in ""Limitations... affects negatively"".","The text is structured as standard, continuous expository prose typical of a reference entry without explicit repeating patterns.","Commas, parenthetical insertions, and quotation marks are used correctly and appropriately throughout the text.","Sentences feature complex lists, relative clauses, and multi-layered sub-clauses detailing access barriers and systemic factors.","The text covers multifaceted abstract concepts including health outcomes, economic determinants, and institutional infrastructure.","The passage reads naturally as a well-written, informative article from an encyclopedia or reference work.",0.5481927710843374,0.8131868131868132,4.6456724970210965,0.03636363636363636,0.41333333333333333,7,0.46899718348852226,0.23076923076923078,0.04878048780487805,5.338546624415521
wiki_csai,95281763-8ca8-4f26-89bf-ee86ce9cf186,25.835836821281553,3.5626973246966283,18.55209935225171,9.497745348104957,1.5727767406075053,7.206957720250394,0.3346895665195548,4.674230300322817,19.84584190175306,38.68701751277923,10.36830118117688,33.6811817638036,+++,28.687017512779228,0.3683011811768804,23.6811817638036,52.73650045775971,8.0,8.0,6.0,7.0,7.0,5.0,8.0,8.0,8.0,8.0,The content words are precisely chosen technical and academic terms that perfectly fit an encyclopedic overview of machine translation.,"The text progresses logically from defining machine translation to discussing its challenges, technical solutions, domain-specific applications, human intervention, and historical debate.","The passage maintains a focused scope within computational linguistics and translation technology, touching on statistics, natural language processing, and history.","Each sentence systematically introduces a new aspect, mechanism, limitation, or context regarding machine translation without repetitive filler.","Aside from a single inline Wikipedia artifact like ""[failed verification]"", the prose is well-formed, grammatical, and highly articulate.",The text is structured as standard continuous expository prose typical of an encyclopedia article.,"Sentence boundaries, parenthetical statements, commas, and abbreviations are all correctly and accurately punctuated throughout.","Sentences feature sophisticated structures with multiple embedded subordinate clauses, appositives, and complex noun phrases.","The content involves nuanced technical concepts such as statistical corpus methods, linguistic typology, and domain limitations that require sustained reader attention.",The passage reads naturally as an excerpt from a well-written Wikipedia entry or reference textbook.,0.5642633228840125,0.7611111111111111,4.827304683687452,0.028391167192429023,0.2302158273381295,8,0.43620462466449533,0.1,0.04792332268370607,5.188046462225778
wikipedia,7f0b97dc-5053-418e-8e04-b1495479c35d,20.80301392052941,4.86242241550206,17.370788681468174,10.916754579037638,2.168296322783135,3.9882597129178023,1.2406329050381677,3.170392618904211,24.784896484280104,23.718810656848134,34.25469374887175,22.326085870676614,+++,13.718810656848134,24.254693748871752,12.326085870676614,50.2995902763965,9.0,8.0,7.0,7.0,8.0,5.0,8.0,8.0,7.0,8.0,The content words are chosen with extreme precision and fit the specific context of Northern Irish political history perfectly.,"The text presents a clear, chronological biographical narrative that flows logically from Smith's birth and family background through to his early political involvement and arrest.","The text stays closely focused on a single biographical subject while touching on related sub-topics like Northern Irish history, paramilitary organizations, and prison history.","Each sentence advances the biography smoothly by introducing new historical details, dates, family members, and key events in his life.","The writing is clean and well-formed standard English, with only a minor backslash typo in ""socio-political\religious"".",The text is standard continuous biographical prose following regular encyclopedic organization without any rigid tabular or repeating structural frame.,"Punctuation marks are correctly placed throughout, properly handling dates, parenthetical remarks, nicknames, and quotes.","Sentences feature varied structures with multiple embedded subordinate clauses, participial phrases, and relative clauses.","The text presents a detailed factual historical account requiring the reader to keep track of multiple political groups and events, but it contains little abstract theoretical argument.",The passage reads naturally as a well-crafted Wikipedia-style biographical entry written by a human editor.,0.4328136599851522,0.7101200686106347,5.518156789770061,0.053531598513011154,0.2198952879581152,12,0.38414740880462633,0.08,0.22092172640819313,5.201034376803369
wp,44e18d8e-0ff8-4656-a9c4-af814e597650,19.25554300894572,4.811504203662314,18.78607144360756,11.264110561041663,2.430776919832299,2.97715536491107,0.9573593351382024,4.131088081075809,27.518228322003058,18.289006442244748,24.83973404727802,28.188964660565365,+++,8.289006442244748,14.83973404727802,18.188964660565365,41.31770515008813,8.0,8.0,7.0,8.0,8.0,5.0,8.0,7.0,5.0,8.0,"The content words throughout the story are precisely chosen to convey the narrator's casual, humorous tone and psychological spiral.","The text forms a single, well-structured personal narrative that advances chronologically from eating breakfast to the absurd climax and its aftermath.","The narrative focuses primarily on a single morning incident involving Reddit, online trolling, and personal mental health, while bringing in brief related details like work and breakfast.","Each sentence moves the plot forward rapidly, introducing new actions, thoughts, and consequences in continuous sequence.","The prose is well-formed, natural, and clean, with intentional stylistic choices that reflect a casual, first-person voice.",The text is written as standard continuous prose following standard narrative storytelling without any rigid repeating structures.,"Punctuation is used effectively throughout to signal tone, pauses, dialogue, and dramatic effect.","Sentences vary nicely in length and structure, combining simple conversational fragments with longer compound and subordinate clauses.",The text presents a straightforward narrative of concrete actions and thoughts with a mild layer of dark comedic irony regarding mental health.,"The passage reads as an engaging, authentic piece of informal creative writing or online blog entry.",0.5786350148367952,0.7743589743589744,4.874173609290188,0.005970149253731343,0.28169014084507044,6,0.7295066351965879,0.03333333333333333,0.13823529411764707,4.674389804198002
xsum,4932249c-a275-4a47-b7fb-270b1606f422,22.354325347501792,4.496963061606968,19.522388146946835,11.237952433413763,2.212296371401198,4.545087221823422,0.7585366768119353,3.942734933429111,24.51119737115148,25.52095260756864,20.290266511521097,25.306949258717697,+++,15.520952607568638,10.290266511521097,15.306949258717696,41.11816837780744,8.0,7.0,7.0,7.0,7.0,5.0,7.0,8.0,7.0,7.0,The content words throughout the news report are chosen with precision and accurately fit the educational and mental health context.,"The text flows logically from introducing the mental health programme to discussing its pilot, launch, specific school impact, and the context of the transfer tests, though it trails off at the end.","The passage stays focused on primary-to-secondary school transitions in Northern Ireland and related mental health initiatives, touching briefly on test statistics.","Each paragraph introduces new details, transitioning from the overall charity initiative to specific quotes from a teacher and statistical data on test entrants.","The prose is well-constructed and well-written news journalism, though it suffers from a truncated final sentence.","The text follows standard news article formatting with lead information, supporting quotes, and context without relying on rigid repeating frames.","Quotation marks, hyphens, and commas are used correctly throughout, with the only defect being an incomplete final sentence without a terminal period.","The sentences feature complex structures, including direct speech with parenthetical dashes, subordinate clauses, and relative clauses.","The text deals with real-world institutional processes, emotional wellbeing concepts, and nuanced explanations from educators requiring moderate attention.","Aside from being cut off mid-sentence at the very end, the passage reads entirely like a genuine news report from BBC News NI.",0.48103186646433993,0.6498422712933754,5.269368026909111,0.0243531202435312,0.19298245614035087,8,0.5117480557841194,0.047619047619047616,0.09214501510574018,4.946089131504706
reddit_eli5,0dfcdf48-fa33-4964-a6bf-2d02d449e9d6,18.905472191748963,4.282226572220803,15.199006437373995,9.26839302488071,1.5021374898309254,3.69593737513857,0.8005768923054104,2.5821735668065653,19.341849917912803,24.30013422305475,22.994182812926347,20.466099482305612,+++,14.300134223054751,12.994182812926349,10.466099482305612,37.76041651828671,9.0,9.0,7.0,7.0,8.0,5.0,8.0,8.0,8.0,9.0,"Every content word, from technical terms like ""tensors"" and ""Minkowski space"" to everyday analogies like ""ruler,"" is chosen with precision for this physics explanation.","The text builds logically from a simple definition of a metric to its application in general relativity, black holes, and the event horizon.","The text focuses firmly on physics, specifically general relativity, though it brings in references to mathematics and popular culture like the movie Interstellar.","Each sentence smoothly advances the explanation by introducing new physical concepts, analogies, or real-world implications.","The prose is completely fluent, grammatically sound, and free of mechanical errors beyond space-separated punctuation tokens from tokenization.",The text is standard continuous prose organized into logical conceptual steps rather than governed by a repeating frame.,"All commas, periods, colons, and quotation marks are correctly placed to guide the reader through complex sentences.","Sentences feature varied structures, including conditional clauses, relative pronouns, and nested subordinate clauses.","The text explains abstract and demanding physical concepts like four-dimensional spacetime, metric tensor bending, and event horizons that require the reader to track a chain of logic.","The writing reads as an engaging, well-crafted educational article or high-quality blog post explaining advanced science to a general audience.",0.5198863636363636,0.644808743169399,4.812596700977923,0.017142857142857144,0.33727810650887574,9,0.46153663112253157,0.05263157894736842,0.05609756097560976,4.859727256107856
wikipedia,c5804c76-6355-4475-8b90-4baf52f168f2,20.15487168968261,4.485064478758193,17.4871214857832,11.008703287032349,2.2602450307778454,3.3401174820710047,0.8632749682943004,3.286725423219236,25.83592405166861,19.86420640367743,23.83559193045785,23.145308121960927,+++,9.864206403677429,13.835591930457849,13.145308121960928,36.84510645609621,8.0,8.0,7.0,7.0,8.0,6.0,8.0,8.0,7.0,8.0,The content words are chosen with extreme precision and fit the subject of film history and narrative plot summary perfectly.,"The text flows logically from an introductory background of the film to a detailed plot summary, cast list, and a section on its cinematic style.","The text stays focused entirely on a single subject, examining the 1938 French film from historical, narrative, and stylistic perspectives.","Each section introduces distinct information, moving systematically from production facts to plot details, cast credits, and critical analysis.","The writing consists of clean, well-formed English prose, cut off abruptly only at the very end of the sample.","The text uses clear standard encyclopedic formatting with section headers such as Plot, Cast, and Style, but remains primarily continuous prose.","Punctuation is used correctly throughout to separate clauses, mark citations, and organize lists, with only minor truncation at the end.","Sentence structure is varied and sophisticated, featuring complex relative clauses, appositives, and subordinate constructions.",The text requires the reader to follow plot motivations and thematic concepts such as poetic realism and film noir history.,"The passage reads naturally as a well-written, standard Wikipedia entry about a classic motion picture.",0.5014955134596212,0.7793240556660039,5.542224728376196,0.03396603396603397,0.3,12,0.6406884970746844,0.037037037037037035,0.20142421159715157,5.416491225129787
imdb,ea87d129-2753-4ce0-8caa-3337977133bc,24.897195982183337,4.469479162873047,19.68595528539815,11.492515134784632,1.949902563872122,6.115475235099723,0.6013244402153579,2.8976709877687803,20.433634388718176,32.56078246211451,15.545511576698424,17.260078137811576,+++,22.56078246211451,5.5455115766984235,7.260078137811576,35.36637217662451,8.0,8.0,5.0,7.0,7.0,5.0,7.0,7.0,5.0,8.0,"The text consists of carefully selected vocabulary appropriate for a film review, such as ""production values,"" ""ADR,"" and ""suspension of disbelief.""",The text flows logically from an introductory overview of the film to specific technical criticisms and concludes with a clear recommendation.,The passage stays focused almost exclusively on the single topic of evaluating a movie and its production flaws.,"Each sentence contributes a distinct criticism, moving from acting to audio post-production, sound effects, and plot holes.","The prose is grammatically sound and reads like a polished online user review, despite minor spacing issues near punctuation.",The text is written as standard continuous prose with conventional paragraph breaks and no explicit framing device.,"Punctuation is used correctly throughout to set off parenthetical remarks, quotes, and ellipses, with only minor missing spaces after periods.","Sentences feature varied structures, including complex conditional clauses, parenthetical insertions, and subordinate clauses.","The text presents a straightforward critical evaluation of a movie, requiring minimal abstract reasoning from the reader.","The text reads completely like an authentic, highly expressive user review found on movie database sites.",0.6054794520547945,0.7782805429864253,5.004445210116021,0.02203856749311295,0.2847222222222222,8,0.7065310026080033,0.05263157894736842,0.1016949152542373,4.912620308239234
wiki_csai,9be05dd7-05a8-4b0e-a617-ae611f4d915d,24.299036156244423,3.842851389367933,15.9980660414089,8.904250023324481,0.97928141582703,5.670157055213263,0.6148436311908596,2.120196989480009,12.356912239381952,30.437456942320296,19.047154692654,15.277539956217714,+++,20.437456942320296,9.047154692654,5.277539956217714,34.76215159119201,9.0,8.0,7.0,7.0,8.0,5.0,8.0,8.0,8.0,8.0,"Every technical term and content word, such as ""process variable,"" ""error signal,"" and ""block diagram,"" fits the subject matter of control theory precisely.","The passage flows logically from the core mathematical definitions of control theory to its mechanisms, historical background, and broader application domains.","The text stays focused on control theory while examining its mathematical concepts, engineering applications, history, and applications in other disciplines like life sciences and sociology.","Each sentence advances the passage by adding new concepts, key definitions, historical figures, or fields of application.","The text is well-written standard English with only minor agreement or phrasing issues, such as ""design automation that have revolutionized.""","The text is written as standard, continuous expository prose without any rigid or repeating template structures.","Sentences and clauses are accurately marked with appropriate commas, periods, and hyphens throughout the passage.","The text uses sophisticated sentence structures containing multiple relative clauses, participial phrases, and appositives.",The passage presents technical mathematical concepts and theoretical mechanisms that require active attention to follow.,"The text reads like an authoritative, well-crafted overview from a textbook or encyclopedia.",0.5072463768115942,0.72,4.664496253480549,0.04081632653061224,0.3764705882352941,6,0.4285138827349713,0.3076923076923077,0.07204610951008646,4.955644413414232
wikihow,22aa3208-6e8c-4005-9386-819f202c1c74,20.021278705130197,4.263115278831539,17.71240046984978,10.204298643819689,1.9117635988017645,2.064531414472736,0.8608380179979132,3.2140019432230176,23.05403098598098,11.497246027106872,25.3018185174888,22.167979017271477,+++,1.497246027106872,15.3018185174888,12.167979017271476,28.96704356186715,8.0,7.0,5.0,7.0,7.0,5.0,7.0,7.0,6.0,7.0,"The content words are natural and fully appropriate for an advice article about talking to parents, despite a few stray formatting artifacts.","The text moves logically through distinct phases of advice, from picking the right time to remaining honest and negotiating compromises.",The passage stays focused on the single domain of family communication and personal relationships.,The text steadily introduces new actionable strategy points across each paragraph without repeating previous advice.,"The prose is grammatical and fluent throughout, though interrupted by occasional stray punctuation artifacts like misplaced semicolons and commas.",The passage follows standard instructional prose structure with advice paragraphs that introduce a main recommendation followed by practical examples.,"Sentence boundaries and internal punctuation are used correctly, despite a few random stray punctuation marks inserted between paragraphs.","The writing uses varied sentence structures including conditional clauses, direct speech examples, and compound-complex constructions.","The content involves practical interpersonal strategy and negotiation tactics, requiring the reader to consider practical trade-offs and emotional dynamics.","The text reads as a genuine, well-written online advice guide for teenagers, with only minor formatting glitches.",0.37459978655282816,0.6381766381766382,5.165205689340283,0.05454545454545454,0.2098976109215017,9,0.5194264041077511,0.08333333333333333,0.06168831168831169,4.375581699257472
arxiv,870d0462-07c0-45a8-a29e-edbc2871e663,21.23783656105051,3.982904293076691,16.141061088751524,9.104481755435062,1.2222225501588664,2.4403876434735174,0.8518201095695184,2.05222703563596,15.505992867384265,12.982547015683451,27.20527649995608,14.566336915453531,+++,2.9825470156834513,17.20527649995608,4.566336915453531,24.754160431093062,8.0,8.0,6.0,7.0,8.0,5.0,8.0,9.0,8.0,8.0,"The technical terminology, such as ""disruption-tolerant networking,"" ""packet degradation,"" and ""signal power,"" fits precisely into the domain of network engineering and space communications.","The text forms a continuous, logically structured argument that defines a problem, explains the physical constraints, and moves to a recommended course of action based on user priorities.",The passage stays tightly focused on the single subject of routing protocols in space-based disruption-tolerant networking.,"Each sentence builds on the previous one by adding technical context, physical constraints, optimization goals, and specific user trade-offs.","The text is composed of highly grammatical, error-free sentences, though it relies heavily on long parenthetical interruptions.","The text follows standard academic prose structure without relying on repeating phrasal frames, bullet points, or formal template elements.",Punctuation is used correctly to manage extremely long sentences and complex embedded parenthetical thoughts.,"The text features high syntactic complexity, utilizing multiple embedded clauses, heavy subordination, and multi-part parenthetical structures within single sentences.","The passage presents a dense argument balancing trade-offs between data integrity, signal degradation, transmission speed, and operational constraints.",The passage reads naturally as an excerpt from a formal technical report or engineering feasibility study.,0.5338078291814946,0.7266666666666667,4.601972119297793,0.02867383512544803,0.33587786259541985,7,0.47889176657317606,0.14285714285714285,0.018115942028985508,4.99866465181513
wikipedia,a769a153-4b2d-4553-8c9e-00ef63a8e34a,18.63936358091001,4.740367243328971,16.007947602808642,10.68137597145865,1.9329177152041463,1.8246093732984043,1.118577732865079,1.8075515402446791,22.094381187933916,10.851240230870877,30.88466984713883,12.728881168391268,+++,0.8512402308708769,20.88466984713883,2.7288811683912684,24.464791246400974,8.0,7.0,7.0,7.0,8.0,5.0,8.0,8.0,7.0,8.0,"The text consists of a clear, coherent encyclopedia entry where content words precisely fit their syntax and subject matter.",The narrative progresses logically through the broadcast background and legal/historical challenges regarding station ownership.,The text stays strictly within the television broadcasting domain while touching upon related administrative law and finance details.,"Every sentence provides new, specific details regarding dates, ownership entities, legal rulings, and network operations.","The prose is standard, publication-grade writing with no structural errors, though it cuts off abruptly at the end.",It follows the conventional continuous prose structure of a Wikipedia article without using an explicit repeating frame.,"Punctuation is used correctly throughout to structure complex sentences, parentheticals, and nested clauses.","Sentences feature complex multi-level subordination, relative clauses, and participial phrases.","The reader must track detailed legal regulations, corporate transactions, and federal agency proceedings across multiple paragraphs.","The passage is an entirely authentic and well-written excerpt from a reference work, despite being cut off mid-sentence.",0.37720488466757124,0.6636690647482014,5.5407602188774465,0.06385869565217392,0.22004357298474944,14,0.5176419009564563,0.022727272727272728,0.23244717109747784,5.502604592517001
cnn,a31907c5-c035-4dca-ba29-cb4c6fe3b03f,19.289596653544113,4.243311218224014,17.38994149072922,10.304936190767522,1.791530181863397,1.8281155727546976,0.845596710788493,2.5652214669431572,21.04363611919419,10.469418741150967,24.887220775553637,17.303675636553635,+++,0.4694187411509674,14.887220775553637,7.303675636553635,22.66031515325824,8.0,6.0,6.0,7.0,6.0,6.0,8.0,7.0,4.0,7.0,"The content words are natural, precise, and standard for news writing about a violent public incident.","The narrative flows chronologically and logically from the cause of the brawl to the police arrests and official responses, though interrupted by news photo captions.","The text remains focused on a single news event, touching on the local venue, police response, and eyewitness statements.","Each sentence advances the story by adding new details about the cause, the witnesses, the arrests, or the fallout.","The text is clear standard news reporting, though degraded slightly by embedded image captions and stray formatting like ""Scroll down for video"".",The text uses a standard online news article layout containing interspersed photo captions and headlines within prose paragraphs.,"All standard punctuation marks, direct quotes, and time/monetary expressions are formatted correctly throughout.","The prose features varied sentence structures, including introductory participial phrases, compound clauses, and reported speech.",The content consists of a straightforward news report describing a physical altercation and its aftermath without abstract concepts.,"The text is instantly recognizable as a scraped tabloid or online news article, complete with embedded image captions and quotes.",0.5721784776902887,0.7522935779816514,4.9933264796274415,0.05804749340369393,0.294478527607362,5,0.4714311364337238,0.047619047619047616,0.14948453608247422,5.246240407717163
wiki_csai,d6fc5501-4911-47b4-ad9d-c780db7d2769,20.699121548157617,3.979826767468892,16.335916779170514,9.344284001947823,1.419315394450372,2.070242447126457,0.7518190092918187,2.458047727241622,17.909413459475694,11.113081124735324,23.290495736490648,17.711996834989424,+++,1.1130811247353236,13.290495736490648,7.711996834989424,22.115573696215396,8.0,8.0,7.0,7.0,8.0,5.0,8.0,7.0,7.0,8.0,"The terminology throughout is highly precise and appropriate for healthcare informatics, with exact terms like ""stratify,"" ""chronically ill,"" and ""analytics.""","The text logically progresses from defining an electronic health record to discussing data sharing, clinical uses, quality improvement, and population-level benefits.","The content stays focused on health informatics, touching on clinical care, data analytics, administrative billing, and population health studies.","Each sentence introduces new dimensions of EHR utility, shifting seamlessly from patient-level advantages to broader research applications.","The prose is grammatically correct, well-structured, and clear, with only minor minor phrasing flaws like ""increasing of quality care.""",The passage is written as continuous explanatory prose without structural repetition or rigid templates.,"Punctuation is used correctly throughout, including appropriate capitalization, quotation marks around cited phrases, and precise comma placement.","The text features well-constructed sentences with varied compound structures, participial phrases, and subordinate clauses.","The passage addresses abstract concepts of healthcare informatics, population-based data stratification, and systemic healthcare delivery.",The text is a completely natural informational or academic entry detailing electronic health record systems.,0.5626822157434402,0.7512953367875648,4.879620347423451,0.011730205278592375,0.23333333333333334,8,0.4292836402872761,0.07142857142857142,0.050445103857566766,5.362178575637646
reddit_eli5,3ee64e7a-fa59-4ab0-94fb-d542938f5c7e,17.3682954211723,4.226225148750936,14.626923089458046,8.978288693922758,1.2120331588729734,2.1587606045619054,0.7445754688355439,2.010090218890616,15.606403284091831,14.19346896924365,21.385708996823535,15.931812995476523,+++,4.19346896924365,11.385708996823537,5.931812995476523,21.51099096154371,8.0,8.0,6.0,7.0,7.0,5.0,7.0,7.0,6.0,8.0,"The content words are natural, precise, and entirely appropriate for an informal explanation of American political history.","The text presents a smooth, chronological, and logical explanation for why the US has a two-party system, concluding with modern context.","The text stays strictly within the domain of American history, politics, and election mechanics.","Each sentence advances the explanation by adding historical progression, economic factors, legal rules, or media influences.",The writing is well-formed informal prose with minor typographical artifacts like spaced punctuation and a casual closing remark.,"The text is written as standard, free-flowing continuous prose without any explicit repeating structural frame.","Sentence boundaries and internal punctuation are well-marked, despite unusual spacing around some marks.",Sentences feature a comfortable mix of simple statements and complex conditional structures with subordinate clauses.,"The passage offers an accessible, multi-faceted explanation of political dynamics without deep abstract theory.","The text is a completely authentic sample of an informal online explanation, such as an answer on Reddit's ""Explain Like I'm Five.""",0.5131964809384164,0.6457142857142857,4.839458759638538,0.017699115044247787,0.25301204819277107,11,0.479596184305088,0.10526315789473684,0.06,4.391357107078386
xsum,76136b55-6fc5-43fa-b998-384c79a14fe7,20.870785210300863,4.146185953993888,18.857477106767128,9.88845518162759,0.8627991196150244,3.0615470846224966,0.407759569198856,3.277823893249405,9.559406138312731,17.190780779151808,10.9072515338887,21.039132568145952,+++,7.190780779151808,0.9072515338887008,11.039132568145952,19.13716488118646,8.0,7.0,6.0,7.0,7.0,5.0,6.0,8.0,7.0,7.0,Every content word fits the context of an arts journalism profile seamlessly and precisely.,"The passage builds a focused, logical profile of the Tate director's vision, comparing her with her predecessor, though it cuts off abruptly at the end.","The text stays strictly within the domain of art museum leadership, public culture policy, and audience demographics.","Each sentence moves the analysis forward, transitioning from historical background to audience targets, specific quotes, and critical appraisal.","The writing is clear, professional journalism, marred only by missing percentage symbols (""50 of the British population"") and an incomplete final sentence.",The text is standard unstructured journalistic prose following standard paragraphing conventions without any explicit repeating frames.,"Sentence boundaries and quotation marks are correctly placed throughout, though it omits percent signs after numbers and ends without a terminal mark due to being truncated.","The text employs sophisticated sentence structures with varied clauses, appositives, and nested subordination.","The text discusses institutional strategy, demographic engagement, and critical evaluation of leadership claims, requiring the reader to weigh competing ideas.","Aside from minor typographical omissions of percent signs and a truncated final line, it reads like a published profile from a high-quality newspaper.",0.5417607223476298,0.775,4.984533168528026,0.013605442176870748,0.3497536945812808,8,0.5144078877490735,0.058823529411764705,0.10619469026548672,4.739723103769062
eli5,6a2b6fbe-8bab-4b44-82dc-bb032b45daac,22.227370699945876,4.084301367687046,17.499550410040126,10.22799658689751,1.4880856748999989,3.6355707514400386,0.4139773719344712,2.26897799859484,17.02632543836647,19.55470025231321,11.279041643558992,14.897522806757916,+++,9.55470025231321,1.2790416435589922,4.897522806757916,15.73126470263012,8.0,6.0,6.0,7.0,5.0,5.0,5.0,7.0,7.0,5.0,"The content words are highly relevant and accurate to avian biology, despite minor syntactic disruptions from copy-pasting.","The text logically moves through physical, metabolic, and behavioral adaptations for bird thermoregulation, though it cuts off mid-sentence at the end.","The text stays strictly within the domain of bird physiology and behavior, with a brief illustrative mention of human engineering.","Each sentence introduces distinct biological mechanisms such as counter-current heat exchange, feather fluffing, huddling, and lowered metabolic rates.","The text contains several visible artifacts of web-scraping, missing words, and punctuation errors (e.g., ""[counter-current heat exchange] (URL1)"" and ""muscles contract which erect feathers create"").",The passage is organized as standard informative prose without any rigid repeating frames or template elements.,"Punctuation is inconsistent, featuring misplaced commas (""to, behavioural""), missing relative clauses/commas (""legs feet) carries heat can""), and quotation marks around copied excerpts.","The text includes complex constructions with subordinate clauses and technical descriptions, though broken in places by editing errors.",The content presents detailed physiological concepts requiring the reader to understand physical mechanisms like counter-current heat exchange.,"The text is clearly a human-written informational piece, though damaged by raw web-scraping markers like URL placeholders and unedited copy-pasted quotes.",0.4877675840978593,0.6614420062695925,5.285370923623285,0.018404907975460124,0.21492537313432836,10,0.6848601755449238,0.06060606060606061,0.049079754601226995,5.2571893050960705
cnn,56e91f5d-9df9-4752-b91d-bbb4fc13ef88,20.490136650830134,3.827096793255672,17.118010769094955,9.736748928965024,1.2233429200608992,3.028655570040719,0.429382285820151,2.293290745308891,14.369606227888244,17.344780525935757,12.6373856567553,15.469369685426344,+++,7.344780525935757,2.637385656755299,5.469369685426344,15.4515358681174,8.0,7.0,7.0,7.0,6.0,6.0,8.0,8.0,5.0,7.0,"The content words fit the sports reporting context precisely, with natural choices such as ""concourse"", ""debacle"", ""modernization"", and ""attendance"".","The narrative focuses consistently on the bathroom shortages during Opening Day at Wrigley Field, though the flow is slightly interrupted by image caption inserts.","The text stays strictly within the single domain of sports news and stadium event management, bringing in fan reactions and official statements.","The piece steadily introduces fresh details, moving from initial social media reports to official spokesman quotes, individual fan tweets, and detailed eyewitness accounts.","The text is clear and readable, though it features some ungrammatical sentence fragments functioning as photo captions and cuts off abruptly at the end.","The article follows standard online news formatting with embedded picture captions (""Scroll down for video"", ""Busting: The line..."") interrupting continuous paragraphs.","Quotation marks, capitalization, and standard sentence boundary markers are correctly applied throughout the main text and dialogue quotes.","Sentences feature complex structures with subordinate clauses, embedded quotes, and participial phrases (""showing the intense queues..."", ""published after the Cubs had lost..."").",The content is straightforward journalism detailing a concrete public event and personal reactions without abstract theoretical arguments.,"The writing strongly resembles a standard tabloid or online news article covering a local event, complete with inline image captions and tweets.",0.5206073752711496,0.7125,5.0191762207120805,0.07625272331154684,0.248868778280543,5,0.6410648041936193,0.1,0.13260869565217392,5.129915962694404
cnn,e815de59-4405-4575-baba-cb4ab89e2414,19.86005944798216,3.85733816690941,17.241230562667162,9.77509227273549,1.2616862638313648,2.3985783671927443,0.4596236594738885,2.4165105388810986,14.81999404834885,13.736397022080713,13.527436118251051,16.300547565173844,+++,3.736397022080713,3.5274361182510514,6.300547565173844,13.564380705505608,9.0,8.0,7.0,7.0,9.0,5.0,8.0,7.0,6.0,8.0,"Every content word is precisely chosen and fits the journalistic context perfectly, with appropriate domain terminology throughout.","The narrative advances logically from the headline announcement about expanding the search area to details regarding the timeline, official statements, and background facts about the disappearance.","The passage stays focused on a single news event while bringing in related geographic, governmental, and technical dimensions.","The text continuously provides new facts, timelines, and background information with every passing sentence.","The prose is clean, well-formed, and completely free of mechanical or grammatical errors, reading like publication-ready journalism.",The text follows standard continuous prose layout with standard news report structure.,"Punctuation is used correctly throughout, including appropriate quotation marks, commas, and hyphens.","The writing features standard news reporting syntax with moderate clause embedding, relative clauses, and temporal conditions.",The content presents clear factual reporting about a real-world search effort and requires basic tracking of facts and geography.,"The text is an entirely natural, authentic example of standard professional wire news writing.",0.6052631578947368,0.7445652173913043,4.835774603497863,0.026490066225165563,0.275,7,0.45578716028851773,0.0625,0.14838709677419354,4.999111750150327
wikipedia,1f7df427-47ca-4186-b22c-f12d76425f8b,18.58365023975118,4.345561145370638,15.957746407547472,10.488053770875846,1.7395955146213424,1.7688960321395726,0.723771634906746,1.757350344983509,19.884595247141515,10.519904188304094,19.983812775857388,12.37536148457404,+++,0.5199041883040945,9.983812775857388,2.3753614845740394,12.87907844873552,8.0,7.0,7.0,7.0,7.0,6.0,8.0,7.0,6.0,7.0,"The content words are precisely chosen and fit the domain of art history, artistic techniques, and biographical narrative seamlessly.","The text forms a logical biographical overview detailing the subject's career, artistic style, media appearances, and influence, though it cuts off abruptly at the end.","The passage primarily focuses on a single artist's life and career while incorporating related areas such as dance adaptations, literary references, and film costume design.","Each sentence introduces new biographical facts, specific achievements, or cultural impacts without repeating previous points.","The prose is cleanly written and well-constructed, marred only by an incomplete sentence at the very end.",The text is structured as standard reference prose featuring section headings and a brief bulleted list of cover illustrations.,"Sentence boundaries, commas, and parenthetical publication dates are correctly punctuated throughout the text.","Sentences feature varied structures with relative clauses, participial phrases, and compound constructions.","The text presents a factual biographical entry with moderate abstract detail regarding artistic style, esoteric traditions, and philosophy.","The writing reads as an authentic, informative article from an online encyclopedia or biographical database, despite being truncated at the final heading.",0.5360824742268041,0.7435897435897436,5.288575330629334,0.07413793103448275,0.35555555555555557,14,0.4956640525894406,0.06896551724137931,0.34094616639477976,5.9854612852346145
wiki_csai,9a082163-a552-4fda-a85b-451ee8d57b56,21.15954543752231,3.78983186466801,15.332186433560242,8.472557850200152,0.5475892427027009,2.5306663364911515,0.5618241064909366,1.4543173816313502,6.909670811625067,13.584640937151566,17.40467026659846,10.47939979970638,+++,3.5846409371515655,7.404670266598458,0.4793997997063801,11.468711003456404,8.0,8.0,7.0,7.0,8.0,5.0,8.0,7.0,7.0,8.0,The content words fit the subject of radar technology precisely and naturally throughout the passage.,"The passage develops a clear, continuous explanation of imaging radar, defining its mechanics, processing, history, and applications in a logical sequence.","The text stays focused on the single subject of imaging radar while bringing in related technical fields such as radio signal processing, digital imagery, and space exploration.","Each sentence steadily advances the description by introducing new technical mechanics, applications, or components.","The text consists of clean, well-formed prose with only tiny grammatical inconsistencies like ""darker areas represents"".","The text is written as standard, continuous expository prose without explicit templates or structural repetition.","All sentence boundaries are appropriately marked, and commas and parentheses are used correctly to set off clauses and examples.","The text relies on compound and complex sentences containing participial phrases, relative clauses, and multiple sub-clauses.","Understanding the text requires holding in mind technical concepts like electromagnetic backscatter, relative motion, and the Doppler effect.",The text reads exactly like a standard reference work or encyclopedia entry written by a knowledgeable author.,0.5015105740181269,0.6927710843373494,4.605445952287522,0.05167173252279635,0.3878787878787879,6,0.615515124890631,0.25,0.04892966360856269,4.896756186597151
cnn,0ef1ea30-4b35-4d4d-88dd-e12c66654fb9,19.923126156495485,3.859098852075996,16.812552537128305,9.776263988075332,1.262857979171207,2.4616450757060697,0.4613843446404746,1.9878325133422408,14.833757227722849,14.097573191625171,13.57925580947976,13.408904250149684,+++,4.097573191625171,3.5792558094797595,3.408904250149684,11.085733251254617,8.0,7.0,7.0,7.0,8.0,6.0,8.0,7.0,5.0,8.0,"The content words precisely fit the context of a professional sports match report detailing specific players, tactical moments, and refereeing decisions.","The text outlines the manager's complaints about a pivotal refereeing decision, interspersed with match captions and quotes that sequentially build on the game's narrative.","The passage focuses strictly on a single English Premier League football match, covering the penalty incident, post-match reaction, and tactical summary.","Each paragraph introduces new details of the incident, direct quotes from the manager, or context regarding specific player actions and scoring updates.","The prose is fully grammatical and clear, with only slight structural awkwardness typical of standard online news reports with image captions embedded.",The text follows standard online sports journalism formatting with news prose interspersed with distinct image captions.,"Quotation marks, full stops, and apostrophes are used appropriately and consistently throughout the article and quotes.","The text displays varied sentence construction, combining direct speech, complex subordinate clauses, and passive voice structures.",The content involves basic reporting of concrete sports events and subjective post-match opinions without deep intellectual abstraction.,"The text is an authentic, well-written article from a mainstream sports journalism news website.",0.5670103092783505,0.6681818181818182,5.046054165815991,0.025906735751295335,0.20238095238095238,5,0.7387374840553679,0.10526315789473684,0.12307692307692308,5.173545607996069
finance,8026145a-1311-419c-8358-b0ecceea4b3f,18.88118601151846,3.8586550976437897,19.0935850796913,9.830151383648186,1.8449759489536195,1.652042534931084,0.5529088906077311,5.070983852809501,23.10501458662304,9.58865156109495,16.72569084193159,36.16293275949582,0++,0.0,6.725690841931591,26.162932759495817,32.88862360142741,8.0,8.0,7.0,7.0,8.0,5.0,8.0,8.0,7.0,8.0,"Every content word fits precisely within financial and legal terminology, such as ""up-front transfer,"" ""gift allowance,"" and ""mortgage lien.""","The text forms a single, continuous explanation that logically moves from defining a financial technique to outlining its history, personal application, and final advice.","The text stays focused on personal finance and loan structuring, bringing in related legal, historical, and web-search contexts.","Each sentence provides new details, moving systematically from mechanics to history, personal experience, practical advice, and edge-case warnings.","The writing is clear, grammatically correct, and free of defects or awkward constructions throughout.","The text is formatted as standard continuous prose, using standard paragraph breaks and an optional note label without any rigid frame.","Punctuation marks are used accurately throughout to structure complex sentences, parenthetical asides, and quotes.","Sentences feature varied structures with well-integrated subordinate clauses, parenthetical notes, and conditional phrases.","The text presents a multi-step financial and tax-avoidance concept requiring the reader to track relationships between loans, interest, and gift tax rules.","The tone and style perfectly match an informative, well-written online forum answer regarding financial advice.",0.5655526992287918,0.740909090909091,4.990516403136887,0.00516795865633075,0.24260355029585798,9,0.710425161920049,0.07142857142857142,0.05167958656330749,4.573179503813836
eli5,c7e45e24-dc16-40b2-9030-8200e20e46f4,18.427517954756063,4.483761781629672,19.006348829265605,10.773114283109576,2.033203371112066,-0.1642819937497712,0.8134377858770976,3.7757764178203193,23.263433593139183,-0.8836260835679745,22.162560766254852,24.790771586384665,0++,-0.0,12.162560766254852,14.790771586384665,26.953332352639517,8.0,8.0,7.0,7.0,7.0,5.0,7.0,7.0,7.0,7.0,"The content words are precisely chosen and accurately reflect the technical concepts of telecommunications, internet routing, and economic infrastructure.","The text forms a continuous, well-argued narrative explaining why internet-based calls feel free compared to traditional telecommunications pricing models.","The passage stays focused on a single unified subject, examining telecommunications economics through historical, technical, and regulatory perspectives.","Every sentence builds logically on the last, systematically introducing new historical contexts, market dynamics, and regional infrastructure comparisons.","The text contains minor typographic artifacts at the end, such as stray quotes and brackets, but the main prose remains clean and grammatically sound throughout.",The content is written as standard descriptive prose across standard paragraphs without any repeating rigid format or template.,"Punctuation is generally accurate and supports the sentence structure, though it suffers from minor stray quotation marks and bracket anomalies near the conclusion.","Sentences feature varied structures, combining direct declarative statements with complex subordinate clauses and parenthetical explanations.","The text presents a multi-layered economic and technical explanation requiring the reader to connect historical monopolies, modern ISP infrastructure, and regulatory concepts like net neutrality.","Aside from minor copy-paste formatting artifacts at the end, the prose reads naturally as an informative forum response or article explaining internet infrastructure economics.",0.604221635883905,0.7205240174672489,5.15932703527162,0.0,0.23333333333333334,8,0.7545667354580688,0.05263157894736842,0.05555555555555555,4.988618786181375
wp,95930556-8f29-4a91-9e62-c0a7e9925089,16.656244517190554,4.729953696903463,18.05395946098426,10.997099712861866,2.1637660716525016,0.3778568731559062,0.8758088283793515,3.3989760984525077,24.495464108341572,2.321218055612375,22.723817039984013,23.19331257067569,0++,0.0,12.723817039984011,13.19331257067569,25.917129610659703,8.0,7.0,7.0,7.0,7.0,5.0,7.0,8.0,7.0,7.0,"Every content word fits the medieval combat context precisely, with vivid domain-specific vocabulary like ""disembowelment,"" ""unencumberment,"" and ""mercantiles.""",The text opens with a Meta-note addressing a writing prompt and then seamlessly transitions into a single narrative that progresses logically from the battlefield to the village approach.,"The text stays focused on the singular topic of medieval warfare, battlefield aftermath, and military culture, covering related aspects like religious rites and economic motivations.","Each sentence moves the story forward by introducing new narrative actions, backstory details, or cultural worldbuilding.","The prose is well-constructed overall, though it contains minor typographical issues such as misdirected quotation marks and a slight agreement flaw in ""bring the gods' love.""","The text is written in standard continuous prose preceded by a brief meta-commentary, with no repeating structural frame governing the text.","Punctuation is generally accurate and supports the complex narrative, marred only by minor errors like mismatched quotation marks in dialogue.","The writing features sophisticated clause structures, subordinate clauses, participial phrases, and varied sentence lengths.","The text presents a nuanced depiction of war crimes by embedding moral rationalizations, cultural traditions, and socioeconomic motivations into the narrative.","Aside from the introductory meta-note typical of online forum feedback, the narrative itself is a natural and competent piece of fiction.",0.6335227272727273,0.820627802690583,4.967857153771602,0.0,0.35658914728682173,10,0.6288129081670355,0.0625,0.09014084507042254,5.3713770120326725
wikipedia,35c76a7f-1031-483e-a5e9-2f725c47244b,18.252944028405732,4.676916841843104,16.17442771048551,10.7231115389769,1.9746532827223968,1.4381898207941255,1.0551273313792118,1.9740316479215476,22.571443160406748,8.553142097926676,29.132762363212738,13.901243593660196,0++,0.0,19.132762363212738,3.901243593660196,23.03400595687293,8.0,7.0,7.0,7.0,7.0,6.0,7.0,7.0,6.0,7.0,"The content words fit their precise locations throughout the text, appropriate for an encyclopedic entry on military and local history.","The text moves logically and chronologically through the establishment of the air base, its operational history, WWII events, and postwar discoveries, despite cutting off abruptly in the final line.","The text covers military aviation history, geography, World War II operations, local Holocaust history, and physics laureates as they relate to the base.","Each section introduces distinct historical events, specific aircraft types, unit redesignations, and localized historical revelations without repetition.","The text is composed of clear, well-formed English, with only minor awkwardness in phrases like ""1995 the publication"" and a truncated final sentence.","The prose uses standard Wikipedia-style biographical/historical headings (""History"", ""World War II"", ""USAF use"") to organize continuous text.","Sentences and dates are punctuated properly throughout, though the text ends mid-sentence on an unpunctuated fragment.","Sentences feature varied structures, including complex relative clauses and subordinate time clauses, alongside simpler declarative statements.","The content involves moderate informational density, tracking historical dates, military units, and specialized historical designations without deep abstract argument.","The prose reads naturally as an informational online encyclopedia article, despite the slight abruptness of the trailing end.",0.4171011470281543,0.6675,5.249126677871831,0.06792058516196448,0.2880143112701252,14,0.594170073589533,0.05660377358490566,0.28846153846153844,5.363085079779026
reddit_eli5,a512d4e4-400b-4a14-a6fd-bb6bfd407aa4,15.465276570535025,4.179448240487817,15.460967924535074,9.188476516659687,1.422220981609902,0.2557417539246316,0.6977985605724246,2.844135053967644,18.31282752919081,1.6814567770036926,20.042181859875743,22.54238510682382,0++,0.0,10.042181859875743,12.54238510682382,22.58456696669956,8.0,8.0,7.0,7.0,8.0,5.0,7.0,7.0,7.0,8.0,"The content words precisely describe civil engineering, legal procedures, and environmental mitigation related to rainwater collection pipelines.","The passage builds a logical sequence of arguments, moving step-by-step from initial drainage problems to land acquisition, legal battles, operational costs, and finally environmental concerns.","The text stays focused on the single subject of infrastructure challenges in collecting and transporting floodwater, bringing in related legal and environmental aspects.","Each sentence advances the argument by introducing a new practical barrier, such as eminent domain, operating costs, or water contamination.","The text is well-written, clear, and grammatical, with only minor informal punctuation quirks like spaced quotation marks and multiple commas.",The text is written in standard continuous prose structured around a clear sequence of logical points.,"Sentence boundaries and internal clauses are properly punctuated, with minor artifacts like odd spaces before single quotes and punctuation.","The writing uses a healthy mix of conditional structures, relative clauses, and minor sentence fragments for emphasis.","The text requires tracking multi-layered practical dependencies, including legal costs, infrastructural maintenance, and chemical contamination risks.","The passage reads like an authentic, highly convincing online comment or essay explaining a complex engineering problem.",0.6182572614107884,0.7919463087248322,4.6460316099572,0.008368200836820083,0.3804347826086957,4,0.42417835013974103,0.125,0.05818181818181818,4.793354991434811
reddit_eli5,a3bf4429-f87d-46f6-980c-9be60f9a867f,15.934509978501174,4.134000993699796,15.582910975960177,9.31414733471277,1.5478917996629846,0.7249751618907805,0.6523513137844033,2.9660781053927447,19.930992389797307,4.766583400690417,18.73684528192555,23.508895899794464,0++,0.0,8.73684528192555,13.508895899794464,22.245741181720017,8.0,8.0,7.0,7.0,7.0,5.0,7.0,7.0,6.0,8.0,"The content words throughout the passage are precisely chosen to explain the specific lore, terminology, and premise of Doctor Who.","The text flows logically from addressing the viewer's starting point to explaining the main character, his backstory, his ship, his companions, and the nature of the show itself.","The passage stays focused on a single topic, providing introductory advice and context about the television show Doctor Who.","Each sentence advances the explanation by introducing a distinct aspect of the show's premise, lore, or production format.",The prose is fully clear and well-formed with only minor spacing glitches around punctuation like hyphens and quotes.,The text is written in standard continuous prose structured as an informal introductory guide without any repetitive structural template.,"Sentence boundaries are clearly defined and punctuation is correctly applied, despite detached spaces around some punctuation marks.","Sentences feature moderate variety including subordinate clauses, participial phrases, and parenthetical interruptions.","The content involves moderate abstraction, asking the reader to follow connected concepts regarding narrative premises, character dynamics, and television production context.","The text reads as an entirely natural, genuine forum post written by a fan offering advice to a new viewer.",0.5158150851581509,0.6981132075471698,4.921007204547777,0.019559902200488997,0.2964824120603015,10,0.5469833150636532,0.09090909090909091,0.09030837004405286,4.532333037356723
finance,cc6752ca-65b6-4fc4-8696-f8d3716a4d84,17.611249886698236,3.9453879874968423,17.164066887259843,9.941217066958526,1.956041632263959,0.3821064101108611,0.6396417804607837,3.141465660378042,24.495913061160916,2.2177910969869408,19.34939164716726,22.40287382882818,0++,0.0,9.34939164716726,12.40287382882818,21.75226547599544,8.0,8.0,7.0,7.0,7.0,7.0,8.0,7.0,6.0,8.0,"The content words fit the subject of personal finance naturally, with only a minor typo in the word ""thin"" instead of ""thing.""",The text forms a unified personal advice post that starts with a general disclaimer and systematically lays out numbered tips.,"The text remains focused on personal finance and investing, bringing in related subtopics like index funds, financial planners, algorithmic trading, and stock apps.","The text progresses steadily from general mindset advice to specific book recommendations, warning against financial planners, and suggesting specific trading tools.","The writing is clear and well-formed overall, with minor errors such as a missing word in ""They mantra"" and a typo in ""thin"".",The text uses standard informal forum prose that transitions into a explicit numbered list for its core recommendations.,"Sentences are well-demarcated with proper periods and parentheses, though there is occasional misuse of hyphenation in phrases like ""sure fire"".","The prose features complex structures with conditional clauses, parenthetical insertions, and subordinate clauses throughout.","The advice covers foundational concepts in investing, requiring the reader to understand risk tolerance, inflation, index funds, and algorithmic trading.","The style, tone, and formatting are entirely characteristic of an authentic, helpful reply on a forum like Reddit or online discussion board.",0.5492610837438424,0.7443946188340808,4.987794698472868,0.01485148514851485,0.2459016393442623,9,0.5694782213192381,0.058823529411764705,0.072992700729927,4.367258299517913
arxiv,dc12cc52-6173-4721-b8be-42699b3cf392,20.62289019865689,3.58947722831057,17.349607936750072,9.035598732779173,1.1533395275029772,1.8254412810798932,0.4583930448033975,3.260773883634508,14.632093381691371,9.71111180609711,14.640074106533438,23.144384207672815,0++,0.0,4.640074106533438,13.144384207672816,17.784458314206255,9.0,8.0,7.0,7.0,9.0,5.0,9.0,8.0,8.0,9.0,"Every technical term and content word, such as ""ergodic theory"" and ""curriculum learning,"" fits the scientific context precisely.",The text logically moves from stating a general scientific problem to describing the proposed methodology and its specific results.,"The passage stays focused on machine learning applications for physics and dynamical systems, incorporating related mathematical metrics like entropy.","Each sentence advances the abstract by introducing new aspects of the research, moving from the overarching problem to curriculum learning, entropy metrics, and findings.","The text is written in clear, flawless, and publishable academic English.","The text follows standard academic abstract conventions, moving smoothly through context, methodology, and contributions without relying on explicit repeating frames or list structures.","Commas, colons, and semicolons are used correctly throughout the text to set off clauses and structure complex thoughts.",The text features sophisticated sentence structures with multiple embedded subordinate clauses and introductory participial phrases.,"The concepts require tracking abstract mathematical and computational ideas across the text, such as using ergodic theory and dataset entropy for curriculum learning.",The prose reads exactly like a well-crafted abstract for a high-level scientific journal or conference paper.,0.5608108108108109,0.7349397590361446,4.646627819602575,0.027210884353741496,0.36153846153846153,5,0.48062478884517357,0.1,0.030821917808219176,4.837695457260602
wikihow,1ae0e115-66ad-4760-80fb-964884ee3566,19.67661978843303,4.068384479805945,17.048692237898287,10.18850618385984,1.8959711388419151,1.7198724977755688,0.6661072189723192,2.550293711271525,22.863589102116567,9.577862125789254,19.578275605001977,17.590175263756418,0++,0.0,9.578275605001975,7.590175263756418,17.168450868758395,8.0,7.0,7.0,7.0,7.0,6.0,6.0,7.0,5.0,7.0,"The content words throughout the text are natural, precise, and entirely appropriate for an instructional advice article about making friends.","The text progresses logically through various methods of finding friends outside of school, though it cuts off abruptly at the end.","The text focuses consistently on a single domain—social advice for young people—while bringing in related areas such as hobbies, volunteering, summer camps, and online safety.","Each section introduces a distinct new avenue for making friends, moving smoothly from neighborhood groups to community activities, summer camps, jobs, and online interactions.","The writing consists of clear, grammatically sound prose despite containing stray comma artifacts inserted between paragraphs.",The text is structured as a standard advice guide divided into bulleted lists and thematic paragraphs.,"Standard punctuation within sentences is used correctly, though there are stray, misplaced commas floating between major sections.","Sentences feature a good mix of compound structures, conditional clauses, and introductory phrases.",The text offers straightforward practical advice that requires little abstract processing from the reader.,"The passage reads as an authentic, published self-help or instructional guide, marred only slightly by minor formatting glitches and a truncated final sentence.",0.369281045751634,0.5899705014749262,5.218548241945941,0.06222707423580786,0.19689119170984457,13,0.5101123294930708,0.06818181818181818,0.07023411371237458,4.544848912097897
wikihow,2f37304d-d7c5-44c1-9097-adf5217d1d51,18.07049373048219,3.9893954897518222,17.310235996427263,9.696139885531158,1.4036048405132338,0.1137464398247303,0.5871182289181962,2.8118374698005013,16.926124917090416,0.6334467929161666,17.25662501633804,19.39412456235407,0++,0.0,7.256625016338042,9.394124562354069,16.65074957869211,8.0,7.0,5.0,7.0,7.0,5.0,5.0,7.0,6.0,7.0,The content words are natural and well-chosen for an instructional guide on camping and choosing tents for rainy weather.,"The text moves logically from checking weather forecasts to evaluating tent features and pitching strategies in rainy conditions, though it cuts off abruptly at the end.",The passage stays focused tightly on the topic of camping and choosing outdoor gear suitable for wet environments.,"Each paragraph introduces new practical advice, covering weather checks, tent specs like bathtub floors and flies, and pitching techniques.","Aside from a few stray punctuation marks like isolated commas and semicolons, the prose is well-formed and clearly readable.",The text is standard continuous instructional prose structured into topical paragraphs without rigid list structures or repeating frames.,"The text features several stray punctuation marks like random semi-colons and leading commas scattered between paragraphs, despite normal sentence-internal punctuation.","Sentences feature moderate complexity with conditional clauses, relative clauses, and parenthetical explanations.","The content provides detailed, practical procedural advice that requires the reader to understand physical mechanisms like water runoff and tent construction.","Except for a few formatting glitches involving floating commas, the writing reads like an authentic online camping advice article.",0.3832236842105263,0.6824034334763949,5.34968102885441,0.044481054365733116,0.224,12,0.47610343190797777,0.06451612903225806,0.06030969845150774,4.814152383075434
wikihow,0f4f8d20-2b12-4e37-bc66-388545763181,19.101680096235853,3.948744141074015,17.376451349179497,9.703982667780014,1.4114476227620898,1.1449328055783925,0.5464668802403891,2.8780528225527355,17.020701330771875,6.376059021413518,16.061797388802283,19.850832609319585,0++,0.0,6.061797388802283,9.850832609319584,15.912629998121869,8.0,8.0,7.0,7.0,7.0,5.0,6.0,7.0,5.0,7.0,"The content words throughout the text are perfectly chosen for a practical guide on bedtime hygiene routines, with only a minor spelling error like ""brake"" for ""break"".","The text moves logically through a structured sequence of evening preparation steps, advancing smoothly from skincare to showering to managing electronic devices.","The passage stays focused on a single coherent domain: personal hygiene, skincare, and sleep preparation routines.","Each section builds systematically on the main subject by introducing distinct sub-topics such as makeup removal, acne treatment, showering mechanics, and screen-time management.","The text features clear, standard English prose despite minor typographical defects such as odd comma insertions, missing spacing after periods, and a misspelling of ""break"".",The text follows standard continuous instructional prose formatted into distinct sections without using any rigid repeating frame or structural template.,"Basic sentence punctuation is present and accurate, though stray commas and missing spaces after periods damage the overall execution.","Sentences feature a good balance of compound and complex structures with subordinate clauses, conditional frames, and varied openers.","The text offers straightforward, accessible advice explaining cause-and-effect relationships regarding health and sleep, requiring little abstract reasoning.","The writing strongly resembles an authentic online advice article or wellness guide, slightly marred only by formatting artifacts.",0.37153419593345655,0.6517412935323383,5.265897111570438,0.07685185185185185,0.18823529411764706,10,0.4599680909789209,0.11764705882352941,0.06666666666666667,4.865950179706723
cmv,f4961832-eeb4-41fc-8a64-82c3010783ae,19.94366790414456,4.371013067674749,18.799446251482813,10.559071679185756,1.4533098734238372,-0.0705469019031319,0.7474476904491483,2.4380597015151615,15.960332638003068,-0.3524839849416166,20.62741009578348,14.90130249089422,0++,-0.0,10.627410095783478,4.901302490894221,15.5287125866777,8.0,8.0,7.0,7.0,8.0,5.0,8.0,8.0,7.0,8.0,"The writer uses precise, domain-appropriate vocabulary such as ""gateway show,"" ""data dog,"" and ""audiovisual masterpiece,"" with only minor errors like writing ""25"" instead of ""two-fifths.""","The text builds a clear, sustained argument critiquing the anime series, moving systematically from character flaws to episodic quality before concluding with a prompt for discussion.","The text remains focused on a single topic, analyzing the quality and character writing of the anime *Cowboy Bebop*.","Each paragraph advances the critique by introducing specific aspects of the show, from individual crew members to episode variations.","The text features clear, standard prose despite minor typos like ""fantatsic"" and an abrupt trailing ""Hello,"" at the very end.",The excerpt follows the familiar layout of an informal online review or forum post without relying on a rigid or repetitive structural frame.,"Punctuation is generally accurate throughout, missing only a few hyphenations and commas in compound terms like ""pts 12.""","Sentences use complex subordination, participial clauses, and varied structures to articulate multi-part critiques.","The text evaluates artistic media through layered arguments concerning character development, narrative structure, and thematic representation.","Aside from the stray word at the final line, the prose reads naturally as a well-written forum critique of an animated series.",0.5697211155378487,0.7727272727272727,5.215377377113027,0.012,0.25925925925925924,11,0.7221700236503077,0.07692307692307693,0.12007874015748031,4.87535615258673
wiki_csai,c71f382b-a55d-472b-b231-4be2cd761db4,18.626323096605475,3.797086149734864,16.02757284857774,8.960976532750276,1.0360079252528251,-0.0025560044256849,0.5690783915577904,2.149703796648849,13.072706991832186,-0.013720656040671,17.629399747141917,15.49015766473211,0++,-0.0,7.629399747141917,5.490157664732109,13.119557411874029,8.0,8.0,5.0,7.0,7.0,5.0,8.0,8.0,7.0,8.0,"The content words fit their context precisely, using precise business and marketing vocabulary like ""wholesale distributors,"" ""market orientations,"" and ""exchange relationships.""","The text moves logically from a broad definition of marketing, to who performs it, to its strategic frameworks and components like market orientations and promotion.",The passage stays focused entirely on the domain of marketing and business management without straying into unrelated fields.,"Each sentence advances the reader's understanding by introducing distinct aspects of marketing, such as execution channels, entity types (B2B/B2C), and underlying strategies.","The text is cleanly written academic prose, though it contains minor typographical flaws like a slight grammatical break in the sentence starting with ""Once these factors are determined.""",The text is standard continuous prose structured conventionally as an encyclopedia or textbook entry.,"The text makes proper use of complex punctuation, including semicolons to separate long list items and parentheses for clear inline examples.","Sentences feature heavy subordination, long compound lists, and multiple embedded clauses typical of dense explanatory prose.",The text presents abstract business concepts and strategic frameworks that require focused reading to hold the relationships in mind.,"The writing is fully natural, reading like an excerpt from a real textbook or reference article on marketing.",0.5591715976331361,0.7777777777777778,4.738147526855388,0.005952380952380952,0.40939597315436244,9,1.0510048867622919,0.2,0.04477611940298507,5.072050649219202
cnn,02659824-5c56-4c03-88c9-5cf1ad36c445,19.12025635970341,3.945887240255278,17.170349233280565,9.885365090283637,1.3719590813795115,1.6587752789139962,0.5481727328197561,2.3456292094945006,16.115278420230243,9.499625325247637,16.133572482918776,15.82241826982884,0++,0.0,6.133572482918776,5.822418269828839,11.955990752747615,8.0,6.0,6.0,6.0,7.0,5.0,8.0,7.0,5.0,8.0,The content words are natural and accurate for a news story about a political campaign event.,"The text reads as a coherent news article, though it includes embedded image captions that re-state parts of the main narrative.",The text focuses strictly on a single political campaign stop and its associated security details.,"The text provides new details throughout the story, though the bolded photo captions repeat facts already mentioned.",The prose is well-formed news copy except for minor formatting artifacts like missing spaces after period markers.,The text follows standard news article formatting with embedded capitalized captions interrupting continuous paragraphs.,Punctuation is used correctly throughout the narrative and standard news caption format.,"The text features varied sentence structures, including multi-clause compound sentences and appositives.",The content is straightforward journalism detailing a concrete event and its immediate context.,"The passage is clearly a real tabloid news report, complete with typical caption placements and reportorial style.",0.572289156626506,0.7315789473684211,4.897068544913612,0.051515151515151514,0.19014084507042253,5,0.5151627154971811,0.11764705882352941,0.22865853658536586,5.507648608984793
reddit_eli5,846d1dc9-baaa-44de-b5cb-e89f959e8e06,15.16205238087162,3.999504429981023,14.532088322467,9.252117907125074,1.4858623720752888,-0.0474824357387717,0.5178547500656308,1.9152554518995688,19.13228795227588,-0.3121886126781324,14.873832742362955,15.180160279109996,0++,-0.0,4.873832742362955,5.180160279109996,10.053993021472952,8.0,8.0,6.0,7.0,7.0,5.0,7.0,7.0,7.0,8.0,"The content words, including anatomical terms like ""hyoid"" and archaeological ones like ""Mousterian Industry,"" precisely fit the discussion of Neanderthal communication.","The passage flows logically from the core question of Neanderthal speech to cultural evidence, speculative communication scenarios, and a concluding citation of qualifications.","The text stays focused on anthropological science, touching on anatomy, linguistics, archaeology, and evolutionary theories.","Each paragraph introduces distinct evidence, ranging from bone structure to tool use and modern comparative analogies.","Aside from minor conversational typos like ""allow how"" instead of ""although how,"" the text is fully legible and well-formed.","The text uses standard informal forum formatting with conversational prose, standard postscript markers, and a summary tag.","Punctuation is functional and appropriate for an online post, with minor spacing quirks around parentheticals and punctuation marks.",The text features a variety of compound and complex sentences with subordinate clauses and parenthetical insertions.,The writer weighs abstract evolutionary concepts and levels of speculation regarding ancient language capabilities.,"The text reads exactly like an authentic, articulate Reddit or forum answer written by an anthropology student.",0.6111111111111112,0.7219251336898396,4.988589153857744,0.006578947368421052,0.2605042016806723,9,0.5447525018759555,0.07142857142857142,0.10220994475138122,5.153221028864514
xsum,47a11418-7145-4020-91b8-12d6570bd3e8,18.159386980394476,4.249510271707947,18.124279858945695,10.149380309971177,1.1237242479586111,0.3501488547161067,0.5110838869129144,2.5446266454279716,12.450333141855175,1.9661079954410976,13.671096721112397,16.333012105944185,0++,0.0,3.671096721112397,6.333012105944185,10.004108827056582,8.0,8.0,7.0,7.0,7.0,5.0,7.0,7.0,7.0,8.0,"The text consists of well-chosen vocabulary precisely fitted to political journalism and analysis, such as ""bellwether,"" ""heartland,"" and ""Mittelstand.""","The narrative logical progression moves cleanly from setting the stakes of the regional election to broader national implications, specific local voices, and economic issues.","The piece focuses tightly on German regional and national politics, touching briefly on related economic matters like medium-sized family businesses.","Each sentence advances the report by adding new political context, local quotes, or background information about the candidates and region.","The prose is clean, standard journalistic English that flows naturally without grammatical flaws, though it ends mid-sentence at the very end.","The text follows standard news reporting conventions with an opening overview, embedded quotes, and local color without using a rigid structural frame.","Punctuation throughout the main body is accurate and standard, though the final sentence lacks a terminal punctuation mark due to being truncated.","Sentences feature varied structures, including complex subordinate clauses, embedded quotes, and introductory prepositions.","The text requires tracking electoral dynamics, political party strategies, and regional economic factors across multiple paragraphs.","The writing is a completely natural, high-quality sample of political news journalism.",0.5293185419968305,0.7215568862275449,5.295996116632504,0.011128775834658187,0.2760942760942761,7,0.4508416279624847,0.05555555555555555,0.14696485623003194,5.077896272649152
yelp,6ace4f93-7e79-4020-bf84-0269fd350902,15.888977850058742,4.500118284278897,16.84139953385241,10.615418922740307,1.7188940138066489,-0.9218957404700828,0.6847089691737973,1.755306126880571,19.32095994111791,-5.483925243417896,17.945885031602074,11.635259570044685,0++,-0.0,7.945885031602074,1.6352595700446848,9.58114460164676,8.0,8.0,7.0,7.0,8.0,6.0,8.0,7.0,5.0,9.0,"Every content word fits precisely into the context of a enthusiastic, detailed local business review.","The review advances logically from initial impressions and atmosphere to customer service, retail items, food options, and a summarized conclusion.","The text stays focused on evaluating a single hybrid cafe and gift shop, bringing in related aspects like decor, menu items, board games, and service.","Each sentence introduces distinct details about the experience, covering the venue's history, owners, specific food items, prices, and overall atmosphere.","The prose is clean, expressive, and well-constructed, using informal stylistic choices like ellipses that suit an online review.","The text consists of standard continuous prose ending with a brief numbered list of takeaways, which is typical for online reviews.","Punctuation is used effectively throughout to convey dynamic tone, including parentheticals, exclamation points, and lists.","The writing demonstrates a strong variety of sentence structures, featuring compound-complex sentences with relative clauses and parenthetical insertions.","The content is an accessible, descriptive review that mixes personal anecdotes, evaluation of goods, and light humorous comparisons.","The text reads as an exceptionally authentic, engaging human-written review on a platform like Yelp or Google Maps.",0.6416040100250626,0.78125,5.222461336579599,0.005037783375314861,0.16083916083916083,8,0.7850298557752775,0.07692307692307693,0.08706467661691543,5.349609576434508
finance,7b95d2ae-949a-4330-8b38-dda6573a04e1,15.70911595733678,3.846163902782912,15.8403582473349,9.035502048142495,1.050326613447929,-1.5200275192505952,0.5404176957468536,1.8177570204531008,13.153456953298662,-8.822420692683623,16.34782774904531,12.963051512642302,0++,-0.0,6.347827749045312,2.963051512642302,9.310879261687614,8.0,8.0,7.0,7.0,7.0,5.0,7.0,7.0,7.0,8.0,"The content words are precisely chosen, domain-specific financial terms that fit perfectly into their grammatical contexts.","The text logically addresses a specific sub-question about earnings estimates, systematically explaining who makes them, how they are constructed, and why they are distributed as they are.","The passage stays focused on financial analysis and forward PE ratios, bringing in related subtopics such as analyst methodology and investor utility.","Each sentence advances the explanation by adding new details about analyst practices, data release constraints, or investor methodologies.","The prose is well-constructed and clear, marred only by minor typos like a stray word ""The"" before a sentence boundary.","The text is written in natural, continuous prose typical of an online forum answer without using any explicit rigid template or visual framing.",Sentence boundaries are properly marked and commas are generally well placed throughout the passage.,"Sentences feature varied structures, including multiple subordinate clauses, conditional frames, and relative clauses.",The text handles abstract financial concepts and requires the reader to follow an explanation of market mechanisms and analytical models.,The text is a completely authentic-sounding post from a financial Q&A platform like Stack Exchange.,0.5197044334975369,0.7014218009478673,4.959269752101454,0.01485148514851485,0.20512820512820512,10,0.2380895758343758,0.06666666666666667,0.05665024630541872,4.761895699453007
arxiv,9a01026a-076a-4e3b-984b-8d2d0cb02b28,19.242484765069847,3.665176271195299,15.60717655658575,8.999686754008042,1.1174275487318468,0.4450358474928499,0.5340920876881263,1.518342503470187,14.17648823301659,2.367533219237578,17.057736438433352,10.776920913014978,0++,0.0,7.057736438433352,0.7769209130149779,7.83465735144833,9.0,8.0,7.0,7.0,8.0,8.0,8.0,8.0,8.0,8.0,Every technical term and content word fits the context of an astrophysics research abstract precisely.,"The text progresses seamlessly through standard abstract sections, advancing logically from context to conclusions.",The text stays strictly within the domain of stellar astrophysics and X-ray astronomy.,"Each section introduces distinct aspects of the study, moving swiftly from goals to methods, results, and implications.","The prose is standard scientific English, with only minor typographic glitches like a missing space in ""TheOrion"" and a hyphenated line break in ""over- lapping"".","The text follows the strict structural template of a structured scientific abstract with labelled headings (Context, Aims, Methods, Results, Conclusions).","Punctuation is accurate throughout, appropriately handling standard astronomical notation, parentheses, and sentence boundaries.",Sentences feature complex constructions with embedded relative clauses and participating phrases typical of academic journal articles.,"The content deals with dense statistical modeling, power-law distributions, and stellar astrophysics theory requiring sustained reader attention.","This is a completely natural, genuine scientific abstract written for an astrophysics journal publication.",0.5815602836879432,0.7195121951219512,4.75711394795122,0.014285714285714285,0.3220338983050847,9,0.6941502062228947,0.0625,0.10820895522388059,5.584827306935587
yelp,817d7f27-ad92-4acd-98ce-7b8c7a02b464,17.495259288027135,4.299864136847815,17.3596095967526,10.322231372332972,1.4257064633993135,0.6843856974983105,0.4844548217427156,2.273516189780759,16.025431030577526,4.071089427999093,12.697322403254937,15.070277827724992,0++,0.0,2.6973224032549368,5.070277827724992,7.767600230979928,8.0,8.0,5.0,7.0,7.0,5.0,7.0,8.0,5.0,8.0,Every content word fits the author's precise context of expressing extreme frustration about a specific airport layout and experience.,"The passage maintains a single sustained rant against a specific airport, seamlessly combining personal travel anecdotes, comparison to other locations, and complaints about amenities.","The text stays strictly within the domain of air travel, focusing on airport facilities, airline service, and travel experiences.","Each sentence adds a new specific detail, anecdote, or complaint about the airport experience without repeating prior statements.","Except for one missing space in ""shoesSaucony"" and a missing space around dashes, the writing is grammatically sound, natural, and highly articulate.",The passage is structured as standard continuous prose typical of an online review or personal blog rant.,"Sentences and parentheticals are correctly punctuated throughout, with only minor typographic run-ons.","The text uses varied sentence structures, including fragment openings, complex parentheticals, and nested subordinate clauses.",The content consists of personal complaints and descriptive comparisons that do not require complex abstract reasoning to follow.,"The text reads exactly like a genuine, impassioned online review or travel blog entry written by an articulate traveler.",0.6295180722891566,0.7655502392344498,5.037039330462058,0.0,0.2682926829268293,7,0.865726298383512,0.058823529411764705,0.17522658610271905,4.984306121345653
yelp,60c7fe41-2c5a-4b5a-8ada-bad9b0a26d6c,18.369536077221404,4.269893046121613,16.964938427807386,10.25747637337553,1.3609514644418717,1.5586624866925796,0.4544837310165133,1.8788450208355467,15.297562569349294,9.27175187118606,11.911794868697962,12.454152113145897,0++,0.0,1.911794868697962,2.4541521131458968,4.365946981843859,8.0,8.0,7.0,7.0,6.0,5.0,6.0,7.0,5.0,8.0,"The content words precisely fit a vivid, colloquial restaurant review with only minor typos like ""inpression"".","The narrative flows logically from establishing the restaurant's setting and atmosphere to detailing the meal experience, service, and final verdict.","The text stays centered on a single dining experience while bringing in surrounding neighborhood elements, cultural context, and specific menu items.","Each sentence advances the reviewer's experience by introducing distinct details about the setting, specific dishes, service interactions, and personal reflections.","The prose is clear and highly readable, despite minor typos such as ""inpression"", missing dollar signs, and an abruptly cut-off final sentence.","The text is written as standard continuous prose typical of an online consumer review, without any rigid internal formatting or repetitive structural frames.","Punctuation is generally accurate throughout the text, but it completely lacks a period at the end of the final cut-off sentence.","Sentence structure is naturally varied, featuring compound sentences, parenthetical explanations, and subordinate clauses.","The content is a straight-forward personal anecdote and restaurant review with clear, accessible evaluations and little abstract reasoning.","The writing perfectly captures the authentic, informal voice of an online Yelp-style restaurant review.",0.5903890160183066,0.7674418604651163,5.139254541784768,0.009195402298850575,0.29608938547486036,7,0.40237094703306303,0.045454545454545456,0.13013698630136986,4.963053899786494
cnn,fc896449-599a-4536-9864-6f2821f002f2,17.68814511866358,3.823776497257643,16.461569765592266,9.36038726174766,0.8469812528435341,0.2266640378741655,0.4260619898221218,1.636849741806202,9.94879431284824,1.298080253475946,12.539664203385318,11.041353490520557,0++,0.0,2.5396642033853176,1.0413534905205566,3.581017693905874,8.0,7.0,6.0,7.0,8.0,5.0,8.0,7.0,5.0,8.0,The content words are chosen with extreme precision for a sports journalism piece on horse racing and Olympic history.,"The text forms a unified news report detailing McCoy's imminent retirement, his comments, and the surrounding context, despite including some bullet-point summary captions.","The text stays focused on horse racing, McCoy's retirement, and related Olympic parallels and award details.","Each paragraph introduces new details about McCoy's career statistics, quotes, broadcasting changes, and event specifics.","The writing consists of clean, well-formed prose typical of a professional news report, with only minor formatting artifacts from embedded photo captions.","The text follows standard journalistic narrative structure interspersed with short summary caption lines, but lacks a strict repeating frame.","Sentences and quotes are correctly punctuated throughout, using standard quotation marks, commas, and periods appropriately.","The text uses compound and complex sentences with multiple subordinate clauses, direct speech, and introductory phrases.",The article provides straightforward reporting of sports news and athlete quotes without deep theoretical or conceptual abstraction.,"The piece reads naturally as a standard sports news article from a publication like the Daily Mail, including its typical inline image captions.",0.5338345864661654,0.6572769953051644,5.020201596085716,0.02518891687657431,0.21505376344086022,7,0.6465786998829479,0.05555555555555555,0.19704433497536947,5.332336758987294
wp,8ca26b96-07d0-4526-84e3-a6608d71d404,16.390576971300288,4.27594122963155,16.420649253937075,9.527472380948184,0.6941387397388201,0.1121893272656393,0.4217963611074382,1.7656658914053232,7.858174138249646,0.6891918887725472,10.943967481662384,12.04822856312197,0++,0.0,0.9439674816623836,2.0482285631219703,2.992196044784354,8.0,8.0,7.0,7.0,8.0,5.0,8.0,7.0,6.0,8.0,"The text uses precise vocabulary such as ""paper prison,"" ""inferno,"" and ""decimated"" that fits the narrative context perfectly.","The story moves logically from Steve's post-apocalyptic journal writing to his personal grief, the global aftermath of ""the Sleep,"" and his daily routine.","The text stays focused on a single science-fiction scenario, examining its personal psychological impact, global urban logistics, and world news.","Each sentence continuously introduces new details about the world, from kitchen fires and predators to suspended currency and highway cleanup.","The prose is clean, clear, and fully grammatical throughout with no mechanical flaws.",The text is structured as standard continuous narrative prose without any repeating structural frames or templates.,Punctuation marks are placed accurately to establish sentence boundaries and guide cadence.,"Sentences feature a well-balanced mix of simple assertions, compound structures, and embedded subordinate clauses.",The text presents a clear post-apocalyptic premise with light thematic reflection on grief and appearances after a catastrophe.,The passage reads naturally as an excerpt from a published science-fiction novel.,0.5096870342771982,0.7192982456140351,5.2930305435418825,0.008968609865470852,0.23100303951367782,4,0.460328542539918,0.047619047619047616,0.07828655834564253,4.7082474350699215
reddit_eli5,c9ce78f2-7921-40c3-9bd9-2232a087b70f,15.734924017953038,3.867177436718275,14.02321690305378,8.624261373379289,0.858005838329504,0.5253892013426444,0.3855277568028827,1.4063840324863488,11.04787029550147,3.454341028029765,11.073134641514292,11.146886440630958,0++,0.0,1.073134641514292,1.1468864406309578,2.2200210821452497,8.0,8.0,6.0,7.0,7.0,6.0,7.0,6.0,5.0,8.0,"The content words fit their context naturally and accurately describe retail decline, demographics, and regional geography.","The text develops a clear narrative explaining why a specific mall was abandoned, organizing the causes logically through numbered points.","The text stays focused on local economics, urban planning, and retail trends, keeping well within a single domain.","Each paragraph and numbered point provides distinct explanations for the decline, including competition, store mix, and demographic shifts.","The text reads smoothly as online commentary, with only minor informalities like missing spaces after numbers and stray ellipsis dots.",The prose uses a numbered list structure (1-3) to organize its core argument within an otherwise standard forum post format.,"Punctuation is mostly functional and correct, though it relies on informal spacing around apostrophes, parentheses, and ellipses.","Sentences feature moderate variety, utilizing compound structures, subordinate clauses, and occasional short conversational fragments.",The content deals with concrete local history and basic socio-economic factors that are easy to follow and require no abstract analysis.,"The prose sounds like an authentic, articulate human response to a forum post or social media question about local history.",0.4985835694050991,0.6704545454545454,4.757373272340226,0.045584045584045586,0.2824858757062147,9,0.490007396393881,0.08333333333333333,0.0625,4.652253550896733
