текст,условие,класс,длина,длина норм
0,исходный,служебные,17.80398456658614,0.5354093663318638
0,исходный,служебные,13.096475708494768,0.3938430599083784
0,исходный,пунктуация,16.23371247118671,0.48818744337287157
0,исходный,пунктуация,18.071812595974954,0.5434636103110514
0,исходный,смысловые редкие,12.50375375718632,0.3760184609724396
0,исходный,пунктуация,7.429979564718828,0.22343766002082022
0,исходный,пунктуация,9.32606194874975,0.28045749532511827
0,исходный,пунктуация,6.219552677019438,0.1870371626765088
0,исходный,пунктуация,7.410374563823602,0.22284808968801123
0,исходный,служебные,14.981158336481382,0.45052007666342453
0,исходный,служебные,13.596758505441237,0.4088877873567803
0,исходный,служебные,11.531035308093292,0.3467664378368077
0,исходный,смысловые редкие,14.144936441507436,0.4253728387950489
0,исходный,пунктуация,11.436309655867195,0.34391780576548303
0,исходный,пунктуация,7.699919979987941,0.23155542861054604
0,исходный,пунктуация,8.094523984858132,0.24342213627979875
0,исходный,пунктуация,8.704653553440876,0.26177022484803425
0,исходный,пунктуация,8.626763802904005,0.25942788952288687
0,исходный,пунктуация,6.697425873292329,0.20140797861642123
0,исходный,пунктуация,11.618974732582277,0.3494109914402522
0,исходный,пунктуация,15.697927291597392,0.4720750724358456
0,исходный,смысловые редкие,17.033484569846387,0.5122385467060503
0,исходный,подслова,9.097505230406712,0.2735842357308251
0,исходный,смысловые частые,12.99796833084301,0.39088070210300685
0,исходный,служебные,17.311500584422426,0.5205991683206987
0,исходный,пунктуация,6.276279154447362,0.18874306661168322
0,исходный,пунктуация,9.03914644509086,0.2718292443046643
0,исходный,пунктуация,9.51323215928187,0.2860861613937959
0,исходный,пунктуация,8.940139206343424,0.26885185445343296
0,исходный,пунктуация,6.7915526485635,0.20423860099279542
0,исходный,подслова,9.391167766845426,0.2824153865309186
0,исходный,служебные,9.995897532737136,0.3006010898237506
0,исходный,смысловые частые,12.645953579997881,0.38029475748007247
0,исходный,служебные,19.76676703246954,0.5944350362528656
0,исходный,служебные,6.381766514804058,0.19191532957076243
0,исходный,подслова,16.99978451979836,0.5112251037672472
0,исходный,служебные,12.132503122813082,0.3648540462788253
0,исходный,пунктуация,19.089474054033715,0.5740671796615993
0,исходный,пунктуация,7.216452193415616,0.21701636965537466
0,исходный,служебные,14.454982302632402,0.43469667624378944
0,исходный,подслова,9.87158445726002,0.2968626915613256
0,исходный,подслова,9.30606056044254,0.2798560046532257
0,исходный,подслова,13.431011538454468,0.40390337062501325
0,исходный,служебные,12.282872164775057,0.36937601118907837
0,исходный,пунктуация,10.494652634888332,0.31559987575275683
0,исходный,пунктуация,8.820397515883238,0.2652509289205545
0,исходный,пунктуация,11.242396161719544,0.33808635266370696
0,исходный,подслова,17.28670124589341,0.5198533915493467
0,исходный,смысловые редкие,14.806467351619244,0.4452666914361388
0,исходный,пунктуация,23.483819842273075,0.706215906544902
0,исходный,пунктуация,9.559377403116272,0.28747386175200534
0,исходный,пунктуация,6.613909207234572,0.19889642817753497
0,исходный,пунктуация,12.475246680047745,0.37516118343158045
0,исходный,пунктуация,6.47615206417524,0.19475373391731257
0,исходный,служебные,17.000865433433404,0.5112576094842811
0,исходный,служебные,6.701212785822174,0.20152186033937913
0,исходный,служебные,12.921741756442875,0.38858838255259454
0,исходный,служебные,12.451318595627173,0.3744416074024483
0,исходный,служебные,8.879458999113718,0.267027052191881
0,исходный,смысловые редкие,10.664883526204841,0.3207191350572686
0,исходный,смысловые редкие,10.901933349174524,0.3278478030827102
0,исходный,смысловые редкие,17.81615779949862,0.5357754452225472
0,исходный,пунктуация,16.297981275715962,0.49012016353330645
0,исходный,подслова,8.802190843280686,0.2647034097399639
0,исходный,служебные,6.926784244076273,0.20830534586053845
0,исходный,пунктуация,11.288955413906235,0.3394865032657776
0,исходный,пунктуация,6.771163452574192,0.20362544799528387
0,исходный,служебные,10.990304891912178,0.3305053515388988
0,исходный,служебные,13.144566840231038,0.395289277875643
0,исходный,пунктуация,11.905158526966654,0.3580172381729839
0,исходный,пунктуация,11.268344943589822,0.3388666960079898
0,исходный,служебные,8.066432937067873,0.24257736975909486
0,исходный,служебные,19.862179300525806,0.5973043165417378
0,исходный,пунктуация,15.672144428245339,0.47129971866725995
0,перемешивание,пунктуация,12.088127174382233,0.36612784558090117
0,перемешивание,пунктуация,11.532217293982406,0.34929032526764164
0,перемешивание,смысловые частые,11.125388602844518,0.3369682086934152
0,перемешивание,служебные,15.24032874989117,0.4616024178639968
0,перемешивание,смысловые редкие,16.758262771500604,0.5075779362423611
0,перемешивание,смысловые редкие,13.917111759699095,0.42152453161526715
0,перемешивание,смысловые частые,9.579843478877088,0.2901563991944652
0,перемешивание,служебные,11.737997181581335,0.35552303161028703
0,перемешивание,служебные,14.172196193296251,0.4292505848546867
0,перемешивание,смысловые редкие,14.348756465677669,0.4345982810866706
0,перемешивание,подслова,8.447066162247173,0.25584659152305306
0,перемешивание,смысловые редкие,13.878877443564217,0.42036648226719375
0,перемешивание,подслова,17.564744762316927,0.532004839561441
0,перемешивание,подслова,7.4828575651969595,0.2266424301806142
0,перемешивание,смысловые редкие,14.754170577974909,0.44687755258689515
0,перемешивание,подслова,14.283532486892335,0.43262276292009333
0,перемешивание,пунктуация,12.323353644168758,0.3732524364595492
0,перемешивание,смысловые редкие,17.990872664504106,0.5449114948703245
0,перемешивание,смысловые редкие,14.499296962437555,0.4391578846510823
0,перемешивание,пунктуация,11.061854596910486,0.33504387679500097
0,перемешивание,пунктуация,18.290730720592318,0.5539936614021524
0,перемешивание,пунктуация,8.755151685395367,0.26517795338065836
0,перемешивание,смысловые частые,12.800564915262909,0.3877063160433859
0,перемешивание,служебные,18.910483613277265,0.5727648728659223
0,перемешивание,подслова,19.735266195062156,0.5977460684957563
0,перемешивание,смысловые редкие,11.692679363081691,0.35415043558988246
0,перемешивание,пунктуация,19.293417544362775,0.5843632597099396
0,перемешивание,пунктуация,14.337736260301511,0.4342644986906033
0,перемешивание,смысловые редкие,15.564856518343902,0.47143178605153396
0,перемешивание,пунктуация,16.05798879273939,0.4863678844732531
0,перемешивание,пунктуация,16.491835242433268,0.4995083208409289
0,перемешивание,пунктуация,12.676007168760199,0.3839336837141947
0,перемешивание,пунктуация,16.802630356334706,0.5089217513772121
0,перемешивание,пунктуация,10.842087965038415,0.3283875368759097
0,перемешивание,смысловые редкие,16.076842447543417,0.4869389281026875
0,перемешивание,смысловые редкие,17.17087269851421,0.5200751561560409
0,перемешивание,смысловые редкие,18.245940072995534,0.5526370324496099
0,перемешивание,служебные,13.830537459734437,0.41890235024080996
0,перемешивание,служебные,14.871729279723873,0.45043819631439097
0,перемешивание,служебные,16.66527762576319,0.5047615817658782
0,перемешивание,служебные,15.720814306158697,0.4761554697148896
0,перемешивание,служебные,15.120529914904004,0.45797392448994406
0,перемешивание,служебные,15.222810635265436,0.46107182536823355
0,перемешивание,пунктуация,14.835627570889622,0.4493447398437075
0,перемешивание,пунктуация,11.524923691961455,0.3490694150508701
0,перемешивание,пунктуация,9.219488194400938,0.2792418793482022
0,перемешивание,пунктуация,12.54883602225824,0.38008189615296767
0,перемешивание,подслова,7.498201261132332,0.22710716340645018
0,перемешивание,пунктуация,12.248456438141892,0.3709839334659044
0,перемешивание,служебные,12.595907409558395,0.3815076046495852
0,перемешивание,пунктуация,14.336508089673117,0.4342272995893949
0,перемешивание,пунктуация,11.775641374873336,0.35666320718834016
0,перемешивание,пунктуация,22.261877884519926,0.6742726371805344
0,перемешивание,пунктуация,11.328521066643164,0.34312072928368104
0,перемешивание,смысловые редкие,14.080885639923666,0.42648495079882126
0,перемешивание,служебные,19.570050216453556,0.5927419707202382
0,перемешивание,пунктуация,9.72371719164203,0.29451407774387584
0,перемешивание,пунктуация,12.066495477577192,0.3654726600063919
0,перемешивание,служебные,11.049389443814029,0.334666329505648
0,перемешивание,пунктуация,10.756108836926845,0.3257833821970008
0,перемешивание,пунктуация,8.86540203166291,0.26851724003533795
0,перемешивание,смысловые редкие,13.594455453975451,0.41175184670109416
0,перемешивание,пунктуация,11.83302250194639,0.3584011793430991
0,перемешивание,служебные,17.536079622680738,0.5311366235287278
0,перемешивание,подслова,14.517787907339661,0.4397179424435012
0,перемешивание,служебные,14.510436973533205,0.43949529574904306
0,перемешивание,пунктуация,14.900562015267573,0.45131148852868785
0,перемешивание,пунктуация,6.365313722669283,0.1927940173119954
0,перемешивание,пунктуация,7.282295490966104,0.22056776211300821
0,перемешивание,служебные,17.325397270496175,0.5247554302640902
0,перемешивание,служебные,12.060081219533208,0.3652783835527473
0,перемешивание,подслова,9.572908563416835,0.28994635295486826
0,перемешивание,служебные,20.537143628984786,0.622033507986319
0,перемешивание,служебные,17.345839184024424,0.525374579421911
0,чужие хапаксы,пунктуация,12.254326630284856,0.37730025949700857
0,чужие хапаксы,пунктуация,9.683400697184922,0.2981436439626268
0,чужие хапаксы,служебные,12.250098430245915,0.3771700768260199
0,чужие хапаксы,смысловые редкие,12.62391160030663,0.3886794653320148
0,чужие хапаксы,смысловые редкие,13.681976740651242,0.42125638808435706
0,чужие хапаксы,смысловые редкие,12.054597331980412,0.3711507648447944
0,чужие хапаксы,смысловые редкие,13.590205125359647,0.4184308183644831
0,чужие хапаксы,пунктуация,23.22319378656487,0.7150223187593102
0,чужие хапаксы,подслова,7.303563351817498,0.2248704829756548
0,чужие хапаксы,служебные,19.041125315645427,0.586259999382853
0,чужие хапаксы,смысловые частые,17.67650989080449,0.5442446549710533
0,чужие хапаксы,пунктуация,15.607587059784967,0.4805442865563748
0,чужие хапаксы,пунктуация,12.42938471857514,0.38269014864650636
0,чужие хапаксы,смысловые редкие,10.912043751531714,0.3359725151213733
0,чужие хапаксы,смысловые редкие,16.274138782001355,0.5010668452695479
0,чужие хапаксы,пунктуация,5.148401133116202,0.15851487740818299
0,чужие хапаксы,служебные,14.699158912893395,0.4525745591370389
0,чужие хапаксы,пунктуация,13.111340046112877,0.40368697122258085
0,чужие хапаксы,служебные,12.459015941395021,0.38360246871079495
0,чужие хапаксы,служебные,11.060299342431518,0.3405371782486102
0,чужие хапаксы,служебные,12.605271685928837,0.38810555827502785
0,чужие хапаксы,смысловые редкие,13.591909699581601,0.41848330075014806
0,чужие хапаксы,пунктуация,12.680542545134907,0.39042308379624474
0,чужие хапаксы,подслова,14.585670635156486,0.4490803519127772
0,чужие хапаксы,подслова,10.49550474990129,0.3231476347222019
0,чужие хапаксы,смысловые редкие,7.578222855674908,0.23332701471380965
0,чужие хапаксы,служебные,12.740442349943967,0.3922673476697427
0,чужие хапаксы,подслова,7.900524282346252,0.24325040059931607
0,чужие хапаксы,смысловые редкие,9.330579522664088,0.28728058108540894
0,чужие хапаксы,служебные,16.576369468176416,0.5103722701829002
0,чужие хапаксы,служебные,16.457025371308532,0.506697767284764
0,чужие хапаксы,пунктуация,16.714746113745154,0.5146327690137688
0,чужие хапаксы,смысловые частые,9.07026826532983,0.2792658196133683
0,чужие хапаксы,смысловые частые,5.833262599749017,0.17960117752698895
0,чужие хапаксы,пунктуация,13.750662923074973,0.4233711770265978
0,чужие хапаксы,смысловые редкие,11.207406211954478,0.34506647322493605
0,чужие хапаксы,смысловые частые,13.703281148813462,0.4219123326311729
0,чужие хапаксы,подслова,15.926709801147865,0.4903698034338223
0,чужие хапаксы,служебные,14.04985216859843,0.4325829585777552
0,чужие хапаксы,пунктуация,11.124700767674078,0.3425200431737171
0,чужие хапаксы,служебные,18.542241571605768,0.5708997946352644
0,чужие хапаксы,пунктуация,11.68484839817996,0.3597665107049641
0,чужие хапаксы,пунктуация,10.027358463261042,0.30873381005758055
0,чужие хапаксы,пунктуация,13.374011005443165,0.4117743859053852
0,чужие хапаксы,пунктуация,12.244604649944229,0.37700092801874696
0,чужие хапаксы,пунктуация,14.993981417644926,0.46165189246626526
0,чужие хапаксы,смысловые редкие,11.031169237557886,0.3396402871782486
0,чужие хапаксы,пунктуация,15.431124171669728,0.4751111448190778
0,чужие хапаксы,смысловые редкие,14.233031460908357,0.43822289266864267
0,чужие хапаксы,подслова,9.300932410148766,0.28636777179095746
0,чужие хапаксы,пунктуация,4.8534874511784665,0.1494347368112011
0,чужие хапаксы,пунктуация,11.68320474314612,0.35971590396911474
0,чужие хапаксы,подслова,10.122905256783557,0.31167561429356855
0,чужие хапаксы,служебные,19.196399763647705,0.5910407671306074
0,чужие хапаксы,пунктуация,11.19877320379732,0.34480067027090955
0,чужие хапаксы,пунктуация,11.725837260063567,0.3610285227837798
0,чужие хапаксы,смысловые редкие,19.06512286823411,0.5869988635483165
0,чужие хапаксы,служебные,14.112390628175106,0.43450846437980467
0,чужие хапаксы,служебные,14.156574560014274,0.4358688499359818
0,чужие хапаксы,служебные,13.893205494892598,0.4277599411716017
0,чужие хапаксы,смысловые частые,10.640631647430983,0.32761596805049975
0,чужие хапаксы,служебные,12.360102919292943,0.3805570211694738
0,чужие хапаксы,служебные,11.13544111204636,0.3428507292114741
0,чужие хапаксы,смысловые редкие,6.334334729004411,0.19502876078787224
0,чужие хапаксы,служебные,13.238128316304559,0.4075906738647379
0,чужие хапаксы,пунктуация,12.360797154256982,0.3805783960715787
0,чужие хапаксы,подслова,11.709865149476984,0.360536755128906
0,чужие хапаксы,подслова,8.003483613293241,0.2464204305369818
0,чужие хапаксы,служебные,16.80802826750999,0.5175048469241887
0,чужие хапаксы,смысловые редкие,6.459657449768748,0.1988873404138142
0,чужие хапаксы,смысловые частые,13.73332537229842,0.42283736863349775
0,чужие хапаксы,служебные,16.132597535362223,0.4967089110722909
0,чужие хапаксы,пунктуация,11.644958120026075,0.3585383230816905
0,чужие хапаксы,пунктуация,12.670410716897015,0.3901111334509774
1,исходный,служебные,13.433750371676139,0.43163863149131754
1,исходный,служебные,7.274751984098072,0.23374440524631027
1,исходный,пунктуация,10.655127650526307,0.3423589533966181
1,исходный,служебные,13.914879679346658,0.44709775423719866
1,исходный,смысловые частые,18.528444189522748,0.5953357828124498
1,исходный,смысловые частые,11.39405672256875,0.366101417310346
1,исходный,служебные,15.59289140612717,0.5010137989257344
1,исходный,служебные,20.07512257917728,0.6450319677940664
1,исходный,служебные,11.814063149862472,0.3795966062545187
1,исходный,служебные,13.053055211675026,0.4194065493599785
1,исходный,смысловые частые,14.899897562940941,0.47874727574130127
1,исходный,пунктуация,12.968191922748732,0.41667981461483766
1,исходный,служебные,19.90401195557526,0.639534027653618
1,исходный,служебные,14.895116570607692,0.47859365810432
1,исходный,служебные,9.760776915527657,0.31362264993351413
1,исходный,служебные,14.119135433675783,0.4536606776080794
1,исходный,пунктуация,10.701724490827534,0.34385615230406896
1,исходный,пунктуация,13.403839271070616,0.4306775605934253
1,исходный,пунктуация,12.562112169131604,0.4036321023767727
1,исходный,пунктуация,12.429225626750139,0.39936233677072985
1,исходный,пунктуация,13.225614747547848,0.42495104437098924
1,исходный,служебные,12.194833379824036,0.39183110045204167
1,исходный,пунктуация,15.581886163305574,0.5006601904530952
1,исходный,служебные,14.56775684290093,0.46807529197696973
1,исходный,служебные,7.673739145944187,0.24656422605264064
1,исходный,служебные,21.26336523574682,0.6832112862993938
1,исходный,служебные,9.182842133007552,0.29505307913486567
1,исходный,служебные,10.975522967298296,0.3526535466592167
1,исходный,служебные,15.80599645004521,0.5078610580287932
1,исходный,служебные,15.577012416547182,0.5005035925319768
1,исходный,служебные,22.596809906676047,0.7260560777392296
1,исходный,служебные,15.179703295026624,0.4877376886892397
1,исходный,служебные,7.911235387647882,0.2541951965498633
1,исходный,смысловые редкие,10.641964590495164,0.3419360122922442
1,исходный,смысловые редкие,14.837480958370573,0.47674177340325785
1,исходный,служебные,10.956765750535594,0.35205086020532
1,исходный,смысловые редкие,17.44510304740124,0.5605270454840053
1,исходный,смысловые частые,15.104070079699754,0.4853075246132562
1,исходный,пунктуация,12.789063848250985,0.4109242664768507
1,исходный,смысловые редкие,11.352310871540556,0.3647600851052872
1,исходный,смысловые редкие,9.619714353838795,0.3090901813824819
1,исходный,смысловые редкие,13.225536223207156,0.4249485213124228
1,исходный,смысловые редкие,12.576856532368872,0.404105852193009
1,исходный,смысловые частые,16.858121059419396,0.5416667797359733
1,исходный,подслова,9.607351687342616,0.3086929576511816
1,исходный,подслова,13.492921777481202,0.43353986263812855
1,исходный,служебные,15.568697808265629,0.5002364365970562
1,исходный,служебные,10.802694798674654,0.34710042023331966
1,исходный,служебные,14.130831754346334,0.45403649104126365
1,исходный,служебные,10.046205430477796,0.32279372801469075
1,исходный,служебные,12.449454704570254,0.40001231546059857
1,исходный,служебные,17.148628421103027,0.5510010457872212
1,исходный,служебные,11.311647300514267,0.36345352754215543
1,исходный,служебные,11.446767554823587,0.3677950643463381
1,исходный,пунктуация,10.429514888789653,0.33510980993119316
1,исходный,смысловые редкие,9.432278516332888,0.3030676972544413
1,исходный,служебные,12.278504933844774,0.3945195436695374
1,исходный,служебные,14.019244526002431,0.4504510917892555
1,исходный,служебные,21.79498843049289,0.7002928236140256
1,исходный,служебные,10.897699691969914,0.3501530139612339
1,перемешивание,смысловые редкие,14.068992026714469,0.48196850189438106
1,перемешивание,служебные,19.908826704748662,0.6820266415065543
1,перемешивание,служебные,18.46736432813751,0.6326457433673552
1,перемешивание,служебные,13.949007797998766,0.4778581421148564
1,перемешивание,смысловые редкие,17.84255629366995,0.6112413817917642
1,перемешивание,служебные,11.549644492459086,0.39566195238957386
1,перемешивание,служебные,11.13738858996575,0.38153909558899113
1,перемешивание,смысловые редкие,17.442088062178414,0.5975223411368423
1,перемешивание,пунктуация,12.691223673526727,0.43476960179674146
1,перемешивание,служебные,9.975489103606916,0.3417353233124214
1,перемешивание,служебные,13.55388123465466,0.4643220936593576
1,перемешивание,служебные,14.00528291255697,0.4797859868819905
1,перемешивание,служебные,17.213649302511847,0.5896966002051505
1,перемешивание,служебные,19.944576736941716,0.6832513482535654
1,перемешивание,служебные,16.317101443828317,0.5589831114558627
1,перемешивание,служебные,16.546282708376406,0.566834288748931
1,перемешивание,пунктуация,12.007031576519102,0.41133089066686185
1,перемешивание,пунктуация,17.848912873817348,0.6114591423395701
1,перемешивание,смысловые частые,14.399763352101372,0.4932999007510747
1,перемешивание,служебные,17.117040559631594,0.58638702614416
1,перемешивание,служебные,14.7453288942585,0.5051381124967023
1,перемешивание,служебные,15.4319019728405,0.5286583901041418
1,перемешивание,пунктуация,11.828121368893736,0.4052018741332625
1,перемешивание,служебные,14.844451389299927,0.5085338014237011
1,перемешивание,пунктуация,12.527548833998072,0.4291625108938794
1,перемешивание,смысловые частые,13.891697336049358,0.4758948289339134
1,перемешивание,смысловые редкие,17.0368186287289,0.5836388233032721
1,перемешивание,пунктуация,12.890140829425516,0.4415840063715388
1,перемешивание,служебные,13.330867249629248,0.4566821919478421
1,перемешивание,служебные,13.211076461585547,0.4525784589622422
1,перемешивание,служебные,13.24262031233037,0.4536590724460365
1,перемешивание,служебные,14.928085581714319,0.5113988998151545
1,перемешивание,служебные,23.78497882017083,0.8148139246777593
1,перемешивание,служебные,15.641862279950793,0.535851105437485
1,перемешивание,смысловые редкие,13.433149686494698,0.4601861325835707
1,перемешивание,подслова,10.248754904027622,0.3510967266167698
1,перемешивание,служебные,13.04504123894559,0.44689050723367985
1,перемешивание,служебные,11.698897853769619,0.4007749994946505
1,перемешивание,служебные,16.116308864186554,0.5521044595511854
1,перемешивание,пунктуация,10.055019387168835,0.3444598320441621
1,перемешивание,пунктуация,10.712264606868235,0.36697541051021504
1,перемешивание,пунктуация,12.817395109768723,0.43909191984141366
1,перемешивание,подслова,11.710362643633086,0.4011677545395419
1,перемешивание,служебные,12.838683607452944,0.43982121056223883
1,перемешивание,служебные,10.027667989620898,0.3435228415280067
1,перемешивание,служебные,20.54138535695013,0.7036965198733179
1,перемешивание,служебные,15.0840883871294,0.5167431660052595
1,перемешивание,служебные,14.160709902276528,0.48511052706559754
1,перемешивание,служебные,12.64485466893894,0.4331811155972274
1,перемешивание,служебные,12.959914438757002,0.44397427583060206
1,перемешивание,служебные,11.140084487934017,0.38163145031508366
1,перемешивание,служебные,11.74973208965785,0.40251645335783237
1,перемешивание,смысловые частые,20.62696293766367,0.7066281938904708
1,перемешивание,пунктуация,10.855728818370075,0.37189013581261804
1,перемешивание,пунктуация,9.822714715579792,0.3365016546327143
1,перемешивание,подслова,12.034764153914418,0.412280939451843
1,перемешивание,пунктуация,10.983030476178625,0.37625117242321215
1,перемешивание,служебные,18.74631394827702,0.6422018601287665
1,перемешивание,пунктуация,11.830507145516439,0.4052836048771932
1,перемешивание,смысловые частые,15.04266048792184,0.5153239497259564
1,чужие хапаксы,служебные,12.553829900665376,0.43873773572268343
1,чужие хапаксы,пунктуация,13.234840159554077,0.46253803422544637
1,чужие хапаксы,служебные,11.335040098586036,0.3961428397971105
1,чужие хапаксы,смысловые редкие,7.885916364114185,0.27560108087067003
1,чужие хапаксы,смысловые редкие,8.659086032750027,0.3026222140571861
1,чужие хапаксы,служебные,20.780587666851112,0.7262507180743104
1,чужие хапаксы,служебные,8.93271354927099,0.3121850899269209
1,чужие хапаксы,пунктуация,11.800695269668703,0.4124167973865422
1,чужие хапаксы,пунктуация,10.086832831403536,0.35251984709691286
1,чужие хапаксы,подслова,10.72495928703389,0.37482142027922627
1,чужие хапаксы,служебные,9.854267041689294,0.34439201767806943
1,чужие хапаксы,пунктуация,12.072172610749096,0.4219045278136777
1,чужие хапаксы,служебные,13.50735111081691,0.47206188779545155
1,чужие хапаксы,пунктуация,11.330842586570618,0.3959961429777426
1,чужие хапаксы,пунктуация,11.829069843285946,0.41340844665050636
1,чужие хапаксы,смысловые частые,7.6070997153635895,0.2658568525258094
1,чужие хапаксы,служебные,11.468747057837682,0.400815699714491
1,чужие хапаксы,служебные,11.850037948640864,0.4141412508336604
1,чужие хапаксы,служебные,16.320290438395194,0.5703699452625655
1,чужие хапаксы,служебные,15.072486228819681,0.5267610388279341
1,чужие хапаксы,служебные,12.546526418917685,0.4384824898678145
1,чужие хапаксы,служебные,13.842811556369536,0.4837857328268775
1,чужие хапаксы,служебные,12.094706280399196,0.4226920461469701
1,чужие хапаксы,служебные,11.93506758633085,0.41711291055859
1,чужие хапаксы,пунктуация,11.43284674179791,0.39956103691471995
1,чужие хапаксы,пунктуация,10.140353947025076,0.35439033070764764
1,чужие хапаксы,смысловые частые,15.031539564240072,0.5253300136312249
1,чужие хапаксы,пунктуация,11.720260987617383,0.4096057385255483
1,чужие хапаксы,служебные,9.103488678779021,0.3181534274168315
1,чужие хапаксы,служебные,10.43445511276913,0.3646687302520854
1,чужие хапаксы,смысловые редкие,8.563502719097736,0.2992817190101364
1,чужие хапаксы,смысловые частые,14.062335326267856,0.4914577629965225
1,чужие хапаксы,пунктуация,11.64937633937985,0.4071284252027363
1,чужие хапаксы,служебные,10.468209601247159,0.3658483995611735
1,чужие хапаксы,смысловые частые,11.485887084890749,0.40141471823863795
1,чужие хапаксы,служебные,12.538921900438059,0.43821672322564936
1,чужие хапаксы,служебные,11.021659099432974,0.3851906386700553
1,чужие хапаксы,служебные,10.959426890794523,0.38301571527830147
1,чужие хапаксы,служебные,8.277039298158797,0.2892702473186598
1,чужие хапаксы,служебные,11.71747923129393,0.4095085202678261
1,чужие хапаксы,служебные,12.263634816281176,0.42859584792843913
1,чужие хапаксы,служебные,18.12303819520959,0.6333733056045734
1,чужие хапаксы,служебные,15.852914707598146,0.5540358566629769
1,чужие хапаксы,служебные,13.860207724249772,0.4843937030930368
1,чужие хапаксы,служебные,12.305044553398147,0.43004305682351973
1,чужие хапаксы,служебные,11.35390188878042,0.39680203138940073
1,чужие хапаксы,служебные,10.917006019473735,0.3815331687424687
1,чужие хапаксы,служебные,9.007850346639302,0.31481100955524727
1,чужие хапаксы,смысловые частые,11.34184203184792,0.39638055727627575
1,чужие хапаксы,служебные,12.19289567858051,0.4261236199830756
1,чужие хапаксы,служебные,14.197608705736686,0.49618536697724586
1,чужие хапаксы,служебные,11.030726605993024,0.38550753457578973
1,чужие хапаксы,служебные,11.93327013558236,0.4170500923208326
1,чужие хапаксы,служебные,15.389193525515767,0.5378294891206953
1,чужие хапаксы,служебные,9.310979198755831,0.32540491334892324
1,чужие хапаксы,служебные,10.909718313781713,0.38127847423734706
1,чужие хапаксы,смысловые частые,12.86781862029903,0.4497111757791902
1,чужие хапаксы,смысловые частые,11.973177836922117,0.41844480729325506
1,чужие хапаксы,служебные,14.171740981686623,0.49528132838760225
1,чужие хапаксы,служебные,11.081378243662988,0.38727773418800426
1,чужие хапаксы,подслова,10.096400967494777,0.35285423926225
1,чужие хапаксы,служебные,10.436642908244353,0.36474519045909937
1,чужие хапаксы,служебные,12.536166856286671,0.43812043851872245
2,исходный,пунктуация,14.365672440079232,0.41776054959932835
2,исходный,пунктуация,12.199000861434323,0.35475271524479884
2,исходный,пунктуация,20.605812514159467,0.5992267745740484
2,исходный,служебные,16.823886531625366,0.4892465781302324
2,исходный,смысловые редкие,10.074989824947245,0.2929854696348895
2,исходный,пунктуация,28.710802929455433,0.8349237295557572
2,исходный,пунктуация,17.935111202881217,0.5215615171857144
2,исходный,служебные,3.486608472595551,0.10139222356800157
2,исходный,служебные,22.274901307586582,0.6477646661750589
2,исходный,подслова,7.895008425017088,0.22959057938176652
2,исходный,подслова,13.20062029864804,0.38388028225045895
2,исходный,смысловые редкие,9.679726329604922,0.28149102022853434
2,исходный,смысловые редкие,14.210169901591568,0.4132384622265538
2,исходный,пунктуация,12.018060530656548,0.3494908848400127
2,исходный,служебные,21.687112439535333,0.6306714878647715
2,исходный,смысловые редкие,18.596754646939566,0.5408024214999076
2,исходный,служебные,19.38950381469669,0.5638559422729874
2,исходный,служебные,15.654567222632693,0.45524221953028154
2,исходный,служебные,15.255770292512825,0.4436450161692614
2,исходный,служебные,19.99390348526472,0.5814321705774637
2,исходный,служебные,11.476599920224686,0.33374495417481687
2,исходный,служебные,16.99392445487969,0.4941913613673381
2,исходный,подслова,17.317753863125738,0.5036084737322187
2,исходный,подслова,13.226179495678537,0.3846235557897461
2,исходный,подслова,14.119196653357246,0.4105929171370546
2,исходный,пунктуация,9.581832380298742,0.27864421787833593
2,исходный,смысловые частые,12.861309854316547,0.3740129740335987
2,исходный,смысловые частые,14.980706285092547,0.43564602472669617
2,исходный,смысловые редкие,5.224216165376664,0.1519226771720415
2,исходный,смысловые редкие,19.272068764957854,0.5604408754791598
2,исходный,смысловые редкие,15.94971637621739,0.4638252965236923
2,исходный,пунктуация,6.630114024256621,0.19280685190566577
2,исходный,подслова,12.488196697067174,0.36316266693621796
2,исходный,подслова,18.371644385115633,0.5342561086076797
2,исходный,служебные,16.857622989776463,0.490227650290796
2,исходный,пунктуация,16.836305706012748,0.4896077335957551
2,исходный,служебные,12.959791226813168,0.3768768589280296
2,исходный,служебные,18.10088674578094,0.526382348385979
2,исходный,пунктуация,8.725288890203426,0.2537355280365973
2,исходный,пунктуация,6.678593750475947,0.19421666527530007
2,исходный,пунктуация,8.685286623555731,0.25257224320119087
2,исходный,смысловые частые,13.066919318478558,0.37999219450583377
2,исходный,подслова,7.84149711258939,0.2280344451052249
2,исходный,пунктуация,4.552757032557026,0.13239632798579531
2,исходный,служебные,12.511426516021661,0.36383820105924614
2,исходный,смысловые редкие,21.984771075746664,0.6393275417999639
2,исходный,подслова,7.850151442345586,0.2282861171080805
2,исходный,пунктуация,6.154888827052089,0.17898707838683425
2,исходный,служебные,10.612770908512656,0.30862439791837254
2,исходный,служебные,12.171222315258222,0.3539449019825932
2,исходный,подслова,15.36028426151676,0.4466843318235762
2,исходный,смысловые частые,16.32528418741589,0.4747469861189784
2,исходный,смысловые редкие,12.942920605570102,0.37638625328238484
2,исходный,смысловые редкие,8.321168173801205,0.24198350645230624
2,исходный,служебные,14.668541821491056,0.4265681344696621
2,исходный,служебные,5.2550831461329786,0.15282030357268625
2,исходный,пунктуация,13.901385523511417,0.40425886645527925
2,исходный,пунктуация,11.948091591585557,0.3474561549961365
2,исходный,смысловые редкие,12.146381564632863,0.3532225212045965
2,исходный,смысловые редкие,9.274157879225879,0.2696968978554112
2,исходный,смысловые редкие,10.067898271106198,0.29277924389484794
2,исходный,подслова,9.901013118928024,0.2879261447319147
2,исходный,пунктуация,11.121572132673455,0.3234205781827371
2,исходный,смысловые редкие,15.947247325197136,0.46375349535214866
2,исходный,смысловые частые,22.562715746851637,0.6561344462066945
2,исходный,смысловые редкие,16.476553225505647,0.479145961297713
2,исходный,служебные,14.431347532820803,0.41967041236093217
2,исходный,подслова,9.948360990178209,0.2893030432236728
2,исходный,смысловые частые,15.464311914280445,0.44970950517159425
2,исходный,пунктуация,24.84482799357384,0.7224993497929806
2,исходный,смысловые частые,12.355901398845377,0.3593154570875267
2,исходный,подслова,17.22285656280541,0.5008488153519602
2,исходный,подслова,10.095427304571546,0.293579801209404
2,исходный,смысловые редкие,14.735569375219738,0.42851732743649257
2,исходный,пунктуация,6.603693759300027,0.19203853810379784
2,исходный,смысловые редкие,16.385858704877,0.47650852173882635
2,исходный,смысловые редкие,16.85328909815576,0.49010161867251145
2,исходный,смысловые редкие,17.46802946909716,0.5079785594350532
2,перемешивание,смысловые редкие,14.56391185803801,0.44932359406538447
2,перемешивание,подслова,10.841391283983903,0.3344769553586835
2,перемешивание,подслова,8.849044590504915,0.2730093781263902
2,перемешивание,подслова,15.508099595287577,0.4784535305624453
2,перемешивание,смысловые редкие,16.413582989415687,0.5063893665508797
2,перемешивание,смысловые частые,11.315415017726508,0.3491014635123749
2,перемешивание,смысловые редкие,18.925642770149103,0.5838910529239184
2,перемешивание,смысловые редкие,15.137428306043441,0.4670176363107163
2,перемешивание,смысловые редкие,17.451105915551956,0.538398866102986
2,перемешивание,смысловые редкие,18.144749663443605,0.5597990575379297
2,перемешивание,смысловые редкие,12.337479958208705,0.38063405564161285
2,перемешивание,служебные,13.791270617622565,0.42548618400340316
2,перемешивание,служебные,14.584057360771796,0.4499451200524154
2,перемешивание,служебные,16.229930174495767,0.5007233378310959
2,перемешивание,служебные,15.612704174845941,0.4816807751448768
2,перемешивание,смысловые редкие,12.64883220781851,0.3902398479025574
2,перемешивание,подслова,11.480767164894457,0.35420288281346235
2,перемешивание,пунктуация,20.029832505244716,0.6179573467287275
2,перемешивание,пунктуация,11.879408460488357,0.3665017034479936
2,перемешивание,пунктуация,12.11929935030117,0.37390278070284844
2,перемешивание,смысловые редкие,9.573347272640683,0.2953554543386561
2,перемешивание,пунктуация,9.783032873495776,0.30182464261158365
2,перемешивание,смысловые частые,9.853396560301045,0.30399549237744417
2,перемешивание,служебные,13.443587013921295,0.41475950233055037
2,перемешивание,служебные,15.842346770258997,0.4887656735792592
2,перемешивание,служебные,14.93363991341103,0.4607303878091493
2,перемешивание,смысловые редкие,16.804329834664003,0.518444628803774
2,перемешивание,пунктуация,12.451657575495124,0.3841566461283605
2,перемешивание,служебные,12.57384906407276,0.38792647935360075
2,перемешивание,смысловые частые,10.473575818848717,0.3231291685581091
2,перемешивание,смысловые частые,9.999737531241326,0.3085103817603825
2,перемешивание,служебные,15.376857199259899,0.4744044601168313
2,перемешивание,служебные,17.357513661663205,0.5355113721175865
2,перемешивание,служебные,20.111208520912694,0.6204679471901328
2,перемешивание,пунктуация,11.281969171957432,0.3480695973644605
2,перемешивание,служебные,22.13966582759518,0.6830496035700244
2,перемешивание,смысловые частые,22.383143512070014,0.6905613400683863
2,перемешивание,служебные,17.819180951593314,0.5497546611456874
2,перемешивание,пунктуация,27.858445026997156,0.8594845098361917
2,перемешивание,пунктуация,14.15612269647293,0.43674254486092884
2,перемешивание,смысловые частые,12.894325438414949,0.39781376772338045
2,перемешивание,смысловые частые,18.666385136388435,0.5758924758296785
2,перемешивание,смысловые редкие,9.336595343152144,0.28805121981041754
2,перемешивание,служебные,13.064995539757561,0.40307925573802
2,перемешивание,смысловые частые,19.934869756944472,0.615027570458141
2,перемешивание,пунктуация,18.20084392162806,0.5615296690617806
2,перемешивание,служебные,16.527480022104932,0.5099033004843009
2,перемешивание,пунктуация,7.855438040149968,0.2423547799219942
2,перемешивание,смысловые редкие,14.657264057167243,0.4522036819178459
2,перемешивание,смысловые редкие,15.563243000714218,0.48015480652159825
2,перемешивание,смысловые редкие,11.864664084369858,0.3660468121980058
2,перемешивание,смысловые редкие,13.339308452658814,0.41154231601500935
2,перемешивание,смысловые редкие,16.28591213285831,0.5024504846979175
2,перемешивание,подслова,11.380523781248558,0.35111018918416165
2,перемешивание,подслова,10.231626092098281,0.31566457237912005
2,перемешивание,пунктуация,15.455769817556275,0.47683906021711053
2,перемешивание,пунктуация,11.003365708796796,0.339474165683287
2,перемешивание,служебные,16.575163716269863,0.5113744305659264
2,перемешивание,подслова,12.8991576805983,0.39796285132443365
2,перемешивание,смысловые редкие,12.967135753815358,0.40006010050262547
2,перемешивание,подслова,15.177204467748586,0.46824480440330657
2,перемешивание,смысловые редкие,11.873044753936895,0.3663053713411289
2,перемешивание,подслова,8.19906428548182,0.2529562845913929
2,перемешивание,подслова,12.780530568152848,0.3943029856896268
2,перемешивание,служебные,16.327495067590686,0.5037333950772073
2,перемешивание,смысловые редкие,12.861861838797456,0.39681220568437503
2,перемешивание,пунктуация,30.81805437615489,0.950793927440166
2,перемешивание,пунктуация,15.162207848393178,0.46778213098332955
2,перемешивание,смысловые редкие,16.515223884778784,0.5095251759991747
2,перемешивание,служебные,12.80598253946395,0.395088226038307
2,чужие хапаксы,служебные,10.669274985712283,0.3218233226587897
2,чужие хапаксы,смысловые редкие,13.277170936376617,0.40048675022206087
2,чужие хапаксы,смысловые редкие,11.008082901862856,0.3320429757715545
2,чужие хапаксы,смысловые редкие,19.31938115810661,0.5827413244423383
2,чужие хапаксы,подслова,8.798127178730859,0.26538284237921356
2,чужие хапаксы,подслова,5.231758606547487,0.15780846780709606
2,чужие хапаксы,служебные,15.651325879840963,0.4720997167484343
2,чужие хапаксы,служебные,11.573140555835991,0.3490871265633316
2,чужие хапаксы,служебные,13.426616783529921,0.4049945690900571
2,чужие хапаксы,служебные,16.772379474552046,0.5059146847956203
2,чужие хапаксы,служебные,12.345150716882376,0.37237370184487667
2,чужие хапаксы,смысловые частые,20.002200104289916,0.6033375751087949
2,чужие хапаксы,пунктуация,8.655249702375755,0.2610731489618747
2,чужие хапаксы,смысловые частые,14.267342630735152,0.4303538541356708
2,чужие хапаксы,служебные,14.745054435375971,0.4447633431073876
2,чужие хапаксы,служебные,13.436363245482267,0.40528855708585554
2,чужие хапаксы,подслова,8.791739102601353,0.2651901552577223
2,чужие хапаксы,подслова,6.545482109241205,0.19743504630076214
2,чужие хапаксы,пунктуация,10.040119416834523,0.3028457505260377
2,чужие хапаксы,служебные,13.636637108481928,0.4113295298903407
2,чужие хапаксы,смысловые редкие,12.029988261192097,0.3628672800117742
2,чужие хапаксы,смысловые редкие,13.088584871296828,0.3947983230184881
2,чужие хапаксы,смысловые частые,13.707229954927518,0.41345886149248656
2,чужие хапаксы,служебные,14.59014679062924,0.44009077697666166
2,чужие хапаксы,служебные,12.728531520131371,0.38393783193904074
2,чужие хапаксы,служебные,12.510765044369434,0.3773692196493348
2,чужие хапаксы,служебные,19.533249361613255,0.5891923509606112
2,чужие хапаксы,смысловые редкие,9.91702245944988,0.2991327079914921
2,чужие хапаксы,пунктуация,10.405286530391272,0.313860490887302
2,чужие хапаксы,смысловые редкие,12.707234962817873,0.38329545194180553
2,чужие хапаксы,служебные,14.429682272285882,0.4352505957524213
2,чужие хапаксы,служебные,13.834233035008321,0.41728972659571417
2,чужие хапаксы,смысловые редкие,15.063346220281858,0.4543641566519427
2,чужие хапаксы,пунктуация,5.942242558369123,0.17923919354780313
2,чужие хапаксы,служебные,12.61635804044155,0.3805542803859765
2,чужие хапаксы,смысловые редкие,13.10172126763475,0.3951945635055778
2,чужие хапаксы,служебные,12.500026181150242,0.37704529729777797
2,чужие хапаксы,пунктуация,15.012025362201374,0.4528161368388552
2,чужие хапаксы,служебные,15.366749498545342,0.46351587982404957
2,чужие хапаксы,служебные,11.31389036199874,0.3412672176292786
2,чужие хапаксы,служебные,13.947471472998936,0.42070540108302784
2,чужие хапаксы,смысловые редкие,5.210458987503854,0.15716599545717838
2,чужие хапаксы,смысловые редкие,13.49881012819761,0.4071721774173258
2,чужие хапаксы,подслова,9.986884193412449,0.30123998663794616
2,чужие хапаксы,служебные,8.145881353088145,0.2457087858871125
2,чужие хапаксы,служебные,13.313709471954958,0.4015888825544504
2,чужие хапаксы,смысловые редкие,8.118971015723595,0.24489707429507596
2,чужие хапаксы,смысловые редкие,18.52489433830655,0.5587767731022455
2,чужие хапаксы,смысловые редкие,9.1790127219543,0.27687170654636784
2,чужие хапаксы,пунктуация,10.331761942186036,0.31164272751490646
2,чужие хапаксы,служебные,15.409278512033024,0.4647987062999193
2,чужие хапаксы,смысловые редкие,15.89457347701256,0.4794369303881017
2,чужие хапаксы,смысловые редкие,16.99116939978841,0.5125141679655757
2,чужие хапаксы,смысловые редкие,14.600163105355946,0.4403929046929743
2,чужие хапаксы,смысловые редкие,11.11678102824096,0.33532169829437186
2,чужие хапаксы,служебные,9.442869517967084,0.2848305670043325
2,чужие хапаксы,подслова,9.444801596091331,0.2848888453599297
2,чужие хапаксы,пунктуация,18.447878305892637,0.5564536953408574
2,чужие хапаксы,подслова,10.562381716452236,0.318599041053039
2,чужие хапаксы,подслова,10.478643328885758,0.31607319312458815
2,чужие хапаксы,служебные,10.539846427626992,0.31791929650277406
2,чужие хапаксы,служебные,11.938791683118232,0.3601164665019391
2,чужие хапаксы,служебные,17.00205051752326,0.512842381219837
2,чужие хапаксы,смысловые редкие,8.174497692005941,0.24657195656039518
2,чужие хапаксы,подслова,17.933489108957563,0.540937885623785
2,чужие хапаксы,служебные,12.212409908836916,0.3683697664364436
2,чужие хапаксы,служебные,14.433421220420543,0.4353633757410857
2,чужие хапаксы,смысловые редкие,13.949448640956652,0.42076503950854954
2,чужие хапаксы,пунктуация,8.721773866375255,0.26307975461446936
2,чужие хапаксы,пунктуация,11.214221400337607,0.33826084686362756
2,чужие хапаксы,смысловые частые,13.769249576014724,0.41532959409194176
2,чужие хапаксы,служебные,10.347907199934005,0.31212972597549465
2,чужие хапаксы,подслова,21.22308702921187,0.6401638718623437
2,чужие хапаксы,подслова,14.608502199608253,0.440644441467857
2,чужие хапаксы,смысловые частые,15.55627024959048,0.4692325004843862
2,чужие хапаксы,пунктуация,12.47544184045347,0.3763037460472004
2,чужие хапаксы,смысловые редкие,12.171198783096203,0.3671266921475021
2,чужие хапаксы,пунктуация,12.131512803272159,0.3659296216898518
2,чужие хапаксы,служебные,14.838738941250556,0.4475892013782242
2,чужие хапаксы,пунктуация,10.412110096012118,0.3140663139224587
2,чужие хапаксы,пунктуация,14.898023458208938,0.4493774334985246
2,чужие хапаксы,пунктуация,5.846263567288318,0.17634412543338795
3,исходный,служебные,9.929259147252695,0.31696722099701075
3,исходный,смысловые редкие,13.800956678902663,0.4405616593079121
3,исходный,смысловые редкие,10.11889798392493,0.3230209752763253
3,исходный,смысловые редкие,13.721349071874416,0.4380203818978097
3,исходный,смысловые частые,19.202880741996882,0.6130048227829644
3,исходный,подслова,11.190208207299133,0.3572199239886834
3,исходный,подслова,9.136715419221431,0.2916672082501194
3,исходный,смысловые частые,15.58203130071147,0.49741809390094427
3,исходный,служебные,17.62266045889021,0.5625601698364232
3,исходный,служебные,14.933807929108069,0.4767251542127609
3,исходный,смысловые редкие,11.19669223398629,0.35742691062176646
3,исходный,смысловые редкие,12.923596574662932,0.4125540919828654
3,исходный,смысловые редкие,13.321185428038538,0.42524614000829364
3,исходный,смысловые редкие,10.733170935155135,0.3426301311456172
3,исходный,служебные,13.71241670913724,0.43773523814722853
3,исходный,служебные,14.539030329607503,0.4641228485653967
3,исходный,смысловые редкие,10.258671663746094,0.3274829068468895
3,исходный,смысловые редкие,13.080597587934315,0.4175659638790798
3,исходный,служебные,15.872789511197269,0.5066998359315414
3,исходный,служебные,18.44538207075137,0.5888235374349985
3,исходный,пунктуация,15.907293387431139,0.507801287469998
3,исходный,служебные,11.879545658988905,0.37922532974463286
3,исходный,служебные,17.590938524149927,0.5615475249502176
3,исходный,смысловые редкие,17.54283127198739,0.5600118190328248
3,исходный,пунктуация,13.024946726389924,0.4157894467524525
3,исходный,пунктуация,8.10967624291601,0.2588815040257855
3,исходный,смысловые частые,7.805941225532713,0.24918550929428535
3,исходный,служебные,17.58532102843034,0.561368200190858
3,исходный,служебные,14.490087045799562,0.462560454390262
3,исходный,служебные,11.905145373671658,0.3800425377861365
3,исходный,пунктуация,18.451647607858874,0.5890235493246638
3,исходный,пунктуация,7.557269699768559,0.2412472813465981
3,исходный,подслова,12.278684165379978,0.39196684663803383
3,исходный,подслова,12.130203183594148,0.3872269558295051
3,исходный,служебные,15.997039849117476,0.5106662229232038
3,исходный,служебные,15.69262298062113,0.5009484617689292
3,исходный,служебные,13.277220101402737,0.4238426548945194
3,исходный,служебные,15.786705499060323,0.5039518151885367
3,исходный,служебные,16.993724521153304,0.5424829341219365
3,исходный,подслова,13.142829585450098,0.41955256761427673
3,исходный,подслова,13.846695640568035,0.44202176336556204
3,исходный,служебные,10.203406531889796,0.32571870319355134
3,исходный,служебные,11.38537378536488,0.3634501059183082
3,исходный,служебные,16.611182188159283,0.5302712093190466
3,исходный,служебные,19.668838595470014,0.6278793832840845
3,исходный,пунктуация,17.390356466009383,0.5551444351921806
3,исходный,пунктуация,11.781915681207813,0.3761087323948865
3,исходный,служебные,21.235887498793193,0.6779035722680324
3,исходный,смысловые частые,16.300325022979035,0.5203478575046814
3,исходный,подслова,7.339917399124113,0.23430884276917022
3,исходный,служебные,12.77262847273921,0.4077348059700519
3,исходный,смысловые редкие,9.410513042034655,0.30040752515913144
3,исходный,служебные,15.459086659659262,0.4934933880761823
3,исходный,служебные,13.056913957649332,0.4168099221278048
3,исходный,служебные,14.341812957450488,0.4578271681467586
3,исходный,смысловые редкие,18.135856657219772,0.5789426985224391
3,исходный,служебные,16.776666124760816,0.5355538777161893
3,исходный,подслова,13.82996766362847,0.4414877637705466
3,исходный,служебные,13.163587004311923,0.42021519724999573
3,исходный,пунктуация,19.089924227063808,0.6093989633627528
3,исходный,подслова,12.06739949287069,0.3852221021922146
3,исходный,служебные,14.498333440749626,0.46282370030335596
3,исходный,служебные,14.990510702231202,0.4785352510339962
3,исходный,служебные,12.005764697414477,0.38325456266658137
3,исходный,служебные,13.86851070194185,0.44271815564186295
3,исходный,служебные,16.036518662194197,0.5119264871064235
3,перемешивание,служебные,15.959415690762524,0.5551024221973492
3,перемешивание,смысловые частые,12.35791507054932,0.42983457050633994
3,перемешивание,пунктуация,9.323697466083642,0.32429802867118823
3,перемешивание,пунктуация,9.774734695054518,0.339986062816939
3,перемешивание,служебные,12.531965025144105,0.43588839811826346
3,перемешивание,подслова,12.947702632828234,0.450348636356031
3,перемешивание,смысловые редкие,13.727992736765515,0.4774887857891279
3,перемешивание,смысловые редкие,18.973064282206902,0.6599235300108818
3,перемешивание,смысловые редкие,11.229735094182788,0.39059407137465224
3,перемешивание,смысловые редкие,11.454529526687324,0.3984128998579515
3,перемешивание,смысловые редкие,13.753343116446244,0.4783705259127679
3,перемешивание,пунктуация,10.631843157740487,0.3697981181541664
3,перемешивание,служебные,15.420447949230468,0.5363559778031569
3,перемешивание,служебные,13.307614794885716,0.46286714685839436
3,перемешивание,служебные,15.06423755435949,0.5239662226369195
3,перемешивание,пунктуация,13.849036457508587,0.4816989438474301
3,перемешивание,служебные,12.97287495398625,0.451224183225534
3,перемешивание,служебные,20.20665817537122,0.7028305493762413
3,перемешивание,смысловые редкие,16.997474856345008,0.591208327849805
3,перемешивание,служебные,14.077821865670675,0.489656586952603
3,перемешивание,служебные,11.890914029014452,0.41359128100578907
3,перемешивание,служебные,14.159176142816785,0.4924862617461519
3,перемешивание,смысловые редкие,10.566596166337028,0.36752868901772795
3,перемешивание,смысловые редкие,12.512188636862218,0.4352005332709342
3,перемешивание,пунктуация,10.332736872470626,0.35939456537598713
3,перемешивание,служебные,13.815525058125035,0.48053334610065296
3,перемешивание,служебные,16.699168359715728,0.5808325934216352
3,перемешивание,служебные,18.472805516321298,0.6425234661207427
3,перемешивание,служебные,15.836686484152311,0.5508336393556865
3,перемешивание,служебные,20.33046046740628,0.7071366564113518
3,перемешивание,служебные,19.169516058328306,0.6667565406224847
3,перемешивание,служебные,11.967903599590217,0.41626914202141996
3,перемешивание,смысловые редкие,15.094133495057925,0.5250060670408205
3,перемешивание,служебные,15.372624718575727,0.5346925841245829
3,перемешивание,служебные,15.850663850995096,0.5513198019032829
3,перемешивание,служебные,12.948860893248133,0.4503889231169676
3,перемешивание,служебные,12.83959522297954,0.44658843070519216
3,перемешивание,служебные,15.25343483026418,0.5305469063012107
3,перемешивание,служебные,15.968559156067593,0.55542045136812
3,перемешивание,смысловые редкие,14.29496082796916,0.4972091418995284
3,перемешивание,служебные,14.339407850329762,0.49875510387269206
3,перемешивание,служебные,15.248601134646513,0.5303787800867226
3,перемешивание,смысловые редкие,13.383845949646611,0.46551862855889087
3,перемешивание,смысловые редкие,13.904425169341668,0.48362548105259423
3,перемешивание,служебные,15.585274227743394,0.5420889863428905
3,перемешивание,служебные,15.669270593303878,0.545010558591014
3,перемешивание,служебные,15.842823413901883,0.551047094825163
3,перемешивание,смысловые частые,15.440396859229399,0.5370498433227456
3,перемешивание,смысловые редкие,14.015965069489564,0.48750507601668713
3,перемешивание,смысловые редкие,20.852310765658363,0.7252877197207568
3,перемешивание,подслова,8.580462000951359,0.2984467183881492
3,перемешивание,смысловые редкие,20.14927690498368,0.7008347067465315
3,перемешивание,пунктуация,23.328041660730655,0.8113989059441278
3,перемешивание,смысловые частые,15.813873378037414,0.5500401510032555
3,перемешивание,служебные,15.117934811744107,0.5258339274587701
3,перемешивание,смысловые частые,13.508724967597734,0.4698621864114768
3,перемешивание,служебные,15.371959759082864,0.5346694554191025
3,перемешивание,служебные,13.954182817409135,0.48535615788314274
3,перемешивание,смысловые редкие,15.603938470404756,0.5427381684000882
3,перемешивание,служебные,16.517603925734562,0.5745173962339228
3,перемешивание,пунктуация,13.345695820412939,0.4641916859216983
3,перемешивание,служебные,14.716883292549428,0.5118845026148675
3,перемешивание,смысловые редкие,12.281561195612388,0.4271788203371043
3,перемешивание,подслова,10.72980808778043,0.37320554678496787
3,чужие хапаксы,служебные,14.541014376358403,0.4789765209280697
3,чужие хапаксы,смысловые редкие,11.978254421333277,0.3945599998064448
3,чужие хапаксы,смысловые частые,20.655049254735616,0.6803709408138844
3,чужие хапаксы,служебные,16.044035986654244,0.5284855883937948
3,чужие хапаксы,подслова,10.227898207479944,0.3369038069166707
3,чужие хапаксы,подслова,11.571807626868333,0.3811717679736158
3,чужие хапаксы,смысловые редкие,10.697782880204237,0.3523816628594327
3,чужие хапаксы,смысловые редкие,9.806739094479138,0.3230309558568262
3,чужие хапаксы,служебные,13.838522779377016,0.4558366647671122
3,чужие хапаксы,служебные,16.497185997778384,0.5434122097538319
3,чужие хапаксы,смысловые частые,16.56287708326646,0.5455760538137224
3,чужие хапаксы,смысловые частые,14.6226034423334,0.4816640395533186
3,чужие хапаксы,служебные,17.679957070387534,0.5823723234535866
3,чужие хапаксы,смысловые редкие,9.457400163734262,0.3115238394107439
3,чужие хапаксы,пунктуация,31.787650296518482,1.0470753795731802
3,чужие хапаксы,служебные,17.54925405831473,0.5780670066182471
3,чужие хапаксы,пунктуация,11.053653294192056,0.36410392434555366
3,чужие хапаксы,пунктуация,8.971405181587542,0.2955153148530898
3,чужие хапаксы,служебные,14.889318431204739,0.490449548881792
3,чужие хапаксы,подслова,16.819261759307466,0.5540212858292447
3,чужие хапаксы,служебные,17.361518373963474,0.5718830511790162
3,чужие хапаксы,служебные,11.880654750381595,0.39134509679994156
3,чужие хапаксы,смысловые редкие,5.8732449372176925,0.19346287361909914
3,чужие хапаксы,смысловые частые,8.3547989437106,0.2752044958856714
3,чужие хапаксы,смысловые редкие,16.927534422699537,0.5575877539091791
3,чужие хапаксы,служебные,11.457128453945302,0.3773942714491032
3,чужие хапаксы,служебные,14.445272271913487,0.47582280558838086
3,чужие хапаксы,служебные,14.63570253941175,0.4820955197639487
3,чужие хапаксы,служебные,14.551076519844404,0.4793079648256729
3,чужие хапаксы,смысловые частые,17.405030068181233,0.5733163129430643
3,чужие хапаксы,пунктуация,13.247319107563431,0.43636259847737874
3,чужие хапаксы,пунктуация,16.148041078622725,0.5319114839895561
3,чужие хапаксы,служебные,17.413545212267216,0.5735967991583958
3,чужие хапаксы,пунктуация,13.78006368658642,0.45391104031226154
3,чужие хапаксы,пунктуация,13.472976652818842,0.4437956882983568
3,чужие хапаксы,служебные,16.649919822768123,0.5484432147599587
3,чужие хапаксы,служебные,16.385129555368437,0.5397211051620946
3,чужие хапаксы,служебные,15.668824741454822,0.5161262459031566
3,чужие хапаксы,служебные,18.481609890503897,0.6087785196675038
3,чужие хапаксы,служебные,14.098665630210098,0.4644056898991501
3,чужие хапаксы,подслова,14.03374456923973,0.46226721020896405
3,чужие хапаксы,смысловые редкие,14.841321311530518,0.4888685385890366
3,чужие хапаксы,смысловые частые,15.050554934409263,0.49576062948130456
3,чужие хапаксы,смысловые редкие,13.390170922388016,0.4410680931218367
3,чужие хапаксы,пунктуация,15.772104934225554,0.5195282635433107
3,чужие хапаксы,пунктуация,12.270347534399027,0.4041814567049916
3,чужие хапаксы,служебные,14.517974831830726,0.47821760544968495
3,чужие хапаксы,служебные,14.196797350838327,0.4676381184576154
3,чужие хапаксы,служебные,12.456936937955732,0.4103276540090077
3,чужие хапаксы,служебные,13.205769010735168,0.43499395112528044
3,чужие хапаксы,служебные,12.12183777822446,0.39928959122055735
3,чужие хапаксы,служебные,17.33813387250054,0.5711127729257628
3,чужие хапаксы,подслова,8.80764266633448,0.2901210281971416
3,чужие хапаксы,служебные,12.023421262148442,0.3960477815880331
3,чужие хапаксы,пунктуация,15.060142555692654,0.49607644276416335
3,чужие хапаксы,подслова,13.756488414792718,0.4531344781432536
3,чужие хапаксы,служебные,17.117078170150617,0.5638312663882943
3,чужие хапаксы,служебные,14.003984278414578,0.46128691542399947
3,чужие хапаксы,пунктуация,16.308959217813044,0.5372120777768032
3,чужие хапаксы,подслова,14.197683070729967,0.4676672937971917
3,чужие хапаксы,служебные,12.611593722679737,0.4154220007146588
3,чужие хапаксы,служебные,13.172675334244367,0.43390385564638084
3,чужие хапаксы,служебные,11.991982242267007,0.39501218998661897
4,исходный,пунктуация,17.58095647401193,0.5565127258632181
4,исходный,пунктуация,10.505223752181926,0.33253541778410867
4,исходный,служебные,11.339256635621062,0.3589361380241239
4,исходный,служебные,10.59053401342505,0.3352358536846635
4,исходный,служебные,12.255440924087043,0.38793730280835736
4,исходный,смысловые редкие,11.732169012406995,0.37137350103982547
4,исходный,служебные,15.204467843634477,0.48128666136386716
4,исходный,служебные,12.316357714617574,0.38986558066963845
4,исходный,служебные,10.472749091117976,0.3315074553875862
4,исходный,пунктуация,10.9262987753743,0.34586424942623784
4,исходный,пунктуация,9.247398018270326,0.2927198350042538
4,исходный,подслова,6.470700075865524,0.2048254281720265
4,исходный,пунктуация,8.75152270642366,0.2770232532004148
4,исходный,пунктуация,10.103925238652769,0.31983259754909527
4,исходный,пунктуация,8.967677464975456,0.28386547899556885
4,исходный,служебные,11.088106458820606,0.3509861570490356
4,исходный,служебные,15.214109574276636,0.4815918635188033
4,исходный,пунктуация,14.865552228469495,0.4705585275952706
4,исходный,служебные,16.947750794046293,0.5364690485177536
4,исходный,подслова,11.608365573762468,0.3674545908705664
4,исходный,служебные,15.61240346925579,0.49419957468157066
4,исходный,служебные,19.415739298071266,0.6145914767146651
4,исходный,пунктуация,11.340491087898702,0.35897521373669916
4,исходный,пунктуация,9.808870943427689,0.3104928627993914
4,исходный,подслова,7.595886081215683,0.24044239428340836
4,исходный,служебные,17.891971746777216,0.5663576940529496
4,исходный,служебные,14.652841362401569,0.46382531577763314
4,исходный,смысловые редкие,5.33140212332783,0.16876175836689614
4,исходный,служебные,12.864617387756455,0.4072203523301231
4,исходный,служебные,12.463277308110941,0.39451621634913464
4,исходный,служебные,10.685733375493202,0.3382493220680988
4,исходный,служебные,8.279398930718948,0.2620785094516518
4,исходный,пунктуация,11.362679696842191,0.35967757843821624
4,исходный,смысловые частые,11.397483704859463,0.36077927466283793
4,исходный,смысловые редкие,5.172493265711843,0.1637316110227282
4,исходный,служебные,18.621415069699452,0.5894477058280337
4,исходный,служебные,14.707171001433208,0.4655450820234205
4,исходный,служебные,13.981844494141937,0.44258538513149137
4,исходный,служебные,12.963200544976212,0.41034093235258473
4,исходный,смысловые редкие,6.415256678987968,0.2030704067104209
4,исходный,подслова,6.628359233519611,0.2098160171489727
4,исходный,подслова,8.107084494620384,0.2566240180148209
4,исходный,пунктуация,6.640171599661987,0.21018992923336385
4,исходный,пунктуация,9.237565600171918,0.29240859677294023
4,исходный,служебные,12.11742195949137,0.3835684102329451
4,исходный,подслова,7.978077808233196,0.2525404027233525
4,исходный,пунктуация,21.473414878914326,0.6797257399232605
4,исходный,служебные,21.316523454156656,0.6747594529874206
4,исходный,смысловые редкие,5.48523917806293,0.1736313613828612
4,исходный,служебные,12.502995265980283,0.3957734601761279
4,исходный,служебные,10.83512336151964,0.34297815627362876
4,исходный,смысловые редкие,9.788827935348213,0.30985841557365057
4,исходный,служебные,16.787794088370873,0.5314057322853795
4,исходный,пунктуация,11.175841611017443,0.35376335115535507
4,исходный,служебные,15.120808425901176,0.47863848174544255
4,исходный,служебные,14.672985508217197,0.4644629644467833
4,исходный,служебные,16.13158077996842,0.510633764756389
4,исходный,служебные,16.295375871808993,0.5158185823843694
4,исходный,служебные,16.815507016132692,0.5322829653866148
4,исходный,служебные,12.580784788997915,0.39823583243455046
4,исходный,служебные,7.713824882199878,0.24417566350102882
4,исходный,пунктуация,6.29845893697578,0.19937325690642965
4,исходный,пунктуация,7.82980772793216,0.24784701834041178
4,исходный,пунктуация,9.60409624852924,0.3040108648595069
4,исходный,служебные,6.181211847075577,0.19566188331328396
4,исходный,служебные,17.385301729552204,0.5503194134954691
4,исходный,служебные,15.905768860793632,0.5034858483811835
4,перемешивание,пунктуация,10.548695545752885,0.346684397380036
4,перемешивание,подслова,9.927650600881726,0.3262736658801339
4,перемешивание,служебные,11.274738990706034,0.3705459196975182
4,перемешивание,служебные,13.106996855271355,0.43076333813248385
4,перемешивание,служебные,18.068698809343704,0.5938303869885373
4,перемешивание,служебные,14.822059724478247,0.48712912617717335
4,перемешивание,служебные,12.858664879801584,0.42260187201636357
4,перемешивание,служебные,14.714141552388504,0.48358237991883135
4,перемешивание,служебные,14.853205796395596,0.4881527463135767
4,перемешивание,служебные,12.71952231212551,0.41802893150296405
4,перемешивание,служебные,12.138880587132553,0.39894605763957575
4,перемешивание,служебные,12.672788731022964,0.4164930256336861
4,перемешивание,подслова,9.027655784502556,0.29669520670399513
4,перемешивание,смысловые редкие,13.600446415392199,0.4469806289478222
4,перемешивание,служебные,15.360441932822907,0.5048231349435226
4,перемешивание,служебные,14.867581510133707,0.48862520621466954
4,перемешивание,служебные,12.673064161540385,0.41650207769728376
4,перемешивание,пунктуация,12.900387329009078,0.42397308631466063
4,перемешивание,служебные,19.92785674268772,0.6549318800556292
4,перемешивание,служебные,21.413383687283194,0.703753936900965
4,перемешивание,пунктуация,9.988846793842399,0.3282848875697261
4,перемешивание,пунктуация,9.85330817977097,0.3238303915102586
4,перемешивание,пунктуация,9.676826014436639,0.3180302797455494
4,перемешивание,пунктуация,11.32710166489787,0.3722668265213684
4,перемешивание,пунктуация,10.9078558398933,0.3584882521407356
4,перемешивание,смысловые частые,15.046280939716299,0.49449818868802764
4,перемешивание,пунктуация,12.10560906309664,0.39785258421338043
4,перемешивание,служебные,13.696539220498403,0.4501387328182306
4,перемешивание,смысловые частые,11.71740021112492,0.38509404441860945
4,перемешивание,смысловые редкие,13.173591977737875,0.4329519964173512
4,перемешивание,служебные,19.86960621528941,0.6530174680887123
4,перемешивание,подслова,10.30271862578002,0.33860033050178356
4,перемешивание,служебные,14.114210618210286,0.46386556341928253
4,перемешивание,подслова,7.4191226212887775,0.24383053277954062
4,перемешивание,служебные,15.580463218597622,0.5120541661680704
4,перемешивание,служебные,12.336491497547604,0.4054405686524133
4,перемешивание,пунктуация,12.792974486446287,0.4204429477839538
4,перемешивание,служебные,16.817979102856704,0.5527253038193336
4,перемешивание,служебные,15.470574980163349,0.5084426733957648
4,перемешивание,служебные,20.76864060894046,0.6825643628336582
4,перемешивание,смысловые частые,14.691912775901505,0.48285182798020865
4,перемешивание,смысловые редкие,16.553451328837156,0.5440315604528211
4,перемешивание,пунктуация,9.495284815979437,0.31206390212911284
4,перемешивание,пунктуация,10.620361080107658,0.3490396954813928
4,перемешивание,служебные,12.32787512863181,0.4051573904478457
4,перемешивание,пунктуация,13.21302983473998,0.4342481272639979
4,перемешивание,смысловые частые,9.978921638112734,0.32795869589814763
4,перемешивание,служебные,13.39367956759656,0.4401852067351618
4,перемешивание,служебные,6.234562685953753,0.2048998000115918
4,перемешивание,служебные,17.48248005685057,0.5745642233136568
4,перемешивание,служебные,13.796524885297744,0.45342477608275134
4,перемешивание,служебные,13.638489177899208,0.44823090981309227
4,перемешивание,служебные,13.930512005655764,0.4578282820780219
4,перемешивание,пунктуация,18.97712507020526,0.6236859468011237
4,перемешивание,служебные,15.40423806758864,0.5062625012161558
4,перемешивание,смысловые редкие,15.677798735858849,0.5152531119523166
4,перемешивание,служебные,13.462806735372517,0.4424570810535599
4,перемешивание,пунктуация,12.881680339496006,0.42335827841182516
4,перемешивание,служебные,12.536347667068085,0.4120088704289099
4,перемешивание,служебные,14.978382422353638,0.4922666941423016
4,перемешивание,служебные,15.043688779354136,0.4944129969646367
4,перемешивание,пунктуация,15.480764728599889,0.5087775609447375
4,перемешивание,служебные,13.857131450697498,0.4554166195776892
4,перемешивание,служебные,15.685070992049226,0.5154921156987059
4,перемешивание,служебные,12.159797838023536,0.3996335061007182
4,перемешивание,служебные,13.381051117782441,0.43977017091441384
4,чужие хапаксы,пунктуация,10.97623028184312,0.3627460706524775
4,чужие хапаксы,пунктуация,17.628622420441094,0.5825965153636863
4,чужие хапаксы,смысловые редкие,5.776313610969692,0.19089751321105045
4,чужие хапаксы,смысловые редкие,11.711200441859356,0.38703560638076245
4,чужие хапаксы,подслова,12.110000976138739,0.4002152976836369
4,чужие хапаксы,служебные,13.460473268694292,0.4448461504509961
4,чужие хапаксы,служебные,13.881971079382264,0.4587759488143382
4,чужие хапаксы,служебные,7.0558014171923205,0.2331824473129506
4,чужие хапаксы,служебные,13.265863392276312,0.43841461920865665
4,чужие хапаксы,служебные,12.246749548179166,0.40473460949664236
4,чужие хапаксы,служебные,13.28168986691816,0.4389376577511432
4,чужие хапаксы,смысловые редкие,12.128703773763482,0.40083339389466544
4,чужие хапаксы,пунктуация,16.44993531430233,0.5436428759718586
4,чужие хапаксы,служебные,12.366827368566593,0.40870298082264367
4,чужие хапаксы,служебные,12.29613813086933,0.40636681963126287
4,чужие хапаксы,служебные,10.862065113464588,0.3589731025959311
4,чужие хапаксы,смысловые редкие,12.183183064719152,0.40263384343140607
4,чужие хапаксы,служебные,12.843400538303822,0.4244529277772503
4,чужие хапаксы,служебные,13.811473966233757,0.4564461370182732
4,чужие хапаксы,служебные,12.756312573626342,0.4215748160597752
4,чужие хапаксы,подслова,8.12439906911756,0.2684978141912823
4,чужие хапаксы,пунктуация,10.912658081588267,0.36064511565672386
4,чужие хапаксы,служебные,12.904016425594477,0.4264561815692349
4,чужие хапаксы,служебные,13.053437843140829,0.4313943097511776
4,чужие хапаксы,служебные,7.72942100973196,0.25544444929668136
4,чужие хапаксы,пунктуация,16.303348698931025,0.5387984332651355
4,чужие хапаксы,пунктуация,10.033953310436889,0.33160539119631255
4,чужие хапаксы,служебные,17.796972524209963,0.5881602049973771
4,чужие хапаксы,пунктуация,8.672174332068199,0.28660087135514917
4,чужие хапаксы,пунктуация,8.585539332112058,0.2837377293648564
4,чужие хапаксы,подслова,6.482438185358517,0.21423375053238405
4,чужие хапаксы,служебные,14.888278576874589,0.49203273016916343
4,чужие хапаксы,смысловые частые,9.999428898054774,0.3304644170538591
4,чужие хапаксы,смысловые частые,10.499338684258795,0.34698560018958485
4,чужие хапаксы,служебные,11.989718156724637,0.3962401514823365
4,чужие хапаксы,смысловые редкие,6.352076114705131,0.20992550191902717
4,чужие хапаксы,служебные,11.845472401644782,0.3914730702969069
4,чужие хапаксы,смысловые частые,13.810267854915413,0.456406277054491
4,чужие хапаксы,смысловые редкие,6.0832277652031195,0.20104051318618488
4,чужие хапаксы,смысловые редкие,5.758477532814796,0.19030806063030042
4,чужие хапаксы,служебные,14.810041111834733,0.4894471126764287
4,чужие хапаксы,служебные,8.792438813617203,0.29057541152064875
4,чужие хапаксы,служебные,14.99514782530401,0.4955645802621305
4,чужие хапаксы,служебные,7.425713582789465,0.2454074263003977
4,чужие хапаксы,пунктуация,9.760436395751869,0.3225661141848686
4,чужие хапаксы,служебные,12.427738374676503,0.41071598779849117
4,чужие хапаксы,служебные,16.183752004245296,0.5348459623396634
4,чужие хапаксы,служебные,15.987686647172566,0.5283663298936443
4,чужие хапаксы,служебные,9.422966619356176,0.31141330195260264
4,чужие хапаксы,служебные,9.847115277527067,0.3254307063959591
4,чужие хапаксы,смысловые частые,14.128726769179535,0.4669308120585221
4,чужие хапаксы,служебные,9.839323208908223,0.325173191547859
4,чужие хапаксы,смысловые редкие,8.158293243834377,0.26961796003196065
4,чужие хапаксы,пунктуация,14.057468390419519,0.46457584170599403
4,чужие хапаксы,смысловые редкие,10.187378359816847,0.33667583272069507
4,чужие хапаксы,служебные,14.238459807145276,0.4705573056105641
4,чужие хапаксы,служебные,16.866012979434764,0.557393547581101
4,чужие хапаксы,пунктуация,9.404092719711004,0.31078955110569295
4,чужие хапаксы,служебные,19.400441647894443,0.6411521803016202
4,чужие хапаксы,пунктуация,7.794150223004217,0.2575836416394093
4,чужие хапаксы,пунктуация,10.884907835081947,0.35972801637752444
4,чужие хапаксы,служебные,12.460076642124085,0.4117847135036838
4,чужие хапаксы,служебные,18.210784301493888,0.6018359927992941
4,чужие хапаксы,пунктуация,7.768873990314803,0.2567483043830336
4,чужие хапаксы,служебные,16.70380562298598,0.552032865482434
4,чужие хапаксы,служебные,11.441131616846059,0.3781102829715624
4,чужие хапаксы,служебные,9.318865220513919,0.30797292466369663
4,чужие хапаксы,служебные,13.170120889225869,0.43525048945880696
5,исходный,служебные,19.27260362826942,0.5839112573005178
5,исходный,пунктуация,11.629840001955714,0.3523548052316581
5,исходный,служебные,7.942710605108882,0.2406440886378432
5,исходный,служебные,15.174436074632554,0.4597471217728074
5,исходный,смысловые частые,14.979070232889393,0.45382802975565545
5,исходный,служебные,17.210196521098524,0.5214255262471772
5,исходный,смысловые частые,13.534712069175262,0.41006762209960296
5,исходный,смысловые редкие,10.481660546934915,0.3175678650693849
5,исходный,смысловые редкие,5.818155142694884,0.17627541924627352
5,исходный,пунктуация,13.622644024747283,0.41273173846526306
5,исходный,пунктуация,8.268330164807194,0.25050953962580375
5,исходный,служебные,24.018935307182403,0.727713130241762
5,исходный,служебные,10.38766145150615,0.31471992967593276
5,исходный,служебные,19.18333692869466,0.5812067015596782
5,исходный,пунктуация,8.010270170708301,0.24269097299517878
5,исходный,служебные,13.46532375431088,0.40796533125421897
5,исходный,служебные,12.2712207149532,0.37178702237046374
5,исходный,служебные,12.05061124234186,0.365103112037978
5,исходный,служебные,17.411544471524852,0.5275258610621301
5,исходный,служебные,15.352998372371896,0.46515710880883565
5,исходный,пунктуация,9.681739995484863,0.29333229088611273
5,исходный,служебные,17.92782262171694,0.5431677862327001
5,исходный,служебные,12.50186690436124,0.3787750198951612
5,исходный,подслова,13.07917587198678,0.39626602482833134
5,исходный,подслова,10.739151431118769,0.32536918910568047
5,исходный,подслова,9.638641512698864,0.2920265156127395
5,исходный,служебные,20.03934389669981,0.6071415526356754
5,исходный,служебные,15.767788629302999,0.47772420690892736
5,исходный,служебные,14.74768376781572,0.44681760374630664
5,исходный,служебные,14.233670926082144,0.4312443117057327
5,исходный,пунктуация,7.599544719394316,0.23024702824812404
5,исходный,служебные,14.965243040443298,0.4534091007161824
5,исходный,пунктуация,7.861060727361804,0.23817030337803546
5,исходный,пунктуация,8.942009998696346,0.27092033862377707
5,исходный,служебные,5.665888557498675,0.17166212594549915
5,исходный,служебные,12.057767612195997,0.36531993198611973
5,исходный,служебные,27.00787571631194,0.8182704823231979
5,исходный,служебные,14.93366945283962,0.45245250068482445
5,исходный,служебные,14.48176792455634,0.438761024709629
5,исходный,служебные,17.134661858851867,0.5191370165858504
5,исходный,служебные,19.53247263498254,0.5917846324484777
5,исходный,служебные,18.516105851089797,0.5609912836042776
5,исходный,служебные,19.485464409127236,0.5903604018259802
5,исходный,смысловые редкие,14.881578520357406,0.45087427687727255
5,исходный,подслова,6.317600982162626,0.19140736787667811
5,исходный,служебные,16.96958688508039,0.5141356614320316
5,исходный,пунктуация,12.535812150924391,0.37980347520832874
5,исходный,служебные,15.050518490119186,0.45599273165663706
5,исходный,служебные,13.050558345600818,0.3953989859925226
5,исходный,служебные,16.249308157906686,0.4923130335555416
5,исходный,пунктуация,16.246197733248316,0.4922187955372625
5,исходный,пунктуация,17.409190885812407,0.5274545533540993
5,исходный,подслова,11.385283744471227,0.34494536774501694
5,исходный,смысловые частые,22.14224322504738,0.6708540958122874
5,исходный,пунктуация,9.591892083428425,0.29061012587371415
5,исходный,служебные,19.507937669523233,0.591041284906781
5,исходный,служебные,21.6478792250615,0.6558761140946304
5,исходный,служебные,13.473346305061966,0.4082083942978107
5,исходный,служебные,13.608956166886172,0.4123170309121171
5,исходный,служебные,14.040176763323721,0.42538192683880915
5,исходный,пунктуация,11.42635734667479,0.34618979424634155
5,исходный,служебные,16.82217278607593,0.5096693862180663
5,исходный,подслова,12.60693401852331,0.38195828832710893
5,исходный,служебные,19.04997577969836,0.5771661952696381
5,исходный,служебные,11.796097386941533,0.35739198446156595
5,исходный,служебные,17.859593893291635,0.5411006279303109
5,исходный,служебные,13.824209239107839,0.41883865582917756
5,перемешивание,служебные,17.750788073082894,0.5896021570454555
5,перемешивание,служебные,11.816593375385729,0.3924946269637056
5,перемешивание,служебные,15.18206465230434,0.5042806004188611
5,перемешивание,служебные,16.825182144414512,0.5588576486963026
5,перемешивание,подслова,10.205707935462074,0.33898818396964253
5,перемешивание,пунктуация,10.63642578079066,0.35329471332699514
5,перемешивание,пунктуация,11.118717282936021,0.36931428996882315
5,перемешивание,служебные,14.853691435339233,0.493373503999172
5,перемешивание,служебные,14.891632821423139,0.4946337479378785
5,перемешивание,смысловые частые,15.932008826314972,0.5291904072871455
5,перемешивание,служебные,15.706606318813874,0.5217035394320994
5,перемешивание,служебные,14.890080011779,0.4945821705142793
5,перемешивание,служебные,15.694859840955035,0.5213133737304559
5,перемешивание,служебные,17.962674526061793,0.5966400817398813
5,перемешивание,смысловые частые,12.167569289575917,0.4041524843627994
5,перемешивание,пунктуация,10.46472548322953,0.3475915938153099
5,перемешивание,пунктуация,11.314460140609047,0.37581599629504897
5,перемешивание,пунктуация,11.439710062809283,0.3799762411244612
5,перемешивание,пунктуация,12.304506226376478,0.408700919789125
5,перемешивание,служебные,12.419266431204651,0.4125127429054334
5,перемешивание,служебные,14.502720430039917,0.4817158096515797
5,перемешивание,подслова,9.491898590960613,0.31527861527305845
5,перемешивание,служебные,14.033800957122143,0.4661403922912551
5,перемешивание,пунктуация,11.96558620291619,0.3974435054098108
5,перемешивание,подслова,12.44517828692136,0.41337341939825845
5,перемешивание,служебные,13.220222909230362,0.4391169514171444
5,перемешивание,смысловые редкие,13.959745278892074,0.4636805923406195
5,перемешивание,смысловые редкие,11.545992655877052,0.3835064757186179
5,перемешивание,служебные,12.938487485426997,0.42975895486472826
5,перемешивание,служебные,12.845551192419308,0.4266720249436712
5,перемешивание,пунктуация,12.33959759704756,0.4098664989034813
5,перемешивание,пунктуация,10.561837060434447,0.35081720808991945
5,перемешивание,подслова,10.198142353791146,0.33873688902689875
5,перемешивание,подслова,10.103462667103031,0.3355920513289967
5,перемешивание,служебные,17.308953767423663,0.5749263883640416
5,перемешивание,пунктуация,10.171426688601912,0.3378495135617856
5,перемешивание,пунктуация,11.391192147201677,0.3783646919594429
5,перемешивание,пунктуация,9.86855475343683,0.3277894561971973
5,перемешивание,служебные,20.45716768468763,0.67949603951514
5,перемешивание,служебные,13.778006748310403,0.4576440474160755
5,перемешивание,служебные,12.750776620229088,0.4235240355717994
5,перемешивание,служебные,14.037403513401136,0.46626005317302704
5,перемешивание,служебные,11.690665272372978,0.3883118559868188
5,перемешивание,пунктуация,18.18275931868564,0.6039503187800436
5,перемешивание,служебные,14.799775167007319,0.4915826455889732
5,перемешивание,смысловые редкие,12.493443727931954,0.4149765824811274
5,перемешивание,пунктуация,11.592835772740878,0.3850623955252165
5,перемешивание,пунктуация,15.0191570034858,0.49886953355539804
5,перемешивание,служебные,15.751679564640689,0.5232006720019388
5,перемешивание,служебные,14.017555231614747,0.4656007816124225
5,перемешивание,служебные,15.233035713830182,0.5059736321703981
5,перемешивание,служебные,13.692227950745211,0.4547948576299671
5,перемешивание,служебные,15.483569872458647,0.5142952615951167
5,перемешивание,служебные,12.235027212793296,0.406393136263719
5,перемешивание,пунктуация,15.859984219803819,0.5267980704971119
5,перемешивание,служебные,13.452134768865374,0.4468200309718246
5,перемешивание,служебные,12.064972175714404,0.40074466498090305
5,перемешивание,служебные,14.387843710615476,0.4779001164390815
5,перемешивание,служебные,17.29521575703358,0.5744700728175905
5,перемешивание,служебные,15.868257115385227,0.5270728592591504
5,перемешивание,служебные,16.37739190148974,0.5439840502934966
5,чужие хапаксы,служебные,19.39972708246328,0.628802473595193
5,чужие хапаксы,пунктуация,12.087922781443208,0.3918052925842526
5,чужие хапаксы,служебные,15.663528962188224,0.5077012534654324
5,чужие хапаксы,служебные,9.311454346099575,0.301811747181171
5,чужие хапаксы,пунктуация,10.59632418170406,0.3434581748572743
5,чужие хапаксы,смысловые частые,8.65269965802879,0.28045956136997024
5,чужие хапаксы,служебные,15.31043287293884,0.4962563659475297
5,чужие хапаксы,смысловые частые,15.364913408261833,0.49802224106671406
5,чужие хапаксы,смысловые частые,8.593607736203344,0.2785442175893393
5,чужие хапаксы,служебные,13.726009061997688,0.4449005088621209
5,чужие хапаксы,служебные,13.731718800008458,0.4450855783411652
5,чужие хапаксы,смысловые частые,12.334430994866722,0.3997953521197992
5,чужие хапаксы,смысловые редкие,13.809113764638642,0.44759417781766325
5,чужие хапаксы,смысловые частые,16.950348737123985,0.5494108844365951
5,чужие хапаксы,служебные,22.793505850260622,0.738804870791538
5,чужие хапаксы,служебные,12.122480785918397,0.3929254196151198
5,чужие хапаксы,служебные,19.19872038279567,0.6222872525602304
5,чужие хапаксы,подслова,10.365213736841682,0.3359672024953736
5,чужие хапаксы,служебные,9.388981893834828,0.3043246440678372
5,чужие хапаксы,служебные,12.669438834909657,0.4106539460369892
5,чужие хапаксы,служебные,12.10325781620084,0.3923023463699723
5,чужие хапаксы,служебные,17.342244991005735,0.5621133999300371
5,чужие хапаксы,служебные,14.091768399416408,0.4567558496682982
5,чужие хапаксы,служебные,10.098631176448258,0.32732647406243315
5,чужие хапаксы,служебные,11.648620979579208,0.3775662232152503
5,чужие хапаксы,смысловые редкие,17.87179767059797,0.5792777669034038
5,чужие хапаксы,служебные,13.47777530432477,0.4368545193391208
5,чужие хапаксы,служебные,13.194695622089574,0.4276790704445361
5,чужие хапаксы,служебные,9.01165221090624,0.2920942741776924
5,чужие хапаксы,служебные,12.21635776693752,0.3959682499409049
5,чужие хапаксы,служебные,12.190580953196791,0.39513274724683733
5,чужие хапаксы,служебные,12.333071065164829,0.3997512727800832
5,чужие хапаксы,служебные,12.989731408258766,0.42103557468258745
5,чужие хапаксы,подслова,7.569403128785144,0.24534672012586553
5,чужие хапаксы,служебные,23.322956421765657,0.7559659281401078
5,чужие хапаксы,служебные,14.759368683556941,0.4783947473835087
5,чужие хапаксы,служебные,12.154632222592069,0.39396754267304257
5,чужие хапаксы,служебные,12.09956386882054,0.39218261462116016
5,чужие хапаксы,пунктуация,10.104021019629437,0.3275011748048822
5,чужие хапаксы,пунктуация,12.00628816115826,0.38915927334140554
5,чужие хапаксы,пунктуация,9.543995908736772,0.30934910629856505
5,чужие хапаксы,подслова,13.427095959880576,0.43521185204739904
5,чужие хапаксы,смысловые частые,18.9494317066952,0.6142070700141086
5,чужие хапаксы,служебные,23.88358312573572,0.7741374960555433
5,чужие хапаксы,служебные,11.77167188007592,0.38155466646919645
5,чужие хапаксы,служебные,15.045896257140873,0.4876819526239201
5,чужие хапаксы,подслова,11.67282827938842,0.37835085332547763
5,чужие хапаксы,подслова,11.885579038378127,0.3852467340223207
5,чужие хапаксы,служебные,15.971809267765813,0.51769352902085
5,чужие хапаксы,служебные,20.834202264369093,0.6752980525721092
5,чужие хапаксы,служебные,13.384618638264822,0.43383503654942074
5,чужие хапаксы,служебные,16.958672173063185,0.5496806715879882
5,чужие хапаксы,пунктуация,12.206595311563861,0.3956518199178831
5,чужие хапаксы,пунктуация,15.205365015466333,0.49285080625108524
5,чужие хапаксы,служебные,16.91916212072573,0.5484000340544775
5,чужие хапаксы,служебные,17.050686847563405,0.5526631390570845
5,чужие хапаксы,служебные,13.665074407381125,0.44292543666715173
5,чужие хапаксы,пунктуация,16.537363708606716,0.5360248194478672
5,чужие хапаксы,служебные,12.248157742447276,0.3969989811040704
5,чужие хапаксы,служебные,10.141583898555748,0.32871869869497716
5,чужие хапаксы,пунктуация,11.50479220904747,0.3729043078027254
5,чужие хапаксы,служебные,10.394191578859528,0.33690645997372975
5,чужие хапаксы,подслова,7.429401539539481,0.2408088549666948
5,чужие хапаксы,служебные,7.234183617635084,0.23448126532268568
5,чужие хапаксы,служебные,7.5707722085255655,0.24539109604536516
5,чужие хапаксы,служебные,14.772837356015518,0.4788313068527217
5,чужие хапаксы,пунктуация,12.115685278298779,0.3927051571350144
5,чужие хапаксы,служебные,14.051230206429718,0.45544188705857924
5,чужие хапаксы,служебные,17.038900520966674,0.5522811093879495
5,чужие хапаксы,служебные,13.692602858715976,0.44381771511107104
5,чужие хапаксы,служебные,15.510920409675716,0.5027547593779773
5,чужие хапаксы,служебные,18.478287371315268,0.5989358900512177
6,исходный,смысловые частые,19.915949691335786,0.6052781879621218
6,исходный,служебные,14.920522341261933,0.4534590047742611
6,исходный,служебные,12.761479010299789,0.3878421572048485
6,исходный,служебные,17.289203991542365,0.5254471027239456
6,исходный,служебные,14.156663115595489,0.43024407728472874
6,исходный,служебные,13.309375220675502,0.4044936164898555
6,исходный,служебные,14.172211565150675,0.430716620021492
6,исходный,смысловые редкие,13.454404476676428,0.40890129207822695
6,исходный,служебные,17.851336344134232,0.5425312215857094
6,исходный,служебные,17.381305987229734,0.5282462325631617
6,исходный,служебные,17.31190138108481,0.5261369134046633
6,исходный,служебные,19.225771833328004,0.5843025573875845
6,исходный,служебные,16.757431511410896,0.5092856698939497
6,исходный,служебные,17.36235171151647,0.5276701812155903
6,исходный,служебные,12.224424463406736,0.37152019375252754
6,исходный,смысловые частые,16.9247826022609,0.5143717424434924
6,исходный,служебные,18.936056905608684,0.575497648297469
6,исходный,пунктуация,15.274556329988075,0.4642186750131544
6,исходный,служебные,14.163177993617783,0.4304420750516062
6,исходный,служебные,12.318051227998264,0.37436566380517433
6,исходный,смысловые редкие,7.646616948521742,0.23239315836669305
6,исходный,подслова,13.65689128968012,0.4150551965196716
6,исходный,служебные,15.296358862425395,0.46488128952720825
6,исходный,пунктуация,20.870572886758755,0.6342907435704339
6,исходный,служебные,18.5004870698863,0.5622599707082503
6,исходный,пунктуация,10.520727413350318,0.3197420621908086
6,исходный,пунктуация,13.067795727968221,0.39715162176397584
6,исходный,служебные,14.232978061622754,0.4325634129409091
6,исходный,служебные,17.066102252796384,0.5186666770725334
6,исходный,служебные,13.936890640821822,0.42356483339444984
6,исходный,служебные,15.71895635231257,0.4777247163725537
6,исходный,служебные,12.158323077032193,0.3695112648293955
6,исходный,служебные,10.807926192866061,0.3284705014339468
6,исходный,служебные,12.16240291278413,0.3696352576908652
6,исходный,смысловые частые,9.922287135053905,0.3015544862597254
6,исходный,пунктуация,8.050633607995595,0.2446718834761077
6,исходный,смысловые частые,13.521444737197816,0.41093875491769916
6,исходный,смысловые частые,15.657759905508026,0.47586485656141503
6,исходный,служебные,11.575280217039737,0.35179164154906484
6,исходный,пунктуация,31.481062573112037,0.9567608276127051
6,исходный,смысловые редкие,9.04387316434127,0.274858053264373
6,исходный,смысловые частые,11.253832795508506,0.3420223302259818
6,исходный,пунктуация,19.137594936982687,0.5816227177180138
6,исходный,пунктуация,12.685330344964616,0.3855278750900539
6,исходный,пунктуация,9.689417661096856,0.2944772032070506
6,исходный,служебные,17.901378120583885,0.5440520727748962
6,исходный,служебные,15.374651928378466,0.4672607434736445
6,исходный,служебные,15.612637600877509,0.4744935161429706
6,исходный,пунктуация,11.623115832602622,0.3532454439113269
6,исходный,пунктуация,13.177215707277686,0.4004770733658192
6,исходный,пунктуация,11.922565159155763,0.3623461972558392
6,исходный,смысловые редкие,19.779428603896395,0.6011290894905645
6,исходный,служебные,15.114125924882243,0.45934293338890575
6,исходный,подслова,9.960410777774937,0.3027131259300566
6,исходный,пунктуация,16.388904965816064,0.4980855472188749
6,исходный,служебные,14.170908511908436,0.4306770181085778
6,исходный,служебные,21.831232543491232,0.66348675708157
6,исходный,пунктуация,9.233265305530974,0.28061398927597286
6,исходный,пунктуация,13.746117607158663,0.41776692980876706
6,исходный,служебные,13.850358868097938,0.42093499171442955
6,исходный,пунктуация,14.549127251245814,0.4421717023565019
6,исходный,служебные,16.53660847134312,0.5025744976112311
6,исходный,служебные,14.5009615643749,0.4407078685889432
6,исходный,смысловые редкие,17.328251249029638,0.5266338125531569
6,исходный,служебные,19.218268865568756,0.5840745299623279
6,исходный,служебные,14.818159829946355,0.45034804113333066
6,исходный,пунктуация,13.405726928145212,0.40742190200012135
6,исходный,смысловые частые,20.003500719016333,0.6079390064623692
6,исходный,служебные,15.151397568529937,0.46047567941804746
6,исходный,служебные,14.621271246107572,0.44436427600521267
6,перемешивание,смысловые редкие,13.395877467111891,0.42403910582619647
6,перемешивание,служебные,17.371172300598857,0.5498748691590436
6,перемешивание,служебные,16.26217343015046,0.5147701221544724
6,перемешивание,служебные,13.790724169181768,0.43653776019916984
6,перемешивание,пунктуация,11.708620154420297,0.3706299070686696
6,перемешивание,служебные,22.095405794482016,0.6994178723239031
6,перемешивание,служебные,16.385805299659186,0.5186836207309418
6,перемешивание,служебные,23.617547993565648,0.7476004433144467
6,перемешивание,смысловые редкие,15.915550253644733,0.503797956860711
6,перемешивание,пунктуация,12.25891450582302,0.3880491709640661
6,перемешивание,пунктуация,27.899312929141054,0.8831373485374835
6,перемешивание,служебные,22.665343704799714,0.7174589422322315
6,перемешивание,служебные,16.145693539299945,0.5110830155140714
6,перемешивание,служебные,26.611803031171572,0.8423819335064244
6,перемешивание,служебные,13.027481394459762,0.412377731524975
6,перемешивание,служебные,11.944748303444737,0.37810441326794925
6,перемешивание,служебные,13.753351633615484,0.43535475321788836
6,перемешивание,служебные,15.299857734823343,0.48430855007971657
6,перемешивание,служебные,18.277119202913564,0.5785521182102298
6,перемешивание,служебные,17.79301672393305,0.5632281214941416
6,перемешивание,пунктуация,11.708394911468865,0.3706227771273908
6,перемешивание,служебные,22.016295490961674,0.6969136793399971
6,перемешивание,смысловые редкие,15.330076955777267,0.48526512283603856
6,перемешивание,служебные,21.574582029537588,0.6829314835731642
6,перемешивание,служебные,15.688203380194537,0.4966014170918991
6,перемешивание,служебные,19.98599901220673,0.6326457651606556
6,перемешивание,смысловые редкие,13.85187953478577,0.438473599535627
6,перемешивание,пунктуация,9.947014611739805,0.3148672561359005
6,перемешивание,служебные,14.311877908836625,0.4530345941171997
6,перемешивание,служебные,13.488853642583452,0.4269822153318555
6,перемешивание,смысловые частые,17.13207796737608,0.5423064700364921
6,перемешивание,смысловые редкие,15.531518070399681,0.49164163011082007
6,перемешивание,служебные,16.883570169244308,0.534440092879091
6,перемешивание,служебные,18.345904787965328,0.5807294879309287
6,перемешивание,служебные,17.241462201399834,0.5457689675773058
6,перемешивание,служебные,17.14247481859728,0.5426355766221614
6,перемешивание,служебные,15.908346475455586,0.5035699252390874
6,перемешивание,служебные,16.153061358640358,0.511316239767777
6,перемешивание,смысловые частые,21.49897594927497,0.6805382148419227
6,перемешивание,смысловые редкие,12.093735688765554,0.3828205266995573
6,перемешивание,пунктуация,13.047073408986272,0.4129979059287459
6,перемешивание,служебные,15.805941884176193,0.5003283644361299
6,перемешивание,пунктуация,12.833704904971103,0.4062438437274311
6,перемешивание,служебные,17.35912870626825,0.5494936358293553
6,перемешивание,служебные,22.15248060175067,0.7012245438389882
6,перемешивание,пунктуация,10.120110672964069,0.3203465163936758
6,перемешивание,пунктуация,13.564067861266922,0.42936307990114236
6,перемешивание,служебные,16.449265137026007,0.5206924068488327
6,перемешивание,служебные,12.583564173351068,0.39832577696194443
6,перемешивание,служебные,16.24482032012174,0.514220819036558
6,перемешивание,служебные,16.25897871963622,0.514668995356832
6,перемешивание,смысловые частые,21.942660976740218,0.6945828194433558
6,перемешивание,пунктуация,10.675054964315995,0.3379129715710951
6,перемешивание,пунктуация,9.945583218419703,0.31482194617057485
6,перемешивание,служебные,17.76432734633427,0.5623199750846538
6,перемешивание,пунктуация,9.9127612545952,0.313782985025568
6,перемешивание,служебные,14.632130111624651,0.4631720007964191
6,перемешивание,служебные,20.789289888592513,0.6580734943838618
6,перемешивание,служебные,20.301464893449232,0.6426316634737121
6,перемешивание,служебные,16.12916763427421,0.5105598971138557
6,чужие хапаксы,смысловые редкие,15.742463405457558,0.5114992545364782
6,чужие хапаксы,служебные,13.93753192810254,0.452853978928821
6,чужие хапаксы,пунктуация,16.097927295961497,0.5230488773829488
6,чужие хапаксы,служебные,17.374158414629804,0.5645157843721552
6,чужие хапаксы,служебные,11.73815491531139,0.3813925009178679
6,чужие хапаксы,пунктуация,12.6496942049285,0.4110099537339388
6,чужие хапаксы,служебные,11.834607542747367,0.3845264098723256
6,чужие хапаксы,пунктуация,11.668800242550564,0.379139050329983
6,чужие хапаксы,пунктуация,12.674181811842619,0.4118055974879914
6,чужие хапаксы,пунктуация,18.14171282109644,0.5894549248746364
6,чужие хапаксы,служебные,11.507274240239543,0.3738907973950769
6,чужие хапаксы,служебные,14.491755868037766,0.470861651859149
6,чужие хапаксы,служебные,12.810604284436687,0.4162381942955341
6,чужие хапаксы,смысловые редкие,13.492418795625627,0.4383915006252406
6,чужие хапаксы,служебные,11.966198380399323,0.38880201869092207
6,чужие хапаксы,служебные,16.637886693124138,0.5405930711990773
6,чужие хапаксы,пунктуация,13.85520637258206,0.4501790824279704
6,чужие хапаксы,пунктуация,13.37029679404504,0.4344235503011943
6,чужие хапаксы,смысловые частые,17.79674625941171,0.5782463779911429
6,чужие хапаксы,смысловые частые,21.1389433075522,0.6868400113131821
6,чужие хапаксы,служебные,7.495252183846378,0.24353341696644723
6,чужие хапаксы,служебные,13.47383043128757,0.4377875332373493
6,чужие хапаксы,служебные,14.64920877689236,0.4759775631005755
6,чужие хапаксы,служебные,16.19140315840357,0.5260860662094256
6,чужие хапаксы,служебные,13.37612417240338,0.4346128916774086
6,чужие хапаксы,служебные,14.302339271758932,0.4647071863667997
6,чужие хапаксы,служебные,11.492104402229494,0.37339790370787357
6,чужие хапаксы,служебные,10.949033883233687,0.3557526242828763
6,чужие хапаксы,служебные,13.214007748996394,0.429345454962768
6,чужие хапаксы,служебные,16.498678984437166,0.5360699773613979
6,чужие хапаксы,служебные,17.002501050693123,0.5524400081927614
6,чужие хапаксы,пунктуация,20.42946358216447,0.6637878153958163
6,чужие хапаксы,служебные,13.356083668635796,0.4339617418240698
6,чужие хапаксы,смысловые редкие,12.21335839361482,0.39683266543627993
6,чужие хапаксы,смысловые редкие,14.52185813856723,0.4718397255277426
6,чужие хапаксы,служебные,17.777273816124225,0.5776136853833203
6,чужие хапаксы,служебные,12.795599515171029,0.4157506639709462
6,чужие хапаксы,служебные,13.35433021204275,0.4339047690544908
6,чужие хапаксы,служебные,9.66233884709212,0.3139457269218168
6,чужие хапаксы,служебные,14.139615234664294,0.4594200072560502
6,чужие хапаксы,служебные,10.847777339445367,0.35246262796332245
6,чужие хапаксы,служебные,14.681598534296601,0.47702996108557844
6,чужие хапаксы,служебные,16.292135252108,0.5293590222589758
6,чужие хапаксы,служебные,15.91572157915499,0.5171287055573308
6,чужие хапаксы,смысловые частые,15.361593263677856,0.4991241396273349
6,чужие хапаксы,пунктуация,15.05803230293484,0.48926093073001575
6,чужие хапаксы,пунктуация,15.09547940990037,0.4904776505535966
6,чужие хапаксы,пунктуация,12.280343717681808,0.3990091318788362
6,чужие хапаксы,смысловые редкие,12.422143669676153,0.40361645208472413
6,чужие хапаксы,служебные,12.576937186196819,0.4086459551725288
6,чужие хапаксы,служебные,11.919672487831757,0.38729031377206524
6,чужие хапаксы,служебные,16.326357013860353,0.530470945162934
6,чужие хапаксы,служебные,12.614982154768185,0.4098821005305908
6,чужие хапаксы,служебные,11.865408658298234,0.3855271901973222
6,чужие хапаксы,смысловые редкие,11.770054232360271,0.38242896366645324
6,чужие хапаксы,смысловые частые,14.797896438982088,0.48080867665369964
6,чужие хапаксы,служебные,15.838504909480369,0.514619805396085
6,чужие хапаксы,пунктуация,15.176413336561435,0.4931073306797383
6,чужие хапаксы,служебные,11.458897659274312,0.3723189604809024
6,чужие хапаксы,служебные,14.123827737174892,0.4589070447679795
6,чужие хапаксы,служебные,12.08665730745745,0.39271593291168727
6,чужие хапаксы,служебные,14.094510714125512,0.45795448511776693
7,исходный,служебные,11.791737529899018,0.3873407112419654
7,исходный,служебные,15.899368746621871,0.5222701729070398
7,исходный,служебные,11.102398710208316,0.3646969754881235
7,исходный,служебные,11.898731718185946,0.3908553082116429
7,исходный,служебные,16.00314238736973,0.5256789797697711
7,исходный,смысловые редкие,9.214302620911353,0.3026758797618076
7,исходный,смысловые редкие,10.34001507257417,0.33965382814095085
7,исходный,смысловые частые,14.433763099305631,0.4741272480503521
7,исходный,служебные,13.638007173089559,0.44798787158831666
7,исходный,пунктуация,12.118667163809514,0.3980798543583956
7,исходный,служебные,15.87774933819128,0.5215600080974092
7,исходный,служебные,9.974635359891836,0.32765165819568987
7,исходный,служебные,13.679378857581156,0.4493468687382804
7,исходный,служебные,10.971721991182553,0.360404443266993
7,исходный,смысловые частые,17.43255448968806,0.5726330015130446
7,исходный,служебные,10.880743382762079,0.35741593382942816
7,исходный,служебные,10.331768711499853,0.33938294767438815
7,исходный,служебные,13.38763279701157,0.43976345269662154
7,исходный,служебные,11.625293224064883,0.38187326798854343
7,исходный,служебные,18.073858075770566,0.5936988526249247
7,исходный,служебные,14.385584082286384,0.4725446403411951
7,исходный,служебные,12.092179393705809,0.39720977124425166
7,исходный,служебные,12.317456351939157,0.40460977798687786
7,исходный,пунктуация,11.449744418139636,0.37610675570209284
7,исходный,пунктуация,10.841063560053982,0.3561125117755758
7,исходный,пунктуация,10.180809135197057,0.3344241543239046
7,исходный,служебные,13.253247166475678,0.4353490883520551
7,исходный,смысловые редкие,15.792760750755269,0.5187682617732187
7,исходный,служебные,10.566909068951905,0.34710695213651493
7,исходный,служебные,13.515079540425846,0.443949885112912
7,исходный,подслова,11.857812714293905,0.3895111809334816
7,исходный,смысловые частые,14.6085525453998,0.4798688165169192
7,исходный,служебные,7.363856054733848,0.24189151382412838
7,исходный,служебные,14.186037127902523,0.46598982523941473
7,исходный,смысловые частые,24.71454364283533,0.8118353116632178
7,исходный,служебные,11.927145601008029,0.3917886612101764
7,исходный,подслова,26.204360709134004,0.8607735449487994
7,исходный,смысловые редкие,14.450139333922353,0.47466518254455387
7,исходный,смысловые редкие,10.333550692106892,0.3394414830373064
7,исходный,служебные,14.070358527054514,0.46218995847556155
7,исходный,служебные,10.642418730838703,0.34958733011870047
7,исходный,смысловые частые,12.80721475402874,0.42069759942295526
7,исходный,смысловые редкие,14.678549240280482,0.4821681018860961
7,исходный,пунктуация,8.141043210252755,0.26742093430380826
7,исходный,пунктуация,10.501135994267083,0.34494640629122353
7,исходный,служебные,17.958786508157953,0.5899189259830891
7,исходный,служебные,18.464804369080728,0.6065408460058158
7,исходный,служебные,9.63565208741622,0.3165165713158381
7,исходный,служебные,11.782823055509919,0.3870478842653246
7,исходный,служебные,15.4884365423467,0.5087716726332183
7,исходный,служебные,11.258221522492134,0.3698155187719015
7,исходный,служебные,16.00070477952783,0.5255989080455814
7,исходный,служебные,13.77585067106378,0.4525158216389376
7,исходный,служебные,9.81054479911093,0.322261531900917
7,исходный,смысловые частые,13.505519016450279,0.4436358363862377
7,исходный,служебные,11.311112979973108,0.37155292301002657
7,исходный,служебные,11.756173285627298,0.3861724797039022
7,исходный,служебные,7.913406772800364,0.25994342224387423
7,исходный,служебные,14.33480683100147,0.47087668457320586
7,исходный,пунктуация,8.854827137097931,0.2908676547889157
7,исходный,служебные,24.619145444402804,0.8087016253902353
7,исходный,пунктуация,10.836769159701225,0.355971447230781
7,исходный,пунктуация,10.706523203002257,0.3516930648994029
7,исходный,служебные,14.749638346617678,0.48450327131641846
7,перемешивание,пунктуация,12.123230109206899,0.4125253173231583
7,перемешивание,пунктуация,12.749591393867957,0.4338389346830657
7,перемешивание,смысловые редкие,13.589560797380786,0.46242113939290785
7,перемешивание,смысловые редкие,13.626194566241887,0.4636677013230235
7,перемешивание,подслова,23.31703170441785,0.7934243445230111
7,перемешивание,смысловые частые,15.400341876417377,0.5240378069397065
7,перемешивание,подслова,9.183146010435992,0.3124810952077055
7,перемешивание,служебные,16.478315250618447,0.5607187330833499
7,перемешивание,служебные,14.391848974632808,0.4897211396341109
7,перемешивание,служебные,13.914886104148437,0.47349120275049916
7,перемешивание,служебные,14.805228293173737,0.5037874761648694
7,перемешивание,служебные,10.808590667208872,0.3677911954686277
7,перемешивание,служебные,13.685486437720682,0.46568526577376324
7,перемешивание,служебные,16.57109106746471,0.5638756782984171
7,перемешивание,служебные,15.417127298002129,0.524608975786893
7,перемешивание,пунктуация,12.050776433383332,0.41005988728998194
7,перемешивание,служебные,14.656896522261246,0.49874009107743206
7,перемешивание,смысловые редкие,16.416147443194454,0.5586033072229275
7,перемешивание,смысловые редкие,11.054045121101021,0.37614343951317014
7,перемешивание,служебные,14.981445093369294,0.5097837239275128
7,перемешивание,служебные,13.858923135514765,0.47158691311927137
7,перемешивание,смысловые редкие,19.52125904140604,0.6642630312269497
7,перемешивание,служебные,14.14657535470789,0.481375048948784
7,перемешивание,служебные,18.564455719263822,0.6317052400667528
7,перемешивание,пунктуация,11.852586278327333,0.4033159373799072
7,перемешивание,пунктуация,10.972624432388464,0.37337288289210024
7,перемешивание,служебные,18.9613802056864,0.6452116569407881
7,перемешивание,служебные,13.8468895767736,0.4711774391099926
7,перемешивание,смысловые редкие,13.563868772363442,0.4615468995510933
7,перемешивание,служебные,14.152550276953738,0.4815783616528444
7,перемешивание,служебные,10.60480976238618,0.36085700535022525
7,перемешивание,служебные,12.357039272463087,0.42048129921878125
7,перемешивание,смысловые частые,15.451905194417485,0.5257923866951526
7,перемешивание,смысловые частые,14.721176007310225,0.500927372414859
7,перемешивание,смысловые частые,12.734919153143432,0.43333967246448174
7,перемешивание,служебные,9.967113142933554,0.3391576729177066
7,перемешивание,служебные,11.148964025207816,0.37937330900206856
7,перемешивание,служебные,27.23622140259679,0.9267852524103471
7,перемешивание,служебные,13.947209311899547,0.4745910863140638
7,перемешивание,смысловые частые,15.860139532750352,0.5396836515186323
7,перемешивание,смысловые частые,15.812443920060682,0.5380606807771311
7,перемешивание,смысловые частые,14.197247665984275,0.48309930981824595
7,перемешивание,подслова,13.751774950915301,0.4679409096652145
7,перемешивание,служебные,17.669896838651532,0.6012654824473227
7,перемешивание,подслова,10.058072296278421,0.34225280130007896
7,перемешивание,служебные,12.470201329010022,0.42433194074463276
7,перемешивание,пунктуация,13.606958215951586,0.4630131330737894
7,перемешивание,пунктуация,11.051586217701908,0.37605976875085284
7,перемешивание,пунктуация,11.510778581294204,0.3916850166259569
7,перемешивание,служебные,14.352291443079272,0.4883750888613676
7,перемешивание,служебные,16.637297678354237,0.5661285352449623
7,перемешивание,служебные,11.5349226074543,0.39250658166789965
7,перемешивание,служебные,16.00146520033337,0.544492635208657
7,перемешивание,служебные,12.01089767865995,0.4087029060400573
7,перемешивание,служебные,19.75923938370175,0.6723609486415218
7,перемешивание,служебные,22.185570428914303,0.7549233495314626
7,перемешивание,служебные,14.629661526483002,0.4978133475301672
7,перемешивание,служебные,15.539213154416585,0.5287632734620477
7,перемешивание,смысловые редкие,12.707749216966345,0.43241514274409054
7,перемешивание,пунктуация,15.520984904867081,0.5281430085357931
7,перемешивание,служебные,11.352916087765925,0.3863133232200286
7,перемешивание,служебные,15.10069588854465,0.5138415510641431
7,чужие хапаксы,пунктуация,12.35344043100039,0.41639769394519166
7,чужие хапаксы,пунктуация,11.858608289698282,0.3997183758492308
7,чужие хапаксы,пунктуация,13.979424759287058,0.47120478420245704
7,чужие хапаксы,служебные,11.209843840543062,0.37785045799665085
7,чужие хапаксы,служебные,11.485935855396479,0.3871566977396416
7,чужие хапаксы,смысловые редкие,11.797852623343173,0.39767048323942106
7,чужие хапаксы,подслова,9.241162371426396,0.31149206751980235
7,чужие хапаксы,смысловые частые,12.883986755289133,0.43428083080887425
7,чужие хапаксы,смысловые редкие,15.573429340006934,0.5249339323905362
7,чужие хапаксы,смысловые редкие,15.133273935353618,0.510097604284301
7,чужие хапаксы,смысловые редкие,11.647908901148211,0.39261632682912584
7,чужие хапаксы,смысловые редкие,11.506944012521837,0.3878648201635038
7,чужие хапаксы,смысловые частые,15.371414968712333,0.518124629442042
7,чужие хапаксы,служебные,18.80521526440287,0.6338678130984566
7,чужие хапаксы,служебные,10.099018999744308,0.3404078601495847
7,чужие хапаксы,служебные,11.443142056169242,0.38571424618835887
7,чужие хапаксы,смысловые частые,19.37271793286843,0.6529966382849852
7,чужие хапаксы,смысловые редкие,15.537779987732671,0.5237322988730918
7,чужие хапаксы,смысловые редкие,11.981839542147647,0.40387213444211034
7,чужие хапаксы,служебные,13.018349530618362,0.43880979989337054
7,чужие хапаксы,служебные,16.215217632935012,0.5465667047885516
7,чужие хапаксы,пунктуация,16.277416290427624,0.5486632363330286
7,чужие хапаксы,пунктуация,11.31678506577514,0.3814551282764026
7,чужие хапаксы,пунктуация,8.777339149630954,0.2958579677698098
7,чужие хапаксы,пунктуация,10.699745781844154,0.3606565712802729
7,чужие хапаксы,смысловые частые,10.615045047625776,0.3578015617304239
7,чужие хапаксы,служебные,13.647787387032691,0.46002627585054695
7,чужие хапаксы,служебные,15.05812487759809,0.5075645533074225
7,чужие хапаксы,служебные,10.484938633394924,0.35341606190502683
7,чужие хапаксы,служебные,8.696293506106324,0.2931261604440325
7,чужие хапаксы,смысловые редкие,10.32308253484767,0.34796037475758945
7,чужие хапаксы,смысловые частые,13.151373345197888,0.44329363659781656
7,чужие хапаксы,служебные,8.6237835412836,0.2906820654318883
7,чужие хапаксы,служебные,13.231981175220833,0.4460106865340635
7,чужие хапаксы,служебные,11.565695580397879,0.3898451605808872
7,чужие хапаксы,пунктуация,11.824228444729467,0.39855953364303187
7,чужие хапаксы,пунктуация,11.841200444407365,0.39913160921719987
7,чужие хапаксы,пунктуация,13.218542816947846,0.44555771949006184
7,чужие хапаксы,служебные,12.052565005221464,0.40625607921374174
7,чужие хапаксы,служебные,13.302279789982073,0.44838024352004
7,чужие хапаксы,служебные,15.190395074864954,0.5120229878161917
7,чужие хапаксы,служебные,13.552347396624139,0.4568092779511971
7,чужие хапаксы,служебные,12.652804705285714,0.426488372259321
7,чужие хапаксы,служебные,13.929088427163055,0.4695080963254915
7,чужие хапаксы,служебные,13.29170464858797,0.44802378699165474
7,чужие хапаксы,служебные,12.888115854736517,0.4344200104566464
7,чужие хапаксы,служебные,11.507350900737967,0.3878785351537396
7,чужие хапаксы,служебные,19.652047893923477,0.662412019553287
7,чужие хапаксы,служебные,10.36458831253644,0.3493594109379587
7,чужие хапаксы,служебные,13.745437065447476,0.46331775575313094
7,чужие хапаксы,служебные,10.338970546075437,0.34849591230873317
7,чужие хапаксы,служебные,11.545749308996118,0.3891728311629499
7,чужие хапаксы,служебные,10.816193953421356,0.36458169241391275
7,чужие хапаксы,служебные,11.21112843521385,0.3778937578580585
7,чужие хапаксы,служебные,13.799517048144374,0.46514063094400276
7,чужие хапаксы,подслова,13.751803160819689,0.4635323378727624
7,чужие хапаксы,служебные,13.556598382695938,0.4569525660341548
7,чужие хапаксы,служебные,11.408707490268617,0.38455355950248293
7,чужие хапаксы,служебные,8.81271506551802,0.29705038456081223
7,чужие хапаксы,служебные,15.022572702071017,0.5063661953287772
7,чужие хапаксы,служебные,14.113143052252061,0.4757120297054336
8,исходный,смысловые частые,10.234561048429477,0.3251839774484507
8,исходный,подслова,10.390007203118687,0.33012298739931334
8,исходный,пунктуация,10.104257708892877,0.3210438332815614
8,исходный,пунктуация,9.726751903475787,0.3090492945090121
8,исходный,служебные,14.095764848578236,0.44786648464441114
8,исходный,служебные,13.220749249561445,0.42006450550028535
8,исходный,смысловые редкие,21.617145004148913,0.6868442291042617
8,исходный,пунктуация,10.94596249429999,0.34778742381376904
8,исходный,смысловые частые,9.29309328472901,0.2952706054346509
8,исходный,служебные,9.922034551727997,0.31525403431024324
8,исходный,смысловые редкие,15.45775671543985,0.4911412211399704
8,исходный,служебные,6.383944925764729,0.20283787384223875
8,исходный,подслова,16.42771235053182,0.5219597418244648
8,исходный,служебные,15.571065583949613,0.49474139787132543
8,исходный,служебные,10.459898707076105,0.3323436588222675
8,исходный,смысловые редкие,9.91185547729449,0.31493061331589195
8,исходный,смысловые редкие,11.238154028865674,0.3570712616781605
8,исходный,служебные,16.301939593473055,0.5179635484165118
8,исходный,пунктуация,11.75623158121143,0.37353220399912146
8,исходный,служебные,17.671873645951276,0.5614906329606313
8,исходный,пунктуация,15.321688097194789,0.4868178960576863
8,исходный,смысловые редкие,14.683148557422744,0.4665295000709292
8,исходный,смысловые редкие,12.93979448677982,0.41113769497933633
8,исходный,пунктуация,33.59245633414492,1.0673372811310675
8,исходный,смысловые редкие,8.750281129182264,0.2780237674986805
8,исходный,смысловые редкие,10.503325159892473,0.33372345289320826
8,исходный,пунктуация,13.743077078948719,0.43666049240079186
8,исходный,служебные,18.230780170570497,0.5792488392811124
8,исходный,служебные,14.81524860573102,0.47072673128844283
8,исходный,служебные,10.975012272801846,0.3487104260287668
8,исходный,смысловые редкие,8.820660078284329,0.28025992657666693
8,исходный,смысловые редкие,6.0747552177226005,0.19301395090392245
8,исходный,служебные,10.304563506330634,0.32740817422481944
8,исходный,служебные,12.096311804664722,0.384337615114537
8,исходный,служебные,19.350511556493487,0.6148262034714582
8,исходный,служебные,14.747108938711307,0.46856172119776746
8,исходный,смысловые редкие,12.428686941039363,0.394898211542643
8,исходный,смысловые редкие,8.977343796282478,0.28523825778002304
8,исходный,смысловые редкие,14.1331098944894,0.4490530534195567
8,исходный,служебные,5.285741992687995,0.16794453585406502
8,исходный,пунктуация,12.89625556472962,0.40975432740948103
8,исходный,подслова,8.133772888131736,0.2584353746984516
8,исходный,пунктуация,7.170362333263686,0.22782481165961121
8,исходный,пунктуация,18.34700764519727,0.582941749246579
8,исходный,смысловые редкие,8.000900931508594,0.2542136175423202
8,исходный,служебные,5.5126316537738775,0.17515352919385854
8,исходный,служебные,8.76554778629885,0.27850883688856654
8,исходный,пунктуация,13.25070207683354,0.4210162003958531
8,исходный,служебные,14.173555967222836,0.45033815150450546
8,исходный,смысловые редкие,8.670515289484067,0.27548935758165183
8,исходный,смысловые редкие,9.768774923863237,0.31038449714733973
8,исходный,смысловые редкие,10.30120317541729,0.32730140601397256
8,исходный,смысловые редкие,13.237969601481659,0.42061164987745786
8,исходный,пунктуация,10.70950034475507,0.3402742826110179
8,исходный,служебные,16.540052230522715,0.5255291307634391
8,исходный,служебные,14.835922457969103,0.4713836041595068
8,исходный,служебные,12.534262578237652,0.39825267935648856
8,исходный,служебные,15.888389537375353,0.5048237711969976
8,исходный,подслова,9.13358982281603,0.2902026821581934
8,исходный,смысловые редкие,7.504718399834707,0.23844834842851526
8,исходный,смысловые редкие,5.130204064028163,0.1630026099574523
8,исходный,смысловые частые,5.490616400716969,0.17445403582822192
8,исходный,пунктуация,12.707288487934985,0.4037502530434079
8,исходный,смысловые редкие,22.055414781720714,0.7007694290998312
8,перемешивание,смысловые редкие,15.034599575656404,0.5036574136451701
8,перемешивание,служебные,18.793650415003988,0.6295851986838914
8,перемешивание,смысловые редкие,21.164080502834835,0.708994342988385
8,перемешивание,смысловые редкие,13.902664714249713,0.4657377216811753
8,перемешивание,смысловые редкие,13.525836963915507,0.45311403395554006
8,перемешивание,служебные,16.9071031568796,0.5663860753574005
8,перемешивание,служебные,16.701473074886287,0.5594974904806813
8,перемешивание,смысловые редкие,14.769378330441278,0.4947725314282142
8,перемешивание,пунктуация,14.26945848765085,0.47802527229552566
8,перемешивание,пунктуация,11.256978770122638,0.3771075368045524
8,перемешивание,служебные,18.160115384530187,0.6083618456244124
8,перемешивание,смысловые редкие,20.137215617376775,0.6745944835328483
8,перемешивание,служебные,16.006788749749152,0.5362256428509692
8,перемешивание,смысловые редкие,15.839622964133396,0.5306256076249216
8,перемешивание,пунктуация,10.576977613337315,0.3543275736815727
8,перемешивание,смысловые редкие,18.9402282719525,0.6344955405893635
8,перемешивание,служебные,20.69196179932336,0.6931784189295149
8,перемешивание,служебные,21.879731664831287,0.7329685773209649
8,перемешивание,смысловые частые,18.048640651743202,0.6046274544742026
8,перемешивание,подслова,11.247556678309593,0.3767918977767349
8,перемешивание,подслова,14.585910601910328,0.4886263829276002
8,перемешивание,служебные,17.09806727365853,0.572783352030578
8,перемешивание,служебные,17.03288441332093,0.5705997334588677
8,перемешивание,смысловые редкие,12.49999201776508,0.41874834235337216
8,перемешивание,служебные,13.761341910967763,0.461003423489069
8,перемешивание,служебные,11.780086147637952,0.39463157577162067
8,перемешивание,служебные,15.097263967973488,0.5057566638182955
8,перемешивание,подслова,7.308419151629471,0.24483122874150903
8,перемешивание,пунктуация,22.215270380756383,0.744209086986037
8,перемешивание,смысловые редкие,13.596889872371769,0.45549429848636214
8,перемешивание,смысловые частые,10.344003377730902,0.34652296270001526
8,перемешивание,смысловые редкие,13.963264849240769,0.4677678194634643
8,перемешивание,служебные,13.173765847486955,0.441319690712326
8,перемешивание,служебные,11.969118534794097,0.4009641397172806
8,перемешивание,смысловые редкие,14.261039560483106,0.4777432391717544
8,перемешивание,служебные,12.012188501500576,0.4024069788117313
8,перемешивание,служебные,14.310193587168339,0.4793898935988277
8,перемешивание,служебные,16.975860697963217,0.5686894453365284
8,перемешивание,служебные,16.594647825831366,0.5559188565183828
8,перемешивание,служебные,15.939995375436364,0.5339880722402106
8,перемешивание,служебные,15.693576058470395,0.525733052528462
8,перемешивание,служебные,17.378417223110198,0.5821750441568524
8,перемешивание,служебные,14.474607364549657,0.4848977368550983
8,перемешивание,пунктуация,13.030604791069337,0.43652381124462425
8,перемешивание,смысловые редкие,15.395557625514977,0.5157494681698903
8,перемешивание,смысловые частые,13.443911055036883,0.45036952511985756
8,перемешивание,пунктуация,12.573043843241592,0.42119557038205424
8,перемешивание,смысловые редкие,17.900012752695442,0.5996484363864101
8,перемешивание,пунктуация,10.387127753064982,0.3479676244774393
8,перемешивание,смысловые редкие,13.06564217868087,0.437697559832773
8,перемешивание,смысловые редкие,19.74955219033075,0.6616078018425048
8,перемешивание,служебные,8.761269391329112,0.2935015501862981
8,перемешивание,смысловые редкие,21.126434736128893,0.7077332139906759
8,перемешивание,смысловые редкие,17.171316835911366,0.5752372042192747
8,перемешивание,служебные,15.089816739217424,0.5055071824832438
8,перемешивание,служебные,17.0783542971909,0.572122969511378
8,перемешивание,служебные,31.584915395486767,1.058091152893099
8,перемешивание,пунктуация,14.412890878315151,0.48283024143031367
8,перемешивание,пунктуация,14.43253354678263,0.48348826863932814
8,перемешивание,смысловые редкие,12.757168971354325,0.42736374169554237
8,перемешивание,пунктуация,13.963094020916179,0.4677620967335899
8,перемешивание,служебные,26.06769611243578,0.8732649205327735
8,перемешивание,смысловые редкие,13.498422424767773,0.4521956499431199
8,перемешивание,служебные,15.11300217987988,0.5062838921667651
8,перемешивание,служебные,16.904771058511823,0.5663079503214545
8,перемешивание,смысловые редкие,17.72123283378683,0.593659328986769
8,перемешивание,служебные,8.969351849874334,0.3004722894047544
8,перемешивание,служебные,16.024709460692204,0.5368259846744304
8,перемешивание,подслова,9.067280683239224,0.303752894430891
8,перемешивание,служебные,19.20742195517186,0.6434464992600878
8,чужие хапаксы,подслова,8.661564234250436,0.285205055935637
8,чужие хапаксы,служебные,13.602779135267385,0.44790770803419266
8,чужие хапаксы,служебные,16.810869090714693,0.5535426084338068
8,чужие хапаксы,пунктуация,11.124869415144893,0.3663159353222338
8,чужие хапаксы,пунктуация,10.48355664239932,0.3451990053686492
8,чужие хапаксы,служебные,12.753128139304076,0.4199306875704686
8,чужие хапаксы,смысловые редкие,13.406931106226047,0.4414588904110728
8,чужие хапаксы,пунктуация,11.654720030110358,0.38376267706447
8,чужие хапаксы,смысловые редкие,15.25861017089896,0.5024303520238133
8,чужие хапаксы,смысловые редкие,12.720152198486979,0.4188448669506687
8,чужие хапаксы,пунктуация,13.354026093278579,0.4397168520483839
8,чужие хапаксы,смысловые редкие,8.991572367198952,0.2960714520589397
8,чужие хапаксы,служебные,13.08903347812721,0.4309912648931306
8,чужие хапаксы,подслова,11.89755957151049,0.3917588153040893
8,чужие хапаксы,служебные,10.052385167259906,0.33100153694848583
8,чужие хапаксы,служебные,14.252210364124792,0.4692919597632518
8,чужие хапаксы,служебные,15.972492637169504,0.5259368322873959
8,чужие хапаксы,смысловые редкие,9.46805293569432,0.31176084297202644
8,чужие хапаксы,смысловые редкие,11.002832837208507,0.362297556182481
8,чужие хапаксы,служебные,18.889896774359848,0.6220001284347616
8,чужие хапаксы,служебные,11.463486028934492,0.37746578858946594
8,чужие хапаксы,служебные,14.96443286797927,0.4927437813461479
8,чужие хапаксы,служебные,14.552214424880324,0.47917039195109595
8,чужие хапаксы,пунктуация,31.30914669313782,1.0309369869478533
8,чужие хапаксы,смысловые редкие,10.124385491098622,0.3333723392461359
8,чужие хапаксы,служебные,20.13175060991648,0.6628914712748075
8,чужие хапаксы,служебные,5.981025767455815,0.19694119242508185
8,чужие хапаксы,смысловые редкие,13.214551228777639,0.4351242709099438
8,чужие хапаксы,служебные,19.65209286080976,0.6470974632337435
8,чужие хапаксы,служебные,12.181312251830276,0.40110212753659336
8,чужие хапаксы,служебные,14.10289755686869,0.46437543817503907
8,чужие хапаксы,смысловые редкие,5.093857776596422,0.1677288250495882
8,чужие хапаксы,смысловые редкие,23.901022718787168,0.7870047877120586
8,чужие хапаксы,подслова,18.5588230951668,0.6110986463653116
8,чужие хапаксы,смысловые редкие,12.166479296919864,0.4006137130169403
8,чужие хапаксы,пунктуация,11.70078751185323,0.3852795715135506
8,чужие хапаксы,служебные,11.863150986027476,0.390625821045553
8,чужие хапаксы,смысловые редкие,11.009983929053654,0.3625330249147489
8,чужие хапаксы,служебные,15.389331356934695,0.5067346950000934
8,чужие хапаксы,смысловые редкие,12.702569705819538,0.41826591658222645
8,чужие хапаксы,подслова,7.828960641090737,0.25778936658239926
8,чужие хапаксы,пунктуация,6.7531219280168475,0.22236451351409944
8,чужие хапаксы,смысловые редкие,10.082384787026353,0.33198935427595005
8,чужие хапаксы,подслова,9.593941687093208,0.31590606517593406
8,чужие хапаксы,служебные,21.164973070884916,0.6969130708155931
8,чужие хапаксы,служебные,19.343745740439953,0.6369443136023047
8,чужие хапаксы,служебные,13.8651918319477,0.45654834450710424
8,чужие хапаксы,служебные,17.89649330822024,0.5892896752805086
8,чужие хапаксы,смысловые редкие,10.802971268994497,0.35571658209970974
8,чужие хапаксы,служебные,16.51192738347463,0.5436991570630078
8,чужие хапаксы,смысловые редкие,10.18398734229049,0.33533488883225177
8,чужие хапаксы,служебные,13.57070749092154,0.4468516637825742
8,чужие хапаксы,смысловые редкие,13.446662070993868,0.44276713817354685
8,чужие хапаксы,служебные,10.27430643780018,0.33830888544420745
8,чужие хапаксы,служебные,14.230182156535808,0.46856662239835234
8,чужие хапаксы,смысловые редкие,7.160627182969388,0.2357827086448619
8,чужие хапаксы,служебные,15.111627969532723,0.497590571837639
8,чужие хапаксы,служебные,12.64078634407135,0.4162315349547595
8,чужие хапаксы,пунктуация,11.33634000310388,0.37327916727854615
8,чужие хапаксы,пунктуация,11.381596917036669,0.3747693716250815
8,чужие хапаксы,смысловые редкие,12.615522231261618,0.4153996467978177
8,чужие хапаксы,смысловые редкие,5.744298463290606,0.18914631586468492
8,чужие хапаксы,служебные,11.759942443213621,0.3872274050746982
8,чужие хапаксы,служебные,19.628192832610686,0.64631049119324
8,чужие хапаксы,смысловые редкие,17.749684293178092,0.5844555977150058
8,чужие хапаксы,смысловые редкие,7.6980245123710125,0.25347794604615975
8,чужие хапаксы,пунктуация,12.298892001672629,0.40497375374910605
8,чужие хапаксы,смысловые редкие,11.740593414698829,0.38659028681168983
9,исходный,служебные,12.13311916477594,0.3664790970718233
9,исходный,служебные,11.995770514252158,0.36233050108884485
9,исходный,смысловые редкие,17.60708159044753,0.5318193348063349
9,исходный,служебные,21.401360438288634,0.6464249747338155
9,исходный,служебные,11.321650932135004,0.3419688173027043
9,исходный,служебные,10.372816620561556,0.31330941512805965
9,исходный,служебные,12.279243204604498,0.37089275241053654
9,исходный,служебные,13.818429306111701,0.41738364440997044
9,исходный,служебные,14.361957062917567,0.4338008211344822
9,исходный,смысловые редкие,19.746844076893524,0.5964505490333789
9,исходный,подслова,12.620998852552558,0.381215431976959
9,исходный,служебные,20.886525652858374,0.6308744650303092
9,исходный,смысловые частые,13.908606413643893,0.42010743080785645
9,исходный,смысловые редкие,17.184034456716685,0.5190412577526949
9,исходный,служебные,14.903919752645386,0.450170725235868
9,исходный,смысловые частые,16.40194480314433,0.49541835368508247
9,исходный,служебные,17.703714050209644,0.5347381041780443
9,исходный,служебные,10.066913304382588,0.30406965002050124
9,исходный,служебные,13.86265718332064,0.41871954099886993
9,исходный,служебные,13.927322541574377,0.4206727487258208
9,исходный,служебные,4.869784265861116,0.1470911244215338
9,исходный,пунктуация,14.90446321182137,0.45018714034111873
9,исходный,служебные,17.03643043904906,0.514582899898925
9,исходный,служебные,14.967130874775394,0.45208000797252446
9,исходный,смысловые редкие,16.406622856962368,0.49555965361925486
9,исходный,смысловые редкие,16.00587721203606,0.4834551897865393
9,исходный,смысловые редкие,17.67475006455103,0.5338632512100965
9,исходный,служебные,13.75218703772058,0.41538280634201136
9,исходный,служебные,9.821165896374257,0.2966468853569765
9,исходный,смысловые редкие,8.408158383092216,0.25396719923581346
9,исходный,служебные,14.987369033035963,0.4526912985949113
9,исходный,служебные,14.396927682932153,0.4348571036182308
9,исходный,служебные,14.672583848431902,0.44318325794529867
9,исходный,подслова,11.169359106703563,0.3373688648982506
9,исходный,служебные,15.520763396083652,0.4688023976369792
9,исходный,служебные,16.83899576021513,0.5086194141829203
9,исходный,служебные,15.328655199341075,0.4629997975366928
9,исходный,служебные,8.8213548494567,0.26644773831649265
9,исходный,служебные,10.872179229422386,0.328392589991951
9,исходный,служебные,5.8500490769006115,0.17669988025440952
9,исходный,служебные,21.701848825612522,0.6555011827040403
9,исходный,служебные,14.209337031464408,0.4291909553149488
9,исходный,служебные,10.491894127947917,0.31690613389393213
9,исходный,служебные,23.092421205443124,0.6975032188871859
9,исходный,подслова,13.963345881128934,0.42176082844993595
9,исходный,смысловые частые,13.260974720927946,0.40054580986287497
9,исходный,смысловые редкие,15.737721118435568,0.4753555740387341
9,исходный,смысловые редкие,15.565571238267973,0.4701558119834829
9,исходный,служебные,14.957385646712535,0.45178565477836774
9,исходный,смысловые редкие,8.375490883850922,0.25298048217955144
9,исходный,смысловые редкие,8.799106226963017,0.26577572191478716
9,исходный,служебные,17.879883851849744,0.5400592873758341
9,исходный,смысловые частые,15.081481494382114,0.4555339517815275
9,исходный,смысловые частые,13.553758811017842,0.4093893106573487
9,исходный,смысловые частые,7.179646487045784,0.21686017635977098
9,исходный,служебные,13.99477738775313,0.4227102125292322
9,исходный,служебные,15.079983140710887,0.45548869422713706
9,исходный,служебные,15.28235753589444,0.461601383355967
9,исходный,служебные,14.788082978934089,0.44667189235860816
9,исходный,смысловые редкие,13.170818237300198,0.39782264640701864
9,исходный,служебные,13.258129806492596,0.4004598796367431
9,исходный,смысловые редкие,9.52322448913347,0.2876476085491707
9,исходный,смысловые редкие,9.938478127128885,0.3001902841993162
9,исходный,смысловые редкие,13.395112461562494,0.4045974207803477
9,исходный,смысловые редкие,11.605114598298005,0.3505307960500715
9,исходный,служебные,13.25999818621508,0.4005163137741141
9,исходный,пунктуация,10.912632874761176,0.3296144864569642
9,исходный,пунктуация,13.675231268146307,0.41305836853133504
9,исходный,пунктуация,13.635151072656981,0.41184775206462854
9,исходный,смысловые частые,12.791355979454261,0.3863610441809449
9,исходный,подслова,7.698398127098737,0.23252899408662994
9,исходный,смысловые частые,9.90834874502161,0.2992802306013872
9,исходный,пунктуация,8.986935239804648,0.2714490698886479
9,исходный,пунктуация,7.282109881479261,0.21995506826389974
9,исходный,смысловые частые,19.841696155046034,0.5993155422378992
9,исходный,смысловые частые,9.741121339889412,0.2942291511875765
9,исходный,смысловые редкие,5.909543216705058,0.17849689208133496
9,исходный,смысловые редкие,13.468322666879258,0.4068087243682018
9,исходный,смысловые редкие,5.267747795904985,0.1591115548794659
9,исходный,служебные,12.654162544830127,0.38221713647160666
9,исходный,смысловые частые,15.13984652180404,0.45729685893340455
9,исходный,смысловые частые,16.099076031842905,0.48627024656354095
9,исходный,служебные,11.22522211189939,0.3390561988332308
9,исходный,смысловые редкие,17.855022020772513,0.5393083393895003
9,исходный,служебные,14.032131989909459,0.42383850284632324
9,исходный,пунктуация,17.700871591934536,0.5346522481398749
9,исходный,смысловые редкие,13.812749522424395,0.41721208737100807
9,исходный,служебные,15.752284408680877,0.47579545609931667
9,исходный,смысловые частые,14.02397083232763,0.42359199627031163
9,исходный,служебные,18.24250491591263,0.5510122037967653
9,исходный,служебные,14.108533156965652,0.4261461889687239
9,исходный,смысловые частые,16.323194129839408,0.4930397010686661
9,исходный,пунктуация,11.8274491357943,0.35724637837007983
9,исходный,смысловые частые,10.887650398069221,0.32885989438741087
9,исходный,смысловые редкие,12.336385394497048,0.3726187239329563
9,исходный,служебные,14.1118515579179,0.426246420786131
9,исходный,смысловые редкие,9.204042808694654,0.27800677238325927
9,исходный,смысловые частые,10.369588396404344,0.31321190708761154
9,перемешивание,смысловые редкие,11.973079686306205,0.3978870511598565
9,перемешивание,смысловые редкие,15.062931756380229,0.5005684130894884
9,перемешивание,служебные,15.183412309516118,0.5045721993554543
9,перемешивание,служебные,18.561744824718065,0.6168402872266592
9,перемешивание,служебные,16.859394335766595,0.5602681074837875
9,перемешивание,служебные,14.192613592639272,0.471646169455062
9,перемешивание,служебные,12.817627270934732,0.425952891930661
9,перемешивание,служебные,14.931709085755122,0.49620764686824126
9,перемешивание,смысловые частые,15.834960857890511,0.5262243337596604
9,перемешивание,смысловые частые,15.950526694909456,0.530064795137269
9,перемешивание,смысловые редкие,20.490380812745723,0.6809323425827064
9,перемешивание,смысловые редкие,11.381160443624639,0.37821650622356007
9,перемешивание,служебные,16.831324240044854,0.5593352875322698
9,перемешивание,служебные,15.6386391413708,0.5197002087299065
9,перемешивание,смысловые частые,17.677468988308004,0.5874542049337699
9,перемешивание,пунктуация,12.713867841901294,0.42250477880272763
9,перемешивание,пунктуация,14.105890356052912,0.46876419975499806
9,перемешивание,пунктуация,10.350245120586953,0.3439573290840215
9,перемешивание,пунктуация,9.756780371731496,0.3242354241876989
9,перемешивание,смысловые редкие,13.765621043912567,0.4574564362760194
9,перемешивание,смысловые редкие,16.39854941245009,0.544953398788571
9,перемешивание,смысловые редкие,15.636539409465328,0.5196304308483602
9,перемешивание,служебные,17.114560347974134,0.5687477346819256
9,перемешивание,пунктуация,12.235638719243655,0.40661236178234805
9,перемешивание,пунктуация,9.086211962279215,0.3019512254662055
9,перемешивание,смысловые редкие,13.865462264213265,0.4607743402548162
9,перемешивание,смысловые редкие,12.953108960933882,0.43045519305386903
9,перемешивание,служебные,15.552347232268001,0.5168325728207314
9,перемешивание,служебные,15.127250127092152,0.5027058286524403
9,перемешивание,служебные,16.631069099683426,0.5526804477278423
9,перемешивание,служебные,20.953031835835187,0.6963070712336562
9,перемешивание,служебные,18.13522440601451,0.6026662437805506
9,перемешивание,служебные,18.818421447014902,0.6253701147249399
9,перемешивание,смысловые редкие,16.512437047354855,0.5487380904805217
9,перемешивание,смысловые частые,16.056650124196064,0.5335914682609861
9,перемешивание,служебные,14.556777382948606,0.4837479895766717
9,перемешивание,служебные,18.665345360148372,0.6202831200333341
9,перемешивание,смысловые редкие,17.762568045526447,0.5902822002215534
9,перемешивание,смысловые редкие,24.008644620740597,0.7978505999101493
9,перемешивание,смысловые редкие,16.442398461644096,0.5464105818473224
9,перемешивание,смысловые редкие,17.51681913901505,0.58211552044497
9,перемешивание,служебные,13.398680504311011,0.44526233976298496
9,перемешивание,смысловые частые,13.84339551388255,0.46004102230757066
9,перемешивание,смысловые частые,13.092022205530515,0.4350715309308162
9,перемешивание,смысловые частые,15.364494581581036,0.5105898901365189
9,перемешивание,смысловые частые,19.575772592273736,0.6505382604129891
9,перемешивание,смысловые редкие,14.814440987771295,0.49231061628593625
9,перемешивание,служебные,21.898533061619165,0.7277277837363455
9,перемешивание,служебные,17.18921775779336,0.5712287351779116
9,перемешивание,служебные,17.55261854526862,0.5833051993380118
9,перемешивание,пунктуация,17.560054065163744,0.5835522950863425
9,перемешивание,служебные,23.288499536899987,0.7739188788054844
9,перемешивание,служебные,15.13243418122694,0.5028781041293255
9,перемешивание,служебные,14.662518479564325,0.4872619570955681
9,перемешивание,служебные,16.327013196811926,0.54257612120944
9,перемешивание,смысловые частые,14.470495942268943,0.48088070155209445
9,перемешивание,пунктуация,17.310263991081257,0.5752513200164652
9,перемешивание,смысловые редкие,16.961742171506376,0.5636693108184375
9,перемешивание,служебные,18.693184644711398,0.6212082697133994
9,перемешивание,служебные,24.41470739128421,0.8113447987788152
9,перемешивание,служебные,17.366236675212537,0.5771113933491407
9,перемешивание,смысловые частые,14.405027466466292,0.4787050659208675
9,перемешивание,служебные,17.45705188406528,0.5801293466742331
9,перемешивание,смысловые частые,16.17686071271282,0.5375862831153321
9,перемешивание,смысловые частые,13.00648443134397,0.43222895628623353
9,перемешивание,смысловые частые,12.779592512934494,0.42468892826393606
9,перемешивание,служебные,20.65052814952024,0.6862543276734091
9,перемешивание,пунктуация,11.242034644784374,0.3735931047854051
9,перемешивание,пунктуация,16.5939427659251,0.5514466726385165
9,перемешивание,смысловые частые,19.212473876914554,0.6384651882935615
9,перемешивание,служебные,19.82142449959731,0.6587017167314633
9,перемешивание,служебные,14.760738451342236,0.4905259840593587
9,перемешивание,служебные,17.389268790404767,0.5778767921133611
9,перемешивание,смысловые редкие,18.372174078213526,0.6105405091170111
9,перемешивание,смысловые редкие,17.805054565770465,0.59169410398373
9,перемешивание,смысловые частые,21.914244102705958,0.728249889992418
9,перемешивание,служебные,19.74320719748529,0.6561024145884545
9,перемешивание,служебные,17.19893501602745,0.5715516572101221
9,перемешивание,служебные,15.813962379015846,0.5255265164012878
9,перемешивание,служебные,16.038965077283294,0.5330037622279432
9,перемешивание,смысловые частые,15.895327088159494,0.528230412561494
9,перемешивание,смысловые частые,13.885511614332492,0.46144061635132744
9,перемешивание,служебные,13.527860879179315,0.449555236809587
9,перемешивание,служебные,15.6927303326468,0.5214977566586275
9,перемешивание,служебные,21.394703521336933,0.7109846186257516
9,перемешивание,служебные,20.138028802103246,0.6692230492214397
9,перемешивание,смысловые частые,21.29692610083978,0.7077352984398911
9,перемешивание,служебные,20.685030006922318,0.6874008866758478
9,перемешивание,служебные,18.336700089308817,0.6093616444298985
9,перемешивание,смысловые редкие,17.33855979024519,0.5761916405007952
9,перемешивание,служебные,16.49405376200989,0.5481271807239531
9,чужие хапаксы,пунктуация,9.390448477901826,0.2854319803866431
9,чужие хапаксы,служебные,13.94340483552211,0.42382359744601106
9,чужие хапаксы,смысловые редкие,13.749203272019365,0.4179206486150564
9,чужие хапаксы,пунктуация,9.078494813453679,0.2759498398433194
9,чужие хапаксы,пунктуация,10.07752137582881,0.306316241493745
9,чужие хапаксы,служебные,13.663878086972609,0.41532710512221205
9,чужие хапаксы,пунктуация,14.871628915908097,0.45203788754414936
9,чужие хапаксы,служебные,15.693878523126322,0.4770309785890275
9,чужие хапаксы,смысловые частые,11.410639572479282,0.346837689202538
9,чужие хапаксы,служебные,12.561152492196252,0.3818086686938827
9,чужие хапаксы,служебные,10.341772835720214,0.31434842629241155
9,чужие хапаксы,подслова,14.111010964480082,0.42891815170782227
9,чужие хапаксы,служебные,14.15639650307642,0.4302976900965321
9,чужие хапаксы,служебные,5.895860296743476,0.1792105121009605
9,чужие хапаксы,пунктуация,13.164562801934023,0.4001499225860134
9,чужие хапаксы,смысловые редкие,17.922929416380757,0.5447851878093297
9,чужие хапаксы,смысловые частые,15.749619773375517,0.47872528908817946
9,чужие хапаксы,смысловые редкие,5.1663247581392495,0.1570355569818023
9,чужие хапаксы,смысловые редкие,18.84285750188964,0.5727473129280612
9,чужие хапаксы,пунктуация,12.673550800615024,0.38522512658080643
9,чужие хапаксы,смысловые редкие,22.69623014103594,0.6898743901009491
9,чужие хапаксы,смысловые редкие,11.680324126200084,0.35503501826827566
9,чужие хапаксы,служебные,18.906360530404513,0.5746775503637072
9,чужие хапаксы,пунктуация,13.908254995433223,0.42275518324934575
9,чужие хапаксы,смысловые частые,19.875232016026445,0.6041273585951248
9,чужие хапаксы,смысловые частые,16.03229743999898,0.48731755668703636
9,чужие хапаксы,служебные,16.798034300904654,0.510592886845942
9,чужие хапаксы,подслова,10.818104161394736,0.3288269886238511
9,чужие хапаксы,подслова,12.222570475398546,0.3715171330121422
9,чужие хапаксы,служебные,16.792503753058583,0.5104247803675301
9,чужие хапаксы,служебные,14.716390427584784,0.4473192599664969
9,чужие хапаксы,пунктуация,14.836396305105565,0.45096695744967896
9,чужие хапаксы,смысловые редкие,19.719513515183216,0.5993941405615967
9,чужие хапаксы,смысловые частые,14.014711972254172,0.42599104847894426
9,чужие хапаксы,смысловые частые,14.848986501392252,0.45134964893326707
9,чужие хапаксы,смысловые редкие,18.88150758432814,0.5739221204570616
9,чужие хапаксы,смысловые редкие,16.177917241005016,0.49174381473876555
9,чужие хапаксы,смысловые редкие,17.294295248219672,0.5256772297624718
9,чужие хапаксы,служебные,20.00134845354042,0.6079607926002881
9,чужие хапаксы,смысловые редкие,9.2862330092579,0.2822642480177409
9,чужие хапаксы,смысловые редкие,8.596754289239612,0.2613068595658062
9,чужие хапаксы,служебные,23.701118316961132,0.7204189612996973
9,чужие хапаксы,служебные,11.841893745560766,0.35994608684321766
9,чужие хапаксы,смысловые частые,10.506824719208796,0.3193653417338365
9,чужие хапаксы,служебные,14.347095096217966,0.4360941626745383
9,чужие хапаксы,служебные,17.211373077888734,0.5231567282815024
9,чужие хапаксы,смысловые частые,15.581643560158446,0.47361948574883667
9,чужие хапаксы,смысловые частые,8.017015361731968,0.24368512077716964
9,чужие хапаксы,смысловые частые,14.628393511346886,0.44464450655841337
9,чужие хапаксы,смысловые редкие,9.258859184891342,0.28143219351916293
9,чужие хапаксы,смысловые частые,15.107263533769999,0.45920023509147334
9,чужие хапаксы,смысловые частые,13.988393883222626,0.4251910841013169
9,чужие хапаксы,служебные,18.21276654353072,0.5535950743005523
9,чужие хапаксы,служебные,20.86300274419452,0.634151628018726
9,чужие хапаксы,смысловые редкие,19.98841305325443,0.6075676082993026
9,чужие хапаксы,смысловые редкие,10.234406103749775,0.3110849081541584
9,чужие хапаксы,служебные,14.33888077490047,0.4358444802438533
9,чужие хапаксы,пунктуация,10.917380417932101,0.3318445887497148
9,чужие хапаксы,пунктуация,9.919160702484659,0.30150271201063733
9,чужие хапаксы,служебные,14.76839114345678,0.4488998732191861
9,чужие хапаксы,служебные,15.960602120507692,0.48513830645473816
9,чужие хапаксы,пунктуация,17.631773199119753,0.5359352062679517
9,чужие хапаксы,служебные,17.186247513026167,0.5223930118568895
9,чужие хапаксы,служебные,12.75718489244561,0.3877672676207386
9,чужие хапаксы,служебные,17.9579944545631,0.5458510243680704
9,чужие хапаксы,смысловые редкие,10.952490985998878,0.33291180923437896
9,чужие хапаксы,служебные,16.33760237004666,0.49659760236434203
9,чужие хапаксы,служебные,21.11890016282641,0.6419298834607122
9,чужие хапаксы,смысловые редкие,19.515266046186234,0.5931858364851769
9,чужие хапаксы,смысловые редкие,14.259389871778078,0.43342827552750335
9,чужие хапаксы,смысловые редкие,5.915849815938934,0.17981811333154746
9,чужие хапаксы,смысловые редкие,11.645617301118808,0.3539800699514627
9,чужие хапаксы,служебные,10.741962327825973,0.3265125821930032
9,чужие хапаксы,служебные,14.088942206515819,0.42824734995588926
9,чужие хапаксы,служебные,17.873251536968205,0.5432751794710163
9,чужие хапаксы,служебные,14.605158233684147,0.4439382472850979
9,чужие хапаксы,служебные,8.67837994431976,0.26378795218185225
9,чужие хапаксы,смысловые частые,15.345490451952324,0.46644137817406456
9,чужие хапаксы,служебные,18.813510983275318,0.5718552964343602
9,чужие хапаксы,служебные,15.69580787501253,0.47708962315015135
9,чужие хапаксы,служебные,13.552280658379527,0.41193499077066215
9,чужие хапаксы,служебные,17.157271092660988,0.5215122448659611
9,чужие хапаксы,служебные,15.744893750796317,0.4785816369519362
9,чужие хапаксы,служебные,11.223825252516448,0.3411592829542041
9,чужие хапаксы,служебные,15.584264581280921,0.47369915428132303
9,чужие хапаксы,служебные,12.86461593578068,0.3910327405666041
9,чужие хапаксы,служебные,15.332709212491178,0.4660528797440081
9,чужие хапаксы,служебные,12.05199044592325,0.36633218409919904
9,чужие хапаксы,служебные,19.287076441166427,0.5862497874756196
9,чужие хапаксы,подслова,9.64108289098295,0.2930502615632173
9,чужие хапаксы,служебные,14.855541126172858,0.4515488832441972
9,чужие хапаксы,смысловые редкие,11.218885939078678,0.34100914763110307
9,чужие хапаксы,служебные,20.588166788473313,0.6257977169880051
9,чужие хапаксы,смысловые редкие,18.365872211136754,0.5582488726804753
9,чужие хапаксы,смысловые частые,14.424033585913538,0.43843278425725013
9,чужие хапаксы,служебные,13.7260114918612,0.4172157114914659
9,чужие хапаксы,служебные,12.168994120893535,0.3698886266629247
10,исходный,служебные,17.773426513522697,0.5645266763595681
10,исходный,служебные,11.543493938065394,0.36664906800468633
10,исходный,служебные,8.875765648463522,0.2819156158696399
10,исходный,пунктуация,11.780557216630928,0.3741787666046542
10,исходный,служебные,4.28903823488939,0.13623014659998267
10,исходный,служебные,12.175178707267197,0.38671289210709775
10,исходный,служебные,13.739207753164683,0.4363902077523709
10,исходный,служебные,13.435914350386206,0.42675688147721236
10,исходный,служебные,16.12800213268085,0.5122640495548315
10,исходный,служебные,12.51230018528078,0.39742067922781055
10,исходный,служебные,12.19026687528915,0.38719212853004115
10,исходный,смысловые частые,19.582970929387105,0.6220021493099148
10,исходный,пунктуация,10.014514956210766,0.31808502650186676
10,исходный,служебные,11.620869467170627,0.36910670048450706
10,исходный,подслова,6.849331304735472,0.21755119834692432
10,исходный,пунктуация,12.259128411285573,0.3893793361579849
10,исходный,пунктуация,12.428736036942436,0.39476648135052606
10,исходный,подслова,14.508308484723507,0.4608186925716755
10,исходный,служебные,18.767977568249695,0.5961160044482043
10,исходный,служебные,15.42017875839623,0.4897818806477559
10,исходный,служебные,17.61731563764002,0.5595682203275487
10,исходный,служебные,16.070672945318613,0.5104431369932961
10,исходный,подслова,17.681003293782826,0.5615910931157573
10,исходный,подслова,16.88485390828003,0.5363034781394527
10,исходный,подслова,8.321850745938153,0.26432194935458914
10,исходный,служебные,10.642996363545405,0.33804710414437805
10,исходный,служебные,13.632301996385713,0.43299462437894437
10,исходный,служебные,21.15464940161946,0.6719224290916529
10,исходный,пунктуация,12.114406095647658,0.38478260812808185
10,исходный,пунктуация,16.727836815828333,0.5313162384945841
10,исходный,пунктуация,8.739778927520918,0.2775963512897709
10,исходный,пунктуация,15.360275999681692,0.48787922528435945
10,исходный,смысловые частые,13.646985888090871,0.43346102001593817
10,исходный,пунктуация,10.66027460629248,0.3385959025960395
10,исходный,служебные,16.244866281928676,0.5159759353698862
10,исходный,смысловые редкие,7.654264251277466,0.24311780029944802
10,исходный,смысловые редкие,14.803154779858986,0.47018371843785406
10,исходный,подслова,15.485218079345776,0.49184768555377084
10,исходный,служебные,10.876341860875995,0.3454587170908902
10,исходный,пунктуация,9.550413161276921,0.3033440398053975
10,исходный,служебные,10.876377621386135,0.3454598529305056
10,исходный,служебные,18.08081772455289,0.5742901588581729
10,исходный,служебные,16.456953516315536,0.5227123348725715
10,исходный,служебные,17.778698687321647,0.5646941332508797
10,исходный,пунктуация,9.857196641404695,0.31308821931219016
10,исходный,служебные,16.88575941174712,0.5363322391024735
10,исходный,смысловые редкие,9.313739531380879,0.2958267173821994
10,исходный,смысловые редкие,10.290693393160597,0.3268571163954417
10,исходный,служебные,20.78710008342813,0.6602481807502366
10,исходный,служебные,18.54447447388733,0.5890170098384442
10,исходный,служебные,15.6443077616526,0.49690075562596203
10,исходный,подслова,8.195510582626525,0.26030908259359775
10,исходный,служебные,13.009648218363235,0.4132176462277522
10,исходный,пунктуация,12.639698294132439,0.4014671488778694
10,исходный,пунктуация,12.619072285061588,0.40081201733424326
10,исходный,служебные,12.348971741083618,0.39223297590636874
10,исходный,пунктуация,13.093650869100218,0.4158857719934768
10,исходный,смысловые частые,13.418553078271533,0.4262054458135932
10,исходный,служебные,14.116452635762387,0.44837241048545146
10,исходный,служебные,21.54155225804854,0.6842113922495309
10,исходный,служебные,15.90910264887413,0.5053112766634471
10,исходный,служебные,12.429404203899159,0.3947877039364492
10,исходный,служебные,10.069982103322491,0.3198467961967709
10,исходный,служебные,10.475263450321659,0.33271950431739666
10,исходный,пунктуация,9.135444710420987,0.2901636460204655
10,исходный,служебные,15.962722568150364,0.5070143739695658
10,исходный,смысловые редкие,15.897963357303121,0.5049574660325709
10,исходный,смысловые редкие,15.72999239803931,0.499622305292126
10,исходный,служебные,16.438244793208717,0.5221181009320093
10,перемешивание,служебные,15.612502121470959,0.5089747457204774
10,перемешивание,пунктуация,9.979307469578902,0.32533001067203926
10,перемешивание,пунктуация,13.565689987083074,0.4422477292863231
10,перемешивание,пунктуация,11.639585661420265,0.3794558429020684
10,перемешивание,служебные,15.434476028027152,0.5031710132413919
10,перемешивание,служебные,16.518863092639815,0.5385225300053048
10,перемешивание,служебные,11.635520737215565,0.3793233245044815
10,перемешивание,служебные,13.035643283533483,0.4249679631053394
10,перемешивание,смысловые частые,15.998952137980696,0.5215731938972252
10,перемешивание,подслова,13.062859583705103,0.4258552270013841
10,перемешивание,смысловые редкие,15.503075201536658,0.5054073778306155
10,перемешивание,пунктуация,15.270093523892639,0.49781206804530465
10,перемешивание,пунктуация,11.86993214828001,0.3869652442565003
10,перемешивание,служебные,15.482317392619798,0.5047306637182348
10,перемешивание,служебные,15.876782199134551,0.5175903977332851
10,перемешивание,служебные,13.816135770694709,0.45041237695386094
10,перемешивание,служебные,18.8717853457561,0.6152288770188916
10,перемешивание,служебные,17.536835212796564,0.5717088890511604
10,перемешивание,подслова,10.256077474953267,0.3343528400694325
10,перемешивание,служебные,12.95842456191061,0.4224505972854935
10,перемешивание,подслова,14.928317835535026,0.48667002350165484
10,перемешивание,подслова,11.288355741856865,0.36800558607530665
10,перемешивание,служебные,20.036365070131577,0.6531947113530353
10,перемешивание,служебные,17.247130614468876,0.5622643859778761
10,перемешивание,подслова,18.74469797482108,0.6110857703084702
10,перемешивание,смысловые редкие,12.118892517318463,0.39508146672615546
10,перемешивание,смысловые редкие,13.027824712592377,0.424713074098716
10,перемешивание,подслова,13.930196053047991,0.45413079458838795
10,перемешивание,подслова,11.312331349581804,0.3687872019079484
10,перемешивание,пунктуация,9.99789937475792,0.3259361153269706
10,перемешивание,пунктуация,10.385060499926066,0.3385577459728562
10,перемешивание,пунктуация,11.069501831515746,0.36087084799814645
10,перемешивание,смысловые частые,19.774290951085,0.64465097460515
10,перемешивание,служебные,14.24055967930034,0.4642487914683007
10,перемешивание,служебные,16.425590677556393,0.5354818063992831
10,перемешивание,пунктуация,13.643076934718932,0.4447705793515203
10,перемешивание,пунктуация,12.601292665011258,0.4108079332846323
10,перемешивание,служебные,15.276003929406352,0.49800474998187333
10,перемешивание,служебные,17.16504718520128,0.5595884284526641
10,перемешивание,пунктуация,14.559960744281133,0.47466141300497805
10,перемешивание,пунктуация,14.294338728195335,0.4660020131827609
10,перемешивание,служебные,21.059097875984836,0.6865362709409298
10,перемешивание,пунктуация,11.501657470828578,0.3749593204876666
10,перемешивание,пунктуация,11.385738782119018,0.37118031795167594
10,перемешивание,пунктуация,11.354296624319499,0.3701552891544721
10,перемешивание,пунктуация,12.938771668121278,0.42180990391416384
10,перемешивание,пунктуация,10.073692484550019,0.3284070055458258
10,перемешивание,служебные,13.550234593286099,0.4417438763441988
10,перемешивание,пунктуация,10.430946771214161,0.3400536595092778
10,перемешивание,служебные,17.710339747833906,0.5773652166477814
10,перемешивание,служебные,15.314379203746196,0.49925580156522037
10,перемешивание,пунктуация,12.69066906484237,0.4137216450025568
10,перемешивание,пунктуация,11.539963581634494,0.3762081173080154
10,перемешивание,служебные,14.197824409721562,0.4628556020360161
10,перемешивание,служебные,15.909436376811273,0.5186549389356119
10,перемешивание,подслова,11.109460602341727,0.3621735222948235
10,перемешивание,пунктуация,8.570988292283241,0.2794181581335817
10,перемешивание,пунктуация,8.617502002226082,0.28093452645856115
10,перемешивание,служебные,15.343640487514579,0.5002097328665321
10,перемешивание,служебные,14.439716092473843,0.4707413820834964
10,перемешивание,служебные,15.024445004600024,0.4898038133997136
10,чужие хапаксы,смысловые частые,11.188187710454033,0.36159132084777357
10,чужие хапаксы,служебные,19.321528689127394,0.6244529731094585
10,чужие хапаксы,служебные,12.7225107400965,0.4111791455476742
10,чужие хапаксы,подслова,15.265902494474005,0.49337908781708906
10,чужие хапаксы,служебные,15.723717765475982,0.5081752311094658
10,чужие хапаксы,смысловые редкие,11.665198345424674,0.37700783959247647
10,чужие хапаксы,пунктуация,13.388153966956985,0.43269208578811724
10,чужие хапаксы,служебные,14.290838651021392,0.46186597486354986
10,чужие хапаксы,служебные,13.567180683689477,0.4384780547623288
10,чужие хапаксы,пунктуация,12.859505331861083,0.4156066772147441
10,чужие хапаксы,пунктуация,12.990045138024477,0.4198255965031405
10,чужие хапаксы,служебные,8.882604529314435,0.2870771198558019
10,чужие хапаксы,служебные,14.320851155225919,0.4628359497440324
10,чужие хапаксы,служебные,16.84508636732495,0.5444167712403056
10,чужие хапаксы,служебные,14.886975442051822,0.48113253485102964
10,чужие хапаксы,пунктуация,9.53398382527933,0.308129063753808
10,чужие хапаксы,подслова,9.839017305537112,0.31798744849704436
10,чужие хапаксы,служебные,10.987114985129804,0.3550928463657523
10,чужие хапаксы,подслова,10.265078133731592,0.3317573191512869
10,чужие хапаксы,смысловые частые,10.209653372728804,0.32996604490229087
10,чужие хапаксы,служебные,13.824253058026649,0.4467863833134485
10,чужие хапаксы,служебные,12.233669466714149,0.3953802721017032
10,чужие хапаксы,пунктуация,12.126327261797735,0.3919110766731914
10,чужие хапаксы,пунктуация,12.702244195039317,0.41052415056672653
10,чужие хапаксы,смысловые редкие,8.979554607555272,0.29021045188013356
10,чужие хапаксы,подслова,12.309708362999945,0.39783777510892365
10,чужие хапаксы,служебные,12.366201285356924,0.39966357129167124
10,чужие хапаксы,смысловые редкие,11.438400001001325,0.3696779381778354
10,чужие хапаксы,смысловые редкие,17.89617328299311,0.5783868757825398
10,чужие хапаксы,служебные,11.510355545753676,0.37200347124383965
10,чужие хапаксы,служебные,10.553017160512466,0.3410632278213778
10,чужие хапаксы,служебные,12.982513945318388,0.41958219569609023
10,чужие хапаксы,служебные,14.347626981849494,0.4637013183601277
10,чужие хапаксы,пунктуация,29.277800338752986,0.9462299677109605
10,чужие хапаксы,пунктуация,8.176730334981107,0.2642639539627363
10,чужие хапаксы,пунктуация,8.724839860121785,0.28197831953238767
10,чужие хапаксы,служебные,5.613921158691296,0.18143645954471307
10,чужие хапаксы,служебные,13.392613075095134,0.4328361998165197
10,чужие хапаксы,пунктуация,9.468823109454984,0.3060231329353345
10,чужие хапаксы,пунктуация,10.519414929068782,0.3399772364556984
10,чужие хапаксы,служебные,12.314433537867217,0.39799048815465643
10,чужие хапаксы,служебные,14.536613840202014,0.4698091894026118
10,чужие хапаксы,служебные,14.635289224687028,0.47299828164297164
10,чужие хапаксы,служебные,12.739392837415147,0.41172475847678397
10,чужие хапаксы,пунктуация,13.217840403138952,0.4271877174227464
10,чужие хапаксы,служебные,18.36191456006024,0.5934391798648778
10,чужие хапаксы,служебные,13.586374635290468,0.4390983845683085
10,чужие хапаксы,пунктуация,10.119254482936698,0.3270444409026943
10,чужие хапаксы,служебные,11.588635439684257,0.37453340111047345
10,чужие хапаксы,смысловые редкие,12.98688047757983,0.4197233177623981
10,чужие хапаксы,смысловые редкие,14.834693417808332,0.4794428307906361
10,чужие хапаксы,служебные,11.240782551171279,0.3632911348316735
10,чужие хапаксы,подслова,17.10737256125089,0.5528936053582387
10,чужие хапаксы,служебные,15.949089343695725,0.5154590208311809
10,чужие хапаксы,служебные,11.179696365649857,0.36131688886084445
10,чужие хапаксы,служебные,12.295893787456883,0.39739130149346047
10,чужие хапаксы,подслова,14.396050109344152,0.46526630663915103
10,чужие хапаксы,служебные,14.478630793642543,0.4679352338581739
10,чужие хапаксы,пунктуация,10.536350752822594,0.3405245857708215
10,чужие хапаксы,служебные,14.100301220221617,0.45570799083102814
10,чужие хапаксы,пунктуация,11.494280963659943,0.37148395641965437
10,чужие хапаксы,служебные,15.507843357204415,0.5011983806628817
11,исходный,служебные,14.04139467909233,0.4332333596398123
11,исходный,служебные,17.108231979780587,0.527857594454908
11,исходный,смысловые редкие,12.69660211847429,0.3917411138643492
11,исходный,смысловые редкие,11.951559905146679,0.3687535724889886
11,исходный,служебные,20.573092846397195,0.6347624531413428
11,исходный,служебные,13.100286816691364,0.40419640637914317
11,исходный,служебные,19.352394509128334,0.5970990120197016
11,исходный,подслова,11.433048036140118,0.3527554010710656
11,исходный,смысловые частые,21.55967116903756,0.665202352526959
11,исходный,служебные,18.503855877610107,0.5709181909176361
11,исходный,служебные,15.092417330607233,0.46566162512054443
11,исходный,служебные,18.2212637142466,0.5621990889238612
11,исходный,служебные,15.380081519893738,0.47453721946290867
11,исходный,служебные,15.510781162336752,0.47856982779658236
11,исходный,служебные,6.257999101475415,0.19308437924560765
11,исходный,смысловые частые,6.944508214619144,0.21426593964668822
11,исходный,подслова,7.5738562320387,0.23368385091552485
11,исходный,смысловые редкие,15.502791698355876,0.47832332077920536
11,исходный,смысловые частые,12.527553083575446,0.38652527291643074
11,исходный,пунктуация,16.77430653989051,0.5175546549322272
11,исходный,служебные,16.517574754352907,0.5096334493456911
11,исходный,служебные,14.67289829603677,0.45271777980221306
11,исходный,служебные,11.803986893341463,0.36420035301487635
11,исходный,смысловые редкие,13.603164475991369,0.41971219970348755
11,исходный,служебные,11.235209381572416,0.34665128485299446
11,исходный,служебные,10.994512696620665,0.33922482645202934
11,исходный,служебные,14.668598380324784,0.4525851101513239
11,исходный,служебные,19.16060424746263,0.5911815129886863
11,исходный,служебные,12.06380775354522,0.37221686894816797
11,исходный,служебные,12.112197061754937,0.3737098732433579
11,исходный,смысловые частые,10.905695316805417,0.33648445395120785
11,исходный,служебные,8.497855092266267,0.26219292281817597
11,исходный,служебные,10.01377027787502,0.308964988115093
11,исходный,служебные,16.68976744143465,0.5149462845757206
11,исходный,служебные,13.529980092827298,0.4174541678686195
11,исходный,пунктуация,12.790237525319359,0.394630141828867
11,исходный,служебные,10.932156790307623,0.3373008965716443
11,исходный,служебные,8.768645979415846,0.27054790809427115
11,исходный,служебные,14.110003572912216,0.43535021927164214
11,исходный,служебные,16.01898469488565,0.4942499456779502
11,исходный,служебные,16.565489084619934,0.5111117986657472
11,исходный,служебные,18.670050452064924,0.576045960308819
11,исходный,подслова,15.064805891785008,0.4648097014563479
11,исходный,служебные,15.096932078683054,0.4658009232117609
11,исходный,служебные,12.938806078565442,0.39921407775052203
11,исходный,служебные,13.295667292189655,0.4102246779107586
11,исходный,служебные,9.786328756674761,0.30194750469530873
11,исходный,пунктуация,9.756382187050816,0.30102353287738187
11,исходный,служебные,12.18628523910446,0.37599579075485107
11,исходный,служебные,13.254067593261867,0.4089411603016905
11,исходный,подслова,14.38324313431205,0.4437807559723889
11,исходный,служебные,10.027284189722023,0.30938194651311246
11,исходный,служебные,9.669129492494724,0.29833143719429084
11,исходный,служебные,21.475843984655874,0.6626159475758255
11,исходный,пунктуация,10.403461228119706,0.3209885173623066
11,исходный,служебные,14.490198625299557,0.4470807619726076
11,исходный,подслова,9.408113469032616,0.2902780456795084
11,исходный,подслова,8.535983967764642,0.2633693515995737
11,исходный,служебные,17.947131391224,0.5537410069453106
11,исходный,служебные,13.680940021330516,0.422111887311106
11,исходный,служебные,11.577551863906917,0.3572139239040888
11,исходный,служебные,9.28048268365381,0.28634012389845764
11,исходный,служебные,18.753661822639483,0.5786257065381621
11,исходный,пунктуация,15.099614936997046,0.46588370015432057
11,исходный,служебные,8.466385979975456,0.2612219744505661
11,исходный,служебные,10.530812751775727,0.3249178227988171
11,исходный,смысловые редкие,12.172862959764183,0.37558165958729184
11,исходный,служебные,15.26282290452705,0.47091932073966686
11,исходный,служебные,15.898724780153179,0.490539444828122
11,исходный,пунктуация,9.584048393215028,0.29570634393787265
11,исходный,служебные,16.03303142635479,0.4946833436989741
11,исходный,служебные,13.857720125052746,0.42756626274911674
11,исходный,служебные,15.193742456981193,0.46878791178352686
11,исходный,смысловые частые,18.971013364552398,0.5853318736161401
11,исходный,служебные,10.502072842747458,0.3240310813013646
11,исходный,служебные,27.134910683231283,0.8372208592873513
11,исходный,пунктуация,11.302922549094289,0.34874050773489484
11,перемешивание,служебные,15.244507762118765,0.5127233176483251
11,перемешивание,служебные,15.28493374627089,0.5140829774705452
11,перемешивание,служебные,20.260551557785437,0.6814294940966268
11,перемешивание,пунктуация,7.888572023426257,0.26531882055316186
11,перемешивание,пунктуация,15.708610210878424,0.5283326210754954
11,перемешивание,смысловые частые,17.416515935370914,0.5857751507364628
11,перемешивание,служебные,13.49930157709935,0.4540262498829068
11,перемешивание,служебные,14.487579990503184,0.4872653281652357
11,перемешивание,служебные,13.679586659615314,0.4600898346881691
11,перемешивание,служебные,15.151427435852707,0.5095927177998004
11,перемешивание,служебные,10.78681854664426,0.362796456166929
11,перемешивание,служебные,15.479741301696139,0.5206350011684696
11,перемешивание,служебные,15.016256586148073,0.5050464741564261
11,перемешивание,служебные,14.286270503979024,0.4804946229764968
11,перемешивание,служебные,12.93921763355619,0.4351887706952486
11,перемешивание,служебные,12.059993868348231,0.40561756164821916
11,перемешивание,смысловые редкие,12.1741900298188,0.40945835701436323
11,перемешивание,служебные,15.999529381113705,0.5381171969016288
11,перемешивание,служебные,15.96062951095015,0.5368088653505172
11,перемешивание,смысловые частые,18.040760322858596,0.6067705582871981
11,перемешивание,пунктуация,10.643786366647463,0.35798580993270535
11,перемешивание,пунктуация,12.317968279484814,0.41429409604410167
11,перемешивание,служебные,13.686635003210148,0.46032689384207953
11,перемешивание,пунктуация,10.76091161506409,0.36192512020009115
11,перемешивание,служебные,15.41343033637452,0.5184047436444682
11,перемешивание,служебные,15.487752371033823,0.5209044399796678
11,перемешивание,служебные,13.260174646417306,0.4459836187168797
11,перемешивание,служебные,18.262438557964636,0.6142263319945281
11,перемешивание,служебные,13.67100287353341,0.45980113351483026
11,перемешивание,служебные,17.186641999052203,0.5780437284360928
11,перемешивание,служебные,15.6635385507676,0.526816711774615
11,перемешивание,подслова,7.553300195412435,0.25404251785741816
11,перемешивание,служебные,14.106881240577888,0.4744611675368876
11,перемешивание,служебные,16.436246600054663,0.552805444292992
11,перемешивание,служебные,14.979162230631218,0.5037988680465136
11,перемешивание,служебные,13.367823962160312,0.4496042219643967
11,перемешивание,служебные,13.048569325445918,0.43886663049440067
11,перемешивание,пунктуация,10.160970812800599,0.3417471227646146
11,перемешивание,служебные,18.546292063094963,0.6237732660869609
11,перемешивание,служебные,12.901974800564952,0.43393617079580543
11,перемешивание,служебные,12.071390195664252,0.4060008579042646
11,перемешивание,подслова,14.76176481361217,0.496487072438448
11,перемешивание,пунктуация,23.744558147402326,0.7986081820025671
11,перемешивание,подслова,10.025165395289052,0.33717953650288157
11,перемешивание,смысловые частые,13.400139964386735,0.45069111621727875
11,перемешивание,служебные,12.442217852525443,0.4184730209592165
11,перемешивание,служебные,14.071834968704428,0.4732824452674276
11,перемешивание,служебные,12.625934348209844,0.42465201556133136
11,перемешивание,смысловые редкие,15.365976649956098,0.5168087189046234
11,перемешивание,служебные,14.036270568027929,0.472086296609198
11,перемешивание,служебные,12.213052164609707,0.4107654193998345
11,перемешивание,подслова,7.114656132020261,0.23928946430143244
11,перемешивание,пунктуация,10.008015162284492,0.3366027173295928
11,перемешивание,пунктуация,9.89635216249421,0.3328471205858721
11,перемешивание,служебные,18.972118287571277,0.638095213240787
11,перемешивание,смысловые редкие,11.808266763609621,0.3971511448706105
11,перемешивание,пунктуация,11.550281718208872,0.3884742528091812
11,перемешивание,служебные,19.51363801009841,0.656308316152253
11,перемешивание,подслова,16.758385223931338,0.5636400338090368
11,перемешивание,служебные,14.730100936905623,0.49542211132799935
11,перемешивание,служебные,11.608204898279306,0.3904224013173444
11,перемешивание,служебные,14.483967737159752,0.4871438361139782
11,перемешивание,служебные,16.809884185904906,0.5653721145721918
11,перемешивание,служебные,14.447214315853467,0.4859076967514524
11,перемешивание,служебные,13.826095705087035,0.4650174194309453
11,перемешивание,служебные,12.731907211443362,0.4282162341550467
11,перемешивание,служебные,15.211235780586582,0.5116042706431928
11,перемешивание,пунктуация,12.089791577468374,0.40661975735809724
11,перемешивание,подслова,11.80053951528339,0.39689125190063457
11,перемешивание,служебные,13.780111349939181,0.46347081317121985
11,перемешивание,служебные,12.656619085818498,0.4256840449789667
11,перемешивание,служебные,12.427876178343519,0.41799066292693815
11,перемешивание,служебные,10.460888327306757,0.3518343427298635
11,перемешивание,служебные,14.759572174472133,0.49641332671757404
11,перемешивание,служебные,17.586996420751646,0.5915089744467902
11,перемешивание,служебные,16.59033260420003,0.557987867266655
11,чужие хапаксы,служебные,11.63822103139591,0.38157159952943726
11,чужие хапаксы,служебные,10.508186998811874,0.3445222178264612
11,чужие хапаксы,служебные,10.354907574511765,0.3394967869683115
11,чужие хапаксы,служебные,10.484256891846627,0.34373764352021563
11,чужие хапаксы,служебные,11.033614597120293,0.3617489270101591
11,чужие хапаксы,служебные,10.511941295793154,0.3446453064927093
11,чужие хапаксы,служебные,9.613635485814397,0.315193383913175
11,чужие хапаксы,служебные,10.954576036219345,0.3591575627435653
11,чужие хапаксы,служебные,15.121209591387684,0.49576512725103516
11,чужие хапаксы,служебные,5.763770674748582,0.188971423532149
11,чужие хапаксы,служебные,12.90565462674384,0.42312577374297244
11,чужие хапаксы,смысловые частые,10.881956725612813,0.35677666050514684
11,чужие хапаксы,смысловые частые,16.015860498541052,0.5250972199086729
11,чужие хапаксы,служебные,8.189262867474906,0.2684937949605716
11,чужие хапаксы,служебные,10.381503837166063,0.34036877405767235
11,чужие хапаксы,служебные,10.979500753324483,0.35997474641347244
11,чужие хапаксы,смысловые частые,10.534648753035354,0.3453897949121833
11,чужие хапаксы,служебные,9.390963490734473,0.3078928429538779
11,чужие хапаксы,служебные,8.911245596428337,0.2921647756006726
11,чужие хапаксы,служебные,14.304283380408586,0.46898132239117596
11,чужие хапаксы,подслова,9.408434445826217,0.3084656470157427
11,чужие хапаксы,подслова,8.886820693867177,0.2913639788884027
11,чужие хапаксы,смысловые редкие,16.24141121546434,0.5324921428611807
11,чужие хапаксы,пунктуация,15.212168026918203,0.4987472974334408
11,чужие хапаксы,смысловые редкие,11.130322282154781,0.3649195925238877
11,чужие хапаксы,пунктуация,17.15973020436136,0.5626002190462284
11,чужие хапаксы,служебные,12.619336926178255,0.4137385398449669
11,чужие хапаксы,служебные,8.793203266478447,0.28829463079678425
11,чужие хапаксы,служебные,11.621022898227945,0.38100774022790673
11,чужие хапаксы,служебные,10.705553211698366,0.35099308148689584
11,чужие хапаксы,служебные,13.87153093868042,0.4547930679367338
11,чужие хапаксы,служебные,14.176111968629785,0.46477908474038293
11,чужие хапаксы,служебные,12.086575520551069,0.39627138389696426
11,чужие хапаксы,пунктуация,18.55778080273661,0.6084368122511563
11,чужие хапаксы,служебные,16.426423532540873,0.5385579707543869
11,чужие хапаксы,смысловые редкие,9.617195795273867,0.31531011248978513
11,чужие хапаксы,подслова,10.68595808676573,0.3503506342311379
11,чужие хапаксы,служебные,13.373143086118796,0.4384528859127831
11,чужие хапаксы,подслова,12.515971074660879,0.41034957917874415
11,чужие хапаксы,смысловые частые,10.830557025345136,0.3550914660245159
11,чужие хапаксы,смысловые редкие,6.59680353900911,0.21628330235099913
11,чужие хапаксы,служебные,12.545379166271559,0.41131375510603785
11,чужие хапаксы,смысловые частые,10.254531186660298,0.33620583908511276
11,чужие хапаксы,смысловые частые,10.477740163997025,0.3435239855855053
11,чужие хапаксы,служебные,19.351080309504106,0.6344459901905171
11,чужие хапаксы,служебные,15.73447647259651,0.5158717418418748
11,чужие хапаксы,служебные,14.234758321733278,0.46670186853181467
11,чужие хапаксы,служебные,10.155074174456422,0.3329450339217913
11,чужие хапаксы,служебные,13.243462582007542,0.4342011710460497
11,чужие хапаксы,пунктуация,9.028544477697213,0.2960105456395847
11,чужие хапаксы,служебные,12.814368215179718,0.4201328505133948
11,чужие хапаксы,служебные,11.095917267717573,0.3637915871049131
11,чужие хапаксы,служебные,11.360083280280882,0.37245255407599714
11,чужие хапаксы,служебные,11.316402393651087,0.37102042920611955
11,чужие хапаксы,смысловые частые,14.013441980013042,0.45944577412663173
11,чужие хапаксы,служебные,14.739228323315366,0.4832414603559448
11,чужие хапаксы,служебные,17.44632094036534,0.5719964047048747
11,чужие хапаксы,служебные,13.211171472175511,0.43314247226416974
11,чужие хапаксы,служебные,12.355309598801789,0.40508211981696224
11,чужие хапаксы,служебные,9.610614868059423,0.31509434970981837
11,чужие хапаксы,смысловые редкие,9.985644721120043,0.3273901069838548
11,чужие хапаксы,служебные,11.841585991191595,0.3882391385620906
11,чужие хапаксы,служебные,15.42960678595523,0.5058762611179793
11,чужие хапаксы,служебные,12.185693111842138,0.399521060780434
11,чужие хапаксы,смысловые частые,14.635310299562066,0.47983439612881623
11,чужие хапаксы,служебные,14.649169980492028,0.4802888006814662
11,чужие хапаксы,служебные,13.741256224775594,0.4505218712625336
11,чужие хапаксы,служебные,11.87742772731403,0.38941424844746364
11,чужие хапаксы,подслова,6.861846553917102,0.2249730227876299
11,чужие хапаксы,служебные,14.919398148153784,0.48914852193048236
11,чужие хапаксы,служебные,11.371566900322913,0.37282905691573576
11,чужие хапаксы,служебные,12.222119468380686,0.40071533807521537
11,чужие хапаксы,служебные,18.966666153973694,0.6218425584622658
11,чужие хапаксы,служебные,20.5047070833005,0.6722688853005163
11,чужие хапаксы,служебные,14.500952111729061,0.47542931836796126
11,чужие хапаксы,служебные,13.933287227508746,0.4568178143172723
11,чужие хапаксы,служебные,16.699019283792882,0.5474953157789884
11,чужие хапаксы,служебные,18.558280572505478,0.6084531977407933
11,чужие хапаксы,служебные,10.204072059045746,0.3345514822909941
11,чужие хапаксы,служебные,14.990207643257463,0.49147008742023335
11,чужие хапаксы,служебные,11.334852269109954,0.3716253282255631
11,чужие хапаксы,подслова,9.342860479818343,0.3063157339809572
12,исходный,служебные,12.961116402771655,0.40221377993258656
12,исходный,смысловые редкие,11.284040022842648,0.35017017434760334
12,исходный,смысловые редкие,14.483072763560976,0.44944364823579935
12,исходный,пунктуация,10.652080721054457,0.330558997992345
12,исходный,пунктуация,10.475397388448807,0.3250761006206951
12,исходный,служебные,11.979189824060162,0.37174229980951895
12,исходный,служебные,12.331498860535124,0.38267527385754924
12,исходный,служебные,10.881941058909412,0.33769210230776125
12,исходный,служебные,9.878627890849035,0.30655694625782354
12,исходный,служебные,11.86280460474739,0.3681305940325334
12,исходный,смысловые редкие,11.427564869536097,0.35462408628766373
12,исходный,смысловые редкие,10.622313841171561,0.3296352620345429
12,исходный,смысловые редкие,10.777080879088318,0.33443804548274625
12,исходный,служебные,21.878924542991648,0.6789542403472808
12,исходный,служебные,20.53034689335238,0.6371047192768566
12,исходный,служебные,21.079285694357743,0.654139575167574
12,исходный,пунктуация,7.561069093881893,0.23463767210140624
12,исходный,пунктуация,5.600185263200184,0.17378685701432603
12,исходный,служебные,14.987875452938354,0.46510885727374857
12,исходный,пунктуация,11.342016138784102,0.3519693089293771
12,исходный,пунктуация,11.810418947396801,0.3665049444663642
12,исходный,служебные,8.066929428678934,0.2503357023523476
12,исходный,служебные,11.004392385064115,0.34149205357892715
12,исходный,служебные,11.674404902760466,0.3622841102945948
12,исходный,служебные,16.01077003648185,0.49685167048014944
12,исходный,смысловые частые,19.758162022619437,0.6131420152926661
12,исходный,служебные,12.292043837702495,0.38145089214707834
12,исходный,служебные,11.594306923031917,0.35979848249908375
12,исходный,служебные,11.11598296143462,0.3449549703626417
12,исходный,служебные,11.406093645319643,0.35395778394274896
12,исходный,служебные,18.87380381152244,0.5856983099939713
12,исходный,подслова,15.114323090314517,0.4690328234362418
12,исходный,служебные,13.659456056869983,0.42388489399585033
12,исходный,служебные,11.233612287400444,0.34860528368113947
12,исходный,служебные,10.908439282599497,0.33851440421298984
12,исходный,служебные,11.752789685888924,0.36471657358954296
12,исходный,служебные,14.51099186150981,0.4503100431951029
12,исходный,служебные,15.2350052740736,0.4727778740778578
12,исходный,служебные,21.57033480743783,0.6693779785401609
12,исходный,пунктуация,16.334811977043653,0.5069074503774877
12,исходный,пунктуация,19.1466289439103,0.5941647124510054
12,исходный,смысловые редкие,15.232039290249768,0.4726858326573558
12,исходный,смысловые редкие,11.979793588703714,0.3717610360396342
12,исходный,служебные,28.150626719837426,0.8735798390049039
12,исходный,пунктуация,5.8376184359726695,0.18115496412289164
12,исходный,служебные,15.581565326114779,0.48353244368231785
12,исходный,служебные,16.309353957608547,0.5061174284450868
12,исходный,пунктуация,10.443253079916152,0.3240785874870677
12,исходный,пунктуация,27.579754937417174,0.8558643513625739
12,исходный,служебные,12.916697396611676,0.40083535420032224
12,исходный,смысловые частые,13.23249493923533,0.4106352911320606
12,исходный,служебные,18.350676463677388,0.5694644439114268
12,исходный,служебные,18.082886823268,0.5611543045570102
12,исходный,пунктуация,11.399466737804767,0.3537521354910267
12,исходный,пунктуация,10.71789657621777,0.3326014180325717
12,исходный,пунктуация,8.001277768757886,0.24829837767481852
12,исходный,смысловые редкие,9.899271121237351,0.3071975540161744
12,исходный,пунктуация,9.421074571087647,0.29235799575518195
12,исходный,пунктуация,8.844322973709929,0.274460043691898
12,исходный,пунктуация,8.582034452977886,0.2663206169574848
12,исходный,служебные,12.251264834681937,0.38018542423234886
12,исходный,служебные,14.759838069083328,0.45803232348792017
12,исходный,подслова,12.998263278353196,0.4033665344311992
12,исходный,служебные,17.14315322795351,0.5319921714694426
12,исходный,служебные,12.657876357115873,0.3928035315249679
12,исходный,смысловые частые,17.939534446067935,0.556705744749027
12,исходный,смысловые редкие,6.530237300869249,0.20264854870663151
12,исходный,смысловые редкие,15.808207274442326,0.49056567383744665
12,исходный,смысловые частые,15.773188295287232,0.48947895294569244
12,исходный,смысловые частые,11.933386599086717,0.3703209185274457
12,исходный,пунктуация,11.17034593140037,0.34664198056753504
12,исходный,служебные,14.380307819719109,0.4462546114875175
12,исходный,служебные,15.77355006623997,0.4894901795451495
12,исходный,пунктуация,17.441481763147504,0.541250004211109
12,исходный,служебные,15.880730976593545,0.49281625407069796
12,исходный,служебные,16.422716297605664,0.5096353272012845
12,исходный,служебные,14.525043863487467,0.4507461097078491
12,исходный,служебные,13.863771657789217,0.4302252853318428
12,исходный,пунктуация,10.147401989282654,0.3148976356490431
12,исходный,смысловые редкие,12.249064284938976,0.38011713602302016
12,исходный,пунктуация,6.218024821635033,0.19295986468338913
12,исходный,смысловые редкие,11.87264850816234,0.36843607339702483
12,исходный,смысловые частые,8.488697633393128,0.26342415697321653
12,исходный,смысловые редкие,10.671191276135207,0.33115204324838443
12,исходный,смысловые редкие,12.53572422365698,0.3890128649034703
12,перемешивание,служебные,15.950640853730532,0.525617406969908
12,перемешивание,служебные,16.079163699317007,0.5298525875782004
12,перемешивание,смысловые частые,13.379267771877474,0.44088360448323716
12,перемешивание,смысловые частые,14.945132095929326,0.492483132879761
12,перемешивание,смысловые редкие,12.688459627949877,0.41811957959830615
12,перемешивание,смысловые редкие,12.600023492124755,0.41520536613057785
12,перемешивание,служебные,16.477589877348514,0.542981823982321
12,перемешивание,служебные,14.780896606316306,0.48707112260541274
12,перемешивание,служебные,14.488619706536053,0.47743979634156736
12,перемешивание,смысловые частые,14.246396788896456,0.4694578862073025
12,перемешивание,пунктуация,14.963651055466022,0.4930933834383887
12,перемешивание,служебные,13.446210005068162,0.44308953484986785
12,перемешивание,служебные,14.132580661000725,0.4657073323226968
12,перемешивание,служебные,14.93288601005324,0.49207959072977814
12,перемешивание,служебные,16.56518577409534,0.5458683492656298
12,перемешивание,смысловые редкие,12.586587401564735,0.4147626100592242
12,перемешивание,пунктуация,15.043998797556245,0.49574106212670127
12,перемешивание,пунктуация,15.297605351112335,0.5040980943170129
12,перемешивание,смысловые частые,10.152791602344168,0.3345623567395352
12,перемешивание,пунктуация,10.555064628686571,0.3478183573566251
12,перемешивание,пунктуация,12.884796158541244,0.42458940730298844
12,перемешивание,смысловые редкие,12.368654005333756,0.40758110633974937
12,перемешивание,служебные,18.501867588663018,0.6096873320158281
12,перемешивание,пунктуация,13.453059007762425,0.44331522829187436
12,перемешивание,служебные,13.246559682223355,0.43651050859275986
12,перемешивание,служебные,13.550647297818632,0.44653103036781255
12,перемешивание,служебные,19.591766803013165,0.645602503334558
12,перемешивание,смысловые редкие,16.343143831156834,0.5385514576525506
12,перемешивание,смысловые редкие,16.049676870996404,0.5288809156319904
12,перемешивание,служебные,12.863273600335553,0.42388017992214694
12,перемешивание,смысловые редкие,13.258538337208247,0.43690523816067395
12,перемешивание,смысловые редкие,13.34385416082366,0.439716628774597
12,перемешивание,смысловые редкие,14.274344728487826,0.470378847545024
12,перемешивание,пунктуация,12.188648230575696,0.40164942187418057
12,перемешивание,служебные,14.797521218776222,0.487618949227126
12,перемешивание,служебные,15.74031899654619,0.5186867243587153
12,перемешивание,пунктуация,13.948112377046646,0.4596285959277604
12,перемешивание,служебные,11.499844584289594,0.3789514506896784
12,перемешивание,пунктуация,11.4548209062449,0.3774677968902409
12,перемешивание,смысловые редкие,19.563139317300728,0.6446591490865236
12,перемешивание,служебные,13.166238942086625,0.433863719692946
12,перемешивание,служебные,16.396471822497123,0.5403087613737136
12,перемешивание,служебные,12.881525129754126,0.42448161792418065
12,перемешивание,пунктуация,10.16542112778001,0.33497853427570584
12,перемешивание,служебные,15.127967627042365,0.4985080655860306
12,перемешивание,смысловые частые,11.346886553010508,0.3739110636285321
12,перемешивание,служебные,16.854943960023654,0.5554166769931846
12,перемешивание,служебные,15.574144413653364,0.5132108156372168
12,перемешивание,служебные,18.433269876301058,0.6074268490655567
12,перемешивание,пунктуация,13.622466898027945,0.44889768336801505
12,перемешивание,служебные,16.338381202581303,0.5383945159656813
12,перемешивание,служебные,14.164371628955912,0.46675493199564416
12,перемешивание,служебные,20.09615966892911,0.6622236330250842
12,перемешивание,служебные,18.640065784889615,0.6142413419903899
12,перемешивание,смысловые редкие,18.96916851571522,0.6250861804887011
12,перемешивание,служебные,16.722152989703915,0.5510408499572348
12,перемешивание,служебные,16.151628724778337,0.5322405091124054
12,перемешивание,служебные,21.023970228517506,0.6927975381717287
12,перемешивание,служебные,12.475213101566505,0.41109252110762784
12,перемешивание,служебные,15.176407087307018,0.5001042787872936
12,перемешивание,пунктуация,17.182827900535823,0.5662213530046049
12,перемешивание,служебные,17.90851593419425,0.5901347660153067
12,перемешивание,служебные,13.172231813629228,0.4340612012630855
12,перемешивание,пунктуация,20.9232939120977,0.6894799771492521
12,перемешивание,служебные,16.403563925001656,0.540542465621874
12,перемешивание,служебные,15.15268183965474,0.49932246674193037
12,перемешивание,служебные,14.073012281085346,0.4637443906656412
12,перемешивание,служебные,15.157801956894934,0.4994911886617486
12,перемешивание,пунктуация,11.410970091108902,0.37602279214361917
12,перемешивание,смысловые редкие,15.749850571412454,0.5190008159185145
12,перемешивание,смысловые частые,18.21887500123429,0.6003619493330876
12,перемешивание,пунктуация,12.138654994210889,0.4000020074846855
12,перемешивание,пунктуация,25.922525172713318,0.854218372060396
12,перемешивание,пунктуация,13.810809935194706,0.45510410351904473
12,перемешивание,пунктуация,9.565028629539702,0.31519395314300175
12,перемешивание,пунктуация,14.295963481550578,0.4710912448104987
12,чужие хапаксы,смысловые редкие,13.95423650008068,0.4578860485393271
12,чужие хапаксы,смысловые редкие,8.81346000282976,0.28919965450146934
12,чужие хапаксы,смысловые редкие,14.531828078759206,0.4768387963753819
12,чужие хапаксы,пунктуация,9.628409447408263,0.3159409227131133
12,чужие хапаксы,пунктуация,11.841567750096393,0.388562187947081
12,чужие хапаксы,служебные,12.07944608455207,0.39636778666947586
12,чужие хапаксы,служебные,7.020986847220152,0.23038250242509764
12,чужие хапаксы,служебные,12.148541489664852,0.39863504235337754
12,чужие хапаксы,служебные,14.88130228416764,0.4883062358859538
12,чужие хапаксы,служебные,12.225895099617675,0.40117327787786117
12,чужие хапаксы,пунктуация,10.81077234785196,0.35473827837069677
12,чужие хапаксы,пунктуация,11.541497373970973,0.3787158564185173
12,чужие хапаксы,смысловые редкие,9.604770078005643,0.3151652344520132
12,чужие хапаксы,смысловые редкие,8.320232618570136,0.27301518335475183
12,чужие хапаксы,служебные,18.166470470124455,0.596103798256792
12,чужие хапаксы,пунктуация,4.616439148581564,0.15148109895185208
12,чужие хапаксы,пунктуация,12.32833754206245,0.404534763486442
12,чужие хапаксы,служебные,11.76988406958119,0.386210002127694
12,чужие хапаксы,служебные,11.548579574229558,0.3789482475415536
12,чужие хапаксы,смысловые редкие,8.375946689359337,0.2748433518626856
12,чужие хапаксы,служебные,14.673609714903428,0.48149113497729273
12,чужие хапаксы,служебные,12.949653405608407,0.4249222540992185
12,чужие хапаксы,служебные,15.205226195755515,0.49893528319381014
12,чужие хапаксы,подслова,11.047075100145802,0.3624921768735757
12,чужие хапаксы,служебные,13.965664927183383,0.458261054174859
12,чужие хапаксы,пунктуация,19.04525956676078,0.6249398629856595
12,чужие хапаксы,служебные,14.001831954324782,0.4594478175742821
12,чужие хапаксы,служебные,13.178058994498912,0.4324170197613002
12,чужие хапаксы,служебные,15.62806903324504,0.5128101975261075
12,чужие хапаксы,служебные,12.828090092503148,0.4209333475700226
12,чужие хапаксы,служебные,14.40138439417167,0.4725584945980434
12,чужие хапаксы,служебные,18.97310428600537,0.6225722023554165
12,чужие хапаксы,служебные,13.19550506143227,0.43298948466474524
12,чужие хапаксы,служебные,12.948509357877548,0.4248847139948337
12,чужие хапаксы,смысловые частые,10.399903802424163,0.34125628136326835
12,чужие хапаксы,смысловые частые,17.72507210269668,0.581620013759371
12,чужие хапаксы,служебные,11.844027792967179,0.3886429103362518
12,чужие хапаксы,смысловые редкие,12.369351939243943,0.40588058561426305
12,чужие хапаксы,смысловые редкие,12.83100982872471,0.4210291540644346
12,чужие хапаксы,смысловые редкие,12.62528572760977,0.4142786453032938
12,чужие хапаксы,смысловые редкие,12.968593412195895,0.42554374025330544
12,чужие хапаксы,служебные,13.155531132289454,0.4316778038386614
12,чужие хапаксы,служебные,13.826468536268402,0.4536935462781262
12,чужие хапаксы,смысловые редкие,14.547238353679651,0.477344460005935
12,чужие хапаксы,служебные,14.801074422770093,0.4856736863775753
12,чужие хапаксы,пунктуация,6.891661888729609,0.2261389098630535
12,чужие хапаксы,смысловые частые,14.22297575693002,0.4667042992838539
12,чужие хапаксы,служебные,18.038273496962095,0.5918972187369683
12,чужие хапаксы,смысловые редкие,8.705426512896741,0.28565470757334055
12,чужие хапаксы,смысловые редкие,12.528473644408551,0.4111019109669071
12,чужие хапаксы,пунктуация,28.73713014077849,0.9429631615062121
12,чужие хапаксы,пунктуация,13.909092416140666,0.4564047173170777
12,чужие хапаксы,служебные,13.05949822125308,0.4285266367960274
12,чужие хапаксы,смысловые частые,12.780250740602153,0.41936357542186514
12,чужие хапаксы,смысловые частые,15.6511428867231,0.5135673292827309
12,чужие хапаксы,служебные,19.247673311086256,0.6315817476605183
12,чужие хапаксы,служебные,14.201304654750395,0.4659931965771982
12,чужие хапаксы,пунктуация,11.854960483585883,0.38900164916852487
12,чужие хапаксы,пунктуация,9.866822832619103,0.3237640782739672
12,чужие хапаксы,служебные,10.616274245118058,0.34835613286895556
12,чужие хапаксы,служебные,16.283339514248087,0.5343118548377931
12,чужие хапаксы,служебные,14.445296363027365,0.47399939592595197
12,чужие хапаксы,смысловые частые,8.15168185197759,0.2674844583671906
12,чужие хапаксы,смысловые редкие,15.151979394417591,0.4971880742037777
12,чужие хапаксы,служебные,14.271323324873956,0.4682907477321231
12,чужие хапаксы,смысловые частые,12.823832725250032,0.4207936488434962
12,чужие хапаксы,смысловые редкие,10.991521017490195,0.36066925812146367
12,чужие хапаксы,смысловые редкие,10.399863334023145,0.3412549534571352
12,чужие хапаксы,служебные,12.029952698001457,0.394743740008352
12,чужие хапаксы,пунктуация,11.650501503791832,0.3822926533488153
12,чужие хапаксы,пунктуация,12.610159193626016,0.41378229217971896
12,чужие хапаксы,служебные,13.899804341305472,0.4560999439326794
12,чужие хапаксы,смысловые редкие,10.454137339795823,0.3430358685248645
13,исходный,служебные,15.65765267284389,0.44445248953426514
13,исходный,служебные,8.867550487949686,0.25171109442704137
13,исходный,служебные,16.115169519452678,0.45743939796350985
13,исходный,пунктуация,10.808681821141086,0.30681134933601595
13,исходный,пунктуация,12.638531783111203,0.35875281132043757
13,исходный,пунктуация,8.135915416134333,0.23094316478309862
13,исходный,пунктуация,10.006673938043422,0.28404584241638137
13,исходный,пунктуация,12.28961192357988,0.34884849785424316
13,исходный,смысловые редкие,13.093058656903278,0.3716548474581713
13,исходный,пунктуация,8.625487555341554,0.24483998320305558
13,исходный,пунктуация,13.11292751973644,0.3722188378426131
13,исходный,пунктуация,11.599975623004351,0.32927273020449854
13,исходный,служебные,23.591944800833016,0.6696724482764198
13,исходный,смысловые редкие,15.832597554189034,0.4494184119282381
13,исходный,смысловые редкие,16.755957185661035,0.47562856587136
13,исходный,пунктуация,23.552763750289028,0.6685602690870676
13,исходный,пунктуация,18.005782707384395,0.5111056629956837
13,исходный,пунктуация,22.689257199260858,0.6440490831288271
13,исходный,смысловые частые,15.510147128479753,0.44026545027732394
13,исходный,служебные,19.705109517210808,0.5593421417923801
13,исходный,служебные,9.841907794186913,0.2793688499988017
13,исходный,служебные,15.448112333487229,0.4385045529290264
13,исходный,пунктуация,9.175028178660497,0.26043904541484714
13,исходный,пунктуация,9.439564035103368,0.2679480649609908
13,исходный,пунктуация,12.59432381604319,0.35749793988912115
13,исходный,смысловые редкие,12.228325098475365,0.3471088321097989
13,исходный,смысловые редкие,8.869172565009064,0.25175713812224404
13,исходный,пунктуация,17.957857801423504,0.5097452838756412
13,исходный,пунктуация,19.027641964007476,0.5401117918228645
13,исходный,пунктуация,10.795715594715496,0.3064432947025961
13,исходный,пунктуация,8.043767535719871,0.22832748823749835
13,исходный,служебные,5.894684868268516,0.1673244016496664
13,исходный,смысловые частые,22.73190819200706,0.6452597588478023
13,исходный,служебные,10.172078635738476,0.28874096059324134
13,исходный,служебные,23.852166983277673,0.6770590214260567
13,исходный,служебные,17.171751469328118,0.48743115265567816
13,исходный,пунктуация,5.848700731013838,0.16601911249113413
13,исходный,смысловые частые,23.588652100733142,0.6695789828772789
13,исходный,служебные,18.61227465930292,0.5283213251095965
13,исходный,пунктуация,5.449976720758386,0.154701076339874
13,исходный,служебные,22.555117572717887,0.6402414440013083
13,исходный,пунктуация,6.363185449763766,0.18062309042151248
13,исходный,пунктуация,8.282214524079892,0.23509595857037044
13,исходный,пунктуация,6.50590655739298,0.18467432038045184
13,исходный,пунктуация,10.072155282373238,0.28590457227286314
13,исходный,пунктуация,6.384260269218004,0.1812213126562646
13,исходный,пунктуация,5.9724031221235725,0.1695304840127044
13,исходный,пунктуация,10.163567791119597,0.28849937482314303
13,исходный,служебные,13.49011856720886,0.3829256470675942
13,исходный,служебные,19.827482569685515,0.562815779186229
13,исходный,пунктуация,6.229200425182396,0.17681983976959442
13,исходный,служебные,11.856492500078222,0.33655412589037753
13,исходный,служебные,14.131410241193953,0.40112912155867203
13,исходный,служебные,14.73265028422984,0.418195704878562
13,исходный,смысловые частые,16.826527095903312,0.47763173792714253
13,исходный,смысловые редкие,16.826390242662864,0.477627853260348
13,исходный,служебные,17.855039638400633,0.5068267245309119
13,исходный,смысловые частые,15.126192660024081,0.42936665702021604
13,исходный,пунктуация,9.04742254166745,0.2568168777614204
13,исходный,пунктуация,7.034568651868672,0.199680732192079
13,исходный,служебные,19.35940052989884,0.5495289709885812
13,исходный,служебные,10.648138489172462,0.3022542241358041
13,исходный,служебные,16.63847296623295,0.47229370113161745
13,исходный,служебные,16.22216975431717,0.46047666809332666
13,исходный,смысловые частые,18.525456659009713,0.5258569406215164
13,исходный,служебные,18.1309281205327,0.5146579956211241
13,исходный,пунктуация,10.784142639762065,0.3061147889713864
13,исходный,пунктуация,9.369041535016029,0.2659462386727911
13,исходный,служебные,13.09062881761541,0.37158587491527323
13,перемешивание,пунктуация,17.25661832439136,0.5476550496215158
13,перемешивание,служебные,13.973581138819881,0.4434647697546842
13,перемешивание,служебные,11.972014145572274,0.37994315442994653
13,перемешивание,служебные,13.932661640660152,0.44216615090747474
13,перемешивание,служебные,13.820237612839733,0.4385982684071348
13,перемешивание,служебные,16.805651134774234,0.5333431807509875
13,перемешивание,смысловые частые,8.109414222242638,0.25735990475065207
13,перемешивание,служебные,15.119550477282399,0.47983318696846416
13,перемешивание,смысловые редкие,13.728925446959304,0.4357003907467353
13,перемешивание,служебные,14.965799449345612,0.4749537531621857
13,перемешивание,служебные,12.807230620720336,0.4064495365926321
13,перемешивание,служебные,12.640771141376817,0.4011667881012319
13,перемешивание,смысловые частые,16.416683745324764,0.520998933983415
13,перемешивание,служебные,13.221024560893397,0.41958167735037544
13,перемешивание,служебные,13.077691808126021,0.41503287732747324
13,перемешивание,пунктуация,24.257917017847646,0.7698478634916742
13,перемешивание,пунктуация,10.569133488192959,0.3354214143307182
13,перемешивание,служебные,16.36758446701189,0.5194407221023069
13,перемешивание,пунктуация,8.95305755038837,0.2841337210368628
13,перемешивание,пунктуация,13.50337721979524,0.42854240514274317
13,перемешивание,пунктуация,13.459709044498926,0.42715655443554046
13,перемешивание,служебные,13.936507472460015,0.4422882020049492
13,перемешивание,служебные,17.389002015184094,0.5518563708414269
13,перемешивание,смысловые частые,16.995165888665596,0.5393576101134128
13,перемешивание,служебные,15.661842531826995,0.49704333651562055
13,перемешивание,служебные,16.683414652856325,0.529463890770071
13,перемешивание,служебные,15.503952553976118,0.49203254923220235
13,перемешивание,пунктуация,11.188139082852015,0.3550661403880732
13,перемешивание,служебные,15.923803313213595,0.5053569088524665
13,перемешивание,служебные,15.825032705235124,0.5022223305013223
13,перемешивание,служебные,15.04978579307542,0.47761913895088715
13,перемешивание,подслова,10.15221094894088,0.3221899845320019
13,перемешивание,пунктуация,10.06570315014808,0.31944457799000553
13,перемешивание,смысловые частые,13.363153545113667,0.4240922746436926
13,перемешивание,смысловые частые,13.25979600910667,0.42081212580765665
13,перемешивание,пунктуация,15.093670576724604,0.47901186392835576
13,перемешивание,служебные,16.959809466860044,0.538235540738384
13,перемешивание,служебные,14.548923964293996,0.4617238166728771
13,перемешивание,служебные,17.40155238559045,0.5522546686769852
13,перемешивание,пунктуация,11.204757794321646,0.35559355086233063
13,перемешивание,пунктуация,10.046792622811353,0.31884443457880624
13,перемешивание,пунктуация,10.901764594148506,0.34597777603573787
13,перемешивание,пунктуация,12.81330952301953,0.40664245628742557
13,перемешивание,пунктуация,11.69124794695401,0.37103277445016836
13,перемешивание,пунктуация,14.232084813325097,0.4516686275457784
13,перемешивание,пунктуация,15.276166503092565,0.4848035441829688
13,перемешивание,служебные,14.784851568545847,0.4692112015929576
13,перемешивание,пунктуация,12.135381684623491,0.38512777728152686
13,перемешивание,смысловые частые,14.901928581944457,0.4729267509767976
13,перемешивание,пунктуация,14.881001662081582,0.47226261544801157
13,перемешивание,пунктуация,15.831643888701972,0.5024321426407306
13,перемешивание,служебные,17.92464687424291,0.5688555653738072
13,перемешивание,служебные,17.107038770727787,0.5429080014835731
13,перемешивание,пунктуация,13.891007193826288,0.44084420777128613
13,перемешивание,пунктуация,10.436920566956791,0.331225512643662
13,перемешивание,служебные,19.767277880813456,0.6273331973389985
13,перемешивание,пунктуация,13.370205144115527,0.424316063785266
13,перемешивание,пунктуация,25.725927293986235,0.8164365534372131
13,перемешивание,служебные,12.859224383612336,0.40809960767036924
13,перемешивание,пунктуация,12.823858161757684,0.4069772272815443
13,перемешивание,служебные,15.346051381443674,0.4870214066750118
13,перемешивание,служебные,20.03971242631927,0.63597916445335
13,перемешивание,служебные,17.74729079985405,0.5632270031668758
13,перемешивание,пунктуация,14.47261623939174,0.4593021190909829
13,перемешивание,смысловые частые,16.138605205447224,0.5121738493873179
13,перемешивание,служебные,17.16663527658999,0.5447993527762596
13,перемешивание,служебные,14.543090766508985,0.46153869464245667
13,перемешивание,пунктуация,24.233007633077094,0.7690573406849389
13,перемешивание,пунктуация,13.558107909652453,0.43027933517770867
13,перемешивание,пунктуация,12.586968672039038,0.39945931601944556
13,перемешивание,служебные,16.094695464390842,0.5107803323630056
13,перемешивание,служебные,23.761208130122824,0.7540843387129005
13,чужие хапаксы,смысловые частые,13.7453752846111,0.42574803667051825
13,чужие хапаксы,смысловые частые,14.392269613162316,0.44578488430917956
13,чужие хапаксы,служебные,11.201158713802418,0.346943697941469
13,чужие хапаксы,пунктуация,18.696544028206453,0.5791050988214625
13,чужие хапаксы,пунктуация,15.938350457295227,0.49367305544266843
13,чужие хапаксы,пунктуация,16.99271794792979,0.5263309407147756
13,чужие хапаксы,служебные,20.205723197353176,0.6258502807422224
13,чужие хапаксы,пунктуация,15.602139454846967,0.4832592856302407
13,чужие хапаксы,пунктуация,14.711480257375658,0.4556720865313201
13,чужие хапаксы,пунктуация,9.360585220614706,0.2899339375786666
13,чужие хапаксы,пунктуация,25.480953408561323,0.7892447940896559
13,чужие хапаксы,служебные,17.286675023635773,0.5354359411426173
13,чужие хапаксы,служебные,14.502646500100083,0.44920368822937295
13,чужие хапаксы,служебные,21.229595780022464,0.6575636194358742
13,чужие хапаксы,служебные,19.468563485176517,0.6030175611057358
13,чужие хапаксы,служебные,10.661346332821607,0.3302235970628613
13,чужие хапаксы,смысловые частые,14.411276559500353,0.44637360378165414
13,чужие хапаксы,пунктуация,11.664080968946775,0.361282210872393
13,чужие хапаксы,пунктуация,14.835296546325441,0.45950716129913793
13,чужие хапаксы,пунктуация,21.361811477172918,0.6616588567293841
13,чужие хапаксы,пунктуация,20.63623708913339,0.6391849798966366
13,чужие хапаксы,смысловые частые,7.572046183300088,0.23453588784351004
13,чужие хапаксы,служебные,13.134436117667201,0.4068248610230193
13,чужие хапаксы,смысловые редкие,10.415919080472541,0.32262175508550633
13,чужие хапаксы,служебные,15.310772967376007,0.47423452585294834
13,чужие хапаксы,пунктуация,17.358522412993036,0.5376613358172176
13,чужие хапаксы,пунктуация,10.052436297448795,0.3113632715569299
13,чужие хапаксы,служебные,12.555040300845025,0.3888787063084715
13,чужие хапаксы,служебные,13.89198560298711,0.43028913168697136
13,чужие хапаксы,служебные,15.883144800335481,0.4919631203134303
13,чужие хапаксы,служебные,10.618893835143648,0.32890867715970046
13,чужие хапаксы,служебные,15.590396341961066,0.4828955554917722
13,чужие хапаксы,смысловые частые,10.847912470796539,0.33600228009678007
13,чужие хапаксы,пунктуация,17.20159540891935,0.5328006926916888
13,чужие хапаксы,служебные,15.318655326347772,0.4744786733416181
13,чужие хапаксы,служебные,12.328223062634326,0.38185328926079376
13,чужие хапаксы,служебные,15.279628199285458,0.4732698505645293
13,чужие хапаксы,служебные,18.926156356928256,0.5862170907550767
13,чужие хапаксы,служебные,20.354081075153484,0.6304455045095065
13,чужие хапаксы,смысловые частые,12.854460124476859,0.39815290940674597
13,чужие хапаксы,смысловые редкие,13.65967740859085,0.42309363824872304
13,чужие хапаксы,служебные,12.27499175988294,0.3802045076039416
13,чужие хапаксы,служебные,14.751152883992571,0.45690090295444263
13,чужие хапаксы,пунктуация,8.922233885889831,0.27635648216062797
13,чужие хапаксы,смысловые частые,10.439018417005778,0.3233372318894338
13,чужие хапаксы,служебные,16.64756524809646,0.5156402115594874
13,чужие хапаксы,служебные,15.004317036261961,0.464742386984691
13,чужие хапаксы,пунктуация,14.568835163408131,0.4512538100245048
13,чужие хапаксы,служебные,16.03644765983759,0.4967115095059809
13,чужие хапаксы,служебные,12.03484644207145,0.3727662677991451
13,чужие хапаксы,служебные,13.78156475441578,0.4268689661030336
13,чужие хапаксы,служебные,14.770786782620096,0.4575090415916041
13,чужие хапаксы,служебные,15.636799967558082,0.484332857281156
13,чужие хапаксы,служебные,14.77923212993175,0.45777062703125104
13,чужие хапаксы,смысловые частые,10.630142650976355,0.329257096985022
13,чужие хапаксы,смысловые частые,13.428075234471368,0.41592001301999704
13,чужие хапаксы,служебные,14.324652047326808,0.44369050381371666
13,чужие хапаксы,служебные,9.744077618485369,0.30181219714530766
13,чужие хапаксы,смысловые редкие,14.213972888498622,0.4402623373507609
13,чужие хапаксы,служебные,14.796693488084607,0.4583114735921669
13,чужие хапаксы,смысловые частые,12.037533466134127,0.37284949544447915
13,чужие хапаксы,пунктуация,17.47118278821582,0.5411508683013081
13,чужие хапаксы,служебные,15.186417884965698,0.47038276254420375
13,чужие хапаксы,служебные,17.86709753012206,0.5534138964518898
13,чужие хапаксы,служебные,15.285453195113094,0.47345027346938856
13,чужие хапаксы,пунктуация,14.297683528774279,0.44285518330860785
13,чужие хапаксы,служебные,13.17567579724855,0.40810221520587214
13,чужие хапаксы,смысловые частые,13.805311608976428,0.42760449907299297
13,чужие хапаксы,пунктуация,16.430637041152636,0.508921096490422
13,чужие хапаксы,пунктуация,23.54468932386474,0.7292711218205447
14,исходный,служебные,11.832559001842572,0.38042476441802164
14,исходный,служебные,10.971172632976314,0.3527306108204936
14,исходный,служебные,15.244379716370638,0.49011710496403116
14,исходный,подслова,10.551413695645477,0.3392350774517966
14,исходный,подслова,9.918670136377283,0.3188919446236282
14,исходный,служебные,10.422321666580048,0.3350846815198758
14,исходный,служебные,13.83265137967172,0.44472908536258227
14,исходный,смысловые частые,21.74010008327667,0.6989589024079117
14,исходный,служебные,8.173076786189567,0.26276993932355586
14,исходный,служебные,14.113507764117253,0.45375880783185973
14,исходный,служебные,7.903415996593468,0.25410016279094794
14,исходный,служебные,7.516664606999724,0.24166584437752345
14,исходный,служебные,7.788491978850588,0.25040527799307793
14,исходный,служебные,19.686659527781224,0.6329394015164207
14,исходный,служебные,18.302149855999005,0.5884264803773666
14,исходный,служебные,17.233453186358886,0.554067160578593
14,исходный,служебные,23.999912103584567,0.771613385290336
14,исходный,смысловые частые,14.843926023700893,0.47724224825125316
14,исходный,служебные,20.407949101368192,0.6561293485148907
14,исходный,служебные,4.959746734814024,0.15945920767188757
14,исходный,служебные,20.886319488974582,0.6715092796000751
14,исходный,пунктуация,14.610862595824075,0.46974910161824773
14,исходный,пунктуация,13.631053618527265,0.4382475811690568
14,исходный,пунктуация,12.25739852462196,0.3940836420406598
14,исходный,пунктуация,13.788947501038786,0.4433239761439848
14,исходный,пунктуация,10.177602872961323,0.32721680700544753
14,исходный,служебные,12.302566862723387,0.3955358346203641
14,исходный,служебные,17.14672330882148,0.5512787364325537
14,исходный,служебные,15.0360584520906,0.48341943560318906
14,исходный,служебные,20.553118599378042,0.660796645933182
14,исходный,служебные,16.199860401711913,0.5208364543938816
14,исходный,служебные,12.94144691053816,0.4160762597003035
14,исходный,служебные,15.059637617186402,0.48417752168797823
14,исходный,смысловые частые,19.354807544895074,0.6222701361114091
14,исходный,пунктуация,8.122528207814492,0.2611447683848765
14,исходный,пунктуация,25.929065500032127,0.8336369700665037
14,исходный,пунктуация,10.570629912252588,0.3398528917956446
14,исходный,пунктуация,10.625284830661455,0.34161008434010953
14,исходный,смысловые частые,17.62288677134736,0.5665877133856938
14,исходный,служебные,11.512573590601155,0.3701370173068715
14,исходный,смысловые редкие,8.318982740260196,0.26746091430165336
14,исходный,служебные,13.488971218013809,0.4336795360205085
14,исходный,служебные,18.69507070984809,0.6010591512338727
14,исходный,подслова,10.086060266964497,0.3242736503885964
14,исходный,служебные,12.021516818816322,0.38649988586858774
14,исходный,служебные,16.477022687836357,0.5297474091068928
14,исходный,подслова,11.937345593323922,0.3837937241140817
14,исходный,служебные,10.91130989176324,0.3508059832551585
14,исходный,пунктуация,20.98565645582774,0.6747030301832947
14,исходный,служебные,15.468590586390095,0.49732563588230755
14,исходный,служебные,11.61248842372622,0.3733493466810626
14,исходный,служебные,13.423855498586038,0.43158602165735493
14,исходный,служебные,13.625624012291613,0.43807301566105816
14,исходный,служебные,15.020559221608913,0.4829211248739767
14,исходный,служебные,14.966408085042985,0.48118012925605047
14,исходный,служебные,11.878964422627288,0.3819167300416028
14,исходный,смысловые частые,14.353527785529078,0.46147561364596834
14,исходный,пунктуация,9.403321807239635,0.3023231477408168
14,исходный,служебные,17.04558448781449,0.5480270550211948
14,исходный,смысловые редкие,8.03092118186478,0.2581995406230265
14,исходный,служебные,16.1318368056028,0.5186494498312467
14,исходный,служебные,16.173003832285392,0.5199729975460797
14,исходный,служебные,10.817708566669483,0.3477966374287432
14,исходный,подслова,9.761381101593567,0.31383499591170416
14,исходный,смысловые редкие,18.74626766938081,0.6027051680647308
14,исходный,служебные,12.699684478172102,0.4083034341970744
14,исходный,пунктуация,9.866477733835156,0.3172139236276283
14,исходный,служебные,16.31618863160934,0.5245764855610199
14,перемешивание,пунктуация,11.453888743515625,0.39901794856776784
14,перемешивание,пунктуация,13.516790964609806,0.4708830618746255
14,перемешивание,служебные,15.648320188919579,0.5451389270608343
14,перемешивание,смысловые частые,18.93932334145618,0.6597872666824877
14,перемешивание,служебные,13.434351713982807,0.4680111341474357
14,перемешивание,служебные,17.48543338740848,0.6091382513220209
14,перемешивание,пунктуация,14.315323123563582,0.498701444876775
14,перемешивание,пунктуация,8.869298313392866,0.308978836576278
14,перемешивание,пунктуация,12.509940812458067,0.4358075262881484
14,перемешивание,пунктуация,12.835493565588528,0.4471487741921187
14,перемешивание,пунктуация,9.71319680466649,0.338377641849122
14,перемешивание,служебные,16.226066956832508,0.5652658320174401
14,перемешивание,служебные,13.427590205062451,0.467775584153976
14,перемешивание,смысловые частые,17.91687490359189,0.6241683352148762
14,перемешивание,пунктуация,11.18747218299343,0.38973682214647015
14,перемешивание,служебные,13.007956403121211,0.45315684439233134
14,перемешивание,пунктуация,13.67032467394299,0.47623169997527137
14,перемешивание,пунктуация,13.056688211862854,0.454854509420298
14,перемешивание,служебные,17.97061815434934,0.6260405833348645
14,перемешивание,служебные,12.619098203893428,0.4396102311490808
14,перемешивание,служебные,15.011938825333997,0.5229693747026072
14,перемешивание,служебные,12.023090108965697,0.4188471582143553
14,перемешивание,служебные,13.990051340020303,0.48736998508152457
14,перемешивание,служебные,12.323311258525791,0.42930593164027536
14,перемешивание,смысловые частые,12.244125230638653,0.42654733610034196
14,перемешивание,смысловые частые,16.00091152230466,0.5574221152147036
14,перемешивание,служебные,14.438430296165222,0.5029901168348725
14,перемешивание,служебные,11.532082325410263,0.4017419703683487
14,перемешивание,служебные,12.627675279112783,0.43990902983967195
14,перемешивание,служебные,12.02980373787871,0.4190810402169051
14,перемешивание,служебные,13.969693864204176,0.48666079378238897
14,перемешивание,подслова,10.934687667515478,0.3809305938816101
14,перемешивание,служебные,18.668864946632972,0.6503653352937806
14,перемешивание,служебные,16.020933443955798,0.5581196168477752
14,перемешивание,служебные,9.631739963496344,0.33553993821952083
14,перемешивание,служебные,11.3059059959988,0.39386268875515495
14,перемешивание,смысловые частые,12.013523963151334,0.41851390337278827
14,перемешивание,смысловые частые,18.743259201020177,0.6529570003112722
14,перемешивание,служебные,9.791199263754104,0.3410950055240574
14,перемешивание,служебные,12.249474251906989,0.4267336794061947
14,перемешивание,служебные,11.157418291654905,0.3886898378132963
14,перемешивание,служебные,16.84239965474051,0.5867369510636867
14,перемешивание,служебные,13.318751146309145,0.46398396901607125
14,перемешивание,пунктуация,12.573095429545871,0.43800763721267827
14,перемешивание,служебные,14.18852631349424,0.4942842373962633
14,перемешивание,служебные,14.260695085742288,0.4967983735205009
14,перемешивание,подслова,10.980751062468375,0.38253529965182964
14,перемешивание,служебные,20.647572074193132,0.719297352754004
14,перемешивание,служебные,17.04400986867948,0.5937604254292623
14,перемешивание,служебные,17.668155039683274,0.6155037068002642
14,перемешивание,пунктуация,9.996174353589863,0.348235701726477
14,перемешивание,пунктуация,9.43109219101582,0.3285499923284193
14,перемешивание,служебные,10.849599559207823,0.37796638817080697
14,перемешивание,служебные,11.767882612555258,0.4099565208110141
14,перемешивание,пунктуация,10.317507554391872,0.3594299535183254
14,перемешивание,пунктуация,10.15466724846627,0.35375710246576336
14,перемешивание,служебные,14.618804706973446,0.5092738017026484
14,перемешивание,служебные,15.498574970213095,0.5399222682199739
14,перемешивание,служебные,12.527507562920222,0.43641949737407143
14,перемешивание,служебные,13.034027357815086,0.45406507556971576
14,перемешивание,служебные,12.795966969834813,0.4457717902258266
14,перемешивание,служебные,11.34834611849195,0.3953411709539425
14,перемешивание,служебные,12.502728575241747,0.4355562743192248
14,перемешивание,служебные,15.206342612290241,0.5297417995097716
14,перемешивание,служебные,15.401142778784674,0.5365280329502939
14,перемешивание,служебные,15.60316159153758,0.5435657416308847
14,перемешивание,служебные,14.986060042621697,0.5220678382008546
14,перемешивание,смысловые частые,17.934253734316556,0.6247737597601591
14,чужие хапаксы,пунктуация,14.66750597773289,0.49602170990936684
14,чужие хапаксы,подслова,10.732185603045991,0.3629381206299929
14,чужие хапаксы,служебные,11.852857778411265,0.40083670608251804
14,чужие хапаксы,служебные,13.131368747033815,0.4440730407229665
14,чужие хапаксы,служебные,11.63423373173947,0.39344333780149754
14,чужие хапаксы,служебные,10.566728103981081,0.35734272413054047
14,чужие хапаксы,смысловые частые,11.786274497717024,0.3985850108869291
14,чужие хапаксы,смысловые частые,11.732017795428415,0.39675017255217093
14,чужие хапаксы,служебные,11.490384088677581,0.3885786698729668
14,чужие хапаксы,служебные,12.044151518135486,0.40730582550997996
14,чужие хапаксы,пунктуация,11.59879527558925,0.39224488977339605
14,чужие хапаксы,служебные,11.283939177341125,0.3815971722633081
14,чужие хапаксы,служебные,10.361342775246317,0.35039705919582187
14,чужие хапаксы,служебные,11.015638467669403,0.3725238521649014
14,чужие хапаксы,смысловые редкие,8.00818205844722,0.27081851297192916
14,чужие хапаксы,смысловые редкие,8.288576336582155,0.28030081006459345
14,чужие хапаксы,служебные,12.893960635716482,0.43604443807567594
14,чужие хапаксы,служебные,8.079105224558537,0.2732169732268715
14,чужие хапаксы,служебные,13.03148906156078,0.4406953368073345
14,чужие хапаксы,служебные,11.69864549967066,0.39562159737173513
14,чужие хапаксы,пунктуация,10.973678299685325,0.3711048546677711
14,чужие хапаксы,служебные,19.22840107638853,0.6502608142933622
14,чужие хапаксы,смысловые частые,15.989013903279771,0.5407121038920705
14,чужие хапаксы,служебные,11.00425039805871,0.372138733538092
14,чужие хапаксы,служебные,11.480736460324925,0.3882524090131233
14,чужие хапаксы,служебные,13.185615010585664,0.4459075260433769
14,чужие хапаксы,смысловые частые,12.221328233237658,0.4132975392556244
14,чужие хапаксы,служебные,13.85416455067348,0.46851635173855044
14,чужие хапаксы,смысловые частые,16.962046688628558,0.5736178607889346
14,чужие хапаксы,смысловые частые,9.250084794936635,0.3128168404196754
14,чужие хапаксы,служебные,12.365405435940566,0.4181699027339245
14,чужие хапаксы,служебные,18.15252491039847,0.6138771280473649
14,чужие хапаксы,служебные,7.902023322196084,0.2672284658325555
14,чужие хапаксы,служебные,13.519500641054712,0.45719877907513623
14,чужие хапаксы,служебные,12.877418241471725,0.43548501190658245
14,чужие хапаксы,служебные,13.992940084823635,0.47320942483817946
14,чужие хапаксы,служебные,12.54514631831076,0.4242483307876939
14,чужие хапаксы,служебные,12.736814798926599,0.4307301231002472
14,чужие хапаксы,подслова,10.120051758621871,0.342237145517687
14,чужие хапаксы,служебные,10.263245559317212,0.34707963434824574
14,чужие хапаксы,служебные,12.081280124054269,0.40856143056119615
14,чужие хапаксы,служебные,9.360232743959815,0.31654179366669855
14,чужие хапаксы,служебные,16.645363118262956,0.5629083423260535
14,чужие хапаксы,служебные,11.425163150194779,0.38637304599408473
14,чужие хапаксы,служебные,12.798953842036147,0.43283152428338784
14,чужие хапаксы,служебные,15.664489413790237,0.5297374233684398
14,чужие хапаксы,пунктуация,10.382581109921968,0.3511152913954499
14,чужие хапаксы,пунктуация,11.381550718370116,0.38489817268980137
14,чужие хапаксы,пунктуация,10.634443833142079,0.35963271615898684
14,чужие хапаксы,служебные,12.701763256584872,0.42954475961761435
14,чужие хапаксы,пунктуация,10.037064275715395,0.33943069749340554
14,чужие хапаксы,пунктуация,11.118108785428065,0.3759891653753934
14,чужие хапаксы,пунктуация,10.402351818065258,0.35178389180197034
14,чужие хапаксы,пунктуация,12.592474381671336,0.4258488583041272
14,чужие хапаксы,подслова,10.522144753143222,0.3558350165523294
14,чужие хапаксы,пунктуация,12.674202274615118,0.4286127098591774
14,чужие хапаксы,пунктуация,16.47590332121308,0.557177597206796
14,чужие хапаксы,служебные,13.570934051310074,0.4589381400912534
14,чужие хапаксы,служебные,10.097382899569718,0.3414705362355218
14,чужие хапаксы,служебные,10.583467828647981,0.35790882356593823
14,чужие хапаксы,служебные,10.680168162905002,0.36117900905076383
14,чужие хапаксы,пунктуация,11.423695584055785,0.3863234162433436
14,чужие хапаксы,пунктуация,11.786497965923665,0.39859256807368854
14,чужие хапаксы,пунктуация,14.115823874232923,0.47736507525587635
14,чужие хапаксы,служебные,14.254225056394345,0.48204548862222546
14,чужие хапаксы,служебные,14.976947338792542,0.5064863133165518
14,чужие хапаксы,служебные,9.838747880764563,0.3327240878301193
14,чужие хапаксы,служебные,10.242305820620377,0.3463714999858512
15,исходный,служебные,17.524178196301243,0.5487986490319525
15,исходный,служебные,13.174346805402529,0.41257647849126233
15,исходный,служебные,16.186198995461726,0.5068976155210881
15,исходный,служебные,14.33163482616102,0.44881886858902875
15,исходный,служебные,8.001076063667254,0.25056694159097676
15,исходный,пунктуация,7.176293540386659,0.22473751156286326
15,исходный,служебные,16.782026801526424,0.5255569495772207
15,исходный,служебные,12.194013454706866,0.38187571681010674
15,исходный,смысловые частые,10.836896733987963,0.33937536018474407
15,исходный,смысловые частые,6.479172025814903,0.20290599734733
15,исходный,служебные,8.375335835200412,0.2622875058710042
15,исходный,пунктуация,7.544947230667883,0.23628251212840654
15,исходный,пунктуация,11.94494946541506,0.3740758656949942
15,исходный,смысловые редкие,12.645077645482244,0.39600153861762905
15,исходный,служебные,16.73853048134023,0.5241947903085433
15,исходный,пунктуация,13.849602802119698,0.4337232378198866
15,исходный,служебные,8.193810876926133,0.2566027513135818
15,исходный,служебные,12.01874113882247,0.3763867740994945
15,исходный,служебные,13.296001952933873,0.41638631081921
15,исходный,служебные,12.752374368546116,0.39936171311502355
15,исходный,смысловые частые,16.23631219502564,0.5084669933207928
15,исходный,пунктуация,9.284726714220296,0.29076658661633864
15,исходный,служебные,21.049057112171766,0.6591860672242221
15,исходный,служебные,16.798561864062325,0.5260747724320052
15,исходный,пунктуация,8.552695299236841,0.26784181108097793
15,исходный,пунктуация,7.050067749746409,0.2207845419799027
15,исходный,смысловые редкие,10.727151275225417,0.3359384994754077
15,исходный,смысловые редкие,8.654637883561922,0.2710343118607428
15,исходный,служебные,12.355835359422185,0.3869434376296935
15,исходный,служебные,19.396328277901432,0.6074281279186772
15,исходный,служебные,9.067359754170889,0.28395938044193014
15,исходный,служебные,12.722615217366544,0.39842975603374176
15,исходный,служебные,12.846595359657357,0.4023123994212844
15,исходный,пунктуация,18.25423228888484,0.5716615014431823
15,исходный,служебные,16.74508332925196,0.5244000035882181
15,исходный,служебные,11.264077347940477,0.3527532282481527
15,исходный,служебные,16.158539949316264,0.5060314267053783
15,исходный,подслова,11.76890172458933,0.368562639268737
15,исходный,пунктуация,13.333669173811957,0.41756592219379896
15,исходный,служебные,17.763188480319922,0.5562836517239407
15,исходный,служебные,16.353934729521846,0.512150537696121
15,исходный,подслова,14.578297501708843,0.456543518589211
15,исходный,пунктуация,12.941818983343484,0.4052944848263451
15,исходный,служебные,12.889902172687272,0.4036686239596603
15,исходный,служебные,16.5214394572339,0.5173962255249654
15,исходный,пунктуация,15.277311804092916,0.4784343085883312
15,исходный,пунктуация,12.492949861331804,0.39123740523078593
15,исходный,пунктуация,13.13177347717049,0.4112432242435129
15,исходный,служебные,17.605947676378733,0.5513593956584645
15,исходный,служебные,11.616828139791467,0.3638002032243393
15,исходный,пунктуация,6.438306278021676,0.20162621880768142
15,исходный,служебные,19.16897381493209,0.6003081465574232
15,исходный,смысловые редкие,11.941011075467907,0.3739525284943479
15,исходный,пунктуация,12.90183515225202,0.40404232496810144
15,исходный,пунктуация,16.640193754111024,0.5211152129127256
15,исходный,служебные,13.737426634603098,0.4302102554422202
15,исходный,служебные,8.379772352718584,0.26242644276111715
15,исходный,служебные,21.421259518158717,0.6708422016964904
15,исходный,пунктуация,12.266260087817683,0.3841382397201221
15,исходный,смысловые редкие,13.608992176128668,0.426188117769893
15,исходный,служебные,14.48843612208925,0.4537293607335354
15,перемешивание,пунктуация,12.458109473485019,0.4438231928023202
15,перемешивание,пунктуация,11.42734493341618,0.40710195430506424
15,перемешивание,подслова,13.290274695446262,0.47346928208544586
15,перемешивание,служебные,18.18340308817041,0.6477881761899309
15,перемешивание,служебные,13.085101740309135,0.4661599454465719
15,перемешивание,служебные,11.498172190550287,0.40962519263954783
15,перемешивание,служебные,11.300001452017556,0.40256531167744974
15,перемешивание,служебные,11.813730600214296,0.4208670380568465
15,перемешивание,служебные,14.06878554204409,0.5012039211415297
15,перемешивание,служебные,13.34077697100147,0.47526843798694113
15,перемешивание,смысловые редкие,14.623630369462926,0.5209704036354417
15,перемешивание,пунктуация,11.887079005737915,0.42348009291848
15,перемешивание,смысловые редкие,13.428001268360008,0.4783758248842868
15,перемешивание,смысловые редкие,11.090276531682001,0.3950938101665949
15,перемешивание,служебные,17.175774758541557,0.6118911708404632
15,перемешивание,служебные,13.195052609001104,0.4700769719984832
15,перемешивание,служебные,13.041873560434553,0.4646199309803478
15,перемешивание,служебные,12.94012940530299,0.46099527060346057
15,перемешивание,служебные,15.035481943334668,0.5356427165465982
15,перемешивание,пунктуация,10.142043508376734,0.36131277711180887
15,перемешивание,пунктуация,13.501439718294014,0.4809920876000331
15,перемешивание,пунктуация,9.193196509907803,0.327509871041858
15,перемешивание,пунктуация,10.50223789745549,0.3741447901977956
15,перемешивание,пунктуация,8.698295875886776,0.30987891507870896
15,перемешивание,служебные,11.77576586587546,0.41951453512339454
15,перемешивание,смысловые редкие,12.44926795997132,0.44350821172391447
15,перемешивание,смысловые редкие,13.422742524330674,0.478188480843829
15,перемешивание,служебные,15.029132137917394,0.5354165031777106
15,перемешивание,смысловые редкие,16.822142965390718,0.5992929518372784
15,перемешивание,смысловые редкие,11.149437880110614,0.3972014476541256
15,перемешивание,служебные,15.242801267685806,0.5430285181129576
15,перемешивание,пунктуация,9.018915398133583,0.32130106386791246
15,перемешивание,служебные,15.837110739628955,0.5642009382070221
15,перемешивание,служебные,14.697560765739501,0.5236041920597965
15,перемешивание,служебные,17.761120751336318,0.6327442648005969
15,перемешивание,смысловые редкие,13.13720164829152,0.4680160173934963
15,перемешивание,смысловые частые,11.654396325931552,0.41519071561919935
15,перемешивание,служебные,16.535298507452076,0.5890740479633855
15,перемешивание,служебные,17.18234486069168,0.6121252323342645
15,перемешивание,смысловые редкие,14.063796901832063,0.5010261996155344
15,перемешивание,служебные,12.309758452579858,0.4385381514488352
15,перемешивание,смысловые частые,17.758797996944587,0.6326615161080743
15,перемешивание,служебные,14.95014441831705,0.5326025463747294
15,перемешивание,служебные,15.218961648648882,0.5421792258621007
15,перемешивание,смысловые редкие,10.614633255282632,0.37814890227219744
15,перемешивание,служебные,15.163720210480934,0.5402112361350179
15,перемешивание,служебные,16.943049943148292,0.6036002924506078
15,перемешивание,смысловые частые,16.32144488326552,0.5814554603694305
15,перемешивание,служебные,11.62150427358147,0.4140189282205652
15,перемешивание,служебные,15.765722776168829,0.5616577245727253
15,перемешивание,пунктуация,6.757137926278421,0.24072468900914287
15,перемешивание,служебные,12.904191565535319,0.45971497628416175
15,перемешивание,служебные,11.171828663539511,0.3979991247825782
15,перемешивание,пунктуация,15.47373413715852,0.5512555579917227
15,перемешивание,служебные,11.77215341797348,0.4193858407845704
15,перемешивание,служебные,11.609639979954034,0.41359625986231385
15,перемешивание,смысловые редкие,17.125168775199775,0.6100883203237413
15,перемешивание,служебные,13.953821878898076,0.4971083125628517
15,перемешивание,служебные,18.23136885847573,0.6494969684723746
15,перемешивание,служебные,17.30312876241767,0.6164281883339083
15,чужие хапаксы,служебные,5.441006427256581,0.1785238562232575
15,чужие хапаксы,служебные,14.682703515501796,0.48175147124239037
15,чужие хапаксы,смысловые редкие,10.75884139378748,0.3530063564144311
15,чужие хапаксы,пунктуация,12.397188007346776,0.4067618443362483
15,чужие хапаксы,пунктуация,10.123235672209914,0.3321516145627832
15,чужие хапаксы,смысловые редкие,13.70654307567131,0.4497228514748895
15,чужие хапаксы,смысловые редкие,13.5256851569618,0.44378875573208887
15,чужие хапаксы,служебные,15.28400696584755,0.5014807276127417
15,чужие хапаксы,служебные,16.304705651924717,0.5349706835458363
15,чужие хапаксы,служебные,14.690151860147408,0.4819958575018797
15,чужие хапаксы,служебные,14.609489773387693,0.47934926868198374
15,чужие хапаксы,смысловые редкие,12.83920438737304,0.42126476208338304
15,чужие хапаксы,служебные,20.64154602239909,0.6772659513630739
15,чужие хапаксы,служебные,13.159460539014013,0.43177262748191636
15,чужие хапаксы,служебные,19.084621157892848,0.6261819774002509
15,чужие хапаксы,пунктуация,14.034522172907371,0.4604841130139109
15,чужие хапаксы,служебные,19.14247022108721,0.6280800523204763
15,чужие хапаксы,служебные,17.099325717118397,0.5610428156352445
15,чужие хапаксы,подслова,5.817672160044718,0.19088256596262504
15,чужие хапаксы,смысловые частые,13.395218720433986,0.439508045597292
15,чужие хапаксы,служебные,14.225284986588505,0.4667431964349033
15,чужие хапаксы,служебные,9.001116159356824,0.2953339586279596
15,чужие хапаксы,служебные,17.389824652371725,0.5705743225069104
15,чужие хапаксы,служебные,16.592316036198742,0.5444074147052114
15,чужие хапаксы,служебные,18.883208908929717,0.6195734773265565
15,чужие хапаксы,смысловые частые,7.415997354943083,0.24332491851391894
15,чужие хапаксы,служебные,16.895092763997553,0.5543417659587822
15,чужие хапаксы,служебные,15.920275550484735,0.5223572185417218
15,чужие хапаксы,пунктуация,12.99890616269241,0.4265047075157007
15,чужие хапаксы,служебные,16.623333232960295,0.5454251142152449
15,чужие хапаксы,служебные,13.194233457927794,0.4329135552973163
15,чужие хапаксы,служебные,15.488088966490912,0.5081768244153658
15,чужие хапаксы,смысловые частые,13.48161498980933,0.4423427776231401
15,чужие хапаксы,служебные,12.461009939995147,0.4088558939721634
15,чужие хапаксы,служебные,11.789922260700083,0.3868369601639784
15,чужие хапаксы,пунктуация,13.32973796399697,0.4373595686006482
15,чужие хапаксы,служебные,13.86133638238092,0.4548017460508848
15,чужие хапаксы,служебные,13.91217353383724,0.4564697544310852
15,чужие хапаксы,служебные,18.877742811729778,0.6193941302216284
15,чужие хапаксы,служебные,10.92062567742144,0.3583146306421487
15,чужие хапаксы,служебные,14.279596443190574,0.46852519959908484
15,чужие хапаксы,служебные,8.10885918064652,0.2660582798153926
15,чужие хапаксы,смысловые редкие,8.891687462751587,0.291743513889356
15,чужие хапаксы,служебные,21.291722763924227,0.6985987802570592
15,чужие хапаксы,служебные,14.539815913152685,0.4770632125316355
15,чужие хапаксы,служебные,15.105844497937177,0.4956350718079112
15,чужие хапаксы,смысловые редкие,15.176578504276483,0.49795591221614066
15,чужие хапаксы,смысловые частые,12.406135120300004,0.4070554064056614
15,чужие хапаксы,служебные,9.135208961717698,0.29973365278184366
15,чужие хапаксы,подслова,21.18092327851568,0.6949633588203933
15,чужие хапаксы,смысловые редкие,18.71819857866795,0.6141593538792043
15,чужие хапаксы,служебные,14.13039669157006,0.4636298341252608
15,чужие хапаксы,служебные,13.948848212486494,0.45767308053366335
15,чужие хапаксы,служебные,15.220602652900816,0.4994003804196683
15,чужие хапаксы,пунктуация,17.121869559015508,0.5617824974649512
15,чужие хапаксы,служебные,15.1932508162489,0.49850294436272347
15,чужие хапаксы,служебные,15.256920627708848,0.5005920027784417
15,чужие хапаксы,служебные,15.706313486330975,0.5153369488013905
15,чужие хапаксы,служебные,13.654973990868497,0.44803082776494063
15,чужие хапаксы,смысловые редкие,16.267171320664303,0.533739151540323
16,исходный,служебные,15.422849952721686,0.498835702540308
16,исходный,служебные,11.586812262849941,0.37476313736174416
16,исходный,служебные,13.039805959894146,0.4217586754026092
16,исходный,служебные,22.41994852606608,0.7251494249248069
16,исходный,служебные,20.884947569052695,0.6755014491525541
16,исходный,служебные,17.111484868624864,0.553452805552453
16,исходный,служебные,10.972445576657309,0.3548920993587984
16,исходный,служебные,18.05892112176627,0.5840966249760187
16,исходный,служебные,13.02433729688941,0.42125835792555527
16,исходный,служебные,9.546666978187789,0.308776804778696
16,исходный,служебные,13.423680048550725,0.434174675123091
16,исходный,служебные,11.937223213096804,0.38609680740846364
16,исходный,служебные,13.19399332728654,0.42674570205279405
16,исходный,служебные,14.272544549858223,0.46163029591751675
16,исходный,пунктуация,13.231062551960347,0.42794466675707815
16,исходный,пунктуация,20.692656932172344,0.6692820127167347
16,исходный,служебные,12.194263611470719,0.3944105061150678
16,исходный,служебные,19.333400018072297,0.6253182913710431
16,исходный,пунктуация,10.930991052348734,0.3535512967950483
16,исходный,служебные,13.895475275856432,0.4494343907002807
16,исходный,подслова,15.274326969226307,0.4940318843716546
16,исходный,служебные,15.331539992945329,0.4958823788631929
16,исходный,служебные,14.737660241315751,0.4766739690014135
16,исходный,служебные,13.497584003034131,0.43656502004431164
16,исходный,служебные,12.158299152547986,0.39324727388573283
16,исходный,служебные,9.609133672208717,0.31079722365671286
16,исходный,служебные,10.864777438735436,0.3514096877820725
16,исходный,пунктуация,9.993398818757687,0.32322587172941764
16,исходный,пунктуация,9.195705899049063,0.29742534139721016
16,исходный,смысловые частые,14.831624343228704,0.4797131380872182
16,исходный,смысловые частые,14.582519618303593,0.47165611031057186
16,исходный,служебные,18.693612956663607,0.6046250583283601
16,исходный,служебные,9.829485759794846,0.3179242779141429
16,исходный,служебные,15.402639279830428,0.49818200978952404
16,исходный,служебные,13.359691331227214,0.4321050280177521
16,исходный,служебные,13.643721170302578,0.4412916715208594
16,исходный,служебные,19.533538579799448,0.6317915606014782
16,исходный,служебные,13.406425773115402,0.4336166039083033
16,исходный,смысловые редкие,11.975858081332548,0.3873464111910336
16,исходный,смысловые частые,15.728216687567812,0.5087124652771798
16,исходный,служебные,13.726868561067453,0.44398098557200666
16,исходный,смысловые редкие,15.443818663154122,0.49951391321031996
16,исходный,служебные,13.624728225289283,0.44067736488505216
16,исходный,служебные,12.364257298951001,0.3999087714020668
16,исходный,служебные,16.288033715273492,0.5268191525085051
16,исходный,служебные,20.206241329217708,0.6535494166161272
16,исходный,служебные,12.096377742874555,0.39124449165083974
16,исходный,смысловые редкие,13.342882971292815,0.4315613794662762
16,исходный,служебные,16.24219043161546,0.5253364001844916
16,исходный,смысловые редкие,6.472518077664322,0.20934672336008495
16,исходный,служебные,13.735810873213596,0.44427021516157217
16,исходный,смысловые частые,10.725423168579956,0.34690242190915693
16,исходный,служебные,13.257667495539215,0.4288051754024902
16,исходный,служебные,14.073702675811202,0.4551989666730036
16,исходный,служебные,13.29195446739248,0.42991415109406694
16,исходный,пунктуация,12.454797311246045,0.40283719194558876
16,исходный,служебные,11.805914679212817,0.3818497723306182
16,исходный,служебные,12.737952985342472,0.41199556151082206
16,исходный,пунктуация,11.795633419570143,0.3815172359062495
16,исходный,пунктуация,13.597420477564436,0.43979412478592156
16,исходный,служебные,6.873665027488901,0.22232139543113966
16,исходный,смысловые частые,18.66735054983228,0.6037756286702707
16,перемешивание,служебные,13.152212364997844,0.449873018588731
16,перемешивание,служебные,16.12001968818496,0.551387227911046
16,перемешивание,служебные,19.637375906035935,0.6716988238055607
16,перемешивание,служебные,21.185777912220587,0.7246621021635778
16,перемешивание,служебные,18.354891567701706,0.6278312915176355
16,перемешивание,смысловые редкие,14.43737063688087,0.4938320130978946
16,перемешивание,служебные,19.933161898909635,0.681816219554468
16,перемешивание,служебные,15.95288262013335,0.5456702842337561
16,перемешивание,служебные,14.67202445638099,0.5018583754445698
16,перемешивание,служебные,15.553218579100156,0.5319997272528277
16,перемешивание,служебные,16.567193946484032,0.5666828776339443
16,перемешивание,смысловые редкие,14.473368325427705,0.49506331839918977
16,перемешивание,служебные,11.541694781151039,0.3947850693655578
16,перемешивание,смысловые редкие,13.972439088689669,0.47792897312124794
16,перемешивание,служебные,18.848319486594182,0.6447090533091704
16,перемешивание,пунктуация,10.984685843886151,0.3757325111316947
16,перемешивание,пунктуация,11.649643083122761,0.3984774541227252
16,перемешивание,пунктуация,11.364506255260945,0.38872431435421057
16,перемешивание,пунктуация,8.27067037373413,0.28289928291351546
16,перемешивание,пунктуация,10.377539752356366,0.35496500545730625
16,перемешивание,пунктуация,11.40375363009778,0.3900667755690644
16,перемешивание,служебные,12.190455405819037,0.4169760051915055
16,перемешивание,служебные,12.850167582728847,0.4395415401897087
16,перемешивание,служебные,18.184252625321154,0.6219945658043383
16,перемешивание,служебные,26.574132855861016,0.9089714363235292
16,перемешивание,служебные,17.08291024887914,0.5843230162855486
16,перемешивание,служебные,13.096692007878556,0.44797393804188324
16,перемешивание,служебные,13.8148015836894,0.4725369631499066
16,перемешивание,служебные,12.78787023202304,0.4374106517555554
16,перемешивание,служебные,13.573713004558543,0.4642904990698777
16,перемешивание,подслова,11.470656113514718,0.39235518312595263
16,перемешивание,подслова,11.974961848656735,0.40960502194118725
16,перемешивание,пунктуация,12.338785616508629,0.4220496580324844
16,перемешивание,служебные,11.821899813212646,0.40436951646076924
16,перемешивание,служебные,12.264917963496673,0.41952300600510445
16,перемешивание,пунктуация,21.007905001241742,0.7185779376772914
16,перемешивание,пунктуация,11.171422417549028,0.3821198582747659
16,перемешивание,служебные,12.868253395483304,0.44016016760779475
16,перемешивание,служебные,14.262547218220906,0.4878521568661121
16,перемешивание,служебные,14.890948978191368,0.5093467152566639
16,перемешивание,служебные,14.983005006259747,0.5124955028581039
16,перемешивание,пунктуация,13.011452316029226,0.4450583040472646
16,перемешивание,пунктуация,11.924343728995218,0.4078736230209558
16,перемешивание,смысловые редкие,15.211648099805524,0.5203162675947384
16,перемешивание,служебные,19.15592901948494,0.65523087467791
16,перемешивание,смысловые частые,21.129795132999966,0.7227472044126875
16,перемешивание,служебные,20.377734889568426,0.6970228926023392
16,перемешивание,служебные,15.855035530937595,0.5423234126843153
16,перемешивание,служебные,15.465166910650838,0.5289879092576676
16,перемешивание,служебные,11.419729221687671,0.39061322261636205
16,перемешивание,служебные,17.19094399591338,0.5880183237014392
16,перемешивание,служебные,12.602497861650185,0.43106996735142256
16,перемешивание,служебные,16.68656341464867,0.5707659247655031
16,перемешивание,служебные,19.02482266482404,0.6507463659207041
16,перемешивание,служебные,12.442011532305076,0.42558051299795935
16,перемешивание,служебные,14.089794827022978,0.4819431403797709
16,перемешивание,пунктуация,21.215782848452488,0.7256884246453476
16,перемешивание,служебные,18.945717577366263,0.6480405668130905
16,перемешивание,служебные,14.885691394816327,0.5091668789798632
16,перемешивание,служебные,16.315058340858993,0.5580585486732819
16,перемешивание,смысловые частые,13.374157135009037,0.4574646663567249
16,перемешивание,служебные,14.2470654933775,0.487322602590757
16,чужие хапаксы,пунктуация,10.247961429284592,0.3463182594650654
16,чужие хапаксы,пунктуация,9.768462233757942,0.33011412677432783
16,чужие хапаксы,пунктуация,9.808687848532845,0.3314735059045954
16,чужие хапаксы,пунктуация,9.99964495969932,0.33792668538111764
16,чужие хапаксы,пунктуация,8.608238156313305,0.29090566703697124
16,чужие хапаксы,служебные,16.278476860950548,0.5501127040854105
16,чужие хапаксы,смысловые частые,15.48623588903557,0.5233398169737872
16,чужие хапаксы,служебные,18.290598841418806,0.6181100894108364
16,чужие хапаксы,пунктуация,10.799640645197128,0.3649616342627025
16,чужие хапаксы,служебные,11.119656258708874,0.37577619977778465
16,чужие хапаксы,служебные,11.73807900662393,0.39667509670957146
16,чужие хапаксы,служебные,8.095226254686054,0.2735690103679955
16,чужие хапаксы,служебные,10.106515954961276,0.3415382697261422
16,чужие хапаксы,служебные,13.330302755504754,0.45048249647354993
16,чужие хапаксы,служебные,13.009689833232539,0.43964774558484826
16,чужие хапаксы,подслова,15.635773970943127,0.5283932872280741
16,чужие хапаксы,пунктуация,19.900140883684276,0.6725027413016172
16,чужие хапаксы,служебные,12.741990085477394,0.4306011355501078
16,чужие хапаксы,служебные,16.66581953417807,0.5632025113933665
16,чужие хапаксы,служебные,17.11341493948605,0.5783284915973769
16,чужие хапаксы,служебные,16.95035584831655,0.5728180941360431
16,чужие хапаксы,пунктуация,11.989748435762044,0.4051799802672531
16,чужие хапаксы,пунктуация,21.14466991972856,0.7145601917117014
16,чужие хапаксы,пунктуация,9.112839221867576,0.3079580890189275
16,чужие хапаксы,служебные,14.040299802104226,0.4744760431999286
16,чужие хапаксы,служебные,9.260079757382371,0.3129339162928742
16,чужие хапаксы,служебные,15.914377258942263,0.5378083700664412
16,чужие хапаксы,смысловые частые,16.66186619123647,0.5630689126424295
16,чужие хапаксы,смысловые редкие,8.452527474840073,0.2856436007655437
16,чужие хапаксы,пунктуация,16.12946197895831,0.5450769147801862
16,чужие хапаксы,служебные,13.130094498950054,0.44371668500763
16,чужие хапаксы,служебные,14.266131206714887,0.4821077599581341
16,чужие хапаксы,служебные,14.114019732862403,0.4769673248352303
16,чужие хапаксы,пунктуация,10.66956265546435,0.36056579580157794
16,чужие хапаксы,пунктуация,15.235844965574731,0.5148781390686565
16,чужие хапаксы,служебные,12.597025298728175,0.42570221463035773
16,чужие хапаксы,служебные,13.22216575459272,0.44682812890024787
16,чужие хапаксы,служебные,17.690533106195904,0.5978315469493893
16,чужие хапаксы,служебные,15.42273576613365,0.5211939021798099
16,чужие хапаксы,служебные,20.116707736300963,0.6798213730093552
16,чужие хапаксы,служебные,14.030115838760437,0.47413188768333986
16,чужие хапаксы,служебные,11.626836675175047,0.3929157880049033
16,чужие хапаксы,пунктуация,9.21531125887629,0.31142101554783574
16,чужие хапаксы,служебные,16.84289335488162,0.5691865207796278
16,чужие хапаксы,служебные,12.749433346441926,0.43085267213128725
16,чужие хапаксы,служебные,13.381811096497483,0.4522231625683266
16,чужие хапаксы,служебные,13.819631756193125,0.46701881630589404
16,чужие хапаксы,служебные,12.740778478105167,0.43056019065007084
16,чужие хапаксы,служебные,19.900357729541323,0.6725100693619639
16,чужие хапаксы,служебные,18.330237669169886,0.6194496387376677
16,чужие хапаксы,служебные,12.27581663664689,0.41484733138897356
16,чужие хапаксы,смысловые редкие,13.531442769132134,0.4572797956153244
16,чужие хапаксы,служебные,9.095288039279827,0.307364966665054
16,чужие хапаксы,служебные,16.16104554746844,0.54614424573665
16,чужие хапаксы,пунктуация,9.833077473692887,0.3322977256865214
16,чужие хапаксы,служебные,13.46086346977622,0.4548946480641874
16,чужие хапаксы,служебные,13.023600354557608,0.44011783591127973
16,чужие хапаксы,пунктуация,12.092617761272246,0.40865633271148016
16,чужие хапаксы,служебные,9.52418997078053,0.321859222076093
17,исходный,пунктуация,8.728705532418376,0.26924013402903874
17,исходный,смысловые частые,17.920974534487797,0.5527790538558421
17,исходный,служебные,14.477090240585389,0.446551175572281
17,исходный,служебные,13.735484081382111,0.42367606070455216
17,исходный,пунктуация,8.774577627790284,0.27065507569023417
17,исходный,пунктуация,6.945123600104339,0.2142248930262923
17,исходный,служебные,11.651155442083732,0.35938417685980323
17,исходный,служебные,17.225484267449197,0.5313264006510909
17,исходный,пунктуация,9.537372590520233,0.29418376699953824
17,исходный,пунктуация,8.459834153045358,0.2609466973962982
17,исходный,служебные,13.9737531796895,0.43102555871717274
17,исходный,пунктуация,10.298214010786056,0.31765220057269594
17,исходный,пунктуация,12.921334440068044,0.39856331543745854
17,исходный,пунктуация,11.6253869111912,0.3585893370424363
17,исходный,смысловые редкие,14.224596735236632,0.43876292049034726
17,исходный,пунктуация,9.929008039232567,0.30626390652426083
17,исходный,пунктуация,6.894270748052367,0.21265631809254285
17,исходный,служебные,15.425902362283374,0.47581763459825815
17,исходный,служебные,13.7427048650277,0.4238987884331154
17,исходный,служебные,12.56575499201042,0.38759533652037376
17,исходный,служебные,13.72054472822922,0.42321525085935197
17,исходный,служебные,11.83260491727436,0.36498105268960196
17,исходный,служебные,15.938665672219967,0.491634007573582
17,исходный,служебные,7.473664755238606,0.23052793944247563
17,исходный,пунктуация,13.762591085022398,0.42451218620633824
17,исходный,пунктуация,8.869700230936415,0.2735891673863209
17,исходный,пунктуация,13.45391368969666,0.41499091836420837
17,исходный,служебные,13.322111528403662,0.41092543220018923
17,исходный,пунктуация,10.66003993371281,0.32881285430561996
17,исходный,служебные,14.601954814713764,0.4504026693073994
17,исходный,служебные,17.14152690390402,0.528736704878943
17,исходный,служебные,13.437702569958905,0.41449088041072907
17,исходный,смысловые частые,13.377152033919796,0.41262317684596195
17,исходный,смысловые частые,14.778250197550031,0.4558405652619885
17,исходный,пунктуация,10.77383596102467,0.33232293464131535
17,исходный,служебные,12.583896363291375,0.38815491379297323
17,исходный,служебные,19.632608785456203,0.6055750421530607
17,исходный,служебные,3.4076509647459265,0.1051102479130351
17,исходный,подслова,11.94874673722746,0.3685634898624923
17,исходный,служебные,14.549151683601801,0.44877393729840487
17,исходный,служебные,16.71595425283995,0.5156097598598873
17,исходный,смысловые редкие,11.497610236221071,0.35464801848529504
17,исходный,служебные,19.025894289799524,0.5868607102832002
17,исходный,служебные,4.055484674772299,0.12509291708067105
17,исходный,служебные,15.508327559365622,0.47836007013206927
17,исходный,служебные,14.714874269653363,0.4538857114457221
17,исходный,пунктуация,8.527901520181485,0.26304626038220374
17,исходный,служебные,13.849961649639976,0.4272071634215121
17,исходный,пунктуация,20.73468128716358,0.6395688739952952
17,исходный,пунктуация,10.909139170434122,0.33649641192275903
17,исходный,смысловые частые,7.572649704955053,0.23358116663974252
17,исходный,пунктуация,18.77073248155922,0.5789901504167274
17,исходный,пунктуация,8.392258312173462,0.25886229571887864
17,исходный,смысловые частые,17.625872495232183,0.5436765228669876
17,исходный,служебные,19.28428949392918,0.5948310054356652
17,исходный,служебные,16.80864452305027,0.518468825351549
17,исходный,подслова,13.060295998888106,0.4028496358526269
17,исходный,служебные,12.77065518106403,0.39391555824838115
17,исходный,служебные,16.43356419713168,0.5068993346811498
17,исходный,служебные,16.887153298148643,0.5208904574081509
17,исходный,служебные,16.088013507164487,0.49624069649762326
17,исходный,пунктуация,13.094752574568503,0.40391246160839517
17,исходный,пунктуация,13.250023526379355,0.40870185125169406
17,исходный,пунктуация,20.680650580276513,0.6379022769598093
17,исходный,служебные,21.51423139889787,0.6636143840409916
17,исходный,служебные,13.362371628454161,0.41216726980066287
17,исходный,служебные,10.46132670947148,0.32268347178385043
17,исходный,пунктуация,6.928098051018817,0.21369973369989745
17,исходный,служебные,11.037548402216956,0.34045724192754867
17,исходный,пунктуация,14.491855014898318,0.4470066004689232
17,исходный,служебные,13.300961406213819,0.410273048898682
17,исходный,пунктуация,12.107880449197943,0.37347202776428595
17,исходный,пунктуация,8.008295424589523,0.24701881916541601
17,исходный,пунктуация,12.089207223095544,0.3728960452340136
17,исходный,служебные,12.661924251338329,0.39056171271152307
17,исходный,служебные,12.155109383574409,0.37492882162384983
17,исходный,служебные,15.63861722912357,0.48237890293814173
17,исходный,смысловые частые,15.154550657294632,0.4674476914092209
17,исходный,служебные,18.39984520795168,0.5675499959877702
17,исходный,служебные,22.16037637641008,0.6835449636328292
17,исходный,пунктуация,7.027475880849194,0.2167650794288457
17,исходный,пунктуация,6.942652056020526,0.21414865733957872
17,исходный,пунктуация,10.788010610570122,0.33276015692235783
17,исходный,пунктуация,9.891097189694506,0.30509453242029166
17,исходный,служебные,8.224601579752603,0.253690862115097
17,исходный,служебные,6.935942977491368,0.21394171334362272
17,исходный,смысловые частые,5.987209398331719,0.1846776769911417
17,перемешивание,пунктуация,10.796245416868388,0.343750715097183
17,перемешивание,смысловые частые,20.851999380009197,0.6639243015803297
17,перемешивание,смысловые частые,16.08933122074005,0.5122817145230377
17,перемешивание,служебные,12.841293098447142,0.40886470387814994
17,перемешивание,пунктуация,9.917784237657225,0.315780652646848
17,перемешивание,пунктуация,12.975746547719933,0.4131456800462714
17,перемешивание,пунктуация,13.305159775832207,0.42363414417002526
17,перемешивание,служебные,19.603798388320666,0.6241817830555513
17,перемешивание,служебные,12.52627291444972,0.3988345119606925
17,перемешивание,служебные,16.077599202774373,0.5119081689607134
17,перемешивание,служебные,16.158070281822535,0.5144703551559464
17,перемешивание,служебные,15.878015091950818,0.5055534430195601
17,перемешивание,служебные,14.614807209020011,0.4653331074948218
17,перемешивание,служебные,17.731009199959082,0.5645524769525502
17,перемешивание,пунктуация,11.684419104988095,0.37203002226675014
17,перемешивание,пунктуация,11.399297957485008,0.3629518108553662
17,перемешивание,пунктуация,11.448733045691577,0.36452581610124085
17,перемешивание,пунктуация,10.271843830233397,0.32705385304528617
17,перемешивание,служебные,15.02258943198653,0.4783168277916618
17,перемешивание,пунктуация,14.974711857974823,0.47679241354687923
17,перемешивание,пунктуация,11.029923533360488,0.35119098868722365
17,перемешивание,служебные,18.10775438946355,0.5765479831031644
17,перемешивание,пунктуация,12.286067537105577,0.3911864114364837
17,перемешивание,пунктуация,13.723826833951877,0.4369644358648963
17,перемешивание,служебные,21.70166013141644,0.6909773630483385
17,перемешивание,пунктуация,16.315138942911293,0.5194713960256045
17,перемешивание,пунктуация,12.184779919418158,0.3879614300039442
17,перемешивание,пунктуация,15.513756564587226,0.49395551018025613
17,перемешивание,подслова,10.556210657461882,0.3361080470206268
17,перемешивание,смысловые частые,19.337641424710032,0.6157073882046986
17,перемешивание,служебные,18.540435497134155,0.5903244798784621
17,перемешивание,служебные,14.691971154323301,0.4677899950843057
17,перемешивание,служебные,14.317823956791441,0.4558772085796349
17,перемешивание,смысловые частые,11.617505926307546,0.36989951743541993
17,перемешивание,смысловые редкие,13.329111739479513,0.424396770834558
17,перемешивание,служебные,14.553653439981098,0.46338598133880005
17,перемешивание,служебные,14.872984586029032,0.4735534335935693
17,перемешивание,служебные,15.149142846153248,0.48234626811448267
17,перемешивание,служебные,14.824492220273461,0.47200944447868803
17,перемешивание,служебные,12.400970859643218,0.3948449147183416
17,перемешивание,служебные,17.68660356690654,0.563138608748674
17,перемешивание,служебные,13.717281376533771,0.4367560295549956
17,перемешивание,служебные,15.12148677207782,0.48146570317054804
17,перемешивание,служебные,20.12724465271421,0.6408482278011565
17,перемешивание,пунктуация,14.087087544091602,0.4485305983645129
17,перемешивание,пунктуация,12.61270825933761,0.4015865994195845
17,перемешивание,служебные,21.92838380776695,0.6981962083844384
17,перемешивание,служебные,13.506809023838633,0.43005462374644493
17,перемешивание,служебные,17.700473531558078,0.5635802261891121
17,перемешивание,служебные,16.72746548174638,0.5325998066077363
17,перемешивание,служебные,13.904188489886051,0.4427071219385766
17,перемешивание,служебные,15.0741719601502,0.4799592071798774
17,перемешивание,служебные,18.4895158549208,0.588703206672132
17,перемешивание,пунктуация,13.521668172229711,0.4305277366378199
17,перемешивание,служебные,15.037918173523323,0.4788048924531579
17,перемешивание,служебные,21.169150657268663,0.6740223471639905
17,перемешивание,служебные,27.013914676048167,0.8601186920924407
17,перемешивание,пунктуация,10.413406597867764,0.33156118876492613
17,перемешивание,служебные,14.352303552344624,0.456975033348341
17,перемешивание,смысловые редкие,15.457746131891053,0.49217214702493833
17,перемешивание,пунктуация,13.465273789339106,0.42873214857015507
17,перемешивание,служебные,14.810927073073925,0.47157753237682404
17,перемешивание,служебные,12.856191481744144,0.40933906600260983
17,перемешивание,пунктуация,11.415863547780575,0.3634792565821196
17,перемешивание,пунктуация,12.727764582882525,0.40524997422886977
17,перемешивание,смысловые частые,16.58941749421713,0.5282043809205097
17,перемешивание,пунктуация,13.404371737256538,0.42679303704147875
17,перемешивание,пунктуация,13.141170675884968,0.418412757641804
17,перемешивание,пунктуация,12.193591792121756,0.3882419986114783
17,перемешивание,пунктуация,10.345862103070928,0.3294105829301409
17,перемешивание,пунктуация,12.531440602994966,0.3989990503316017
17,перемешивание,служебные,11.169929337818267,0.3556487509501046
17,перемешивание,пунктуация,14.481896246011223,0.46110124384089435
17,перемешивание,служебные,16.570111262159973,0.5275896736015087
17,перемешивание,служебные,14.378860491593336,0.45782060201643315
17,перемешивание,служебные,14.916002470061002,0.47492311609215837
17,перемешивание,смысловые частые,17.242407547726373,0.5489954790456447
17,чужие хапаксы,служебные,13.78464447868726,0.4404404414773826
17,чужие хапаксы,служебные,12.882341872376827,0.41161049530909327
17,чужие хапаксы,служебные,14.326935482205934,0.45776746716660255
17,чужие хапаксы,смысловые частые,7.490858574717778,0.23934437067233902
17,чужие хапаксы,служебные,9.935218432505003,0.31744540088446704
17,чужие хапаксы,служебные,15.266567749618776,0.48779015301284046
17,чужие хапаксы,служебные,20.142439934746957,0.6435817152200117
17,чужие хапаксы,служебные,9.742159105245841,0.3112768605597006
17,чужие хапаксы,служебные,13.104572738940787,0.4187111108621941
17,чужие хапаксы,служебные,14.315707058589378,0.4574087018852478
17,чужие хапаксы,служебные,18.04207991678825,0.5764720052088854
17,чужие хапаксы,служебные,24.140250794669107,0.7713178772087808
17,чужие хапаксы,служебные,12.369596872295316,0.395227509549077
17,чужие хапаксы,служебные,12.495320643376452,0.399244576026547
17,чужие хапаксы,служебные,14.586481937061786,0.4660603727498655
17,чужие хапаксы,служебные,8.971139933351749,0.2866416206025436
17,чужие хапаксы,служебные,13.406832254423954,0.42836876395915835
17,чужие хапаксы,пунктуация,9.90009464069765,0.3163231420990549
17,чужие хапаксы,смысловые редкие,13.573630116826104,0.4336982103781409
17,чужие хапаксы,подслова,10.74898870381981,0.3434466037528631
17,чужие хапаксы,пунктуация,12.873363897164863,0.411323635290901
17,чужие хапаксы,пунктуация,6.84617045743025,0.21874560082866568
17,чужие хапаксы,служебные,18.744356925775765,0.5989108280857546
17,чужие хапаксы,смысловые частые,5.077442863206,0.16223205318818673
17,чужие хапаксы,пунктуация,9.704456207455333,0.3100721953996014
17,чужие хапаксы,пунктуация,14.95957511297957,0.47798126946704195
17,чужие хапаксы,пунктуация,12.832004489417523,0.41000213905386373
17,чужие хапаксы,служебные,3.450459350707461,0.11024744541471723
17,чужие хапаксы,служебные,14.7241891867978,0.4704603296702011
17,чужие хапаксы,служебные,13.889616805966305,0.44379446763606767
17,чужие хапаксы,смысловые редкие,10.943474024888298,0.3496607067574574
17,чужие хапаксы,смысловые частые,10.210442833751694,0.3262392407965418
17,чужие хапаксы,служебные,16.04883476361584,0.512784778701647
17,чужие хапаксы,служебные,12.003230514817053,0.3835215449534958
17,чужие хапаксы,служебные,7.872674235518291,0.2515439641015322
17,чужие хапаксы,смысловые частые,10.66076586580608,0.340627749354171
17,чужие хапаксы,пунктуация,19.490033145435294,0.6227363220180657
17,чужие хапаксы,служебные,18.86958448645665,0.602912039883179
17,чужие хапаксы,служебные,16.089821046798555,0.5140943530390498
17,чужие хапаксы,служебные,15.151502150073515,0.48411363139192154
17,чужие хапаксы,пунктуация,9.840262149758836,0.314411402644002
17,чужие хапаксы,служебные,9.88526632027558,0.31584935461740005
17,чужие хапаксы,пунктуация,12.70658979856452,0.4059949481616757
17,чужие хапаксы,пунктуация,19.2221293687159,0.6141763872388856
17,чужие хапаксы,пунктуация,13.254734853954288,0.4235090197478371
17,чужие хапаксы,служебные,15.121575575279588,0.4831574316267029
17,чужие хапаксы,служебные,13.866514799470492,0.4430563232496991
17,чужие хапаксы,служебные,13.633604106301005,0.4356144709275026
17,чужие хапаксы,служебные,13.090504409844428,0.41826160626397035
17,чужие хапаксы,служебные,11.408989949387129,0.3645346514295904
17,чужие хапаксы,пунктуация,12.691310690473882,0.4055067573256171
17,чужие хапаксы,служебные,13.038651260035172,0.41660481894317347
17,чужие хапаксы,смысловые редкие,9.91936618536129,0.31693889738042813
17,чужие хапаксы,смысловые частые,19.855501567677898,0.6344135962116403
17,чужие хапаксы,подслова,10.470380555229132,0.3345446479458636
17,чужие хапаксы,пунктуация,12.573381136326283,0.40173872798163895
17,чужие хапаксы,пунктуация,10.189502736595015,0.3255701727149872
17,чужие хапаксы,служебные,11.503057968646687,0.36754026829520053
17,чужие хапаксы,служебные,5.348005679800257,0.17087694835196007
17,чужие хапаксы,служебные,14.979027326937445,0.47860279740826417
17,чужие хапаксы,служебные,5.9725877862032775,0.190833300444199
17,чужие хапаксы,пунктуация,12.768198706339357,0.4079634468473866
17,чужие хапаксы,смысловые частые,12.711903167103124,0.4061647184004724
17,чужие хапаксы,смысловые редкие,10.73534793237135,0.34301076027440847
17,чужие хапаксы,служебные,13.294666170541465,0.4247848862914844
18,исходный,служебные,12.771467021388696,0.40885926405363576
18,исходный,пунктуация,9.384364933341754,0.3004262966682785
18,исходный,пунктуация,11.105451247108535,0.35552428051312557
18,исходный,служебные,15.537021750511489,0.49739432970862646
18,исходный,служебные,10.992498339097041,0.3519082634365473
18,исходный,служебные,14.111397042747868,0.4517551037797061
18,исходный,служебные,10.287964972053494,0.32935368975536866
18,исходный,служебные,10.743741568320324,0.3439446904141375
18,исходный,подслова,8.353911315028924,0.2674378774585503
18,исходный,служебные,18.992745359104745,0.6080241116292144
18,исходный,служебные,17.196175652052222,0.5505096407374688
18,исходный,служебные,16.191218236073087,0.5183374440106283
18,исходный,пунктуация,10.332380660549926,0.33077559106715015
18,исходный,пунктуация,9.668027739295947,0.30950733378700496
18,исходный,подслова,9.878523898448055,0.31624605100507513
18,исходный,подслова,4.970333267184516,0.15911772690788328
18,исходный,подслова,13.750004513269472,0.440185666737778
18,исходный,смысловые частые,18.51919395815908,0.5928640773936831
18,исходный,смысловые частые,11.972368972959313,0.38327734465155217
18,исходный,служебные,12.647093098521,0.4048776204033027
18,исходный,служебные,15.525283905842317,0.4970185603060217
18,исходный,служебные,16.708075563121568,0.534883852187846
18,исходный,служебные,23.065101609813393,0.7383944580303373
18,исходный,служебные,18.04205894155459,0.5775893191050366
18,исходный,пунктуация,9.742346057283548,0.3118865227045527
18,исходный,смысловые частые,4.213059815897211,0.13487475893387066
18,исходный,смысловые частые,12.855656687844236,0.4115544693115976
18,исходный,смысловые частые,12.225707729821993,0.3913876030512857
18,исходный,служебные,16.726031523976104,0.5354586852064855
18,исходный,служебные,18.20963076007422,0.5829538782650239
18,исходный,служебные,21.521261594791763,0.6889707472458841
18,исходный,смысловые частые,11.781393642201275,0.37716355732740486
18,исходный,смысловые частые,12.229463482138089,0.391507837799992
18,исходный,служебные,13.535342052660276,0.4333135716591442
18,исходный,служебные,11.55342312287633,0.3698654248105198
18,исходный,смысловые частые,15.249330292227942,0.4881843213586587
18,исходный,служебные,16.011588282095463,0.5125868618212618
18,исходный,служебные,13.087269945218987,0.41896921859581954
18,исходный,служебные,9.796805762062805,0.31362996805654986
18,исходный,служебные,15.151462691004584,0.4850512376382165
18,исходный,смысловые редкие,9.951423321686562,0.31857981614617553
18,исходный,пунктуация,7.494105399443846,0.23991248720492123
18,исходный,пунктуация,12.354584079312763,0.3955133851026719
18,исходный,служебные,11.186548432724589,0.3581204846588413
18,исходный,служебные,13.174795990722485,0.42177123299950187
18,исходный,пунктуация,14.541805559893508,0.46553398362709336
18,исходный,служебные,14.610880239161201,0.4677453053556648
18,исходный,служебные,8.985741941119452,0.28766498248550526
18,исходный,служебные,11.565628606074212,0.37025616495566893
18,исходный,служебные,5.297932900057697,0.16960533530685998
18,исходный,пунктуация,11.551178067976718,0.3697935527622674
18,исходный,смысловые редкие,16.478715047122336,0.5275412210228154
18,исходный,служебные,12.285507728666714,0.39330200986744196
18,исходный,служебные,12.627584816926243,0.40425309217624583
18,исходный,служебные,16.503884473796127,0.5283469822755567
18,исходный,пунктуация,7.872852990429839,0.2520375203787361
18,исходный,пунктуация,7.723854285410941,0.2472675514490158
18,исходный,пунктуация,9.60118677963509,0.30736752122437533
18,исходный,смысловые частые,16.323394987682704,0.5225688834605836
18,исходный,пунктуация,11.656280082120734,0.37315823530668546
18,исходный,подслова,10.076817649131627,0.32259412651082114
18,исходный,смысловые редкие,14.286525981275341,0.4573615927445934
18,исходный,смысловые редкие,13.503064288606296,0.43228024770079976
18,исходный,служебные,11.801825963542974,0.3778176672939956
18,исходный,служебные,8.519713984421928,0.27274579997619236
18,исходный,служебные,17.728087180697084,0.5675379864849986
18,исходный,пунктуация,10.768441416207752,0.3447354188099105
18,перемешивание,служебные,15.33673419124959,0.5038775417304162
18,перемешивание,служебные,14.098615513740805,0.4632000293073617
18,перемешивание,пунктуация,11.622164477898552,0.38183798412906755
18,перемешивание,служебные,17.10095268181667,0.5618396909739937
18,перемешивание,служебные,15.996864950396327,0.5255656703757748
18,перемешивание,служебные,21.110607875235832,0.693574073069458
18,перемешивание,служебные,16.213492408207156,0.5326828121056816
18,перемешивание,служебные,18.25984739764872,0.5999143562355844
18,перемешивание,пунктуация,15.395606267996087,0.5058117421239077
18,перемешивание,смысловые частые,14.346327656492871,0.4713384363495793
18,перемешивание,служебные,23.261739274697646,0.7642479719571594
18,перемешивание,служебные,10.561017337448337,0.34697474624043134
18,перемешивание,пунктуация,11.538992192028985,0.3791054175721034
18,перемешивание,смысловые частые,10.177938077965859,0.33438894843309436
18,перемешивание,смысловые частые,8.757057847125395,0.2877069345909476
18,перемешивание,служебные,17.53836881998068,0.5762106884538252
18,перемешивание,служебные,14.321266194764425,0.470515059770809
18,перемешивание,служебные,11.828352114233397,0.388612132916942
18,перемешивание,пунктуация,10.73269734277669,0.3526151712468497
18,перемешивание,пунктуация,10.348433660399527,0.33999046006401173
18,перемешивание,пунктуация,10.943747535220135,0.3595490758724387
18,перемешивание,смысловые частые,19.76764339311254,0.6494519259783494
18,перемешивание,служебные,18.00252862782568,0.5914603302635164
18,перемешивание,подслова,9.901269841185387,0.32529920942572654
18,перемешивание,служебные,11.06706603627525,0.36360061790131365
18,перемешивание,служебные,20.84431091854406,0.684825075125378
18,перемешивание,служебные,16.281250252446004,0.534908948098017
18,перемешивание,смысловые частые,18.33918239915913,0.6025208515321551
18,перемешивание,служебные,15.131845371480994,0.49714606464111843
18,перемешивание,служебные,11.63794880903711,0.38235656715155314
18,перемешивание,служебные,13.299173558517118,0.4369349299628025
18,перемешивание,служебные,14.14339309947157,0.4646711651790073
18,перемешивание,пунктуация,10.347629827104596,0.3399640506903106
18,перемешивание,пунктуация,10.625212492512572,0.34908383260271736
18,перемешивание,служебные,14.745810443852474,0.4844631604497869
18,перемешивание,пунктуация,10.93554316612323,0.35927952713537076
18,перемешивание,подслова,10.604833665288043,0.34841430066474427
18,перемешивание,смысловые частые,12.313720436894696,0.40455856546292235
18,перемешивание,служебные,12.958783141083835,0.4257516438325172
18,перемешивание,служебные,10.135560901808171,0.3329966763182138
18,перемешивание,служебные,16.95818341986687,0.557149107969238
18,перемешивание,служебные,17.34197931366178,0.5697584502894527
18,перемешивание,служебные,14.851725569325946,0.48794292689746327
18,перемешивание,смысловые частые,19.00015713536697,0.6242367084462259
18,перемешивание,смысловые частые,21.361754115845212,0.7018253049650521
18,перемешивание,служебные,17.284400650283395,0.5678667440762891
18,перемешивание,пунктуация,14.614487571730633,0.4801486404775046
18,перемешивание,служебные,15.959954743862466,0.5243530116766592
18,перемешивание,пунктуация,10.563027057093475,0.34704077415626605
18,перемешивание,служебные,12.88890482663158,0.42345584129285024
18,перемешивание,служебные,13.216717532044678,0.43422589560113917
18,перемешивание,служебные,11.626362819006127,0.3819759176532619
18,перемешивание,служебные,17.742485375680143,0.5829167933539809
18,перемешивание,пунктуация,10.65944488481284,0.35020851361138033
18,перемешивание,пунктуация,10.49170178854852,0.34469743296448885
18,перемешивание,пунктуация,10.125588329311773,0.3326690345105413
18,перемешивание,смысловые редкие,15.959210534096233,0.5243285611917733
18,перемешивание,служебные,17.672467091103268,0.5806163921949841
18,перемешивание,пунктуация,11.30409893450061,0.3713881659267058
18,перемешивание,пунктуация,11.553489654618454,0.3795817214396555
18,перемешивание,служебные,13.728559576900746,0.4510421035434724
18,перемешивание,служебные,18.69047135999898,0.6140622015886753
18,перемешивание,служебные,12.899271645296766,0.42379643577922793
18,перемешивание,служебные,11.920687049948619,0.39164573184640433
18,перемешивание,служебные,14.147528136363002,0.4648070188880067
18,чужие хапаксы,служебные,13.959541908739155,0.4601159905620771
18,чужие хапаксы,смысловые редкие,12.574543562625003,0.41446550359658396
18,чужие хапаксы,смысловые редкие,11.485784436951953,0.3785792627107752
18,чужие хапаксы,служебные,11.86234493781573,0.39099095279302787
18,чужие хапаксы,служебные,19.419573181176098,0.6400823328561955
18,чужие хапаксы,пунктуация,11.451311438661875,0.3774430092534928
18,чужие хапаксы,служебные,13.27740242770704,0.4376322095706605
18,чужие хапаксы,пунктуация,8.195075409468423,0.27011525624618843
18,чужие хапаксы,подслова,10.991789152434627,0.36229684233089227
18,чужие хапаксы,служебные,14.437307085439322,0.4758634555555984
18,чужие хапаксы,пунктуация,12.689557517625829,0.4182564417362186
18,чужие хапаксы,пунктуация,11.83061477947376,0.38994510520493
18,чужие хапаксы,смысловые редкие,13.213232230375752,0.4355171162457738
18,чужие хапаксы,служебные,13.29022371783876,0.4380548080089049
18,чужие хапаксы,служебные,15.394701006021005,0.5074198099837316
18,чужие хапаксы,служебные,12.32317827577461,0.406180332871914
18,чужие хапаксы,служебные,14.09405392628667,0.46454959809740975
18,чужие хапаксы,служебные,17.343674853781796,0.5716593128560028
18,чужие хапаксы,служебные,20.35764706480488,0.671001885733218
18,чужие хапаксы,смысловые редкие,9.946373715382022,0.3278392388856663
18,чужие хапаксы,смысловые частые,13.581703853108706,0.44766219140627406
18,чужие хапаксы,смысловые частые,12.943179013964171,0.4266159786593104
18,чужие хапаксы,служебные,14.528805951043244,0.4788793203639055
18,чужие хапаксы,служебные,16.927904715423384,0.5579552464684696
18,чужие хапаксы,служебные,14.863210672450089,0.48990152729910735
18,чужие хапаксы,смысловые редкие,7.048487429971871,0.23232293702815207
18,чужие хапаксы,служебные,13.335584551367903,0.43954993191686903
18,чужие хапаксы,служебные,12.085382493655727,0.39834242224730987
18,чужие хапаксы,пунктуация,10.067786711316119,0.33184109376432486
18,чужие хапаксы,смысловые частые,15.035230201021456,0.49557140789419235
18,чужие хапаксы,служебные,9.823959790126809,0.323804392696184
18,чужие хапаксы,пунктуация,12.32613856673899,0.4062779060744111
18,чужие хапаксы,пунктуация,9.846110742116563,0.3245345031312749
18,чужие хапаксы,служебные,14.873318186950447,0.4902346778478042
18,чужие хапаксы,служебные,12.003866857168171,0.39565561145695793
18,чужие хапаксы,служебные,10.769454628040581,0.3549685452709671
18,чужие хапаксы,смысловые редкие,12.141688639335634,0.4001983110840362
18,чужие хапаксы,служебные,12.24582668513098,0.4036307718631631
18,чужие хапаксы,служебные,11.978682980485168,0.3948255337622924
18,чужие хапаксы,служебные,12.779292352529346,0.42121416289350877
18,чужие хапаксы,служебные,9.957265876378822,0.32819825191626345
18,чужие хапаксы,смысловые частые,13.990771940315499,0.4611453536320098
18,чужие хапаксы,служебные,20.007785157277006,0.6594701994361664
18,чужие хапаксы,смысловые редкие,14.442836132160089,0.47604569669398394
18,чужие хапаксы,служебные,22.4785339571017,0.740907759414385
18,чужие хапаксы,смысловые частые,5.208540424772582,0.17167703299966786
18,чужие хапаксы,служебные,11.324849782478289,0.37327474710109326
18,чужие хапаксы,служебные,17.593131443124005,0.5798815716133314
18,чужие хапаксы,подслова,18.036990977386512,0.5945114835841364
18,чужие хапаксы,служебные,14.405342699405633,0.47480988766356086
18,чужие хапаксы,служебные,15.789380662773407,0.5204287197608959
18,чужие хапаксы,пунктуация,8.432964806583348,0.2779562524846986
18,чужие хапаксы,служебные,17.219425969389,0.5675639851659993
18,чужие хапаксы,служебные,10.935304019259837,0.3604350539446645
18,чужие хапаксы,служебные,13.832239387040778,0.45592001291071665
18,чужие хапаксы,служебные,10.826022645349168,0.3568330655745867
18,чужие хапаксы,служебные,12.666764544225732,0.4175051698390172
18,чужие хапаксы,смысловые частые,10.999794211410608,0.36256069451632356
18,чужие хапаксы,служебные,14.194496390118317,0.4678602499828747
18,чужие хапаксы,служебные,15.414580176835358,0.5080750409669971
18,чужие хапаксы,служебные,12.523215807985379,0.4127737059126963
18,чужие хапаксы,служебные,13.489455866611573,0.44462163506409824
18,чужие хапаксы,служебные,14.429454301539378,0.4756046224601849
18,чужие хапаксы,служебные,11.799597505183868,0.3889227547597843
18,чужие хапаксы,служебные,7.378406188847432,0.243197283588909
18,чужие хапаксы,смысловые частые,14.55986197534623,0.4799029480358238
18,чужие хапаксы,смысловые частые,11.665197222343812,0.3844928300763631
18,чужие хапаксы,смысловые частые,14.160221527520195,0.46673052721268543
18,чужие хапаксы,служебные,11.571921548253679,0.3814184004525329
18,чужие хапаксы,пунктуация,12.349582675078596,0.40705063982183937
19,исходный,пунктуация,12.988066522575568,0.4044485492062738
19,исходный,смысловые редкие,10.643105172240203,0.33142642428572405
19,исходный,смысловые редкие,14.04759273019243,0.4374422081755911
19,исходный,смысловые редкие,11.977631796341626,0.37298359956325977
19,исходный,смысловые редкие,11.543929653181568,0.3594781095595057
19,исходный,пунктуация,16.316208320742028,0.5080869252094679
19,исходный,пунктуация,16.360779746231206,0.5094748799403602
19,исходный,служебные,10.62232103918917,0.3307792061301665
19,исходный,служебные,9.707876732173721,0.3023033993070741
19,исходный,пунктуация,13.428863839455731,0.41817498300581724
19,исходный,пунктуация,12.039748888476023,0.3749179265665132
19,исходный,подслова,7.984670091421864,0.24864272359192555
19,исходный,подслова,9.268076933489137,0.28860802823625226
19,исходный,смысловые частые,14.736600821876404,0.45889792851615074
19,исходный,пунктуация,13.161534945394719,0.4098503579990111
19,исходный,смысловые редкие,13.026737638712792,0.4056527682323083
19,исходный,служебные,18.573869940473976,0.5783905354590865
19,исходный,служебные,20.37105253918262,0.634354823403181
19,исходный,пунктуация,9.487365142089182,0.2954366657145228
19,исходный,служебные,10.971517902966385,0.34165320070792665
19,исходный,смысловые редкие,14.250363122944314,0.4437564806678006
19,исходный,подслова,9.656976773750568,0.30071837398378054
19,исходный,подслова,9.488173432980833,0.29546183590270264
19,исходный,пунктуация,13.060761083455239,0.40671225871468025
19,исходный,служебные,14.1962608566027,0.44207173543704564
19,исходный,смысловые редкие,9.807009510056549,0.3053903952139558
19,исходный,смысловые редкие,10.483923836296455,0.32646951555175197
19,исходный,смысловые редкие,11.041916147630507,0.34384540290150045
19,исходный,служебные,16.273392976556366,0.5067536548716882
19,исходный,пунктуация,5.681102118812883,0.17690958895634884
19,исходный,смысловые частые,10.273031514977403,0.3199023261053493
19,исходный,смысловые редкие,9.491142971114002,0.29555430735622384
19,исходный,служебные,10.113820664225965,0.3149444982799074
19,исходный,служебные,8.678481778088805,0.27024802793857716
19,исходный,смысловые редкие,9.46938885955942,0.2948768840582889
19,исходный,служебные,12.255929948081151,0.38164980738735693
19,исходный,подслова,9.605969474201418,0.2991300060565201
19,исходный,служебные,12.469708708133362,0.3883068805709555
19,исходный,служебные,15.414321282028341,0.48000215187375517
19,исходный,служебные,10.921832184975713,0.3401059868464431
19,исходный,служебные,9.351723508360948,0.29121278359334674
19,исходный,смысловые редкие,9.558220075864881,0.297643089212576
19,исходный,смысловые редкие,11.91039638388381,0.37088988800299155
19,исходный,пунктуация,8.164403110000874,0.2542396119726858
19,исходный,смысловые редкие,12.996273363923946,0.4047041103455048
19,исходный,служебные,10.701045396636522,0.33323068357690067
19,исходный,пунктуация,9.762427347126541,0.3040021061190256
19,исходный,пунктуация,12.65091058444796,0.393949509199436
19,исходный,служебные,14.069392282173341,0.43812104648895367
19,исходный,служебные,16.80682996880241,0.5233648892869004
19,исходный,пунктуация,12.777986429054947,0.3979066525433758
19,исходный,смысловые редкие,15.968720526641217,0.49726615108218136
19,исходный,служебные,12.184845317488767,0.37943623112764335
19,исходный,служебные,10.164802911336693,0.3165320860739312
19,исходный,служебные,16.759721427389913,0.5218979287353517
19,исходный,служебные,12.928844145949132,0.4026043636790842
19,исходный,служебные,16.960538532317255,0.5281513758209893
19,исходный,служебные,13.544236965313443,0.42176770354581733
19,исходный,служебные,14.803835294102464,0.46099161079759066
19,исходный,служебные,8.088931190127646,0.25188941547149896
19,исходный,смысловые редкие,10.402469145156937,0.32393301548069364
19,исходный,смысловые редкие,8.3186852918423,0.259043960988429
19,исходный,смысловые редкие,9.236148414648321,0.28761377377189246
19,исходный,пунктуация,11.459381798672219,0.3568452883435555
19,исходный,пунктуация,7.411909495164449,0.2308069516703559
19,исходный,пунктуация,8.777712275768137,0.2733380668411084
19,исходный,пунктуация,9.12476557441968,0.2841453107748293
19,исходный,пунктуация,9.072910504531222,0.28253054326890975
19,исходный,пунктуация,9.417379970597132,0.2932573266245427
19,исходный,пунктуация,7.475468433564782,0.23278617778383656
19,исходный,служебные,14.696664472043759,0.4576543100974791
19,исходный,смысловые редкие,18.573971483404463,0.5783936975071747
19,исходный,подслова,14.17073655368296,0.4412769083342242
19,исходный,пунктуация,9.527455849874254,0.2966850908417072
19,исходный,служебные,16.374122507705806,0.509890373694679
19,исходный,служебные,13.06867756601283,0.4069587780776408
19,исходный,служебные,14.3506474917715,0.44687933713067146
19,исходный,служебные,11.560261878111397,0.3599866952421166
19,исходный,пунктуация,7.747311058978549,0.24125136043977047
19,исходный,служебные,13.50934761869042,0.42068124886837094
19,исходный,служебные,13.65730990633614,0.4252887963021275
19,перемешивание,служебные,15.597888892824185,0.48804929106080974
19,перемешивание,смысловые частые,16.420985474611484,0.5138035265202426
19,перемешивание,служебные,23.462222579459187,0.7341199296453437
19,перемешивание,смысловые редкие,16.58616137171716,0.5189717887149967
19,перемешивание,служебные,18.765352748534013,0.5871574780636741
19,перемешивание,служебные,17.000541191911505,0.5319375034258379
19,перемешивание,пунктуация,12.194207606162623,0.3815499916770104
19,перемешивание,пунктуация,9.385884907755045,0.2936791322648535
19,перемешивание,пунктуация,13.16007230335473,0.41177136227172817
19,перемешивание,служебные,17.087776892806417,0.5346670601158167
19,перемешивание,служебные,15.228723130191474,0.4764982991301193
19,перемешивание,служебные,19.230365542771793,0.6017074704454227
19,перемешивание,служебные,20.93673880392965,0.6550989432348169
19,перемешивание,служебные,17.01929693806333,0.5325243603188194
19,перемешивание,служебные,18.351850207059105,0.5742192129173237
19,перемешивание,пунктуация,11.683296967776826,0.36556388121213035
19,перемешивание,пунктуация,11.423325185865533,0.35742950836658505
19,перемешивание,служебные,17.31904118402107,0.5419031915019632
19,перемешивание,смысловые редкие,10.587251489542213,0.3312692261919307
19,перемешивание,служебные,16.41948256156045,0.5137565012045654
19,перемешивание,пунктуация,12.343289185678673,0.38621467160215767
19,перемешивание,подслова,13.412686631497087,0.41967552447013945
19,перемешивание,подслова,10.785658770615438,0.3374772799570552
19,перемешивание,пунктуация,10.87424021989151,0.3402489443673726
19,перемешивание,служебные,22.29834940673227,0.6977029836895747
19,перемешивание,служебные,17.17045690542944,0.5372540718468803
19,перемешивание,смысловые редкие,11.551321469129084,0.3614344410683389
19,перемешивание,смысловые редкие,14.439403339208894,0.451800920718446
19,перемешивание,смысловые частые,15.212100830339384,0.4759781965884
19,перемешивание,служебные,20.861908947225768,0.6527575585278573
19,перемешивание,служебные,17.061445928976323,0.5338431788637751
19,перемешивание,служебные,14.675940027612027,0.459202022487938
19,перемешивание,служебные,18.52475881222267,0.5796294272577538
19,перемешивание,пунктуация,10.5173958477701,0.3290834819109106
19,перемешивание,пунктуация,14.231916988086976,0.44530878788780165
19,перемешивание,служебные,12.97484592401258,0.4059757316101144
19,перемешивание,служебные,16.98736677293579,0.5315252831641463
19,перемешивание,смысловые редкие,8.383582565418918,0.2623176479661174
19,перемешивание,смысловые редкие,9.375409049037378,0.2933513484567022
19,перемешивание,смысловые редкие,15.890126452897004,0.4971932422066917
19,перемешивание,смысловые редкие,14.635140902401684,0.4579254404920264
19,перемешивание,служебные,13.931048005444024,0.4358947643176868
19,перемешивание,служебные,16.179392356750046,0.5062442118778816
19,перемешивание,служебные,15.393652644425263,0.4816588521414845
19,перемешивание,служебные,22.543468584443648,0.7053726267886792
19,перемешивание,смысловые редкие,9.975471975018507,0.3121269845462563
19,перемешивание,служебные,14.288189859779964,0.44706953482762335
19,перемешивание,смысловые редкие,7.367536138569313,0.23052611888701563
19,перемешивание,пунктуация,14.028129980909743,0.43893240547710194
19,перемешивание,смысловые редкие,10.89318453668256,0.34084170153105237
19,перемешивание,смысловые редкие,11.642277219855563,0.36428039605397694
19,перемешивание,пунктуация,11.033480504729427,0.34523148454684655
19,перемешивание,пунктуация,12.780511386062459,0.39989511171809683
19,перемешивание,пунктуация,12.833879248998802,0.4015649625453774
19,перемешивание,пунктуация,11.666596168272104,0.36504132245982523
19,перемешивание,пунктуация,12.978259492404637,0.4060825402715415
19,перемешивание,пунктуация,12.753768826510688,0.39905835186424266
19,перемешивание,пунктуация,15.182604853550092,0.4750552838365479
19,перемешивание,смысловые редкие,10.815394571366184,0.33840769666762704
19,перемешивание,пунктуация,13.422947604357004,0.41999658461900236
19,перемешивание,смысловые редкие,12.590149731158434,0.3939388011327706
19,перемешивание,смысловые редкие,13.065272721875859,0.40880513595408147
19,перемешивание,пунктуация,13.686498709993126,0.42824295251839006
19,перемешивание,пунктуация,8.047944782059139,0.25181572790837664
19,перемешивание,пунктуация,12.576568933237759,0.39351386549931605
19,перемешивание,служебные,14.22679485593748,0.4451485192141717
19,перемешивание,смысловые редкие,11.311343052302371,0.35392564952565425
19,перемешивание,служебные,16.14510178207442,0.5051712788178053
19,перемешивание,смысловые редкие,14.693796499064678,0.4597607415744243
19,перемешивание,служебные,17.286715179658835,0.5408917287572148
19,перемешивание,смысловые частые,20.41239178343529,0.6386924158271334
19,перемешивание,служебные,18.404445846265798,0.5758649012924683
19,перемешивание,служебные,18.34012306023532,0.5738522769984413
19,перемешивание,служебные,17.50883157165834,0.5478416274514037
19,перемешивание,пунктуация,12.754409673402431,0.3990784036079974
19,перемешивание,смысловые редкие,9.29886151277475,0.2909562185091736
19,перемешивание,служебные,16.673176181280205,0.5216944338377333
19,перемешивание,пунктуация,12.953761434083253,0.4053160096161258
19,перемешивание,пунктуация,15.6619098907955,0.490052472573872
19,чужие хапаксы,служебные,10.90727094587687,0.35166379668365283
19,чужие хапаксы,пунктуация,13.726545503937794,0.44256066721166615
19,чужие хапаксы,пунктуация,9.748462028544488,0.31430237552504253
19,чужие хапаксы,смысловые редкие,13.269272691691244,0.4278176307479373
19,чужие хапаксы,смысловые редкие,10.49433505329896,0.3383502369039909
19,чужие хапаксы,смысловые редкие,10.75610255196955,0.3467899422058639
19,чужие хапаксы,служебные,11.935621826619704,0.38481909069252734
19,чужие хапаксы,служебные,14.10075855317402,0.45462575501557034
19,чужие хапаксы,служебные,14.782421389345238,0.4766034011394832
19,чужие хапаксы,пунктуация,12.73127698934255,0.41047198927389394
19,чужие хапаксы,пунктуация,12.72595689487,0.410300462901237
19,чужие хапаксы,пунктуация,14.168592318124793,0.456812798818214
19,чужие хапаксы,пунктуация,13.715348343195618,0.44219965701230374
19,чужие хапаксы,пунктуация,10.569006984550834,0.340757751577463
19,чужие хапаксы,пунктуация,9.96719338647316,0.3213545428512833
19,чужие хапаксы,пунктуация,10.788723997515762,0.34784169763130574
19,чужие хапаксы,пунктуация,13.415716090624798,0.4325391455909971
19,чужие хапаксы,пунктуация,12.375258960461013,0.3989935312484573
19,чужие хапаксы,смысловые частые,14.917496487764648,0.48095838802697255
19,чужие хапаксы,служебные,11.966414374265696,0.3858118802059157
19,чужие хапаксы,смысловые редкие,7.434436815319112,0.2396953637305708
19,чужие хапаксы,пунктуация,12.246503095384004,0.39484228419656436
19,чужие хапаксы,пунктуация,16.448705424013458,0.5303264426676931
19,чужие хапаксы,служебные,8.949861961234863,0.28855452960689515
19,чужие хапаксы,пунктуация,13.898456130492377,0.4481032767172367
19,чужие хапаксы,смысловые редкие,10.779256906775842,0.3475364670113213
19,чужие хапаксы,служебные,12.67508217015781,0.4086601993617778
19,чужие хапаксы,служебные,13.93616013635806,0.44931890012282566
19,чужие хапаксы,служебные,14.157529599328132,0.45645612319211276
19,чужие хапаксы,служебные,15.35799609887651,0.49516063590821985
19,чужие хапаксы,служебные,18.547908536664806,0.5980073263890399
19,чужие хапаксы,служебные,11.653963250191373,0.3757380726407349
19,чужие хапаксы,служебные,14.532890853331466,0.4685582305263628
19,чужие хапаксы,служебные,11.419050944899128,0.3681642117201892
19,чужие хапаксы,пунктуация,9.850764304368777,0.3176007264053191
19,чужие хапаксы,пунктуация,9.476640418695961,0.30553851334408794
19,чужие хапаксы,подслова,9.629926035210891,0.3104806296762225
19,чужие хапаксы,подслова,9.619990760819796,0.31016030424094143
19,чужие хапаксы,подслова,9.976220247867051,0.3216455799370644
19,чужие хапаксы,смысловые редкие,10.266433951980925,0.33100242580114286
19,чужие хапаксы,смысловые редкие,17.731245483687978,0.5716771076527337
19,чужие хапаксы,служебные,17.87525164978157,0.576320043118958
19,чужие хапаксы,служебные,9.635360121065114,0.3106558312708728
19,чужие хапаксы,служебные,16.111032029968623,0.5194394381751761
19,чужие хапаксы,служебные,15.839977020169567,0.5107002921203059
19,чужие хапаксы,служебные,9.71514820443493,0.3132282969652863
19,чужие хапаксы,смысловые редкие,8.086400991160284,0.26071548861017724
19,чужие хапаксы,служебные,13.57128231009243,0.43755479136024333
19,чужие хапаксы,смысловые частые,15.739762320179784,0.5074692472460386
19,чужие хапаксы,смысловые редкие,12.181000999687782,0.3927304162712538
19,чужие хапаксы,смысловые редкие,15.97298208714553,0.5149885386544778
19,чужие хапаксы,служебные,12.28137602794109,0.395966630325433
19,чужие хапаксы,смысловые редкие,11.29802698751496,0.3642622508580649
19,чужие хапаксы,служебные,13.584527006138414,0.43798181660978225
19,чужие хапаксы,служебные,13.394281448349465,0.4318480664273362
19,чужие хапаксы,служебные,12.621778369617797,0.40694161943756174
19,чужие хапаксы,служебные,15.430685350306502,0.49750422655181953
19,чужие хапаксы,служебные,14.36439872238043,0.4631258375129703
19,чужие хапаксы,пунктуация,11.047141527277388,0.3561733958257049
19,чужие хапаксы,пунктуация,10.24046980979596,0.33016531000346017
19,чужие хапаксы,пунктуация,10.967338213279238,0.35360043907714844
19,чужие хапаксы,служебные,9.808785477707625,0.3162472775327974
19,чужие хапаксы,смысловые частые,19.698696275638834,0.6351101349167387
19,чужие хапаксы,служебные,12.60662688389603,0.4064531169495651
19,чужие хапаксы,смысловые редкие,10.801479079537433,0.3482529371240267
19,чужие хапаксы,служебные,14.770830334411412,0.47622969130814
19,чужие хапаксы,смысловые редкие,9.257190190365728,0.2984631687541677
19,чужие хапаксы,пунктуация,10.400596258646837,0.3353279831626574
19,чужие хапаксы,служебные,14.321843019474018,0.4617537894425712
19,чужие хапаксы,служебные,15.375473670903888,0.49572413427242645
19,чужие хапаксы,смысловые частые,10.082169885638079,0.325061526241204
19,чужие хапаксы,подслова,12.552847292386389,0.40471919694077263
19,чужие хапаксы,пунктуация,12.778218695866162,0.411985447481801
19,чужие хапаксы,служебные,10.599470336511088,0.34173992741807535
19,чужие хапаксы,пунктуация,8.412958066923832,0.271244089363451
19,чужие хапаксы,служебные,15.310857197429495,0.4936408198940573
19,чужие хапаксы,подслова,11.467683207167555,0.36973217551933685
19,чужие хапаксы,пунктуация,11.546041538669193,0.37225854425945504
19,чужие хапаксы,пунктуация,12.67382976194826,0.4086198201846075
19,чужие хапаксы,смысловые редкие,8.542918908210034,0.2754341863266317
19,чужие хапаксы,служебные,12.811763498773118,0.4130669730813575
19,чужие хапаксы,смысловые редкие,6.322789188271962,0.2038544804297346
19,чужие хапаксы,служебные,13.15669305351273,0.424187925096764
19,чужие хапаксы,служебные,12.99442048258006,0.4189560583287186
19,чужие хапаксы,смысловые редкие,11.456465728955873,0.3693705102598315
19,чужие хапаксы,служебные,14.808320684215092,0.4774384261801699
19,чужие хапаксы,служебные,8.848051195647187,0.2852720256196475
20,исходный,смысловые редкие,9.29462787921682,0.29432179967331784
20,исходный,смысловые редкие,12.324671004392338,0.39027053019576746
20,исходный,смысловые редкие,12.768755907780442,0.40433283260006253
20,исходный,смысловые частые,7.074955096783952,0.2240340919241647
20,исходный,пунктуация,7.417205826890314,0.23487173406900538
20,исходный,служебные,16.170527438100258,0.5120526393413248
20,исходный,служебные,14.230436782455445,0.45061812246566024
20,исходный,служебные,15.04922742713833,0.4765457808109289
20,исходный,служебные,13.67037160907061,0.4328832123749011
20,исходный,пунктуация,6.136599854582333,0.19432032530471574
20,исходный,служебные,13.652917720060387,0.43233052106853115
20,исходный,служебные,11.37396091835475,0.360165537599363
20,исходный,смысловые частые,15.283213491022662,0.483955136012217
20,исходный,смысловые частые,12.438086573829123,0.39386192459491814
20,исходный,служебные,12.00222878174815,0.3800601402272238
20,исходный,пунктуация,7.344288324455082,0.23256274323867757
20,исходный,пунктуация,9.121233534183837,0.28883112954144546
20,исходный,смысловые редкие,13.25482827582729,0.41972470153705477
20,исходный,пунктуация,10.05081425553361,0.31826704396477146
20,исходный,пунктуация,10.420537812582854,0.32997463507077746
20,исходный,подслова,13.564441447350747,0.4295288493770247
20,исходный,служебные,13.269818346561037,0.4201993740740212
20,исходный,пунктуация,12.00215406061249,0.3800577741229099
20,исходный,пунктуация,13.14869010868845,0.4163637518818048
20,исходный,пунктуация,7.028795455925278,0.22257241010684556
20,исходный,служебные,13.10149693249901,0.4148693423445027
20,исходный,служебные,7.82211823867331,0.24769360830589812
20,исходный,пунктуация,12.792182325256432,0.4050746487804444
20,исходный,служебные,12.050929492630766,0.38160228705210014
20,исходный,служебные,13.542926352139167,0.4288475567394814
20,исходный,служебные,12.666917896145707,0.40110805079610146
20,исходный,пунктуация,13.614871088830203,0.4311257441672187
20,исходный,смысловые редкие,13.826468157372172,0.4378261339868183
20,исходный,пунктуация,13.144858718183192,0.416242427847813
20,исходный,пунктуация,12.510497893216428,0.39615488673560223
20,исходный,служебные,14.620977411230838,0.4629849027392141
20,исходный,служебные,11.323007392272316,0.3585520535856762
20,исходный,служебные,12.19818128657078,0.38626513246783306
20,исходный,служебные,10.150002485335444,0.32140791831510057
20,исходный,смысловые частые,9.072167953856018,0.2872774288347835
20,исходный,смысловые частые,12.429878678160359,0.39360201503682135
20,исходный,смысловые частые,16.858953589361004,0.5338522021010457
20,исходный,служебные,15.358730467590615,0.48634644126275495
20,исходный,служебные,7.852900411061014,0.2486683503281432
20,исходный,служебные,11.98320963462194,0.3794578837750903
20,исходный,служебные,11.833919220299572,0.3747304838201567
20,исходный,служебные,8.932422381689335,0.2828522739140099
20,исходный,служебные,11.068516087328986,0.35049338358344656
20,исходный,служебные,10.351348453276058,0.32778369886396547
20,исходный,смысловые редкие,14.558721673639822,0.46101352519017325
20,исходный,служебные,16.09997600364247,0.5098185719392742
20,исходный,пунктуация,10.41932950696045,0.3299363731102167
20,исходный,пунктуация,10.270980023609273,0.3252387684844138
20,исходный,смысловые частые,18.015897796389307,0.5704877625085358
20,исходный,смысловые частые,13.703357230676811,0.43392772837281307
20,исходный,пунктуация,7.434093770336407,0.23540650425802498
20,исходный,смысловые редкие,15.343740784069828,0.4858717809871955
20,исходный,служебные,11.518342740683403,0.3647375030766364
20,исходный,служебные,11.628040640300592,0.36821117449794283
20,исходный,смысловые редкие,14.563652595183155,0.46116966675081894
20,исходный,смысловые редкие,12.371563675536168,0.3917554240012959
20,исходный,смысловые редкие,9.025126121996724,0.28578781173631784
20,исходный,подслова,12.680633561678345,0.4015423682766657
20,исходный,подслова,9.571566204674035,0.3030912724705387
20,исходный,пунктуация,10.717445483927817,0.3393764531212303
20,исходный,служебные,14.030428393662596,0.4442846974265685
20,исходный,смысловые частые,15.170207634455885,0.48037671549763894
20,исходный,смысловые частые,13.277452365670575,0.42044111137348683
20,исходный,пунктуация,8.357191885677716,0.2646371417954145
20,исходный,смысловые редкие,11.96969302400817,0.3790298695271801
20,исходный,смысловые частые,15.05217707534013,0.4766391837721274
20,исходный,смысловые частые,20.19741915035165,0.639567374868237
20,исходный,смысловые частые,10.001282899544593,0.31669859410057144
20,исходный,смысловые частые,14.484251556228823,0.45865536956919367
20,исходный,подслова,11.82714234358533,0.37451588861778606
20,исходный,служебные,8.492715432298203,0.2689286029122864
20,исходный,пунктуация,15.12751247499556,0.4790247392450124
20,исходный,служебные,13.190855075665317,0.41769893916687584
20,исходный,пунктуация,7.839394478682189,0.24824067421505316
20,исходный,смысловые частые,15.140487040635634,0.47943558920681717
20,исходный,пунктуация,8.07259137240556,0.25562503971422074
20,исходный,смысловые частые,15.442676278932437,0.4890046522842427
20,исходный,смысловые частые,11.341217415399656,0.3591286884815085
20,исходный,смысловые редкие,5.986634134540667,0.18957154125595754
20,исходный,смысловые редкие,12.832050866516111,0.4063371179149148
20,исходный,служебные,17.25451801225258,0.5463780648192846
20,исходный,смысловые частые,15.086926418888943,0.4777395494310498
20,исходный,смысловые редкие,7.848298083887971,0.24852261397012457
20,исходный,смысловые редкие,10.928046919250605,0.3460453154214185
20,перемешивание,служебные,19.085825443109854,0.6457784659783752
20,перемешивание,служебные,16.08559221074968,0.5442640714269809
20,перемешивание,пунктуация,9.836612904482124,0.3328267258240476
20,перемешивание,пунктуация,8.973893481727076,0.3036361819276278
20,перемешивание,смысловые редкие,13.603910761661773,0.46029513626009555
20,перемешивание,служебные,16.727031304781097,0.5659674845382909
20,перемешивание,пунктуация,13.190076475549338,0.44629284585607104
20,перемешивание,смысловые частые,19.1665098944822,0.648508464813943
20,перемешивание,пунктуация,14.934146415091101,0.5053043260497597
20,перемешивание,пунктуация,12.440736717495051,0.42093855971868005
20,перемешивание,пунктуация,11.141049222917928,0.3769629821885874
20,перемешивание,смысловые редкие,13.888234667230757,0.46991537805297035
20,перемешивание,смысловые редкие,13.701041758241995,0.4635816121925877
20,перемешивание,смысловые частые,11.77719403416649,0.39848726058947287
20,перемешивание,служебные,17.50549685944381,0.5923072565961233
20,перемешивание,служебные,16.539026913188,0.559606261757433
20,перемешивание,служебные,13.89267145059235,0.4700654988408644
20,перемешивание,служебные,12.747812874469917,0.4313286353368846
20,перемешивание,служебные,12.424168802885719,0.4203779760272507
20,перемешивание,служебные,13.75238568974111,0.4653188598384718
20,перемешивание,служебные,15.830732253715414,0.5356407570943896
20,перемешивание,служебные,18.290610133691178,0.6188719575766491
20,перемешивание,смысловые редкие,16.461179944055832,0.5569722705550569
20,перемешивание,служебные,14.146720943576494,0.47866139071627245
20,перемешивание,служебные,16.207048668682777,0.5483736115315466
20,перемешивание,служебные,13.262863886234996,0.44875564436354093
20,перемешивание,служебные,14.858795649700376,0.5027547951515882
20,перемешивание,пунктуация,10.476130128428073,0.35446511149814774
20,перемешивание,пунктуация,9.797709607777596,0.33151041328926956
20,перемешивание,служебные,17.201944222198563,0.5820364010332746
20,перемешивание,смысловые редкие,14.285303496224302,0.4833504008157847
20,перемешивание,смысловые редкие,11.20964196312563,0.3792838519188811
20,перемешивание,служебные,19.309157988919047,0.6533350345567477
20,перемешивание,служебные,19.684380850286903,0.6660308880599886
20,перемешивание,служебные,17.42167698481621,0.5894711691438485
20,перемешивание,пунктуация,10.628139537762651,0.35960842602059095
20,перемешивание,смысловые частые,18.397253027319472,0.6224802733112791
20,перемешивание,служебные,12.33849957998804,0.4174793149497234
20,перемешивание,служебные,14.326724559823402,0.4847519032548566
20,перемешивание,служебные,14.473252008836274,0.48970973290332054
20,перемешивание,служебные,16.448498818006026,0.5565431983018431
20,перемешивание,служебные,13.45307654118949,0.4551915848415847
20,перемешивание,служебные,17.3520789100631,0.5871162834155323
20,перемешивание,служебные,13.180126354403658,0.4459561785220378
20,перемешивание,пунктуация,14.185195264189709,0.4799631886300814
20,перемешивание,пунктуация,10.288323649632762,0.3481105851959584
20,перемешивание,пунктуация,10.805215867131418,0.3655998923410652
20,перемешивание,пунктуация,10.369296200209947,0.3508503320124613
20,перемешивание,смысловые частые,14.393801836941156,0.487021496532246
20,перемешивание,пунктуация,13.524804298678887,0.4576185294522666
20,перемешивание,служебные,13.37987015592858,0.45271461011945235
20,перемешивание,служебные,12.616034386109458,0.42686984416141105
20,перемешивание,смысловые частые,16.038837570487424,0.5426821047493577
20,перемешивание,пунктуация,12.74478703678134,0.4312262546027291
20,перемешивание,пунктуация,10.929619586426671,0.36980915451041485
20,перемешивание,пунктуация,12.098912492567246,0.4093727658123015
20,перемешивание,служебные,15.109342956188586,0.5112321887922903
20,перемешивание,служебные,14.035887504307988,0.4749112857704179
20,перемешивание,пунктуация,14.77941050871514,0.5000687591339303
20,перемешивание,подслова,14.159159778907023,0.47908226494161055
20,перемешивание,смысловые редкие,13.569346442579688,0.45912563520702615
20,перемешивание,пунктуация,9.97996997467908,0.33767728411689657
20,перемешивание,служебные,14.502802232182313,0.4907095795150694
20,перемешивание,смысловые частые,16.02043980060931,0.5420596069881408
20,перемешивание,служебные,14.605832080142337,0.49419564603935634
20,перемешивание,пунктуация,9.545660702738823,0.32298221230929947
20,перемешивание,смысловые частые,13.443743134170425,0.45487578433900283
20,перемешивание,служебные,12.509824502925625,0.42327617955211017
20,перемешивание,служебные,13.05056929129573,0.44157255038293075
20,перемешивание,смысловые редкие,15.664178311207428,0.5300053210051275
20,перемешивание,служебные,12.909715943601654,0.4368067067953464
20,перемешивание,пунктуация,10.516134262215814,0.35581867140716217
20,перемешивание,служебные,12.401787284196738,0.41962068612913656
20,перемешивание,служебные,11.342336288835801,0.38377363090992206
20,перемешивание,смысловые редкие,11.516928856239037,0.38968105789991325
20,перемешивание,служебные,10.480544066313108,0.3546144592978967
20,перемешивание,смысловые частые,12.49257861354481,0.4226926562446183
20,перемешивание,служебные,14.861461161478347,0.5028449840780328
20,перемешивание,смысловые редкие,17.990677620866755,0.6087235907372825
20,перемешивание,служебные,19.381634229184584,0.6557873044571545
20,перемешивание,служебные,16.989418633490885,0.5748454912627808
20,перемешивание,смысловые редкие,12.423068418851578,0.42034074398215665
20,перемешивание,пунктуация,11.550689379669102,0.3908233621243902
20,перемешивание,служебные,9.168017277431119,0.310204457812437
20,перемешивание,смысловые частые,15.96263658701358,0.5401038062963796
20,перемешивание,смысловые частые,14.686841738665786,0.4969366484218124
20,чужие хапаксы,служебные,11.908514528611306,0.4001691585396636
20,чужие хапаксы,служебные,12.352889147971988,0.4151017529517296
20,чужие хапаксы,служебные,11.655781616274488,0.3916764186079018
20,чужие хапаксы,служебные,11.525251961593515,0.38729015011466017
20,чужие хапаксы,служебные,12.602605522934377,0.42349312631758357
20,чужие хапаксы,смысловые редкие,11.849093293277843,0.398172390119417
20,чужие хапаксы,служебные,11.421795164404655,0.3838136275494983
20,чужие хапаксы,служебные,11.169723707703263,0.37534311491942085
20,чужие хапаксы,служебные,17.129711915094774,0.5756202746044503
20,чужие хапаксы,служебные,12.77810152877229,0.42939042684272466
20,чужие хапаксы,служебные,13.480650275832822,0.45299860570238404
20,чужие хапаксы,служебные,10.633699424234843,0.35733076031742356
20,чужие хапаксы,смысловые частые,12.702670963825632,0.4268556870453844
20,чужие хапаксы,смысловые частые,11.579748037584828,0.3891214153678337
20,чужие хапаксы,смысловые частые,13.303056624540478,0.4470308167032694
20,чужие хапаксы,пунктуация,9.264587811906038,0.3113236583790435
20,чужие хапаксы,пунктуация,13.649198917728063,0.458662449672022
20,чужие хапаксы,пунктуация,12.58510624146382,0.4229050871692669
20,чужие хапаксы,пунктуация,9.134773497683321,0.3069614279124224
20,чужие хапаксы,пунктуация,9.057585276420106,0.30436762450580424
20,чужие хапаксы,служебные,13.335016365959259,0.4481047796060287
20,чужие хапаксы,смысловые редкие,13.069563572074841,0.4391846056493599
20,чужие хапаксы,пунктуация,11.760981618526122,0.3952115191679476
20,чужие хапаксы,пунктуация,11.823833957858193,0.3973235850920673
20,чужие хапаксы,пунктуация,13.015797115881623,0.4373778582602707
20,чужие хапаксы,служебные,11.537766094581983,0.3877106702438347
20,чужие хапаксы,служебные,13.110900576706102,0.4405736785114788
20,чужие хапаксы,служебные,10.266361908632454,0.3449868912172529
20,чужие хапаксы,служебные,18.817467253694026,0.6323349582071286
20,чужие хапаксы,служебные,11.643785188450893,0.3912732952446884
20,чужие хапаксы,смысловые редкие,19.68283764432964,0.6614145331796232
20,чужие хапаксы,смысловые частые,13.871312286728353,0.46612626220377873
20,чужие хапаксы,служебные,11.076250800948367,0.3722020871822926
20,чужие хапаксы,служебные,11.792371860127247,0.39626634481708284
20,чужие хапаксы,подслова,15.289367243772995,0.513778037541515
20,чужие хапаксы,пунктуация,11.498574321356275,0.3863936849157547
20,чужие хапаксы,пунктуация,10.170687789265342,0.3417718947750707
20,чужие хапаксы,пунктуация,13.378717968523548,0.4495733115109081
20,чужие хапаксы,служебные,17.562578949932934,0.5901661725562535
20,чужие хапаксы,служебные,23.343385403497777,0.7844221772532106
20,чужие хапаксы,пунктуация,12.433594179267448,0.4178137338949302
20,чужие хапаксы,служебные,12.062273899783586,0.4053360295235943
20,чужие хапаксы,смысловые редкие,9.178518438263461,0.3084314161313782
20,чужие хапаксы,смысловые редкие,11.665923151640465,0.3920172108758167
20,чужие хапаксы,смысловые частые,13.50497957656501,0.4538161582005119
20,чужие хапаксы,смысловые частые,11.371213245577922,0.38211389213366764
20,чужие хапаксы,смысловые частые,8.682082874036997,0.29174938567926995
20,чужие хапаксы,служебные,12.815440152797608,0.430645139655254
20,чужие хапаксы,служебные,9.940229463690375,0.3340276615206021
20,чужие хапаксы,подслова,10.647251655326823,0.3577861642974399
20,чужие хапаксы,смысловые частые,12.6696695458284,0.4257467200420828
20,чужие хапаксы,смысловые редкие,10.91142296400335,0.36666327571628415
20,чужие хапаксы,смысловые редкие,14.2284925946302,0.47812881238890986
20,чужие хапаксы,смысловые редкие,10.66390646886956,0.3583458262691342
20,чужие хапаксы,смысловые редкие,9.35715025770042,0.3144340913349691
20,чужие хапаксы,служебные,17.43137780755649,0.5857573396478264
20,чужие хапаксы,служебные,13.773320290335029,0.4628333767102838
20,чужие хапаксы,служебные,13.53318526452088,0.4547639713293631
20,чужие хапаксы,служебные,12.376342292787605,0.41588986344220474
20,чужие хапаксы,пунктуация,11.784468261011753,0.39600075530128864
20,чужие хапаксы,пунктуация,11.507365573575598,0.3866891027862762
20,чужие хапаксы,смысловые редкие,14.39211943213739,0.4836272659300665
20,чужие хапаксы,служебные,14.65911399736475,0.4925992489800931
20,чужие хапаксы,смысловые частые,17.4508288777909,0.5864109659577829
20,чужие хапаксы,пунктуация,10.72211658329062,0.3603018966463762
20,чужие хапаксы,пунктуация,9.50366029141717,0.31935735836119544
20,чужие хапаксы,смысловые частые,8.62128319447178,0.2897062965473183
20,чужие хапаксы,смысловые частые,12.607790060953329,0.42366734554631075
20,чужие хапаксы,служебные,14.399478492112564,0.48387455696127224
20,чужие хапаксы,служебные,15.078160273083778,0.5066807194389631
20,чужие хапаксы,служебные,12.937633051141782,0.4347512629834348
20,чужие хапаксы,пунктуация,14.163930496590861,0.47595929238841905
20,чужие хапаксы,служебные,13.62775507672721,0.45794185905691615
20,чужие хапаксы,смысловые частые,13.290539404270417,0.4466101928302673
20,чужие хапаксы,подслова,8.31883556028833,0.27954296215471064
20,чужие хапаксы,служебные,14.68461673709189,0.4934562332725123
20,чужие хапаксы,служебные,11.846681065869937,0.39809133055403556
20,чужие хапаксы,служебные,6.482778748958647,0.2178448126957204
20,чужие хапаксы,смысловые частые,14.393995327841418,0.48369030281040837
20,чужие хапаксы,смысловые редкие,11.192775163866848,0.3761177272183716
20,чужие хапаксы,служебные,15.932215087274749,0.5353800501170609
21,исходный,служебные,14.613751161759135,0.4590134678281592
21,исходный,служебные,18.35965024879524,0.5766710159171198
21,исходный,служебные,17.620150247719323,0.5534435463786331
21,исходный,служебные,19.34256699647966,0.6075441312416516
21,исходный,служебные,16.09715375318309,0.5056066908916909
21,исходный,служебные,18.736801653371955,0.5885172265303146
21,исходный,служебные,6.808497384291326,0.21385282672941838
21,исходный,служебные,14.445350332543601,0.45372404913286685
21,исходный,служебные,9.697699822316991,0.304601794304975
21,исходный,служебные,6.554867644495676,0.205886393941607
21,исходный,служебные,13.559469053412741,0.4258987882866329
21,исходный,смысловые частые,16.800009746790415,0.5276831833294251
21,исходный,служебные,20.50238124410214,0.6439735430979855
21,исходный,пунктуация,8.629424408489854,0.2710475893052691
21,исходный,пунктуация,11.611243695884413,0.3647056238779004
21,исходный,служебные,12.690485296367951,0.39860427345657085
21,исходный,пунктуация,10.330795202783246,0.32448712715601163
21,исходный,пунктуация,10.80767656761121,0.33946582541009906
21,исходный,служебные,12.902359412756146,0.4052591748456722
21,исходный,служебные,19.030646528611783,0.5977468044596496
21,исходный,служебные,14.502816619834244,0.45552904769350416
21,исходный,служебные,16.486262134026937,0.5178284664834024
21,исходный,служебные,15.846368362494209,0.4977295982419973
21,исходный,служебные,13.875795211251695,0.435834496447202
21,исходный,служебные,8.054654202862391,0.2529942324108571
21,исходный,служебные,8.961720622963417,0.28148491207499116
21,исходный,смысловые частые,13.367928622767073,0.4198825617663653
21,исходный,смысловые редкие,11.142903052744085,0.3499951870877043
21,исходный,служебные,15.344142156724912,0.4819548262623303
21,исходный,служебные,13.062724402059978,0.41029619025970204
21,исходный,служебные,14.214954612548212,0.4464873898222454
21,исходный,служебные,14.943631886410468,0.4693749207991189
21,исходный,служебные,9.139288973012352,0.28706227980421384
21,исходный,служебные,16.52531328036389,0.5190550510820026
21,исходный,служебные,15.30916064223047,0.48085606755895294
21,исходный,смысловые редкие,14.77390100180825,0.4640437254697038
21,исходный,служебные,14.883040551138935,0.4674717654343209
21,исходный,служебные,13.781600469788321,0.4328758683405855
21,исходный,служебные,10.790451314264837,0.338924785454976
21,исходный,пунктуация,8.845362120944397,0.2778301270077045
21,исходный,смысловые частые,12.911355710599045,0.40554174581768176
21,исходный,смысловые частые,13.449532768094306,0.4224457230875888
21,исходный,пунктуация,8.737642782819501,0.274446695443997
21,исходный,служебные,10.020168485248165,0.3147304366774602
21,исходный,служебные,15.472699241291258,0.48599276508772177
21,исходный,служебные,15.966893862220017,0.501515267436614
21,исходный,пунктуация,9.9664382646298,0.3130427868317625
21,исходный,пунктуация,9.33326177973731,0.2931549065154289
21,исходный,пунктуация,9.577961240016371,0.3008408419467292
21,исходный,служебные,11.621423975983141,0.3650253833715345
21,исходный,служебные,15.645889131186738,0.4914326067186458
21,исходный,пунктуация,13.133594701270654,0.41252220474747003
21,исходный,служебные,15.118361181034874,0.4748631146631687
21,исходный,пунктуация,10.38902609311991,0.32631614166517453
21,исходный,служебные,9.617123708713352,0.30207092314671247
21,исходный,служебные,15.229279002754225,0.47834700962126625
21,исходный,смысловые частые,17.11814860601174,0.5376758278876684
21,исходный,смысловые частые,10.750301855571864,0.33766370320018096
21,исходный,смысловые частые,12.538674218726365,0.3938359337995128
21,перемешивание,пунктуация,10.645320572237642,0.35378630571360836
21,перемешивание,пунктуация,10.562696701490554,0.3510403861523314
21,перемешивание,смысловые частые,12.400555836521,0.4121197486188913
21,перемешивание,служебные,10.48094392671793,0.34832341657190635
21,перемешивание,служебные,12.847196300757615,0.4269633861356963
21,перемешивание,смысловые редкие,13.304233567353023,0.4421525507104036
21,перемешивание,смысловые редкие,14.67757714122747,0.4877942151562527
21,перемешивание,смысловые редкие,14.445295961154214,0.4800745884876834
21,перемешивание,смысловые редкие,16.03736903201863,0.5329855033206452
21,перемешивание,пунктуация,11.574789773919493,0.38467626087335965
21,перемешивание,пунктуация,11.72678798241135,0.389727765362352
21,перемешивание,служебные,15.70035775214109,0.5217852792519934
21,перемешивание,пунктуация,20.116924824188366,0.6685653539104246
21,перемешивание,служебные,17.86510172959974,0.5937283240296385
21,перемешивание,служебные,15.126279214694977,0.5027063681403631
21,перемешивание,служебные,12.1675987092235,0.40437765753793536
21,перемешивание,пунктуация,13.47704424470281,0.44789573624554774
21,перемешивание,пунктуация,14.797188078435628,0.4917693619177486
21,перемешивание,пунктуация,17.683170005134603,0.5876820098530146
21,перемешивание,смысловые частые,11.46213650211945,0.38093234498221884
21,перемешивание,смысловые частые,11.827475689368992,0.3930740179842052
21,перемешивание,смысловые частые,11.364438321379996,0.37768544619657846
21,перемешивание,смысловые частые,11.301772945404444,0.3756028267289822
21,перемешивание,служебные,13.647430653516327,0.4535583537035086
21,перемешивание,служебные,14.745619956321075,0.4900555482949748
21,перемешивание,служебные,16.898904731085825,0.5616177582297432
21,перемешивание,смысловые частые,10.48958583942594,0.3486106216730134
21,перемешивание,служебные,11.631072235364478,0.3865467507262457
21,перемешивание,пунктуация,11.94983666501259,0.3971405594512004
21,перемешивание,служебные,19.44012169356672,0.6460724963536036
21,перемешивание,служебные,13.61856113308033,0.4525989048157587
21,перемешивание,служебные,21.028821042985953,0.6988712890162184
21,перемешивание,служебные,13.587393428799544,0.4515630781461673
21,перемешивание,смысловые редкие,11.3983469155845,0.3788123635302696
21,перемешивание,служебные,13.507878713362338,0.4489204881712104
21,перемешивание,пунктуация,13.690831472070366,0.4550007353731808
21,перемешивание,смысловые частые,15.983874883401745,0.5312076801834238
21,перемешивание,служебные,15.687434235593896,0.521355779440782
21,перемешивание,служебные,13.994350177229512,0.46508786808887137
21,перемешивание,служебные,17.371166323834558,0.5773128876619872
21,перемешивание,служебные,17.578380464505212,0.5841994369981037
21,перемешивание,служебные,17.089682839593188,0.5679580729024523
21,перемешивание,смысловые частые,14.108200067912406,0.4688715523806947
21,перемешивание,служебные,20.365666899290336,0.6768320415342209
21,перемешивание,смысловые частые,10.850178200372962,0.3605945387737061
21,перемешивание,служебные,17.82640931424134,0.5924424213087298
21,перемешивание,пунктуация,12.759995202352918,0.4240653471100588
21,перемешивание,пунктуация,12.019224260124094,0.39944658497389546
21,перемешивание,пунктуация,15.04479587476325,0.4999983529503995
21,перемешивание,служебные,15.354147591823438,0.5102793398311807
21,перемешивание,служебные,14.843969145136764,0.49332408266600863
21,перемешивание,служебные,11.668449442709033,0.3877889438583913
21,перемешивание,служебные,15.260526832821066,0.507167949972999
21,перемешивание,служебные,16.972801583084532,0.5640736442779914
21,перемешивание,служебные,16.18135371096899,0.5377706863782654
21,перемешивание,смысловые частые,12.969585173572566,0.4310308547365552
21,перемешивание,служебные,16.277645414298444,0.5409708423304161
21,перемешивание,служебные,12.611739763904016,0.41913822974286774
21,перемешивание,служебные,17.34161162901169,0.576330667706569
21,перемешивание,служебные,13.65749599248535,0.4538928649157771
21,чужие хапаксы,служебные,12.04427423079463,0.4064089849385535
21,чужие хапаксы,пунктуация,14.468260338054106,0.48820135486298727
21,чужие хапаксы,служебные,15.482341392037986,0.5224194110029973
21,чужие хапаксы,служебные,11.59560426941504,0.39126955020943666
21,чужие хапаксы,служебные,10.440001929064172,0.3522761525886962
21,чужие хапаксы,служебные,12.478457038653827,0.4210595808016623
21,чужие хапаксы,служебные,13.768253370983922,0.46458107559289796
21,чужие хапаксы,служебные,11.004880848654302,0.371336816928009
21,чужие хапаксы,служебные,10.058454997086931,0.33940164488819696
21,чужие хапаксы,служебные,14.778474483154975,0.4986688860241162
21,чужие хапаксы,смысловые частые,11.480035926832368,0.38736993684128807
21,чужие хапаксы,смысловые частые,10.409909513296697,0.35126074660307527
21,чужие хапаксы,смысловые частые,11.395151250464016,0.3845056799754409
21,чужие хапаксы,пунктуация,8.715919543376435,0.29410057812973067
21,чужие хапаксы,пунктуация,11.082591865186162,0.37395901356203337
21,чужие хапаксы,пунктуация,11.703791530883182,0.3949201043461178
21,чужие хапаксы,служебные,11.91013693233133,0.40188280077284533
21,чужие хапаксы,смысловые частые,11.708178452208493,0.3950681318825771
21,чужие хапаксы,служебные,14.88140268481433,0.502141984125036
21,чужие хапаксы,смысловые частые,11.635272545712134,0.3926080736933129
21,чужие хапаксы,служебные,13.5344459281812,0.45669172969461347
21,чужие хапаксы,служебные,17.605873942394116,0.594073600515525
21,чужие хапаксы,служебные,12.714141780306418,0.42901227224533883
21,чужие хапаксы,служебные,14.503552860208064,0.48939222762374185
21,чужие хапаксы,пунктуация,15.864870869382324,0.5353270726534687
21,чужие хапаксы,служебные,13.808039946924685,0.46592359085221713
21,чужие хапаксы,служебные,13.23864178028252,0.44671043392000004
21,чужие хапаксы,смысловые частые,9.65261498103376,0.325707417588896
21,чужие хапаксы,смысловые частые,7.418010734707475,0.25030534469629545
21,чужие хапаксы,смысловые частые,11.473979574395669,0.38716557782396044
21,чужие хапаксы,смысловые частые,12.095412808924307,0.408134549902505
21,чужие хапаксы,служебные,11.170829696707818,0.37693641567483216
21,чужие хапаксы,служебные,14.141813159387086,0.4771860737446857
21,чужие хапаксы,служебные,12.759422502127887,0.430540176030998
21,чужие хапаксы,смысловые частые,16.445024439068956,0.5549031482929608
21,чужие хапаксы,служебные,12.003467071280697,0.405032032209108
21,чужие хапаксы,служебные,10.625816111616235,0.3585460657334078
21,чужие хапаксы,смысловые частые,12.199671765172406,0.411652551549396
21,чужие хапаксы,смысловые частые,10.675044981919408,0.360207191578453
21,чужие хапаксы,служебные,10.851207311801593,0.36615142302818027
21,чужие хапаксы,смысловые частые,13.481719826738967,0.45491259705811826
21,чужие хапаксы,служебные,14.010284093923474,0.472747898977101
21,чужие хапаксы,служебные,13.58976840421918,0.45855847159205365
21,чужие хапаксы,служебные,19.405977187892052,0.654814340785032
21,чужие хапаксы,служебные,11.083833651062276,0.374000915043829
21,чужие хапаксы,служебные,17.87883343373153,0.6032840508654639
21,чужие хапаксы,смысловые редкие,14.459691500545022,0.48791221726221207
21,чужие хапаксы,пунктуация,12.633733130449508,0.4262990495851412
21,чужие хапаксы,пунктуация,13.620327135604223,0.4595896124283733
21,чужие хапаксы,смысловые редкие,15.150690814390595,0.5112285520078291
21,чужие хапаксы,пунктуация,12.102418431137751,0.40837094005421287
21,чужие хапаксы,смысловые редкие,13.072334267459341,0.4410987327764547
21,чужие хапаксы,служебные,23.168695257186535,0.781779436551623
21,чужие хапаксы,подслова,12.34439427260539,0.4165359115772855
21,чужие хапаксы,служебные,11.492993225434871,0.38780715393479503
21,чужие хапаксы,служебные,12.183261085871102,0.41109880730634796
21,чужие хапаксы,служебные,6.596664070909473,0.22259070971535555
21,чужие хапаксы,служебные,11.461963302143522,0.3867601137075545
21,чужие хапаксы,служебные,11.979143649690457,0.40421128893397995
21,чужие хапаксы,служебные,12.150744246172263,0.4100015941773387
21,чужие хапаксы,служебные,9.217951370332967,0.31104059803384326
22,исходный,служебные,18.55379953999192,0.5849958549676304
22,исходный,служебные,21.758308380670442,0.6860330783656405
22,исходный,служебные,15.266169882152443,0.48133785659596207
22,исходный,служебные,14.841768697780859,0.46795661179132847
22,исходный,служебные,21.088403481368434,0.6649111734712023
22,исходный,служебные,13.74680143685851,0.4334326153676228
22,исходный,служебные,14.191657401358324,0.44745879338733696
22,исходный,служебные,20.816433154962326,0.6563360288880763
22,исходный,служебные,13.114259249315964,0.413488745811042
22,исходный,служебные,14.280110072178077,0.4502476801422488
22,исходный,пунктуация,7.809102009624902,0.2462186948179106
22,исходный,служебные,11.694814055082613,0.3687340553666181
22,исходный,служебные,11.73825904138053,0.37010386303585724
22,исходный,пунктуация,9.626861205651917,0.3035321088554517
22,исходный,смысловые частые,24.677637835691748,0.7780786794184759
22,исходный,служебные,15.049104065204594,0.47449383508457577
22,исходный,служебные,15.894711918611103,0.5011556025626941
22,исходный,пунктуация,9.576105048833579,0.30193178212513344
22,исходный,пунктуация,8.395957354933858,0.26472207164546285
22,исходный,пунктуация,10.313516740881948,0.3251821563853024
22,исходный,пунктуация,8.250553371407008,0.2601375267130007
22,исходный,служебные,14.044331350120673,0.44281364622397534
22,исходный,служебные,13.612793269642756,0.42920737717939883
22,исходный,служебные,13.082456168981032,0.4124860040205513
22,исходный,служебные,13.024268627974015,0.41065136792747
22,исходный,пунктуация,9.495332456259318,0.2993850459836179
22,исходный,пунктуация,10.459868937338388,0.32979659819318574
22,исходный,смысловые редкие,12.299845933044905,0.38781053293490897
22,исходный,служебные,12.258365650712305,0.3865026718051628
22,исходный,служебные,16.212617932637045,0.5111790858968542
22,исходный,служебные,15.870463444121407,0.5003910552776388
22,исходный,служебные,12.049677154868935,0.3799227847699138
22,исходный,смысловые частые,13.973084501481708,0.4405672539934533
22,исходный,смысловые частые,9.538618978592675,0.30074985733055504
22,исходный,смысловые частые,9.989059174031159,0.31495210451309824
22,исходный,служебные,17.488389288330975,0.5514037823725665
22,исходный,служебные,11.27445266903582,0.3554801842177047
22,исходный,пунктуация,14.490201580050304,0.4568718037350601
22,исходный,пунктуация,17.473535161278143,0.5509354361054668
22,исходный,служебные,9.903929972571468,0.31226800577185226
22,исходный,смысловые редкие,7.8618476151329855,0.24788174828162177
22,исходный,смысловые редкие,10.525367817156733,0.331861758653509
22,исходный,смысловые частые,15.327751362149582,0.4832795025894659
22,исходный,служебные,10.523390476877076,0.3317994136947329
22,исходный,служебные,16.72416604462985,0.5273080477565143
22,исходный,служебные,18.093668842686437,0.5704880691048545
22,исходный,смысловые редкие,10.738285282916529,0.33857498386925083
22,исходный,служебные,13.75376134025437,0.4336520590793421
22,исходный,смысловые частые,12.805097031807142,0.4037409518152392
22,исходный,служебные,13.13396885115156,0.41411018377322506
22,исходный,смысловые частые,7.389933740977728,0.23300244231049227
22,исходный,служебные,11.386628045025319,0.3590170409052983
22,исходный,смысловые частые,17.059433914465966,0.5378789453096114
22,исходный,служебные,13.209433293697717,0.41648955550200706
22,исходный,служебные,16.70279523637465,0.5266342324433947
22,исходный,пунктуация,11.567863022824657,0.3647313265727293
22,исходный,пунктуация,9.775933124974358,0.3082323027272097
22,исходный,служебные,13.266931654902244,0.4183024619581525
22,исходный,служебные,13.56542290574853,0.42771380350643234
22,исходный,служебные,11.458904434227144,0.3612958942476533
22,исходный,служебные,18.907227935474197,0.5961393485652271
22,исходный,служебные,18.94611322440044,0.59736539031436
22,исходный,смысловые частые,9.31581055318125,0.29372477305945455
22,исходный,смысловые редкие,12.738945271031998,0.40165520620993306
22,исходный,смысловые редкие,15.935748643269015,0.5024494784491174
22,исходный,служебные,13.796055312038536,0.43498557559872275
22,исходный,смысловые редкие,5.93577728926428,0.18715331610358193
22,исходный,смысловые частые,14.329282426976382,0.45179807005963485
22,исходный,служебные,16.99048658368494,0.5357050562023672
22,исходный,служебные,23.315179432253455,0.7351207657653048
22,исходный,служебные,15.758180462241512,0.4968508058078975
22,исходный,смысловые редкие,10.724426106617635,0.33813800810745914
22,исходный,служебные,14.438055752513387,0.45522766109477764
22,исходный,служебные,16.74740589733327,0.5280407934926238
22,исходный,служебные,15.618806278953464,0.49245637870754716
22,исходный,служебные,10.272963364746746,0.32390352033596376
22,исходный,служебные,13.216442072416177,0.4167105402383058
22,исходный,смысловые частые,15.69525155679699,0.49486667588543354
22,исходный,смысловые частые,12.510418161414075,0.39444981350392366
22,исходный,служебные,12.068285991783695,0.3805095159371574
22,исходный,служебные,21.5208664575044,0.6785466042044705
22,исходный,пунктуация,9.76166462890536,0.3077824212331796
22,исходный,смысловые частые,15.96099229147899,0.5032454032695438
22,исходный,служебные,12.659565302716905,0.3991523791026498
22,исходный,служебные,20.919531473155278,0.6595866886069662
22,перемешивание,служебные,14.67210893290478,0.499217302058704
22,перемешивание,служебные,15.566948439096187,0.5296641428025435
22,перемешивание,пунктуация,10.301771820357569,0.3505169405503531
22,перемешивание,пунктуация,11.741168301213609,0.399492287656332
22,перемешивание,служебные,16.526524486345824,0.5623136390418875
22,перемешивание,служебные,19.021621555666794,0.6472091120115249
22,перемешивание,служебные,15.171446153333129,0.5162072099948891
22,перемешивание,служебные,14.51072764154343,0.4937263168673738
22,перемешивание,служебные,13.421259617674309,0.4566572567859413
22,перемешивание,служебные,10.572656944654666,0.35973378466852585
22,перемешивание,смысловые редкие,10.943174585707405,0.37234061699081583
22,перемешивание,пунктуация,7.998447582793247,0.2721465224392579
22,перемешивание,служебные,17.59516912554322,0.5986741851691851
22,перемешивание,служебные,15.13430986767438,0.5149436509237413
22,перемешивание,служебные,11.843578558941399,0.40297678826901123
22,перемешивание,пунктуация,11.199804152199933,0.38107241692487825
22,перемешивание,пунктуация,12.160130472084182,0.41374744112902756
22,перемешивание,служебные,15.021965114668896,0.5111211299247272
22,перемешивание,смысловые частые,13.529836278433216,0.4603515687555753
22,перемешивание,смысловые частые,12.059737767654795,0.41033158760171234
22,перемешивание,пунктуация,8.352637289481516,0.2841977981351012
22,перемешивание,служебные,15.607133269711369,0.5310314283655894
22,перемешивание,служебные,15.847065562122012,0.539195104919638
22,перемешивание,смысловые частые,13.258942066500538,0.4511344154313479
22,перемешивание,смысловые редкие,10.464947066791357,0.3560689649157633
22,перемешивание,служебные,19.26643173996168,0.6555387584365252
22,перемешивание,смысловые частые,10.623349459785715,0.3614585933346841
22,перемешивание,смысловые редкие,11.237074384015301,0.38234053350300995
22,перемешивание,смысловые частые,11.677821119262523,0.3973369049904004
22,перемешивание,служебные,14.198260058793414,0.4830946330137027
22,перемешивание,служебные,15.155387732849698,0.5156608235561214
22,перемешивание,служебные,13.957060311202982,0.4748878314012029
22,перемешивание,пунктуация,8.58925571042117,0.29224872048437384
22,перемешивание,смысловые частые,14.83171618230445,0.504647925617913
22,перемешивание,служебные,12.68758621927909,0.431694079630291
22,перемешивание,служебные,15.813511703331065,0.5380534376285978
22,перемешивание,служебные,14.561656818113219,0.4954591779195585
22,перемешивание,служебные,16.54137108597289,0.5628187933754917
22,перемешивание,служебные,16.671553911180016,0.5672482533169
22,перемешивание,служебные,14.61369668934919,0.4972298302665869
22,перемешивание,служебные,12.852662415703966,0.4373107836631054
22,перемешивание,служебные,12.785304198268879,0.4350189258440829
22,перемешивание,служебные,13.599477372165348,0.46272110125321125
22,перемешивание,смысловые частые,12.966945590021657,0.44119925928814885
22,перемешивание,смысловые частые,15.65091320899448,0.5325210372059513
22,перемешивание,смысловые частые,14.767072383354815,0.5024484256650407
22,перемешивание,служебные,11.638437380814574,0.3959968765225857
22,перемешивание,служебные,13.634311926759,0.4639063441138105
22,перемешивание,пунктуация,9.419756059899385,0.3205064267024289
22,перемешивание,пунктуация,8.86468624828047,0.30162022192588306
22,перемешивание,служебные,16.769406830732272,0.5705776908722531
22,перемешивание,служебные,21.911803084895144,0.7455473012983751
22,перемешивание,смысловые частые,19.39186286396535,0.659806542134537
22,перемешивание,смысловые частые,15.636843006227165,0.5320422997117684
22,перемешивание,служебные,15.622090636002964,0.5315403515258618
22,перемешивание,смысловые частые,17.739386023422053,0.6035811532812392
22,перемешивание,служебные,14.30563493664786,0.4867480544186627
22,перемешивание,служебные,13.706252641872531,0.4663541210401805
22,перемешивание,смысловые редкие,12.113724798528187,0.4121684918955683
22,перемешивание,служебные,16.601354789132948,0.564859733951655
22,перемешивание,служебные,14.683170868812775,0.49959368351993694
22,перемешивание,служебные,11.522275910343243,0.39204449202509756
22,перемешивание,служебные,15.55361378168814,0.5292104321788312
22,перемешивание,служебные,14.561460624773137,0.495452502457267
22,перемешивание,пунктуация,9.56748961260495,0.3255330487062923
22,перемешивание,пунктуация,13.16833215589858,0.4480514206609748
22,перемешивание,служебные,14.139812300965874,0.48110595285139773
22,перемешивание,служебные,11.914440631054436,0.4053878644558315
22,перемешивание,служебные,16.184117527286688,0.5506632703669198
22,перемешивание,служебные,16.041176779718366,0.545799723164426
22,перемешивание,пунктуация,7.813811020461897,0.2658642785621194
22,перемешивание,смысловые редкие,10.449616823024698,0.35554735463001014
22,перемешивание,служебные,10.78374138594747,0.36691591545631164
22,перемешивание,служебные,11.179552177867844,0.3803833451606444
22,перемешивание,служебные,14.873667392831493,0.5060753121124638
22,перемешивание,служебные,18.455093122504994,0.6279330285775815
22,перемешивание,служебные,10.094943110136052,0.34347961066292937
22,перемешивание,служебные,15.181775509812494,0.5165586655011979
22,перемешивание,пунктуация,10.038723499102398,0.34156674301238543
22,перемешивание,служебные,15.404146229315232,0.5241248109786246
22,перемешивание,смысловые частые,14.785977489959059,0.5030916703653944
22,перемешивание,служебные,11.19597096292261,0.38094199297437076
22,перемешивание,служебные,15.259697657419098,0.5192099601771493
22,перемешивание,смысловые редкие,9.771723143537772,0.33248207783144756
22,перемешивание,служебные,13.82399477542799,0.47036028746935477
22,перемешивание,служебные,16.34918141035557,0.5562795554388072
22,перемешивание,служебные,15.013692762299007,0.5108396638143909
22,перемешивание,служебные,11.440547913088652,0.3892637036272827
22,перемешивание,служебные,14.933583324953075,0.5081139467846062
22,перемешивание,служебные,15.821890008467722,0.5383385087731261
22,чужие хапаксы,служебные,12.197902486183946,0.3851399770476265
22,чужие хапаксы,служебные,14.636270305859707,0.46212968303742985
22,чужие хапаксы,служебные,16.98137104227956,0.5361745481133822
22,чужие хапаксы,служебные,13.309425814585564,0.4202355248004785
22,чужие хапаксы,служебные,11.129783010998976,0.351414874668524
22,чужие хапаксы,служебные,12.924079734632482,0.4080685001372937
22,чужие хапаксы,служебные,19.26029511148548,0.6081299326314492
22,чужие хапаксы,служебные,13.643685113119238,0.43078952117084046
22,чужие хапаксы,служебные,14.059192623630766,0.4439088712593318
22,чужие хапаксы,служебные,13.642508669567805,0.43075237581384895
22,чужие хапаксы,служебные,12.360588081001687,0.3902766574174731
22,чужие хапаксы,служебные,8.07117517535079,0.2548415373301173
22,чужие хапаксы,служебные,15.07223790256112,0.475895045596876
22,чужие хапаксы,служебные,13.169856841241812,0.41582873508798013
22,чужие хапаксы,служебные,14.910970425907259,0.470803141285676
22,чужие хапаксы,служебные,13.485312823502996,0.4257890303030977
22,чужие хапаксы,служебные,15.659088581846255,0.4944244327112806
22,чужие хапаксы,служебные,17.0530333093663,0.538437232532464
22,чужие хапаксы,пунктуация,17.831036593480714,0.5630021253348285
22,чужие хапаксы,пунктуация,9.5369794757932,0.30112325135989676
22,чужие хапаксы,служебные,16.90826429971617,0.5338662554225051
22,чужие хапаксы,служебные,12.00456154763717,0.3790353763001936
22,чужие хапаксы,служебные,14.056866204350722,0.44383541624777273
22,чужие хапаксы,смысловые редкие,8.070888139302863,0.25483247437383966
22,чужие хапаксы,смысловые редкие,13.212216677095679,0.4171662163661735
22,чужие хапаксы,пунктуация,9.824631776732847,0.31020566538206784
22,чужие хапаксы,пунктуация,9.123044486420422,0.28805355249266834
22,чужие хапаксы,смысловые редкие,12.228512470041641,0.38610646521997694
22,чужие хапаксы,служебные,16.529045574180678,0.5218926975576019
22,чужие хапаксы,служебные,15.110264575407331,0.4770957103770524
22,чужие хапаксы,служебные,11.726727488491383,0.37026296618430216
22,чужие хапаксы,пунктуация,7.976386283928496,0.25184864642054466
22,чужие хапаксы,служебные,6.058080724791453,0.19127953137365847
22,чужие хапаксы,служебные,5.344653240910243,0.16875357290839157
22,чужие хапаксы,служебные,18.02160658281653,0.569019235358613
22,чужие хапаксы,смысловые частые,15.82840806726635,0.4997705733942607
22,чужие хапаксы,служебные,14.997608895868323,0.4735386885135736
22,чужие хапаксы,служебные,10.46623568771531,0.33046384631353054
22,чужие хапаксы,служебные,17.77299243138017,0.5611694227628516
22,чужие хапаксы,служебные,15.776564269019364,0.49813364284087064
22,чужие хапаксы,смысловые частые,15.802975986014172,0.4989675737637232
22,чужие хапаксы,служебные,17.5113983928401,0.5529097795895082
22,чужие хапаксы,служебные,10.065693967762304,0.31781703027249014
22,чужие хапаксы,служебные,19.79935085773598,0.6251502291925558
22,чужие хапаксы,смысловые редкие,10.757273855866664,0.3396531666519048
22,чужие хапаксы,служебные,14.543129167336563,0.45918881873771733
22,чужие хапаксы,служебные,23.00495484356913,0.7263648639976746
22,чужие хапаксы,служебные,19.93396040183397,0.6294004285020692
22,чужие хапаксы,смысловые частые,13.417684116455044,0.4236537026342866
22,чужие хапаксы,служебные,11.574557467534657,0.36545830747802116
22,чужие хапаксы,смысловые частые,8.077488007978358,0.2550408604691603
22,чужие хапаксы,служебные,20.20996788971596,0.6381151659471541
22,чужие хапаксы,смысловые частые,12.9211126715561,0.4079748172597309
22,чужие хапаксы,служебные,13.131589182130666,0.414620461340225
22,чужие хапаксы,служебные,8.42384029938539,0.26597668437117844
22,чужие хапаксы,служебные,12.855010102170201,0.4058876762873456
22,чужие хапаксы,пунктуация,7.988529921403948,0.25223207301900025
22,чужие хапаксы,служебные,15.930309039937306,0.5029880231418771
22,чужие хапаксы,служебные,12.987180825619763,0.4100608715931279
22,чужие хапаксы,служебные,15.397705164251805,0.4861714397424501
22,чужие хапаксы,пунктуация,8.229863647996915,0.2598520114490796
22,чужие хапаксы,пунктуация,14.052198681850735,0.44368804258983846
22,чужие хапаксы,пунктуация,9.845685864036977,0.3108704330099658
22,чужие хапаксы,пунктуация,11.735846924193284,0.3705509057920254
22,чужие хапаксы,смысловые частые,15.986561306763823,0.5047641479124252
22,чужие хапаксы,служебные,12.94033177526317,0.4085816466034644
22,чужие хапаксы,смысловые редкие,13.943507455713496,0.4402561954843882
22,чужие хапаксы,служебные,15.352885906244149,0.48475630398284614
22,чужие хапаксы,служебные,10.872065170432824,0.34327761965170156
22,чужие хапаксы,служебные,8.736854817329025,0.2758598921106183
22,чужие хапаксы,служебные,14.505022704427269,0.45798563464382286
22,чужие хапаксы,служебные,16.21031768975885,0.5118290943906065
22,чужие хапаксы,служебные,14.790906144656207,0.46701219816429546
22,чужие хапаксы,смысловые редкие,12.558910295777112,0.3965385383706252
22,чужие хапаксы,служебные,15.589220932610495,0.492218412057032
22,чужие хапаксы,служебные,16.627266130569005,0.524993940814453
22,чужие хапаксы,служебные,17.59377275888868,0.5555106908105314
22,чужие хапаксы,смысловые редкие,16.19309618728982,0.5112853378658139
22,чужие хапаксы,служебные,10.592791976712236,0.3344597698991402
22,чужие хапаксы,служебные,12.967866299708021,0.4094510293620755
22,чужие хапаксы,служебные,16.84281633630519,0.5317997831618464
22,чужие хапаксы,служебные,14.561285549236604,0.4597620934065524
22,чужие хапаксы,служебные,15.346334671254576,0.48454945346109657
22,чужие хапаксы,служебные,14.798840766133585,0.4672627281170591
22,чужие хапаксы,служебные,15.40810798929884,0.48649990144349936
22,чужие хапаксы,служебные,12.392703012416145,0.39129066322395173
22,чужие хапаксы,служебные,8.698259602617002,0.2746412760309133
22,чужие хапаксы,служебные,13.771770434766985,0.4348337228600593
22,чужие хапаксы,служебные,20.746072391702878,0.6550422790983076
22,чужие хапаксы,служебные,19.321828299590948,0.6100727986841538
22,чужие хапаксы,пунктуация,9.953518653300899,0.3142751755900224
22,чужие хапаксы,смысловые частые,15.41889525858541,0.48684050169425086
22,чужие хапаксы,служебные,13.887740275477809,0.4384953869732273
22,чужие хапаксы,служебные,17.504943897400977,0.5527059835493207
23,исходный,служебные,12.078875848337844,0.3783214688206894
23,исходный,служебные,24.826761321094455,0.7775969326110443
23,исходный,пунктуация,10.307222273855807,0.3228316541264104
23,исходный,смысловые частые,14.393999391957534,0.4508332613517871
23,исходный,служебные,12.806832800898325,0.4011217481669509
23,исходный,служебные,25.633851893413592,0.802875749499714
23,исходный,смысловые частые,14.018303459903144,0.43906612021800906
23,исходный,подслова,12.323130790126589,0.3859717575979307
23,исходный,подслова,7.673563391808774,0.24034304267455933
23,исходный,служебные,14.086540706313073,0.44120337335432935
23,исходный,смысловые редкие,15.8095445816009,0.4951694348543596
23,исходный,смысловые редкие,10.907780605822731,0.34164169184142634
23,исходный,служебные,15.69740301078603,0.49165705801406123
23,исходный,служебные,14.310128592546134,0.4482063509982998
23,исходный,пунктуация,9.902160040937948,0.31014473351845
23,исходный,подслова,9.461785078818169,0.2963517858474185
23,исходный,служебные,18.42273253633581,0.5770168780893928
23,исходный,смысловые редкие,9.398105632330408,0.29435728718451076
23,исходный,служебные,14.663804232989142,0.4592837964045219
23,исходный,служебные,7.336713923823485,0.22979260842059698
23,исходный,служебные,20.444472123119493,0.6403396160369137
23,исходный,пунктуация,12.332063589745257,0.3862515410740462
23,исходный,пунктуация,14.185718798654124,0.4443097221603288
23,исходный,служебные,18.99164073883625,0.5948356047239348
23,исходный,пунктуация,11.46487787248852,0.35909048913409786
23,исходный,пунктуация,8.614699166431942,0.2698202782290692
23,исходный,смысловые частые,15.925051582002082,0.49878722003565695
23,исходный,подслова,10.638290814480325,0.33320102443388194
23,исходный,подслова,10.607267999589258,0.3322293614212055
23,исходный,служебные,23.26718901031901,0.728749697590756
23,исходный,служебные,12.359517468423606,0.3871114217315535
23,исходный,служебные,11.227460568366622,0.35165436143921763
23,исходный,служебные,13.826821055825613,0.4330687157183265
23,исходный,служебные,14.101547495455625,0.4416733997526447
23,исходный,служебные,13.766580165485783,0.4311819157873903
23,исходный,пунктуация,8.034210991043931,0.2516388562239697
23,исходный,смысловые частые,16.656002736961472,0.5216812805469644
23,исходный,пунктуация,5.498905545604288,0.17223076460426762
23,исходный,служебные,15.199652977982565,0.4760670705118993
23,исходный,служебные,11.950182562200084,0.3742906770772923
23,исходный,служебные,14.723550619095354,0.46115510800936305
23,исходный,смысловые редкие,17.547417633195806,0.5496012125924968
23,исходный,служебные,21.300099200597494,0.6671386407788374
23,исходный,смысловые частые,15.5251666648286,0.48626245770480403
23,исходный,смысловые частые,22.77045128059399,0.71319141634937
23,исходный,смысловые частые,7.029984445631432,0.2201855598692875
23,исходный,служебные,22.38505630667161,0.7011204923295252
23,исходный,служебные,18.650471947546006,0.5841498853029122
23,исходный,смысловые редкие,13.389277519359824,0.4193644508954113
23,исходный,служебные,16.800101029843912,0.5261945712291713
23,исходный,служебные,15.764148405951426,0.49374758500126137
23,исходный,служебные,13.893972756348779,0.43517196856194496
23,исходный,служебные,18.102881555657028,0.56699885204678
23,исходный,служебные,15.086290938660353,0.47251646747868825
23,исходный,служебные,16.16151890240624,0.50619359336929
23,исходный,смысловые редкие,9.110389318775466,0.2853457483861582
23,исходный,смысловые редкие,10.324070951399978,0.3233593701586167
23,исходный,подслова,7.421393898640659,0.2324448628898687
23,исходный,служебные,13.358946608087434,0.4184144589386002
23,исходный,пунктуация,9.880771433784242,0.3094748227274112
23,исходный,служебные,21.810503278231685,0.6831249645698223
23,исходный,служебные,14.365111738540415,0.4499284735545807
23,исходный,служебные,10.496793109623994,0.32876918655359033
23,исходный,служебные,14.573311818812417,0.4564494910040587
23,исходный,служебные,11.599673511582685,0.36331241216841276
23,исходный,подслова,11.087231052214696,0.34726224439217374
23,исходный,служебные,14.59205791265686,0.457036635854865
23,исходный,пунктуация,10.447570060626601,0.32722747551770043
23,исходный,пунктуация,13.5871267005001,0.42556126869151933
23,исходный,пунктуация,13.23804073331099,0.41462757606068995
23,исходный,смысловые редкие,17.039698678566054,0.5336989893164736
23,перемешивание,служебные,13.823798641746142,0.4608839946785918
23,перемешивание,служебные,12.741767032647026,0.42480917448668587
23,перемешивание,пунктуация,12.158994767212699,0.4053796083708893
23,перемешивание,пунктуация,8.213901078188925,0.2738505991673156
23,перемешивание,пунктуация,8.830765991254715,0.29441681057408936
23,перемешивание,служебные,17.843342171479637,0.594895153751295
23,перемешивание,смысловые редкие,15.454258160509891,0.5152433437724275
23,перемешивание,служебные,19.171437733537825,0.6391737202885583
23,перемешивание,пунктуация,8.639237708293804,0.28803127773810133
23,перемешивание,служебные,14.498447085026655,0.4833767029132034
23,перемешивание,служебные,21.695648191407603,0.7233306318135333
23,перемешивание,подслова,10.586210635723145,0.3529431506306134
23,перемешивание,подслова,8.15440736188132,0.2718670849147772
23,перемешивание,подслова,9.921498995170198,0.3307817343551876
23,перемешивание,смысловые частые,14.681185388516083,0.4894691787569023
23,перемешивание,смысловые частые,13.152438848127364,0.43850092967826615
23,перемешивание,служебные,12.569149291004644,0.4190541171119143
23,перемешивание,служебные,13.464985370722001,0.44892119791201435
23,перемешивание,смысловые редкие,16.56119371114775,0.5521484587593515
23,перемешивание,служебные,16.5463182509745,0.551652512479678
23,перемешивание,смысловые частые,16.042748038739504,0.5348635344982469
23,перемешивание,пунктуация,6.030094728051531,0.20104272483844984
23,перемешивание,служебные,12.347938278794578,0.41167896520060204
23,перемешивание,подслова,9.348692421076674,0.3116844233419077
23,перемешивание,смысловые редкие,12.368913063165387,0.4123782623083556
23,перемешивание,служебные,16.563302268177257,0.5522187578292346
23,перемешивание,смысловые частые,17.268026162779393,0.5757141784518154
23,перемешивание,служебные,18.06210875463601,0.6021888086547174
23,перемешивание,смысловые частые,13.697209855025779,0.4566635378260875
23,перемешивание,служебные,15.751442067716964,0.5251514240228272
23,перемешивание,смысловые редкие,14.421716222219215,0.4808185040069322
23,перемешивание,смысловые частые,19.572647306620112,0.6525500053124915
23,перемешивание,служебные,14.21420538376814,0.47390011444969293
23,перемешивание,смысловые частые,17.778190461298784,0.5927230025773322
23,перемешивание,служебные,10.540208641323835,0.35140944896934134
23,перемешивание,служебные,20.238020319222503,0.6747334716625759
23,перемешивание,служебные,16.01150575547887,0.5338219200559938
23,перемешивание,служебные,14.277831888170494,0.47602141542320653
23,перемешивание,служебные,14.063435519442246,0.46887346300977506
23,перемешивание,пунктуация,10.160446991426063,0.3387482354515127
23,перемешивание,пунктуация,10.2641483161947,0.3422056267266213
23,перемешивание,служебные,14.410721930403597,0.4804519554726283
23,перемешивание,служебные,20.707166913859417,0.6903747698491074
23,перемешивание,служебные,17.597050535296532,0.5866838164711639
23,перемешивание,служебные,16.60772761276154,0.5536998941512832
23,перемешивание,служебные,15.435144832905726,0.5146061074377485
23,перемешивание,смысловые редкие,13.234550051459307,0.4412385085724789
23,перемешивание,служебные,13.94941799924019,0.46507213086251853
23,перемешивание,служебные,13.490941405789135,0.44978656939475803
23,перемешивание,пунктуация,10.660130686857205,0.3554076373709388
23,перемешивание,служебные,14.237176356868854,0.47466596428002394
23,перемешивание,пунктуация,11.872262996943595,0.39582000126812006
23,перемешивание,пунктуация,11.019150943756754,0.36737733502486075
23,перемешивание,пунктуация,10.790162106125289,0.3597428712309736
23,перемешивание,служебные,15.480657122569594,0.516123482394579
23,перемешивание,служебные,16.657815032410767,0.5553698034612587
23,перемешивание,служебные,22.322537725646214,0.7442310630372334
23,перемешивание,служебные,13.589749895809897,0.4530808340733107
23,перемешивание,служебные,14.284270713157477,0.47623608517194516
23,перемешивание,смысловые редкие,12.09824016141337,0.4033540561951394
23,перемешивание,смысловые редкие,14.968284339317128,0.49904102762003827
23,перемешивание,смысловые частые,14.073428531402046,0.4692066289788594
23,перемешивание,служебные,18.455914858185576,0.6153182627820822
23,перемешивание,служебные,17.927934277775865,0.5977154456897456
23,перемешивание,пунктуация,13.818725192421184,0.4607148464110074
23,перемешивание,служебные,13.290357684953598,0.44309912921120365
23,чужие хапаксы,смысловые редкие,14.915137378651538,0.48741371644687925
23,чужие хапаксы,служебные,13.527958259669496,0.44208190939773273
23,чужие хапаксы,служебные,14.017142956598276,0.45806803980376415
23,чужие хапаксы,смысловые частые,13.496010644299778,0.4410378891152741
23,чужие хапаксы,служебные,13.235050680149223,0.43250994446807794
23,чужие хапаксы,служебные,11.046907346567357,0.3610033235591645
23,чужие хапаксы,смысловые частые,13.52546578352088,0.44200045744513516
23,чужие хапаксы,смысловые частые,13.651443941338828,0.44611731406766053
23,чужие хапаксы,служебные,14.66524862701824,0.47924756939507995
23,чужие хапаксы,служебные,11.020295149729742,0.3601336601136233
23,чужие хапаксы,служебные,10.46303090777122,0.34192274939115613
23,чужие хапаксы,служебные,12.35593031237519,0.4037810555022809
23,чужие хапаксы,служебные,14.125984365574633,0.46162488237957666
23,чужие хапаксы,служебные,13.274906126138337,0.4338123857769999
23,чужие хапаксы,служебные,19.988228174441502,0.6531979111126073
23,чужие хапаксы,пунктуация,11.808531231912268,0.38589252967683796
23,чужие хапаксы,пунктуация,9.19437144911903,0.3004640617539756
23,чужие хапаксы,служебные,12.93980559192808,0.4228615917872282
23,чужие хапаксы,смысловые частые,13.329906731896369,0.43560975773401067
23,чужие хапаксы,смысловые частые,12.377045691826007,0.40447108773671675
23,чужие хапаксы,смысловые частые,12.658072469392168,0.41365479839235386
23,чужие хапаксы,смысловые частые,17.99074673016275,0.5879219549096744
23,чужие хапаксы,пунктуация,11.240022014206975,0.3673141429277716
23,чужие хапаксы,смысловые редкие,15.626322376773558,0.5106546236015179
23,чужие хапаксы,служебные,13.971876450688175,0.4565887697631283
23,чужие хапаксы,служебные,10.17481564632182,0.33250412533471035
23,чужие хапаксы,служебные,14.181940904254207,0.46345349339299935
23,чужие хапаксы,служебные,13.155740077484614,0.42991814295683406
23,чужие хапаксы,смысловые частые,10.431119608746558,0.3408799158952662
23,чужие хапаксы,смысловые частые,18.020662260209885,0.5888995684112853
23,чужие хапаксы,служебные,15.384399634935848,0.5027487988210559
23,чужие хапаксы,смысловые частые,18.42539002527465,0.6021257197440791
23,чужие хапаксы,служебные,13.129733737550568,0.4290682783879312
23,чужие хапаксы,смысловые редкие,13.821695270808975,0.4516809794312691
23,чужие хапаксы,служебные,17.36407247545444,0.5674427853429121
23,чужие хапаксы,служебные,10.78263220407704,0.35236704176734496
23,чужие хапаксы,служебные,13.911933117831435,0.4546298737836829
23,чужие хапаксы,служебные,13.511043624447202,0.4415291538309056
23,чужие хапаксы,служебные,13.912851479204601,0.4546598850345734
23,чужие хапаксы,смысловые редкие,11.983884143636516,0.3916229103111882
23,чужие хапаксы,смысловые редкие,16.823945288962044,0.549791898687381
23,чужие хапаксы,пунктуация,12.502444045845575,0.4085689968754206
23,чужие хапаксы,служебные,10.905875656505906,0.35639453059638376
23,чужие хапаксы,служебные,13.165363151185556,0.4302326166352952
23,чужие хапаксы,смысловые частые,10.04081720496641,0.3281251728221701
23,чужие хапаксы,служебные,15.599540629951552,0.5097794194099603
23,чужие хапаксы,служебные,15.357291319885848,0.5018629226638543
23,чужие хапаксы,пунктуация,15.175450582898282,0.49592052554296634
23,чужие хапаксы,пунктуация,12.666818853858555,0.41394062262916825
23,чужие хапаксы,подслова,9.703256579459032,0.31709398518857956
23,чужие хапаксы,подслова,8.67037945395377,0.2833404591167329
23,чужие хапаксы,пунктуация,10.935086038956161,0.35734910048786145
23,чужие хапаксы,служебные,18.504630400657188,0.6047152262888282
23,чужие хапаксы,служебные,21.778124863948033,0.7116901780854253
23,чужие хапаксы,служебные,16.259030248721416,0.5313309665316681
23,чужие хапаксы,пунктуация,10.778289576612774,0.35222512847900134
23,чужие хапаксы,пунктуация,9.42406972492786,0.30797040161737305
23,чужие хапаксы,подслова,9.84062407555684,0.32158303547972
23,чужие хапаксы,служебные,14.037915583572223,0.4587468711853797
23,чужие хапаксы,смысловые редкие,11.372681360866787,0.3716493349903954
23,чужие хапаксы,смысловые редкие,11.60597281624787,0.3792730968368904
23,чужие хапаксы,смысловые частые,12.719614431622375,0.4156659361892469
23,чужие хапаксы,служебные,18.93014547374788,0.618620688767247
23,чужие хапаксы,пунктуация,10.186620684264382,0.33288990370672966
23,чужие хапаксы,смысловые редкие,13.501577347577621,0.4412198041365124
23,чужие хапаксы,смысловые редкие,12.833908661581987,0.41940097221196476
23,чужие хапаксы,пунктуация,12.767528138856353,0.41723171446662893
23,чужие хапаксы,служебные,16.48728815457134,0.5387902363576328
23,чужие хапаксы,подслова,12.259935841478573,0.4006440396887328
23,чужие хапаксы,служебные,13.4840892990589,0.44064830992190906
23,чужие хапаксы,служебные,14.788743185521623,0.48328326415222356
23,чужие хапаксы,смысловые редкие,15.124582034358212,0.4942581856218026
23,чужие хапаксы,смысловые редкие,13.16565070127689,0.4302420135221709
23,чужие хапаксы,служебные,19.33182529017944,0.6317472357897932
24,исходный,служебные,14.731801745899448,0.45162941343289587
24,исходный,служебные,12.732817886647048,0.3903470310476401
24,исходный,служебные,19.80939606517817,0.6072920393370461
24,исходный,служебные,15.50028691342738,0.47518868414729626
24,исходный,служебные,20.147994360176867,0.6176723683692505
24,исходный,служебные,22.755946769244364,0.6976237576890197
24,исходный,смысловые редкие,14.850331062553165,0.45526313907475907
24,исходный,подслова,9.946080740147924,0.3049146796914741
24,исходный,подслова,14.586543605439108,0.44717626846773795
24,исходный,подслова,17.81308838972889,0.5460917000950589
24,исходный,подслова,10.94567652682306,0.3355590548054513
24,исходный,служебные,10.554984799553814,0.32358170955853954
24,исходный,смысловые частые,7.130242367011627,0.21859017881123635
24,исходный,смысловые редкие,9.011859187853295,0.2762744672478989
24,исходный,смысловые частые,23.331171013357213,0.7152582733064579
24,исходный,служебные,12.757463494443337,0.391102585703121
24,исходный,служебные,17.87440419793294,0.5479714445398324
24,исходный,служебные,18.610188276483086,0.570528205589197
24,исходный,смысловые частые,6.328589878440434,0.19401410526400684
24,исходный,служебные,12.425965608498778,0.38093993225680656
24,исходный,служебные,12.362135706157714,0.3789831138138895
24,исходный,пунктуация,8.070607262361833,0.24741872629139183
24,исходный,пунктуация,14.069322899469698,0.43131995380362487
24,исходный,подслова,16.924528419522183,0.5188513241338424
24,исходный,служебные,17.544097851423132,0.5378453198403257
24,исходный,служебные,21.818928758688173,0.668897814876129
24,исходный,подслова,13.155377553975018,0.40330134430730985
24,исходный,подслова,10.643751111063871,0.32630299768686016
24,исходный,подслова,14.838905310563687,0.45491286245835855
24,исходный,пунктуация,9.618309925373298,0.2948662861975629
24,исходный,смысловые частые,17.14963204218654,0.5257522734419486
24,исходный,смысловые частые,11.675176698436154,0.35792317158407433
24,исходный,служебные,14.860551745822766,0.45557647218021025
24,исходный,смысловые редкие,14.448746077701484,0.4429518417684058
24,исходный,служебные,15.8512472644785,0.4859479938513886
24,исходный,пунктуация,12.236053623816833,0.37511784479424226
24,исходный,служебные,15.046855137117113,0.46128793183613764
24,исходный,служебные,18.313148210724947,0.5614219175072414
24,исходный,служебные,13.229805845558264,0.40558307509966934
24,исходный,служебные,15.47791805031505,0.47450292712308195
24,исходный,подслова,13.19076946658145,0.40438634592533396
24,исходный,подслова,13.781218401546303,0.42248760134268165
24,исходный,пунктуация,15.824293213291156,0.4851216697847639
24,исходный,смысловые частые,18.566324576345796,0.5691834863548701
24,исходный,служебные,22.27198697492699,0.6827871150432212
24,исходный,служебные,13.559376461152182,0.4156866446679219
24,исходный,пунктуация,13.024574102925698,0.39929133338730505
24,исходный,служебные,7.392731257621319,0.22663723956751514
24,исходный,смысловые частые,12.662012867484938,0.38817637807362837
24,исходный,смысловые частые,5.928097464728804,0.18173630265651153
24,исходный,служебные,17.07117561194975,0.5233470529414934
24,исходный,служебные,24.246701797920373,0.7433254872388685
24,исходный,служебные,13.751063087931911,0.4215631369197645
24,исходный,служебные,18.845769575083793,0.5777503665670565
24,исходный,пунктуация,9.656820078613594,0.2960468829921109
24,исходный,служебные,15.20428518439855,0.4661142281125058
24,исходный,служебные,11.209650477478073,0.34365164270150217
24,исходный,служебные,12.114801014052336,0.3714006317900427
24,исходный,служебные,13.537109423805427,0.4150040092924762
24,исходный,служебные,15.894555047957157,0.4872756704782471
24,исходный,смысловые редкие,6.657448087027033,0.20409583473663562
24,исходный,служебные,15.74673696758161,0.4827440460316062
24,исходный,подслова,13.215120863013954,0.4051328810115901
24,исходный,смысловые редкие,21.06831208102598,0.6458863342919645
24,исходный,служебные,17.007260654224076,0.5213876269754693
24,исходный,служебные,11.945165629131134,0.3662001593216461
24,исходный,служебные,13.532221218403802,0.41485415271849063
24,исходный,служебные,13.68952232148007,0.41967649598240647
24,исходный,служебные,7.130292187510766,0.21859170614666965
24,исходный,служебные,13.950512080532533,0.4276775982118515
24,исходный,служебные,18.696881023792933,0.5731859249429977
24,исходный,смысловые частые,13.298056140459499,0.40767540848729766
24,исходный,смысловые частые,16.897809448880107,0.5180322068767174
24,исходный,смысловые частые,16.41858927458133,0.5033408656574391
24,исходный,служебные,13.34766962936942,0.40919639765625554
24,исходный,служебные,13.42538244140178,0.41157882122668976
24,исходный,служебные,14.324696068238953,0.43914886953349214
24,исходный,служебные,13.290564590691597,0.4074457417916864
24,исходный,подслова,11.907919434467255,0.3650583114106574
24,исходный,смысловые редкие,14.445016363072735,0.4428375007761016
24,перемешивание,служебные,15.79399187624926,0.5110869783706659
24,перемешивание,служебные,14.19480811320614,0.45933805993908083
24,перемешивание,служебные,10.86299559688386,0.35152199894531583
24,перемешивание,пунктуация,11.492934961146421,0.37190657358358953
24,перемешивание,служебные,14.980176649823163,0.4847522576562895
24,перемешивание,служебные,12.1076949241422,0.3917999491388383
24,перемешивание,служебные,11.977985487251146,0.38760260595376933
24,перемешивание,служебные,18.37327592445472,0.5945515325432771
24,перемешивание,служебные,17.99026368871838,0.5821574166177238
24,перемешивание,служебные,16.65701943422266,0.5390141895729542
24,перемешивание,служебные,17.962841631748255,0.5812700503111319
24,перемешивание,смысловые редкие,14.513250570275417,0.4696427248042826
24,перемешивание,смысловые редкие,12.410159366122832,0.4015875721114013
24,перемешивание,смысловые частые,16.832814005269558,0.5447028284448936
24,перемешивание,подслова,13.027471571446538,0.4215635371620526
24,перемешивание,подслова,10.03309403089176,0.3246667310034716
24,перемешивание,служебные,15.724907617083785,0.50885144060754
24,перемешивание,служебные,14.019822306851518,0.45367559235468086
24,перемешивание,служебные,16.87498144055142,0.5460673490330202
24,перемешивание,подслова,6.911742114708225,0.22366108709955837
24,перемешивание,смысловые редкие,13.696081890811094,0.4431994877506651
24,перемешивание,служебные,17.741362032244403,0.5741030630055737
24,перемешивание,пунктуация,20.18961377715606,0.6533274665890179
24,перемешивание,пунктуация,18.58969187360325,0.6015546622389351
24,перемешивание,служебные,20.333496227141502,0.6579834425563229
24,перемешивание,служебные,16.857270221421242,0.5454942213817319
24,перемешивание,служебные,19.185611324826628,0.6208383667048125
24,перемешивание,служебные,18.00223789865249,0.5825448970483553
24,перемешивание,пунктуация,9.955309799741789,0.32214966578178394
24,перемешивание,смысловые редкие,12.041140886608675,0.38964628829059333
24,перемешивание,служебные,25.774569989997257,0.8340543162365651
24,перемешивание,смысловые редкие,12.87006178749554,0.41646982231935503
24,перемешивание,смысловые редкие,13.403120567461908,0.43371938172660374
24,перемешивание,служебные,17.433350098907752,0.564135925530477
24,перемешивание,служебные,13.65897908499592,0.44199885645607345
24,перемешивание,пунктуация,10.822667032625143,0.3502169834552161
24,перемешивание,подслова,12.683070408419859,0.4104188594176412
24,перемешивание,подслова,14.083813643768417,0.4557463252816706
24,перемешивание,служебные,13.745100863669908,0.44478572123220306
24,перемешивание,смысловые редкие,12.964056445651538,0.419511450186226
24,перемешивание,служебные,12.011872484078898,0.38869917501309603
24,перемешивание,служебные,11.326873957090553,0.36653290887278633
24,перемешивание,смысловые частые,10.42533694931059,0.3373595479640422
24,перемешивание,служебные,12.635782896134717,0.40888865527686147
24,перемешивание,подслова,10.71437554320342,0.346712716101816
24,перемешивание,служебные,15.804722719523795,0.5114342239756733
24,перемешивание,служебные,16.98127701353341,0.5495070293643265
24,перемешивание,служебные,17.149998111776195,0.5549667736116284
24,перемешивание,смысловые редкие,13.23695451835019,0.4283423178016812
24,перемешивание,подслова,11.204709428281628,0.36257971576098535
24,перемешивание,подслова,12.303218354720654,0.39812700566248266
24,перемешивание,подслова,14.39492481817799,0.4658137529030211
24,перемешивание,служебные,18.587968212632607,0.6014988852900722
24,перемешивание,пунктуация,16.88197065144862,0.5462935169775547
24,перемешивание,пунктуация,8.996857122744178,0.29113453759657715
24,перемешивание,служебные,14.21634248959234,0.46003490336185543
24,перемешивание,смысловые редкие,12.249555049681353,0.3963904835319905
24,перемешивание,служебные,24.60169346555649,0.7961005219345844
24,перемешивание,пунктуация,13.225980525003887,0.4279872039619396
24,перемешивание,служебные,14.209711578174382,0.45982032983877136
24,перемешивание,служебные,24.101381194365196,0.7799106258697747
24,перемешивание,смысловые частые,14.733732688825915,0.4767774340429388
24,перемешивание,смысловые частые,14.497381291833253,0.4691292015840937
24,перемешивание,смысловые частые,15.130987158246507,0.4896324227000957
24,перемешивание,подслова,8.228457183021082,0.2662694365853601
24,перемешивание,пунктуация,8.757034300118418,0.28337397125460995
24,перемешивание,смысловые редкие,12.398780356662146,0.4012193521194144
24,перемешивание,служебные,17.897713776335685,0.5791625401204609
24,перемешивание,пунктуация,9.899670130057062,0.32034918931709283
24,перемешивание,служебные,12.575753109649423,0.4069461164666989
24,перемешивание,служебные,15.499115949791298,0.5015449165899275
24,перемешивание,подслова,18.976458843169258,0.614070279782485
24,чужие хапаксы,служебные,18.030088880420735,0.585263287819967
24,чужие хапаксы,служебные,19.079430443424062,0.6193252992322557
24,чужие хапаксы,служебные,14.08197071917162,0.4571059264736452
24,чужие хапаксы,служебные,13.90816305211314,0.4514640659511811
24,чужие хапаксы,пунктуация,13.826353832568062,0.448808508725563
24,чужие хапаксы,служебные,15.354861524301413,0.4984244281508639
24,чужие хапаксы,служебные,14.370605762315051,0.4664751256745224
24,чужие хапаксы,служебные,19.152456972841428,0.6216957671200375
24,чужие хапаксы,пунктуация,9.886720035918009,0.3209265529611683
24,чужие хапаксы,пунктуация,8.743619015971062,0.2838210752410331
24,чужие хапаксы,служебные,12.794405304051025,0.41531108158216645
24,чужие хапаксы,подслова,9.992371139850283,0.3243560264850819
24,чужие хапаксы,подслова,12.830535349137469,0.4164838760767814
24,чужие хапаксы,служебные,23.144732976811074,0.7512865082120199
24,чужие хапаксы,служебные,18.965964534282882,0.6156421542694174
24,чужие хапаксы,служебные,17.499904612201586,0.5680533123158905
24,чужие хапаксы,служебные,5.856807181068065,0.19011410590669817
24,чужие хапаксы,служебные,14.050631021925543,0.4560886284241919
24,чужие хапаксы,смысловые частые,20.742374294813846,0.6733050656315921
24,чужие хапаксы,служебные,12.051800311821204,0.3912058515865501
24,чужие хапаксы,служебные,19.708671524670418,0.6397506951625856
24,чужие хапаксы,смысловые редкие,13.028055102399996,0.4228954396009828
24,чужие хапаксы,служебные,12.40398935227207,0.4026380368140044
24,чужие хапаксы,служебные,11.815124076784636,0.38352325432454926
24,чужие хапаксы,пунктуация,7.268844637674283,0.23594935884744875
24,чужие хапаксы,служебные,12.384229384733622,0.40199662103144956
24,чужие хапаксы,пунктуация,10.540286918228734,0.3421415733023489
24,чужие хапаксы,пунктуация,13.796652285516734,0.44784438563133483
24,чужие хапаксы,пунктуация,11.149392570350033,0.3619133658295257
24,чужие хапаксы,пунктуация,9.538084898792661,0.30960972873712794
24,чужие хапаксы,служебные,10.439739841225094,0.33887777836167393
24,чужие хапаксы,служебные,17.36294721824252,0.5636076251530957
24,чужие хапаксы,служебные,17.306653064639807,0.5617802963117862
24,чужие хапаксы,служебные,19.39506183537455,0.6295708098016869
24,чужие хапаксы,смысловые частые,6.056874227086576,0.19660835548659764
24,чужие хапаксы,служебные,13.531524171137388,0.4392382299465636
24,чужие хапаксы,пунктуация,17.821516031466444,0.5784929367618796
24,чужие хапаксы,смысловые редкие,14.566374259305938,0.4728298427788224
24,чужие хапаксы,подслова,17.753545470542058,0.5762865874629157
24,чужие хапаксы,служебные,16.25725694698995,0.5277165140356929
24,чужие хапаксы,пунктуация,11.011375683902997,0.3574332871525768
24,чужие хапаксы,смысловые частые,13.331519446412106,0.43274600333866486
24,чужие хапаксы,смысловые частые,13.356320872962621,0.43355106672697363
24,чужие хапаксы,служебные,15.03287037424672,0.48797247750437633
24,чужие хапаксы,служебные,13.18218293702426,0.4278984855557216
24,чужие хапаксы,смысловые редкие,13.560370240553176,0.44017458392345943
24,чужие хапаксы,смысловые редкие,13.547810568517269,0.4397668923697224
24,чужие хапаксы,служебные,14.119129084905614,0.45831210063305877
24,чужие хапаксы,смысловые редкие,7.4398665354857325,0.24150079227998344
24,чужие хапаксы,служебные,16.211475633500534,0.5262304358343464
24,чужие хапаксы,служебные,8.742835691447398,0.28379564824013537
24,чужие хапаксы,служебные,8.011074202690006,0.260042402338211
24,чужие хапаксы,подслова,11.6046902391839,0.3766924948934895
24,чужие хапаксы,смысловые частые,15.443197106990322,0.5012918335141368
24,чужие хапаксы,служебные,13.043322748289762,0.4233910329776976
24,чужие хапаксы,служебные,17.88376162073638,0.5805134513844101
24,чужие хапаксы,служебные,15.827693677935752,0.5137727330127183
24,чужие хапаксы,служебные,14.993698967392103,0.48670095929299567
24,чужие хапаксы,служебные,13.595180423949891,0.4413045352242819
24,чужие хапаксы,служебные,13.987053052014275,0.45402486423811544
24,чужие хапаксы,смысловые частые,17.19133899983143,0.5580371595391814
24,чужие хапаксы,смысловые частые,6.700322488858618,0.21749492169957355
24,чужие хапаксы,служебные,11.656056754553004,0.37835987079319583
24,чужие хапаксы,служебные,11.313146082498887,0.3672288648017121
24,чужие хапаксы,смысловые редкие,11.17843044637096,0.36285594591906545
24,чужие хапаксы,смысловые частые,10.382125199342537,0.3370075859872274
25,исходный,смысловые частые,14.45145170251069,0.41184834523623376
25,исходный,пунктуация,10.977797612738398,0.31285353708507413
25,исходный,смысловые частые,16.975643454914454,0.4837846612331816
25,исходный,смысловые частые,7.140862462279268,0.20350567189995966
25,исходный,пунктуация,17.708950796386983,0.5046830056592003
25,исходный,пунктуация,19.903945607293466,0.5672376194989227
25,исходный,пунктуация,17.3231250479514,0.4936874531490591
25,исходный,служебные,13.286552386354524,0.378650167945686
25,исходный,пунктуация,12.65362243776023,0.3606124539952095
25,исходный,служебные,15.338486165201097,0.4371277208413217
25,исходный,служебные,17.1183993385863,0.4878530258288832
25,исходный,смысловые частые,11.185578306047146,0.31877502763653054
25,исходный,смысловые частые,17.63300980369193,0.5025187821043016
25,исходный,пунктуация,10.67465018873555,0.3042142136794879
25,исходный,пунктуация,5.819654578617652,0.1658528954315189
25,исходный,служебные,6.814983648786961,0.19421853225148844
25,исходный,подслова,16.232159568260528,0.4625962979648031
25,исходный,подслова,16.269049217728625,0.46364760695455265
25,исходный,подслова,5.309035791379589,0.15130089699568056
25,исходный,пунктуация,18.535559856883907,0.5282403326828785
25,исходный,служебные,14.569522882979188,0.4152132265849768
25,исходный,пунктуация,6.451414566238252,0.18385726695377946
25,исходный,пунктуация,18.65516827714696,0.5316490234480492
25,исходный,служебные,5.677274055585878,0.16179522814579436
25,исходный,служебные,5.127810422871841,0.14613620007310246
25,исходный,пунктуация,4.473715104359958,0.12749529948391913
25,исходный,служебные,21.914924771148865,0.6245480169584736
25,исходный,пунктуация,7.434286716211694,0.21186789708826037
25,исходный,подслова,5.699342338560806,0.16242414668024513
25,исходный,подслова,4.552700083781854,0.1297462728631385
25,исходный,смысловые частые,6.988638407059789,0.19916747622675962
25,исходный,пунктуация,3.9464868569948015,0.11246995215487429
25,исходный,подслова,4.530909883168629,0.1291252793290866
25,исходный,пунктуация,12.480712155741505,0.35568472666444106
25,исходный,смысловые редкие,6.238091765937724,0.1777778332668739
25,исходный,смысловые редкие,12.479869287313845,0.3556607059657369
25,исходный,пунктуация,4.16390766294227,0.11866617389042744
25,исходный,служебные,16.499869126433477,0.47022568640321843
25,исходный,пунктуация,18.41452794324693,0.5247910741323688
25,исходный,смысловые частые,17.304407330201062,0.493154021543656
25,исходный,смысловые частые,5.920178779959874,0.16871770976514017
25,исходный,пунктуация,11.112793792323792,0.31670075979459605
25,исходный,пунктуация,15.748783688264272,0.4488206883996423
25,исходный,служебные,14.859539573789942,0.4234783404752683
25,исходный,смысловые частые,22.640176410365026,0.6452167839197297
25,исходный,служебные,14.541238682402444,0.4144071621532742
25,исходный,подслова,3.82820749617262,0.10909913792575765
25,исходный,смысловые частые,13.654027795629395,0.3891227586819212
25,исходный,пунктуация,16.499936688382594,0.47022761183448425
25,исходный,служебные,13.158925894085273,0.37501297213093865
25,исходный,смысловые частые,11.02702294876852,0.31425639775298764
25,исходный,служебные,15.069010239554707,0.4294479931334689
25,исходный,служебные,10.138124909283727,0.2889239125340845
25,исходный,пунктуация,7.198899946929494,0.20515966781033013
25,исходный,пунктуация,3.691492744044226,0.10520293804269132
25,исходный,подслова,6.7568077938444295,0.19256059296040517
25,исходный,служебные,19.109344399276853,0.5445924763409173
25,исходный,служебные,19.31656800108584,0.5504980904796061
25,исходный,служебные,5.489878362505435,0.1564546846704168
25,исходный,пунктуация,6.901528262004302,0.19668494576318288
25,исходный,пунктуация,10.726532573338906,0.3056927969170522
25,исходный,пунктуация,9.873651345915796,0.28138674591068646
25,исходный,пунктуация,7.279969330681745,0.20747004411265588
25,исходный,пунктуация,16.920060815813105,0.48220062535851743
25,исходный,служебные,15.836938232154981,0.45133298292712815
25,исходный,служебные,15.334827416634527,0.43702345107148843
25,исходный,смысловые частые,16.108082958658,0.4590602693775543
25,исходный,смысловые частые,17.854422923481092,0.5088287798039041
25,исходный,служебные,6.8559242204225335,0.19538528746945777
25,исходный,служебные,8.852235015406357,0.25227765471505975
25,исходный,служебные,11.012261927122024,0.3138357270505384
25,исходный,пунктуация,12.00597874700168,0.3421554167485462
25,исходный,смысловые редкие,15.217226278518725,0.4336719653434161
25,исходный,смысловые редкие,15.027286001257224,0.42825890439326464
25,исходный,пунктуация,23.86507819519336,0.6801249567139421
25,исходный,смысловые частые,19.504638726854157,0.5558578715444801
25,исходный,пунктуация,13.58544903294445,0.38716834949787804
25,исходный,служебные,13.23108754241117,0.37706948908607446
25,исходный,пунктуация,5.309011978532283,0.151300218359239
25,исходный,пунктуация,11.916318239505552,0.33960020413700587
25,исходный,служебные,5.354176590724213,0.15258735346354493
25,исходный,пунктуация,8.428659043266949,0.24020626792302302
25,исходный,служебные,13.281692528238812,0.37851166805209463
25,исходный,пунктуация,16.2107592129571,0.46198641453574574
25,исходный,пунктуация,16.480998435875733,0.4696878952636389
25,исходный,служебные,17.9917166005675,0.512741478326061
25,исходный,пунктуация,9.806614062011382,0.27947626694888306
25,исходный,пунктуация,19.718083768840444,0.5619407889669324
25,исходный,служебные,10.870630388998011,0.30979940490032126
25,исходный,смысловые редкие,7.462841502083139,0.21268167286330492
25,исходный,пунктуация,18.294574237638148,0.5213725431655907
25,исходный,пунктуация,19.564579031705836,0.5575660954568107
25,исходный,пунктуация,8.279701012238476,0.235961149864879
25,исходный,пунктуация,15.817027963479108,0.4507655651080627
25,исходный,служебные,15.441336872178283,0.4400588376832077
25,исходный,служебные,20.08901214785909,0.5725117850332617
25,исходный,пунктуация,14.466333121937422,0.4122724471252226
25,исходный,служебные,21.46647598764925,0.611767786071674
25,исходный,смысловые частые,4.959987267071824,0.14135344949334228
25,исходный,пунктуация,18.786096682440633,0.5353803196648335
25,перемешивание,подслова,15.012369790841959,0.4671718133205369
25,перемешивание,подслова,10.613478769467783,0.33028217339783505
25,перемешивание,подслова,13.919729726441853,0.4331698104852579
25,перемешивание,подслова,18.083487264266264,0.5627423021220622
25,перемешивание,смысловые частые,15.853173044685851,0.4933368749474947
25,перемешивание,смысловые частые,16.74998284889425,0.5212448114207392
25,перемешивание,смысловые редкие,15.557485450614202,0.48413533572194833
25,перемешивание,пунктуация,11.436662646133112,0.35589893542248024
25,перемешивание,служебные,23.515594852482554,0.7317847376266386
25,перемешивание,смысловые частые,16.976231522434016,0.5282854721925927
25,перемешивание,смысловые частые,17.554784356907565,0.5462895302159719
25,перемешивание,пунктуация,11.825671074124257,0.3680045373516613
25,перемешивание,пунктуация,18.342943987812767,0.5708163683558535
25,перемешивание,смысловые редкие,14.986742818709466,0.46637432436923526
25,перемешивание,смысловые редкие,16.20940659624581,0.5044225513974182
25,перемешивание,служебные,13.164379333082142,0.4096639671124478
25,перемешивание,служебные,18.23259480631523,0.567382398373973
25,перемешивание,смысловые частые,15.387756723138946,0.47885352622138744
25,перемешивание,смысловые частые,14.008599866764374,0.4359353714981401
25,перемешивание,служебные,22.20831915264387,0.6911034616047761
25,перемешивание,подслова,10.119060867348402,0.3148963208582746
25,перемешивание,подслова,12.19715997263336,0.379564946851487
25,перемешивание,пунктуация,19.49320788208913,0.6066115743608405
25,перемешивание,смысловые частые,17.85734211339621,0.5557048628851166
25,перемешивание,служебные,13.570788172579016,0.42231105462377944
25,перемешивание,смысловые частые,14.178530178018931,0.44122345410954383
25,перемешивание,служебные,12.310612543142463,0.38309549158420114
25,перемешивание,смысловые частые,18.48963019953604,0.5753811149264907
25,перемешивание,смысловые частые,13.459756746476227,0.41885585378669055
25,перемешивание,смысловые частые,11.281673530134661,0.35107580973514785
25,перемешивание,смысловые частые,13.250269945423943,0.41233680782140825
25,перемешивание,смысловые частые,10.148596373104882,0.31581543995631406
25,перемешивание,смысловые частые,12.229434547170126,0.3805693033735124
25,перемешивание,пунктуация,11.327106363324111,0.35248963975406683
25,перемешивание,пунктуация,12.36137099297474,0.38467505013357484
25,перемешивание,служебные,13.151291962719268,0.4092566995971118
25,перемешивание,смысловые редкие,14.659429084896484,0.456188607345171
25,перемешивание,пунктуация,11.796112012738412,0.36708468522304516
25,перемешивание,смысловые частые,14.379388627741777,0.4474739933305412
25,перемешивание,смысловые частые,13.997891161569394,0.43560212596169545
25,перемешивание,смысловые редкие,17.056578345762063,0.5307857950377978
25,перемешивание,смысловые частые,15.911372824414634,0.4951480011727052
25,перемешивание,смысловые частые,14.946018706846402,0.4651070256382553
25,перемешивание,смысловые частые,15.691376402669482,0.48830190500650167
25,перемешивание,пунктуация,13.326042847998695,0.4146947942545696
25,перемешивание,пунктуация,12.939634091836359,0.40267009183820535
25,перемешивание,служебные,12.723567180972301,0.3959462786126275
25,перемешивание,служебные,12.120709662670167,0.37718588009307225
25,перемешивание,смысловые частые,14.355001358259898,0.4467150828410903
25,перемешивание,служебные,14.072523300298982,0.4379246128220685
25,перемешивание,служебные,16.04149118065327,0.499197170576151
25,перемешивание,служебные,16.07753460259853,0.5003188103321018
25,перемешивание,служебные,14.259322898089401,0.44373765287125067
25,перемешивание,служебные,14.050550479672696,0.43724083786856244
25,перемешивание,служебные,13.428125557607975,0.4178715188637605
25,перемешивание,смысловые частые,12.541798266489046,0.39028978902653627
25,перемешивание,служебные,13.247311661801627,0.412244748623333
25,перемешивание,служебные,12.612329568499284,0.39248466143609295
25,перемешивание,смысловые частые,10.324194161844526,0.321279889508484
25,перемешивание,смысловые частые,9.871662552910967,0.3071975017658561
25,перемешивание,служебные,12.362577187778559,0.38471258586054996
25,перемешивание,служебные,15.999212247926504,0.49788148718023106
25,перемешивание,служебные,12.23859913083247,0.3808544971988389
25,перемешивание,служебные,11.010877734264714,0.3426488814913928
25,перемешивание,пунктуация,10.050521623011848,0.3127634395406388
25,перемешивание,служебные,14.698343883835422,0.45739960184094997
25,перемешивание,пунктуация,12.640448787916132,0.3933597069423754
25,перемешивание,пунктуация,17.570564078658894,0.5467805813509339
25,перемешивание,пунктуация,15.032129510744927,0.4677867185158117
25,перемешивание,служебные,13.660389089440471,0.4250993567631848
25,перемешивание,смысловые частые,16.80958972092921,0.5230997251274296
25,перемешивание,служебные,10.840576513092879,0.33734925648787856
25,перемешивание,смысловые частые,17.60176581504192,0.5477515520882588
25,перемешивание,служебные,13.420925456180827,0.4176474580068354
25,перемешивание,служебные,12.548741810360129,0.39050586603678306
25,перемешивание,служебные,9.768329343580657,0.3039818626994296
25,перемешивание,служебные,11.285514542440339,0.3511953386775354
25,перемешивание,служебные,12.866070929077308,0.4003808705747707
25,перемешивание,смысловые редкие,17.63278880798461,0.5487169604861061
25,перемешивание,пунктуация,15.815656845471445,0.49216940365148515
25,перемешивание,пунктуация,10.457704272894789,0.3254346073541653
25,перемешивание,пунктуация,15.753365671256285,0.4902309568094873
25,перемешивание,служебные,13.71229301578873,0.42671456153953946
25,перемешивание,смысловые частые,14.085277068679758,0.4383214989355955
25,перемешивание,пунктуация,14.919889559595486,0.46429390943662957
25,перемешивание,служебные,15.308990930203127,0.4764024036587189
25,перемешивание,служебные,17.67862776760807,0.5501434288043247
25,перемешивание,пунктуация,19.9848435653427,0.6219108466835062
25,перемешивание,пунктуация,18.541072437917183,0.5769819523772471
25,перемешивание,служебные,17.681512432035554,0.5502331970374674
25,перемешивание,служебные,19.038482864779944,0.5924609296686123
25,перемешивание,пунктуация,10.499779599599059,0.3267439547088034
25,перемешивание,служебные,16.462094142627926,0.5122859667603188
25,перемешивание,подслова,8.402754953538267,0.26148638244491546
25,перемешивание,служебные,15.146660838282825,0.4713508332234396
25,перемешивание,служебные,16.802702705952186,0.5228854072469079
25,чужие хапаксы,служебные,13.173419566932992,0.39758303466982636
25,чужие хапаксы,служебные,11.084050063662682,0.33452439879809276
25,чужие хапаксы,служебные,16.22107582378728,0.4895634363471652
25,чужие хапаксы,подслова,9.59888704560493,0.28970113808748954
25,чужие хапаксы,смысловые частые,15.332954024162301,0.4627592980247467
25,чужие хапаксы,смысловые частые,9.268389681100286,0.2797264960089842
25,чужие хапаксы,смысловые частые,13.636342964054975,0.41155438721897114
25,чужие хапаксы,смысловые частые,7.864313280814538,0.23735048624951813
25,чужие хапаксы,пунктуация,10.51266903636265,0.3172797189613601
25,чужие хапаксы,служебные,12.284373120576086,0.3707509898610313
25,чужие хапаксы,служебные,11.718954497080736,0.3536862595496703
25,чужие хапаксы,служебные,11.385932781064943,0.34363543077345315
25,чужие хапаксы,служебные,16.326816488813577,0.4927547637223813
25,чужие хапаксы,служебные,16.44242337380095,0.49624386053042485
25,чужие хапаксы,служебные,13.898207560758319,0.4194576442663093
25,чужие хапаксы,смысловые частые,14.487379516080654,0.43723926677891756
25,чужие хапаксы,смысловые частые,8.85882868694728,0.2673656581786551
25,чужие хапаксы,смысловые частые,4.890512966751778,0.14759910868503487
25,чужие хапаксы,служебные,9.388952284613218,0.28336515987517474
25,чужие хапаксы,смысловые частые,15.07861061671361,0.4550830357400817
25,чужие хапаксы,смысловые частые,9.250334112416828,0.2791815662924907
25,чужие хапаксы,служебные,12.693638880601227,0.38310291731847673
25,чужие хапаксы,служебные,5.999931886448583,0.18108214917972615
25,чужие хапаксы,пунктуация,13.28130155663932,0.40083898872455986
25,чужие хапаксы,подслова,5.6331355416750215,0.1700119784378081
25,чужие хапаксы,смысловые частые,16.639036318237338,0.5021777769829613
25,чужие хапаксы,пунктуация,13.796254780548724,0.41638063790947055
25,чужие хапаксы,смысловые частые,11.383903439921745,0.34357418383555727
25,чужие хапаксы,смысловые редкие,13.507486972005212,0.4076654230746018
25,чужие хапаксы,пунктуация,9.73017691851245,0.29366355846184805
25,чужие хапаксы,служебные,12.960766056355713,0.3911650026896766
25,чужие хапаксы,служебные,12.753401718827618,0.3849066016588869
25,чужие хапаксы,пунктуация,12.913006587863205,0.3897235884599854
25,чужие хапаксы,смысловые частые,9.736563379798117,0.293856306339182
25,чужие хапаксы,смысловые частые,14.074329146488418,0.4247731171524232
25,чужие хапаксы,служебные,11.676244216375268,0.3523972333459423
25,чужие хапаксы,служебные,12.59904366158818,0.3802479673148445
25,чужие хапаксы,служебные,12.452957108210398,0.37583897275414696
25,чужие хапаксы,служебные,11.737109680186888,0.3542341956992521
25,чужие хапаксы,служебные,11.712370727064725,0.35348755675657745
25,чужие хапаксы,служебные,11.047555426973702,0.3334229650868035
25,чужие хапаксы,смысловые частые,10.983461282812641,0.3314885588978376
25,чужие хапаксы,служебные,5.703988371364153,0.17215036649260437
25,чужие хапаксы,пунктуация,10.20323675621902,0.3079408358916128
25,чужие хапаксы,служебные,16.530425439022693,0.4988998245320496
25,чужие хапаксы,пунктуация,7.822515823067901,0.2360890096824083
25,чужие хапаксы,смысловые редкие,6.368299493609632,0.19219974172166399
25,чужие хапаксы,служебные,8.28023378903083,0.2499032586711248
25,чужие хапаксы,смысловые редкие,13.40302449192458,0.40451267221681797
25,чужие хапаксы,смысловые редкие,24.734533794148614,0.746505564258022
25,чужие хапаксы,пунктуация,7.819869136865109,0.2360091308379687
25,чужие хапаксы,пунктуация,17.970731066931155,0.5423692577711822
25,чужие хапаксы,пунктуация,7.774985771254624,0.23465451940887516
25,чужие хапаксы,служебные,6.479594691972452,0.19555870880568077
25,чужие хапаксы,смысловые частые,11.32464669045004,0.3417857736084384
25,чужие хапаксы,смысловые частые,14.872261171600233,0.4488552648736208
25,чужие хапаксы,смысловые частые,10.561284780357665,0.3187469761858083
25,чужие хапаксы,служебные,8.740142249676454,0.26378361832449815
25,чужие хапаксы,служебные,14.62808657828855,0.4414859045260758
25,чужие хапаксы,служебные,15.340167811819173,0.462977015191767
25,чужие хапаксы,смысловые редкие,8.252155041651813,0.2490558223971979
25,чужие хапаксы,смысловые частые,18.15635536044595,0.5479715290378854
25,чужие хапаксы,смысловые частые,16.764039307198765,0.5059504547938795
25,чужие хапаксы,служебные,19.428603345464886,0.5863688648371705
25,чужие хапаксы,смысловые редкие,14.769145938097136,0.44574317486171866
25,чужие хапаксы,смысловые редкие,15.849663554604444,0.47835395377166273
25,чужие хапаксы,служебные,14.977672706826947,0.45203665888082617
25,чужие хапаксы,служебные,14.714873152541275,0.4441051841584204
25,чужие хапаксы,смысловые редкие,12.917506877304774,0.3898594103492056
25,чужие хапаксы,смысловые редкие,16.116377388324402,0.48640356419058395
25,чужие хапаксы,служебные,12.286913917526833,0.37082767289363533
25,чужие хапаксы,пунктуация,12.425468184797472,0.37500933778087464
25,чужие хапаксы,пунктуация,10.136766525316606,0.30593471773959385
25,чужие хапаксы,пунктуация,13.044693573236069,0.3936979939668506
25,чужие хапаксы,служебные,9.903774152721272,0.29890284464994454
25,чужие хапаксы,смысловые частые,14.20493999800068,0.4287150441852039
25,чужие хапаксы,служебные,4.8120315888717995,0.14523048569963215
25,чужие хапаксы,пунктуация,9.077519412564829,0.2739658975396955
25,чужие хапаксы,служебные,10.008943178146646,0.30207691954139076
25,чужие хапаксы,смысловые частые,14.247339568044579,0.42999469292341486
25,чужие хапаксы,смысловые частые,23.357420735209832,0.7049433270367413
25,чужие хапаксы,смысловые редкие,11.587129277471494,0.34970768203667446
25,чужие хапаксы,пунктуация,10.735648656130016,0.3240094001535665
25,чужие хапаксы,пунктуация,7.496597822251716,0.22625257600931079
25,чужие хапаксы,служебные,8.680976473694402,0.26199795374105267
25,чужие хапаксы,служебные,20.509173875386747,0.6189812407110484
25,чужие хапаксы,смысловые редкие,7.9660877739392255,0.24042211177718797
25,чужие хапаксы,служебные,7.24411217717494,0.21863238229497936
25,чужие хапаксы,пунктуация,16.298312690057518,0.4918944991000126
25,чужие хапаксы,смысловые редкие,14.48310418101717,0.43711023417047945
25,чужие хапаксы,смысловые редкие,12.341082604192792,0.3724625218194822
25,чужие хапаксы,служебные,12.53216707755601,0.37822958514059085
25,чужие хапаксы,служебные,16.378012893220625,0.494299907086632
26,исходный,пунктуация,11.221324917863337,0.3281628704637324
26,исходный,пунктуация,16.644379565691644,0.4867577951218704
26,исходный,пунктуация,16.294534805767597,0.4765267340418539
26,исходный,служебные,10.335188523890388,0.30224818883771326
26,исходный,служебные,12.306191293705783,0.3598893258129847
26,исходный,подслова,18.241538334187595,0.5334660234186543
26,исходный,смысловые частые,13.909206996548708,0.4067688376615318
26,исходный,служебные,17.203764528720722,0.5031167702433951
26,исходный,служебные,13.19144446047431,0.3857781778353878
26,исходный,смысловые редкие,18.248151697914484,0.5336594284256319
26,исходный,пунктуация,12.047268487262873,0.35231723855833547
26,исходный,подслова,13.81354573778337,0.4039712648705833
26,исходный,подслова,19.075542533212023,0.5578561211953414
26,исходный,служебные,19.87501942683417,0.5812364826233241
26,исходный,смысловые редкие,9.640725569765051,0.28193891536736726
26,исходный,смысловые редкие,14.426102887422363,0.42188523795486776
26,исходный,смысловые редкие,6.67880868140906,0.1953189168134901
26,исходный,смысловые редкие,10.000051542665446,0.2924472504848589
26,исходный,смысловые редкие,9.001068216447896,0.26323240836268813
26,исходный,служебные,20.24202012807414,0.5919692619040834
26,исходный,служебные,13.2000280122143,0.3860292001521274
26,исходный,служебные,10.13108118620902,0.29627915663282617
26,исходный,подслова,11.81772772945474,0.3456044168084881
26,исходный,подслова,6.262924688239049,0.18315656646916223
26,исходный,смысловые редкие,14.681345828420815,0.4293497091110604
26,исходный,подслова,15.570095292062284,0.4553408088471887
26,исходный,подслова,5.284400705331103,0.15454004913282796
26,исходный,пунктуация,15.881238752720442,0.4644400669047695
26,исходный,подслова,11.954944226170356,0.34961725484381595
26,исходный,подслова,14.311306346383976,0.4185280619794627
26,исходный,служебные,16.216333347212483,0.4742397656756636
26,исходный,смысловые редкие,8.063683284775149,0.23581898506741544
26,исходный,подслова,17.899377460444175,0.5234596743190687
26,исходный,служебные,19.625014971892238,0.5739252087619049
26,исходный,пунктуация,12.085726881311862,0.3534419379211042
26,исходный,служебные,17.416448325632327,0.5093366173475932
26,исходный,служебные,19.164664345855066,0.5604624506681931
26,исходный,служебные,18.316557187138557,0.5356599178387415
26,исходный,служебные,13.623313408667157,0.39840800138478943
26,исходный,пунктуация,6.539526995007519,0.1912456831849194
26,исходный,служебные,15.641423088155031,0.4574267598806879
26,исходный,пунктуация,13.920896269570031,0.4071106854750824
26,исходный,служебные,14.31467846899864,0.41862667826986366
26,исходный,служебные,16.657731704466865,0.48714827273653527
26,исходный,служебные,13.069658149284592,0.38221658900735334
26,исходный,служебные,6.983683722475048,0.2042348576084754
26,исходный,пунктуация,15.824464136559929,0.46277971742330576
26,исходный,пунктуация,11.675783245186567,0.3414533107898231
26,исходный,смысловые редкие,16.43902176630843,0.48075219369681665
26,исходный,смысловые частые,13.311671255762583,0.3892941592847484
26,исходный,пунктуация,7.334534003052961,0.21449532471197827
26,исходный,пунктуация,9.031360178046311,0.2641182838847745
26,исходный,служебные,18.596242800641434,0.5438392045474263
26,исходный,смысловые редкие,17.20914778510021,0.5032742012846372
26,исходный,смысловые редкие,19.16975127680625,0.560611215798426
26,исходный,служебные,28.574758588285594,0.8356566510441538
26,исходный,служебные,19.477529272390303,0.5696120522625454
26,исходный,служебные,9.016253973923796,0.2636765093757088
26,исходный,смысловые частые,16.570754882301195,0.48460467259710227
26,исходный,служебные,20.02848335458931,0.5857244698631013
26,исходный,служебные,9.092327392544309,0.26590124411988825
26,исходный,служебные,18.994701033747184,0.5554919459565743
26,исходный,пунктуация,14.300140674899914,0.4182015266699796
26,исходный,смысловые частые,12.674331683292747,0.37065543479430263
26,исходный,служебные,23.13843506040655,0.6766736836373064
26,исходный,служебные,11.384495503721434,0.33293472478774366
26,исходный,служебные,13.217946554848622,0.38655322030379813
26,исходный,пунктуация,18.450180103216304,0.5395676631380512
26,исходный,смысловые редкие,15.266925764654891,0.44647474507313595
26,исходный,подслова,18.676454374374245,0.5461849578763108
26,исходный,подслова,11.602739227916677,0.3393171695985694
26,исходный,смысловые редкие,15.915162322303297,0.4654321472564367
26,исходный,подслова,13.447420498831816,0.3932640881117769
26,исходный,подслова,14.672648854494382,0.4290953698107606
26,исходный,служебные,16.459445849683856,0.48134948732088784
26,исходный,смысловые частые,14.790522036521857,0.432542520842209
26,исходный,смысловые редкие,14.803395964147654,0.4329190133753767
26,исходный,смысловые редкие,10.66450609131743,0.3118789409112901
26,исходный,служебные,19.508799336461863,0.5705265319750946
26,исходный,служебные,15.27406947871431,0.4466836599498257
26,исходный,служебные,12.631654850218066,0.3694073689779573
26,исходный,пунктуация,9.106197542247846,0.2663068707436418
26,исходный,смысловые редкие,17.28539279200876,0.5055039540552575
26,исходный,смысловые редкие,13.88324581726362,0.406009614024646
26,исходный,служебные,6.998084689026493,0.2046560077449848
26,исходный,служебные,10.743437231717168,0.31418724851241125
26,исходный,подслова,19.1023802034663,0.5586409774375114
26,исходный,служебные,13.091610309956273,0.3828585706014726
26,исходный,служебные,18.462867353951836,0.5399386963850288
26,перемешивание,служебные,17.270071244820187,0.5328462498655212
26,перемешивание,пунктуация,11.652336515616737,0.35951813553633655
26,перемешивание,пунктуация,11.681150044668097,0.36040714060659723
26,перемешивание,служебные,11.315953275893836,0.34913945525974405
26,перемешивание,служебные,10.759704192450128,0.33197709189120783
26,перемешивание,служебные,11.61949283375299,0.3585047851879341
26,перемешивание,смысловые редкие,12.113123046947647,0.3737351223528709
26,перемешивание,служебные,11.54485440525426,0.3562019106857034
26,перемешивание,служебные,13.017955262906263,0.40165257829131495
26,перемешивание,служебные,12.523521005604684,0.38639743336032867
26,перемешивание,служебные,10.98276796626425,0.33885944307973315
26,перемешивание,подслова,12.99403076857392,0.40091441821633894
26,перемешивание,служебные,20.478407585445908,0.63183541807306
26,перемешивание,служебные,18.556403839251487,0.5725344184495438
26,перемешивание,пунктуация,9.599084004753271,0.29616762094197974
26,перемешивание,пунктуация,12.763885937239117,0.39381358993576865
26,перемешивание,служебные,15.025275380029667,0.46358590685298073
26,перемешивание,служебные,15.833074851311535,0.4885095399297692
26,перемешивание,смысловые редкие,22.21455348686011,0.6854020084868325
26,перемешивание,служебные,15.138829780109125,0.46708948453834875
26,перемешивание,служебные,15.662588991140634,0.4832494139025295
26,перемешивание,подслова,12.643321405495845,0.3900937234861463
26,перемешивание,служебные,13.474606587441729,0.41574197852166006
26,перемешивание,пунктуация,11.012506963894003,0.33977700231484786
26,перемешивание,подслова,16.05660039642282,0.49540613848881787
26,перемешивание,служебные,16.279448942812298,0.5022818491068173
26,перемешивание,служебные,14.624522552439682,0.4512211841904512
26,перемешивание,служебные,13.462519533685477,0.4153690477343668
26,перемешивание,служебные,12.495065605433544,0.38551947790463464
26,перемешивание,служебные,13.155045761561817,0.4058823325908356
26,перемешивание,служебные,9.19752746742309,0.283778100829864
26,перемешивание,служебные,15.435656084667555,0.47624768550945584
26,перемешивание,смысловые частые,14.713478674965048,0.4539658130699896
26,перемешивание,служебные,15.329736773517643,0.4729796788559513
26,перемешивание,служебные,12.776663308852246,0.3942078196092123
26,перемешивание,подслова,16.239422004352292,0.5010468684428893
26,перемешивание,подслова,22.622064439805417,0.6979752445770518
26,перемешивание,смысловые редкие,20.396288925042622,0.6293017504570104
26,перемешивание,смысловые редкие,19.194291504830417,0.5922156372251265
26,перемешивание,подслова,13.680992432924874,0.42210975328252004
26,перемешивание,смысловые редкие,16.299303085897883,0.5028944236316977
26,перемешивание,смысловые редкие,18.78617944282939,0.5796238546737166
26,перемешивание,служебные,18.553630083350114,0.5724488377122593
26,перемешивание,служебные,16.62419819968503,0.5129186522829279
26,перемешивание,смысловые редкие,16.147428016932725,0.4982085100764526
26,перемешивание,смысловые редкие,7.856401405260318,0.24239934895964918
26,перемешивание,пунктуация,10.601984508615411,0.3271108501212724
26,перемешивание,смысловые редкие,12.21989678389739,0.3770294912359675
26,перемешивание,смысловые редкие,13.820993292464173,0.4264293030936327
26,перемешивание,пунктуация,11.279977531175875,0.3480294690652844
26,перемешивание,пунктуация,12.38499362873844,0.382123345997254
26,перемешивание,подслова,20.389085602709248,0.6290795010384932
26,перемешивание,служебные,17.653384366277134,0.5446728924078235
26,перемешивание,пунктуация,11.555890802905758,0.3565424248050293
26,перемешивание,пунктуация,14.850710872590161,0.4581999393123627
26,перемешивание,служебные,11.710873459743295,0.36132421906165957
26,перемешивание,пунктуация,12.201487745711166,0.3764615035987363
26,перемешивание,служебные,19.194330141267795,0.5922168293036346
26,перемешивание,подслова,8.245779383882853,0.2544131150146945
26,перемешивание,смысловые частые,11.050816808544113,0.34095900421659825
26,перемешивание,смысловые редкие,10.764696453938647,0.332131121818172
26,перемешивание,подслова,16.470033431222067,0.5081620929397512
26,перемешивание,служебные,18.654595956036413,0.5755640122742305
26,перемешивание,пунктуация,15.16916260146467,0.4680253654549947
26,перемешивание,служебные,13.148869952463375,0.4056917857962486
26,перемешивание,служебные,13.895864362067496,0.4287393554435045
26,перемешивание,служебные,12.259949034175689,0.37826525286410023
26,перемешивание,служебные,16.893073510631357,0.5212144606260548
26,перемешивание,смысловые редкие,22.773533943577323,0.7026486449301661
26,перемешивание,служебные,12.446681976696514,0.38402666211007647
26,перемешивание,пунктуация,16.091806426897563,0.4964923761218412
26,перемешивание,смысловые редкие,18.154427572082774,0.5601319481030459
26,перемешивание,смысловые редкие,8.272813252775977,0.25524721091707114
26,перемешивание,служебные,13.510353736774663,0.41684491169404925
26,перемешивание,служебные,14.035022620970867,0.43303290787553145
26,перемешивание,служебные,11.627850668808895,0.3587626556392717
26,перемешивание,пунктуация,11.645383540186156,0.35930361025551566
26,перемешивание,служебные,14.29433592163852,0.4410336924607399
26,перемешивание,пунктуация,12.374859583157107,0.3818106728120985
26,перемешивание,служебные,15.287165857338001,0.4716662069705087
26,чужие хапаксы,подслова,13.24861268586172,0.41574043264735483
26,чужие хапаксы,смысловые редкие,14.333846199411951,0.44979497565080867
26,чужие хапаксы,служебные,13.900216150347912,0.4361876985357368
26,чужие хапаксы,служебные,11.85418664162161,0.37198345214887807
26,чужие хапаксы,служебные,17.889636075218853,0.5613753845904255
26,чужие хапаксы,смысловые частые,13.55718177836099,0.42542330670058665
26,чужие хапаксы,служебные,16.24052241161795,0.5096263264628716
26,чужие хапаксы,пунктуация,9.216159161900467,0.2892023556099732
26,чужие хапаксы,подслова,13.198041604265875,0.41415351605158646
26,чужие хапаксы,подслова,11.820739284218158,0.37093387668256067
26,чужие хапаксы,смысловые редкие,24.17104547458952,0.7584855215722636
26,чужие хапаксы,пунктуация,16.69695189264707,0.5239490479745779
26,чужие хапаксы,смысловые редкие,14.160241769839413,0.44434728219253394
26,чужие хапаксы,смысловые редкие,12.85323564042574,0.40333353180227244
26,чужие хапаксы,смысловые редкие,14.95057475861,0.469147869731605
26,чужие хапаксы,пунктуация,9.027503206032046,0.2832823464306018
26,чужие хапаксы,пунктуация,14.23050488639628,0.4465521333093363
26,чужие хапаксы,смысловые редкие,11.27354559968493,0.35376298154479946
26,чужие хапаксы,служебные,14.538687506212476,0.45622287987991933
26,чужие хапаксы,служебные,14.157146096233978,0.444250140196268
26,чужие хапаксы,смысловые редкие,10.669392742279461,0.33480471200530854
26,чужие хапаксы,пунктуация,17.31812717942879,0.5434414800200905
26,чужие хапаксы,служебные,12.09470979730558,0.3795310500126507
26,чужие хапаксы,подслова,13.09693798092978,0.41098089223771206
26,чужие хапаксы,пунктуация,9.288692853805355,0.2914784572040841
26,чужие хапаксы,служебные,11.943021931794433,0.37477109662505903
26,чужие хапаксы,служебные,14.80713227430268,0.4646466557630228
26,чужие хапаксы,служебные,14.081719576907817,0.44188326190332755
26,чужие хапаксы,подслова,22.58806283597791,0.7088116498504384
26,чужие хапаксы,подслова,13.331021487897049,0.4183264144270682
26,чужие хапаксы,служебные,11.99755675164029,0.37648239501792824
26,чужие хапаксы,служебные,13.552246709425772,0.4252684446223509
26,чужие хапаксы,пунктуация,14.678078569574216,0.46059696057525334
26,чужие хапаксы,служебные,12.00858758797679,0.37682854180172637
26,чужие хапаксы,пунктуация,10.72839815623136,0.3366562972925045
26,чужие хапаксы,пунктуация,12.609802683378495,0.39569462459869426
26,чужие хапаксы,пунктуация,14.753752660601359,0.46297160764885925
26,чужие хапаксы,служебные,10.306931152229861,0.3234306955827379
26,чужие хапаксы,служебные,10.12384421887219,0.3176854418953519
26,чужие хапаксы,подслова,14.445898351657624,0.45331116344784467
26,чужие хапаксы,пунктуация,10.745492383525281,0.33719271281158225
26,чужие хапаксы,пунктуация,13.958409812735491,0.4380138111221636
26,чужие хапаксы,смысловые частые,16.493491583861385,0.5175644793554505
26,чужие хапаксы,подслова,8.093267168237034,0.2539660924380513
26,чужие хапаксы,подслова,9.612455193921258,0.301638094182403
26,чужие хапаксы,служебные,18.342850777152805,0.5755972265848884
26,чужие хапаксы,пунктуация,9.890796284207816,0.31037241588408265
26,чужие хапаксы,служебные,12.592651776997057,0.3951564304942713
26,чужие хапаксы,служебные,11.241076971802098,0.35274411853449505
26,чужие хапаксы,подслова,8.024040015818825,0.2517937497951115
26,чужие хапаксы,подслова,16.527027527527974,0.5186168346517951
26,чужие хапаксы,смысловые частые,13.509285814971188,0.42392033510545596
26,чужие хапаксы,служебные,16.295619334860742,0.5113552636164909
26,чужие хапаксы,служебные,18.875790809347997,0.5923208432241134
26,чужие хапаксы,служебные,10.84875613854194,0.3404331213890954
26,чужие хапаксы,пунктуация,10.713649984893195,0.33619350082631827
26,чужие хапаксы,смысловые редкие,6.941204946145082,0.21781446977341543
26,чужие хапаксы,смысловые редкие,14.533810887821042,0.4560698519751883
26,чужие хапаксы,смысловые редкие,12.673971454210212,0.3977082356220202
26,чужие хапаксы,служебные,17.16630278764057,0.5386772424485738
26,чужие хапаксы,пунктуация,12.427460794855866,0.38997275036011597
26,чужие хапаксы,служебные,16.252618834714234,0.5100059112760726
26,чужие хапаксы,служебные,10.650520883326086,0.33421251454341816
26,чужие хапаксы,служебные,17.482956887003446,0.5486138233865286
26,чужие хапаксы,служебные,15.8903120183486,0.49863675163963206
26,чужие хапаксы,служебные,12.48414229030598,0.3917514112659991
26,чужие хапаксы,смысловые редкие,11.394892494163306,0.3575708376280775
26,чужие хапаксы,смысловые редкие,12.153375685992973,0.3813719810235305
26,чужие хапаксы,смысловые редкие,9.010117548597192,0.282736785856434
26,чужие хапаксы,смысловые редкие,7.962513213838611,0.24986304354826355
26,чужие хапаксы,смысловые редкие,17.192314846406763,0.5394934988236315
26,чужие хапаксы,смысловые редкие,8.11143690511229,0.2545362573638981
26,чужие хапаксы,смысловые редкие,11.603382526192057,0.3641132385702374
26,чужие хапаксы,служебные,20.80678367860506,0.6529152488376604
26,чужие хапаксы,служебные,14.562453819023663,0.4569686649220845
26,чужие хапаксы,служебные,20.530028203783694,0.6442306836255952
26,чужие хапаксы,пунктуация,14.504234952292071,0.45514176142530854
26,чужие хапаксы,пунктуация,12.395656011903446,0.3889747187519458
26,чужие хапаксы,смысловые редкие,21.01599173701997,0.6594801813918095
26,чужие хапаксы,служебные,7.208294477583203,0.22619571843608935
26,чужие хапаксы,подслова,11.468944108235352,0.359894571501391
27,исходный,служебные,17.07693809314556,0.4936433572769259
27,исходный,служебные,14.805558495406695,0.42798454630259897
27,исходный,служебные,16.69310741119157,0.4825479568349864
27,исходный,пунктуация,14.222015994807219,0.4111160727191922
27,исходный,пунктуация,7.790140439115743,0.2251897300937918
27,исходный,служебные,13.953195892722501,0.40334528518264373
27,исходный,служебные,14.195722028075904,0.4103559925489313
27,исходный,пунктуация,6.278714473931112,0.18149891247416625
27,исходный,пунктуация,19.704338522977135,0.5695936688619689
27,исходный,пунктуация,8.373754705471136,0.24206027821119844
27,исходный,служебные,17.892915396298765,0.5172308278874798
27,исходный,служебные,15.73350072526269,0.4548085890675613
27,исходный,смысловые редкие,16.1696054910459,0.46741507739301236
27,исходный,пунктуация,13.472426335964663,0.389447670939389
27,исходный,пунктуация,11.089594770337087,0.3205671159203386
27,исходный,пунктуация,10.826928772520773,0.31297422518680695
27,исходный,пунктуация,21.16163575162388,0.6117197861188026
27,исходный,пунктуация,16.967231292133544,0.4904720608025643
27,исходный,служебные,11.683015470854766,0.3377211388068392
27,исходный,служебные,14.044003564057784,0.4059702641747759
27,исходный,смысловые частые,16.195315846471026,0.4681582871007255
27,исходный,смысловые редкие,21.832526086815186,0.6311132251312336
27,исходный,смысловые редкие,17.778056731758124,0.513910606401232
27,исходный,пунктуация,9.615219539861233,0.2779473245567934
27,исходный,смысловые частые,17.168177716617937,0.4962808227172711
27,исходный,пунктуация,10.99166337122382,0.3177362112009203
27,исходный,пунктуация,11.82829063221264,0.34192061051485184
27,исходный,пунктуация,11.656622840149824,0.3369582065553141
27,исходный,пунктуация,23.104076696847994,0.66786996153564
27,исходный,служебные,17.557281325863944,0.5075286477634874
27,исходный,служебные,20.164038390641537,0.5828822212228104
27,исходный,служебные,19.833368744973015,0.5733235478150231
27,исходный,служебные,14.84736247476248,0.42919297468736944
27,исходный,смысловые частые,9.786756029648913,0.28290593295909694
27,исходный,смысловые частые,14.054628709075399,0.4062774054333224
27,исходный,служебные,12.706171303887245,0.3672975229150859
27,исходный,служебные,10.093690279046852,0.2917784868390509
27,исходный,служебные,14.091255836151332,0.4073361864559244
27,исходный,смысловые частые,19.91498054264259,0.5756827015213415
27,исходный,пунктуация,11.627690523608859,0.3361218595595483
27,исходный,пунктуация,10.754125304425779,0.3108696940222745
27,исходный,служебные,13.966944185427307,0.4037427073276798
27,исходный,служебные,15.090664933375935,0.4362261232441288
27,исходный,служебные,26.272043031372302,0.759446421471544
27,исходный,служебные,15.070354881285184,0.435639020202245
27,исходный,служебные,12.555023172359391,0.3629282811525071
27,исходный,смысловые частые,7.7425613581261485,0.2238143607419944
27,исходный,пунктуация,12.88007334372853,0.3723245123154289
27,исходный,пунктуация,24.732174216188593,0.7149334058743018
27,исходный,служебные,14.863739211720532,0.42966637731781276
27,исходный,пунктуация,24.152066699177357,0.6981642274233972
27,исходный,служебные,27.787485751316368,0.803253351493404
27,исходный,служебные,21.149390351761916,0.6113658081242648
27,исходный,служебные,5.830970276616568,0.1685559628916336
27,исходный,служебные,26.230948549149105,0.7582585025331742
27,исходный,служебные,9.382593449430228,0.2712227979675297
27,исходный,служебные,7.71222183214607,0.22293733551760667
27,исходный,пунктуация,14.991506620670608,0.4333597521113892
27,исходный,служебные,17.786114141767676,0.5141435220976159
27,исходный,служебные,19.909940255930266,0.5755370018624952
27,исходный,служебные,17.335509458997056,0.5011178844104432
27,исходный,смысловые редкие,13.171835875946064,0.3807584970933729
27,исходный,служебные,14.551739064462037,0.420647383437089
27,исходный,служебные,20.063954542301577,0.5799890956147974
27,исходный,служебные,20.47915882269756,0.5919914132324207
27,исходный,служебные,22.676702842348668,0.6555158578200502
27,перемешивание,служебные,17.072457345057348,0.5117904171445957
27,перемешивание,служебные,14.173098056162951,0.42487473360095424
27,перемешивание,смысловые редкие,15.166441209200455,0.45465272609410723
27,перемешивание,служебные,16.166638910378175,0.4846362011362053
27,перемешивание,служебные,15.53960513947143,0.4658392658919056
27,перемешивание,пунктуация,25.61043071117073,0.7677379273533516
27,перемешивание,пунктуация,11.542531585294347,0.3460167997814741
27,перемешивание,служебные,17.33201590540729,0.5195713464619213
27,перемешивание,служебные,11.44014829331307,0.34294759968609917
27,перемешивание,служебные,14.510884584058404,0.43500074560516566
27,перемешивание,служебные,12.365843709399831,0.37069767886758515
27,перемешивание,служебные,13.463211954298822,0.4035940885915598
27,перемешивание,смысловые частые,12.786422516845603,0.3833056004429268
27,перемешивание,служебные,19.055499161041514,0.5712371492526445
27,перемешивание,служебные,17.173484974059377,0.5148189777873345
27,перемешивание,служебные,17.462847220357904,0.5234933485440373
27,перемешивание,пунктуация,12.409632435707762,0.37201035753184636
27,перемешивание,пунктуация,10.4113371072928,0.31210636251594
27,перемешивание,пунктуация,27.888359812865076,0.8360246573547291
27,перемешивание,пунктуация,19.079526395609925,0.5719574268409295
27,перемешивание,служебные,14.85410535931897,0.4452896630230294
27,перемешивание,служебные,14.838552806537797,0.4448234356185812
27,перемешивание,смысловые частые,19.940763275668434,0.5977751971359049
27,перемешивание,служебные,16.716216995335635,0.5011112048025835
27,перемешивание,пунктуация,9.445817013505152,0.2831624371293506
27,перемешивание,служебные,20.81699534861765,0.6240424865522104
27,перемешивание,смысловые редкие,23.081031443816613,0.6919127382783192
27,перемешивание,пунктуация,11.79365149544557,0.3535447590536533
27,перемешивание,служебные,23.04246695155994,0.6907566693434202
27,перемешивание,смысловые редкие,20.58797076128875,0.6171768908903557
27,перемешивание,служебные,15.247793277793404,0.4570914616714912
27,перемешивание,пунктуация,16.99752822431153,0.5095442257974618
27,перемешивание,служебные,19.00552042221758,0.5697389091883066
27,перемешивание,смысловые редкие,17.179148352354474,0.5149887519845407
27,перемешивание,служебные,18.860505829229655,0.5653917272017117
27,перемешивание,служебные,23.371020429969377,0.7006058971593652
27,перемешивание,пунктуация,13.156441314292115,0.3943978568691124
27,перемешивание,смысловые редкие,9.339372662628287,0.2799714964441933
27,перемешивание,пунктуация,12.271339550142974,0.36786467585516475
27,перемешивание,служебные,27.76192749142161,0.8322345263135849
27,перемешивание,пунктуация,11.890704065492868,0.35645415717400303
27,перемешивание,служебные,13.093879860527355,0.3925224178580606
27,перемешивание,служебные,15.956797363452539,0.47834566599737066
27,перемешивание,служебные,15.668279777308111,0.4696966160813574
27,перемешивание,служебные,14.571541939058307,0.43681910440324906
27,перемешивание,служебные,14.943564089528202,0.4479714164417465
27,перемешивание,служебные,20.76300524167812,0.6224239955058547
27,перемешивание,служебные,18.10122442104393,0.5426303320040832
27,перемешивание,пунктуация,16.44797510390038,0.49306997050698
27,перемешивание,пунктуация,11.808602166261378,0.35399294351232635
27,перемешивание,пунктуация,11.032185130214875,0.3307178642003578
27,перемешивание,служебные,17.089591282321507,0.5123040505789936
27,перемешивание,пунктуация,11.418399291393984,0.34229561792742924
27,перемешивание,пунктуация,14.870144848105282,0.4457704875751616
27,перемешивание,служебные,15.615566381584214,0.4681163977073193
27,перемешивание,служебные,15.319363893424281,0.45923697326883756
27,перемешивание,служебные,11.660756603998731,0.34956089600715085
27,перемешивание,служебные,16.521159031423238,0.4952638452397259
27,перемешивание,служебные,13.35646375374124,0.4003940392378787
27,чужие хапаксы,пунктуация,9.554177927059595,0.29046108967127987
27,чужие хапаксы,пунктуация,19.317594800385198,0.5872833516797386
27,чужие хапаксы,смысловые частые,10.851329200063114,0.32989640007700166
27,чужие хапаксы,пунктуация,17.871558091191506,0.5433217045905121
27,чужие хапаксы,служебные,13.54076232459818,0.4116591306765673
27,чужие хапаксы,служебные,11.179224228740651,0.3398648921916115
27,чужие хапаксы,служебные,17.537682912802826,0.5331714071113007
27,чужие хапаксы,смысловые частые,12.640545417200109,0.38429120997636884
27,чужие хапаксы,пунктуация,20.271380772931774,0.6162798509090889
27,чужие хапаксы,пунктуация,10.926517683961695,0.3321822407982697
27,чужие хапаксы,пунктуация,11.450294910623104,0.34810584041746745
27,чужие хапаксы,пунктуация,10.414646729227133,0.3166206093927892
27,чужие хапаксы,пунктуация,13.646348992727876,0.4148691209984819
27,чужие хапаксы,пунктуация,12.25396196332822,0.3725385032424391
27,чужие хапаксы,пунктуация,13.223264803406805,0.40200673811310167
27,чужие хапаксы,смысловые частые,11.719351891141388,0.3562855691541142
27,чужие хапаксы,смысловые редкие,16.955615102077815,0.5154756878294854
27,чужие хапаксы,смысловые частые,15.023548874663806,0.45673802708922073
27,чужие хапаксы,смысловые редкие,14.363007099204975,0.4366565836266934
27,чужие хапаксы,пунктуация,28.1232667280353,0.8549887558411001
27,чужие хапаксы,служебные,9.04685454261124,0.27503771110458597
27,чужие хапаксы,служебные,10.600982062363446,0.3222854781361005
27,чужие хапаксы,служебные,10.183416780646823,0.30959087817551206
27,чужие хапаксы,служебные,13.41763323624276,0.4079158249262469
27,чужие хапаксы,служебные,12.653751300923025,0.38469268830401926
27,чужие хапаксы,служебные,10.98087680632316,0.3338348382310605
27,чужие хапаксы,служебные,10.532720527840333,0.320210226884597
27,чужие хапаксы,служебные,18.135864173814753,0.5513569990294049
27,чужие хапаксы,служебные,10.232461307955523,0.3110819040861926
27,чужие хапаксы,служебные,11.792654617841691,0.35851408007737673
27,чужие хапаксы,служебные,19.721239016890536,0.599554730741415
27,чужие хапаксы,пунктуация,18.823978810870294,0.572276698120609
27,чужие хапаксы,пунктуация,16.205591759264745,0.49267387284387876
27,чужие хапаксы,пунктуация,19.111097185605573,0.5810055198598459
27,чужие хапаксы,служебные,26.376572981972203,0.8018866917308456
27,чужие хапаксы,служебные,14.196505485706227,0.43159468919076294
27,чужие хапаксы,служебные,14.822180001692473,0.450616116578901
27,чужие хапаксы,пунктуация,12.180297304042154,0.370298989035163
27,чужие хапаксы,пунктуация,5.6804019638242105,0.17269259132282505
27,чужие хапаксы,служебные,14.31969935344242,0.43533996432972893
27,чужие хапаксы,служебные,11.046074438945361,0.3358169423492806
27,чужие хапаксы,пунктуация,12.790443551942916,0.3888483341883614
27,чужие хапаксы,смысловые редкие,7.0150019621423,0.21326639816902684
27,чужие хапаксы,служебные,12.785460592991994,0.3886968448925034
27,чужие хапаксы,служебные,15.030004139662925,0.45693427665878866
27,чужие хапаксы,служебные,13.658787033633683,0.4152472557728662
27,чужие хапаксы,служебные,13.124436448865215,0.39900221048448503
27,чужие хапаксы,служебные,14.37367708866588,0.4369809670314464
27,чужие хапаксы,пунктуация,22.566701175694405,0.6860609739341171
27,чужие хапаксы,служебные,15.417308652309135,0.46870890464213466
27,чужие хапаксы,служебные,13.974715980909082,0.42485196137756437
27,чужие хапаксы,служебные,10.971826302689319,0.3335596895822046
27,чужие хапаксы,служебные,13.6523202812473,0.4150506569697957
27,чужие хапаксы,пунктуация,9.142252611137923,0.27793795298288687
28,исходный,пунктуация,7.220067975954932,0.20448450829873005
28,исходный,служебные,14.472131922590007,0.4098751964774638
28,исходный,служебные,10.350521584964339,0.2931442368666746
28,исходный,пунктуация,19.247465892060273,0.5451207124423186
28,исходный,служебные,7.841387338468965,0.22208132106604456
28,исходный,служебные,9.795045017861874,0.27741220316925075
28,исходный,подслова,20.914693391469083,0.5923394085230355
28,исходный,служебные,14.61211626782198,0.41383978934551
28,исходный,смысловые редкие,14.603460233842407,0.41359463585692446
28,исходный,смысловые редкие,13.733079303767633,0.3889439792271451
28,исходный,пунктуация,14.679213754025387,0.41574010337580414
28,исходный,пунктуация,24.77328719322231,0.70162129602101
28,исходный,подслова,11.57910797276314,0.3279398764989072
28,исходный,смысловые редкие,19.940693924861574,0.5647541000916255
28,исходный,пунктуация,21.656867304139457,0.6133590260820341
28,исходный,служебные,19.125775448297595,0.5416742337332073
28,исходный,пунктуация,21.18395661130874,0.5999653972665226
28,исходный,пунктуация,24.39756831484524,0.6909803033933299
28,исходный,пунктуация,19.207280449777052,0.543982592907514
28,исходный,смысловые редкие,11.532917280552375,0.32663167815283184
28,исходный,пунктуация,9.930896221235855,0.281259738485571
28,исходный,пунктуация,4.314530625218923,0.12219478769118045
28,исходный,смысловые редкие,11.973022983745818,0.3390962143063263
28,исходный,пунктуация,12.302212735190027,0.34841942354552285
28,исходный,пунктуация,13.783482949034783,0.3903714955127592
28,исходный,пунктуация,12.539358970018416,0.35513580507894804
28,исходный,смысловые редкие,9.918751554049342,0.280915781017808
28,исходный,служебные,14.290294560134047,0.40472525553840677
28,исходный,служебные,18.095602208995942,0.5124979892708763
28,исходный,смысловые редкие,22.248631701516015,0.630118792365292
28,исходный,подслова,11.259442012621266,0.31888639709993977
28,исходный,пунктуация,6.673585925466671,0.18900721448926366
28,исходный,пунктуация,7.050804828817463,0.19969069035535766
28,исходный,пунктуация,5.74566228072864,0.1627268510820305
28,исходный,пунктуация,6.040138816235614,0.1710669234704339
28,исходный,пунктуация,6.690244028610722,0.18947900007936402
28,исходный,пунктуация,8.29931885296443,0.23505071427507634
28,исходный,пунктуация,6.688026037613701,0.18941618283166675
28,исходный,служебные,18.208148513143755,0.515685490516176
28,исходный,смысловые частые,15.798302706019225,0.4474345908588995
28,исходный,смысловые частые,16.15632335195934,0.4575743396797789
28,исходный,смысловые частые,13.745660851415339,0.3893003098867657
28,исходный,пунктуация,11.769705997587005,0.33333793417905844
28,исходный,пунктуация,12.150469671717852,0.3441218039351276
28,исходный,служебные,17.85874569151767,0.5057898130216786
28,исходный,служебные,18.38919580851742,0.5208130554222948
28,исходный,служебные,14.06846786892316,0.3984427493305905
28,исходный,пунктуация,20.598382306425496,0.5833809448479035
28,исходный,служебные,9.307949503321948,0.2636168362673152
28,исходный,служебные,8.197445351480841,0.2321654848106285
28,исходный,подслова,8.393273546221305,0.23771166972826227
28,исходный,пунктуация,5.320101057885598,0.15067423915457062
28,исходный,пунктуация,15.477573725888076,0.4383510049400845
28,исходный,пунктуация,5.009134560907859,0.14186714323197838
28,исходный,служебные,15.012225095706478,0.4251715464991013
28,исходный,смысловые редкие,18.955293326002035,0.5368458923564461
28,исходный,служебные,19.894059110820926,0.563433323465912
28,исходный,подслова,11.376831274686184,0.32221105908551073
28,исходный,служебные,10.180547771181955,0.2883302916447318
28,исходный,служебные,14.023120135447792,0.3971584249983191
28,исходный,пунктуация,5.836816012834898,0.16530847858905923
28,исходный,подслова,4.314614355469425,0.12219715907316198
28,исходный,пунктуация,16.95553133872951,0.48020925845718854
28,исходный,пунктуация,23.58219111900701,0.6678874453310171
28,исходный,пунктуация,9.978218082378566,0.2825999734445456
28,исходный,служебные,20.280819947211402,0.5743870429768494
28,исходный,смысловые редкие,9.171648788566193,0.2597565700301528
28,исходный,смысловые редкие,11.2588911765642,0.318870796493317
28,исходный,смысловые редкие,10.68049707774488,0.30248969962638445
28,исходный,смысловые частые,11.288629126247441,0.3197130254084798
28,исходный,служебные,7.871741994598386,0.22294101614840017
28,исходный,пунктуация,12.663837669655209,0.35866125189934706
28,исходный,пунктуация,8.760478469072337,0.24811153276890563
28,исходный,смысловые редкие,12.129481547001298,0.34352738482756934
28,исходный,смысловые редкие,13.744158082790959,0.3892577489435355
28,исходный,служебные,14.474861372309437,0.40995249909922066
28,исходный,смысловые редкие,12.615211758350213,0.35728408403930834
28,исходный,смысловые редкие,18.29661623683394,0.5181910457324623
28,перемешивание,служебные,18.272082180083697,0.5506603966647299
28,перемешивание,смысловые редкие,11.342222294434395,0.3418172360520862
28,перемешивание,служебные,14.107991428143738,0.42516841153615337
28,перемешивание,служебные,8.36583128538783,0.2521186107111066
28,перемешивание,смысловые редкие,8.818274425551998,0.26575375730116507
28,перемешивание,смысловые редкие,16.200464945614236,0.4882286739509467
28,перемешивание,служебные,15.747341879581317,0.4745730366338381
28,перемешивание,пунктуация,22.606950770775168,0.6812990635727346
28,перемешивание,пунктуация,12.590130510137715,0.3794250809757137
28,перемешивание,пунктуация,8.839361904620736,0.26638926449045014
28,перемешивание,смысловые редкие,14.702668944267048,0.44309003391551144
28,перемешивание,служебные,17.024285050246267,0.5130558995033536
28,перемешивание,смысловые частые,16.17244918134056,0.4873843710567411
28,перемешивание,смысловые частые,18.67146795689032,0.5626965690128547
28,перемешивание,пунктуация,12.011600315081314,0.3619900856887769
28,перемешивание,служебные,11.525087828908207,0.3473282011822351
28,перемешивание,служебные,14.91719398604162,0.4495551123577956
28,перемешивание,смысловые редкие,16.52366171777234,0.4979687605488129
28,перемешивание,смысловые редкие,26.134352055800285,0.7876033244480932
28,перемешивание,смысловые редкие,15.741623112774155,0.47440069183112604
28,перемешивание,служебные,15.454753401124803,0.46575538323131516
28,перемешивание,служебные,17.264349013464916,0.5202906369518847
28,перемешивание,смысловые редкие,16.255204463031706,0.48987834277780845
28,перемешивание,подслова,19.041373792600794,0.5738443129980995
28,перемешивание,пунктуация,11.837275620755342,0.3567365133602423
28,перемешивание,пунктуация,14.067601263009095,0.4239511849423151
28,перемешивание,пунктуация,20.296127637136763,0.6116584626357302
28,перемешивание,служебные,12.123137110161139,0.36535143746117177
28,перемешивание,пунктуация,8.238569478297125,0.24828335885080013
28,перемешивание,пунктуация,11.596566702664148,0.34948233909534593
28,перемешивание,пунктуация,23.575559149432152,0.7104897309935175
28,перемешивание,служебные,19.639234577422783,0.5918618686152259
28,перемешивание,служебные,11.833480581722498,0.35662214337883635
28,перемешивание,пунктуация,15.768881630714755,0.475222173814062
28,перемешивание,пунктуация,8.507819537890196,0.2563976691497725
28,перемешивание,служебные,11.787606758698791,0.35523965739098895
28,перемешивание,служебные,15.078375149926616,0.4544125819534905
28,перемешивание,служебные,15.579876967603484,0.46952619555966363
28,перемешивание,служебные,16.168116233475807,0.4872537902741889
28,перемешивание,пунктуация,9.365763711026903,0.2822532817745122
28,перемешивание,пунктуация,8.920768893326612,0.26884260310015273
28,перемешивание,пунктуация,9.105716914944297,0.2744163275362961
28,перемешивание,служебные,18.20795505985824,0.5487278163976157
28,перемешивание,служебные,16.282369948995996,0.49069702108328317
28,перемешивание,пунктуация,14.341133305451223,0.43219454010606717
28,перемешивание,пунктуация,8.699457416248345,0.26217300384193526
28,перемешивание,пунктуация,14.049519968886491,0.42340627426953925
28,перемешивание,пунктуация,10.041868478501538,0.30262885341299267
28,перемешивание,смысловые редкие,14.868983549620832,0.4481022085353847
28,перемешивание,смысловые редкие,13.016890425984007,0.39228621974602157
28,перемешивание,пунктуация,21.702972611859348,0.6540561381820303
28,перемешивание,смысловые редкие,13.963766398374604,0.42082194399518424
28,перемешивание,смысловые редкие,17.66022467352806,0.5322210259383074
28,перемешивание,служебные,16.257732472655555,0.48995452866448086
28,перемешивание,служебные,17.468152465531524,0.5264326019808602
28,перемешивание,смысловые редкие,18.787202350141026,0.5661844225736629
28,перемешивание,пунктуация,17.66907469960055,0.532487736585706
28,перемешивание,смысловые редкие,18.034664787611263,0.5435054181447406
28,перемешивание,смысловые редкие,13.530175142333226,0.4077549311233644
28,перемешивание,смысловые редкие,15.09093678739138,0.4547911483478911
28,перемешивание,смысловые редкие,17.720141888794505,0.5340267335309337
28,перемешивание,смысловые частые,24.430900544430646,0.7362669044547347
28,перемешивание,служебные,17.55238304345249,0.5289710342729289
28,перемешивание,служебные,13.137903339857063,0.395933150539028
28,перемешивание,служебные,19.177835905815048,0.5779568317932576
28,перемешивание,служебные,17.948885102051776,0.5409203008488339
28,перемешивание,пунктуация,12.311896588073218,0.37104002664093083
28,перемешивание,служебные,12.57320395410774,0.37891497030711163
28,перемешивание,смысловые редкие,17.560525310046174,0.5292164153799116
28,перемешивание,служебные,15.008703705643248,0.4523129140137796
28,перемешивание,служебные,14.245703259168257,0.4293185927114572
28,перемешивание,смысловые редкие,14.132720673220732,0.42591366956252974
28,перемешивание,служебные,15.354346000794822,0.46272943477350625
28,перемешивание,служебные,18.998478384468584,0.5725515866287465
28,перемешивание,пунктуация,9.182236303291965,0.27672236996346933
28,перемешивание,пунктуация,19.89823771845806,0.5996673705265162
28,перемешивание,служебные,18.14409892712163,0.5468034028011979
28,перемешивание,пунктуация,4.961442141699766,0.14952153076212715
28,перемешивание,пунктуация,15.433861838208466,0.4651257803098159
28,перемешивание,смысловые частые,22.59849237203314,0.6810441552836557
28,перемешивание,служебные,18.059632122535543,0.5442578514152111
28,перемешивание,пунктуация,7.754439896653558,0.2336932872411422
28,перемешивание,служебные,18.222669706898827,0.5491712674119169
28,перемешивание,пунктуация,11.868965563236037,0.3576915438884939
28,перемешивание,служебные,16.38849322053264,0.49389522707993877
28,перемешивание,служебные,16.755718106192706,0.5049621760576062
28,перемешивание,пунктуация,22.142842272625074,0.6673123615007964
28,чужие хапаксы,служебные,13.609981922582246,0.39307588735549054
28,чужие хапаксы,служебные,15.077851528935518,0.4354700765117679
28,чужие хапаксы,служебные,21.024846592328668,0.6072278624470532
28,чужие хапаксы,смысловые редкие,19.237810556384098,0.5556156869452157
28,чужие хапаксы,подслова,11.897610416840664,0.3436201310634996
28,чужие хапаксы,смысловые редкие,13.18338956274119,0.38075528536370035
28,чужие хапаксы,служебные,16.02450240502567,0.46281071775961385
28,чужие хапаксы,пунктуация,21.674310282689504,0.6259853095800411
28,чужие хапаксы,пунктуация,14.278485558661687,0.41238323555382245
28,чужие хапаксы,пунктуация,24.386313984690414,0.7043118839825091
28,чужие хапаксы,служебные,16.30713643649869,0.47097359581118425
28,чужие хапаксы,служебные,13.03359886095516,0.37642911407581264
28,чужие хапаксы,пунктуация,10.290278839980417,0.29719807926043823
28,чужие хапаксы,пунктуация,14.175396584918502,0.4094058774602431
28,чужие хапаксы,служебные,13.283267156285612,0.3836398941701429
28,чужие хапаксы,пунктуация,12.616698160927537,0.36438842118329845
28,чужие хапаксы,смысловые частые,17.193437462310783,0.49657124643018447
28,чужие хапаксы,смысловые редкие,15.085068054494055,0.43567850016755827
28,чужие хапаксы,служебные,12.927379075303108,0.3733613336233924
28,чужие хапаксы,смысловые редкие,13.35936786583083,0.38583779230865806
28,чужие хапаксы,пунктуация,10.028005355451933,0.2896232431403554
28,чужие хапаксы,смысловые редкие,13.572756397613492,0.3920007605593933
28,чужие хапаксы,пунктуация,15.366224426933028,0.4437987012971959
28,чужие хапаксы,пунктуация,6.794009776819948,0.1962207912483905
28,чужие хапаксы,служебные,20.688897476847586,0.5975251679522935
28,чужие хапаксы,служебные,14.766219348723522,0.42646969014372227
28,чужие хапаксы,служебные,14.379019130459344,0.41528678995736007
28,чужие хапаксы,смысловые редкие,10.632793239134097,0.30709038860700505
28,чужие хапаксы,смысловые редкие,11.579267881743322,0.33442593997800235
28,чужие хапаксы,пунктуация,11.193337641758639,0.3232797185941525
28,чужие хапаксы,пунктуация,12.021045362516693,0.34718511014122905
28,чужие хапаксы,пунктуация,14.849543723281837,0.42887621813576216
28,чужие хапаксы,пунктуация,5.338825246572923,0.15419296536687707
28,чужие хапаксы,пунктуация,6.040565064612686,0.17446022238732764
28,чужие хапаксы,служебные,12.995662074329537,0.37533344501827043
28,чужие хапаксы,служебные,14.428132370300435,0.4167052510869379
28,чужие хапаксы,пунктуация,6.746556940872175,0.1948502849755823
28,чужие хапаксы,служебные,12.039311986424606,0.3477126765584686
28,чужие хапаксы,смысловые частые,14.816065533263929,0.4279093197722522
28,чужие хапаксы,служебные,17.375313039726905,0.5018240751545573
28,чужие хапаксы,служебные,14.289191650264142,0.41269244290477136
28,чужие хапаксы,пунктуация,13.373922641154815,0.38625815519071616
28,чужие хапаксы,пунктуация,13.620667574332455,0.3933845043740566
28,чужие хапаксы,смысловые редкие,11.763373796626297,0.33974318406191584
28,чужие хапаксы,служебные,15.510739344565941,0.4479725003373261
28,чужие хапаксы,служебные,14.415525138031587,0.4163411360543564
28,чужие хапаксы,пунктуация,10.567693369042674,0.3052102105620618
28,чужие хапаксы,пунктуация,12.572614944135028,0.36311523436668347
28,чужие хапаксы,служебные,6.068760640174143,0.17527455123407865
28,чужие хапаксы,смысловые частые,15.768193633056192,0.4554081511322671
28,чужие хапаксы,смысловые частые,13.45238728318903,0.38852432710549695
28,чужие хапаксы,смысловые частые,15.150364178687484,0.43756434631373275
28,чужие хапаксы,смысловые редкие,8.528680727741026,0.2463205876464834
28,чужие хапаксы,пунктуация,4.380458947372613,0.12651396581988242
28,чужие хапаксы,пунктуация,11.645850622254352,0.336348945457202
28,чужие хапаксы,смысловые редкие,11.38331078818719,0.3287664167786824
28,чужие хапаксы,смысловые редкие,9.907959637676122,0.286156149847626
28,чужие хапаксы,пунктуация,22.183038375548087,0.6406781098835637
28,чужие хапаксы,смысловые редкие,12.115351833023894,0.34990881688741327
28,чужие хапаксы,смысловые редкие,12.658269743835213,0.3655890683945261
28,чужие хапаксы,пунктуация,5.211631898210098,0.15051943820439959
28,чужие хапаксы,смысловые частые,14.537898938957031,0.41987546774277845
28,чужие хапаксы,пунктуация,11.67120809026685,0.3370813056687584
28,чужие хапаксы,служебные,16.60393891870751,0.4795456791340847
28,чужие хапаксы,служебные,10.71825557070162,0.30955866387786596
28,чужие хапаксы,пунктуация,15.006855748049361,0.4334196160681711
28,чужие хапаксы,смысловые частые,26.645779309550154,0.769568498030215
28,чужие хапаксы,смысловые частые,10.390337992664175,0.3000879317564175
28,чужие хапаксы,смысловые редкие,12.09048347848639,0.34919058297773553
28,чужие хапаксы,смысловые редкие,12.405854496950102,0.3582989523814553
28,чужие хапаксы,пунктуация,15.272546297970974,0.44109314196015786
28,чужие хапаксы,смысловые редкие,17.206603358652075,0.49695149648610826
28,чужие хапаксы,смысловые частые,10.1175296689817,0.29220883430284006
28,чужие хапаксы,служебные,16.414520648047443,0.4740750065612205
28,чужие хапаксы,служебные,15.928692501955092,0.4600435897148349
28,чужие хапаксы,служебные,13.226541252817773,0.3820015683466041
28,чужие хапаксы,смысловые редкие,8.935574731711311,0.2580722727390895
28,чужие хапаксы,смысловые редкие,12.609086598179953,0.36416858828431387
28,чужие хапаксы,служебные,16.491247154506286,0.47629097861625713
28,чужие хапаксы,смысловые редкие,12.790672584773993,0.3694130532084989
28,чужие хапаксы,смысловые редкие,15.84100034672005,0.45751091392369836
28,чужие хапаксы,служебные,14.094265002870836,0.40706268047531347
28,чужие хапаксы,служебные,21.974888935551444,0.6346664541521573
28,чужие хапаксы,пунктуация,5.384466806683816,0.15551115938380744
28,чужие хапаксы,служебные,19.863328618223452,0.5736815498253437
28,чужие хапаксы,пунктуация,24.36679059430832,0.7037480203387304
28,чужие хапаксы,служебные,15.093766243609148,0.4359297164016613
29,исходный,пунктуация,12.71535575471198,0.3831016199397872
29,исходный,подслова,15.898222445758615,0.47899837728694145
29,исходный,пунктуация,9.97538470986003,0.30054888872879404
29,исходный,пунктуация,10.151269493948538,0.305848130606639
29,исходный,пунктуация,8.686550547026219,0.26171753668955594
29,исходный,пунктуация,9.117973374134873,0.2747158976581887
29,исходный,пунктуация,7.626082922069627,0.22976665203860805
29,исходный,служебные,11.250499667918932,0.3389668941283515
29,исходный,служебные,23.545841978523352,0.7094139069979065
29,исходный,служебные,20.162449972620998,0.6074755119300228
29,исходный,смысловые частые,18.73507383934924,0.5644700216025377
29,исходный,служебные,13.064134977965493,0.39361000743655433
29,исходный,служебные,14.260103065324707,0.4296433926207491
29,исходный,смысловые частые,10.50177225399549,0.3164084466337855
29,исходный,смысловые частые,15.796193230113538,0.47592433370146564
29,исходный,смысловые частые,13.421958443680527,0.4043908893884493
29,исходный,служебные,15.476411304930934,0.4662896073180123
29,исходный,пунктуация,6.179954988974352,0.18619618775146665
29,исходный,пунктуация,13.613613763151116,0.4101652825533477
29,исходный,пунктуация,16.88566754981924,0.5087491625787373
29,исходный,служебные,17.924747349168022,0.5400556523110213
29,исходный,служебные,17.527755657173884,0.528094668816774
29,исходный,служебные,13.21099322754825,0.398034707335008
29,исходный,служебные,22.158266154315918,0.6676075622681366
29,исходный,служебные,11.175135812570359,0.33669625258076863
29,исходный,смысловые частые,16.431841364567795,0.4950758096584705
29,исходный,служебные,13.864575488438346,0.4177265215273177
29,исходный,служебные,13.397004145141223,0.4036390400199151
29,исходный,служебные,12.110702049266514,0.3648839767587923
29,исходный,служебные,15.081041420676478,0.4543774873541521
29,исходный,служебные,8.456498856276903,0.2547862972420643
29,исходный,смысловые редкие,19.60751834146544,0.5907559477312201
29,исходный,пунктуация,8.254143582124858,0.2486895245817885
29,исходный,пунктуация,8.684833738120291,0.2616658108640521
29,исходный,пунктуация,8.205343712827634,0.2472192307621533
29,исходный,служебные,15.13959871538626,0.4561417631554246
29,исходный,служебные,12.50404944827479,0.3767351611586727
29,исходный,служебные,19.073031484936422,0.5746523652186418
29,исходный,служебные,19.107866609672485,0.5757019145175079
29,исходный,служебные,11.14189067790333,0.33569460817602315
29,исходный,служебные,16.36656268639952,0.49310902494271236
29,исходный,служебные,16.220964100791026,0.48872227752615777
29,исходный,пунктуация,7.85829388619512,0.2367629483468171
29,исходный,пунктуация,9.621744797654673,0.28989405327985024
29,исходный,служебные,11.449557450166994,0.3449643164822321
29,исходный,служебные,14.053503690756337,0.42341874923659845
29,исходный,служебные,10.195507947915532,0.30718099330472803
29,исходный,пунктуация,11.44778819068434,0.34491101037055316
29,исходный,служебные,13.970526331941459,0.42091872004405895
29,исходный,подслова,13.130010795999198,0.39559478341061377
29,исходный,служебные,13.194130020283477,0.39752663487953455
29,исходный,служебные,20.441081483272093,0.6158704153173817
29,исходный,пунктуация,16.958280972229495,0.5109369361881727
29,исходный,пунктуация,9.136736518737173,0.2752812134252794
29,исходный,служебные,14.892837137099825,0.4487070706305694
29,исходный,пунктуация,8.577264771880719,0.2584248598425789
29,исходный,служебные,9.948838872021991,0.29974908778931636
29,исходный,пунктуация,9.60517997104431,0.2893949707507515
29,исходный,пунктуация,10.695147806566123,0.3222346687919117
29,исходный,служебные,15.155910070196605,0.45663320881937625
29,исходный,служебные,12.386307285399784,0.37318770136259793
29,исходный,служебные,12.32679046424254,0.37139451593870154
29,исходный,служебные,14.494911144368935,0.4367179375404583
29,исходный,служебные,12.794570775388577,0.38548829344937596
29,перемешивание,служебные,15.678351906712098,0.4923378866036853
29,перемешивание,пунктуация,16.600924198603455,0.5213088712538291
29,перемешивание,пунктуация,11.422634772312074,0.35869815250404463
29,перемешивание,служебные,24.586216056609043,0.7720662047208103
29,перемешивание,служебные,23.60283940498515,0.7411858172109062
29,перемешивание,служебные,12.688375985997624,0.3984454650941096
29,перемешивание,служебные,12.562719982804495,0.39449956494980387
29,перемешивание,служебные,13.426890819458965,0.421636603709653
29,перемешивание,пунктуация,8.112263951137592,0.25474456199471285
29,перемешивание,служебные,19.389519684900982,0.6088774636980727
29,перемешивание,пунктуация,10.160058572803504,0.3190502289569247
29,перемешивание,служебные,13.137871241853572,0.4125606951656937
29,перемешивание,служебные,14.258716666010573,0.4477579321343716
29,перемешивание,служебные,12.755161625733875,0.4005426945043733
29,перемешивание,служебные,15.721583738941552,0.49369546991604496
29,перемешивание,смысловые частые,15.92739510931459,0.5001584410071002
29,перемешивание,служебные,15.285205775349116,0.4799921543103057
29,перемешивание,служебные,15.826662316802198,0.4969951895076867
29,перемешивание,служебные,11.081136023625675,0.3479742720090491
29,перемешивание,служебные,16.944153304860684,0.5320870891303657
29,перемешивание,пунктуация,6.2143926836166985,0.19514684825178627
29,перемешивание,служебные,16.885357637633454,0.5302407640372471
29,перемешивание,служебные,10.79034998136283,0.33884289223435177
29,перемешивание,служебные,15.362891852817123,0.4824316836324377
29,перемешивание,служебные,13.333326897776438,0.41869847196356
29,перемешивание,служебные,12.557731438139845,0.39434291267206223
29,перемешивание,смысловые частые,14.038107602291962,0.4408302779496011
29,перемешивание,пунктуация,12.071347954151214,0.3790693036849223
29,перемешивание,служебные,11.09121901618552,0.34829090218019804
29,перемешивание,служебные,12.86828643605234,0.4040950851106074
29,перемешивание,смысловые частые,12.534411059452323,0.3936105967994419
29,перемешивание,пунктуация,10.927528765459055,0.34315063536007434
29,перемешивание,пунктуация,15.87423129851709,0.49848896972545137
29,перемешивание,пунктуация,8.583397917721038,0.26953929952803746
29,перемешивание,служебные,12.045335059241232,0.3782524363393857
29,перемешивание,служебные,18.014448146435175,0.5656969164565414
29,перемешивание,пунктуация,13.80686254048444,0.4335686278925493
29,перемешивание,служебные,14.64959046499661,0.4600323077362582
29,перемешивание,служебные,16.04384596597227,0.5038152774527399
29,перемешивание,служебные,16.762615778316313,0.5263863750062076
29,перемешивание,служебные,14.278367537112,0.44837501665993684
29,перемешивание,служебные,14.084132790771086,0.4422755793538034
29,перемешивание,подслова,12.293052193098635,0.3860313490009049
29,перемешивание,подслова,12.796875908790893,0.4018526231297595
29,перемешивание,пунктуация,13.263874917980873,0.4165175130747401
29,перемешивание,пунктуация,16.838180223823983,0.5287592799916925
29,перемешивание,пунктуация,11.532996739040899,0.3621637831892083
29,перемешивание,смысловые частые,15.496414725884046,0.4866246223756278
29,перемешивание,смысловые частые,13.608580308461026,0.4273420898197767
29,перемешивание,смысловые частые,14.597874099077776,0.45840828969846936
29,перемешивание,служебные,13.397022924581321,0.42069868011099565
29,перемешивание,пунктуация,13.571427681786515,0.4261754081553045
29,перемешивание,смысловые редкие,14.789169982514343,0.46441543965450677
29,перемешивание,служебные,13.318845537247455,0.4182437224796597
29,перемешивание,пунктуация,9.814188099972034,0.30818906582921346
29,перемешивание,служебные,13.350380797086038,0.41923400534069044
29,перемешивание,служебные,12.950028689685368,0.40666198810139165
29,перемешивание,служебные,14.694283338886049,0.461435771264051
29,перемешивание,пунктуация,11.616983553834855,0.36480117078863633
29,перемешивание,служебные,20.315224109703166,0.6379468048404712
29,перемешивание,служебные,14.575103341153103,0.4576932332371969
29,перемешивание,подслова,13.602804078058973,0.4271607023189984
29,перемешивание,служебные,17.51981969948057,0.5501643958397898
29,перемешивание,служебные,15.77875835142259,0.49549088999870355
29,перемешивание,служебные,20.675952456243614,0.6492745408697749
29,перемешивание,пунктуация,8.505404163509507,0.2670901084175641
29,перемешивание,смысловые частые,15.180067714402051,0.4766905668069581
29,перемешивание,смысловые частые,18.327899571186506,0.5755400436508555
29,перемешивание,смысловые частые,15.97519674815917,0.501659527217243
29,перемешивание,служебные,15.69779077994313,0.4929483138872078
29,перемешивание,служебные,18.376083061890967,0.5770531209260548
29,перемешивание,служебные,15.168843669323378,0.47633810484755956
29,чужие хапаксы,пунктуация,7.427404295448266,0.23015285330015037
29,чужие хапаксы,пунктуация,14.027100545903759,0.434657531184386
29,чужие хапаксы,пунктуация,12.853987576767883,0.39830629913209364
29,чужие хапаксы,пунктуация,12.980680438235716,0.4022321287220422
29,чужие хапаксы,служебные,11.263014102341893,0.34900683055618836
29,чужие хапаксы,служебные,10.053205127421489,0.3115184999833262
29,чужие хапаксы,служебные,9.486800640948822,0.29396733358679933
29,чужие хапаксы,служебные,15.138856867660124,0.4691075058253941
29,чужие хапаксы,пунктуация,11.08302691715337,0.3434295706440025
29,чужие хапаксы,пунктуация,10.811467753477762,0.3350147713583293
29,чужие хапаксы,служебные,13.160275455423426,0.4077972365309132
29,чужие хапаксы,служебные,9.935196405522511,0.30786176568168083
29,чужие хапаксы,служебные,19.342575387788887,0.5993680616525802
29,чужие хапаксы,служебные,15.020395604022488,0.4654367486204239
29,чужие хапаксы,смысловые частые,14.90211140742322,0.46177147818882497
29,чужие хапаксы,служебные,16.723250413744555,0.5182030822712791
29,чужие хапаксы,служебные,24.378656547904097,0.7554210247532906
29,чужие хапаксы,служебные,12.517660156203133,0.38788452694803544
29,чужие хапаксы,служебные,11.376784296765333,0.35253222567748455
29,чужие хапаксы,смысловые частые,15.403082648737007,0.4772950657065188
29,чужие хапаксы,смысловые частые,14.285827775723478,0.4426747075492089
29,чужие хапаксы,смысловые частые,12.736898987351575,0.3946780769603764
29,чужие хапаксы,служебные,13.541877260471246,0.4196219253135161
29,чужие хапаксы,служебные,15.516630187988373,0.4808135614157032
29,чужие хапаксы,служебные,12.435806084385858,0.38534811618680537
29,чужие хапаксы,пунктуация,9.285838548378075,0.2877401245686137
29,чужие хапаксы,пунктуация,9.506824757216396,0.294587820544352
29,чужие хапаксы,пунктуация,9.803831313657481,0.30379115776616705
29,чужие хапаксы,пунктуация,9.27444272090037,0.2873870022522053
29,чужие хапаксы,пунктуация,11.026579051549819,0.3416804215719205
29,чужие хапаксы,служебные,13.520406287036572,0.41895660461700435
29,чужие хапаксы,служебные,15.305167572805745,0.47426097287808733
29,чужие хапаксы,служебные,14.424662300833855,0.446976770668394
29,чужие хапаксы,служебные,12.659713456247847,0.39228633019254566
29,чужие хапаксы,служебные,13.113164607426263,0.40633741346801877
29,чужие хапаксы,подслова,10.726402105860597,0.33237884355123337
29,чужие хапаксы,служебные,11.165665051647565,0.34599027714235425
29,чужие хапаксы,подслова,7.596966638475158,0.2354070788017585
29,чужие хапаксы,служебные,15.764601504044617,0.48849744445973153
29,чужие хапаксы,пунктуация,16.330992582887617,0.506048195394261
29,чужие хапаксы,служебные,10.560243695482871,0.32723009565397854
29,чужие хапаксы,смысловые редкие,9.998967717777763,0.30983784627328614
29,чужие хапаксы,подслова,15.219450247703827,0.47160485155161624
29,чужие хапаксы,подслова,15.407798472762497,0.47744119486711845
29,чужие хапаксы,пунктуация,11.062129691194116,0.3427820286509635
29,чужие хапаксы,пунктуация,11.801054210591527,0.36567907043674297
29,чужие хапаксы,пунктуация,11.346102701682504,0.3515814956012397
29,чужие хапаксы,пунктуация,11.53254911352265,0.35735890746218846
29,чужие хапаксы,пунктуация,11.429804978193363,0.354175176650553
29,чужие хапаксы,пунктуация,10.27772061646258,0.3184755577059753
29,чужие хапаксы,служебные,13.112559166716403,0.40631865268681777
29,чужие хапаксы,служебные,16.128326458805617,0.49976818357999375
29,чужие хапаксы,служебные,10.524197222357389,0.3261131241911054
29,чужие хапаксы,служебные,11.48127179384942,0.3557699780108039
29,чужие хапаксы,пунктуация,13.476045706234371,0.41758200403791174
29,чужие хапаксы,служебные,12.79831533582325,0.39658118432841005
29,чужие хапаксы,служебные,13.815848799353297,0.42811147682956585
29,чужие хапаксы,пунктуация,10.87342996893369,0.33693479349752
29,чужие хапаксы,пунктуация,11.123674121470458,0.34468910488774696
29,чужие хапаксы,пунктуация,9.823694037319633,0.30440664365374126
29,чужие хапаксы,пунктуация,10.902729624150751,0.3378427014261418
29,чужие хапаксы,служебные,14.384231833411073,0.44572395244718654
29,чужие хапаксы,пунктуация,16.559865456171977,0.5131402753099431
29,чужие хапаксы,служебные,14.097387617650677,0.43683551550692773
29,чужие хапаксы,подслова,14.096827091248011,0.4368181464846163
30,исходный,смысловые редкие,7.691792321141955,0.21787490384282113
30,исходный,смысловые частые,8.78536843190643,0.24885114189370014
30,исходный,служебные,20.256625766838507,0.5737817932238086
30,исходный,служебные,18.74149937903179,0.5308648757784739
30,исходный,смысловые частые,12.67088445203441,0.35891085150627605
30,исходный,пунктуация,15.933055144297406,0.4513139087159836
30,исходный,служебные,18.230254257523253,0.5163835329342814
30,исходный,служебные,23.362218339541073,0.6617496757279603
30,исходный,служебные,9.627398288614181,0.2727021724992364
30,исходный,подслова,8.214857782154123,0.23269106531253272
30,исходный,пунктуация,8.267940886762451,0.2341946779725403
30,исходный,пунктуация,11.89477907415173,0.33692717364314556
30,исходный,пунктуация,12.296714347935714,0.34831224560953505
30,исходный,пунктуация,21.19842489140223,0.600458851721549
30,исходный,служебные,13.94467461157061,0.394991766972761
30,исходный,служебные,10.347126478601442,0.2930889307006281
30,исходный,служебные,13.375258990801516,0.3788627077831796
30,исходный,служебные,12.61692011241843,0.3573822773048567
30,исходный,подслова,7.560566477427113,0.21415784845607094
30,исходный,пунктуация,22.71593154570479,0.6434431917274849
30,исходный,пунктуация,8.667065042171233,0.24550012322513975
30,исходный,служебные,16.349586029350267,0.463112410643683
30,исходный,пунктуация,8.093942267029815,0.2292660565329272
30,исходный,служебные,27.206691322070164,0.7706468152272354
30,исходный,служебные,4.052760961430331,0.11479702882025807
30,исходный,служебные,10.129904098293096,0.2869359687840532
30,исходный,служебные,12.868568945283645,0.3645103903601149
30,исходный,смысловые частые,13.196798625165249,0.3738077045564435
30,исходный,смысловые частые,14.307884179652513,0.40527990872395286
30,исходный,смысловые редкие,14.83182488922837,0.420120862165248
30,исходный,служебные,12.059066594426326,0.34158072202146283
30,исходный,служебные,17.1943779961942,0.48704167977350576
30,исходный,смысловые частые,4.256688773297715,0.12057341364013408
30,исходный,служебные,8.171116482017263,0.23145206519872527
30,исходный,пунктуация,5.111837053486441,0.1447960319244784
30,исходный,пунктуация,6.760617863504616,0.19149879578527726
30,исходный,пунктуация,27.004649451170526,0.7649238508833481
30,исходный,пунктуация,14.958396416437076,0.42370608108022534
30,исходный,служебные,19.88101849491285,0.5631424786353829
30,исходный,смысловые частые,15.368295476064734,0.43531673233977214
30,исходный,служебные,13.283563486171168,0.3762653743633415
30,исходный,подслова,13.640111821609123,0.38636483246822817
30,исходный,подслова,14.511423106517588,0.4110452781290924
30,исходный,служебные,15.46054495610536,0.437929757465029
30,исходный,служебные,20.97590053393998,0.5941557079339156
30,исходный,служебные,16.171768513823412,0.45807561655467793
30,исходный,служебные,7.93326719134782,0.2247148329425644
30,исходный,служебные,17.729201249234585,0.5021908881717609
30,исходный,служебные,17.71105278123109,0.5016768212864282
30,исходный,служебные,18.712153068519402,0.5300336228904502
30,исходный,смысловые частые,14.479486527383767,0.4101406542368528
30,исходный,пунктуация,24.383068722397603,0.6906659113355479
30,исходный,смысловые редкие,11.807943025390415,0.3344674873978527
30,исходный,подслова,17.687949697692638,0.501022411768561
30,исходный,пунктуация,8.055394598863774,0.2281741693440393
30,исходный,пунктуация,9.424378008075234,0.26695149408076363
30,исходный,смысловые частые,10.307175738474287,0.29195730060711544
30,исходный,подслова,7.207206148968598,0.20414869267411445
30,исходный,подслова,6.544783877991889,0.1853851610332905
30,исходный,служебные,20.406433760736405,0.5780251998191319
30,исходный,служебные,17.410882118198494,0.49317429656733214
30,исходный,пунктуация,10.908888723983718,0.30900120317043644
30,исходный,смысловые частые,10.367429858776806,0.2936640368421749
30,исходный,смысловые частые,14.780044551366476,0.41865415120093874
30,исходный,смысловые редкие,17.236573157621056,0.48823688452614056
30,исходный,смысловые редкие,10.629027667832158,0.30107396096828104
30,исходный,служебные,14.10580864804186,0.39955599091904237
30,исходный,пунктуация,16.939212456008736,0.47981395374935126
30,исходный,смысловые частые,5.910703574606143,0.16742443362921444
30,исходный,служебные,14.35109893475546,0.40650399411517774
30,исходный,служебные,10.793321170732034,0.3057276788082599
30,исходный,смысловые частые,4.2288373475441725,0.11978450431255648
30,исходный,смысловые частые,9.99277298952588,0.28305164301327096
30,исходный,служебные,16.860417486495226,0.47758203618198963
30,исходный,пунктуация,18.451856465530614,0.5226605562527935
30,исходный,служебные,13.866608792532292,0.39278050305581486
30,перемешивание,служебные,20.730001982375203,0.6339943455500032
30,перемешивание,служебные,13.820420247073843,0.42267570920732034
30,перемешивание,пунктуация,10.24451607369151,0.313312332007426
30,перемешивание,пунктуация,14.891332444092662,0.45542786610859376
30,перемешивание,смысловые редкие,12.123167214646571,0.3707679078264352
30,перемешивание,смысловые частые,15.07375380288979,0.4610069350388938
30,перемешивание,смысловые редкие,20.54088882027174,0.6282106183923979
30,перемешивание,служебные,15.805174799763273,0.4833762901710636
30,перемешивание,служебные,13.987920445042567,0.42779843801752326
30,перемешивание,подслова,12.369731919946778,0.37830869962691066
30,перемешивание,смысловые редкие,16.47201871631781,0.5037706573698434
30,перемешивание,смысловые редкие,15.398364411211448,0.47093463742678804
30,перемешивание,служебные,16.75984677183909,0.5125734235174922
30,перемешивание,служебные,20.92033163764518,0.639815277228362
30,перемешивание,служебные,17.017400179371556,0.5204502874074015
30,перемешивание,пунктуация,13.62628235057193,0.4167383084900493
30,перемешивание,пунктуация,15.103400565568833,0.4619136344168464
30,перемешивание,служебные,17.035545788500464,0.5210052421823248
30,перемешивание,служебные,19.28780932539726,0.5898871626131598
30,перемешивание,служебные,15.451557427528593,0.47256146175591696
30,перемешивание,служебные,20.687229864233,0.6326862279206654
30,перемешивание,служебные,17.45398024378194,0.533802398634953
30,перемешивание,смысловые редкие,18.186622154237696,0.5562090934793056
30,перемешивание,служебные,15.383152172231737,0.47046939514150066
30,перемешивание,служебные,11.741437872515682,0.35909331924476173
30,перемешивание,подслова,11.579469070368736,0.3541397594330465
30,перемешивание,служебные,17.47690846183766,0.5345036219446867
30,перемешивание,служебные,14.85762936270257,0.4543971106341323
30,перемешивание,служебные,14.155036262075644,0.43290941114434783
30,перемешивание,служебные,15.68931050307178,0.4798327637876128
30,перемешивание,служебные,16.107848894108642,0.49263309895104257
30,перемешивание,служебные,17.61224391568785,0.5386426428944392
30,перемешивание,пунктуация,17.967275829136305,0.5495007328168373
30,перемешивание,смысловые частые,13.422223921354714,0.4104975039597109
30,перемешивание,смысловые редкие,15.749960854959475,0.48168765893837584
30,перемешивание,пунктуация,12.112330861595101,0.37043649509589827
30,перемешивание,пунктуация,23.09838075198249,0.7064274668458098
30,перемешивание,пунктуация,9.380427179136653,0.2868855389146853
30,перемешивание,пунктуация,18.87510176714551,0.5772651542544621
30,перемешивание,служебные,19.148489134533826,0.5856262747799863
30,перемешивание,смысловые редкие,19.9643982581661,0.6105795657302387
30,перемешивание,служебные,18.41609320799018,0.5632271029647926
30,перемешивание,пунктуация,10.602542789629421,0.324262013230489
30,перемешивание,смысловые частые,17.2085748493545,0.526297062525157
30,перемешивание,пунктуация,17.344051630845833,0.5304404057574367
30,перемешивание,служебные,18.710021834583287,0.5722164454363343
30,перемешивание,смысловые частые,17.17374903766844,0.5252319701191398
30,перемешивание,смысловые редкие,14.997478313027738,0.4586741697397051
30,перемешивание,служебные,16.954793326632878,0.5185355557704846
30,перемешивание,пунктуация,17.439728888101616,0.5333665434466406
30,перемешивание,служебные,17.790034179380108,0.544080077100696
30,перемешивание,пунктуация,12.64364407784195,0.3866858700406223
30,перемешивание,смысловые частые,15.599311089308499,0.47708027396743585
30,перемешивание,служебные,21.294943126608388,0.6512721775211197
30,перемешивание,пунктуация,15.21282057991542,0.46526007261037466
30,перемешивание,служебные,19.865778487618517,0.6075634359228338
30,перемешивание,служебные,11.590680173402596,0.35448263329947877
30,перемешивание,смысловые частые,20.989570905067374,0.6419328507854227
30,перемешивание,смысловые частые,20.056887526979683,0.6134082038317556
30,перемешивание,смысловые частые,23.490993883596285,0.7184349189262995
30,перемешивание,служебные,17.53549439581084,0.5362953801364776
30,перемешивание,служебные,14.725621020075518,0.4503598441224294
30,перемешивание,смысловые частые,11.603775143383599,0.3548831222589184
30,перемешивание,служебные,18.893409910457212,0.5778250798804706
30,перемешивание,смысловые редкие,14.439097172307944,0.4415969651075448
30,перемешивание,пунктуация,11.581531271234438,0.3542028285870849
30,перемешивание,смысловые частые,13.698410515029217,0.4189442343968437
30,перемешивание,смысловые частые,12.752812383058625,0.39002461010825445
30,перемешивание,пунктуация,8.148552576224924,0.24921060124045333
30,перемешивание,служебные,18.198146237867352,0.5565615393625746
30,перемешивание,служебные,16.251502256640006,0.4970265099908274
30,перемешивание,служебные,12.034055943629342,0.36804258044838045
30,перемешивание,смысловые частые,13.7189246603245,0.41957162710679413
30,перемешивание,служебные,15.329068706046211,0.4688153378105597
30,перемешивание,пунктуация,17.90573096883684,0.5476184805401274
30,перемешивание,служебные,12.782810856732597,0.3909420660110855
30,перемешивание,служебные,13.919545849008047,0.4257073090681866
30,перемешивание,служебные,13.03828643018197,0.39875538262971166
30,перемешивание,служебные,14.418278351624243,0.44096025438239833
30,чужие хапаксы,подслова,15.369582868901128,0.43787502012306817
30,чужие хапаксы,подслова,14.645604099359218,0.4172490720419864
30,чужие хапаксы,подслова,19.36817338798731,0.5517937203860085
30,чужие хапаксы,подслова,14.384994650250826,0.4098243833730767
30,чужие хапаксы,пунктуация,18.79824722453657,0.5355566869923041
30,чужие хапаксы,пунктуация,15.543442926625955,0.4428282434424138
30,чужие хапаксы,пунктуация,11.065464277856607,0.3152519124732742
30,чужие хапаксы,смысловые редкие,16.861572545618813,0.4803813792929104
30,чужие хапаксы,служебные,9.970312873672976,0.28405136218930943
30,чужие хапаксы,служебные,11.93463846487691,0.34001443647137525
30,чужие хапаксы,смысловые редкие,18.865710715917704,0.5374787025667058
30,чужие хапаксы,служебные,14.543516703218723,0.41434063132367777
30,чужие хапаксы,пунктуация,3.4849692987201055,0.09928577859409682
30,чужие хапаксы,служебные,10.604001151167644,0.30210495997569936
30,чужие хапаксы,служебные,15.489696459875242,0.4412970219765644
30,чужие хапаксы,служебные,14.232932033740694,0.4054921629197118
30,чужие хапаксы,пунктуация,12.789001943618349,0.3643550076265812
30,чужие хапаксы,пунктуация,15.12442010797734,0.4308904031826732
30,чужие хапаксы,служебные,10.255011018122344,0.29216233089894234
30,чужие хапаксы,служебные,20.972118356290906,0.5974896537931099
30,чужие хапаксы,служебные,3.84912812951004,0.10966055953124115
30,чужие хапаксы,служебные,4.081348068090133,0.11627643916480507
30,чужие хапаксы,смысловые частые,7.570552523992872,0.21568287617574955
30,чужие хапаксы,служебные,6.238187015799216,0.1777241639134895
30,чужие хапаксы,служебные,7.959631508127597,0.22676762515434273
30,чужие хапаксы,пунктуация,19.54321894759909,0.5567807183150514
30,чужие хапаксы,смысловые частые,11.071444015092387,0.3154222734768735
30,чужие хапаксы,служебные,16.777222718078676,0.477978276830953
30,чужие хапаксы,служебные,12.874483601370292,0.36679035560756135
30,чужие хапаксы,служебные,11.055830474370458,0.31497744816729134
30,чужие хапаксы,служебные,12.473976023553778,0.35538000926363444
30,чужие хапаксы,служебные,14.648334063243801,0.41732684793226876
30,чужие хапаксы,служебные,16.537755106013282,0.47115591305267995
30,чужие хапаксы,служебные,15.248132886673416,0.43441494486497445
30,чужие хапаксы,смысловые частые,3.8858395781842283,0.1107064582042288
30,чужие хапаксы,смысловые частые,3.554398201767325,0.10126378818474341
30,чужие хапаксы,смысловые частые,5.649095641587107,0.16094111914658257
30,чужие хапаксы,служебные,9.352322792789673,0.26644500153457945
30,чужие хапаксы,служебные,9.773667612273398,0.27844899493400327
30,чужие хапаксы,служебные,19.99310638087778,0.5695978826180996
30,чужие хапаксы,смысловые частые,13.417831921683028,0.38227019385171956
30,чужие хапаксы,служебные,28.2519014980624,0.8048885934315199
30,чужие хапаксы,пунктуация,13.50734526520246,0.38482040340712415
30,чужие хапаксы,смысловые частые,9.192519699589617,0.26189225711415093
30,чужие хапаксы,служебные,14.67335352187173,0.4180396451528322
30,чужие хапаксы,пунктуация,6.7646657198861115,0.19272339161620583
30,чужие хапаксы,пунктуация,5.943944586568411,0.16934128126016795
30,чужие хапаксы,пунктуация,29.209579069045148,0.8321725535261026
30,чужие хапаксы,смысловые частые,4.542932472986167,0.12942684684381295
30,чужие хапаксы,служебные,14.19197456242545,0.4043252962760737
30,чужие хапаксы,пунктуация,7.040523466146197,0.20058249990984392
30,чужие хапаксы,служебные,17.00811473157159,0.4845563242585794
30,чужие хапаксы,служебные,12.996484907607515,0.37026613792900337
30,чужие хапаксы,служебные,14.008819566245695,0.3991072628185668
30,чужие хапаксы,подслова,5.7875114848941465,0.16488454693446727
30,чужие хапаксы,служебные,10.019521283172296,0.2854532957019838
30,чужие хапаксы,служебные,10.316747281048917,0.29392117937270246
30,чужие хапаксы,служебные,12.24672275803643,0.3489056287251237
30,чужие хапаксы,смысловые частые,4.090769744793205,0.11654486003940787
30,чужие хапаксы,смысловые частые,3.6164306837172115,0.10303107585375693
30,чужие хапаксы,смысловые редкие,10.332552556843119,0.294371467159656
30,чужие хапаксы,пунктуация,6.389705909184935,0.1820408938505486
30,чужие хапаксы,пунктуация,7.1761548227479,0.20444659846787697
30,чужие хапаксы,пунктуация,19.82230966502049,0.5647319330324222
30,чужие хапаксы,служебные,19.03600409650251,0.5423303122744277
30,чужие хапаксы,служебные,17.16688211935227,0.48907956172782907
30,чужие хапаксы,пунктуация,7.073047027905132,0.20150908688238198
30,чужие хапаксы,пунктуация,9.129834410667263,0.26010637116119933
30,чужие хапаксы,пунктуация,21.53100830867012,0.6134122686898228
30,чужие хапаксы,пунктуация,16.040869623109757,0.4569997877576024
30,чужие хапаксы,служебные,9.916711139944129,0.2825242641258583
30,чужие хапаксы,служебные,16.414629962386606,0.467648112925438
30,чужие хапаксы,служебные,15.145042296517008,0.4314779234360732
30,чужие хапаксы,служебные,16.79649878260618,0.4785274463962476
30,чужие хапаксы,смысловые частые,4.129371733165165,0.11764461964767699
30,чужие хапаксы,пунктуация,12.611278790806745,0.35929172583308644
30,чужие хапаксы,служебные,6.369478838838806,0.18146463040147592
31,исходный,смысловые редкие,14.978900268452152,0.4811928061601433
31,исходный,служебные,6.0083699455805455,0.19301713361770925
31,исходный,служебные,11.789585367245968,0.3787369943491771
31,исходный,служебные,14.260778222551934,0.458123344701749
31,исходный,служебные,11.564432948383596,0.37150403850432695
31,исходный,служебные,16.949997034843857,0.5445137153880956
31,исходный,служебные,16.988815964603155,0.5457607621944858
31,исходный,служебные,14.27261081781359,0.45850346337642267
31,исходный,подслова,13.304378029010751,0.427399267186428
31,исходный,служебные,12.16438134697746,0.39077720597969184
31,исходный,служебные,12.877471943728484,0.4136850336003703
31,исходный,пунктуация,14.305629344062906,0.45956417391033577
31,исходный,служебные,17.660165420571403,0.567327667831199
31,исходный,служебные,15.520925759834325,0.49860521712050215
31,исходный,пунктуация,14.05827735761057,0.45161806342577854
31,исходный,пунктуация,19.409475031670926,0.6235237293258304
31,исходный,пунктуация,16.092044797938318,0.5169522497912217
31,исходный,пунктуация,11.349714789710278,0.3646062802274285
31,исходный,пунктуация,9.190025700589025,0.2952268975890068
31,исходный,смысловые частые,11.507877771594213,0.36968721993057074
31,исходный,пунктуация,18.180245403711652,0.5840350857343718
31,исходный,пунктуация,11.0036784175841,0.35348996261046917
31,исходный,служебные,14.278840042964678,0.45870357541915846
31,исходный,служебные,13.171906985154207,0.4231436735055923
31,исходный,служебные,12.260598701775566,0.3938681604641221
31,исходный,служебные,17.515559477921084,0.5626822440628138
31,исходный,служебные,18.149661715092723,0.5830525936498049
31,исходный,пунктуация,15.043331914309084,0.48326265400743235
31,исходный,смысловые частые,18.49998627351802,0.5943066680020137
31,исходный,служебные,15.900304970594288,0.5107926637122185
31,исходный,пунктуация,13.30770996461224,0.42750630464667483
31,исходный,пунктуация,17.55059343561503,0.5638076997445738
31,исходный,пунктуация,11.09672301005056,0.35647899302956215
31,исходный,служебные,12.832995749466434,0.4122562488203985
31,исходный,служебные,11.672878911327226,0.37498783346192416
31,исходный,служебные,11.154998236930847,0.3583510677112532
31,исходный,пунктуация,20.89242473887396,0.6711630565270609
31,исходный,смысловые частые,11.61107652376244,0.37300244977108465
31,исходный,смысловые частые,9.919297785975285,0.3186545508166851
31,исходный,смысловые редкие,8.149891463893137,0.26181288833806915
31,исходный,служебные,16.024275082057546,0.5147751674171555
31,исходный,служебные,16.100479451048624,0.5172232105644692
31,исходный,смысловые редкие,12.562000181314486,0.40355059516365827
31,исходный,смысловые редкие,15.275480346722333,0.4907203547489136
31,исходный,служебные,13.19483331932912,0.4238801753100556
31,исходный,служебные,19.90935249079583,0.6395821470321772
31,исходный,служебные,15.200919911238978,0.488325122486481
31,исходный,служебные,12.465813572638062,0.4004606283894273
31,исходный,служебные,16.908728888651023,0.5431879882174981
31,исходный,служебные,13.932464256611782,0.44757635421907366
31,исходный,служебные,13.108775453882982,0.42111559146050587
31,исходный,служебные,13.394608358714322,0.43029789023436044
31,исходный,служебные,9.350140676179228,0.30037054452113726
31,исходный,пунктуация,10.028001444604946,0.3221466241731015
31,исходный,служебные,9.70236923236189,0.31168578424646226
31,исходный,служебные,16.566431858537133,0.5321917958730112
31,исходный,служебные,9.219081199847603,0.2961602970356982
31,исходный,смысловые редкие,15.543725975114643,0.4993376673922286
31,исходный,смысловые редкие,21.65555039074545,0.695678245712894
31,исходный,смысловые редкие,14.286573711180367,0.4589520172569385
31,исходный,смысловые частые,21.96235065499269,0.7055341147979386
31,перемешивание,служебные,18.171727544244934,0.590297012440188
31,перемешивание,служебные,17.122960947843158,0.5562284965494629
31,перемешивание,служебные,16.126285094243347,0.5238521153100485
31,перемешивание,служебные,15.950673953026755,0.5181474990726013
31,перемешивание,пунктуация,15.481886835473013,0.5029192476975657
31,перемешивание,пунктуация,20.42282424141838,0.663422456997951
31,перемешивание,служебные,13.83178802448605,0.4493168372506186
31,перемешивание,служебные,15.382115175445415,0.499678228774236
31,перемешивание,смысловые редкие,15.215206231055102,0.4942562978662772
31,перемешивание,служебные,19.62044605034626,0.6373577117565423
31,перемешивание,смысловые частые,15.844279968013225,0.5146913581337623
31,перемешивание,пунктуация,11.4405225911355,0.3716381004424956
31,перемешивание,пунктуация,12.939952272940737,0.4203461200503557
31,перемешивание,подслова,13.21214159609554,0.42918801710638343
31,перемешивание,смысловые частые,15.516447426446097,0.504041926515521
31,перемешивание,пунктуация,11.819096085260574,0.3839358196344086
31,перемешивание,служебные,11.689879610845864,0.37973830464199315
31,перемешивание,служебные,16.00724873006451,0.5199852947243105
31,перемешивание,служебные,17.614208253194544,0.5721863528409005
31,перемешивание,смысловые частые,20.464907610831805,0.6647895084892127
31,перемешивание,смысловые редкие,15.990831298192505,0.519451984891088
31,перемешивание,смысловые редкие,11.029721985871337,0.35829350404099086
31,перемешивание,смысловые редкие,13.374408338835098,0.43445914904605953
31,перемешивание,смысловые частые,20.932176036224014,0.6799684261152371
31,перемешивание,пунктуация,12.129644574361624,0.39402378980058145
31,перемешивание,служебные,14.815968223344502,0.4812873050927323
31,перемешивание,смысловые частые,18.33078056306401,0.5954637486021677
31,перемешивание,служебные,18.388941536383086,0.5973530708312882
31,перемешивание,подслова,16.55037478437812,0.537628399181998
31,перемешивание,служебные,20.42920428620143,0.6636297086951548
31,перемешивание,служебные,17.410203346988652,0.5655593832056102
31,перемешивание,смысловые частые,19.096514829058382,0.6203381392421876
31,перемешивание,смысловые частые,16.689476482956085,0.5421470293945632
31,перемешивание,пунктуация,10.452162758305743,0.339531859848983
31,перемешивание,пунктуация,10.35602287015333,0.3364088167252885
31,перемешивание,пунктуация,10.384030877310096,0.33731863902527554
31,перемешивание,пунктуация,11.216473370988886,0.364360004016601
31,перемешивание,служебные,19.788111113237747,0.6428042046931363
31,перемешивание,служебные,14.821756673956934,0.4814753392295449
31,перемешивание,служебные,14.759662304515803,0.47945824312895624
31,перемешивание,служебные,16.09217353344349,0.5227440229516968
31,перемешивание,пунктуация,12.61679206706213,0.40984846628544924
31,перемешивание,служебные,17.794647470903804,0.5780478060726574
31,перемешивание,служебные,21.32022145862621,0.6925738348732863
31,перемешивание,смысловые частые,17.12198223333871,0.5561967036312278
31,перемешивание,смысловые частые,18.701245921419208,0.6074980801601991
31,перемешивание,служебные,15.6943459147424,0.5098208457681482
31,перемешивание,служебные,14.06688493087045,0.45695381073785285
31,перемешивание,служебные,15.963441230204815,0.5185622359520122
31,перемешивание,служебные,17.361237362419374,0.5639687543382084
31,перемешивание,служебные,14.439589627168019,0.4690608857647706
31,перемешивание,служебные,13.721713112366741,0.4457411237357402
31,перемешивание,пунктуация,14.533386494855426,0.47210781735877083
31,перемешивание,пунктуация,11.358210175740846,0.36896423397735656
31,перемешивание,служебные,14.456211080183888,0.4696008230950983
31,перемешивание,служебные,26.227416250237432,0.8519809368066164
31,перемешивание,пунктуация,12.474787012937263,0.4052355224144157
31,перемешивание,пунктуация,10.25108503635814,0.33299997793269587
31,перемешивание,пунктуация,10.596223691248921,0.3442115876359339
31,перемешивание,смысловые редкие,14.943041398360053,0.4854151963672592
31,перемешивание,служебные,13.102211204539985,0.42561699825010657
31,перемешивание,пунктуация,8.105162687558378,0.2632910551931895
31,перемешивание,пунктуация,11.655570384719091,0.3786237912512075
31,перемешивание,пунктуация,11.393406787113557,0.37010757351349827
31,чужие хапаксы,пунктуация,16.98125026355147,0.5593227405066472
31,чужие хапаксы,пунктуация,11.550731742598835,0.3804541381145825
31,чужие хапаксы,пунктуация,16.13495811808598,0.5314478529262547
31,чужие хапаксы,служебные,10.508816752411288,0.3461358907157143
31,чужие хапаксы,смысловые редкие,6.619539533870025,0.2180321787567803
31,чужие хапаксы,смысловые редкие,14.809751640987624,0.4877986452999611
31,чужие хапаксы,пунктуация,10.208059575639522,0.33622965143838063
31,чужие хапаксы,пунктуация,20.424779932426517,0.672744568788938
31,чужие хапаксы,служебные,24.655081257755683,0.8120808186957315
31,чужие хапаксы,пунктуация,11.450122128107948,0.3771402922890401
31,чужие хапаксы,служебные,9.674203514254401,0.3186456790773513
31,чужие хапаксы,служебные,10.148388923021455,0.33426423944384726
31,чужие хапаксы,служебные,14.130767714941125,0.4654344998817977
31,чужие хапаксы,служебные,13.530058781075994,0.44564854997106346
31,чужие хапаксы,пунктуация,15.37219887942589,0.5063243442862673
31,чужие хапаксы,пунктуация,17.10468106004309,0.563388262790645
31,чужие хапаксы,смысловые частые,9.950409343554114,0.32774325428472106
31,чужие хапаксы,пунктуация,17.99525945926476,0.5927218361823435
31,чужие хапаксы,пунктуация,19.198531189737512,0.6323547979146583
31,чужие хапаксы,пунктуация,11.32430753897024,0.3729962534403068
31,чужие хапаксы,пунктуация,8.51576703276263,0.2804894857774038
31,чужие хапаксы,служебные,13.318596807055192,0.43868348621035047
31,чужие хапаксы,служебные,13.810900900442636,0.4548988337496969
31,чужие хапаксы,пунктуация,10.37035147509127,0.3415751677316195
31,чужие хапаксы,пунктуация,11.029046392304343,0.3632710405640338
31,чужие хапаксы,служебные,10.417122870399027,0.34311570830400623
31,чужие хапаксы,смысловые редкие,12.759999155263317,0.42028458362121535
31,чужие хапаксы,служебные,14.874211852670758,0.48992181418874636
31,чужие хапаксы,служебные,15.770172958758852,0.5194326813785544
31,чужие хапаксы,служебные,13.745548423122811,0.4527462757138566
31,чужие хапаксы,смысловые частые,9.321413520104159,0.3070256002675494
31,чужие хапаксы,смысловые редкие,9.663789984246693,0.3183026817095567
31,чужие хапаксы,смысловые редкие,16.70282640110795,0.550152108465577
31,чужие хапаксы,служебные,13.147088325365205,0.43303439721453735
31,чужие хапаксы,смысловые частые,19.461311509131395,0.6410101681679355
31,чужие хапаксы,служебные,13.361900168842489,0.4401097978547886
31,чужие хапаксы,служебные,12.093815992731477,0.3983420654695062
31,чужие хапаксы,служебные,10.271297026898605,0.338312545453364
31,чужие хапаксы,служебные,13.354064145964864,0.4398516975546009
31,чужие хапаксы,смысловые частые,17.00394083173488,0.5600701148508814
31,чужие хапаксы,смысловые редкие,13.685420268197795,0.4507657946613835
31,чужие хапаксы,служебные,14.514580173367232,0.478076386242089
31,чужие хапаксы,смысловые частые,17.66483986440594,0.5818385861009164
31,чужие хапаксы,смысловые редкие,20.783990603348204,0.6845761297023527
31,чужие хапаксы,смысловые частые,11.318830729365656,0.3728158601176877
31,чужие хапаксы,служебные,11.20566961097886,0.3690885970556296
31,чужие хапаксы,подслова,14.060328523400752,0.46311439735460047
31,чужие хапаксы,смысловые частые,11.675462210173919,0.3845624685299533
31,чужие хапаксы,пунктуация,10.610440793803363,0.34948314939517555
31,чужие хапаксы,пунктуация,20.358070790515093,0.6705473253886195
32,исходный,пунктуация,16.559075001424123,0.46624139072787213
32,исходный,служебные,21.720094869974574,0.6115563362112518
32,исходный,служебные,18.56149419540775,0.5226219983247831
32,исходный,служебные,19.208220101664097,0.5408313720927483
32,исходный,смысловые редкие,11.509942459268924,0.32407677234059284
32,исходный,пунктуация,17.97743076487808,0.5061769646438542
32,исходный,пунктуация,8.210457855491526,0.23117567187344276
32,исходный,служебные,12.830839077676298,0.3612682625851284
32,исходный,смысловые редкие,9.340275609864896,0.262987098600043
32,исходный,смысловые редкие,12.956842420827753,0.3648160437227972
32,исходный,служебные,15.211483182168486,0.4282982638388873
32,исходный,пунктуация,10.554437424101932,0.2971733374322161
32,исходный,пунктуация,15.7835158127667,0.44440455535631185
32,исходный,пунктуация,15.537296346391866,0.43747193946943386
32,исходный,служебные,12.09894314094463,0.34066082047978713
32,исходный,смысловые редкие,8.052291646747731,0.22672230517726438
32,исходный,подслова,10.395457550341314,0.29269706098359094
32,исходный,смысловые редкие,9.59273957157925,0.2700955360343952
32,исходный,смысловые редкие,8.663809281940107,0.2439403462008235
32,исходный,служебные,14.5685620318467,0.4101960177153198
32,исходный,служебные,15.174056241511835,0.4272444616874419
32,исходный,смысловые редкие,18.435223271035376,0.5190666831044095
32,исходный,пунктуация,14.033791217079495,0.3951388790541147
32,исходный,подслова,19.878863628226178,0.5597141762638785
32,исходный,смысловые частые,11.094128857848222,0.31236902225230107
32,исходный,служебные,17.61971340075698,0.4961049865097503
32,исходный,пунктуация,15.521445704156994,0.43702564488601775
32,исходный,служебные,13.705278313773263,0.3858891889055783
32,исходный,смысловые редкие,17.5846741159525,0.49511841178405186
32,исходный,пунктуация,6.147278458719054,0.17308428505445916
32,исходный,служебные,8.53415458853051,0.2402897567467334
32,исходный,служебные,13.991078003790035,0.39393623530953226
32,исходный,подслова,20.5492355983453,0.5785893344249741
32,исходный,служебные,10.784798360815353,0.3036594366553553
32,исходный,служебные,10.793970104471304,0.30391767852678725
32,исходный,служебные,13.258745794172192,0.37331650939744637
32,исходный,служебные,10.60592847112152,0.2986231320234225
32,исходный,смысловые редкие,14.470506856003654,0.40743515205409203
32,исходный,смысловые редкие,13.005437536735235,0.36618429976495764
32,исходный,смысловые редкие,13.556001213426756,0.38168610613293585
32,исходный,пунктуация,7.759263891200518,0.2184717435814959
32,исходный,пунктуация,19.533493904086598,0.549989861319699
32,исходный,смысловые редкие,8.842801235776722,0.2489800877007989
32,исходный,служебные,12.545898067249908,0.3532453933750318
32,исходный,пунктуация,7.953806792258151,0.22394934137832603
32,исходный,подслова,13.962894956704512,0.39314270650028577
32,исходный,пунктуация,12.376982375269794,0.34848936158353405
32,исходный,служебные,8.452128816595524,0.23798021892658303
32,исходный,пунктуация,9.16068075131885,0.2579303815667013
32,исходный,пунктуация,7.989452317409888,0.22495298555643028
32,исходный,служебные,14.481093168013734,0.407733222860211
32,исходный,смысловые редкие,9.694790165597484,0.2729688976729876
32,исходный,служебные,16.630916793798864,0.46826418591337016
32,исходный,служебные,13.052642965719173,0.3675134274401136
32,исходный,служебные,16.13038898619652,0.4541712017886882
32,исходный,служебные,15.86877311497631,0.446805080938115
32,исходный,служебные,16.89797017862531,0.47578340673514674
32,исходный,служебные,12.967414609424202,0.3651137168666063
32,исходный,служебные,13.370729109146424,0.3764695391715982
32,исходный,служебные,16.663975129404847,0.46919498454594816
32,исходный,подслова,11.296962688560665,0.3180800615047894
32,исходный,подслова,13.688747678195693,0.385423748262267
32,исходный,подслова,9.336063511166847,0.26286850171255427
32,исходный,подслова,11.211870321501358,0.3156841798776668
32,исходный,пунктуация,14.163520009359294,0.39879155485422907
32,исходный,смысловые редкие,19.193192120919367,0.5404082405686957
32,исходный,подслова,10.370052994967857,0.29198176407074256
32,исходный,пунктуация,16.27585518231254,0.4582669838039996
32,исходный,пунктуация,12.122547596894707,0.34132543335028814
32,исходный,пунктуация,11.05166101712692,0.31117328727813093
32,исходный,пунктуация,14.927523103079315,0.4203030139729168
32,исходный,служебные,10.218286537488902,0.28770859034607826
32,исходный,служебные,16.79951129270021,0.4730111741135004
32,исходный,служебные,18.391522769089068,0.5178362410174451
32,исходный,подслова,13.92350970215457,0.39203376558094355
32,исходный,подслова,25.90685434108407,0.7294397661906016
32,исходный,подслова,12.25637795690119,0.3450935939006612
32,исходный,служебные,13.19762265499476,0.37159551124910245
32,исходный,служебные,12.702246920113996,0.3576475901518319
32,исходный,пунктуация,6.261806537342867,0.17630896582016412
32,исходный,смысловые редкие,12.372394765139681,0.3483601917037553
32,исходный,служебные,17.894752576601423,0.503849057228636
32,исходный,служебные,14.877427738189043,0.41889251655120385
32,исходный,служебные,14.89388432478859,0.4193558722532673
32,исходный,служебные,21.49618395380504,0.6052518453538183
32,исходный,подслова,11.534284599574047,0.3247621556333297
32,исходный,служебные,11.487783046157116,0.3234528464518536
32,исходный,подслова,14.999766930158183,0.4223371289464802
32,исходный,служебные,17.86491698410328,0.5030089989440805
32,исходный,пунктуация,12.705189898683097,0.35773045338065484
32,исходный,смысловые редкие,21.224022971965308,0.5975888137736178
32,исходный,подслова,8.363218325830058,0.2354768332687958
32,исходный,служебные,13.918146319316307,0.39188275285388585
32,исходный,подслова,9.747530845178096,0.2744538772261017
32,исходный,смысловые редкие,7.628057366131063,0.21477746037330386
32,исходный,смысловые редкие,22.255816824704276,0.626640255403305
32,перемешивание,служебные,17.900666807236227,0.5596055943216354
32,перемешивание,пунктуация,15.483933947323106,0.48405437363517456
32,перемешивание,пунктуация,16.236376448419172,0.5075770187719751
32,перемешивание,подслова,10.96094309648153,0.34265791000325324
32,перемешивание,служебные,14.356170072519625,0.4487985376258281
32,перемешивание,служебные,13.313690737190425,0.4162088428230013
32,перемешивание,смысловые редкие,16.815082175691124,0.5256683539124315
32,перемешивание,смысловые редкие,10.23451144990325,0.31994840886035997
32,перемешивание,смысловые редкие,11.985864501910813,0.3746987137562377
32,перемешивание,служебные,16.829908353873137,0.5261318457109443
32,перемешивание,служебные,15.262176486715134,0.47712185447959676
32,перемешивание,пунктуация,10.972507427978247,0.3430194308711539
32,перемешивание,смысловые редкие,11.00626935565185,0.3440748867267756
32,перемешивание,служебные,18.425987513163275,0.5760280219895774
32,перемешивание,смысловые редкие,12.132587082157691,0.3792855136561312
32,перемешивание,смысловые редкие,14.958361148102199,0.46762406509781845
32,перемешивание,подслова,11.515844812440344,0.3600050908593149
32,перемешивание,служебные,14.586556456461581,0.4560008117476688
32,перемешивание,смысловые редкие,14.089682731540602,0.44046768557245797
32,перемешивание,смысловые редкие,14.405679515299537,0.450346287854897
32,перемешивание,смысловые редкие,13.973285930957573,0.43682892163875514
32,перемешивание,служебные,21.883252051547444,0.6841080503797765
32,перемешивание,служебные,19.361795205038195,0.6052829779765089
32,перемешивание,подслова,14.086665768101158,0.44037337011277383
32,перемешивание,подслова,11.768224935224568,0.36789492703840854
32,перемешивание,подслова,12.727106868260492,0.39787122344117337
32,перемешивание,подслова,12.633093293155788,0.39493219758603026
32,перемешивание,смысловые частые,14.37247180951836,0.4493081579276799
32,перемешивание,пунктуация,15.122583487657028,0.4727579375349234
32,перемешивание,смысловые редкие,12.893245454704875,0.403065001047792
32,перемешивание,подслова,14.749782276998507,0.4611035312884447
32,перемешивание,смысловые редкие,18.811137387356286,0.5880684686707901
32,перемешивание,пунктуация,8.556507787539967,0.26749113188500767
32,перемешивание,подслова,14.428852014365804,0.45107069998163707
32,перемешивание,подслова,12.108923263909961,0.37854574204778607
32,перемешивание,смысловые редкие,18.21517406167987,0.5694376313589514
32,перемешивание,подслова,14.321194545267828,0.4477051425626597
32,перемешивание,служебные,15.34528112310733,0.4797198481711133
32,перемешивание,смысловые редкие,15.81830738426561,0.4945074616637131
32,перемешивание,подслова,9.99246848394875,0.31238172996102503
32,перемешивание,смысловые частые,20.111464828522543,0.6287189381958929
32,перемешивание,служебные,16.033933980619963,0.5012483194710686
32,перемешивание,смысловые частые,15.927090459410875,0.497908207461305
32,перемешивание,пунктуация,14.23297398350919,0.44494721625600536
32,перемешивание,пунктуация,17.530268250483637,0.5480262991635567
32,перемешивание,пунктуация,12.387504156041972,0.38725465928461017
32,перемешивание,пунктуация,9.77180182726577,0.3054833112099353
32,перемешивание,подслова,10.059403247199718,0.3144742256413923
32,перемешивание,служебные,14.94443703774631,0.46718877348913057
32,перемешивание,пунктуация,10.103652395203614,0.31585753001958095
32,перемешивание,служебные,17.50564713317537,0.5472566007421222
32,перемешивание,смысловые редкие,14.539080991636057,0.45451664716343987
32,перемешивание,подслова,11.1357524603962,0.348122751008333
32,перемешивание,служебные,15.676215043678276,0.49006541100944456
32,перемешивание,подслова,10.15610819787497,0.31749738852014003
32,перемешивание,служебные,17.80821649704144,0.5567154388129668
32,перемешивание,служебные,17.44299272306423,0.5452979162537352
32,перемешивание,подслова,9.472679549730087,0.29613223497921465
32,перемешивание,смысловые редкие,21.06870961738745,0.6586440546595707
32,перемешивание,служебные,14.76503191239356,0.4615802610868558
32,перемешивание,подслова,8.733523205196816,0.2730249379196471
32,перемешивание,служебные,16.909995161604076,0.5286354968944565
32,перемешивание,служебные,19.40290965828187,0.606568286411686
32,перемешивание,служебные,15.354546311657492,0.48000949388101605
32,перемешивание,служебные,12.155465326212251,0.38000072686573144
32,перемешивание,служебные,14.68919066943921,0.4592093335513293
32,перемешивание,служебные,21.7026978902799,0.6784636171409809
32,перемешивание,смысловые редкие,10.711777492021717,0.33486856518890934
32,перемешивание,служебные,14.040732870344119,0.43893742882494136
32,перемешивание,смысловые редкие,12.36181394853038,0.3864515392669269
32,перемешивание,смысловые редкие,10.014952955169544,0.3130846331554152
32,перемешивание,подслова,15.24142243270072,0.4764730470996044
32,перемешивание,служебные,16.27940447791601,0.5089221488879847
32,перемешивание,служебные,17.673694235808654,0.5525100418432722
32,перемешивание,подслова,14.557586166458513,0.4550951507167466
32,перемешивание,смысловые редкие,15.260471583167472,0.47706855626599814
32,перемешивание,подслова,16.569598013385196,0.5179940973038327
32,чужие хапаксы,пунктуация,11.433250838090263,0.3166282695349186
32,чужие хапаксы,пунктуация,9.76658876589332,0.2704723393194188
32,чужие хапаксы,пунктуация,14.17508038772533,0.39255949486659913
32,чужие хапаксы,пунктуация,9.973957192179126,0.2762151247179784
32,чужие хапаксы,пунктуация,12.877604498095742,0.3566276718431732
32,чужие хапаксы,пунктуация,12.890833056109694,0.3569940186934011
32,чужие хапаксы,пунктуация,12.99864233648296,0.35997964949673034
32,чужие хапаксы,пунктуация,14.23967283359222,0.3943482944520788
32,чужие хапаксы,пунктуация,15.293298852037278,0.42352702827691535
32,чужие хапаксы,смысловые редкие,9.049023472577012,0.25060034837663897
32,чужие хапаксы,пунктуация,6.2864220072987544,0.1740938732058561
32,чужие хапаксы,пунктуация,14.12708160846715,0.3912302342187286
32,чужие хапаксы,смысловые редкие,23.231212110675845,0.6433566965308162
32,чужие хапаксы,смысловые редкие,20.955558349241294,0.5803355730771822
32,чужие хапаксы,пунктуация,17.342258704682475,0.4802701734835445
32,чужие хапаксы,подслова,28.306131020388804,0.7838996457906305
32,чужие хапаксы,служебные,18.7555835235164,0.5194102744063093
32,чужие хапаксы,служебные,18.644409451335854,0.5163314602885954
32,чужие хапаксы,служебные,18.93130797807968,0.5242767232187481
32,чужие хапаксы,подслова,12.177042716269975,0.3372265699323502
32,чужие хапаксы,пунктуация,14.150131216618556,0.3918685616415927
32,чужие хапаксы,смысловые редкие,14.96864526141635,0.4145361904082893
32,чужие хапаксы,смысловые редкие,16.651602975461127,0.46114340617260713
32,чужие хапаксы,служебные,15.132908276996922,0.4190852303190197
32,чужие хапаксы,служебные,16.95143074205808,0.46944672674525095
32,чужие хапаксы,служебные,13.59683096503182,0.3765456667209731
32,чужие хапаксы,служебные,15.106254995396698,0.4183471040809081
32,чужие хапаксы,смысловые редкие,8.357114853492266,0.23143888399179113
32,чужие хапаксы,смысловые редкие,20.864707719381673,0.5778195889423136
32,чужие хапаксы,смысловые редкие,9.15410653206093,0.2535104802151691
32,чужие хапаксы,смысловые редкие,8.625007639581337,0.23885780888738442
32,чужие хапаксы,смысловые редкие,11.829679376833175,0.3276068165810701
32,чужие хапаксы,служебные,11.520264315859869,0.31903798898239355
32,чужие хапаксы,смысловые редкие,9.264911175564073,0.2565790635101276
32,чужие хапаксы,подслова,11.282112609422166,0.3124427026754631
32,чужие хапаксы,служебные,12.898283467505077,0.35720034766324965
32,чужие хапаксы,пунктуация,14.528083514191806,0.40233543441837805
32,чужие хапаксы,подслова,13.782036558546597,0.38167468272991134
32,чужие хапаксы,подслова,11.499966720614427,0.31847587479900896
32,чужие хапаксы,пунктуация,9.536016108145105,0.26408694441653924
32,чужие хапаксы,смысловые редкие,12.001964430618031,0.332378015885549
32,чужие хапаксы,подслова,17.31307632507364,0.47946200732963906
32,чужие хапаксы,подслова,8.292938671895172,0.22966161227684284
32,чужие хапаксы,служебные,16.249615739056996,0.45001091858528636
32,чужие хапаксы,подслова,15.627130385722111,0.43277203674595655
32,чужие хапаксы,пунктуация,18.378672010732554,0.5089722247430456
32,чужие хапаксы,смысловые редкие,15.841360143808618,0.43870483735939475
32,чужие хапаксы,пунктуация,8.874552708873496,0.2457686188206112
32,чужие хапаксы,пунктуация,7.2010103599920505,0.1994221487375456
32,чужие хапаксы,подслова,15.29453386993087,0.42356123041102667
32,чужие хапаксы,подслова,15.33675646418306,0.4247305275026996
32,чужие хапаксы,служебные,12.59839713699216,0.34889540524292384
32,чужие хапаксы,пунктуация,17.365367712747954,0.4809101459059167
32,чужие хапаксы,пунктуация,16.63666062499999,0.46072959818078624
32,чужие хапаксы,служебные,14.006513206547261,0.3878912569671054
32,чужие хапаксы,пунктуация,15.014815065725825,0.41581480009247224
32,чужие хапаксы,смысловые частые,17.725337518197772,0.49087901811894297
32,чужие хапаксы,служебные,16.707501692575455,0.462691444811816
32,чужие хапаксы,смысловые редкие,14.3785325056216,0.3981938234521399
32,чужие хапаксы,смысловые редкие,13.808825360781837,0.38241656202695246
32,чужие хапаксы,смысловые редкие,15.1891494633127,0.4206427531751114
32,чужие хапаксы,смысловые редкие,14.417078070017753,0.3992612902230377
32,чужие хапаксы,служебные,17.17813026285259,0.4757248604090752
32,чужие хапаксы,пунктуация,11.777701585941108,0.3261673626394515
32,чужие хапаксы,служебные,13.552866274330086,0.3753281246470118
32,чужие хапаксы,служебные,16.119750393626706,0.4464144751783808
32,чужие хапаксы,служебные,16.130510799745775,0.4467124699322108
32,чужие хапаксы,служебные,12.64021750975212,0.3500535633596142
32,чужие хапаксы,пунктуация,14.264599607875336,0.39503860742763747
32,чужие хапаксы,подслова,13.086393516009416,0.3624097985870087
32,чужие хапаксы,служебные,13.380420829670499,0.37055248353627546
32,чужие хапаксы,смысловые редкие,11.565141031375697,0.32028078833818563
32,чужие хапаксы,пунктуация,14.850984207754756,0.4112777281966137
32,чужие хапаксы,служебные,10.580358159148824,0.2930085714406069
32,чужие хапаксы,смысловые редкие,23.629419541175807,0.6543845075550524
32,чужие хапаксы,смысловые редкие,8.435274652066733,0.233603412883905
32,чужие хапаксы,смысловые редкие,12.503725930512674,0.3462736154556729
32,чужие хапаксы,смысловые редкие,9.565608187420466,0.2649064566432528
33,исходный,служебные,11.868788524709371,0.34228278539842694
33,исходный,служебные,19.823784068714065,0.5716960929963627
33,исходный,служебные,34.58657838390008,0.9974388171123159
33,исходный,служебные,15.92156862550866,0.459160498622563
33,исходный,служебные,17.330251461785227,0.4997853596974641
33,исходный,пунктуация,6.1839684723440485,0.17833883796339747
33,исходный,смысловые редкие,12.851362293084517,0.37061913039258537
33,исходный,служебные,14.77382164709223,0.4260607402194935
33,исходный,служебные,13.76580278566895,0.3969905867742782
33,исходный,служебные,10.661571089775757,0.30746796454705116
33,исходный,служебные,14.192859951263175,0.40930644494797735
33,исходный,служебные,14.673283089592175,0.42316131898291015
33,исходный,служебные,13.464530731663736,0.38830223264336367
33,исходный,служебные,5.819648337188484,0.16783224663116786
33,исходный,служебные,10.335329420861962,0.29805951423079785
33,исходный,пунктуация,23.996102403737396,0.6920211572021623
33,исходный,пунктуация,13.706765669997436,0.39528802139855634
33,исходный,подслова,11.745106564117954,0.3387159339134052
33,исходный,смысловые редкие,10.220090047123918,0.2947361376495647
33,исходный,смысловые редкие,7.246221404647885,0.20897304226400087
33,исходный,служебные,10.845827975191865,0.31278173012959265
33,исходный,пунктуация,4.190764898391964,0.12085704277106762
33,исходный,служебные,10.90182825857571,0.31439671660776763
33,исходный,смысловые редкие,15.084065686677505,0.43500783653024416
33,исходный,подслова,13.073630352381656,0.37702909635355447
33,исходный,пунктуация,5.201291105589971,0.14999950530612333
33,исходный,служебные,17.734263823506097,0.511436631115547
33,исходный,служебные,15.509666635394503,0.4472816990134949
33,исходный,служебные,15.295209878893383,0.44109700241957583
33,исходный,служебные,6.084778947455028,0.1754783213411088
33,исходный,пунктуация,23.259615956364765,0.6707816994352569
33,исходный,служебные,11.588474959604142,0.3341988509977565
33,исходный,служебные,6.343798330474632,0.18294815498988914
33,исходный,служебные,10.233403154634917,0.29512007300334464
33,исходный,служебные,7.702202420046283,0.22212303240111037
33,исходный,пунктуация,30.781839578503956,0.8877143415844854
33,исходный,смысловые редкие,18.88923890904097,0.5447448401648225
33,исходный,пунктуация,4.556596528819825,0.13140722396176016
33,исходный,служебные,19.828602566645305,0.5718350531682377
33,исходный,смысловые редкие,11.691817837698204,0.3371791457507959
33,исходный,подслова,4.33520624029609,0.12502257194287006
33,исходный,смысловые редкие,14.395651572166482,0.41515473188254853
33,исходный,смысловые редкие,10.320781357718198,0.29763996411709986
33,исходный,пунктуация,4.0990503903914295,0.1182120974007365
33,исходный,смысловые редкие,9.24603880435623,0.2666455729047954
33,исходный,смысловые редкие,13.806950227571393,0.3981772336672671
33,исходный,пунктуация,9.521555045119515,0.27459115775657955
33,исходный,служебные,12.22534222596661,0.3525654013331847
33,исходный,служебные,10.640011366530844,0.3068462058806696
33,исходный,служебные,23.527577260964804,0.6785094082512453
33,исходный,пунктуация,5.988113787931709,0.172690604634914
33,исходный,служебные,13.975348903678539,0.40303366596407325
33,исходный,пунктуация,5.9890255620838175,0.17271689919697386
33,исходный,пунктуация,16.49691330314439,0.4757528052775625
33,исходный,пунктуация,12.391380595471455,0.3573537649878925
33,исходный,служебные,11.448714236201582,0.33016830570697675
33,исходный,служебные,20.58553701599967,0.5936642087850601
33,исходный,служебные,18.468608441762036,0.5326143208903459
33,исходный,служебные,24.37573120920125,0.7029692337207661
33,исходный,служебные,19.308745719439475,0.5568429544127825
33,исходный,смысловые редкие,14.86387729744975,0.42865784596293693
33,исходный,смысловые редкие,17.73097395430792,0.5113417549122677
33,исходный,пунктуация,21.142790512287185,0.6097347857007418
33,исходный,пунктуация,14.893476189607002,0.4295114454041267
33,исходный,служебные,14.748862217047499,0.4253409377544077
33,исходный,подслова,16.024754132873657,0.46213625497714894
33,исходный,служебные,11.99432878378317,0.34590322816442287
33,исходный,служебные,16.87101846159863,0.48654158590172253
33,исходный,подслова,4.823820479837165,0.13911366831275407
33,исходный,смысловые редкие,13.19615939819865,0.38056269904662965
33,исходный,пунктуация,19.166731759585765,0.5527474282651061
33,исходный,служебные,23.13182088392205,0.6670962303357931
33,исходный,смысловые редкие,11.26999441486175,0.3250142229523003
33,исходный,смысловые частые,10.879594082402429,0.3137555074619659
33,исходный,смысловые редкие,17.30913737325608,0.4991764526453366
33,исходный,смысловые редкие,14.09733544723124,0.40655162348951224
33,исходный,подслова,6.038225824344863,0.17413578055744164
33,исходный,смысловые редкие,17.83153785155385,0.5142419069192058
33,исходный,служебные,19.82390903296602,0.571699696827718
33,исходный,служебные,11.919246442959269,0.3437379361720737
33,исходный,пунктуация,4.965789722574525,0.143207904868059
33,исходный,пунктуация,18.283068537983517,0.5272635544717131
33,перемешивание,служебные,16.76784551940138,0.49764109247220073
33,перемешивание,служебные,14.434743670980724,0.42839860384397677
33,перемешивание,пунктуация,12.265864555795941,0.3640299661992743
33,перемешивание,пунктуация,12.421798101928225,0.3686578082294592
33,перемешивание,пунктуация,8.48967146801724,0.2519589877653524
33,перемешивание,пунктуация,9.62958655798367,0.2857897258908962
33,перемешивание,служебные,12.719592575116184,0.37749584092709887
33,перемешивание,служебные,12.679839240533271,0.3763160296729718
33,перемешивание,смысловые редкие,18.729306334605386,0.5558539082922251
33,перемешивание,смысловые редкие,16.740194444255135,0.4968204556630241
33,перемешивание,служебные,18.54804565517326,0.5504744000882352
33,перемешивание,служебные,17.143350902982956,0.5087854526166518
33,перемешивание,служебные,12.377522679510495,0.36734378911137194
33,перемешивание,служебные,10.77184620692198,0.31969004653297634
33,перемешивание,служебные,14.124751425586942,0.41919856204509576
33,перемешивание,смысловые редкие,20.38630707479921,0.6050308677067903
33,перемешивание,смысловые редкие,12.62800733849755,0.3747777471116181
33,перемешивание,служебные,17.311474908095704,0.5137750867040068
33,перемешивание,служебные,23.813150970931815,0.7067337572181438
33,перемешивание,смысловые редкие,16.955830274240903,0.5032201597804138
33,перемешивание,служебные,15.513509627783902,0.4604145398593819
33,перемешивание,служебные,13.45688996884661,0.39937757165203785
33,перемешивание,пунктуация,12.174111283909403,0.3613068853832753
33,перемешивание,смысловые редкие,14.079816770585134,0.41786497802685757
33,перемешивание,смысловые редкие,13.00605540744896,0.3859975698266058
33,перемешивание,смысловые частые,16.10177966233981,0.477873392418963
33,перемешивание,пунктуация,10.871882536264133,0.32265895438480124
33,перемешивание,пунктуация,12.910450075491301,0.3831601664293401
33,перемешивание,пунктуация,15.885567252429292,0.4714565763915597
33,перемешивание,пунктуация,15.289911716285703,0.45377853472540575
33,перемешивание,пунктуация,8.767038239330798,0.2601907610681454
33,перемешивание,служебные,25.81286809594838,0.7660819551471607
33,перемешивание,служебные,13.122150429335731,0.3894430723185908
33,перемешивание,пунктуация,14.136440565358095,0.41954547580208656
33,перемешивание,служебные,10.250546414051275,0.3042187566687212
33,перемешивание,служебные,10.117636484056138,0.3002742163467905
33,перемешивание,служебные,10.659865978405655,0.31636666409903913
33,перемешивание,служебные,12.85861045053293,0.38162165466479747
33,перемешивание,смысловые редкие,15.865416257001334,0.47085852917269855
33,перемешивание,смысловые редкие,14.747425794940886,0.4376784766567374
33,перемешивание,смысловые редкие,16.531288045787235,0.4906204696100926
33,перемешивание,пунктуация,12.357849369038517,0.36675991876831016
33,перемешивание,пунктуация,13.72962596606597,0.4074719114678297
33,перемешивание,служебные,13.942600888482817,0.4137926443811948
33,перемешивание,служебные,11.693316801187857,0.34703772412702955
33,перемешивание,смысловые редкие,19.47570710294675,0.5780058116688223
33,перемешивание,пунктуация,18.949359232405182,0.5623847034582504
33,перемешивание,пунктуация,13.104990260010332,0.38893378772384557
33,перемешивание,служебные,11.639796758453462,0.34544934042533776
33,перемешивание,смысловые редкие,16.378489250347748,0.48608566164069894
33,перемешивание,служебные,19.45068600631583,0.5772632281420444
33,перемешивание,подслова,12.286198632332342,0.3646334469535715
33,перемешивание,служебные,11.867743402005738,0.352214408518998
33,перемешивание,служебные,13.73725991164093,0.40769847396874254
33,перемешивание,служебные,17.06247979454098,0.5063853358748832
33,перемешивание,пунктуация,10.963991457593917,0.3253925902704583
33,перемешивание,служебные,15.761768873989155,0.4677824513990582
33,перемешивание,служебные,15.013746975414948,0.44558243563860245
33,перемешивание,служебные,15.751102365529752,0.46746588759743807
33,перемешивание,смысловые редкие,16.66690957089224,0.4946454854559214
33,перемешивание,служебные,18.002355426231144,0.5342792436283339
33,перемешивание,служебные,14.575484795140317,0.432575560668961
33,перемешивание,служебные,17.842471165611013,0.5295341511218428
33,перемешивание,служебные,17.94465257635558,0.5325667213357347
33,перемешивание,смысловые редкие,13.490168987016752,0.40036523622345993
33,перемешивание,смысловые частые,16.79668276984261,0.4984969329435877
33,перемешивание,пунктуация,10.59829816590122,0.3145394362992374
33,перемешивание,служебные,15.438998799552527,0.4582031854000886
33,перемешивание,пунктуация,13.865049925506556,0.4114910639012742
33,перемешивание,служебные,14.511964100971538,0.430690374667923
33,перемешивание,пунктуация,12.703714698088824,0.37702461258348774
33,перемешивание,служебные,11.190187799560318,0.3321057123945339
33,перемешивание,служебные,15.77147196229015,0.46807042253147796
33,перемешивание,служебные,14.876278889930555,0.4415026170261659
33,перемешивание,служебные,10.745945642415752,0.3189213618977551
33,перемешивание,служебные,14.520770748218023,0.43095174095685307
33,перемешивание,служебные,17.347584238278227,0.5148467501147699
33,перемешивание,пунктуация,11.502134892522788,0.34136377073934343
33,перемешивание,пунктуация,13.337586654735464,0.3958368525118758
33,перемешивание,пунктуация,11.713260972635878,0.34762963316247253
33,перемешивание,смысловые частые,18.641324799962224,0.5532427662127885
33,перемешивание,служебные,15.720506768364539,0.4665578623904716
33,перемешивание,служебные,16.574594782686194,0.49190573979205293
33,перемешивание,служебные,16.16914839225273,0.47987278156609814
33,перемешивание,смысловые частые,19.926813648514788,0.5913938855211304
33,чужие хапаксы,служебные,17.67261083630678,0.5311101069117099
33,чужие хапаксы,служебные,14.75957170330167,0.4435653440185062
33,чужие хапаксы,смысловые редкие,13.719058715205097,0.41229509371594925
33,чужие хапаксы,пунктуация,14.163158531994288,0.42564150321701816
33,чужие хапаксы,пунктуация,11.592324013824115,0.34838092137969323
33,чужие хапаксы,служебные,13.527455638428137,0.4065368992117981
33,чужие хапаксы,служебные,11.992779141891344,0.36041568906915
33,чужие хапаксы,смысловые редкие,12.019110941994777,0.3612070314066037
33,чужие хапаксы,смысловые редкие,7.066180418746831,0.21235797429251516
33,чужие хапаксы,служебные,14.593893115157773,0.4385862510323521
33,чужие хапаксы,служебные,11.694071028982645,0.3514386964079181
33,чужие хапаксы,служебные,14.602671102688504,0.4388500534743964
33,чужие хапаксы,служебные,10.166083765194049,0.3055185159350205
33,чужие хапаксы,служебные,12.85617698070285,0.3863631465628922
33,чужие хапаксы,пунктуация,9.880787569745547,0.296944587935946
33,чужие хапаксы,смысловые редкие,8.552083483740985,0.25701340992787625
33,чужие хапаксы,пунктуация,6.44178619704533,0.19359322668874568
33,чужие хапаксы,пунктуация,3.9558576375791126,0.11888430024758087
33,чужие хапаксы,смысловые редкие,10.202875538876249,0.3066242089780473
33,чужие хапаксы,пунктуация,13.910493247351429,0.4180482229947287
33,чужие хапаксы,служебные,13.422118537044627,0.40337123231086514
33,чужие хапаксы,служебные,14.291483068812628,0.42949800518496545
33,чужие хапаксы,пунктуация,14.721719538454735,0.4424277833318082
33,чужие хапаксы,пунктуация,24.439095293145083,0.7344614009890277
33,чужие хапаксы,пунктуация,17.41023833343703,0.523225098333149
33,чужие хапаксы,служебные,18.923816440178648,0.5687122443772
33,чужие хапаксы,служебные,17.21977160707354,0.5175010542550542
33,чужие хапаксы,служебные,12.3088346378825,0.36991401785716604
33,чужие хапаксы,смысловые редкие,15.674837082007341,0.47107156240579134
33,чужие хапаксы,служебные,17.052037233971685,0.5124601793296653
33,чужие хапаксы,подслова,5.545009761975719,0.16664265143320764
33,чужие хапаксы,подслова,4.120861551348681,0.12384311743055008
33,чужие хапаксы,пунктуация,11.850742197465506,0.35614709189139515
33,чужие хапаксы,смысловые редкие,10.044938595707103,0.30187777351648293
33,чужие хапаксы,служебные,17.603922735767963,0.5290458423410338
33,чужие хапаксы,смысловые редкие,13.110985770912153,0.39402084496770745
33,чужие хапаксы,смысловые редкие,14.595134329310346,0.43862355289948307
33,чужие хапаксы,подслова,13.023240276405156,0.39138385378398877
33,чужие хапаксы,смысловые редкие,12.954792009046237,0.3893267968538247
33,чужие хапаксы,смысловые редкие,13.427068566625898,0.4035199941867688
33,чужие хапаксы,пунктуация,6.219134633701658,0.1869019405677059
33,чужие хапаксы,пунктуация,4.791183547083935,0.14398811978010792
33,чужие хапаксы,смысловые редкие,12.466376521680317,0.37464858070823237
33,чужие хапаксы,служебные,10.692535758740485,0.3213398327266464
33,чужие хапаксы,смысловые частые,5.393141379462969,0.1620785927539349
33,чужие хапаксы,служебные,14.024140963055704,0.4214636464993286
33,чужие хапаксы,пунктуация,19.277386191787627,0.5793379787589025
33,чужие хапаксы,пунктуация,10.036210571424046,0.3016154726061625
33,чужие хапаксы,смысловые редкие,12.056292696067969,0.3623244444229311
33,чужие хапаксы,служебные,13.571962359592455,0.4078744474470203
33,чужие хапаксы,служебные,15.469102784629973,0.4648886862202863
33,чужие хапаксы,служебные,14.931145750860212,0.448721611623001
33,чужие хапаксы,служебные,13.427044515139213,0.4035192713740626
33,чужие хапаксы,смысловые редкие,9.754341189569928,0.29314452969238963
33,чужие хапаксы,смысловые редкие,18.447456469020647,0.554396329340446
33,чужие хапаксы,смысловые редкие,12.304063086940705,0.3697706197506664
33,чужие хапаксы,смысловые частые,12.923821583310668,0.3883960511775986
33,чужие хапаксы,служебные,13.70339489033108,0.4118243531003977
33,чужие хапаксы,служебные,13.804920314204333,0.41487546870674624
33,чужие хапаксы,служебные,9.068547080616527,0.272534548184882
33,чужие хапаксы,служебные,12.149749016687581,0.36513306149120744
33,чужие хапаксы,служебные,9.377455969837175,0.2818181019676032
33,чужие хапаксы,смысловые частые,16.008104291530515,0.4810871500809517
33,чужие хапаксы,пунктуация,4.413311769457193,0.13263204330260445
33,чужие хапаксы,служебные,7.318205037324364,0.2199320007539652
33,чужие хапаксы,служебные,21.43177151042884,0.6440831274814593
33,чужие хапаксы,служебные,17.535316645611477,0.5269840424057946
33,чужие хапаксы,служебные,11.632447149230801,0.34958673091926046
33,чужие хапаксы,служебные,12.513396733270353,0.37606166617907244
33,чужие хапаксы,пунктуация,12.451785555900013,0.37421008243158826
33,чужие хапаксы,служебные,8.514184473161002,0.255874441399263
33,чужие хапаксы,подслова,9.903838589004154,0.2976373338701071
33,чужие хапаксы,смысловые редкие,13.659664939331511,0.41051014892503557
33,чужие хапаксы,служебные,15.988200852706775,0.4804889975148425
33,чужие хапаксы,служебные,16.433473667745023,0.4938706588092787
33,чужие хапаксы,пунктуация,24.81517642718799,0.7457636637480003
33,чужие хапаксы,смысловые редкие,13.827704522903757,0.41556019625664453
33,чужие хапаксы,смысловые редкие,9.337596115603553,0.2806202047446297
33,чужие хапаксы,служебные,15.051777850031689,0.45234693488063327
33,чужие хапаксы,служебные,13.024733025245494,0.3914287149538254
33,чужие хапаксы,служебные,8.814149994069632,0.26488922259686126
33,чужие хапаксы,смысловые редкие,12.651537442703193,0.38021317087949885
33,чужие хапаксы,смысловые редкие,18.689151470188392,0.5616599226543728
33,чужие хапаксы,служебные,11.215388534961907,0.3370529832311293
34,исходный,служебные,8.152300259392236,0.23361213239024006
34,исходный,служебные,17.364327106606062,0.49759176598315186
34,исходный,пунктуация,21.86222479167452,0.6264834206141728
34,исходный,смысловые частые,5.765247581133475,0.16520880467259344
34,исходный,служебные,17.445752908880763,0.4999251019368986
34,исходный,подслова,13.510866775270383,0.3871670936279605
34,исходный,пунктуация,10.399702053320052,0.29801362751577276
34,исходный,пунктуация,22.160857052665072,0.635041019950648
34,исходный,пунктуация,17.1882442956557,0.49254594092341
34,исходный,служебные,11.956212290470098,0.3426169497706094
34,исходный,служебные,14.527086373485867,0.4162878595176078
34,исходный,служебные,14.94098004484366,0.4281483872303012
34,исходный,смысловые частые,24.185384146767785,0.6930558227040503
34,исходный,пунктуация,11.87022449248822,0.34015288537075555
34,исходный,пунктуация,13.598872738457441,0.38968899052442224
34,исходный,пунктуация,25.37518427451079,0.7271507083334157
34,исходный,служебные,20.697189213100692,0.593098187347333
34,исходный,пунктуация,8.055417743174965,0.2308358691903201
34,исходный,смысловые редкие,16.262790004152592,0.4660261436160598
34,исходный,смысловые частые,16.908669048562718,0.4845344389474279
34,исходный,смысловые редкие,22.389096475513817,0.6415814437047638
34,исходный,служебные,15.213419556406174,0.4359554077298405
34,исходный,пунктуация,18.958663727233848,0.543279040229902
34,исходный,пунктуация,13.005284792368801,0.3726791477273357
34,исходный,смысловые редкие,14.702182308896653,0.4213054046941426
34,исходный,пунктуация,15.050667377068484,0.4312915849489716
34,исходный,служебные,13.911535483142488,0.39864864708524483
34,исходный,служебные,13.814926604950148,0.39588022525039646
34,исходный,служебные,13.020768107852918,0.37312283726668355
34,исходный,пунктуация,11.560341116317925,0.3312728743314141
34,исходный,смысловые редкие,10.870268516039358,0.3114981694596909
34,исходный,смысловые редкие,12.563163951778458,0.36000974288966653
34,исходный,служебные,15.934404274102588,0.45661592954118885
34,исходный,служебные,20.3927208176483,0.5843733478733302
34,исходный,смысловые частые,14.18462599629134,0.40647432267156136
34,исходный,смысловые частые,16.09544893645892,0.46123082175394614
34,исходный,пунктуация,12.041945825986753,0.34507372803099373
34,исходный,подслова,12.655445908824117,0.3626541725697122
34,исходный,смысловые частые,10.559364397590805,0.3025889080526425
34,исходный,подслова,8.762216493922582,0.25108987825269213
34,исходный,подслова,11.544218939799222,0.3308108776046661
34,исходный,служебные,12.70285317925535,0.36401267424210604
34,исходный,пунктуация,13.828111222859606,0.39625804336388293
34,исходный,пунктуация,19.512214211406725,0.5591415704212173
34,исходный,пунктуация,25.87197111070308,0.7413866207082787
34,исходный,смысловые частые,10.128633579352623,0.29024589543863993
34,исходный,служебные,15.476241352910728,0.44348682320356836
34,исходный,служебные,20.905319077774056,0.5990623520558666
34,исходный,служебные,18.539402046453702,0.531264686960256
34,исходный,подслова,17.28887250397277,0.49542954059167243
34,исходный,смысловые редкие,13.350218736579247,0.38256356705400874
34,исходный,подслова,12.519041253587531,0.35874536384532035
34,исходный,смысловые редкие,9.053395193558353,0.25943388850307036
34,исходный,смысловые редкие,8.556691831716023,0.24520036816729726
34,исходный,служебные,12.760386289711963,0.3656613417579189
34,исходный,служебные,10.972740525850949,0.31443460506200077
34,исходный,пунктуация,21.0836504194623,0.6041726109617264
34,исходный,подслова,20.749404718045653,0.5945944736795215
34,исходный,служебные,10.644259192217433,0.30502165137299664
34,исходный,подслова,13.768501577223692,0.39454987070280007
34,исходный,служебные,12.061362649350484,0.34563013608343507
34,исходный,служебные,10.941909496785385,0.31355111178837
34,исходный,служебные,13.447712224474241,0.3853573382445475
34,исходный,пунктуация,22.9847457900159,0.65865035702862
34,исходный,пунктуация,18.21246048563221,0.5218958569662296
34,исходный,смысловые частые,16.18796305004003,0.46388190410643637
34,исходный,смысловые частые,10.493412231080343,0.30069898425640906
34,перемешивание,подслова,12.80986023400221,0.3959306907634031
34,перемешивание,смысловые редкие,19.179276174148224,0.5927983541784578
34,перемешивание,служебные,23.248641845601306,0.7185754299494018
34,перемешивание,смысловые редкие,12.80451218414812,0.39576539176448455
34,перемешивание,смысловые редкие,17.27923337315978,0.5340713075961278
34,перемешивание,подслова,13.77964022988623,0.42590491816673576
34,перемешивание,смысловые редкие,11.376636466454169,0.3516322155312084
34,перемешивание,служебные,21.23314884721132,0.6562800168454269
34,перемешивание,смысловые частые,18.095288741884183,0.559294171853663
34,перемешивание,пунктуация,13.12335495103836,0.40562027188290145
34,перемешивание,пунктуация,11.782917385821232,0.3641896581660633
34,перемешивание,служебные,13.336336495112363,0.4122031641490671
34,перемешивание,смысловые редкие,13.807944184988887,0.42677974461217855
34,перемешивание,пунктуация,19.06981640245618,0.5894151413857219
34,перемешивание,служебные,16.849371886073246,0.5207850302749286
34,перемешивание,пунктуация,14.405067696166935,0.44523580267472057
34,перемешивание,служебные,15.895744002341319,0.4913100368058344
34,перемешивание,подслова,12.37732340630828,0.38256172327733373
34,перемешивание,пунктуация,11.019534433837089,0.34059480748269594
34,перемешивание,смысловые частые,19.8614941477739,0.6138845353400483
34,перемешивание,подслова,12.271435381050082,0.3792889070078191
34,перемешивание,служебные,15.141148551317848,0.46798679262416853
34,перемешивание,служебные,17.30231611557006,0.5347847553606051
34,перемешивание,пунктуация,13.782299299672397,0.4259871054285788
34,перемешивание,служебные,15.01932306258094,0.46422137684077375
34,перемешивание,служебные,14.312801959686702,0.4423840278613275
34,перемешивание,служебные,14.561039558338638,0.450056623979654
34,перемешивание,служебные,14.67993002047912,0.453731323152055
34,перемешивание,служебные,15.009355211127758,0.4639132877407218
34,перемешивание,служебные,18.781469920944243,0.5805028488611571
34,перемешивание,смысловые частые,15.301647701009193,0.472947544579569
34,перемешивание,служебные,15.973547964860028,0.4937148231236737
34,перемешивание,служебные,15.182643282439582,0.4692693232104478
34,перемешивание,служебные,17.10984343600407,0.5288357567313018
34,перемешивание,служебные,16.090199907712435,0.49732033352493876
34,перемешивание,служебные,15.497895021888464,0.479013210862949
34,перемешивание,подслова,10.031470312974918,0.31005544930507206
34,перемешивание,подслова,10.109188695454842,0.312457590491485
34,перемешивание,смысловые редкие,19.776150087953305,0.6112466976166022
34,перемешивание,смысловые редкие,16.717627765546307,0.5167130466863964
34,перемешивание,служебные,17.302716054854265,0.5347971167942325
34,перемешивание,служебные,15.948690117274797,0.4929465099191949
34,перемешивание,пунктуация,12.199279486502485,0.3770586927315501
34,перемешивание,пунктуация,12.586691831669562,0.3890329402744796
34,перемешивание,пунктуация,13.821307379502782,0.4271927779113748
34,перемешивание,смысловые редкие,16.731692753403873,0.5171477712076868
34,перемешивание,служебные,13.543360514988304,0.41860191961530757
34,перемешивание,смысловые редкие,10.518041158827398,0.3250945151172301
34,перемешивание,смысловые редкие,13.21002011805164,0.4082989427515822
34,перемешивание,служебные,16.2473795911838,0.5021784865035016
34,перемешивание,подслова,10.306799131577346,0.3185653883165044
34,перемешивание,пунктуация,12.523500746369669,0.38707981279331743
34,перемешивание,служебные,16.9322823800594,0.5233476506748248
34,перемешивание,служебные,15.533370579925572,0.4801096991885254
34,перемешивание,смысловые частые,15.794346209688605,0.48817600588328697
34,перемешивание,служебные,15.689801895530586,0.48494472140681005
34,перемешивание,пунктуация,12.861085174048982,0.3975139653289755
34,перемешивание,пунктуация,13.620373214017155,0.42098224934311446
34,перемешивание,смысловые частые,15.129476436414155,0.4676260276796595
34,перемешивание,пунктуация,13.040660839276565,0.403064339484435
34,перемешивание,пунктуация,12.625197878665649,0.39022309578806286
34,перемешивание,смысловые частые,17.954427370902252,0.5549403897751733
34,перемешивание,подслова,19.207073270583095,0.5936575144964965
34,перемешивание,подслова,11.831065373302916,0.36567782943368493
34,перемешивание,смысловые частые,14.711921864859626,0.45472013589575283
34,перемешивание,служебные,21.350912465188447,0.6599198872078464
34,перемешивание,пунктуация,13.339946410481831,0.4123147404082707
34,перемешивание,служебные,16.001880221797045,0.49459052433001344
34,чужие хапаксы,служебные,16.619901560531478,0.49168592306651293
34,чужие хапаксы,служебные,17.21223069850723,0.509209486482582
34,чужие хапаксы,смысловые редкие,12.415755998109743,0.3673097837713045
34,чужие хапаксы,смысловые редкие,12.117064114095566,0.3584732335565456
34,чужие хапаксы,смысловые редкие,19.94743477346423,0.5901282172868765
34,чужие хапаксы,смысловые редкие,16.595871066494283,0.49097500094706537
34,чужие хапаксы,подслова,9.681961138264148,0.28643274342048997
34,чужие хапаксы,смысловые редкие,12.023170716487064,0.3556954757157518
34,чужие хапаксы,смысловые редкие,9.341453377972249,0.27635910538956293
34,чужие хапаксы,смысловые редкие,7.903968832867922,0.23383232429647052
34,чужие хапаксы,служебные,14.089447907843917,0.41682456269880896
34,чужие хапаксы,смысловые частые,8.328757249382807,0.24639933523341162
34,чужие хапаксы,пунктуация,18.545997214711317,0.5486678562139875
34,чужие хапаксы,пунктуация,14.822360023137751,0.438507156222146
34,чужие хапаксы,смысловые редкие,21.745057725851883,0.6433093927259209
34,чужие хапаксы,смысловые частые,17.1750212122514,0.5081086748724835
34,чужие хапаксы,смысловые частые,7.07197256511729,0.20921840878036796
34,чужие хапаксы,смысловые редкие,13.429278163804247,0.397293991546115
34,чужие хапаксы,подслова,9.348235631334758,0.2765597526974228
34,чужие хапаксы,служебные,10.652992127093903,0.3151598851746123
34,чужие хапаксы,служебные,13.13447125413147,0.38857237505633535
34,чужие хапаксы,смысловые редкие,11.801121765435468,0.34912634273586524
34,чужие хапаксы,служебные,17.314679753326384,0.5122403563046797
34,чужие хапаксы,служебные,16.850227062666928,0.49849991090577694
34,чужие хапаксы,служебные,13.86236679281802,0.4101065573456587
34,чужие хапаксы,служебные,13.164796288350214,0.3894695158960426
34,чужие хапаксы,служебные,17.5130106004458,0.5181078089657744
34,чужие хапаксы,служебные,15.159167298078652,0.44847131848097094
34,чужие хапаксы,служебные,12.904941176022428,0.38178191917333654
34,чужие хапаксы,смысловые редкие,11.825989096442944,0.3498620219789751
34,чужие хапаксы,пунктуация,15.479545865928108,0.45794945114559965
34,чужие хапаксы,пунктуация,11.673446998735434,0.34534919127148556
34,чужие хапаксы,пунктуация,14.375277641289086,0.42528059691880643
34,чужие хапаксы,пунктуация,14.017421060756348,0.4146937085137322
34,чужие хапаксы,пунктуация,10.899404275557252,0.32244978302573596
34,чужие хапаксы,смысловые частые,16.59191830208254,0.4908580617094066
34,чужие хапаксы,смысловые частые,16.825787384126002,0.4977768834041351
34,чужие хапаксы,смысловые частые,16.37625434329139,0.4844778233990773
34,чужие хапаксы,подслова,10.2426963561975,0.30302162706828495
34,чужие хапаксы,подслова,11.944515911777529,0.35336853893358305
34,чужие хапаксы,подслова,6.856899402284533,0.20285564867561576
34,чужие хапаксы,подслова,13.199502428317537,0.39049626809452936
34,чужие хапаксы,служебные,11.32963981858814,0.3351779426565683
34,чужие хапаксы,служебные,15.320100251924202,0.4532323856675109
34,чужие хапаксы,служебные,19.545919303892635,0.5782497170705683
34,чужие хапаксы,смысловые редкие,11.28220493137194,0.33377462108925887
34,чужие хапаксы,подслова,8.474749228716599,0.25071838615303377
34,чужие хапаксы,служебные,15.282141294138057,0.4521094015674097
34,чужие хапаксы,служебные,16.346289425018387,0.48359133628921
34,чужие хапаксы,смысловые редкие,10.582870627884764,0.31308539911704564
34,чужие хапаксы,служебные,12.458016731754272,0.3685600323215621
34,чужие хапаксы,пунктуация,16.215950180813696,0.47973535848060705
34,чужие хапаксы,служебные,13.003489095899283,0.3846973771725587
34,чужие хапаксы,пунктуация,16.77898288177146,0.49639221124708016
34,чужие хапаксы,смысловые частые,13.689071712568179,0.4049797669621419
34,чужие хапаксы,подслова,10.573197798461285,0.31279923652778924
34,чужие хапаксы,подслова,13.358150157574979,0.39518972881800296
34,чужие хапаксы,смысловые редкие,15.9222080705006,0.47104524319161006
34,чужие хапаксы,пунктуация,14.009380204091963,0.4144558264771344
34,чужие хапаксы,смысловые частые,15.801168877168386,0.46746439962981023
34,чужие хапаксы,смысловые частые,19.43685579040526,0.5750231640066643
34,чужие хапаксы,смысловые редкие,12.890126485598923,0.3813436389158214
34,чужие хапаксы,смысловые редкие,11.322146637592015,0.33495626314773574
34,чужие хапаксы,пунктуация,15.768590996931877,0.46650061022002953
35,исходный,смысловые частые,13.879935611254595,0.4526658051177328
35,исходный,смысловые частые,14.925509911369877,0.48676507946799136
35,исходный,пунктуация,21.020767365481337,0.6855494758904063
35,исходный,смысловые редкие,21.89966986948826,0.714213089378187
35,исходный,смысловые редкие,23.528896208904325,0.7673469851905558
35,исходный,смысловые частые,15.473687565809264,0.5046427761839004
35,исходный,служебные,6.853300107351754,0.2235064122554252
35,исходный,подслова,9.705207538027462,0.3165155593714452
35,исходный,служебные,10.756250725338528,0.35079319032903344
35,исходный,подслова,17.281983353853924,0.5636166570225488
35,исходный,служебные,16.44240555102464,0.5362355384985888
35,исходный,смысловые частые,15.99998340286898,0.5218068420329935
35,исходный,смысловые частые,15.295491597381208,0.4988312779337346
35,исходный,смысловые частые,15.211670522111605,0.4960976244366692
35,исходный,служебные,16.245662171783003,0.5298191542544296
35,исходный,пунктуация,19.94676632752393,0.6505231214345496
35,исходный,смысловые редкие,19.194527054521707,0.6259903710175647
35,исходный,смысловые редкие,10.260409887986821,0.3346223522115954
35,исходный,служебные,11.014196160007808,0.3592055548479535
35,исходный,служебные,13.158562452657295,0.429139690100168
35,исходный,служебные,17.643054793261463,0.5753922659592288
35,исходный,смысловые частые,11.981827273372847,0.39076287105287805
35,исходный,служебные,13.82855043215087,0.45098998225215364
35,исходный,служебные,15.60068005933244,0.5087843774805206
35,исходный,пунктуация,10.340584645727457,0.33723708849562806
35,исходный,пунктуация,12.05653954204931,0.3931994593916006
35,исходный,пунктуация,11.354068720022427,0.3702898055480572
35,исходный,служебные,12.873643362639616,0.4198476347990119
35,исходный,смысловые частые,7.129352085135779,0.23250928476706886
35,исходный,смысловые редкие,8.183263314497607,0.2668804510695161
35,исходный,служебные,20.223947650633217,0.6595628252417579
35,исходный,смысловые редкие,11.132777903470785,0.3630728566770346
35,исходный,служебные,6.162248033259989,0.2009691575981788
35,исходный,служебные,18.241276594996226,0.5949020505220385
35,исходный,служебные,9.839304065837394,0.32088884426444975
35,исходный,служебные,13.165233865711109,0.4293572646369569
35,исходный,служебные,15.629919147844427,0.5097379507472046
35,исходный,служебные,11.42537568789206,0.37261533694281657
35,исходный,служебные,14.688088449784791,0.47902206249221396
35,исходный,служебные,14.648150610047155,0.47771957126416814
35,исходный,служебные,9.458809314030187,0.308479783589109
35,исходный,смысловые частые,16.567522961087136,0.5403159877705769
35,исходный,служебные,15.82680624272996,0.516159021984119
35,исходный,смысловые частые,13.434735172899636,0.438146500380951
35,исходный,служебные,19.614879502746128,0.6396993092099313
35,исходный,служебные,13.827108765656346,0.4509429652383337
35,исходный,служебные,15.02428519305795,0.4899864339226048
35,исходный,подслова,11.54476117740202,0.3765088513107493
35,исходный,служебные,20.667258588581728,0.6740205077746109
35,исходный,служебные,14.582844965582211,0.4755897607982978
35,исходный,служебные,15.402921793699251,0.5023348947855902
35,исходный,служебные,21.872717863224747,0.7133341046367218
35,исходный,пунктуация,16.486334064391833,0.5376681774119035
35,исходный,смысловые редкие,12.557213056062484,0.409527905406734
35,исходный,смысловые частые,14.516600852383059,0.47342934408777
35,исходный,служебные,20.120768596811548,0.6561978507362853
35,исходный,служебные,21.205903921274395,0.6915873272487969
35,исходный,служебные,18.015677267369803,0.5875445883453964
35,исходный,служебные,12.774891774184017,0.41662705305087594
35,перемешивание,пунктуация,8.65709398933399,0.2960165825045552
35,перемешивание,пунктуация,10.319054234318564,0.35284486605847043
35,перемешивание,пунктуация,17.305517279984613,0.5917366832341245
35,перемешивание,пунктуация,12.397630470701841,0.4239187200246434
35,перемешивание,служебные,14.439731412707042,0.49374535500475153
35,перемешивание,служебные,13.887309362669045,0.47485609637432874
35,перемешивание,служебные,15.071116735373748,0.5153346464794203
35,перемешивание,смысловые частые,14.445800531380334,0.4939528795817858
35,перемешивание,смысловые частые,16.4738305897358,0.563298381413063
35,перемешивание,служебные,14.671439345939357,0.5016682666214128
35,перемешивание,служебные,14.251128266864647,0.48729634812661676
35,перемешивание,служебные,12.558526859690424,0.42942033514680844
35,перемешивание,служебные,13.465499377246624,0.46043292498392
35,перемешивание,служебные,14.046285911429168,0.48029206538660013
35,перемешивание,служебные,13.97629539269548,0.477898842650565
35,перемешивание,служебные,16.40634765846583,0.5609909019382486
35,перемешивание,служебные,15.935652286294617,0.544896166725428
35,перемешивание,служебные,20.108836402457314,0.687592053099166
35,перемешивание,служебные,12.652837427708194,0.432645146159959
35,перемешивание,смысловые редкие,15.189881945713234,0.5193956479804371
35,перемешивание,служебные,17.124557573262457,0.5855490325027225
35,перемешивание,смысловые частые,14.221786502168637,0.48629304968482245
35,перемешивание,служебные,18.27697759357843,0.6249543383067326
35,перемешивание,служебные,10.166821540707534,0.3476394932435604
35,перемешивание,служебные,13.775477278017172,0.4710321628980614
35,перемешивание,служебные,19.72797006710154,0.6745688895385122
35,перемешивание,служебные,16.50557574712882,0.564383860329444
35,перемешивание,служебные,14.856492846409283,0.5079958986024337
35,перемешивание,служебные,18.886451462683425,0.6457943998886642
35,перемешивание,служебные,12.92927920379936,0.4420976656683318
35,перемешивание,подслова,14.715503429021897,0.5031749730637087
35,перемешивание,служебные,10.654590801098747,0.3643180449249531
35,перемешивание,смысловые частые,16.186969936702205,0.553489603748104
35,перемешивание,пунктуация,10.73919563867667,0.3672109827761565
35,перемешивание,служебные,18.804111377254504,0.6429789019026387
35,перемешивание,смысловые частые,13.095347706912623,0.44777613361771545
35,перемешивание,служебные,11.45856588986248,0.3918087893350119
35,перемешивание,смысловые частые,13.563707524452925,0.46379100797873685
35,перемешивание,смысловые частые,18.004641549483704,0.6156422082588142
35,перемешивание,подслова,14.779905831250462,0.5053771183836362
35,перемешивание,смысловые частые,14.76872658285891,0.5049948604448967
35,перемешивание,смысловые редкие,12.504602881075156,0.4275764840942027
35,перемешивание,служебные,15.316076063900267,0.5237106700471867
35,перемешивание,служебные,13.653645321204202,0.4668662985167746
35,перемешивание,служебные,19.246940107531202,0.6581207783259331
35,перемешивание,служебные,12.263728760799165,0.4193401482076178
35,перемешивание,служебные,20.166384663586573,0.6895598311560466
35,перемешивание,служебные,17.83603121673212,0.6098768261874664
35,перемешивание,подслова,14.448722378892771,0.49405278785542783
35,перемешивание,пунктуация,11.278263389011256,0.3856436107907149
35,перемешивание,служебные,14.111003252883895,0.48250497958965854
35,перемешивание,служебные,13.981372936603357,0.4780724617884626
35,перемешивание,служебные,12.965194521896478,0.4433257370899626
35,перемешивание,служебные,10.084523433002195,0.3448254306239861
35,перемешивание,служебные,21.209497406293064,0.7252275355431493
35,перемешивание,служебные,16.244582092203082,0.5554595665789457
35,перемешивание,служебные,20.986689315767826,0.7176089409439793
35,чужие хапаксы,смысловые частые,12.164623180764549,0.4182486119154207
35,чужие хапаксы,служебные,13.046379860031246,0.44856549897967485
35,чужие хапаксы,смысловые частые,14.474757764690672,0.49767652091902553
35,чужие хапаксы,служебные,13.88932764782961,0.4775480442607595
35,чужие хапаксы,служебные,11.939114208164625,0.41049507829889786
35,чужие хапаксы,служебные,20.143859016364637,0.6925936748732828
35,чужие хапаксы,смысловые частые,16.447956503275275,0.5655197760024436
35,чужие хапаксы,служебные,14.75994086206386,0.5074817925534717
35,чужие хапаксы,служебные,17.357575212701867,0.5967946257809024
35,чужие хапаксы,пунктуация,12.340256968957364,0.42428731833694383
35,чужие хапаксы,служебные,9.204789771273818,0.31648251553703866
35,чужие хапаксы,служебные,10.512778530974792,0.3614542729862096
35,чужие хапаксы,служебные,12.373418240944526,0.4254274815604057
35,чужие хапаксы,служебные,14.182081019647626,0.4876135998950729
35,чужие хапаксы,служебные,12.250061661403793,0.4211861896274892
35,чужие хапаксы,смысловые частые,13.867463583797992,0.47679630585537147
35,чужие хапаксы,служебные,17.032807264660384,0.5856283330446211
35,чужие хапаксы,служебные,12.59966017332367,0.43320621607347043
35,чужие хапаксы,смысловые частые,13.569198491800945,0.46654124420185056
35,чужие хапаксы,служебные,11.263572005122983,0.38726833427946705
35,чужие хапаксы,служебные,13.729394558949366,0.47204916513976203
35,чужие хапаксы,служебные,10.752407318856017,0.36969327935878493
35,чужие хапаксы,служебные,10.045870062886484,0.345400851867643
35,чужие хапаксы,служебные,10.903824878561894,0.37489937437919996
35,чужие хапаксы,служебные,14.15693108208799,0.48674888536033
35,чужие хапаксы,служебные,13.061155437757431,0.4490735184047235
35,чужие хапаксы,служебные,12.900112903824583,0.44353649393007616
35,чужие хапаксы,смысловые редкие,15.432751276100344,0.5306146111843002
35,чужие хапаксы,служебные,12.290935572014646,0.42259153166912167
35,чужие хапаксы,служебные,12.4628301556844,0.4285016753659143
35,чужие хапаксы,служебные,10.333051146902056,0.35527481902412744
35,чужие хапаксы,служебные,17.471674724698353,0.6007176377643905
35,чужие хапаксы,подслова,12.431398010381631,0.42742096362112353
35,чужие хапаксы,смысловые частые,12.366612976107831,0.4251935004062533
35,чужие хапаксы,служебные,9.650558381917495,0.33180909819123855
35,чужие хапаксы,подслова,10.880683801637044,0.3741037292401585
35,чужие хапаксы,служебные,12.87797638458142,0.442775387867972
35,чужие хапаксы,смысловые редкие,10.832615650716058,0.37245103214454817
35,чужие хапаксы,служебные,15.280383613782096,0.5253758493814542
35,чужие хапаксы,служебные,13.259822823636048,0.4559041745739986
35,чужие хапаксы,служебные,10.865628790180516,0.3735861022203573
35,чужие хапаксы,служебные,12.085931527443758,0.4155430061369537
35,чужие хапаксы,служебные,12.474459883734783,0.4289015330139274
35,чужие хапаксы,служебные,10.021862542645254,0.3445754163512923
35,чужие хапаксы,служебные,23.548338492535702,0.8096477581805795
35,чужие хапаксы,служебные,12.457779913632638,0.42832803605982167
35,чужие хапаксы,служебные,10.498500320957746,0.36096335424326736
35,чужие хапаксы,смысловые частые,15.944602070731932,0.5482132561387106
35,чужие хапаксы,служебные,13.938507310695199,0.4792389577746714
35,чужие хапаксы,пунктуация,18.39831957858653,0.6325778867929132
35,чужие хапаксы,смысловые частые,14.77729424610612,0.508078443076867
35,чужие хапаксы,пунктуация,12.704171187907637,0.4367995527621675
35,чужие хапаксы,служебные,21.930594139417774,0.7540258683718187
35,чужие хапаксы,служебные,9.571673211207278,0.32909683882570134
35,чужие хапаксы,служебные,10.35325864760138,0.35596960085108426
35,чужие хапаксы,служебные,7.3080442147045375,0.2512679022766562
35,чужие хапаксы,служебные,11.015446441648699,0.3787371885989374
35,чужие хапаксы,служебные,16.76332886327737,0.5763630261259609
36,исходный,служебные,10.02228832081196,0.31840162012825113
36,исходный,служебные,9.395084353790335,0.2984757556092814
36,исходный,пунктуация,7.396518377948988,0.2349826067123706
36,исходный,пунктуация,7.7973623858708425,0.24771716168181693
36,исходный,пунктуация,7.391719430710085,0.23483014726130852
36,исходный,служебные,16.025845122834557,0.5091307381807153
36,исходный,служебные,16.287785457624796,0.5174524132617403
36,исходный,служебные,15.213519762749952,0.48332368669277237
36,исходный,служебные,16.369431593021353,0.5200462581956853
36,исходный,служебные,16.92101308454624,0.5375696455611819
36,исходный,служебные,14.310600842989217,0.4546385363864023
36,исходный,служебные,14.323926105166962,0.45506187135045606
36,исходный,служебные,23.33206085391481,0.7412444881864625
36,исходный,служебные,24.190797537599973,0.7685259974183547
36,исходный,пунктуация,10.318455270906071,0.32781065264855763
36,исходный,пунктуация,10.962736704900191,0.34827905725195474
36,исходный,служебные,15.71179115274813,0.49915344659995114
36,исходный,служебные,12.03692819852558,0.3824054264952016
36,исходный,служебные,16.64647666283918,0.5288478009427008
36,исходный,служебные,13.002106138471424,0.4130685056198209
36,исходный,смысловые редкие,10.760661864216917,0.34185927021318996
36,исходный,пунктуация,12.72587501333778,0.40429282136917294
36,исходный,пунктуация,11.51641438934609,0.36586903931127657
36,исходный,служебные,18.967426757282897,0.6025828848529416
36,исходный,служебные,15.133576465196015,0.48078393981613227
36,исходный,служебные,16.796963778027813,0.5336286792960991
36,исходный,служебные,16.433646385965,0.5220863206499853
36,исходный,пунктуация,8.487991305352244,0.2696579959335786
36,исходный,пунктуация,11.22277870264924,0.35654042339253456
36,исходный,пунктуация,10.154820399944642,0.32261207859482544
36,исходный,пунктуация,9.282415215447532,0.29489632992938875
36,исходный,служебные,17.607573021448346,0.5593812108671649
36,исходный,служебные,15.340476218234661,0.4873570112009219
36,исходный,пунктуация,10.164558460299824,0.32292145047625076
36,исходный,пунктуация,12.603413865263828,0.40040230987106107
36,исходный,служебные,15.954771838519333,0.5068727858898386
36,исходный,пунктуация,7.223983491232276,0.22950128491232136
36,исходный,пунктуация,7.141258431490875,0.22687316324950987
36,исходный,служебные,15.858690595493764,0.5038203469194141
36,исходный,служебные,17.282522128821117,0.5490545541672448
36,исходный,служебные,16.737632014574658,0.5317437475316316
36,исходный,пунктуация,6.842084048384996,0.21736858652684934
36,исходный,пунктуация,14.321656692544817,0.45498977357871967
36,исходный,служебные,16.66126150710897,0.5293175058861387
36,исходный,служебные,14.57871317513869,0.46315629183307855
36,исходный,служебные,14.877608482909071,0.47265200251276407
36,исходный,смысловые редкие,9.715789539149505,0.30866435199897474
36,исходный,служебные,15.419161650842804,0.4898567965214958
36,исходный,смысловые частые,24.087223957989032,0.7652355317587184
36,исходный,пунктуация,11.069710087838706,0.3516775324651946
36,исходный,служебные,15.22278538142313,0.4836180494074135
36,исходный,служебные,14.261110714052162,0.4530662669874874
36,исходный,служебные,11.494911359030208,0.3651859019407395
36,исходный,служебные,14.89425972801441,0.473181001804042
36,исходный,смысловые редкие,9.242669655469562,0.29363363918603713
36,исходный,смысловые редкие,11.594772536107834,0.3683584269721142
36,исходный,служебные,20.414311693331925,0.6485494838002616
36,исходный,пунктуация,7.053708999305616,0.22409177439331338
36,исходный,пунктуация,6.556391178313853,0.20829230875694654
36,исходный,смысловые редкие,13.744769829382284,0.4366624509172644
36,исходный,служебные,14.631746552721362,0.46484112795060784
36,исходный,смысловые частые,15.913407305617186,0.5055586614234189
36,исходный,служебные,16.01479007185963,0.5087795263587895
36,исходный,пунктуация,11.162552385686107,0.3546270722414208
36,исходный,служебные,16.292747157291046,0.517610043252193
36,исходный,пунктуация,6.334949350127447,0.2012572450467657
36,исходный,служебные,8.927807564001297,0.2836306741114559
36,исходный,служебные,12.09380438246539,0.38421234608616395
36,исходный,служебные,10.482301814113447,0.3330159513926887
36,исходный,служебные,13.570326323834006,0.43112049353093734
36,исходный,служебные,16.820675883172665,0.5343819975456944
36,исходный,служебные,13.654108471854183,0.43378219820491426
36,исходный,подслова,10.512035586987592,0.33396057413278624
36,перемешивание,служебные,11.415438279179888,0.374939095111964
36,перемешивание,служебные,9.738921196310077,0.3198740347421473
36,перемешивание,служебные,16.62749978160383,0.546128809916951
36,перемешивание,смысловые редкие,14.063492938207288,0.4619142241767486
36,перемешивание,служебные,13.623591608991461,0.4474657025973755
36,перемешивание,служебные,17.58689351459949,0.5776400151206572
36,перемешивание,служебные,14.02333567220185,0.4605952622052481
36,перемешивание,служебные,15.969451621208323,0.5245152743027486
36,перемешивание,служебные,16.80228790917319,0.5518697110356314
36,перемешивание,пунктуация,10.505058127887548,0.34503773681230127
36,перемешивание,пунктуация,9.423900248613595,0.30952719862582806
36,перемешивание,служебные,15.851233524003483,0.5206324109988768
36,перемешивание,служебные,16.692784177436774,0.5482730703211423
36,перемешивание,пунктуация,9.627895564137674,0.31622740733784716
36,перемешивание,служебные,21.739345122963798,0.7140269334727913
36,перемешивание,служебные,11.413044280041225,0.3748604644147628
36,перемешивание,служебные,20.0174910278383,0.6574727828083664
36,перемешивание,пунктуация,10.407591473209248,0.3418364528655147
36,перемешивание,служебные,11.102592066227352,0.3646636879725321
36,перемешивание,служебные,12.837661457714262,0.4216518939170265
36,перемешивание,служебные,14.89057902482099,0.48907979603746526
36,перемешивание,служебные,15.754612532833985,0.5174589027977956
36,перемешивание,служебные,15.662257408791858,0.5144255066380999
36,перемешивание,служебные,13.610051487660861,0.44702097846894145
36,перемешивание,служебные,13.585262005357666,0.446206770040343
36,перемешивание,служебные,13.540304235280669,0.4447301359226968
36,перемешивание,служебные,11.535686511126558,0.37888863801800626
36,перемешивание,служебные,15.851297879902456,0.5206345247628809
36,перемешивание,служебные,13.524933039254257,0.44422527030229897
36,перемешивание,служебные,14.905882371375112,0.4895824331477418
36,перемешивание,служебные,11.69211210930099,0.3840264234273355
36,перемешивание,пунктуация,9.468334676478225,0.3109866436132157
36,перемешивание,служебные,15.242332701521176,0.5006331155000053
36,перемешивание,пунктуация,13.899491076476279,0.45652759703810847
36,перемешивание,служебные,13.482363913715167,0.4428270910104496
36,перемешивание,служебные,16.611366985747274,0.545598929615192
36,перемешивание,служебные,15.134975195617733,0.4971069673896582
36,перемешивание,служебные,12.3676292182801,0.4062137251654755
36,перемешивание,служебные,12.516318728673916,0.4110974194325083
36,перемешивание,служебные,16.95142457580256,0.5567680921110224
36,перемешивание,пунктуация,10.172935845273757,0.33412920881151037
36,перемешивание,пунктуация,10.39413239125282,0.3413943904684024
36,перемешивание,пунктуация,12.20530676279549,0.40088225798153443
36,перемешивание,пунктуация,12.755142127537724,0.41894155356662
36,перемешивание,пунктуация,9.025467347653294,0.29644070403005307
36,перемешивание,пунктуация,9.853113360067617,0.3236246666058593
36,перемешивание,пунктуация,12.446622705474718,0.4088082595043372
36,перемешивание,пунктуация,9.982651301892007,0.3278793292392586
36,перемешивание,служебные,13.47710150933859,0.4426542477882436
36,перемешивание,служебные,13.111488946736772,0.43064573440216447
36,перемешивание,служебные,18.084505873589364,0.5939840505429747
36,перемешивание,служебные,18.900195975952137,0.6207753222744754
36,перемешивание,смысловые редкие,12.32940075118209,0.40495811442932117
36,перемешивание,смысловые редкие,17.095345979082506,0.5614951783072174
36,перемешивание,служебные,18.242783319204246,0.5991826597232908
36,перемешивание,служебные,16.602232720542833,0.5452989154548499
36,перемешивание,пунктуация,9.252152297600736,0.30388615184643786
36,перемешивание,пунктуация,9.371283971024278,0.30779902148317034
36,перемешивание,смысловые редкие,13.638733992739699,0.4479630528980431
36,перемешивание,служебные,15.404382593042516,0.5059556303438567
36,перемешивание,служебные,9.766943501417884,0.3207944249595983
36,перемешивание,служебные,13.933320708309386,0.4576387284057591
36,перемешивание,служебные,14.53248595118615,0.4773182596241516
36,перемешивание,служебные,11.971367192213918,0.39319853277015016
36,перемешивание,смысловые редкие,13.175876673192294,0.4327605437772526
36,перемешивание,служебные,17.937930887236625,0.589169807637437
36,перемешивание,пунктуация,9.634603822182065,0.31644773950025995
36,перемешивание,пунктуация,8.909863478481245,0.292643704822597
36,чужие хапаксы,пунктуация,12.386352671999129,0.40268045175497436
36,чужие хапаксы,служебные,15.785773636090989,0.5131956619847269
36,чужие хапаксы,служебные,14.231279505272948,0.46265904193003277
36,чужие хапаксы,служебные,11.839903575646163,0.38491538605666376
36,чужие хапаксы,служебные,11.018469563509985,0.35821055794034057
36,чужие хапаксы,пунктуация,8.332676531888493,0.27089539907694044
36,чужие хапаксы,служебные,11.064393641529566,0.35970355018535877
36,чужие хапаксы,служебные,13.72688461153982,0.4462611587880072
36,чужие хапаксы,служебные,14.191047684992848,0.46135110504220794
36,чужие хапаксы,служебные,14.627638815318685,0.47554468714400416
36,чужие хапаксы,служебные,15.214738896556225,0.4946313167757082
36,чужие хапаксы,пунктуация,13.353440326259351,0.43412048126297575
36,чужие хапаксы,пунктуация,13.512244605752336,0.43928321000970516
36,чужие хапаксы,пунктуация,14.978076005793323,0.48693740378213746
36,чужие хапаксы,служебные,13.556317858376962,0.4407160319022479
36,чужие хапаксы,служебные,15.562514690757052,0.5059375113938235
36,чужие хапаксы,служебные,12.687264822610555,0.41246310884180937
36,чужие хапаксы,служебные,14.312050383620901,0.46528490400929734
36,чужие хапаксы,служебные,14.58569458306207,0.4741810797253497
36,чужие хапаксы,служебные,13.371851260622865,0.4347190209269957
36,чужие хапаксы,пунктуация,10.071455897861727,0.3274231340069457
36,чужие хапаксы,служебные,24.62032386776289,0.8004069801626618
36,чужие хапаксы,смысловые редкие,11.879615119857506,0.3862064087641845
36,чужие хапаксы,служебные,12.909480793086827,0.41968735230944776
36,чужие хапаксы,служебные,12.186102601179668,0.3961703199093153
36,чужие хапаксы,пунктуация,10.682388838018092,0.34728457012528724
36,чужие хапаксы,служебные,12.334584770843357,0.40099747676016917
36,чужие хапаксы,служебные,11.590280691892845,0.376800143558733
36,чужие хапаксы,служебные,12.43977348025632,0.4044171627765127
36,чужие хапаксы,пунктуация,8.710644977183403,0.2831831570902051
36,чужие хапаксы,служебные,14.157879746093199,0.4602728150101402
36,чужие хапаксы,подслова,11.46263502421767,0.37265038160013786
36,чужие хапаксы,служебные,16.280099896266844,0.5292662137470668
36,чужие хапаксы,пунктуация,11.73273130542826,0.3814312144583117
36,чужие хапаксы,пунктуация,13.845558728606175,0.45011925554476534
36,чужие хапаксы,служебные,13.42211783024491,0.4363531876183201
36,чужие хапаксы,смысловые редкие,14.704044788966455,0.478028646126927
36,чужие хапаксы,смысловые редкие,14.820546026996986,0.4818161025640589
36,чужие хапаксы,служебные,16.52843784553941,0.5373396830119171
36,чужие хапаксы,служебные,15.848029173133536,0.5152195901292252
36,чужие хапаксы,пунктуация,9.152281617699355,0.29754076877976554
36,чужие хапаксы,смысловые частые,12.537929257941832,0.4076082081106339
36,чужие хапаксы,служебные,12.239353939418654,0.3979015214588325
36,чужие хапаксы,служебные,14.518039225474338,0.47198160335982847
36,чужие хапаксы,смысловые редкие,12.84155003966203,0.4174789228224535
36,чужие хапаксы,смысловые редкие,10.236947858962534,0.3328032793509854
36,чужие хапаксы,пунктуация,8.239656671808424,0.2678713224765782
36,чужие хапаксы,пунктуация,8.160996273980706,0.26531407214056146
36,чужие хапаксы,пунктуация,6.243718691506424,0.20298335837074097
36,чужие хапаксы,пунктуация,9.035717571787242,0.29375127045776256
36,чужие хапаксы,пунктуация,12.684041997907155,0.41235833477781664
36,чужие хапаксы,пунктуация,13.650626835841786,0.4437820177219424
36,чужие хапаксы,пунктуация,8.735065320327044,0.28397706269498596
36,чужие хапаксы,пунктуация,10.730444295473415,0.3488468535375097
36,чужие хапаксы,служебные,21.16952842589361,0.6882215851361486
36,чужие хапаксы,пунктуация,13.605702762194907,0.4423215356292846
36,чужие хапаксы,смысловые редкие,9.05150652735416,0.294264569564351
36,чужие хапаксы,служебные,14.688854964797699,0.4775348247882063
36,чужие хапаксы,служебные,13.420452544176237,0.4362990491512353
36,чужие хапаксы,служебные,16.799626234754516,0.5461560203124615
36,чужие хапаксы,служебные,15.141858864843416,0.49226198620106904
36,чужие хапаксы,служебные,13.578425656580961,0.4414347566474442
36,чужие хапаксы,смысловые частые,20.35650301296984,0.6617901206660207
36,чужие хапаксы,служебные,14.045783034439683,0.45662854977046824
36,чужие хапаксы,смысловые редкие,13.520248641847019,0.43954342130481516
36,чужие хапаксы,пунктуация,13.279377244772029,0.43171268972809557
36,чужие хапаксы,служебные,12.311080719424382,0.40023335980870683
36,чужие хапаксы,служебные,13.168010958355168,0.42809217062032034
36,чужие хапаксы,служебные,11.707052253081956,0.3805963882045086
36,чужие хапаксы,пунктуация,8.168787305430762,0.26556735865250114
36,чужие хапаксы,смысловые частые,15.447827065918117,0.5022090155400563
36,чужие хапаксы,пунктуация,14.880027806305607,0.4837498558163243
36,чужие хапаксы,служебные,15.026635184150098,0.48851606316600604
37,исходный,служебные,14.058854855986828,0.4373752917542311
37,исходный,служебные,12.037752824688743,0.37449818692178205
37,исходный,пунктуация,6.7874154978680705,0.21115858041404184
37,исходный,пунктуация,8.159482653357145,0.25384401095484305
37,исходный,пунктуация,9.268263032369614,0.28833850902951613
37,исходный,пунктуация,8.375041566493943,0.260550114936227
37,исходный,смысловые редкие,13.810542684926343,0.429650223860991
37,исходный,служебные,10.332901055455544,0.3214597248561071
37,исходный,служебные,14.296859218317291,0.4447796805525646
37,исходный,подслова,4.355097908051534,0.1354884332802636
37,исходный,пунктуация,14.576865233136699,0.45349075365767083
37,исходный,служебные,16.253959322286747,0.5056656657721477
37,исходный,служебные,3.775433688130326,0.11745490139558357
37,исходный,служебные,10.223107303849268,0.3180440075282383
37,исходный,пунктуация,10.366265496667655,0.3224977028677479
37,исходный,пунктуация,8.130945200877093,0.25295620204492536
37,исходный,служебные,14.522717304530726,0.4518061949710265
37,исходный,служебные,14.718585711231425,0.4578997212506348
37,исходный,служебные,14.66934999143614,0.456367982888529
37,исходный,служебные,9.495017057174524,0.29539289637268296
37,исходный,служебные,17.369076936415976,0.5403573171773374
37,исходный,служебные,18.288467319145717,0.5689598343098915
37,исходный,подслова,10.620762932103661,0.3304151962350776
37,исходный,служебные,9.780897058779018,0.30428671101045346
37,исходный,служебные,7.168979703752216,0.22302916002959866
37,исходный,служебные,9.860189236303095,0.3067535150022204
37,исходный,служебные,17.03255511791922,0.5298880200649907
37,исходный,служебные,6.950465368960869,0.2162311119729927
37,исходный,смысловые редкие,9.343165772939525,0.29066875628973343
37,исходный,служебные,14.858217096307687,0.4622436965182769
37,исходный,служебные,16.431129621393705,0.5111774881827114
37,исходный,служебные,10.843991541817234,0.3373599068321707
37,исходный,смысловые частые,12.466488044730811,0.3878362712730378
37,исходный,служебные,14.724000673647009,0.4580681823942069
37,исходный,пунктуация,9.70827171448023,0.3020273142475722
37,исходный,служебные,10.951508654930887,0.34070479723742525
37,исходный,служебные,12.3949633783992,0.385611116939711
37,исходный,служебные,12.031204191669213,0.3742944569375943
37,исходный,пунктуация,11.612499837800558,0.3612684359132656
37,исходный,служебные,18.73354995061081,0.5828064916504706
37,исходный,служебные,9.12829711504664,0.28398412636095083
37,исходный,служебные,11.17653388185248,0.34770540114756393
37,исходный,служебные,21.46223913936646,0.6676968502368524
37,исходный,служебные,14.759988426908372,0.45918777244926495
37,исходный,смысловые редкие,13.18888288329116,0.41031019653321193
37,исходный,служебные,24.07192915030401,0.7488851078591191
37,исходный,смысловые частые,6.827646734704055,0.2124101865461927
37,исходный,служебные,6.7242684510086415,0.20919405639508878
37,исходный,служебные,17.25282649371045,0.5367407302066542
37,исходный,служебные,18.797608693590085,0.5847993788156751
37,исходный,служебные,11.318536228378793,0.35212313775399057
37,исходный,служебные,11.162911633539915,0.3472816088194484
37,исходный,служебные,12.092044959181411,0.37618723189784414
37,исходный,служебные,14.258935484004846,0.4435998615325075
37,исходный,служебные,13.609217248168754,0.42338692770057146
37,исходный,служебные,16.318549786765768,0.50767509495649
37,исходный,служебные,11.532704413592858,0.35878597576263443
37,исходный,служебные,11.134191340296239,0.3463881116772277
37,исходный,служебные,12.523195723262937,0.3896004645659312
37,исходный,служебные,14.589375204974486,0.4538799427230988
37,исходный,служебные,13.255809619265815,0.41239230784120423
37,исходный,пунктуация,8.604073463308122,0.26767536757708976
37,исходный,пунктуация,8.779640167122592,0.27313730164567307
37,исходный,служебные,15.57312288216019,0.4844846350489762
37,исходный,пунктуация,11.711925620480026,0.3643616025440319
37,исходный,пунктуация,15.191575598430997,0.4726145818868564
37,исходный,служебные,17.99016174332126,0.5596794562425003
37,исходный,служебные,11.48456243034777,0.3572882638804692
37,исходный,пунктуация,7.277587925609661,0.22640799516292962
37,исходный,подслова,10.86727982380742,0.33808441243623666
37,исходный,служебные,11.166659149459534,0.34739819519049264
37,исходный,служебные,15.00977439185191,0.46695869052277855
37,исходный,служебные,15.347842583044239,0.47747609576454364
37,исходный,служебные,16.84616514781717,0.5240893708585989
37,исходный,смысловые редкие,8.04563057584216,0.2503020378617261
37,исходный,служебные,14.567841681599877,0.4532100281984136
37,исходный,смысловые частые,16.619599245058787,0.5170408360500679
37,исходный,служебные,17.417072008187024,0.5418504585984317
37,исходный,служебные,10.365594239483585,0.32247681985062226
37,исходный,служебные,7.772960615861387,0.24181919167540109
37,исходный,служебные,6.653414103307052,0.20698975588018292
37,исходный,служебные,11.337594799657959,0.35271605575897974
37,исходный,служебные,14.229486010708783,0.4426836793749409
37,исходный,пунктуация,14.428582677644089,0.44887763782178
37,исходный,пунктуация,9.999254356796834,0.31107987360481215
37,перемешивание,служебные,16.49202917005365,0.5751637205767213
37,перемешивание,служебные,13.98942426079821,0.4878847365354721
37,перемешивание,служебные,14.964347357501214,0.521885428008543
37,перемешивание,служебные,12.617131816447408,0.4400256877869207
37,перемешивание,смысловые частые,17.34968752833234,0.6050747744103526
37,перемешивание,служебные,15.452026592325765,0.5388933656163071
37,перемешивание,смысловые редкие,13.942332693879656,0.48624240613710945
37,перемешивание,служебные,15.380567248046962,0.5364012027719676
37,перемешивание,служебные,16.65467090667649,0.5808358925934256
37,перемешивание,служебные,10.962787029151242,0.3823299916923647
37,перемешивание,смысловые частые,18.01271441645734,0.6281980061172693
37,перемешивание,служебные,12.702354980749686,0.44299786736251984
37,перемешивание,служебные,19.954622976048316,0.6959225620610723
37,перемешивание,служебные,15.411667606382478,0.5374858356953683
37,перемешивание,служебные,15.743491967440644,0.5490582948582929
37,перемешивание,служебные,14.518211334361549,0.5063263204962758
37,перемешивание,служебные,20.269705239889507,0.7069111363165498
37,перемешивание,служебные,15.68257776801104,0.5469338966281769
37,перемешивание,служебные,13.281121041881708,0.4631824812527671
37,перемешивание,служебные,10.890175040243086,0.37979763007280576
37,перемешивание,подслова,12.564392936228213,0.4381864058978853
37,перемешивание,служебные,15.480366071440663,0.5398817121732321
37,перемешивание,пунктуация,16.991487420503276,0.59258245435649
37,перемешивание,служебные,18.90653863167327,0.6593703534290641
37,перемешивание,служебные,19.074209228878825,0.6652179082402805
37,перемешивание,служебные,13.297878604882982,0.4637669055333834
37,перемешивание,служебные,18.367632735035407,0.6405758729345842
37,перемешивание,смысловые частые,15.388603162553256,0.5366814573384626
37,перемешивание,служебные,12.770577789820155,0.44537715521658316
37,перемешивание,пунктуация,11.830422796001766,0.41258901019284927
37,перемешивание,пунктуация,13.770965376799039,0.48026592727807904
37,перемешивание,пунктуация,13.016704520792874,0.45396088768879506
37,перемешивание,пунктуация,13.238991282013524,0.4617131951398861
37,перемешивание,служебные,13.316935492675485,0.46443151935211546
37,перемешивание,служебные,15.172717659416245,0.5291523953945068
37,перемешивание,служебные,12.277536996260165,0.4281822318814372
37,перемешивание,служебные,13.03994827764229,0.4547715196329809
37,перемешивание,служебные,14.084748246637933,0.491209184836554
37,перемешивание,служебные,15.678406437209798,0.5467884204033499
37,перемешивание,служебные,18.759092386599146,0.6542281280529478
37,перемешивание,служебные,14.22957238020785,0.4962599634056719
37,перемешивание,служебные,16.74825282845245,0.5840995859662895
37,перемешивание,служебные,14.785249912170942,0.5156393589566526
37,перемешивание,подслова,13.109012428590395,0.4571801494994569
37,перемешивание,смысловые редкие,19.017551699406745,0.663241962459817
37,перемешивание,служебные,11.357417938769643,0.39609284524363314
37,перемешивание,служебные,15.874384025641875,0.5536231887481041
37,перемешивание,служебные,14.45121624162175,0.5039898495621488
37,перемешивание,пунктуация,10.036971006050889,0.3500419219269503
37,перемешивание,пунктуация,10.872501692199926,0.37918126755545045
37,перемешивание,смысловые редкие,15.879543710751388,0.553803134081331
37,перемешивание,служебные,16.312986017071555,0.5689195449843109
37,перемешивание,служебные,18.18851986453053,0.6343292659257981
37,перемешивание,служебные,17.3058118367846,0.603544598485167
37,перемешивание,служебные,13.483529637904999,0.47024153262631546
37,перемешивание,служебные,15.218986417175062,0.5307660301137169
37,перемешивание,служебные,13.0349086822101,0.4545957624578576
37,перемешивание,служебные,18.102205894131295,0.6313190442095572
37,перемешивание,смысловые редкие,15.140012267959431,0.5280117865319311
37,перемешивание,смысловые частые,16.64684060987018,0.5805628089966227
37,перемешивание,служебные,15.902932579773749,0.5546188268495326
37,перемешивание,служебные,15.587526855125752,0.5436189718159782
37,перемешивание,пунктуация,11.340299734006203,0.3954958434896457
37,перемешивание,пунктуация,9.742604376640523,0.33977581070197577
37,перемешивание,пунктуация,10.472455069497586,0.3652295396300941
37,перемешивание,пунктуация,10.901211902794337,0.38018254346721075
37,перемешивание,пунктуация,9.633250675503763,0.33596207250420074
37,перемешивание,служебные,13.330238530192103,0.4648954661760104
37,перемешивание,служебные,15.124607842615877,0.5274745532719978
37,перемешивание,служебные,13.88364192431814,0.48419555059032154
37,перемешивание,служебные,13.962661649469783,0.48695138364449153
37,перемешивание,пунктуация,10.329595506799388,0.36024727597083134
37,перемешивание,служебные,17.95129239846579,0.6260558975853794
37,перемешивание,служебные,14.893678671872367,0.5194208395861335
37,перемешивание,служебные,13.830974559221627,0.48235876280941653
37,перемешивание,служебные,13.857118048557053,0.48327052366309764
37,перемешивание,пунктуация,10.475697353362365,0.36534261510622884
37,перемешивание,служебные,13.010754200587563,0.4537533687550956
37,перемешивание,служебные,15.164285940369314,0.5288583370437796
37,перемешивание,служебные,16.822933398618197,0.5867040898844197
37,перемешивание,пунктуация,11.292754494159496,0.3938376911322875
37,перемешивание,пунктуация,9.143057082969372,0.31886644603047964
37,перемешивание,пунктуация,12.251150477036951,0.4272619952984793
37,перемешивание,служебные,11.415746549391768,0.39812707040510753
37,перемешивание,служебные,13.194517975556078,0.46016217724241226
37,перемешивание,служебные,11.939683794190362,0.4163995153516802
37,перемешивание,служебные,13.493055493040739,0.47057374925199885
37,перемешивание,пунктуация,12.091577678277453,0.4216968532719293
37,перемешивание,пунктуация,13.47603723103737,0.46998023302724096
37,перемешивание,служебные,17.5471011614576,0.6119596251797819
37,чужие хапаксы,смысловые редкие,8.41697049078743,0.2706081141660274
37,чужие хапаксы,пунктуация,7.585929011412734,0.24388988249663102
37,чужие хапаксы,служебные,12.916527460107401,0.4152702140727567
37,чужие хапаксы,служебные,9.691995661023796,0.3116005540479929
37,чужие хапаксы,служебные,18.19481636675875,0.5849687782551718
37,чужие хапаксы,служебные,13.484932702454572,0.4335446123116487
37,чужие хапаксы,служебные,17.520764895008654,0.5632978222002856
37,чужие хапаксы,служебные,17.761230026953672,0.5710288479832022
37,чужие хапаксы,пунктуация,9.650264134858332,0.3102588730228228
37,чужие хапаксы,пунктуация,11.608192386010538,0.37320685083700184
37,чужие хапаксы,пунктуация,9.284827616862495,0.29850997986815503
37,чужие хапаксы,служебные,4.959517040653346,0.15944995352121327
37,чужие хапаксы,служебные,14.52064579935188,0.4668430975891249
37,чужие хапаксы,смысловые частые,6.161852677347496,0.19810540319833045
37,чужие хапаксы,служебные,15.562498436271811,0.5003389709112885
37,чужие хапаксы,служебные,14.90330757320669,0.47914578786226014
37,чужие хапаксы,служебные,10.379517367492983,0.33370458217063764
37,чужие хапаксы,служебные,9.79949892973759,0.31505681623225085
37,чужие хапаксы,служебные,17.742293927590005,0.5704200467352863
37,чужие хапаксы,служебные,14.107488213332312,0.4535599578503655
37,чужие хапаксы,служебные,17.77217754198985,0.5713808138599968
37,чужие хапаксы,служебные,16.184022166935712,0.5203211444080923
37,чужие хапаксы,служебные,4.958785056171059,0.1594264200015737
37,чужие хапаксы,пунктуация,7.793346821886848,0.25055842702797765
37,чужие хапаксы,служебные,7.453830532815308,0.23964287697171244
37,чужие хапаксы,служебные,11.791498873793424,0.37910020914538817
37,чужие хапаксы,пунктуация,11.405598351299641,0.36669339213658125
37,чужие хапаксы,служебные,10.55972486383444,0.33949830697897787
37,чужие хапаксы,служебные,16.050832346270003,0.5160390519098582
37,чужие хапаксы,служебные,13.809648191570872,0.44398431223057294
37,чужие хапаксы,служебные,11.836756983949845,0.3805552708987295
37,чужие хапаксы,смысловые частые,14.901384607883102,0.47908396395300534
37,чужие хапаксы,служебные,13.781790569379366,0.44308868136022067
37,чужие хапаксы,служебные,12.141615536065974,0.3903565643648081
37,чужие хапаксы,служебные,10.76997225053475,0.34625782323076687
37,чужие хапаксы,служебные,13.637125886529766,0.43843766861695344
37,чужие хапаксы,служебные,16.066670059640575,0.5165482391230727
37,чужие хапаксы,подслова,10.393831002163166,0.33416476979862075
37,чужие хапаксы,пунктуация,11.802499169633586,0.37945387194078856
37,чужие хапаксы,пунктуация,14.424385430142669,0.4637482979805078
37,чужие хапаксы,служебные,15.982834268418035,0.5138528934060859
37,чужие хапаксы,служебные,16.118170503589564,0.5182039937714943
37,чужие хапаксы,служебные,15.10323680918976,0.4855735724880052
37,чужие хапаксы,пунктуация,10.275237104749586,0.3303519405905566
37,чужие хапаксы,пунктуация,10.01990701016682,0.3221430018209006
37,чужие хапаксы,служебные,12.9568265200477,0.4165658408811249
37,чужие хапаксы,служебные,11.482494584296175,0.3691656289847963
37,чужие хапаксы,пунктуация,16.674593746049485,0.5360931671367842
37,чужие хапаксы,служебные,14.840559002642278,0.47712840258502354
37,чужие хапаксы,служебные,11.917705168755848,0.3831577792073295
37,чужие хапаксы,служебные,16.324023028094498,0.5248222138916155
37,чужие хапаксы,служебные,7.9421607704030635,0.25534283990119017
37,чужие хапаксы,служебные,9.384794424511645,0.30172394257917357
37,чужие хапаксы,пунктуация,11.85336370500509,0.38108918193859354
37,чужие хапаксы,служебные,12.67910875231209,0.40763713173576327
37,чужие хапаксы,служебные,16.43803509559397,0.5284877359000355
37,чужие хапаксы,подслова,13.395103894877256,0.43065658932964035
37,чужие хапаксы,служебные,9.661629916338756,0.3106242862906734
37,чужие хапаксы,служебные,12.617969916018593,0.40567149989592294
37,чужие хапаксы,служебные,12.331549399274742,0.39646299477174
37,чужие хапаксы,служебные,14.32515381698487,0.46055797199187853
37,чужие хапаксы,служебные,15.178740224354762,0.48800102982711063
37,чужие хапаксы,пунктуация,9.647291146474414,0.3101632905586939
37,чужие хапаксы,служебные,14.729621111715346,0.4735617162712065
37,чужие хапаксы,служебные,11.859330498523263,0.38128101613158943
37,чужие хапаксы,служебные,8.00520867286002,0.2573698487881376
37,чужие хапаксы,пунктуация,10.131217428504483,0.32572166500219074
37,чужие хапаксы,служебные,10.91588589573498,0.35094899048648476
37,чужие хапаксы,служебные,12.258684829853541,0.39412037711112535
37,чужие хапаксы,служебные,17.61146399421477,0.5662138253179855
37,чужие хапаксы,служебные,12.924118412361844,0.4155142654540165
37,чужие хапаксы,служебные,11.186545311233958,0.35965077150016694
37,чужие хапаксы,служебные,10.934665427247756,0.3515527580312511
37,чужие хапаксы,смысловые частые,15.909458459243352,0.5114938392347661
37,чужие хапаксы,служебные,15.091982314407797,0.4852117371207348
37,чужие хапаксы,служебные,15.524569576718376,0.49911954675298154
37,чужие хапаксы,служебные,22.368727059385257,0.7191612531444843
37,чужие хапаксы,служебные,11.833483271129111,0.38045002005417566
37,чужие хапаксы,служебные,15.874332731008185,0.5103645365852165
37,чужие хапаксы,пунктуация,13.286338735040566,0.4271597569690436
37,чужие хапаксы,смысловые частые,14.130064670877944,0.4542857977006608
37,чужие хапаксы,пунктуация,13.865678757740874,0.4457857116608685
37,чужие хапаксы,служебные,10.221695700696193,0.3286305684654496
37,чужие хапаксы,служебные,18.06838183251138,0.5809038702320786
38,исходный,пунктуация,10.465265317851507,0.3300729418320917
38,исходный,пунктуация,11.727321241970273,0.36987800161590045
38,исходный,служебные,17.35778369819846,0.5474619663178981
38,исходный,служебные,19.03607557504931,0.6003950473454882
38,исходный,смысловые редкие,15.776100363104995,0.4975759046075894
38,исходный,служебные,14.82702870477529,0.4676423229199863
38,исходный,служебные,14.92825534814854,0.4708349964887111
38,исходный,служебные,15.901412221002476,0.5015282223297318
38,исходный,служебные,6.897533012308152,0.21754718524651023
38,исходный,служебные,6.980191936432805,0.220154235658119
38,исходный,служебные,9.167734460501553,0.2891490078279665
38,исходный,служебные,7.959176410707987,0.2510312631980469
38,исходный,подслова,12.5938644494937,0.39720864800132766
38,исходный,пунктуация,14.39110476333727,0.4538933453837887
38,исходный,пунктуация,11.124872018275546,0.3508768409639886
38,исходный,служебные,18.80866920633421,0.5932226836419986
38,исходный,пунктуация,9.128118215058898,0.28789951722448465
38,исходный,служебные,12.326800499596287,0.388785489971156
38,исходный,служебные,17.416135676510752,0.5493023792035998
38,исходный,служебные,16.04293989688148,0.5059919845860367
38,исходный,служебные,17.46615149358471,0.550879870779621
38,исходный,служебные,13.466423329368709,0.42472902781537575
38,исходный,служебные,6.568330422717664,0.20716418358294775
38,исходный,пунктуация,10.54329183424404,0.3325338867794368
38,исходный,служебные,15.52903380166732,0.4897834612929449
38,исходный,пунктуация,9.480609774979987,0.2990170496157249
38,исходный,служебные,13.187980194822408,0.41594697196096053
38,исходный,смысловые частые,19.440628119129435,0.6131545755843383
38,исходный,пунктуация,7.114095469531618,0.22437753356306978
38,исходный,служебные,18.17149099641497,0.5731261758295693
38,исходный,служебные,17.04448357938348,0.5375805262633201
38,исходный,служебные,7.290132390318053,0.22992971237079926
38,исходный,служебные,19.6558437412864,0.6199424449193278
38,исходный,служебные,15.286234350290623,0.48212560200729265
38,исходный,служебные,12.6195816139907,0.39801976361887675
38,исходный,служебные,9.918371317739554,0.3128239848296015
38,исходный,служебные,10.33050804158693,0.3258227169922058
38,исходный,пунктуация,8.749071286199147,0.27594443236985217
38,исходный,служебные,18.661991514105996,0.5885964906211372
38,исходный,служебные,16.296721976398388,0.5139962343614841
38,исходный,служебные,14.875919923722101,0.4691843448350928
38,исходный,служебные,13.522144631813951,0.42648646956789815
38,исходный,служебные,9.581747906890874,0.30220693154583556
38,исходный,пунктуация,10.998840558072285,0.34690182709007134
38,исходный,пунктуация,10.35761967577122,0.3266778139803174
38,исходный,подслова,11.154189333195792,0.3518015048008276
38,исходный,подслова,10.975799998662573,0.3461751312066093
38,исходный,служебные,9.378699780765752,0.2958028232611378
38,исходный,смысловые частые,13.03675458013831,0.4111773381291262
38,исходный,служебные,21.480541766087,0.6774931545008397
38,исходный,служебные,11.208314499569076,0.35350860465442685
38,исходный,служебные,9.90224622708771,0.3123154018221851
38,исходный,служебные,5.820772477842862,0.1835863150282081
38,исходный,служебные,9.625164350403107,0.3035762798421969
38,исходный,служебные,18.143882231985305,0.5722553994260218
38,исходный,служебные,13.122479375841975,0.41388108568319903
38,исходный,служебные,17.499138547742277,0.5519202776567969
38,исходный,пунктуация,9.665845544885899,0.30485935878308856
38,исходный,пунктуация,28.43602136665531,0.8968679666899309
38,исходный,служебные,15.458651344409688,0.48756360885587674
38,исходный,служебные,9.535262017587918,0.30074077337689414
38,исходный,служебные,9.391154871713411,0.29619565501313055
38,исходный,пунктуация,9.845069353788373,0.31051205157721035
38,исходный,пунктуация,11.37545904809672,0.3587803193380105
38,исходный,служебные,14.047811974905748,0.44306594090374674
38,исходный,пунктуация,12.767001266790945,0.4026693579679699
38,исходный,пунктуация,12.89915925867109,0.40683760175746003
38,исходный,пунктуация,10.415956442888746,0.3285177471071546
38,исходный,служебные,10.055424915184856,0.31714663530462345
38,исходный,смысловые частые,14.954464406836033,0.4716616263772887
38,исходный,служебные,11.306966618124632,0.35662007808587975
38,исходный,служебные,14.943284508974733,0.4713090140292609
38,исходный,служебные,21.762194894672,0.686376453099078
38,исходный,служебные,10.90318795224519,0.3438849578526141
38,исходный,пунктуация,10.721356897676865,0.33815003291044166
38,перемешивание,пунктуация,11.157168286654386,0.37306059359408783
38,перемешивание,пунктуация,11.846032731719458,0.3960940526384614
38,перемешивание,служебные,15.111989833872503,0.5052973794933076
38,перемешивание,пунктуация,14.005737452123647,0.4683077814522212
38,перемешивание,пунктуация,15.89674099303049,0.5315369884816662
38,перемешивание,служебные,17.15565345919286,0.573631059292743
38,перемешивание,подслова,8.236203714477483,0.2753927311789396
38,перемешивание,подслова,8.799173147290848,0.2942166572312066
38,перемешивание,служебные,15.956064428639758,0.5335205774653429
38,перемешивание,подслова,10.523163487377804,0.35186146845025207
38,перемешивание,служебные,14.54576613879288,0.4863646411526919
38,перемешивание,служебные,14.542815915000325,0.48626599495403217
38,перемешивание,служебные,14.066739021417797,0.47034748194488724
38,перемешивание,служебные,15.764042608491968,0.5270999721319055
38,перемешивание,служебные,14.23377284323839,0.4759325672566518
38,перемешивание,служебные,18.9006939557429,0.6319797214947266
38,перемешивание,служебные,15.271503802864395,0.5106310245930095
38,перемешивание,служебные,13.087212206132453,0.4375951880148246
38,перемешивание,служебные,11.451446992662811,0.3829003473671775
38,перемешивание,служебные,18.228265281418317,0.6094958228971518
38,перемешивание,служебные,18.570424844470416,0.6209365618388413
38,перемешивание,смысловые редкие,18.581872380432415,0.6213193314136519
38,перемешивание,служебные,12.85878156837302,0.42995718640651837
38,перемешивание,служебные,17.76561255850533,0.5940261719065603
38,перемешивание,пунктуация,9.891874291708863,0.3307531445444907
38,перемешивание,пунктуация,11.292719457498093,0.3775929981395866
38,перемешивание,служебные,16.634296262658996,0.5561985154593655
38,перемешивание,служебные,16.173348597168594,0.5407858762228175
38,перемешивание,служебные,14.684989570858242,0.4910198345560788
38,перемешивание,служебные,14.181131776037125,0.47417241564174606
38,перемешивание,пунктуация,11.75134095518894,0.39292785764584776
38,перемешивание,смысловые частые,16.810947878964225,0.5621051895495118
38,перемешивание,смысловые частые,11.97298503696535,0.40033893818077426
38,перемешивание,смысловые частые,16.150412424515043,0.5400189627941525
38,перемешивание,смысловые частые,14.43646360890877,0.48270990855099083
38,перемешивание,смысловые частые,17.38742128355812,0.5813806459183332
38,перемешивание,служебные,14.69895776567781,0.4914868870300527
38,перемешивание,служебные,17.005604627365493,0.5686138985910825
38,перемешивание,служебные,15.56750859400031,0.5205284932204162
38,перемешивание,служебные,13.945977968353935,0.46630961239039287
38,перемешивание,служебные,14.438926342696588,0.48279225461812386
38,перемешивание,служебные,13.656294781237003,0.45662351830598824
38,перемешивание,служебные,15.808207519308883,0.5285767077535324
38,перемешивание,служебные,14.525111535327884,0.48567401621712303
38,перемешивание,смысловые редкие,13.996140237950573,0.46798688081468764
38,перемешивание,пунктуация,10.038472464674786,0.3356549260737604
38,перемешивание,смысловые редкие,14.880949751558585,0.49757212627155994
38,перемешивание,пунктуация,10.411160125091767,0.3481164285131076
38,перемешивание,пунктуация,10.955778868074944,0.36632676525086194
38,перемешивание,пунктуация,11.297261685926102,0.3777448759628888
38,перемешивание,служебные,15.598583189681273,0.5215675299018206
38,перемешивание,служебные,19.326857284730607,0.6462292819921116
38,перемешивание,служебные,18.12580565417393,0.6060698954236959
38,перемешивание,служебные,14.72574159873039,0.49238245411307974
38,перемешивание,служебные,19.941859171324893,0.6667930095419401
38,перемешивание,служебные,13.203414531155614,0.4414806280508961
38,перемешивание,служебные,13.722467252793706,0.45883611749641723
38,перемешивание,служебные,14.703360534703311,0.49163410176984257
38,перемешивание,пунктуация,9.759720028712534,0.3263343219066381
38,перемешивание,служебные,17.110191519671968,0.5721109551132723
38,перемешивание,служебные,14.419824560751012,0.48215355114711456
38,перемешивание,пунктуация,13.664593843885,0.456901012842074
38,перемешивание,пунктуация,14.671544116737927,0.49057026088591493
38,перемешивание,служебные,21.854846097539838,0.7307572717898367
38,перемешивание,служебные,14.830866512605303,0.4958975003832532
38,перемешивание,служебные,12.004995197949064,0.40140925722148557
38,перемешивание,пунктуация,14.318552502504804,0.478767332243433
38,перемешивание,служебные,15.940067220891315,0.5329856811847499
38,перемешивание,служебные,13.473062619078348,0.4504968114728395
38,перемешивание,пунктуация,15.098770090904415,0.5048553528937145
38,перемешивание,подслова,11.295064993883592,0.37767142549443056
38,перемешивание,подслова,10.703110696861037,0.3578783368043589
38,перемешивание,служебные,13.673849961261809,0.4572105082762425
38,перемешивание,пунктуация,14.328857709677298,0.47911190593866704
38,перемешивание,служебные,16.42285581978313,0.5491286124963154
38,перемешивание,служебные,15.70910738097224,0.5252631110161464
38,перемешивание,пунктуация,24.50365451645487,0.8193250889715002
38,перемешивание,служебные,18.991349408430004,0.6350109545211609
38,перемешивание,пунктуация,21.353220390007976,0.7139844868496174
38,чужие хапаксы,пунктуация,11.970744689857442,0.38247864783290997
38,чужие хапаксы,служебные,16.352148356198775,0.5224693830235327
38,чужие хапаксы,служебные,14.067175248176124,0.4494619430242863
38,чужие хапаксы,служебные,14.33902906238694,0.4581479756781839
38,чужие хапаксы,служебные,16.278684064538904,0.5201221169456022
38,чужие хапаксы,подслова,9.94052115662334,0.3176107409559169
38,чужие хапаксы,подслова,9.819004425038276,0.31372814581335157
38,чужие хапаксы,служебные,18.31536241756579,0.5851962625162032
38,чужие хапаксы,смысловые частые,9.856690890586362,0.3149322704319851
38,чужие хапаксы,служебные,11.301564967562411,0.36109760914469335
38,чужие хапаксы,служебные,13.80445267360937,0.44106766366415495
38,чужие хапаксы,пунктуация,14.694855802155645,0.46951703698686237
38,чужие хапаксы,пунктуация,12.418224803204462,0.39677613667920525
38,чужие хапаксы,служебные,11.60289440624313,0.37072542088446775
38,чужие хапаксы,смысловые редкие,15.49663893555851,0.495134902597094
38,чужие хапаксы,служебные,12.528537200027214,0.4003007408261572
38,чужие хапаксы,служебные,14.09356098549498,0.45030499676849833
38,чужие хапаксы,служебные,12.662178817569083,0.4045707396019999
38,чужие хапаксы,служебные,12.330341765831955,0.39396817558968633
38,чужие хапаксы,служебные,16.204954204276046,0.5177663656545284
38,чужие хапаксы,служебные,13.872001289879403,0.44322591731364064
38,чужие хапаксы,служебные,17.1758547452987,0.5487877211116555
38,чужие хапаксы,пунктуация,10.96897383933073,0.35047095154710406
38,чужие хапаксы,служебные,12.023620546828619,0.3841680904533409
38,чужие хапаксы,служебные,11.32016030993786,0.3616917510792196
38,чужие хапаксы,служебные,19.158436150594945,0.6121334088497681
38,чужие хапаксы,пунктуация,7.275951400381259,0.23247476455442914
38,чужие хапаксы,служебные,10.888404069715962,0.3478966575213886
38,чужие хапаксы,служебные,13.924910922524958,0.44491643910454926
38,чужие хапаксы,смысловые частые,17.029216301724126,0.5441024592443429
38,чужие хапаксы,смысловые частые,12.873201267263672,0.4113131422939527
38,чужие хапаксы,служебные,19.85661571959957,0.634441024993625
38,чужие хапаксы,служебные,16.609529654150283,0.5306930026368873
38,чужие хапаксы,служебные,20.426731183763106,0.6526568501149022
38,чужие хапаксы,служебные,15.615437004327964,0.4989306334296628
38,чужие хапаксы,служебные,21.466495536183878,0.6858784811731362
38,чужие хапаксы,служебные,18.903862688884857,0.6039995027368497
38,чужие хапаксы,служебные,14.897287507929626,0.4759849558264098
38,чужие хапаксы,подслова,12.82370058358468,0.40973154022567143
38,чужие хапаксы,служебные,14.426244644413439,0.4609346108247607
38,чужие хапаксы,служебные,12.610459710801674,0.40291825644109136
38,чужие хапаксы,служебные,12.84811616269718,0.41051164521721123
38,чужие хапаксы,служебные,12.30225136411866,0.39307065591628726
38,чужие хапаксы,служебные,16.272106873830225,0.5199119683647101
38,чужие хапаксы,служебные,16.20453288079078,0.5177529038991305
38,чужие хапаксы,пунктуация,12.4920343392963,0.39913443370190427
38,чужие хапаксы,смысловые редкие,9.997571157140696,0.3194335521194724
38,чужие хапаксы,служебные,7.989177827493858,0.25526314460165017
38,чужие хапаксы,пунктуация,11.380077300136177,0.3636061657615983
38,чужие хапаксы,служебные,16.601444375315197,0.5304346689578794
38,чужие хапаксы,служебные,11.118967107252322,0.3552634037950664
38,чужие хапаксы,подслова,12.774999277637717,0.40817547916774294
38,чужие хапаксы,служебные,8.757788300630644,0.2798211067077714
38,чужие хапаксы,пунктуация,12.506314164652853,0.3995906900531313
38,чужие хапаксы,смысловые частые,14.119019302677188,0.4511184184046813
38,чужие хапаксы,служебные,11.876211783801496,0.3794582160201232
38,чужие хапаксы,служебные,17.367947472287838,0.5549252980444919
38,чужие хапаксы,служебные,13.871389057786017,0.4432063558152289
38,чужие хапаксы,смысловые частые,19.96714298349574,0.637972494383286
38,чужие хапаксы,пунктуация,12.528035010272097,0.40028469530322025
38,чужие хапаксы,пунктуация,11.584399596600466,0.3701344910829119
38,чужие хапаксы,смысловые частые,16.542787332032034,0.5285605109850818
38,чужие хапаксы,служебные,14.542632720654893,0.464653339707386
38,чужие хапаксы,служебные,11.137446593256161,0.35585384398926617
38,чужие хапаксы,пунктуация,10.364029061456414,0.3311422909959363
38,чужие хапаксы,служебные,11.139882716459082,0.35593168084342586
38,чужие хапаксы,служебные,14.16331924191344,0.45253385088588005
38,чужие хапаксы,служебные,11.85419658018404,0.378754805703595
38,чужие хапаксы,пунктуация,9.75939416215964,0.3118235314110327
38,чужие хапаксы,пунктуация,12.097802740788174,0.3865382943106639
38,чужие хапаксы,пунктуация,8.90634039443419,0.28456751183483664
38,чужие хапаксы,служебные,13.797601760350243,0.44084876934240136
38,чужие хапаксы,служебные,15.667112399992822,0.5005817199720792
38,чужие хапаксы,служебные,13.017141911699769,0.4159122064690296
38,чужие хапаксы,служебные,12.39796582888482,0.39612883984805464
38,чужие хапаксы,служебные,17.265563636334708,0.5516540202627112
38,чужие хапаксы,подслова,11.01868110365241,0.35205915409738797
38,чужие хапаксы,служебные,11.870921672816179,0.37928919107230485
38,чужие хапаксы,служебные,14.443182411991659,0.4614757913952657
38,чужие хапаксы,служебные,10.904778718249549,0.34841984581018165
38,чужие хапаксы,служебные,13.091736899216142,0.4182955995410203
38,чужие хапаксы,служебные,14.188819232594385,0.45334860403684013
38,чужие хапаксы,служебные,11.56408795190046,0.3694855113743476
38,чужие хапаксы,пунктуация,10.265542643694836,0.3279955400734752
39,исходный,пунктуация,11.214877048850655,0.3568775624310357
39,исходный,пунктуация,8.637281891271954,0.27485384761331494
39,исходный,служебные,26.793492626083673,0.8526171348789439
39,исходный,смысловые частые,14.516647891718103,0.4619458502932875
39,исходный,пунктуация,8.69412122716822,0.27666257753130696
39,исходный,пунктуация,11.391911395513889,0.3625111138135915
39,исходный,пунктуация,11.538182471461111,0.3671657225811089
39,исходный,служебные,13.165781396381947,0.418958848302505
39,исходный,пунктуация,15.895155228812852,0.5058124335926639
39,исходный,пунктуация,7.899072382001785,0.2513626930438809
39,исходный,пунктуация,8.444169852242878,0.26870867513709534
39,исходный,служебные,15.015418439897072,0.4778176263877694
39,исходный,служебные,22.068051730160278,0.7022451048510355
39,исходный,служебные,18.489591432965057,0.5883720608081542
39,исходный,служебные,13.185981684547514,0.4196016578107618
39,исходный,служебные,11.759218728471001,0.37419949390708646
39,исходный,служебные,13.035047794759302,0.414798669918766
39,исходный,служебные,11.510213943657764,0.3662757137130878
39,исходный,пунктуация,8.313737042601208,0.2645580684952935
39,исходный,подслова,9.310807660017627,0.29628664919798137
39,исходный,пунктуация,11.139385891102355,0.3544752979884602
39,исходный,пунктуация,11.406055028656663,0.3629611896635474
39,исходный,служебные,21.439441367925664,0.6822415923010544
39,исходный,служебные,21.074868071917336,0.6706402141816007
39,исходный,пунктуация,16.7689250733962,0.5336173618948077
39,исходный,служебные,13.97684546603064,0.44476836604316417
39,исходный,пунктуация,11.67106621069587,0.37139432221160434
39,исходный,подслова,12.911777123715556,0.41087597541130916
39,исходный,служебные,10.819453590930472,0.3442944766623809
39,исходный,служебные,6.251304617494053,0.19892775856457495
39,исходный,служебные,10.864119766942329,0.3457158347342343
39,исходный,смысловые частые,13.153410986857294,0.4185651996179763
39,исходный,служебные,11.61779989424444,0.36969929219994546
39,исходный,подслова,8.16918408376186,0.25995813330491463
39,исходный,служебные,18.95183384535751,0.6030814459104872
39,исходный,смысловые редкие,17.685426722610888,0.5627820930916854
39,исходный,служебные,15.549317544184593,0.49480725633130684
39,исходный,служебные,16.07403161784602,0.5115046020771294
39,исходный,пунктуация,8.272842704581988,0.2632567370936242
39,исходный,служебные,7.787054241114878,0.24779807428848646
39,исходный,пунктуация,10.055396451173307,0.31998080399286993
39,исходный,пунктуация,11.518435232897476,0.36653732992618837
39,исходный,служебные,11.174810504702299,0.3556025729194774
39,исходный,служебные,14.604040350296255,0.4647268355378313
39,исходный,служебные,16.664888375298485,0.5303067270069922
39,исходный,служебные,17.935310339638516,0.5707338393077003
39,исходный,служебные,17.1439433505264,0.54555111810331
39,исходный,пунктуация,12.501743592364644,0.3978279708236441
39,исходный,служебные,15.744519748983315,0.5010189416423706
39,исходный,пунктуация,9.475295289821391,0.30152094147945063
39,исходный,служебные,15.748804493588215,0.501155289923638
39,исходный,служебные,12.32745849276917,0.3922819054284771
39,исходный,служебные,15.84011076333941,0.5040608196803656
39,исходный,служебные,9.55723738822618,0.30412848645848206
39,исходный,смысловые частые,14.162510612406805,0.45067656499875747
39,исходный,служебные,9.066792142827587,0.28852163647507734
39,исходный,служебные,17.00028620387944,0.540979689268393
39,исходный,смысловые редкие,7.779345556877712,0.2475527700887055
39,исходный,пунктуация,8.593016460686847,0.2734452419818522
39,исходный,пунктуация,10.299293945833602,0.32774206102656367
39,исходный,пунктуация,7.721303207190772,0.24570575810776113
39,исходный,пунктуация,8.758562579673503,0.2787132172932651
39,исходный,смысловые частые,8.623871301043469,0.27442709850758185
39,исходный,смысловые частые,16.528882090364927,0.5259787623551315
39,исходный,служебные,14.249239124189717,0.4534364222618854
39,исходный,служебные,9.666113170545154,0.30759310971137355
39,исходный,служебные,12.767971284668024,0.4062998149167193
39,исходный,служебные,12.944249342181484,0.4119092998180209
39,исходный,служебные,13.348953190378404,0.42478770430001905
39,исходный,служебные,11.751781242428859,0.3739628197217367
39,исходный,служебные,18.601164233127434,0.591922508020559
39,исходный,служебные,13.600416216981083,0.4327897101699534
39,исходный,смысловые редкие,14.340522090485527,0.45634121046074144
39,исходный,служебные,13.688941820839291,0.43560675413575334
39,исходный,служебные,15.52801655841878,0.49412942064533644
39,исходный,служебные,13.73257391207836,0.43699520576989437
39,перемешивание,пунктуация,14.902422867507545,0.5186945010094147
39,перемешивание,служебные,18.158115147349516,0.632012294870627
39,перемешивание,смысловые частые,13.343818206824938,0.46444562658602206
39,перемешивание,служебные,17.278498732724547,0.6013963204535826
39,перемешивание,служебные,13.668521702096792,0.4757472732345858
39,перемешивание,пунктуация,10.684762059259132,0.3718943808000177
39,перемешивание,смысловые редкие,13.97890120694934,0.4865503583318461
39,перемешивание,служебные,19.46429970604947,0.6774754221704357
39,перемешивание,смысловые частые,15.322839980632866,0.5333275607908428
39,перемешивание,служебные,16.062387926762426,0.5590683048497561
39,перемешивание,служебные,15.381608248016231,0.5353730521446055
39,перемешивание,служебные,13.2000705797483,0.45944233924404404
39,перемешивание,служебные,11.85212240919619,0.4125255855102924
39,перемешивание,служебные,16.495569996170826,0.5741456623597162
39,перемешивание,служебные,16.986534331718534,0.591234192413147
39,перемешивание,служебные,17.727778585157374,0.6170339782319922
39,перемешивание,пунктуация,11.98066139219771,0.4169995200000726
39,перемешивание,служебные,13.719506391911843,0.4775218489849759
39,перемешивание,служебные,14.597188633132339,0.508070502462478
39,перемешивание,служебные,15.656029191450498,0.5449245616935341
39,перемешивание,служебные,15.470681483231276,0.5384733397759475
39,перемешивание,служебные,12.688635800204946,0.44164131385826605
39,перемешивание,пунктуация,12.308737135081822,0.4284185412734254
39,перемешивание,служебные,18.184615887970065,0.6329346810191591
39,перемешивание,служебные,13.511699816788175,0.47028892258444666
39,перемешивание,служебные,15.570962014744822,0.5419637091418436
39,перемешивание,служебные,14.342048897600918,0.49919009563294886
39,перемешивание,служебные,13.769447177612705,0.47926009055478175
39,перемешивание,служебные,11.463170901752585,0.39898771922747484
39,перемешивание,служебные,15.214722940290425,0.5295644334933809
39,перемешивание,пунктуация,14.2501449673349,0.4959912826832725
39,перемешивание,служебные,17.061651109814925,0.5938487108762551
39,перемешивание,служебные,19.35795561145864,0.6737740041144927
39,перемешивание,служебные,13.699301763523307,0.4768186056443966
39,перемешивание,служебные,15.232541706797953,0.5301846344019444
39,перемешивание,служебные,15.487790204475417,0.5390688268123534
39,перемешивание,смысловые частые,15.473624394940028,0.5385757709130758
39,перемешивание,смысловые частые,19.516462562216034,0.6792910052397858
39,перемешивание,служебные,15.690555900580282,0.5461263001170636
39,перемешивание,пунктуация,15.139074512194794,0.5269314103929049
39,перемешивание,пунктуация,10.8535173080639,0.37776808471714113
39,перемешивание,служебные,10.999731677111036,0.38285722960771257
39,перемешивание,пунктуация,10.491409771977615,0.36516455108962986
39,перемешивание,пунктуация,13.65672909439479,0.47533681912105197
39,перемешивание,служебные,14.053195292952168,0.4891362421313999
39,перемешивание,смысловые частые,22.292617290584097,0.7759179902849792
39,перемешивание,смысловые частые,18.539143679762017,0.6452743936747731
39,перемешивание,служебные,13.480867868076057,0.4692157841830899
39,перемешивание,пунктуация,13.239387536471305,0.4608108072730323
39,перемешивание,пунктуация,12.57264924743577,0.4376042799043052
39,перемешивание,служебные,13.07406410465512,0.4550565513554909
39,перемешивание,служебные,17.843051005478692,0.6210461560550413
39,перемешивание,служебные,15.550260217542222,0.5412431613178107
39,перемешивание,смысловые частые,16.64027705766858,0.579182343825773
39,перемешивание,пунктуация,14.062575970359646,0.48946274647436894
39,перемешивание,пунктуация,14.872342456810939,0.5176475206790919
39,перемешивание,служебные,14.053794362314974,0.4891570933706228
39,перемешивание,подслова,10.509247759338756,0.3657854210002182
39,перемешивание,смысловые частые,14.726799692052007,0.512581751682108
39,перемешивание,пунктуация,14.565952917728682,0.5069833105367746
39,перемешивание,пунктуация,14.039457448023061,0.48865808199034094
39,перемешивание,пунктуация,11.664232046152211,0.4059858638173813
39,перемешивание,смысловые частые,12.538351954676495,0.4364105265588319
39,перемешивание,служебные,18.06361731839553,0.628723198549073
39,чужие хапаксы,пунктуация,10.887889240122641,0.35530761200841626
39,чужие хапаксы,пунктуация,12.217841849119475,0.3987083369024275
39,чужие хапаксы,служебные,10.563257638827118,0.34471381586529154
39,чужие хапаксы,пунктуация,12.471228418707698,0.40697717349415446
39,чужие хапаксы,пунктуация,10.509792210265916,0.3429690632022057
39,чужие хапаксы,пунктуация,13.346573606654056,0.435542564044433
39,чужие хапаксы,пунктуация,9.305808745535783,0.30367912551855747
39,чужие хапаксы,смысловые частые,24.904210384449073,0.8127062395203178
39,чужие хапаксы,служебные,10.052814188502774,0.3280563683655743
39,чужие хапаксы,служебные,10.998051002069582,0.35890255237828783
39,чужие хапаксы,пунктуация,8.885388642200931,0.2899594357180985
39,чужие хапаксы,пунктуация,10.446893339084934,0.3409164663007802
39,чужие хапаксы,смысловые редкие,15.838410938989322,0.5168594063211545
39,чужие хапаксы,смысловые редкие,13.311846785823901,0.43440931374130376
39,чужие хапаксы,служебные,14.230188905900707,0.46437783550848155
39,чужие хапаксы,служебные,12.694265179184308,0.4142555960614054
39,чужие хапаксы,пунктуация,10.567193879774928,0.344842268344979
39,чужие хапаксы,смысловые частые,15.97060877183745,0.5211734561122623
39,чужие хапаксы,служебные,14.189714378903357,0.4630570186616676
39,чужие хапаксы,служебные,9.564302677982274,0.3121146321471309
39,чужие хапаксы,служебные,14.772060568520624,0.48206088887304205
39,чужие хапаксы,служебные,9.391930971211954,0.3064895768072322
39,чужие хапаксы,служебные,13.725517446586457,0.44790874704669176
39,чужие хапаксы,служебные,10.171685883774888,0.3319355424874862
39,чужие хапаксы,служебные,11.76950775626234,0.38407772187669703
39,чужие хапаксы,служебные,12.848484063514412,0.4192882651407351
39,чужие хапаксы,пунктуация,10.732985598158997,0.3502525970368561
39,чужие хапаксы,пунктуация,10.985514169851228,0.35849343433718595
39,чужие хапаксы,смысловые частые,14.635260530557202,0.4775966540025837
39,чужие хапаксы,смысловые частые,12.42966195499331,0.4056207231633071
39,чужие хапаксы,смысловые частые,10.043921660821114,0.32776617595953417
39,чужие хапаксы,служебные,16.357242507405065,0.533790585684098
39,чужие хапаксы,служебные,13.811726140929487,0.45072202009216966
39,чужие хапаксы,смысловые частые,8.441523696978564,0.2754746636687982
39,чужие хапаксы,служебные,15.070365355923359,0.49179555454838375
39,чужие хапаксы,служебные,18.575774297758144,0.6061885698305853
39,чужие хапаксы,служебные,16.191261382450232,0.528374076033279
39,чужие хапаксы,служебные,14.766975832387951,0.4818949572206208
39,чужие хапаксы,служебные,16.53210181022036,0.5394968194591266
39,чужие хапаксы,служебные,16.24188165419347,0.5300259818779884
39,чужие хапаксы,служебные,13.478708260233876,0.43985455208835955
39,чужие хапаксы,служебные,12.696066094463431,0.4143143658461766
39,чужие хапаксы,служебные,14.503646142672423,0.47330164393828555
39,чужие хапаксы,служебные,21.28126990550775,0.694477783881953
39,чужие хапаксы,служебные,18.89323171314918,0.6165482487076716
39,чужие хапаксы,служебные,12.73416968601252,0.41555781127656916
39,чужие хапаксы,пунктуация,10.840087143980895,0.3537476724963085
39,чужие хапаксы,пунктуация,10.587137882069047,0.3454931066913961
39,чужие хапаксы,пунктуация,11.038040333202265,0.36020753568930536
39,чужие хапаксы,смысловые частые,11.223657725042388,0.3662648412686926
39,чужие хапаксы,служебные,16.286200030436262,0.5314722361595703
39,чужие хапаксы,служебные,14.636020626398565,0.4776214584281556
39,чужие хапаксы,служебные,11.317694894965575,0.36933358320283266
39,чужие хапаксы,пунктуация,11.27386991776963,0.3679034301538438
39,чужие хапаксы,служебные,13.78538146825787,0.44986230683373557
39,чужие хапаксы,смысловые частые,15.91562163433562,0.5193790450849204
39,чужие хапаксы,служебные,12.788292290846142,0.41732400976141826
39,чужие хапаксы,служебные,9.629599740051203,0.3142454898995574
39,чужие хапаксы,подслова,12.374584862293737,0.4038233766021998
39,чужие хапаксы,служебные,12.05719640895904,0.3934659481836751
39,чужие хапаксы,служебные,12.940961196770825,0.4223060979509401
39,чужие хапаксы,смысловые редкие,13.295106400088772,0.4338630199327913
39,чужие хапаксы,служебные,13.747370884857697,0.44862189656493945
39,чужие хапаксы,смысловые редкие,11.973686971113548,0.3907407607495758
39,чужие хапаксы,служебные,12.691126353225915,0.4141531658537507
39,чужие хапаксы,пунктуация,10.4601820589723,0.3413501209078118
39,чужие хапаксы,служебные,22.771735418615574,0.7431165724078064
39,чужие хапаксы,пунктуация,9.936031554502064,0.32424536717923436
39,чужие хапаксы,пунктуация,13.932516660605513,0.45466381176113607
39,чужие хапаксы,служебные,12.312825558398265,0.40180796752680814
39,чужие хапаксы,пунктуация,8.843474501949576,0.2885916395591134
39,чужие хапаксы,служебные,14.351445059192327,0.46833482233276036
40,исходный,смысловые редкие,6.907849918864727,0.22497176130728921
40,исходный,смысловые редкие,12.893396299676693,0.41990635419708994
40,исходный,служебные,14.977887408843749,0.487793126748131
40,исходный,служебные,16.124279346354687,0.5251283057632387
40,исходный,служебные,14.241691579532182,0.4638170308090746
40,исходный,пунктуация,12.627565161460277,0.4112488847851463
40,исходный,пунктуация,14.341450455926806,0.4670659332015897
40,исходный,пунктуация,14.514428615436048,0.4726994084029274
40,исходный,пунктуация,13.105881666481203,0.4268264824256274
40,исходный,служебные,13.195348074698092,0.4297401843257547
40,исходный,служебные,13.596959390134698,0.4428196817172613
40,исходный,служебные,15.102462500707972,0.49185023252791576
40,исходный,служебные,12.912349197219683,0.42052360367300556
40,исходный,служебные,16.41244766694059,0.5345132425231023
40,исходный,служебные,18.7932846382785,0.6120512743446489
40,исходный,служебные,16.620853841748648,0.5413005214542561
40,исходный,служебные,8.112479336827562,0.26420359249423725
40,исходный,служебные,20.601772511835467,0.6709492971731256
40,исходный,служебные,11.456494154342026,0.37310996888776793
40,исходный,служебные,18.166011203430276,0.5916225141491364
40,исходный,служебные,11.140087809258242,0.36280538879723817
40,исходный,служебные,10.720149181452726,0.3491290157074911
40,исходный,смысловые редкие,14.741333548424096,0.480089146602686
40,исходный,смысловые редкие,12.89919578941977,0.42009522938075894
40,исходный,служебные,11.191240248697087,0.3644712985276008
40,исходный,служебные,12.575212720389388,0.40954389393925517
40,исходный,служебные,13.193551066147473,0.4296816601563727
40,исходный,служебные,11.075215178022873,0.3606926460073575
40,исходный,служебные,12.894770638189073,0.4199511130380309
40,исходный,служебные,11.652038431898644,0.3794783673116155
40,исходный,служебные,18.116876775455335,0.5900223261120221
40,исходный,служебные,14.275974790006734,0.4649335510482688
40,исходный,служебные,14.715509109044177,0.47924810783080884
40,исходный,служебные,14.185211590907194,0.4619776158436627
40,исходный,служебные,16.510273680412638,0.5376991963019149
40,исходный,пунктуация,13.00322049924413,0.4234830595252378
40,исходный,пунктуация,10.063720262931948,0.32775073278195116
40,исходный,служебные,11.280776924673651,0.3673872888766439
40,исходный,служебные,18.65462318488004,0.6075354102533794
40,исходный,смысловые частые,11.21755928588056,0.36532844513915474
40,исходный,служебные,12.516966517913835,0.407646957712456
40,исходный,служебные,14.01222226747258,0.45634377706060514
40,исходный,служебные,11.272574540680575,0.36712015730958397
40,исходный,служебные,12.93160954780364,0.4211508661418145
40,исходный,служебные,14.786581927866846,0.4815627755522288
40,исходный,служебные,9.5971620919667,0.31255607529703444
40,исходный,служебные,11.24078184817997,0.36608474714396516
40,исходный,служебные,9.892247389849675,0.3221662810745695
40,исходный,служебные,12.524029727679956,0.40787698916366455
40,исходный,пунктуация,12.3302063935003,0.40156463765270195
40,исходный,служебные,10.296047601736959,0.3353170654650139
40,исходный,служебные,14.564240003940895,0.4743216433872884
40,исходный,служебные,13.619702145989887,0.44356035760075885
40,исходный,пунктуация,10.980153613995624,0.35759672357953637
40,исходный,служебные,9.552894932412515,0.31111440227721693
40,исходный,служебные,18.322097370698177,0.5967058585150972
40,исходный,служебные,9.652655417640686,0.31436335706550217
40,исходный,пунктуация,10.998545164307178,0.358195691350313
40,исходный,пунктуация,10.505973650241526,0.34215384296178286
40,исходный,пунктуация,9.754023259840945,0.3176646595355274
40,исходный,служебные,11.608640940791618,0.3780650172641568
40,исходный,служебные,8.924583504071885,0.2906518371746849
40,исходный,служебные,17.75927128921252,0.5783759908502367
40,перемешивание,служебные,15.243350882803288,0.4909111207874331
40,перемешивание,смысловые редкие,13.424102364239433,0.4323223409249559
40,перемешивание,служебные,18.630537362628097,0.5999952404085805
40,перемешивание,пунктуация,14.555182482587037,0.4687487023508297
40,перемешивание,служебные,16.207201169712402,0.5219518564009944
40,перемешивание,смысловые частые,10.597569695469625,0.3412940407148316
40,перемешивание,смысловые частые,15.749719411988595,0.5072186862371191
40,перемешивание,смысловые редкие,11.90598471242706,0.38343146098207137
40,перемешивание,смысловые редкие,12.887540399314778,0.41504239784693964
40,перемешивание,смысловые редкие,11.207228867122181,0.360928074567056
40,перемешивание,служебные,12.354598839820483,0.39787904968963256
40,перемешивание,служебные,12.868248723328072,0.41442111068027176
40,перемешивание,служебные,13.56011662260244,0.4367026712427066
40,перемешивание,служебные,17.251341290459536,0.5555783208756373
40,перемешивание,служебные,14.519592768956292,0.46760253794503076
40,перемешивание,служебные,11.643379924226924,0.37497429090899315
40,перемешивание,служебные,13.086226781018164,0.42144107980847906
40,перемешивание,пунктуация,10.779422016368752,0.3471505828463324
40,перемешивание,пунктуация,10.93194022561844,0.3520624218257607
40,перемешивание,служебные,14.382606754475024,0.46319091228488357
40,перемешивание,служебные,12.562631765837876,0.4045787365010869
40,перемешивание,пунктуация,10.698600453920804,0.34454772970005504
40,перемешивание,служебные,17.407993657607157,0.5606233001404786
40,перемешивание,пунктуация,14.874888763927306,0.47904482228549533
40,перемешивание,служебные,15.311596304405382,0.4931089601381687
40,перемешивание,служебные,13.560737410888104,0.4367226636889496
40,перемешивание,служебные,18.46196489851774,0.5945663751986565
40,перемешивание,служебные,11.250302163924784,0.3623152472807164
40,перемешивание,служебные,13.86902528207766,0.4466510544695864
40,перемешивание,служебные,14.040298664646906,0.4521669025822857
40,перемешивание,служебные,18.81929100159557,0.606074039038268
40,перемешивание,пунктуация,11.291851686309121,0.36365334693863927
40,перемешивание,пунктуация,10.472454546568617,0.337264715506306
40,перемешивание,пунктуация,15.41348987069229,0.4963904357934569
40,перемешивание,пунктуация,16.82396229333034,0.5418146081529712
40,перемешивание,служебные,14.236548996498588,0.45848713171726563
40,перемешивание,пунктуация,11.576788311801975,0.372829712374922
40,перемешивание,служебные,15.258600135801748,0.49140222198547023
40,перемешивание,служебные,16.38118035993769,0.5275548448727443
40,перемешивание,служебные,13.592481273809588,0.4377449727235391
40,перемешивание,служебные,17.966628978487282,0.5786141142070952
40,перемешивание,служебные,21.281232779289788,0.6853607133852282
40,перемешивание,пунктуация,9.608410756715179,0.30943824161959016
40,перемешивание,служебные,18.802580831633918,0.6055358891047334
40,перемешивание,служебные,18.47226094272001,0.5948979586305327
40,перемешивание,пунктуация,12.452688714033618,0.4010380276898171
40,перемешивание,служебные,17.426122614380777,0.5612071420107385
40,перемешивание,пунктуация,11.970708790636355,0.38551589569855516
40,перемешивание,пунктуация,11.053438599995252,0.35597526904667326
40,перемешивание,смысловые редкие,14.397759832650882,0.46367891617903273
40,перемешивание,служебные,19.4982976069844,0.62794140247012
40,перемешивание,служебные,16.17602700550718,0.520947894476398
40,перемешивание,служебные,14.884811002697985,0.4793643673378322
40,перемешивание,служебные,13.043480768750745,0.42006444727192405
40,перемешивание,служебные,13.647242188270955,0.4395085444014634
40,чужие хапаксы,смысловые редкие,14.011040204726074,0.46039996070560807
40,чужие хапаксы,смысловые редкие,13.545513790128977,0.4451028564323914
40,чужие хапаксы,смысловые редкие,13.330182605021326,0.43802711703591074
40,чужие хапаксы,служебные,11.591883750038438,0.3809069665806454
40,чужие хапаксы,служебные,11.568554876520963,0.3801403844929622
40,чужие хапаксы,служебные,12.330091096642331,0.40516431138894743
40,чужие хапаксы,служебные,10.538057163634855,0.34627843708666267
40,чужие хапаксы,служебные,10.547808657759385,0.3465988692206194
40,чужие хапаксы,пунктуация,19.801057276769704,0.6506587561628154
40,чужие хапаксы,пунктуация,14.1739126945909,0.4657519179363422
40,чужие хапаксы,служебные,16.392740686413337,0.5386621590976639
40,чужие хапаксы,служебные,13.824051378904064,0.4542555455299381
40,чужие хапаксы,служебные,14.21994168896305,0.4672644214257768
40,чужие хапаксы,смысловые редкие,9.418587559993723,0.30949289126019014
40,чужие хапаксы,пунктуация,15.854564269621665,0.5209777903767754
40,чужие хапаксы,пунктуация,14.45287726301752,0.47491863749928726
40,чужие хапаксы,служебные,23.103172000016365,0.7591655812531725
40,чужие хапаксы,служебные,12.055635240074565,0.39614574719008083
40,чужие хапаксы,служебные,9.709440400435831,0.3190502570484556
40,чужие хапаксы,служебные,12.111305826948985,0.3979750714682879
40,чужие хапаксы,служебные,12.137276100025916,0.3988284494137812
40,чужие хапаксы,служебные,15.756878738221848,0.5177678634790699
40,чужие хапаксы,пунктуация,14.23976993616032,0.4679159736372539
40,чужие хапаксы,служебные,12.80899588342825,0.42090102627922316
40,чужие хапаксы,пунктуация,12.255723425846227,0.4027206046967959
40,чужие хапаксы,служебные,20.46599452277926,0.6725084602148551
40,чужие хапаксы,пунктуация,14.967667986500365,0.4918345570455867
40,чужие хапаксы,смысловые редкие,14.901662095951636,0.48966561676913795
40,чужие хапаксы,служебные,18.50496309958106,0.6080693624040895
40,чужие хапаксы,служебные,15.115039444830211,0.49667715350043834
40,чужие хапаксы,служебные,14.025088520549183,0.4608615855356301
40,чужие хапаксы,служебные,15.402311075435637,0.5061168414543677
40,чужие хапаксы,служебные,13.833773768800604,0.4545750213048218
40,чужие хапаксы,служебные,13.590714046759238,0.44658812776645235
40,чужие хапаксы,служебные,15.73060922939389,0.516904652707034
40,чужие хапаксы,служебные,13.78536119480014,0.45298419386861527
40,чужие хапаксы,служебные,13.17537845096883,0.43294028369581417
40,чужие хапаксы,служебные,13.218967877058256,0.4343726234625634
40,чужие хапаксы,смысловые редкие,14.84851466891164,0.4879192030151781
40,чужие хапаксы,смысловые редкие,13.839762328244387,0.45477180416264773
40,чужие хапаксы,служебные,14.937943531377163,0.49085781743376966
40,чужие хапаксы,пунктуация,18.42047371791738,0.6052930583303292
40,чужие хапаксы,служебные,13.521234180145385,0.4443050333358148
40,чужие хапаксы,служебные,16.94156967132651,0.5566965690626636
40,чужие хапаксы,пунктуация,12.542653510828329,0.412149069530296
40,чужие хапаксы,пунктуация,9.829466209746744,0.32299428098122285
40,чужие хапаксы,служебные,12.258641460822057,0.40281649073870135
40,чужие хапаксы,служебные,15.668345794824452,0.5148586887807085
40,чужие хапаксы,служебные,16.664384915625444,0.5475883337876041
40,чужие хапаксы,смысловые частые,15.105568529360408,0.49636594112459537
40,чужие хапаксы,пунктуация,12.18295289373635,0.40032937966036974
40,чужие хапаксы,служебные,11.99187863904427,0.3940507181144259
40,чужие хапаксы,пунктуация,11.767406883804057,0.3866746214233856
41,исходный,служебные,9.499272866717554,0.3070991985212463
41,исходный,служебные,10.474899120450123,0.33863993272073545
41,исходный,служебные,8.83375551870411,0.2855838839235368
41,исходный,служебные,9.613136187008628,0.3107802523127287
41,исходный,служебные,8.918707371518249,0.288330267386583
41,исходный,служебные,9.134757560723735,0.29531489040734427
41,исходный,пунктуация,7.833031789450502,0.2532317808197579
41,исходный,пунктуация,13.888307112813301,0.4489909957324636
41,исходный,служебные,16.871678679273383,0.5454395376162334
41,исходный,пунктуация,7.789745367051137,0.25183238680168807
41,исходный,пунктуация,12.276260056685636,0.3968756006004985
41,исходный,пунктуация,6.960834437060724,0.22503476915061008
41,исходный,служебные,9.555025437374201,0.30890160697970254
41,исходный,служебные,11.015411502549782,0.35611399854267795
41,исходный,служебные,14.213370763771945,0.45949988289450644
41,исходный,служебные,8.369629908050175,0.2705793035682975
41,исходный,служебные,15.392925121696226,0.49763334879377175
41,исходный,служебные,12.809989634729039,0.41413038714510797
41,исходный,служебные,13.432911740691951,0.4342686526909507
41,исходный,служебные,23.101693017440354,0.746847838743187
41,исходный,пунктуация,13.54527717576888,0.4379012817919127
41,исходный,пунктуация,7.354211466430652,0.23775213943054369
41,исходный,служебные,11.695122857492537,0.3780881870155731
41,исходный,служебные,13.409850825844183,0.43352312315766095
41,исходный,служебные,10.838065479895587,0.3503806311384364
41,исходный,служебные,16.0639419926059,0.5193264558496387
41,исходный,пунктуация,18.026399324503576,0.5827701617220619
41,исходный,смысловые частые,14.382289836095003,0.4649608179000811
41,исходный,служебные,10.000734370428436,0.323310799981652
41,исходный,пунктуация,18.41193999742079,0.595234192739115
41,исходный,смысловые частые,20.678354985332845,0.6685044562708581
41,исходный,служебные,20.742765037307493,0.6705867498964502
41,исходный,служебные,8.668985490791774,0.2802570821543729
41,исходный,служебные,9.277762719277263,0.2999380621166298
41,исходный,пунктуация,14.054552651633943,0.45436549885979544
41,исходный,пунктуация,12.316874516172408,0.39818861351546186
41,исходный,служебные,15.414110103366989,0.49831823183514357
41,исходный,служебные,16.131265807171463,0.521502947649018
41,исходный,служебные,14.414493227616356,0.4660019118727075
41,исходный,служебные,13.629975800224152,0.4406394787098262
41,исходный,служебные,12.782990702976806,0.4132575466215884
41,исходный,смысловые частые,15.544018468798358,0.5025180011716953
41,исходный,служебные,20.34967140193949,0.6578785413778512
41,исходный,служебные,13.33305027182552,0.43104026063586154
41,исходный,служебные,13.528455400908678,0.43735745558018513
41,исходный,служебные,18.447066482856513,0.5963697865551401
41,исходный,смысловые частые,16.099429554589495,0.5204737228031776
41,исходный,служебные,13.252558037178469,0.42843805085684766
41,исходный,служебные,14.559077646647921,0.47067613902948535
41,исходный,служебные,15.356516240529348,0.49645629678334063
41,исходный,служебные,13.67802342191001,0.4421927961392347
41,исходный,пунктуация,9.374529458776331,0.30306640557624315
41,исходный,служебные,12.990981152253227,0.4199816086807652
41,исходный,служебные,19.769523742606257,0.6391231183360057
41,исходный,пунктуация,16.734993047138172,0.5410206680177861
41,исходный,служебные,16.220875483810815,0.5243999125285206
41,исходный,пунктуация,6.932042138316171,0.2241039513930724
41,исходный,служебные,11.970843967482608,0.3870018936835865
41,исходный,служебные,21.864879832538104,0.7068632690678833
41,исходный,служебные,12.589789113705926,0.4070115892677368
41,исходный,пунктуация,14.04317214723009,0.45399758188023
41,перемешивание,служебные,14.973420240008064,0.5399119929420262
41,перемешивание,смысловые частые,17.127187479719723,0.6175725904599478
41,перемешивание,пунктуация,12.488175062619225,0.45029895496100947
41,перемешивание,пунктуация,10.850090296530594,0.3912328500570834
41,перемешивание,служебные,16.585643708907863,0.5980455904908204
41,перемешивание,смысловые частые,14.309486507847522,0.5159718524286092
41,перемешивание,служебные,11.659417779866551,0.42041560239199255
41,перемешивание,служебные,10.141850987265576,0.36569513784331376
41,перемешивание,служебные,12.35166662839466,0.44537673013901113
41,перемешивание,служебные,14.17978929378519,0.511295226767872
41,перемешивание,служебные,21.12218675184339,0.7616243825181845
41,перемешивание,служебные,12.312089906964697,0.44394967164476884
41,перемешивание,служебные,17.91160740192823,0.6458572252804821
41,перемешивание,служебные,10.67872147900762,0.3850536285890498
41,перемешивание,служебные,18.549418955988035,0.6688554515877734
41,перемешивание,служебные,18.764032059006006,0.6765939766745335
41,перемешивание,служебные,17.272251098383038,0.6228032983543688
41,перемешивание,служебные,18.112270971301278,0.6530927577049033
41,перемешивание,служебные,14.621416720333382,0.5272194404868189
41,перемешивание,пунктуация,11.308914678290824,0.40777715205327353
41,перемешивание,пунктуация,10.89582240265269,0.39288185957942645
41,перемешивание,служебные,15.595646570616418,0.5623482468395913
41,перемешивание,служебные,12.904584126858902,0.46531384428816874
41,перемешивание,служебные,12.286790382202884,0.44303742069504
41,перемешивание,служебные,12.70814043599317,0.45823047235736486
41,перемешивание,служебные,13.786314117105661,0.4971072881800918
41,перемешивание,служебные,14.62397779096134,0.5273117876409522
41,перемешивание,служебные,11.930610865316579,0.4301942900191651
41,перемешивание,смысловые редкие,13.84000152875042,0.4990431503246385
41,перемешивание,служебные,11.742799906217448,0.4234221973644337
41,перемешивание,служебные,11.105539634797614,0.40044384922151977
41,перемешивание,служебные,16.63930537385372,0.5999805242602
41,перемешивание,служебные,15.954268241377617,0.5752794367660936
41,перемешивание,служебные,12.429759697646862,0.44819261214720174
41,перемешивание,служебные,12.332441638867332,0.4446835149454473
41,перемешивание,служебные,14.706965873389954,0.5303041741669612
41,перемешивание,служебные,17.170131363968295,0.6191210622023869
41,перемешивание,служебные,14.868253926466464,0.5361199031572957
41,перемешивание,служебные,15.464799718663922,0.5576301675046441
41,перемешивание,служебные,15.140913038957468,0.5459514528272557
41,перемешивание,служебные,14.135287679922675,0.5096905863687835
41,перемешивание,служебные,10.260071247294078,0.36995792718436005
41,перемешивание,пунктуация,8.634495296299642,0.31134286547421314
41,перемешивание,служебные,12.228825346399955,0.440947315862632
41,перемешивание,пунктуация,13.79607764561149,0.49745934175564316
41,перемешивание,пунктуация,10.813877599960733,0.38992709166244505
41,перемешивание,служебные,14.011097257958513,0.5052125247668108
41,перемешивание,служебные,13.761900976473736,0.4962269984933482
41,перемешивание,служебные,16.316916881581047,0.5883558312659146
41,чужие хапаксы,служебные,16.270725716090276,0.5633401390129646
41,чужие хапаксы,смысловые редкие,12.61504540198564,0.4367697885400222
41,чужие хапаксы,служебные,12.23156839472107,0.42349269233975456
41,чужие хапаксы,служебные,12.733210437717474,0.44086100787572857
41,чужие хапаксы,служебные,17.753919711754715,0.6146926555681742
41,чужие хапаксы,служебные,16.95336905317273,0.5869752490331653
41,чужие хапаксы,служебные,11.572960894658307,0.4006897733357526
41,чужие хапаксы,служебные,17.269802276953143,0.5979310932519943
41,чужие хапаксы,служебные,12.33333772205968,0.4270162442704158
41,чужие хапаксы,служебные,13.605890793144745,0.4710757555961771
41,чужие хапаксы,служебные,10.893668137093202,0.37717067018359285
41,чужие хапаксы,служебные,18.703445546373025,0.6475680186591583
41,чужие хапаксы,смысловые частые,14.323142642233679,0.495909113580541
41,чужие хапаксы,пунктуация,15.101740752940152,0.5228664586660688
41,чужие хапаксы,пунктуация,11.717220169424662,0.4056844515891278
41,чужие хапаксы,пунктуация,12.09325209762808,0.4187037773649868
41,чужие хапаксы,служебные,12.91533435397457,0.44716667082476336
41,чужие хапаксы,пунктуация,9.207331164248027,0.3187847492799015
41,чужие хапаксы,пунктуация,15.863169616928822,0.5492293541860686
41,чужие хапаксы,служебные,11.44128473501642,0.39613075935126896
41,чужие хапаксы,служебные,17.56290016039303,0.6080789996995937
41,чужие хапаксы,служебные,12.769631828670388,0.44212202301423403
41,чужие хапаксы,служебные,11.712858183276857,0.4055334268637557
41,чужие хапаксы,служебные,11.729706699549983,0.406116771802702
41,чужие хапаксы,пунктуация,10.764500869690979,0.3726985213904794
41,чужие хапаксы,пунктуация,11.253360562979452,0.3896242745732415
41,чужие хапаксы,смысловые частые,10.399338466001849,0.36005553036192844
41,чужие хапаксы,служебные,12.196164009589936,0.42226688891896935
41,чужие хапаксы,служебные,13.621466885367566,0.47161504549087463
41,чужие хапаксы,служебные,13.634579491862944,0.4720690423005328
41,чужие хапаксы,служебные,13.096891861173352,0.4534527230346574
41,чужие хапаксы,служебные,13.072100855488372,0.4525943858693374
41,чужие хапаксы,служебные,12.313859597585811,0.42634185460026297
41,чужие хапаксы,служебные,13.495504580362368,0.467253861874962
41,чужие хапаксы,служебные,11.66917877564908,0.40402111794807516
41,чужие хапаксы,служебные,11.148635465549855,0.385998385232252
41,чужие хапаксы,служебные,12.590768501661602,0.43592925120677817
41,чужие хапаксы,служебные,10.025931751316339,0.34712709716049556
41,чужие хапаксы,служебные,13.338699318953205,0.4618248048493834
41,чужие хапаксы,служебные,12.088140715671525,0.41852680636368067
41,чужие хапаксы,служебные,12.89331093167697,0.4464041554953824
41,чужие хапаксы,служебные,12.987792028482108,0.44967536755666554
41,чужие хапаксы,смысловые редкие,12.106469461510732,0.41916140118195494
41,чужие хапаксы,служебные,15.577923857355536,0.5393533112452201
41,чужие хапаксы,служебные,12.476214591689313,0.43196305961248127
41,чужие хапаксы,служебные,13.05476928146953,0.45199431605761214
41,чужие хапаксы,пунктуация,17.74918949626022,0.6145288816652318
41,чужие хапаксы,служебные,11.85077794742244,0.4103086127074685
41,чужие хапаксы,служебные,13.52062659935719,0.46812365968974745
41,чужие хапаксы,служебные,13.15405878999191,0.45543200940390294
41,чужие хапаксы,служебные,13.066049758136808,0.4523848791710689
41,чужие хапаксы,служебные,14.706555388319012,0.5091839848707292
41,чужие хапаксы,служебные,11.939400488881665,0.41337698443817444
41,чужие хапаксы,служебные,11.087640099017499,0.38388654714579806
41,чужие хапаксы,пунктуация,13.701910003754975,0.47440022165853535
41,чужие хапаксы,служебные,12.976136537993296,0.4492718203672652
41,чужие хапаксы,служебные,14.425351824345851,0.49944789457065586
41,чужие хапаксы,смысловые частые,11.29638335759582,0.3911138496249519
41,чужие хапаксы,пунктуация,11.920726615684302,0.4127304403007787
41,чужие хапаксы,пунктуация,11.411574781660715,0.3951021138227588
42,исходный,служебные,16.44168826992411,0.5195575762357866
42,исходный,подслова,12.026806339084049,0.3800472462929467
42,исходный,подслова,12.442505033584784,0.3931833307760872
42,исходный,пунктуация,9.72831098524619,0.3074147613909126
42,исходный,смысловые частые,9.509660431939732,0.30050540088890615
42,исходный,смысловые редкие,11.216576949111994,0.35444398638812774
42,исходный,пунктуация,6.59462236623133,0.2083901577830652
42,исходный,служебные,13.33703000494457,0.4214503322160933
42,исходный,служебные,12.953167221288718,0.40932026295500784
42,исходный,пунктуация,9.508649116831206,0.3004734433175199
42,исходный,пунктуация,10.58317686306676,0.33442853492775776
42,исходный,служебные,15.171812434196854,0.47942948230167787
42,исходный,пунктуация,12.534930949978248,0.39610399100965954
42,исходный,смысловые редкие,9.406769970829034,0.29725406089785156
42,исходный,служебные,16.97384852835727,0.5363738477464383
42,исходный,служебные,16.060728202260897,0.5075192328401278
42,исходный,служебные,14.1220956608987,0.4462584177786697
42,исходный,служебные,5.432056960566295,0.17165307491987772
42,исходный,пунктуация,6.6374667384810815,0.20974404053743803
42,исходный,служебные,10.848197324462214,0.342803185165312
42,исходный,служебные,16.109331675159453,0.5090551032544823
42,исходный,служебные,17.933502968641402,0.5666989413032836
42,исходный,пунктуация,11.386701014988454,0.3598199092176486
42,исходный,служебные,19.618080776445574,0.6199316232781845
42,исходный,служебные,20.109437770446736,0.6354585110696731
42,исходный,служебные,18.4407255677376,0.5827271824347312
42,исходный,смысловые редкие,10.277836132511299,0.3247797636283009
42,исходный,пунктуация,8.572059165113108,0.2708771879176665
42,исходный,пунктуация,7.074069025951445,0.22354067884690218
42,исходный,смысловые частые,16.623477310148015,0.525302112415671
42,исходный,служебные,19.86284607798874,0.6276662101848718
42,исходный,служебные,21.638852842044255,0.6837880484390955
42,исходный,смысловые редкие,8.909026991038017,0.2815253758672727
42,исходный,смысловые редкие,6.5569732164525565,0.20720044413047276
42,исходный,смысловые редкие,14.066114529962833,0.44448941326851965
42,исходный,служебные,16.538788007434096,0.5226259292811428
42,исходный,служебные,13.029439333418223,0.41173046275090586
42,исходный,служебные,19.296528402202718,0.6097705638144747
42,исходный,служебные,15.976831122661743,0.5048680839669593
42,исходный,пунктуация,9.790245615056461,0.30937189654765607
42,исходный,пунктуация,8.38752739212603,0.2650459813446142
42,исходный,пунктуация,10.295215462325544,0.32532895069027734
42,исходный,служебные,14.836665303823157,0.4688388283566168
42,исходный,смысловые частые,12.087092791289054,0.38195229901461786
42,исходный,смысловые редкие,17.01889068098983,0.5377971803912388
42,исходный,служебные,17.042649498420314,0.5385479593499295
42,исходный,служебные,17.70595626401296,0.5595084622967297
42,исходный,служебные,15.316782212697024,0.48401052930296223
42,исходный,служебные,14.712419542302017,0.46491266057787495
42,исходный,смысловые частые,13.680532583769455,0.4323050184475227
42,исходный,пунктуация,10.217778144267442,0.32288193037095503
42,исходный,служебные,17.354489156382165,0.5484020968451178
42,исходный,смысловые редкие,10.167034937627397,0.3212784443408398
42,исходный,смысловые редкие,12.816802712188181,0.40501114258551035
42,исходный,смысловые редкие,10.103720613759679,0.3192777108328403
42,исходный,служебные,10.994869534064177,0.3474380290129076
42,исходный,служебные,11.33610910070762,0.35822120402817237
42,исходный,смысловые редкие,11.278582190196802,0.35640335286212105
42,исходный,смысловые частые,16.318951463219268,0.5156790914500643
42,исходный,служебные,14.960914435709274,0.47276510263893834
42,исходный,пунктуация,9.721455804370413,0.307198137580632
42,исходный,пунктуация,16.540392728568154,0.5226766384911252
42,исходный,смысловые редкие,9.008487277111014,0.28466832227979727
42,исходный,служебные,23.663172955412705,0.7477565919584964
42,исходный,служебные,9.02319554749566,0.28513310382693596
42,исходный,служебные,12.972815103468564,0.40994113630304474
42,исходный,служебные,11.77474293524843,0.3720820392530993
42,исходный,служебные,15.182412491671563,0.47976444426416653
42,исходный,смысловые частые,12.645178768783088,0.39958782360538536
42,исходный,смысловые частые,14.247281915631461,0.4502143051558782
42,исходный,смысловые редкие,15.090954475314266,0.4768743696850947
42,исходный,служебные,12.560296019434377,0.39690552755452796
42,исходный,подслова,16.74293516014893,0.5290769821242974
42,исходный,пунктуация,13.28824991980254,0.41990888085240774
42,исходный,служебные,16.808545372065286,0.5311502657263186
42,исходный,служебные,12.315966979502457,0.38918472652077674
42,исходный,служебные,11.304958134800524,0.35723683307560417
42,исходный,служебные,14.65959710942086,0.46324347096984586
42,перемешивание,смысловые редкие,15.184255344101162,0.4777056953700464
42,перемешивание,служебные,18.53858826777848,0.5832350022405618
42,перемешивание,служебные,26.062066663236124,0.8199281028936557
42,перемешивание,служебные,10.887759008850995,0.3425353677528357
42,перемешивание,пунктуация,10.960710422755227,0.3448304625808404
42,перемешивание,смысловые редкие,12.364242981828166,0.38898643084614676
42,перемешивание,смысловые редкие,11.883543634333064,0.37386334374999325
42,перемешивание,служебные,14.321422569913018,0.45056046361248525
42,перемешивание,служебные,13.285172920630181,0.41795943392287765
42,перемешивание,служебные,12.09009913521414,0.3803617025397271
42,перемешивание,смысловые частые,15.825845817050126,0.4978905128719432
42,перемешивание,подслова,9.022300100840459,0.2838469220806142
42,перемешивание,подслова,9.034839599979724,0.2842414221743077
42,перемешивание,служебные,15.570249466668356,0.48984929981761954
42,перемешивание,служебные,22.340164362001385,0.702834845001267
42,перемешивание,служебные,24.197677856366713,0.7612733232391711
42,перемешивание,служебные,14.999360569263047,0.4718887958920853
42,перемешивание,подслова,10.131938823687749,0.3187568156311874
42,перемешивание,смысловые частые,10.621962625032017,0.3341732555858788
42,перемешивание,служебные,15.081519190837811,0.4744735549441823
42,перемешивание,смысловые редкие,12.369514537304227,0.38915227711369854
42,перемешивание,смысловые редкие,12.655737774296986,0.39815703021881604
42,перемешивание,служебные,13.781796831377278,0.43358351724106275
42,перемешивание,служебные,11.06350351472867,0.3480643943323561
42,перемешивание,пунктуация,12.734334438390523,0.40062972797209473
42,перемешивание,пунктуация,21.86871195522822,0.6880026721546119
42,перемешивание,служебные,13.104072128513272,0.4122618953956503
42,перемешивание,служебные,12.163640082168204,0.38267534442777074
42,перемешивание,пунктуация,13.85247884716523,0.43580721545588874
42,перемешивание,смысловые редкие,11.91512595855671,0.3748569424357872
42,перемешивание,смысловые редкие,18.33432423077406,0.5768087342659393
42,перемешивание,служебные,9.024099433158506,0.2839035301444747
42,перемешивание,смысловые редкие,15.17885888330525,0.47753591950691526
42,перемешивание,пунктуация,13.188399832697048,0.41491489507546137
42,перемешивание,подслова,8.96037046833561,0.2818985790444024
42,перемешивание,подслова,9.437977254909788,0.29692437233643276
42,перемешивание,смысловые редкие,14.604885129184082,0.4594783641561271
42,перемешивание,служебные,20.657511790791233,0.6498975953054227
42,перемешивание,служебные,14.6528528236404,0.460987456325369
42,перемешивание,пунктуация,15.323365419690857,0.4820821810051073
42,перемешивание,пунктуация,17.13233154052342,0.5389933300255882
42,перемешивание,служебные,21.027058583082564,0.6615237569697734
42,перемешивание,служебные,13.999140864415812,0.44042128966284555
42,перемешивание,пунктуация,10.059909238855047,0.3164907220935093
42,перемешивание,служебные,16.92674447649313,0.53252543883461
42,перемешивание,пунктуация,13.480955718074007,0.4241188770615054
42,перемешивание,пунктуация,9.483772872655296,0.29836512968173895
42,перемешивание,пунктуация,10.820224506852997,0.34041069219204456
42,перемешивание,пунктуация,9.820839009159394,0.3089694306155308
42,перемешивание,служебные,14.439708226903434,0.4542818006648723
42,перемешивание,смысловые частые,20.536626503416826,0.6460944723364961
42,перемешивание,служебные,22.788518968231784,0.7169403473184988
42,перемешивание,подслова,10.882545971038647,0.3423713624857545
42,перемешивание,подслова,10.895015331519891,0.34276365597559144
42,перемешивание,подслова,12.58458560230583,0.3959185406104779
42,перемешивание,служебные,16.543383322931536,0.5204646691564216
42,перемешивание,служебные,15.966672983683226,0.502321019211498
42,перемешивание,подслова,10.198270562902039,0.32084365156014044
42,перемешивание,служебные,14.210742225106603,0.4470783942003632
42,перемешивание,смысловые частые,17.546140584075246,0.5520120084145245
42,перемешивание,служебные,14.914379548864018,0.4692152424959522
42,перемешивание,служебные,14.847676127607755,0.4671167132291112
42,перемешивание,служебные,14.326873068987373,0.4507319395519649
42,перемешивание,пунктуация,14.994344850168106,0.4717309983890975
42,перемешивание,служебные,13.015883220069254,0.40948741993554544
42,перемешивание,служебные,14.331922799745227,0.4508908070820772
42,перемешивание,служебные,14.014359350799538,0.44090007228706174
42,перемешивание,смысловые частые,10.557719794519386,0.3321521379658765
42,перемешивание,смысловые частые,12.42886389301079,0.39101944310867653
42,перемешивание,служебные,18.25783994800469,0.5744024932842624
42,перемешивание,служебные,19.840900773394118,0.6242065274807449
42,перемешивание,смысловые частые,15.533548786522873,0.48869467461327837
42,перемешивание,подслова,9.207276201343515,0.2896663801123167
42,чужие хапаксы,служебные,13.846175741177843,0.44696130996942063
42,чужие хапаксы,служебные,12.837308793659368,0.41439459256840705
42,чужие хапаксы,служебные,14.066433835315113,0.45407134873587846
42,чужие хапаксы,служебные,19.932067800561285,0.6434168756101847
42,чужие хапаксы,смысловые редкие,13.133547918488903,0.4239573360849602
42,чужие хапаксы,смысловые частые,11.339797582745145,0.3660541998826808
42,чужие хапаксы,смысловые частые,23.76386323751446,0.7671091022617691
42,чужие хапаксы,служебные,15.048214751979888,0.4857637158427355
42,чужие хапаксы,смысловые редкие,12.48795827585717,0.403117387367913
42,чужие хапаксы,смысловые редкие,10.122174786533272,0.32674874181132507
42,чужие хапаксы,служебные,10.359177345032862,0.33439930005883073
42,чужие хапаксы,служебные,13.63956989663052,0.44029197248213303
42,чужие хапаксы,служебные,12.906205404793885,0.41661860879792506
42,чужие хапаксы,служебные,13.32686091811173,0.4301975740510708
42,чужие хапаксы,смысловые редкие,13.733631044089432,0.4433283122246969
42,чужие хапаксы,смысловые редкие,11.738795135761439,0.37893403560803507
42,чужие хапаксы,служебные,14.734620921642726,0.47564075396316147
42,чужие хапаксы,смысловые редкие,16.887547336552576,0.5451382692817137
42,чужие хапаксы,пунктуация,11.199780394730958,0.3615343767240783
42,чужие хапаксы,смысловые частые,8.957730777061562,0.28915992092761394
42,чужие хапаксы,смысловые частые,17.858242387106227,0.5764727792205127
42,чужие хапаксы,пунктуация,7.356602646127544,0.23747472349776527
42,чужие хапаксы,служебные,13.255428150245827,0.42789168944459893
42,чужие хапаксы,служебные,12.961714052702467,0.418410455041077
42,чужие хапаксы,служебные,15.348336859110063,0.4954518039228796
42,чужие хапаксы,служебные,16.50933796574667,0.5329294862229096
42,чужие хапаксы,пунктуация,15.928919452691144,0.5141932933726133
42,чужие хапаксы,смысловые редкие,13.49957979298571,0.4357730236201914
42,чужие хапаксы,пунктуация,14.516145431349742,0.46858825851872205
42,чужие хапаксы,смысловые редкие,12.5127428294509,0.4039174448529784
42,чужие хапаксы,служебные,11.97023278894016,0.3864049559960649
42,чужие хапаксы,подслова,9.261490444129478,0.2989654312177067
42,чужие хапаксы,смысловые редкие,14.618160636919736,0.4718813591387555
42,чужие хапаксы,смысловые редкие,12.436408655454926,0.40145334046470266
42,чужие хапаксы,служебные,14.24467227956488,0.45982497269804334
42,чужие хапаксы,служебные,12.539223194874127,0.40477224397146977
42,чужие хапаксы,служебные,12.577558469431949,0.406009725342116
42,чужие хапаксы,служебные,13.051357576574663,0.42130419173842615
42,чужие хапаксы,служебные,14.460676842954545,0.4667977054162116
42,чужие хапаксы,служебные,12.973775665529631,0.4187998097893011
42,чужие хапаксы,служебные,18.157476013201894,0.586132186699277
42,чужие хапаксы,служебные,16.527065443433496,0.5335017378537908
42,чужие хапаксы,служебные,16.421923792193674,0.5301077140418049
42,чужие хапаксы,смысловые редкие,14.848798421445414,0.4793264593763228
42,чужие хапаксы,служебные,10.493671042232537,0.3387408222384332
42,чужие хапаксы,пунктуация,7.953932175763373,0.2567568122159846
42,чужие хапаксы,служебные,15.446689890600334,0.4986266877764494
42,чужие хапаксы,пунктуация,5.931044535225685,0.19145701199412477
42,чужие хапаксы,смысловые частые,15.696364820823923,0.5066863163674242
42,чужие хапаксы,служебные,12.47441267047321,0.4026801286157553
42,чужие хапаксы,пунктуация,11.807805677972713,0.38116172958831
42,чужие хапаксы,пунктуация,12.902976951020682,0.4165143927346148
42,чужие хапаксы,служебные,14.741660842507311,0.4758680060442078
42,чужие хапаксы,смысловые частые,9.888175433366863,0.31919512849756265
42,чужие хапаксы,служебные,15.563452660931038,0.5023958469838877
42,чужие хапаксы,служебные,16.408585731891193,0.5296771549461611
42,чужие хапаксы,служебные,13.845796360212738,0.44694906336672613
42,чужие хапаксы,пунктуация,12.9940232694568,0.41945341232506234
42,чужие хапаксы,служебные,15.917697106050213,0.5138310305464494
42,чужие хапаксы,смысловые редкие,10.632505184374208,0.3432224560989351
42,чужие хапаксы,служебные,12.264154724150613,0.395892899500907
42,чужие хапаксы,служебные,11.762060476612964,0.3796850521643942
42,чужие хапаксы,служебные,12.796413632580833,0.4130744768116272
42,чужие хапаксы,служебные,10.791980843052592,0.34837040818646675
42,чужие хапаксы,служебные,12.207219903874195,0.3940550157177378
42,чужие хапаксы,смысловые редкие,12.941819208270127,0.41776823975395827
42,чужие хапаксы,смысловые частые,12.666224872649684,0.4088719201078964
42,чужие хапаксы,смысловые частые,12.94933646598922,0.4180109005016123
42,чужие хапаксы,пунктуация,12.769582708874676,0.4122083615006877
42,чужие хапаксы,подслова,14.215683967134309,0.45888921582625686
42,чужие хапаксы,служебные,12.568617637927467,0.4057211109379542
42,чужие хапаксы,смысловые редкие,11.557866846921833,0.3730935821498445
42,чужие хапаксы,служебные,11.90615330188859,0.38433643888273944
42,чужие хапаксы,служебные,8.840570970307082,0.28537794519065923
42,чужие хапаксы,смысловые частые,15.27281076188077,0.49301378464698015
42,чужие хапаксы,смысловые частые,12.1267154132078,0.391456291472193
42,чужие хапаксы,служебные,13.248158470529424,0.4276570206356918
42,чужие хапаксы,служебные,11.845899715537058,0.38239142371108126
43,исходный,смысловые частые,16.43641566379219,0.5086348371008667
43,исходный,смысловые редкие,15.234763468785825,0.47144898216989295
43,исходный,служебные,11.500840633199815,0.35590047864736063
43,исходный,пунктуация,14.093083234308677,0.43611899587830844
43,исходный,смысловые редкие,16.233411971694032,0.502352764903783
43,исходный,пунктуация,12.5420046157282,0.38811992864674283
43,исходный,пунктуация,20.818982461734926,0.6442560208767076
43,исходный,смысловые частые,11.36748991608924,0.3517738599451921
43,исходный,смысловые частые,14.681289352207585,0.454321390431904
43,исходный,служебные,8.785040760058472,0.2718584068033892
43,исходный,служебные,4.915698426051251,0.1521192648881149
43,исходный,пунктуация,6.502044273682229,0.20120969788153667
43,исходный,пунктуация,10.840986178013301,0.33548088290402456
43,исходный,служебные,11.06936248092335,0.34254812590909417
43,исходный,служебные,11.169569746779153,0.34564910043951863
43,исходный,служебные,17.802229510704393,0.5509007737712719
43,исходный,служебные,15.071455597309708,0.4663953211829342
43,исходный,служебные,13.372979064791954,0.4138349362359954
43,исходный,служебные,11.146287903031938,0.34492862968458027
43,исходный,смысловые частые,9.026143274561878,0.2793194701335895
43,исходный,смысловые частые,6.231439339063067,0.19283566429330654
43,исходный,смысловые частые,12.766963727736668,0.39508142460981
43,исходный,служебные,20.072643370936618,0.6211601057066831
43,исходный,служебные,17.186917388979406,0.5318595675130718
43,исходный,смысловые частые,12.985218867615188,0.4018354620951899
43,исходный,смысловые редкие,6.744518486197441,0.20871320923745362
43,исходный,пунктуация,9.767187970164315,0.3022515470378337
43,исходный,пунктуация,14.882836645325993,0.46055839348052063
43,исходный,смысловые редкие,10.537734381185235,0.3260965723928239
43,исходный,пунктуация,10.1955414172699,0.31550720388217246
43,исходный,служебные,17.604393424694074,0.5447786162742331
43,исходный,служебные,24.584272634203714,0.7607752056360746
43,исходный,пунктуация,11.14612608882662,0.3449236222459972
43,исходный,смысловые редкие,13.196263134832702,0.4083663547589549
43,исходный,служебные,12.498811872134812,0.38678330303742836
43,исходный,пунктуация,11.62165847688703,0.3596392599911604
43,исходный,пунктуация,9.842684239691593,0.30458782482115365
43,исходный,пунктуация,8.087099965866821,0.25026020623331335
43,исходный,пунктуация,17.424979239462402,0.5392265356536435
43,исходный,пунктуация,6.404706450646411,0.198197519996997
43,исходный,пунктуация,13.3009007684083,0.4116044297016316
43,исходный,служебные,11.934527339345689,0.3693211764226823
43,исходный,смысловые редкие,6.863125773842267,0.21238358358574283
43,исходный,служебные,14.975244377676768,0.4634180067230013
43,исходный,подслова,4.419889319482012,0.13677615180850888
43,исходный,служебные,15.216104092546194,0.4708715564714814
43,исходный,служебные,12.807797958973872,0.39634506462587676
43,исходный,подслова,17.033767670920913,0.527120256735703
43,исходный,служебные,13.318527017502234,0.4121498846548269
43,исходный,пунктуация,13.930115887632098,0.4310758726375034
43,исходный,смысловые редкие,10.237145760258016,0.3167946754727739
43,исходный,пунктуация,10.121734846007978,0.3132232148350057
43,исходный,смысловые частые,14.860007014692878,0.4598519167342719
43,исходный,смысловые редкие,11.409477623629403,0.35307319498403367
43,исходный,служебные,10.972510145607485,0.3395509717360743
43,исходный,служебные,13.034342181878573,0.4033556128056184
43,исходный,смысловые редкие,6.282776250697158,0.19442431611499228
43,исходный,пунктуация,17.36971195555153,0.5375162560815018
43,исходный,пунктуация,14.939190073451256,0.46230228444317806
43,исходный,смысловые частые,12.826609836084662,0.3969272095561055
43,исходный,служебные,25.104321352303497,0.7768684281747269
43,исходный,пунктуация,11.411441736859087,0.35313397565745197
43,исходный,пунктуация,16.202485381927733,0.5013957228533973
43,исходный,подслова,10.719880194979924,0.331733184913652
43,исходный,смысловые частые,5.776079612842421,0.178744281785942
43,перемешивание,служебные,17.015509944456294,0.5493760304371924
43,перемешивание,пунктуация,12.84452373186674,0.4147083151609149
43,перемешивание,служебные,16.434680949792792,0.5306229323230203
43,перемешивание,смысловые частые,14.606889914247871,0.4716094448134375
43,перемешивание,пунктуация,13.213349618103411,0.42661651550075824
43,перемешивание,пунктуация,10.980526611163313,0.3545258497360665
43,перемешивание,пунктуация,12.175713525342044,0.39311458699315427
43,перемешивание,пунктуация,14.258590903754177,0.4603639911999494
43,перемешивание,пунктуация,11.43012073389529,0.3690417963789032
43,перемешивание,смысловые частые,18.70869310552113,0.6040434630833681
43,перемешивание,служебные,19.75813378358416,0.6379265236425622
43,перемешивание,служебные,17.19969248597196,0.5553226916811991
43,перемешивание,смысловые редкие,14.5172147230654,0.468714121621753
43,перемешивание,служебные,13.627432142060195,0.43998590695757483
43,перемешивание,служебные,16.993640123494995,0.5486699243336839
43,перемешивание,смысловые частые,17.172560882937496,0.5544466995761651
43,перемешивание,служебные,17.77588023518963,0.5739259389235701
43,перемешивание,служебные,14.803057899543319,0.47794307744697406
43,перемешивание,пунктуация,12.219521763335024,0.39452901394642187
43,перемешивание,пунктуация,13.394240012631752,0.43245688391843085
43,перемешивание,пунктуация,13.623937175708743,0.43987306574700047
43,перемешивание,служебные,17.55371944539913,0.5667530823231919
43,перемешивание,служебные,15.60432273657532,0.5038133391631656
43,перемешивание,служебные,18.379031612209282,0.5933997548915565
43,перемешивание,служебные,16.47513704520589,0.5319291293854409
43,перемешивание,служебные,12.732521060464771,0.4110921095218225
43,перемешивание,служебные,12.530358770401916,0.4045649400875025
43,перемешивание,пунктуация,12.713020569880353,0.41046250146753466
43,перемешивание,смысловые частые,20.019202014230395,0.6463555762359826
43,перемешивание,служебные,10.896620914034788,0.3518168049310618
43,перемешивание,пунктуация,14.337461220223823,0.46291045977614015
43,перемешивание,служебные,16.176857670444452,0.5222986487590806
43,перемешивание,служебные,18.913337483481207,0.6106507711441896
43,перемешивание,пунктуация,13.933230193044425,0.44985914143091954
43,перемешивание,пунктуация,16.27144071737582,0.5253524308108338
43,перемешивание,смысловые частые,15.268322030044372,0.4929649581871841
43,перемешивание,смысловые редкие,14.636845788890392,0.47257662355525026
43,перемешивание,служебные,18.00671800039628,0.5813789471224541
43,перемешивание,пунктуация,13.480711100414432,0.43524875692774445
43,перемешивание,смысловые частые,12.935862379524643,0.4176573460062789
43,перемешивание,служебные,14.551123855326216,0.4698089383235637
43,перемешивание,служебные,14.46676639366751,0.46708530749644783
43,перемешивание,смысловые редкие,16.80672401054206,0.5426350048693812
43,перемешивание,смысловые частые,14.10977507946151,0.4555592073831247
43,перемешивание,пунктуация,12.830077797137244,0.41424190244078185
43,перемешивание,служебные,15.473676681176457,0.49959519868182856
43,перемешивание,смысловые частые,19.372326050517604,0.6254700341458644
43,перемешивание,подслова,17.21895400117898,0.5559445839899916
43,перемешивание,служебные,13.938547196865684,0.45003081036489084
43,перемешивание,служебные,12.128992088684107,0.39160610223476344
43,перемешивание,пунктуация,16.10999005948196,0.520139708898018
43,перемешивание,служебные,13.393172251111213,0.43242240933685666
43,перемешивание,служебные,16.110303946585205,0.5201498433019441
43,перемешивание,пунктуация,16.952004854295172,0.5473256555463335
43,перемешивание,смысловые редкие,13.481641703155782,0.4352788030939555
43,перемешивание,пунктуация,14.476118226194595,0.467387248058195
43,перемешивание,смысловые частые,15.222380734546254,0.4914816616749852
43,перемешивание,пунктуация,18.80523200004492,0.6071603931565426
43,перемешивание,смысловые редкие,12.406313048572626,0.4005599031257102
43,перемешивание,служебные,13.706621070507541,0.4425426624886749
43,перемешивание,служебные,20.574260069768606,0.6642766137017518
43,перемешивание,служебные,17.24116399492943,0.5566616731775909
43,чужие хапаксы,служебные,12.277435561627605,0.39628263661616353
43,чужие хапаксы,служебные,8.3304444070313,0.26888436573191826
43,чужие хапаксы,служебные,15.079478539715781,0.48672505626437423
43,чужие хапаксы,служебные,10.241371300896908,0.3305639521635174
43,чужие хапаксы,служебные,17.543455345861492,0.5662556080965723
43,чужие хапаксы,служебные,15.668253446478731,0.5057291285117326
43,чужие хапаксы,смысловые частые,10.77961456643061,0.3479369987851779
43,чужие хапаксы,пунктуация,6.682142473636518,0.2156816074827346
43,чужие хапаксы,пунктуация,8.63987928168624,0.27887209218942904
43,чужие хапаксы,пунктуация,6.42384320123838,0.20734440089035067
43,чужие хапаксы,пунктуация,11.45604216484634,0.3697702644402565
43,чужие хапаксы,служебные,17.1616805029906,0.5539329418062723
43,чужие хапаксы,служебные,18.060732957206937,0.5829519397252361
43,чужие хапаксы,смысловые редкие,7.779941861601457,0.25111562248974834
43,чужие хапаксы,смысловые редкие,6.92556416405128,0.223538605697298
43,чужие хапаксы,смысловые редкие,8.540098416713253,0.27565143392925284
43,чужие хапаксы,подслова,9.317168450878768,0.30073316703457403
43,чужие хапаксы,служебные,14.595952497443395,0.4711181346118465
43,чужие хапаксы,служебные,14.303365671561542,0.4616742179064719
43,чужие хапаксы,смысловые редкие,15.229803214469907,0.49157713291841243
43,чужие хапаксы,служебные,16.090120145513644,0.5193458522122926
43,чужие хапаксы,пунктуация,14.254013295902386,0.46008125580528136
43,чужие хапаксы,служебные,16.53990585040641,0.5338637264175745
43,чужие хапаксы,служебные,16.328720709857535,0.5270472374292365
43,чужие хапаксы,служебные,20.60868780167027,0.6651930770274465
43,чужие хапаксы,служебные,12.178880214962602,0.39310153479461585
43,чужие хапаксы,пунктуация,17.412592540945035,0.5620317083166083
43,чужие хапаксы,служебные,20.89684656320379,0.6744940677116454
43,чужие хапаксы,служебные,14.937121869225518,0.4821301653819413
43,чужие хапаксы,служебные,15.038126031792915,0.4853903084020778
43,чужие хапаксы,служебные,13.714437590740209,0.44266520161201084
43,чужие хапаксы,смысловые редкие,10.581863159945518,0.34155411464271146
43,чужие хапаксы,пунктуация,12.807725699211229,0.41339897763366246
43,чужие хапаксы,пунктуация,12.316700420210795,0.39755000076624214
43,чужие хапаксы,смысловые редкие,17.990862137655483,0.5806966973779725
43,чужие хапаксы,служебные,12.016870021483504,0.38787228098926496
43,чужие хапаксы,пунктуация,7.839649917012802,0.2530428381128206
43,чужие хапаксы,пунктуация,12.995450244608143,0.4194582216373506
43,чужие хапаксы,смысловые частые,15.30701195276814,0.49406922356951377
43,чужие хапаксы,подслова,8.829727007140766,0.2849998667414567
43,чужие хапаксы,смысловые редкие,9.988611757812357,0.32240555315090114
43,чужие хапаксы,служебные,14.815538161472443,0.47820576993013003
43,чужие хапаксы,служебные,10.910536580041063,0.35216280966271996
43,чужие хапаксы,смысловые редкие,7.259160264631943,0.234306191618592
43,чужие хапаксы,смысловые частые,15.629635522109037,0.5044826456600777
43,чужие хапаксы,смысловые редкие,8.861871327264096,0.2860373990393675
43,чужие хапаксы,служебные,14.794020420478477,0.47751123505822535
43,чужие хапаксы,пунктуация,12.886022038024795,0.41592617310756147
43,чужие хапаксы,пунктуация,16.152934205342742,0.5213733213136934
43,чужие хапаксы,смысловые частые,16.016697386175462,0.5169759627909946
43,чужие хапаксы,смысловые редкие,8.460099865788159,0.2730692956213841
43,чужие хапаксы,служебные,11.000290324358573,0.35505981940598275
43,чужие хапаксы,служебные,13.806697432974577,0.44564310146340125
43,чужие хапаксы,служебные,15.130074761345501,0.4883581663719041
43,чужие хапаксы,пунктуация,10.67799603500163,0.3446570255886906
43,чужие хапаксы,пунктуация,16.51586141590456,0.5330876366671939
43,чужие хапаксы,смысловые частые,14.295223347008069,0.4614114055442291
43,чужие хапаксы,служебные,8.280475657838863,0.26727150874896005
43,чужие хапаксы,пунктуация,13.290009510320433,0.42896580340149487
44,исходный,пунктуация,17.60500034322839,0.5360723468193818
44,исходный,служебные,10.57994756567422,0.32215945527876816
44,исходный,служебные,12.110507355977571,0.36876500840225296
44,исходный,служебные,23.272185672521502,0.708638167898907
44,исходный,пунктуация,2.8661785187663553,0.08727514995757288
44,исходный,смысловые редкие,18.065051952164357,0.5500809205684415
44,исходный,служебные,15.73074900547044,0.47900138438979384
44,исходный,служебные,10.750712905034192,0.3273592607000341
44,исходный,смысловые редкие,10.077701229167847,0.30686605186818716
44,исходный,служебные,15.933091492698923,0.4851627141185698
44,исходный,служебные,15.202076162106549,0.4629032937157561
44,исходный,служебные,22.356152358226794,0.6807449489846805
44,исходный,служебные,20.673153721835604,0.6294976322499739
44,исходный,пунктуация,9.626888425856317,0.29313879979571605
44,исходный,пунктуация,10.163169891407994,0.309468573052699
44,исходный,пунктуация,17.023995284709414,0.518380739937136
44,исходный,служебные,9.777397003900289,0.29772178673553257
44,исходный,служебные,9.962529809216933,0.3033590815656643
44,исходный,смысловые частые,6.754342797638619,0.20566977132411352
44,исходный,смысловые частые,5.890976387921349,0.1793802599126478
44,исходный,пунктуация,16.877544266872814,0.5139213057255398
44,исходный,пунктуация,9.29416868767679,0.28300748213586524
44,исходный,пунктуация,11.450349166020512,0.34866318827940146
44,исходный,пунктуация,15.116412499371812,0.4602948347652274
44,исходный,смысловые частые,20.899564700237985,0.6363918476530722
44,исходный,служебные,11.691467807746566,0.3560052521028597
44,исходный,служебные,7.481068154333203,0.2277985620006934
44,исходный,смысловые частые,5.352052694085593,0.16297003079145228
44,исходный,пунктуация,5.459353386775561,0.1662373374102665
44,исходный,пунктуация,10.345294759864862,0.31501427619069394
44,исходный,служебные,9.15619622987872,0.2788062201190373
44,исходный,служебные,17.08353938689727,0.5201938581408726
44,исходный,служебные,9.871499402111917,0.300587205222732
44,исходный,пунктуация,15.690469840768296,0.4777748836270087
44,исходный,пунктуация,9.936107993692328,0.30255453715331776
44,исходный,служебные,9.865824974397128,0.30041441887097864
44,исходный,служебные,12.491346862003606,0.38036157322909986
44,исходный,служебные,13.469381247653171,0.4101427250702517
44,исходный,служебные,15.017042336318802,0.4572690128127649
44,исходный,служебные,20.51448483540967,0.6246661638798933
44,исходный,пунктуация,10.575603475645101,0.3220271777160699
44,исходный,смысловые редкие,15.112090714329044,0.460163236389473
44,исходный,служебные,20.169456581761622,0.6141600518636418
44,исходный,пунктуация,3.9576740604530656,0.12051119455668297
44,исходный,смысловые редкие,4.551798481666389,0.13860228609733374
44,исходный,смысловые редкие,21.277499716968826,0.6478999707666314
44,исходный,пунктуация,14.61107255085892,0.444907230853871
44,исходный,пунктуация,8.824682833803115,0.26871163558216904
44,исходный,пунктуация,12.548758152045778,0.3821097472925371
44,исходный,служебные,10.157193146599848,0.3092865811439697
44,исходный,служебные,10.249148964730601,0.31208663625717564
44,исходный,пунктуация,9.006131480322763,0.27423674775885826
44,исходный,служебные,12.55386068702711,0.38226511950775105
44,исходный,служебные,11.347244456566925,0.34552364937072005
44,исходный,служебные,15.831271622751087,0.4820622985791418
44,исходный,служебные,18.899424655330478,0.575487573473185
44,исходный,служебные,15.648659895045212,0.47650177057462606
44,исходный,служебные,16.437275165130664,0.5005151094175826
44,исходный,пунктуация,6.565808426042546,0.19992889878408548
44,исходный,пунктуация,12.70548509539536,0.386882083486416
44,исходный,пунктуация,14.077482286266884,0.42865940467931196
44,исходный,пунктуация,13.726659755399544,0.4179768568933071
44,исходный,пунктуация,11.112223279856861,0.33836725338691215
44,исходный,пунктуация,13.658057671280657,0.4158879230953332
44,исходный,служебные,15.800010287611038,0.48111039077076284
44,исходный,служебные,18.308635399934523,0.5574980377480351
44,исходный,смысловые частые,19.335728364781033,0.5887730235664095
44,исходный,служебные,17.80915831698616,0.542288958121881
44,исходный,служебные,16.96101001752387,0.5164628382423377
44,исходный,служебные,17.035062191783712,0.5187177273118413
44,исходный,пунктуация,9.831337880729357,0.29936428669960535
44,исходный,смысловые частые,12.585434818541087,0.3832265519672507
44,исходный,служебные,15.110259012833477,0.4601074610699469
44,исходный,служебные,11.90648160027783,0.3625524231402693
44,исходный,служебные,15.106367964308498,0.4599889786232722
44,исходный,служебные,13.840114309333641,0.4214315486171952
44,исходный,служебные,15.065854704316575,0.4587553496577648
44,перемешивание,пунктуация,9.864792711465356,0.32215379907372776
44,перемешивание,служебные,13.934526791578806,0.45505880108198765
44,перемешивание,подслова,11.557018705061362,0.3774166970051418
44,перемешивание,пунктуация,13.967667078465105,0.45614106095658247
44,перемешивание,пунктуация,13.050029402651692,0.42617383588829577
44,перемешивание,служебные,16.181506986872684,0.5284382655603469
44,перемешивание,смысловые частые,13.432196322219413,0.43865423244806867
44,перемешивание,пунктуация,9.71656945296644,0.3173132831872647
44,перемешивание,пунктуация,15.781283445680044,0.5153681952562749
44,перемешивание,служебные,15.192084818047903,0.49612677966321217
44,перемешивание,служебные,16.498940286390468,0.5388046611231557
44,перемешивание,служебные,16.77181969454584,0.547716063582132
44,перемешивание,пунктуация,11.738506894659865,0.3833435432629671
44,перемешивание,служебные,17.33777233779531,0.5661983367987531
44,перемешивание,служебные,17.658553179785617,0.5766740528061597
44,перемешивание,служебные,15.185865765138418,0.49592368451666113
44,перемешивание,пунктуация,9.989754247061082,0.32623465861205964
44,перемешивание,пунктуация,9.4414464654515,0.3083286123246485
44,перемешивание,пунктуация,9.551228752192072,0.31191376426639905
44,перемешивание,пунктуация,8.66359804442801,0.28292647451338226
44,перемешивание,служебные,13.402909434163387,0.43769781273137964
44,перемешивание,служебные,14.606371134759991,0.4769991716374133
44,перемешивание,служебные,17.808862832821816,0.5815827039232568
44,перемешивание,пунктуация,11.702276066668293,0.38216035581823693
44,перемешивание,служебные,13.430781297528588,0.43860802209238603
44,перемешивание,служебные,16.619153673394344,0.5427304607274198
44,перемешивание,служебные,13.436119468843065,0.4387823503544555
44,перемешивание,служебные,11.416410192226039,0.37282485529929843
44,перемешивание,служебные,16.49255955480899,0.5385962860482842
44,перемешивание,пунктуация,13.498868946830209,0.44083155537221086
44,перемешивание,служебные,14.290716234373816,0.4666908531222704
44,перемешивание,смысловые редкие,17.0146199086815,0.5556451720477166
44,перемешивание,служебные,20.214054685216297,0.6601288746754814
44,перемешивание,пунктуация,11.29235379406219,0.3687735547665019
44,перемешивание,пунктуация,10.976140710990576,0.35844700772107446
44,перемешивание,пунктуация,9.747624638431494,0.31832745006041946
44,перемешивание,служебные,16.86834584675299,0.5508683109281265
44,перемешивание,служебные,12.152935160481855,0.39687749619873625
44,перемешивание,служебные,16.840425561878135,0.5499565202694944
44,перемешивание,пунктуация,12.065126576623685,0.3940099378314615
44,перемешивание,служебные,21.368955941651933,0.697844398782069
44,перемешивание,служебные,11.928657413200385,0.3895532745503231
44,перемешивание,служебные,16.47748533981614,0.5381040085347024
44,перемешивание,служебные,18.708350736731674,0.6109572132455495
44,перемешивание,пунктуация,10.862815945240808,0.35474616930680175
44,перемешивание,пунктуация,11.807479993150798,0.38559599259085975
44,перемешивание,пунктуация,12.05910748371222,0.39381337276363676
44,перемешивание,служебные,15.507004556100778,0.5064110900369238
44,перемешивание,служебные,12.522364210973166,0.40894191311908906
44,перемешивание,служебные,11.064750994511607,0.36134074713438447
44,перемешивание,служебные,16.337563546464768,0.533534592975776
44,перемешивание,подслова,8.53051607766518,0.278580426660697
44,перемешивание,служебные,12.258186708173547,0.40031468813363213
44,перемешивание,пунктуация,10.041607584725924,0.32792802918881453
44,перемешивание,пунктуация,16.13514553772496,0.5269242431768716
44,перемешивание,пунктуация,10.524479659975748,0.3436971464990594
44,перемешивание,пунктуация,11.866085031035347,0.38750985293760826
44,перемешивание,пунктуация,11.319167347093044,0.3696492029659329
44,перемешивание,смысловые редкие,11.772195748342286,0.38444371764246693
44,перемешивание,служебные,15.967101955030587,0.5214364564429412
44,перемешивание,служебные,16.291566697211394,0.5320324773038294
44,перемешивание,служебные,14.854483413559288,0.48510175580212006
44,перемешивание,служебные,18.134402610622345,0.5922138321421162
44,перемешивание,служебные,10.61641728216379,0.3466995465627991
44,перемешивание,пунктуация,12.519548921333357,0.40884997441551113
44,перемешивание,пунктуация,11.636284871295633,0.3800052862778491
44,перемешивание,пунктуация,11.427173294841234,0.3731763451378305
44,перемешивание,служебные,18.451485067539178,0.6025687702642996
44,перемешивание,служебные,15.66123783698171,0.5114478747756085
44,перемешивание,служебные,19.36990537812167,0.6325615537778085
44,перемешивание,служебные,12.860501092649967,0.41998442401873715
44,перемешивание,пунктуация,11.75290186087844,0.38381363860004014
44,перемешивание,пунктуация,16.540895838391357,0.5401748004524507
44,перемешивание,пунктуация,9.909047605045854,0.3235990278293195
44,перемешивание,служебные,14.46516744074787,0.4723878931443154
44,перемешивание,служебные,14.441571446353002,0.4716173205170372
44,перемешивание,служебные,15.177869328123984,0.4956625454700941
44,перемешивание,служебные,13.828706719205718,0.4516030428790174
44,перемешивание,служебные,17.279128464097578,0.5642832081937529
44,перемешивание,смысловые редкие,14.168000379637514,0.4626833306161024
44,перемешивание,пунктуация,10.4363991282613,0.34082070715094576
44,перемешивание,смысловые редкие,15.305902475705954,0.4998437144117344
44,перемешивание,смысловые частые,20.528750524241236,0.6704058731953538
44,перемешивание,служебные,13.404446821739121,0.43774801908265915
44,перемешивание,пунктуация,8.243585953687878,0.26921017102414924
44,перемешивание,служебные,17.452467519105223,0.5699439287716582
44,перемешивание,служебные,20.940351622372113,0.6838474995269105
44,перемешивание,пунктуация,11.14290184066465,0.3638929134824687
44,чужие хапаксы,служебные,14.202078476472895,0.4321475715955676
44,чужие хапаксы,смысловые частые,8.664846496813821,0.26365805385807184
44,чужие хапаксы,служебные,15.02762805559515,0.45726778526291434
44,чужие хапаксы,служебные,10.967173705050442,0.3337143567933134
44,чужие хапаксы,смысловые частые,13.167968796803082,0.4006811923910665
44,чужие хапаксы,пунктуация,12.700031295011161,0.3864425684183241
44,чужие хапаксы,служебные,10.852593836298958,0.3302278662689356
44,чужие хапаксы,служебные,10.684441185123674,0.3251112377428269
44,чужие хапаксы,служебные,17.72036405071005,0.5392036317071226
44,чужие хапаксы,смысловые частые,16.602187442720243,0.5051792241840787
44,чужие хапаксы,пунктуация,9.927693420006133,0.3020845582643499
44,чужие хапаксы,пунктуация,16.00250624927364,0.4869318407529289
44,чужие хапаксы,служебные,18.441211781104933,0.5611379279227346
44,чужие хапаксы,служебные,13.393471756743908,0.40754290327989706
44,чужие хапаксы,служебные,15.002022617599202,0.45648865086593715
44,чужие хапаксы,смысловые редкие,15.010038377086218,0.4567325581927799
44,чужие хапаксы,пунктуация,12.707545869835283,0.3866712254608265
44,чужие хапаксы,пунктуация,17.604902718986697,0.535690319609876
44,чужие хапаксы,служебные,15.737413075579441,0.4788654600855999
44,чужие хапаксы,служебные,14.377916490715075,0.4374980539897345
44,чужие хапаксы,служебные,6.113667135782505,0.18602955973301905
44,чужие хапаксы,служебные,9.697185705819741,0.2950705603425166
44,чужие хапаксы,пунктуация,23.864501647600267,0.7261603610649898
44,чужие хапаксы,пунктуация,11.93428170665063,0.363141977197926
44,чужие хапаксы,служебные,18.500521208200148,0.5629426232660523
44,чужие хапаксы,служебные,9.119433670433759,0.27749044772096915
44,чужие хапаксы,служебные,12.072883151407778,0.36735940761634417
44,чужие хапаксы,пунктуация,12.389783834838518,0.377002211731843
44,чужие хапаксы,служебные,21.291882569640766,0.6478794890769671
44,чужие хапаксы,служебные,16.77801722420388,0.5105294560679686
44,чужие хапаксы,смысловые частые,12.219909101226541,0.37183318286557726
44,чужие хапаксы,служебные,16.960786421532614,0.5160908437844869
44,чужие хапаксы,служебные,15.77824528435584,0.48010792187700846
44,чужие хапаксы,пунктуация,11.574165253280892,0.3521841831628384
44,чужие хапаксы,пунктуация,10.477141219927983,0.318803416201102
44,чужие хапаксы,служебные,13.897248047956985,0.4228720469144575
44,чужие хапаксы,пунктуация,16.272960732607192,0.49516135788968774
44,чужие хапаксы,пунктуация,10.700267335130784,0.32559280333230095
44,чужие хапаксы,подслова,8.845353279701591,0.26915059975624456
44,чужие хапаксы,пунктуация,9.281257168607139,0.28241448978133193
44,чужие хапаксы,пунктуация,21.285562413852023,0.6476871763826854
44,чужие хапаксы,пунктуация,11.847305557388186,0.36049542572640975
44,чужие хапаксы,смысловые редкие,27.506329902459242,0.8369756363863163
44,чужие хапаксы,служебные,13.778083637798458,0.41924605579238794
44,чужие хапаксы,служебные,14.005726649101979,0.4261728851778534
44,чужие хапаксы,служебные,19.41026638276422,0.5906247803960759
44,чужие хапаксы,пунктуация,11.344154775247144,0.3451853153782051
44,чужие хапаксы,служебные,14.707391761782972,0.44752348361460614
44,чужие хапаксы,подслова,8.894602116024144,0.27064916667769595
44,чужие хапаксы,пунктуация,13.383545035703857,0.4072408483096706
44,чужие хапаксы,служебные,14.90598945606015,0.45356650833444107
44,чужие хапаксы,пунктуация,10.570562061703956,0.32164606982935645
44,чужие хапаксы,пунктуация,11.199005512777392,0.3407686448606395
44,чужие хапаксы,пунктуация,9.185245130821858,0.2794929900134222
44,чужие хапаксы,пунктуация,12.861786803915905,0.3913645416690134
44,чужие хапаксы,пунктуация,12.817579054110258,0.3900193673161282
44,чужие хапаксы,пунктуация,13.145807371593685,0.40000685404663305
44,чужие хапаксы,пунктуация,16.256157093668392,0.4946500488039507
44,чужие хапаксы,смысловые редкие,6.514877778909382,0.19823778724090108
44,чужие хапаксы,служебные,18.18709325651909,0.553405489077312
44,чужие хапаксы,пунктуация,15.287206701851439,0.4651663672770576
44,чужие хапаксы,пунктуация,12.193436463358495,0.3710276609000877
44,чужие хапаксы,служебные,10.726369297434715,0.3263870462061317
44,чужие хапаксы,пунктуация,10.750770116328496,0.32712952588242405
44,чужие хапаксы,пунктуация,9.624004665474947,0.29284377298007314
44,чужие хапаксы,смысловые редкие,15.024159674317463,0.4571622477143785
44,чужие хапаксы,служебные,12.17762339601925,0.37054649339622886
44,чужие хапаксы,смысловые редкие,14.394757244132684,0.43801049241241435
44,чужие хапаксы,служебные,13.364902236640676,0.40667357638843427
44,чужие хапаксы,пунктуация,9.257578843162484,0.28169399447796434
44,чужие хапаксы,пунктуация,5.094301854155568,0.15501183005678398
45,исходный,служебные,16.558230092949337,0.5057666225084719
45,исходный,служебные,13.914678568501342,0.4250200621308322
45,исходный,служебные,12.313090035223379,0.3760999771593586
45,исходный,пунктуация,20.059656622450678,0.6127167409599314
45,исходный,пунктуация,20.485830226672665,0.6257340974768818
45,исходный,пунктуация,14.403472590241286,0.4399501422233302
45,исходный,пунктуация,10.380402981470205,0.3170665781755616
45,исходный,пунктуация,14.036628290836298,0.4287449831420132
45,исходный,служебные,14.96453224617609,0.4570875564043749
45,исходный,служебные,9.189821031481427,0.2807005772029227
45,исходный,служебные,13.126457309463863,0.4009440587334333
45,исходный,пунктуация,9.951969561538856,0.3039801962040549
45,исходный,пунктуация,10.262187972606963,0.31345573296886103
45,исходный,служебные,15.093227879515169,0.4610185294274645
45,исходный,служебные,22.092504800013696,0.6748095341550415
45,исходный,служебные,7.6424668607122825,0.23343706604374712
45,исходный,служебные,14.19446117614683,0.4335659455804
45,исходный,пунктуация,2.4078153554171853,0.07354606338342491
45,исходный,пунктуация,2.8848695193573746,0.0881175527210668
45,исходный,пунктуация,3.681742789539494,0.112457829439344
45,исходный,пунктуация,3.618306006016406,0.11052017018680498
45,исходный,пунктуация,12.668839518601043,0.38696624811084573
45,исходный,смысловые частые,12.029112376925678,0.3674259570316729
45,исходный,смысловые редкие,11.407444347327562,0.3484372766059058
45,исходный,служебные,21.568554745744912,0.6588056226365337
45,исходный,смысловые частые,11.077403203842676,0.3383562598853891
45,исходный,служебные,10.671501456036175,0.3259581016942069
45,исходный,служебные,13.758545913598931,0.4202510327665828
45,исходный,смысловые частые,20.300697816463224,0.6200792784954525
45,исходный,пунктуация,3.669195855812483,0.11207458677039171
45,исходный,пунктуация,5.746524810221531,0.1755260331636807
45,исходный,служебные,7.884766121194681,0.24083803087649605
45,исходный,пунктуация,5.62328994375362,0.1717618577754369
45,исходный,смысловые редкие,13.771268395522476,0.4206396375073236
45,исходный,пунктуация,3.4741925019453026,0.10611826250689303
45,исходный,служебные,21.98951492191614,0.6716637364154545
45,исходный,служебные,9.909965268754464,0.3026971865361638
45,исходный,пунктуация,16.03270310769964,0.4897145440632052
45,исходный,служебные,19.18722200791158,0.5860684635849959
45,исходный,служебные,10.680149593328816,0.3262222566893323
45,исходный,служебные,14.782588043194078,0.45153012034323503
45,исходный,пунктуация,8.720231930500235,0.2663571061775274
45,исходный,смысловые редкие,9.305205543483122,0.28422496565490674
45,исходный,смысловые частые,15.845187348496875,0.4839869263367504
45,исходный,смысловые частые,12.39498427257934,0.3786014143055949
45,исходный,служебные,12.094495172621203,0.369423056695312
45,исходный,служебные,7.2541317103559875,0.2215754747810037
45,исходный,служебные,5.934584824636353,0.18127027501716117
45,исходный,смысловые редкие,12.943361810929975,0.39535145666363714
45,исходный,смысловые редкие,9.752511043189656,0.2978877901564439
45,исходный,пунктуация,8.448196990297662,0.2580478731170969
45,исходный,пунктуация,8.494241177288703,0.2594542802517896
45,исходный,служебные,15.599942900853064,0.4764960015653533
45,исходный,служебные,6.010546084127037,0.1835904909725157
45,исходный,служебные,13.221218562900912,0.40383851537683585
45,исходный,служебные,12.062398172402567,0.3684426625769729
45,исходный,пунктуация,10.69109068948088,0.3265564494874941
45,исходный,служебные,9.883230293954783,0.30188057402194096
45,исходный,служебные,17.16357406042025,0.5242566889083832
45,исходный,пунктуация,13.806712838455535,0.4217222783504763
45,исходный,пунктуация,14.515568068622867,0.4433740680403573
45,исходный,служебные,9.651095822539338,0.29479008989914984
45,исходный,служебные,12.413931742070803,0.37918015959394913
45,исходный,служебные,20.054873060055204,0.6125706283511118
45,исходный,служебные,18.450514195108504,0.5635659243543281
45,исходный,смысловые редкие,14.768736188264281,0.45110701921201546
45,исходный,пунктуация,9.483375828214673,0.28966712841229103
45,исходный,служебные,15.579259639159654,0.4758642369775675
45,исходный,смысловые частые,9.407070295133527,0.2873363967140045
45,исходный,служебные,14.642372157787076,0.4472472643624783
45,исходный,пунктуация,13.7982326514057,0.4214632533497148
45,исходный,пунктуация,8.732575773748556,0.2667341455031939
45,исходный,служебные,15.483078775194146,0.4729264187177225
45,исходный,пунктуация,12.313882160480453,0.37612417240931134
45,исходный,служебные,6.683850877376546,0.2041564022618855
45,исходный,смысловые частые,13.114730698892641,0.40058587261156003
45,исходный,пунктуация,13.706906506933617,0.4186737211728408
45,исходный,пунктуация,12.813714310561458,0.39139140912172193
45,исходный,смысловые частые,14.510067109062128,0.44320604273076963
45,исходный,пунктуация,3.674740167958946,0.11224393627288735
45,исходный,служебные,16.873134604063516,0.5153852949212148
45,исходный,пунктуация,4.493222036564695,0.13724424173702154
45,исходный,служебные,8.304665027215906,0.2536637284481095
45,исходный,служебные,14.60859929450101,0.4462156814637778
45,исходный,служебные,13.108440589667783,0.40039374294069496
45,исходный,пунктуация,8.820506676127385,0.2694199709362636
45,исходный,служебные,6.898822679464738,0.21072265733059606
45,исходный,смысловые частые,20.33134026283829,0.6210152436633187
45,исходный,служебные,13.218668801894916,0.4037606336222662
45,исходный,пунктуация,9.932774017926455,0.3033938735593302
45,исходный,пунктуация,5.6665199981420376,0.17308230799723914
45,исходный,служебные,11.501068560131513,0.3512970026532586
45,исходный,смысловые частые,8.613527187664106,0.26309783890760075
45,исходный,служебные,14.838362901491411,0.4532337481792767
45,исходный,смысловые редкие,5.298095566723161,0.1618288842144839
45,исходный,служебные,15.278165698209152,0.4666674046641221
45,исходный,смысловые частые,10.2798672136381,0.31399574056475976
45,исходный,пунктуация,4.846464588035252,0.14803393913708443
45,исходный,пунктуация,6.499434813393164,0.1985234638805728
45,исходный,пунктуация,9.572581714803391,0.29239189789034425
45,исходный,пунктуация,11.936466704219635,0.36459612022474797
45,исходный,пунктуация,9.46519460314305,0.2891117878507744
45,исходный,пунктуация,3.899164565555361,0.11909891829353034
45,исходный,пунктуация,1.7156224053017717,0.05240321849367314
45,исходный,служебные,17.9305865488487,0.547684876191483
45,исходный,служебные,17.700536040621603,0.5406580461559516
45,исходный,служебные,18.437745868821256,0.5631759193100006
45,исходный,служебные,12.134142572412703,0.37063407570949564
45,исходный,служебные,15.384521626745805,0.4699160174963982
45,исходный,смысловые редкие,11.739452279715733,0.3585783683571001
45,исходный,служебные,21.527830707176353,0.6575617179845205
45,исходный,смысловые частые,12.862090786175916,0.3928690553763664
45,исходный,смысловые частые,8.622488698087096,0.2633715657995311
45,исходный,служебные,15.894477917335418,0.48549249331963745
45,перемешивание,пунктуация,12.385463365602684,0.39871829340856507
45,перемешивание,пунктуация,12.050929435153234,0.38794882973177564
45,перемешивание,пунктуация,13.313766690765368,0.4286026430407559
45,перемешивание,служебные,17.358542824761372,0.5588138583793355
45,перемешивание,пунктуация,13.411787121369363,0.4317581599282499
45,перемешивание,служебные,18.00371636386273,0.5795835691983332
45,перемешивание,пунктуация,14.415309060829536,0.46406398033145313
45,перемешивание,пунктуация,14.33021782724935,0.4613246858508489
45,перемешивание,служебные,17.42272820209919,0.5608801423251581
45,перемешивание,служебные,18.951800492143338,0.6101047111594516
45,перемешивание,служебные,17.438272281939653,0.5613805441917374
45,перемешивание,пунктуация,16.23627505058873,0.522685319748454
45,перемешивание,смысловые частые,16.325196284438974,0.5255479112851597
45,перемешивание,смысловые частые,16.038219389220117,0.5163094246390217
45,перемешивание,пунктуация,15.02902847229557,0.4838211060156676
45,перемешивание,смысловые редкие,15.945800739791455,0.5133342427591367
45,перемешивание,пунктуация,11.63630485718382,0.3746010526439729
45,перемешивание,смысловые редкие,15.531911574461839,0.5000101403990399
45,перемешивание,служебные,21.119701092345476,0.6798947224070396
45,перемешивание,служебные,15.889764686013706,0.5115303054277596
45,перемешивание,пунктуация,19.110106602920826,0.6152009712235398
45,перемешивание,смысловые частые,14.592296167517754,0.4697616272463057
45,перемешивание,смысловые частые,12.681737544118823,0.4082560822947729
45,перемешивание,служебные,21.81166794151919,0.7021708240799155
45,перемешивание,пунктуация,18.024636937279826,0.5802570535148877
45,перемешивание,смысловые частые,15.58165830755503,0.5016116091480134
45,перемешивание,смысловые редкие,17.274271806978216,0.5561009686470371
45,перемешивание,служебные,14.077853844741924,0.4532004733403504
45,перемешивание,пунктуация,15.078026415164516,0.4853984693798428
45,перемешивание,пунктуация,16.7991423584342,0.5408053921086775
45,перемешивание,пунктуация,14.172629965227962,0.45625154796716066
45,перемешивание,пунктуация,15.24312245613973,0.4907133138683393
45,перемешивание,пунктуация,13.29195153473924,0.4279003599267195
45,перемешивание,служебные,16.450344831043612,0.5295767484349546
45,перемешивание,служебные,15.191382899560393,0.4890476912677088
45,перемешивание,служебные,14.928084816001768,0.480571483358863
45,перемешивание,смысловые редкие,15.326841169422636,0.4934084235708334
45,перемешивание,пунктуация,12.698526879395626,0.4087965719729889
45,перемешивание,смысловые частые,17.701282653989605,0.5698474899649371
45,перемешивание,пунктуация,15.12207740658246,0.4868165783033973
45,перемешивание,служебные,18.11558866246901,0.5831850115233631
45,перемешивание,служебные,15.833802008196951,0.5097287302476465
45,перемешивание,служебные,21.25407972753207,0.6842206986350242
45,перемешивание,смысловые редкие,12.088184552596541,0.38914816288623677
45,перемешивание,смысловые редкие,13.415132365951521,0.43186585151567464
45,перемешивание,пунктуация,15.27194955446076,0.4916413285180296
45,перемешивание,пунктуация,12.146932424252165,0.3910394002535015
45,перемешивание,смысловые частые,11.666853848633963,0.37558449923590115
45,перемешивание,служебные,18.174525139774982,0.5850823205668191
45,перемешивание,служебные,15.035523641047266,0.4840302013497404
45,перемешивание,служебные,14.784644322918135,0.4759537838090161
45,перемешивание,служебные,13.889211330534586,0.44712761041154464
45,перемешивание,пунктуация,11.222494213401736,0.36127947808412897
45,перемешивание,пунктуация,14.146327554367259,0.45540480916851095
45,перемешивание,пунктуация,14.896025334076088,0.47953941039205983
45,перемешивание,смысловые частые,17.51279953745368,0.5637797584361962
45,перемешивание,смысловые редкие,17.316307808084648,0.5574542101147261
45,перемешивание,смысловые частые,15.861462857674356,0.5106192005007412
45,перемешивание,пунктуация,12.798711138951788,0.4120217477954431
45,перемешивание,служебные,18.39457734002728,0.5921663379471511
45,перемешивание,служебные,14.081516089714654,0.4533183699440113
45,перемешивание,служебные,20.179366399566938,0.6496230536878224
45,перемешивание,пунктуация,14.120900492700217,0.4545862499967618
45,перемешивание,пунктуация,16.284997100271507,0.524253801437628
45,перемешивание,пунктуация,14.248455030350206,0.4586925418703115
45,перемешивание,пунктуация,12.602384833344617,0.4057015248685966
45,перемешивание,пунктуация,13.692321024575776,0.44078923093689293
45,перемешивание,пунктуация,13.661662841170712,0.43980226918944443
45,перемешивание,служебные,16.06461819788276,0.517159266718182
45,перемешивание,пунктуация,10.780677332854916,0.3470563144114671
45,перемешивание,пунктуация,11.969850896285447,0.3853387136872516
45,перемешивание,служебные,13.159373177584941,0.4236323390423106
45,перемешивание,служебные,14.7347441513353,0.47434737550058265
45,перемешивание,служебные,13.743404748066927,0.44243374066980395
45,перемешивание,пунктуация,14.718991324839907,0.47384025356971904
45,перемешивание,пунктуация,13.829259144353724,0.4451976032204909
45,перемешивание,смысловые частые,13.810521154090397,0.44459438158241726
45,перемешивание,служебные,20.595846953638073,0.663030579175991
45,перемешивание,служебные,18.794435058686137,0.6050387337940984
45,перемешивание,пунктуация,12.642637739421536,0.4069973641555059
45,перемешивание,смысловые частые,15.759503123781766,0.5073368678262166
45,перемешивание,пунктуация,15.65978037209576,0.5041265490684479
45,перемешивание,пунктуация,15.448174490843941,0.4973144393106282
45,перемешивание,пунктуация,14.825128082340736,0.4772570548285382
45,перемешивание,пунктуация,15.35783983132915,0.4944063461522073
45,перемешивание,пунктуация,13.303784592960486,0.4282812949503442
45,перемешивание,пунктуация,14.040732739480516,0.4520054543650916
45,перемешивание,служебные,14.210256716533713,0.4574628449226547
45,перемешивание,служебные,19.826783960793673,0.6382725644793256
45,перемешивание,служебные,14.702183054323879,0.47329915431993946
45,перемешивание,служебные,19.817176301182432,0.6379632704682122
45,перемешивание,пунктуация,12.6286866290929,0.40654824386527627
45,перемешивание,смысловые частые,13.610042714909579,0.43814049134223576
45,перемешивание,служебные,18.068610670158076,0.581672675297494
45,перемешивание,пунктуация,14.317078911623621,0.4609017120903291
45,перемешивание,пунктуация,14.247040185825988,0.4586469945720407
45,перемешивание,пунктуация,14.504787443238097,0.46694450784001473
45,перемешивание,пунктуация,15.212487739030975,0.4897271075582403
45,перемешивание,служебные,13.46731625581109,0.43354577828902513
45,перемешивание,служебные,19.389092849880498,0.6241822194004268
45,перемешивание,служебные,14.40101894272935,0.46360394655368287
45,перемешивание,служебные,20.76216171985814,0.6683846574045113
45,перемешивание,служебные,14.403763883718858,0.4636923129033734
45,чужие хапаксы,служебные,10.900273651511004,0.34320282052045115
45,чужие хапаксы,смысловые частые,11.952538345809888,0.37633411818905654
45,чужие хапаксы,служебные,16.426134455643307,0.5171884537635874
45,чужие хапаксы,служебные,13.548856781304854,0.42659533245083986
45,чужие хапаксы,пунктуация,9.821830494570145,0.3092472754519312
45,чужие хапаксы,пунктуация,11.710870149716655,0.36872502421756803
45,чужие хапаксы,служебные,6.404883411108388,0.20166228134027941
45,чужие хапаксы,служебные,16.932067461027394,0.5331181120449772
45,чужие хапаксы,смысловые редкие,7.972511986781714,0.2510201750868243
45,чужие хапаксы,пунктуация,5.176419235083528,0.16298321844706298
45,чужие хапаксы,пунктуация,7.921089658599577,0.2494011067373438
45,чужие хапаксы,пунктуация,5.00707926525518,0.1576514298030338
45,чужие хапаксы,пунктуация,3.22382231241547,0.10150432418954719
45,чужие хапаксы,пунктуация,4.378745021852709,0.13786788202619255
45,чужие хапаксы,пунктуация,13.199078250445291,0.41558230817398045
45,чужие хапаксы,пунктуация,8.707207385327266,0.2741525790122319
45,чужие хапаксы,пунктуация,12.765007051669768,0.40191526966749286
45,чужие хапаксы,служебные,13.513983184865992,0.42549731261737905
45,чужие хапаксы,служебные,14.075365284352332,0.4431728248194692
45,чужие хапаксы,пунктуация,10.176370431693494,0.3204102159704942
45,чужие хапаксы,пунктуация,9.257968176889747,0.2914936718269171
45,чужие хапаксы,смысловые частые,6.974491449179671,0.21959679303302812
45,чужие хапаксы,смысловые редкие,11.507114965237964,0.362309648214686
45,чужие хапаксы,служебные,17.37970270341653,0.5472122240520653
45,чужие хапаксы,служебные,6.298506503135973,0.19831292920274693
45,чужие хапаксы,служебные,13.43162285146216,0.42290413930569054
45,чужие хапаксы,служебные,10.494754766818135,0.33043477180438907
45,чужие хапаксы,пунктуация,5.435032285849564,0.17112583314499755
45,чужие хапаксы,пунктуация,1.321484414161794,0.04160787084013015
45,чужие хапаксы,служебные,19.516397217166855,0.6144875610898681
45,чужие хапаксы,пунктуация,21.041789613995864,0.6625156188918478
45,чужие хапаксы,служебные,14.285288917754448,0.4497824187967287
45,чужие хапаксы,смысловые частые,18.48198424264441,0.581918337436493
45,чужие хапаксы,смысловые частые,14.302754041830386,0.4503323205730727
45,чужие хапаксы,пунктуация,6.961173953103011,0.21917748225589492
45,чужие хапаксы,служебные,12.615502556544154,0.3972080149647191
45,чужие хапаксы,служебные,13.58851710315735,0.4278440657173335
45,чужие хапаксы,служебные,12.627975412667368,0.3976007316559041
45,чужие хапаксы,служебные,17.009364621247,0.535551867770175
45,чужие хапаксы,служебные,9.211317103995473,0.2900248298226248
45,чужие хапаксы,пунктуация,20.029501211174242,0.6306430030167076
45,чужие хапаксы,пунктуация,6.386218257008138,0.2010745957704069
45,чужие хапаксы,смысловые редкие,9.741292453559028,0.3067114783042719
45,чужие хапаксы,пунктуация,6.486847217486125,0.20424296971827552
45,чужие хапаксы,пунктуация,14.153382393519395,0.44562924864615694
45,чужие хапаксы,служебные,20.223369748820886,0.6367470909559384
45,чужие хапаксы,служебные,13.654250447298443,0.4299137265196875
45,чужие хапаксы,пунктуация,18.58110746228172,0.5850393020696955
45,чужие хапаксы,пунктуация,4.085910531853685,0.12864778112538613
45,чужие хапаксы,служебные,15.86016753251963,0.49936858514860066
45,чужие хапаксы,служебные,15.502285745630909,0.4881004241280668
45,чужие хапаксы,служебные,14.364276473200785,0.45226939781045655
45,чужие хапаксы,смысловые частые,11.465530299732093,0.3610003256280887
45,чужие хапаксы,служебные,9.017471887113597,0.28392147615415647
45,чужие хапаксы,служебные,12.361188169311557,0.38920074672654426
45,чужие хапаксы,смысловые частые,12.9284830012739,0.40706242548991756
45,чужие хапаксы,смысловые частые,13.88142957246394,0.43706662185175643
45,чужие хапаксы,смысловые редкие,15.81782654088106,0.49803544909912395
45,чужие хапаксы,пунктуация,16.78087793023839,0.5283578028033136
45,чужие хапаксы,пунктуация,10.785882119623734,0.3396011222840106
45,чужие хапаксы,служебные,13.843427528410079,0.4358701006338676
45,чужие хапаксы,пунктуация,7.800588730808507,0.24560704985258902
45,чужие хапаксы,служебные,15.192900252556012,0.4783592031967284
45,чужие хапаксы,смысловые частые,12.441383256771072,0.3917257457392227
45,чужие хапаксы,служебные,8.967280444994376,0.2823411631223898
45,чужие хапаксы,пунктуация,13.379986708691165,0.42127833885275
45,чужие хапаксы,служебные,7.062295088177653,0.2223613526688213
45,чужие хапаксы,смысловые частые,15.159341499507558,0.47730258213678084
45,чужие хапаксы,пунктуация,2.22909786766223,0.07018472194886147
45,чужие хапаксы,пунктуация,3.754359087014032,0.1182086495352516
45,чужие хапаксы,служебные,17.030829883408845,0.5362277167215577
45,чужие хапаксы,смысловые редкие,11.145331557577071,0.35091864190637123
45,чужие хапаксы,служебные,20.36752789771516,0.6412860121686791
45,чужие хапаксы,пунктуация,7.476982724748409,0.23541808601847572
45,чужие хапаксы,пунктуация,13.30297119845622,0.4188534510763967
45,чужие хапаксы,пунктуация,13.037640548234714,0.4104993280114292
45,чужие хапаксы,служебные,12.514456162509157,0.3940264978262549
45,чужие хапаксы,служебные,15.154278318217886,0.47714316429508463
45,чужие хапаксы,служебные,18.172601376195335,0.5721771992063253
45,чужие хапаксы,смысловые частые,15.095712212933572,0.4752991690741309
45,чужие хапаксы,пунктуация,13.186655584256279,0.41519117174834935
45,чужие хапаксы,служебные,12.721601928379485,0.40054862868080554
45,чужие хапаксы,пунктуация,8.640150398342673,0.27204124237936445
45,чужие хапаксы,служебные,9.835323444777696,0.30967211052639115
45,чужие хапаксы,пунктуация,5.202241701331671,0.16379625704889006
45,чужие хапаксы,служебные,11.395930808957004,0.3588089364662683
45,чужие хапаксы,смысловые частые,20.418964749256347,0.6429055377963847
45,чужие хапаксы,смысловые частые,9.724028181209968,0.30616790048651604
45,чужие хапаксы,смысловые частые,20.16265126476416,0.6348353265679768
45,чужие хапаксы,служебные,13.308788089813605,0.4190366000123172
45,чужие хапаксы,смысловые частые,15.387547847241043,0.48448782029747106
45,чужие хапаксы,смысловые редкие,5.30071217597916,0.16689666954471039
45,чужие хапаксы,пунктуация,3.9467545111364237,0.12426635545393559
45,чужие хапаксы,пунктуация,14.31251332961968,0.4506395986472421
45,чужие хапаксы,пунктуация,14.185744326138094,0.4466481869689293
45,чужие хапаксы,пунктуация,12.44444879193189,0.39182226628056266
45,чужие хапаксы,пунктуация,1.2440305169718988,0.03916918014063673
45,чужие хапаксы,служебные,12.25403051523447,0.38582681224605414
45,чужие хапаксы,служебные,15.819266298551392,0.4980807808870333
45,чужие хапаксы,смысловые частые,12.077596459512964,0.38027166129339074
45,чужие хапаксы,смысловые частые,9.171416428377812,0.28876852884794657
45,чужие хапаксы,пунктуация,2.3110719716303048,0.07276573455376795
45,чужие хапаксы,смысловые частые,10.9498286910683,0.34476309596772936
46,исходный,смысловые частые,12.857798626941433,0.3882980567381613
46,исходный,служебные,17.683048319026856,0.5340177971910318
46,исходный,смысловые редкие,20.99667315687841,0.6340873442907232
46,исходный,служебные,15.83325654896293,0.47815515922895907
46,исходный,служебные,19.507171694531902,0.5891052645336242
46,исходный,служебные,13.832743309138237,0.41774082034864385
46,исходный,служебные,11.084429128778893,0.33474332703719983
46,исходный,служебные,15.251812523111958,0.46059588707899135
46,исходный,служебные,16.758517187307387,0.5060974935483546
46,исходный,служебные,16.171467402340024,0.48836893072627485
46,исходный,пунктуация,7.151521966372663,0.21597181312547462
46,исходный,служебные,22.0213217224802,0.6650311363352688
46,исходный,служебные,18.907565195647923,0.5709974962383288
46,исходный,пунктуация,7.719825025217562,0.23313423569798614
46,исходный,пунктуация,10.994754772212858,0.33203521350982845
46,исходный,пунктуация,9.306083857399111,0.28103833187267935
46,исходный,подслова,13.670532651398691,0.41284215262098883
46,исходный,смысловые частые,12.25201206528197,0.37000365413353625
46,исходный,смысловые частые,12.449932844542207,0.37598074680738025
46,исходный,служебные,14.963477699082546,0.4518883427233062
46,исходный,смысловые частые,12.3280815623399,0.3723009087991018
46,исходный,пунктуация,15.516203832336029,0.46858035118274954
46,исходный,смысловые частые,17.00387042565831,0.5135070189601506
46,исходный,служебные,11.507557273856728,0.3475215514636333
46,исходный,смысловые частые,12.393085014847955,0.3742639753412439
46,исходный,смысловые частые,8.615491050325856,0.2601828298723587
46,исходный,смысловые частые,17.805596436978714,0.5377186792345504
46,исходный,пунктуация,12.18741622267836,0.3680528971739592
46,исходный,смысловые частые,10.872298480675664,0.3283371045707429
46,исходный,смысловые частые,10.544891632276805,0.31844960775385706
46,исходный,смысловые частые,11.131845175802688,0.33617526414025617
46,исходный,пунктуация,10.284344242911024,0.3105812277990685
46,исходный,пунктуация,14.53876117865039,0.43906215028295764
46,исходный,пунктуация,14.618303718004288,0.44146428881034294
46,исходный,служебные,16.48040520223082,0.4976986729964021
46,исходный,служебные,12.338120891547264,0.3726040907150175
46,исходный,служебные,9.813508263381813,0.2963622544585993
46,исходный,пунктуация,7.0001846010772395,0.21140151251950964
46,исходный,смысловые частые,26.268149711710706,0.793282877038701
46,исходный,служебные,10.54993748973215,0.31860198972073456
46,исходный,служебные,14.493183367026658,0.43768572682219586
46,исходный,смысловые частые,11.48805866233208,0.3469327047112624
46,исходный,служебные,14.521922145474006,0.43855362125326525
46,исходный,служебные,19.70924862610221,0.595207870595283
46,исходный,смысловые частые,12.682492513780849,0.38300391385650634
46,исходный,смысловые частые,14.49031165518545,0.4375990027911384
46,исходный,пунктуация,12.25722499409393,0.37016108155842664
46,исходный,пунктуация,11.962409740828132,0.36125783200060485
46,исходный,служебные,16.066372690527636,0.48519513141939347
46,исходный,смысловые частые,13.154108772542461,0.3972464511769728
46,исходный,смысловые частые,14.148665253713416,0.4272814797351149
46,исходный,смысловые частые,10.45363048716418,0.31569357413324334
46,исходный,смысловые частые,12.183656641247454,0.3679393599965523
46,исходный,смысловые частые,14.74813647691847,0.44538516278341145
46,исходный,служебные,17.40216705632572,0.5255353460619184
46,исходный,смысловые частые,7.582164732832292,0.228976974756661
46,исходный,смысловые частые,8.963060313166533,0.27067921990448773
46,исходный,пунктуация,5.582825342011762,0.16859808543504903
46,исходный,пунктуация,13.86680900231065,0.41876958451302965
46,исходный,смысловые частые,13.466253466911667,0.40667303979928365
46,исходный,смысловые частые,9.36113600767508,0.28270087486247425
46,исходный,служебные,19.642868031760173,0.5932032151689545
46,исходный,служебные,12.641362763275673,0.38176181926017155
46,исходный,служебные,9.274958254698785,0.28009835673432115
46,исходный,пунктуация,13.726296494086345,0.41452618830859855
46,исходный,служебные,19.63385105822518,0.5929309078010384
46,исходный,пунктуация,10.631366906093886,0.32106111083874095
46,исходный,пунктуация,11.470945029004847,0.34641588291637365
46,исходный,пунктуация,11.030220131941677,0.3331062467919461
46,исходный,пунктуация,15.932082528324772,0.4811396464537817
46,перемешивание,служебные,14.11237566044866,0.4438413664745962
46,перемешивание,смысловые частые,15.218501139891622,0.47862957337191203
46,перемешивание,смысловые частые,14.108168506538775,0.4437090493520039
46,перемешивание,пунктуация,14.718933916784893,0.4629179310315634
46,перемешивание,служебные,14.482749301363588,0.4554898051815224
46,перемешивание,служебные,15.682506923647662,0.49322279042264416
46,перемешивание,служебные,13.855987032785148,0.4357778142004285
46,перемешивание,служебные,13.285959167070446,0.41785014894159656
46,перемешивание,служебные,11.561467966776476,0.3636140267444669
46,перемешивание,смысловые частые,15.944242853602477,0.5014545180638109
46,перемешивание,служебные,12.432408456361804,0.3910055465223153
46,перемешивание,смысловые частые,12.193697006377452,0.38349795044470214
46,перемешивание,смысловые частые,13.323540480100675,0.4190321002820781
46,перемешивание,смысловые частые,15.086510646821989,0.4744784054739467
46,перемешивание,пунктуация,10.696821762207676,0.3364204654202434
46,перемешивание,пунктуация,13.46559136165933,0.42349967249648657
46,перемешивание,пунктуация,11.054489312084087,0.34766929112474
46,перемешивание,пунктуация,17.717193775961288,0.5572147230785854
46,перемешивание,смысловые частые,8.240652153007913,0.2591726864587004
46,перемешивание,служебные,14.143327702645937,0.4448148238877602
46,перемешивание,служебные,17.013368522779956,0.535079062177294
46,перемешивание,служебные,12.920199431987347,0.406346819911344
46,перемешивание,служебные,18.050352626102562,0.5676927377557477
46,перемешивание,служебные,13.76316327580803,0.43285846000172373
46,перемешивание,служебные,14.338665677750276,0.4509583021993299
46,перемешивание,смысловые частые,11.312891088007776,0.3557961579319255
46,перемешивание,смысловые частые,10.295291425466138,0.32379213283979513
46,перемешивание,служебные,16.3616586429827,0.5145824561802699
46,перемешивание,смысловые частые,15.051265670248519,0.4733699330990527
46,перемешивание,смысловые частые,15.055580564782796,0.47350563871888357
46,перемешивание,служебные,14.531587737958368,0.45702579876306093
46,перемешивание,пунктуация,9.752110501529547,0.30670881750553725
46,перемешивание,пунктуация,12.409854927774646,0.3902962266184381
46,перемешивание,пунктуация,10.42564499134629,0.32789181854807964
46,перемешивание,служебные,11.92302064373552,0.37498504166464003
46,перемешивание,пунктуация,12.221562811143887,0.38437434412660443
46,перемешивание,служебные,13.823306350719964,0.4347499901873685
46,перемешивание,служебные,13.88568329711772,0.436711776763337
46,перемешивание,пунктуация,15.142943146142185,0.4762532361767638
46,перемешивание,смысловые частые,12.171231012980519,0.38279138356691916
46,перемешивание,смысловые частые,11.567665341190251,0.3638089373105223
46,перемешивание,смысловые частые,11.071656319830144,0.34820920221835155
46,перемешивание,пунктуация,12.364454066999642,0.38886834653854657
46,перемешивание,пунктуация,10.806668518442638,0.33987520157262396
46,перемешивание,смысловые частые,10.73671050502237,0.3376749865968193
46,перемешивание,смысловые частые,11.283213133723752,0.35486277122932314
46,перемешивание,пунктуация,9.615930813289467,0.30242589729643615
46,перемешивание,пунктуация,13.1724669879744,0.4142807623927859
46,перемешивание,пунктуация,11.827562526647814,0.3719828355054006
46,перемешивание,пунктуация,11.108494206441744,0.34936777242120914
46,перемешивание,смысловые редкие,12.561620523058007,0.39506933150276885
46,перемешивание,пунктуация,11.615727117263026,0.36532050452504317
46,перемешивание,пунктуация,12.280345011777017,0.38622307412650886
46,перемешивание,служебные,14.945268406218009,0.47003626542737065
46,перемешивание,служебные,15.1176190488019,0.4754567804815155
46,перемешивание,смысловые частые,18.241955429944223,0.5737187430381738
46,перемешивание,смысловые частые,17.00651561258207,0.5348635346786119
46,перемешивание,пунктуация,10.681458846023308,0.3359372939205352
46,перемешивание,служебные,16.434676046082956,0.5168788905119657
46,перемешивание,служебные,14.002530863671813,0.4403866919481664
46,перемешивание,смысловые частые,12.99405811767923,0.40866971300689675
46,перемешивание,служебные,14.72881986690361,0.46322884917285756
46,перемешивание,смысловые частые,12.76124227978767,0.4013475369174152
46,перемешивание,подслова,14.950642620665976,0.4702052871953355
46,перемешивание,служебные,15.862523274314213,0.4988843958808617
46,перемешивание,служебные,17.31409987151778,0.544537215501516
46,перемешивание,смысловые частые,12.168017948361454,0.3826903310563136
46,перемешивание,смысловые частые,12.255071457652273,0.3854282080410039
46,перемешивание,служебные,11.972179474147742,0.37653111179410825
46,перемешивание,служебные,11.99542838978424,0.37726230197309957
46,перемешивание,служебные,17.02280163399051,0.535375738305434
46,перемешивание,смысловые редкие,14.104855753093963,0.4436048615773077
46,перемешивание,смысловые частые,19.118610464072134,0.6012899881379373
46,чужие хапаксы,служебные,13.146241270046971,0.42255101855545124
46,чужие хапаксы,служебные,10.16055345565994,0.3265840116260758
46,чужие хапаксы,служебные,12.386201296784531,0.3981215517407322
46,чужие хапаксы,пунктуация,13.617547366452717,0.43769990157050714
46,чужие хапаксы,служебные,9.545186249465695,0.3068046667607528
46,чужие хапаксы,служебные,16.764588040400287,0.5388531677319784
46,чужие хапаксы,смысловые редкие,16.395904345969235,0.527002809336261
46,чужие хапаксы,служебные,9.91000249591457,0.31853071631027535
46,чужие хапаксы,служебные,10.416513328921887,0.3348111621046379
46,чужие хапаксы,служебные,10.937636299657234,0.351561276266819
46,чужие хапаксы,пунктуация,10.31650491621331,0.3315966572293617
46,чужие хапаксы,служебные,12.326353029731607,0.39619788811076284
46,чужие хапаксы,смысловые редкие,11.755381106724256,0.3778455117411742
46,чужие хапаксы,служебные,12.85151954797829,0.4130779713709085
46,чужие хапаксы,служебные,16.926256315787626,0.5440495651683065
46,чужие хапаксы,служебные,11.710139114283244,0.376391328024724
46,чужие хапаксы,смысловые частые,17.759460077260897,0.5708306876840585
46,чужие хапаксы,смысловые частые,12.960815002739391,0.4165909835531822
46,чужие хапаксы,смысловые частые,18.019460646131513,0.5791877155937466
46,чужие хапаксы,служебные,13.8824467198751,0.44621438790192286
46,чужие хапаксы,пунктуация,8.326840063198162,0.2676441636644441
46,чужие хапаксы,пунктуация,8.840370577861686,0.28415023848636173
46,чужие хапаксы,смысловые частые,10.509706321276493,0.3378066033895466
46,чужие хапаксы,смысловые частые,21.118788097154766,0.6788073668967131
46,чужие хапаксы,пунктуация,13.170303392261076,0.4233244315821345
46,чужие хапаксы,служебные,13.642465931598723,0.4385008426811329
46,чужие хапаксы,служебные,13.695718487280725,0.440212504682604
46,чужие хапаксы,пунктуация,9.854705015765807,0.3167533256416857
46,чужие хапаксы,пунктуация,12.014576696983724,0.3861766657508578
46,чужие хапаксы,пунктуация,10.817285505389298,0.3476929195512198
46,чужие хапаксы,смысловые частые,12.862250758809072,0.4134228976485976
46,чужие хапаксы,служебные,14.714573018878147,0.47296087824754385
46,чужие хапаксы,служебные,12.889426242392283,0.4142963814096165
46,чужие хапаксы,служебные,11.661288020622546,0.3748211393327739
46,чужие хапаксы,смысловые редкие,10.792021696541108,0.34688088149850915
46,чужие хапаксы,смысловые частые,12.35450566952435,0.397102779963505
46,чужие хапаксы,пунктуация,11.366264808245544,0.3653384015428141
46,чужие хапаксы,пунктуация,10.89975391780644,0.3503436476908981
46,чужие хапаксы,пунктуация,15.661139532646006,0.5033857454249331
46,чужие хапаксы,служебные,11.881045798312677,0.38188466957620715
46,чужие хапаксы,смысловые частые,11.659172527744612,0.37475314243145774
46,чужие хапаксы,смысловые частые,9.616530593073598,0.309097841246176
46,чужие хапаксы,смысловые частые,14.066013116106333,0.452114642286938
46,чужие хапаксы,смысловые частые,10.295124100725392,0.33090942768774734
46,чужие хапаксы,смысловые частые,13.088236731180666,0.4206866166724095
46,чужие хапаксы,пунктуация,9.881484468478323,0.3176140800419425
46,чужие хапаксы,пунктуация,6.911732881621555,0.22215930083123728
46,чужие хапаксы,смысловые частые,9.076727268068055,0.2917472966977192
46,чужие хапаксы,смысловые частые,10.394128823691661,0.3340916716213434
46,чужие хапаксы,смысловые частые,19.742586914811127,0.6345730341021771
46,чужие хапаксы,пунктуация,13.893754135268196,0.4465778347452779
46,чужие хапаксы,служебные,15.704577300397847,0.5047819371294878
46,чужие хапаксы,служебные,6.1979892457115,0.19921790685055407
46,чужие хапаксы,служебные,11.227585479588104,0.36088092275682054
46,чужие хапаксы,служебные,13.029987526197441,0.41881435064669864
46,чужие хапаксы,служебные,11.105508875946859,0.356957094481439
46,чужие хапаксы,смысловые редкие,16.705135793014307,0.5369422331026562
47,исходный,смысловые редкие,14.690939151261274,0.42869095051536876
47,исходный,пунктуация,15.587780056265737,0.45486133867563955
47,исходный,пунктуация,14.832833256043685,0.43283151076311005
47,исходный,служебные,22.669640320883076,0.6615145265349862
47,исходный,служебные,11.00330853086062,0.32108354301525577
47,исходный,служебные,20.726735347883146,0.6048193233855764
47,исходный,служебные,15.005927287271062,0.4378825047132845
47,исходный,пунктуация,7.712183499920127,0.22504642086451343
47,исходный,пунктуация,7.11639607676328,0.207660964828758
47,исходный,пунктуация,7.902336871609294,0.23059521722217396
47,исходный,смысловые частые,9.589481636995103,0.2798271748038767
47,исходный,смысловые частые,17.313915561523505,0.5052310708519346
47,исходный,служебные,13.622128275636143,0.39750236920853216
47,исходный,служебные,12.791449627570202,0.3732626377968316
47,исходный,служебные,15.558792798083129,0.4540154720407573
47,исходный,пунктуация,14.87206119257145,0.43397620690701866
47,исходный,служебные,9.226427635234765,0.2692330280648178
47,исходный,служебные,10.934455114524585,0.3190743565234044
47,исходный,служебные,7.699456061377416,0.22467502611089535
47,исходный,служебные,17.69292100448339,0.5162906907931841
47,исходный,смысловые редкие,12.974100416083548,0.37859250400442834
47,исходный,подслова,10.929183687592673,0.3189205329319548
47,исходный,пунктуация,16.908099262992646,0.4933890930885943
47,исходный,смысловые частые,15.95684476513309,0.46563088167197275
47,исходный,служебные,12.577242647121627,0.3670119418331469
47,исходный,смысловые редкие,15.56752762116227,0.45427035973512636
47,исходный,пунктуация,10.073148343821957,0.29394087700816646
47,исходный,смысловые редкие,12.606807412139462,0.36787466048487927
47,исходный,пунктуация,12.78731968759399,0.37314212352094056
47,исходный,пунктуация,11.763439422244616,0.3432646460059059
47,исходный,смысловые редкие,10.4362956402601,0.3045377461452759
47,исходный,служебные,19.29586182576606,0.5630655237170927
47,исходный,служебные,24.619475652008912,0.7184119619434652
47,исходный,служебные,15.585855496686374,0.45480517880274746
47,исходный,служебные,12.560915785963024,0.3665355136377164
47,исходный,служебные,14.190424932243346,0.4140856271872933
47,исходный,служебные,6.871479953491958,0.20051415654096327
47,исходный,пунктуация,7.725320608516692,0.22542977005092685
47,исходный,пунктуация,15.169950786830706,0.4426688147789037
47,исходный,служебные,9.603935851771189,0.28024895798652516
47,исходный,служебные,22.996976055848265,0.671066391525716
47,исходный,подслова,9.706863885431867,0.28325246348949945
47,исходный,смысловые редкие,15.057710148153266,0.43939356153704723
47,исходный,смысловые редкие,11.315124651794122,0.33018253579527296
47,исходный,смысловые редкие,15.0366150635281,0.4387779935474141
47,исходный,пунктуация,10.621418227508968,0.3099397410124841
47,исходный,служебные,15.521585315193994,0.4529297340193962
47,исходный,пунктуация,21.083649104818434,0.6152342938743395
47,исходный,служебные,11.747634803295684,0.3428034571703937
47,исходный,служебные,15.481962984349044,0.4517735291984064
47,исходный,служебные,12.17642497349732,0.3553158271246048
47,исходный,служебные,9.583924360416507,0.2796650099378851
47,исходный,служебные,15.156579990193011,0.44227864642678244
47,исходный,смысловые редкие,9.91320895287636,0.2892737438301333
47,исходный,служебные,11.188123274607031,0.32647655481321847
47,исходный,смысловые редкие,20.72820511345571,0.6048622120800193
47,исходный,смысловые редкие,13.53140439814966,0.39485498874676084
47,исходный,служебные,21.228462953640488,0.6194600541106403
47,исходный,служебные,17.13006704027001,0.4998662540410067
47,исходный,пунктуация,25.468926557969525,0.7431994797830672
47,исходный,пунктуация,12.911243992878244,0.3767583135872987
47,исходный,служебные,20.83891319066646,0.6080927442032927
47,исходный,служебные,13.37880023763757,0.3904019022593043
47,исходный,служебные,14.023460864838562,0.4092135094812225
47,исходный,пунктуация,9.768977061069133,0.2850649654697545
47,исходный,служебные,13.63558392697899,0.39789501367493263
47,исходный,служебные,18.287786462339575,0.5336492432949304
47,перемешивание,смысловые редкие,16.981355474868177,0.5262948226706365
47,перемешивание,смысловые частые,17.978814732372413,0.5572085882900123
47,перемешивание,служебные,14.280447094093107,0.4425868937356711
47,перемешивание,подслова,11.116352850628736,0.3445236725021382
47,перемешивание,смысловые редкие,19.93746480758892,0.6179120695601317
47,перемешивание,пунктуация,10.672032025632927,0.33075305506549596
47,перемешивание,смысловые редкие,15.93524363373703,0.49387319138586755
47,перемешивание,смысловые редкие,18.410363710074034,0.5705833741267083
47,перемешивание,служебные,16.510784637121393,0.5117106514616631
47,перемешивание,смысловые частые,11.041990315322318,0.34221899091235874
47,перемешивание,служебные,16.785046425164403,0.5202107125620299
47,перемешивание,служебные,19.760088608766733,0.6124147360143336
47,перемешивание,служебные,14.293511265080284,0.44299178518048016
47,перемешивание,служебные,19.323973499847686,0.598898434312021
47,перемешивание,подслова,18.69411965175931,0.5793776828750299
47,перемешивание,служебные,10.425154940016702,0.3231017146181373
47,перемешивание,служебные,14.534236137557617,0.45045245310303617
47,перемешивание,пунктуация,13.574186467182688,0.42069810447210637
47,перемешивание,смысловые редкие,18.923339091405197,0.586481768560041
47,перемешивание,подслова,8.09648202818929,0.2509302970300701
47,перемешивание,служебные,14.78553280035954,0.4582407673387752
47,перемешивание,служебные,14.428894116369811,0.4471876394995018
47,перемешивание,служебные,20.594538512463146,0.6382764326700208
47,перемешивание,пунктуация,23.752148787186663,0.7361386994400705
47,перемешивание,подслова,13.5737204406112,0.4206836611391131
47,перемешивание,служебные,13.699457593402215,0.424580571054767
47,перемешивание,служебные,14.372475560859447,0.4454390868759138
47,перемешивание,смысловые редкие,13.457551675142145,0.4170832995594449
47,перемешивание,смысловые редкие,14.502252127061642,0.44946118835051463
47,перемешивание,смысловые редкие,14.088920522523997,0.4366510046265915
47,перемешивание,смысловые редкие,14.71120259745947,0.45593708781141
47,перемешивание,служебные,12.954832657216993,0.4015027755674914
47,перемешивание,служебные,14.777258749750455,0.45798433374579606
47,перемешивание,смысловые редкие,11.967285640962828,0.3708962151802714
47,перемешивание,подслова,16.22708847215024,0.5029181953437282
47,перемешивание,служебные,18.33635424821904,0.5682896351692636
47,перемешивание,служебные,18.19822319136318,0.5640086070628293
47,перемешивание,служебные,15.269025818922259,0.4732254293608116
47,перемешивание,служебные,13.318904296686119,0.4127862693508579
47,перемешивание,служебные,14.684019963926868,0.4550946297805458
47,перемешивание,служебные,13.259660416690062,0.4109501528310082
47,перемешивание,служебные,15.865719170598755,0.4917184537942317
47,перемешивание,служебные,15.183876493283405,0.4705864380680407
47,перемешивание,смысловые редкие,14.175453436543032,0.43933287679552535
47,перемешивание,пунктуация,24.759701629534863,0.7673652905846775
47,перемешивание,служебные,13.408929933195434,0.4155763897551214
47,перемешивание,служебные,12.538781998183284,0.3886083215209809
47,перемешивание,смысловые редкие,18.00453952465359,0.5580058641618882
47,перемешивание,смысловые редкие,13.89118714159884,0.43052275091892456
47,перемешивание,пунктуация,17.45802342496722,0.5410679586927537
47,перемешивание,служебные,15.911303921791246,0.49313123963343297
47,перемешивание,пунктуация,11.478611643701482,0.3557509816261515
47,перемешивание,пунктуация,10.348027150988917,0.3207113308758365
47,перемешивание,смысловые редкие,15.623792964144581,0.48422055351685894
47,перемешивание,служебные,15.62879524525016,0.48437558676207343
47,перемешивание,служебные,14.829324698061255,0.4595979881489422
47,перемешивание,служебные,17.673030573488603,0.5477315698085713
47,перемешивание,служебные,13.275206042584733,0.4114319507908736
47,перемешивание,пунктуация,10.288545859154027,0.31886785636729126
47,перемешивание,служебные,12.794399975991759,0.39653056415356924
47,перемешивание,пунктуация,11.665228294042333,0.36153469995440163
47,перемешивание,смысловые редкие,21.201454508207327,0.657086282497903
47,перемешивание,служебные,17.23689286229092,0.5342145676049209
47,перемешивание,служебные,13.260303895774562,0.4109700958627156
47,перемешивание,смысловые редкие,16.174541076213266,0.5012896196704032
47,перемешивание,служебные,14.287568184247354,0.44280759419067883
47,чужие хапаксы,служебные,13.592829564481674,0.42000897961371425
47,чужие хапаксы,служебные,14.21439542375344,0.4392149323608611
47,чужие хапаксы,служебные,13.119302765972567,0.4053773308817055
47,чужие хапаксы,смысловые редкие,21.011644805030684,0.6492452106974725
47,чужие хапаксы,служебные,10.874554904475643,0.3360161832027129
47,чужие хапаксы,служебные,13.915209346146906,0.4299702906492852
47,чужие хапаксы,служебные,9.17933069817977,0.2836349342710488
47,чужие хапаксы,пунктуация,11.199946869828828,0.3460705686192422
47,чужие хапаксы,пунктуация,13.425878037169715,0.41485029353598435
47,чужие хапаксы,служебные,13.347125575298179,0.4124168972371621
47,чужие хапаксы,пунктуация,10.638782430380838,0.3287309777349479
47,чужие хапаксы,пунктуация,9.962675414463712,0.30783974118129853
47,чужие хапаксы,пунктуация,9.139956582852903,0.2824183014924813
47,чужие хапаксы,служебные,10.005119111713983,0.30915122190637884
47,чужие хапаксы,служебные,12.466750982466202,0.38521393462668385
47,чужие хапаксы,пунктуация,9.534833452545653,0.29461972212576015
47,чужие хапаксы,подслова,23.994179858919992,0.7414034694841117
47,чужие хапаксы,смысловые частые,11.39589730799929,0.3521253008735103
47,чужие хапаксы,служебные,21.630565332397968,0.6683694245286217
47,чужие хапаксы,служебные,14.585594293077135,0.4506847192509872
47,чужие хапаксы,служебные,16.14426856013248,0.49884667003176514
47,чужие хапаксы,служебные,13.68765390575539,0.4229389858079349
47,чужие хапаксы,служебные,13.884410574975654,0.42901863004090124
47,чужие хапаксы,смысловые редкие,14.00885760513116,0.4328639567187367
47,чужие хапаксы,служебные,13.054829325345281,0.40338514640814965
47,чужие хапаксы,служебные,7.944754943403538,0.24548740210641895
47,чужие хапаксы,служебные,13.12009865320571,0.4054019232436633
47,чужие хапаксы,служебные,10.386048787580435,0.32092168395081727
47,чужие хапаксы,смысловые редкие,13.968352598733503,0.4316123801926261
47,чужие хапаксы,смысловые редкие,16.958300744577688,0.5239996983648024
47,чужие хапаксы,служебные,11.33676710142636,0.3502982186159692
47,чужие хапаксы,смысловые редкие,14.02100316133076,0.43323924595796653
47,чужие хапаксы,смысловые частые,16.30167451922872,0.5037104046906533
47,чужие хапаксы,смысловые редкие,8.410389600194295,0.2598751891483824
47,чужие хапаксы,смысловые редкие,14.0859343475591,0.43524557445222894
47,чужие хапаксы,пунктуация,9.841965432600388,0.3041098866965426
47,чужие хапаксы,служебные,11.793272083424228,0.36440390505659903
47,чужие хапаксы,смысловые редкие,15.911482569791938,0.4916537448348819
47,чужие хапаксы,служебные,12.378784958164069,0.3824958456568673
47,чужие хапаксы,служебные,12.122666050801564,0.37458194955224805
47,чужие хапаксы,пунктуация,24.994716155770305,0.7723193451752677
47,чужие хапаксы,служебные,14.26437057574395,0.4407591297992239
47,чужие хапаксы,служебные,14.879114137827601,0.45975427830822385
47,чужие хапаксы,смысловые редкие,11.341217071932597,0.3504357196096195
47,чужие хапаксы,служебные,19.38241830523355,0.5989032449946523
47,чужие хапаксы,пунктуация,14.150182077933648,0.43723078463595866
47,чужие хапаксы,служебные,20.498597190267994,0.6333923962302924
47,чужие хапаксы,служебные,15.941479583273521,0.49258063168828436
47,чужие хапаксы,смысловые редкие,18.090410698375035,0.5589811085450223
47,чужие хапаксы,служебные,17.762134602851066,0.5488376055121529
47,чужие хапаксы,служебные,14.581720877588111,0.45056503340636983
47,чужие хапаксы,пунктуация,14.367703304456551,0.4439520392476501
47,чужие хапаксы,служебные,11.295450162661972,0.3490215539444325
47,чужие хапаксы,смысловые редкие,14.42628074330599,0.44576204136698994
47,чужие хапаксы,смысловые редкие,10.940402538931938,0.33805082930982167
47,чужие хапаксы,служебные,15.628501403290741,0.48290982360580714
47,чужие хапаксы,служебные,11.624813679290353,0.3591986575331176
47,чужие хапаксы,смысловые редкие,11.76366818427131,0.36348916516253793
47,чужие хапаксы,пунктуация,15.118252690309511,0.4671434932570142
47,чужие хапаксы,пунктуация,12.654866534606281,0.3910265743518431
47,чужие хапаксы,служебные,14.604788319527179,0.4512778013186846
47,чужие хапаксы,служебные,10.93743297473629,0.33795907184153334
47,чужие хапаксы,служебные,11.414835053511093,0.3527104640384616
47,чужие хапаксы,служебные,11.456329952989408,0.3539926275722855
47,чужие хапаксы,служебные,17.06097023025846,0.5271721140648362
47,чужие хапаксы,пунктуация,14.436159385113214,0.44606728452815364
47,чужие хапаксы,смысловые редкие,15.067348512499574,0.4655705895669765
47,чужие хапаксы,пунктуация,14.30982172333866,0.44216353864824004
47,чужие хапаксы,служебные,14.651548773112465,0.4527226668121761
48,исходный,подслова,10.836900593788256,0.35171614899726333
48,исходный,служебные,18.723924778010286,0.6076928232423806
48,исходный,служебные,19.058114781439965,0.6185390998158727
48,исходный,служебные,14.819314581900011,0.4809670634528571
48,исходный,подслова,12.947344878326732,0.4202115024433061
48,исходный,пунктуация,14.095931479103827,0.4574893617831562
48,исходный,пунктуация,16.58594570651474,0.5383038167496769
48,исходный,пунктуация,15.744064507771634,0.5109802097300783
48,исходный,пунктуация,12.063500616918006,0.3915259666440578
48,исходный,пунктуация,11.29501455352465,0.3665844294918477
48,исходный,смысловые редкие,17.852538082917558,0.5794116029771378
48,исходный,служебные,20.590096946539344,0.6682602228231372
48,исходный,служебные,10.49666176655054,0.3406735553128672
48,исходный,служебные,8.904056368758072,0.28898487988985017
48,исходный,смысловые редкие,11.290837615760239,0.36644886522673464
48,исходный,подслова,11.82636192957644,0.3838295311948068
48,исходный,подслова,11.894713502490895,0.38604791013030776
48,исходный,подслова,10.505453918892199,0.34095890830067427
48,исходный,служебные,16.341376311770404,0.5303662145785011
48,исходный,служебные,16.562390938460435,0.5375393368839732
48,исходный,служебные,5.983170944223757,0.19418631970297257
48,исходный,смысловые частые,17.428250650227028,0.5656411765897824
48,исходный,служебные,15.9642443540239,0.5181262388867032
48,исходный,служебные,15.815729306427862,0.5133061207951369
48,исходный,смысловые редкие,11.933284923612506,0.3872997617626851
48,исходный,смысловые редкие,17.301576763976517,0.5615299225402541
48,исходный,служебные,12.861858997727445,0.41743702237330754
48,исходный,смысловые частые,7.750901001258582,0.2515587393118951
48,исходный,служебные,13.03344270934795,0.42300584362063104
48,исходный,пунктуация,9.910978935939418,0.32166497366781305
48,исходный,служебные,15.793089693704381,0.5125713426791084
48,исходный,смысловые редкие,11.344027014364094,0.3681751494426434
48,исходный,служебные,15.946326866398561,0.5175447193191155
48,исходный,смысловые редкие,6.425489032043635,0.20854193855667086
48,исходный,служебные,16.56494045634319,0.5376220825550035
48,исходный,смысловые редкие,9.052185651681029,0.2937924778273317
48,исходный,служебные,24.158340147873552,0.7840690508729496
48,исходный,служебные,18.534110597656454,0.6015323244944831
48,исходный,смысловые редкие,17.89101220038468,0.5806602965786423
48,исходный,смысловые редкие,12.545879887917362,0.407181787981872
48,исходный,подслова,12.271714477207475,0.3982836347129929
48,исходный,служебные,15.944323799779301,0.5174797089527831
48,исходный,служебные,16.26303876063218,0.5278237365360242
48,исходный,служебные,17.64925335534874,0.5728139119757599
48,исходный,служебные,22.979048774473892,0.7457946552735684
48,исходный,смысловые редкие,8.905645212240064,0.2890364464707198
48,исходный,пунктуация,12.955839533603834,0.4204872000392436
48,исходный,смысловые редкие,18.539539394498544,0.6017085183704409
48,исходный,служебные,14.901004596244507,0.48361834709324103
48,исходный,пунктуация,13.281321697239536,0.4310508600239873
48,исходный,служебные,21.8748501762955,0.7099574271548484
48,исходный,пунктуация,26.086432726251317,0.8466461032975096
48,исходный,служебные,13.333070674939615,0.4327303947759855
48,исходный,служебные,15.769149162697742,0.5117943427151675
48,исходный,смысловые редкие,14.842028585759362,0.4817042559643672
48,исходный,служебные,13.451018242187534,0.4365584324863076
48,перемешивание,подслова,12.495979969034563,0.4274641397461894
48,перемешивание,пунктуация,15.926639233875475,0.5448205867828771
48,перемешивание,служебные,14.70924303498636,0.5031757361846874
48,перемешивание,подслова,12.670107285899878,0.4334207100907796
48,перемешивание,служебные,11.556099908874087,0.3953125980202359
48,перемешивание,служебные,12.277192817246874,0.4199798398466859
48,перемешивание,подслова,10.644723940410636,0.3641361280426933
48,перемешивание,подслова,12.113650354737889,0.4143853576034675
48,перемешивание,пунктуация,12.23507327151613,0.41853900884128187
48,перемешивание,пунктуация,11.280635249799957,0.38588946643604705
48,перемешивание,смысловые редкие,14.643459374109131,0.5009253999904936
48,перемешивание,служебные,15.876466504141735,0.5431042713912474
48,перемешивание,служебные,15.926558585477167,0.5448178279517738
48,перемешивание,пунктуация,21.332998915069272,0.7297620556398041
48,перемешивание,пунктуация,12.442666651093601,0.4256403906967254
48,перемешивание,служебные,18.389565616110467,0.6290726990501165
48,перемешивание,смысловые редкие,11.997939861416805,0.4104271177047422
48,перемешивание,смысловые редкие,12.501733641590175,0.42766096213990806
48,перемешивание,смысловые редкие,9.043488610085982,0.3093608575393335
48,перемешивание,служебные,17.0848772520154,0.5844417464896309
48,перемешивание,служебные,17.390249667339255,0.5948879665653752
48,перемешивание,пунктуация,16.093186924541474,0.5505178722693835
48,перемешивание,пунктуация,15.174889538601324,0.5191046335250189
48,перемешивание,служебные,14.128725060107067,0.4833173003234022
48,перемешивание,служебные,13.986612044702165,0.4784558794482624
48,перемешивание,служебные,15.397001909839663,0.526702682972414
48,перемешивание,служебные,9.717915567104443,0.33243174431395517
48,перемешивание,служебные,15.555276669168677,0.5321169669267551
48,перемешивание,служебные,12.232386307744191,0.4184470928282803
48,перемешивание,пунктуация,14.183599524041899,0.4851944532620323
48,перемешивание,служебные,14.080182523909553,0.48165675080842313
48,перемешивание,служебные,13.570649449724264,0.46422657584266785
48,перемешивание,служебные,18.62495120290814,0.6371248004153921
48,перемешивание,служебные,17.962886644404914,0.6144768082084322
48,перемешивание,смысловые редкие,17.08237934683414,0.5843562978179685
48,перемешивание,смысловые редкие,15.065659609564232,0.5153680816286426
48,перемешивание,смысловые редкие,15.375700800499184,0.5259740117995704
48,перемешивание,служебные,19.41926937282636,0.6642969416984493
48,перемешивание,служебные,8.712389931975608,0.2980345900548886
48,перемешивание,пунктуация,15.271010416641976,0.5223927492666506
48,перемешивание,подслова,9.674614481281717,0.3309504950284125
48,перемешивание,служебные,17.58974924944312,0.601712474723605
48,перемешивание,служебные,15.141684119197487,0.5179687381350179
48,перемешивание,служебные,19.8668630094117,0.6796082841696235
48,перемешивание,служебные,13.413183426252806,0.4588399572317802
48,перемешивание,пунктуация,13.800716305815888,0.4720967333626878
48,перемешивание,пунктуация,13.416688539617827,0.45895986061454846
48,перемешивание,служебные,15.186099149700723,0.5194880933879003
48,перемешивание,служебные,18.456488882519913,0.631362019021468
48,перемешивание,служебные,13.754324468168898,0.4705097552289074
48,перемешивание,служебные,14.820591587586668,0.5069847622368435
48,перемешивание,подслова,17.244797324255124,0.5899123135261899
48,перемешивание,служебные,16.319286079312462,0.5582523021365106
48,чужие хапаксы,служебные,14.22429213333842,0.483206473242086
48,чужие хапаксы,служебные,9.465010390397172,0.3215312401538895
48,чужие хапаксы,пунктуация,13.94116172873951,0.4735883887011202
48,чужие хапаксы,смысловые редкие,9.622137277297684,0.32686892080323127
48,чужие хапаксы,служебные,14.34286716557171,0.4872345276860555
48,чужие хапаксы,служебные,9.526149766181323,0.32360817599519165
48,чужие хапаксы,пунктуация,19.10850853817783,0.6491258006441226
48,чужие хапаксы,смысловые редкие,7.818534087399318,0.2655995986921968
48,чужие хапаксы,служебные,13.758625073574608,0.4673875252379105
48,чужие хапаксы,пунктуация,8.74429048691811,0.29704801670129594
48,чужие хапаксы,пунктуация,12.491562456014096,0.42434476057383813
48,чужие хапаксы,служебные,12.009799250656119,0.4079790182777261
48,чужие хапаксы,служебные,18.69792911746815,0.6351782078917274
48,чужие хапаксы,служебные,11.70673455602703,0.3976837557168086
48,чужие хапаксы,служебные,20.15046449214122,0.6845215769026969
48,чужие хапаксы,служебные,15.874065819479544,0.5392501284943176
48,чужие хапаксы,служебные,16.66794530454179,0.5662186203222578
48,чужие хапаксы,пунктуация,28.276185778437153,0.9605564817326276
48,чужие хапаксы,пунктуация,15.28503452491977,0.5192404343875467
48,чужие хапаксы,служебные,17.36244454916637,0.589811114593224
48,чужие хапаксы,пунктуация,8.270680697969908,0.2809592501275122
48,чужие хапаксы,служебные,16.077126850006128,0.5461482154777594
48,чужие хапаксы,пунктуация,12.115428088218446,0.4115672838724354
48,чужие хапаксы,смысловые редкие,11.92128592343452,0.404972175316351
48,чужие хапаксы,служебные,10.940747667893293,0.3716627896613319
48,чужие хапаксы,служебные,12.328153156783916,0.41879366316696537
48,чужие хапаксы,смысловые редкие,15.93123448694964,0.5411921773449194
48,чужие хапаксы,служебные,11.867443636138008,0.403143125300227
48,чужие хапаксы,служебные,13.581988400608308,0.46138708718523463
48,чужие хапаксы,служебные,10.394906369338603,0.35312028179155086
48,чужие хапаксы,пунктуация,14.558273138191637,0.4945519786614193
48,чужие хапаксы,пунктуация,9.639780731928354,0.3274682779739063
48,чужие хапаксы,подслова,15.185258742538355,0.5158510000685979
48,чужие хапаксы,пунктуация,12.069238829456168,0.4099982111467793
48,чужие хапаксы,смысловые редкие,8.116541559857952,0.2757230648314378
48,чужие хапаксы,смысловые частые,14.220808693561613,0.4830881390126197
48,чужие хапаксы,смысловые редкие,16.701442376582047,0.5673565329784928
48,чужие хапаксы,пунктуация,11.497546327516536,0.39057752468648516
48,чужие хапаксы,смысловые редкие,17.4737207513765,0.5935912240511637
48,чужие хапаксы,смысловые редкие,9.467038816656618,0.32160014683057125
48,чужие хапаксы,смысловые редкие,13.796189390613232,0.46866360428534787
48,чужие хапаксы,служебные,12.700878265593328,0.43145532559826827
48,чужие хапаксы,служебные,15.535046565101,0.5277334711637591
48,чужие хапаксы,смысловые редкие,12.470745875837041,0.4236376107066936
48,чужие хапаксы,смысловые редкие,11.457877724863199,0.38922996198129894
48,чужие хапаксы,служебные,12.441967123259145,0.4226599817739414
48,чужие хапаксы,пунктуация,15.259977684982646,0.5183892407293238
48,чужие хапаксы,служебные,14.142273720477387,0.48042026584083297
49,исходный,смысловые редкие,12.8937715682456,0.37974532736224964
49,исходный,пунктуация,14.477248957808289,0.42638165378446674
49,исходный,пунктуация,11.95202593130414,0.3520091833411279
49,исходный,пунктуация,8.822614749410347,0.2598422586031367
49,исходный,пунктуация,6.871551570029386,0.20237985345372803
49,исходный,служебные,18.264099888512966,0.5379113903507673
49,исходный,служебные,14.692496706960906,0.432721096555987
49,исходный,служебные,15.19912276928322,0.44764216746751484
49,исходный,смысловые редкие,11.9545175251954,0.35208256537158206
49,исходный,смысловые редкие,12.632308819001098,0.37204476769440087
49,исходный,пунктуация,6.507597716897564,0.1916607419532052
49,исходный,смысловые редкие,10.650311814610536,0.3136713044079172
49,исходный,смысловые редкие,10.842410982113194,0.3193289788023487
49,исходный,смысловые редкие,11.419834630593739,0.33633516905927635
49,исходный,смысловые частые,10.698895211740247,0.31510217496039605
49,исходный,пунктуация,19.952836521008102,0.5876477954003835
49,исходный,пунктуация,10.084112465844221,0.2969956904565206
49,исходный,смысловые частые,16.7215659722044,0.4924809246475756
49,исходный,смысловые редкие,10.08559645764946,0.2970393967491985
49,исходный,пунктуация,6.851310852229112,0.20178372702427883
49,исходный,пунктуация,5.3423329060115075,0.15734154646168425
49,исходный,смысловые редкие,13.62731406647506,0.40134950536787656
49,исходный,пунктуация,10.416220512500436,0.30677688428561695
49,исходный,смысловые частые,9.286241229822538,0.27349691260767406
49,исходный,смысловые частые,9.698502672320762,0.28563877161391543
49,исходный,смысловые частые,9.162910778416805,0.26986460359747366
49,исходный,смысловые частые,11.764326249576747,0.34648108190811505
49,исходный,смысловые частые,13.519349532846,0.39816975094540397
49,исходный,пунктуация,5.5055878152045326,0.16214970430804163
49,исходный,пунктуация,21.362370090318198,0.6291611558529585
49,исходный,служебные,9.866345742325365,0.29058205924911396
49,исходный,пунктуация,10.707119728612247,0.3153444021346114
49,исходный,служебные,10.169984693597803,0.2995247857694793
49,исходный,служебные,13.429407972854783,0.39552080630096403
49,исходный,служебные,16.988711048563207,0.5003488393177044
49,исходный,пунктуация,16.061586545945495,0.47304331463947935
49,исходный,служебные,12.438255367178247,0.3663295360262886
49,исходный,пунктуация,8.15553797091393,0.24019561849592833
49,исходный,служебные,13.25140604891342,0.3902783217012915
49,исходный,подслова,14.261207784627706,0.42001884321356814
49,исходный,служебные,21.652855056516188,0.6377164732788028
49,исходный,служебные,20.405810958299305,0.6009887271103506
49,исходный,смысловые редкие,17.743792668776003,0.5225873841480702
49,исходный,пунктуация,7.58274310852803,0.22332575451727366
49,исходный,смысловые частые,10.097457519386253,0.2973887268694245
49,исходный,служебные,12.660711657681299,0.37288128362114437
49,исходный,пунктуация,11.623354494019061,0.3423292039894054
49,исходный,пунктуация,12.791455302567304,0.3767319248369423
49,исходный,смысловые редкие,7.218461884886667,0.21259700135211787
49,исходный,смысловые редкие,9.655315023082965,0.28436681577764145
49,исходный,пунктуация,8.087036875804326,0.23817813504282195
49,исходный,пунктуация,12.655574871122797,0.37272999579330257
49,исходный,пунктуация,8.688286516108118,0.25588604465445974
49,исходный,смысловые редкие,10.031851684208982,0.29545651415537094
49,исходный,служебные,15.816836644005855,0.46583497911546223
49,исходный,служебные,16.383504802286545,0.48252440037076244
49,исходный,пунктуация,7.583397403272206,0.22334502470292128
49,исходный,пунктуация,8.738757067122625,0.25737249536562
49,исходный,служебные,10.493323487292473,0.30904770894293554
49,исходный,служебные,13.4216865459599,0.3952933960534363
49,исходный,пунктуация,6.631502625654385,0.1953099697907394
49,исходный,смысловые редкие,16.362647805865624,0.481910123400542
49,исходный,пунктуация,8.957022202940214,0.263800805733468
49,исходный,пунктуация,14.918739585712764,0.43938436615094323
49,исходный,смысловые частые,12.058535818216399,0.3551460957378406
49,исходный,смысловые частые,11.558831675956974,0.3404288881246769
49,исходный,пунктуация,14.577780095228478,0.4293424809937643
49,исходный,пунктуация,8.274625016008601,0.24370295137248185
49,исходный,служебные,17.704066317040404,0.5214173699001138
49,исходный,служебные,14.909222467746202,0.4391040694930858
49,исходный,смысловые редкие,18.622688378004316,0.5484724820072682
49,исходный,смысловые частые,13.744212116339657,0.40479236830203663
49,исходный,смысловые редкие,12.369597835784747,0.36430744523641306
49,перемешивание,пунктуация,7.796694750410668,0.2381386462960149
49,перемешивание,пунктуация,9.761249636552435,0.29814310409980155
49,перемешивание,смысловые редкие,10.99258338561205,0.3357523938727799
49,перемешивание,пунктуация,8.531521580907437,0.2605828578854547
49,перемешивание,пунктуация,8.088178706001969,0.24704159771627715
49,перемешивание,смысловые частые,13.543095034154074,0.41365404460933375
49,перемешивание,пунктуация,11.816120277201845,0.3609061246287123
49,перемешивание,пунктуация,11.211218808444434,0.3424302933279199
49,перемешивание,пунктуация,9.6312574083364,0.29417268147234926
49,перемешивание,служебные,17.063985114624657,0.521194486342822
49,перемешивание,служебные,14.798389926827863,0.45199519249483894
49,перемешивание,служебные,12.75440206768146,0.389564570621772
49,перемешивание,пунктуация,9.307513266355077,0.2842843898070078
49,перемешивание,пунктуация,9.266682928768503,0.28303728681889045
49,перемешивание,смысловые частые,10.345690403590503,0.31599399316985516
49,перемешивание,смысловые частые,11.587666198640292,0.3539283286842724
49,перемешивание,смысловые частые,12.260219494806387,0.3744704861802396
49,перемешивание,смысловые частые,11.919172915871837,0.36405371686564214
49,перемешивание,смысловые частые,12.142370623684936,0.3708709646477469
49,перемешивание,смысловые частые,9.626803840217189,0.2940366537430297
49,перемешивание,смысловые частые,11.805829609600353,0.3605918112266168
49,перемешивание,смысловые частые,12.365801429540934,0.3776953320688996
49,перемешивание,смысловые редкие,11.613189146038682,0.3547078898108147
49,перемешивание,пунктуация,9.968431034612196,0.30447115710829836
49,перемешивание,служебные,14.776640634355568,0.4513308921428243
49,перемешивание,служебные,13.656446447117329,0.41711619785541126
49,перемешивание,пунктуация,11.93013058674378,0.3643884029078095
49,перемешивание,смысловые редкие,11.436168673133945,0.34930105818104057
49,перемешивание,смысловые редкие,11.334098861781863,0.34618348496813595
49,перемешивание,пунктуация,11.543768031135325,0.3525875233149256
49,перемешивание,служебные,22.15349277518761,0.6766460595284747
49,перемешивание,пунктуация,8.332574034678794,0.2545062958473799
49,перемешивание,служебные,11.104564953736135,0.33917270721027076
49,перемешивание,служебные,12.754450878873543,0.38956606148829676
49,перемешивание,смысловые редкие,16.585930425014823,0.5065930045247539
49,перемешивание,пунктуация,10.577601665614544,0.32307738373048944
49,перемешивание,служебные,14.032065273592599,0.4285889259438627
49,перемешивание,пунктуация,10.300071950743055,0.3146006441989162
49,перемешивание,пунктуация,12.423120391032688,0.37944605597610664
49,перемешивание,пунктуация,8.824876632527623,0.2695429591993158
49,перемешивание,пунктуация,10.167841637816418,0.3105618625449353
49,перемешивание,служебные,14.615498549045558,0.4464090426558963
49,перемешивание,пунктуация,15.76729588284788,0.4815890088671677
49,перемешивание,смысловые редкие,15.727999778813999,0.4803887668006378
49,перемешивание,смысловые частые,15.632171003984812,0.4774618169270614
49,перемешивание,служебные,19.627667954853038,0.5994984318797627
49,перемешивание,служебные,29.59543181117336,0.9039492110022156
49,перемешивание,пунктуация,10.009973266946272,0.3057400038810453
49,перемешивание,пунктуация,14.218440734165751,0.4342814919996711
49,перемешивание,пунктуация,8.021687236922299,0.24501071297040045
49,перемешивание,пунктуация,10.455263583979987,0.3193407458238469
49,перемешивание,пунктуация,12.640185474594611,0.3860759917132785
49,перемешивание,смысловые частые,11.841590195500917,0.3616840660589179
49,перемешивание,смысловые редкие,9.82580418751768,0.30011482851267546
49,перемешивание,служебные,9.645452001098002,0.2946062345628807
49,перемешивание,служебные,12.514890204192254,0.3822490307976496
49,перемешивание,служебные,19.974245268865698,0.6100841294141617
49,перемешивание,смысловые частые,12.823208257744728,0.3916661551371322
49,перемешивание,пунктуация,9.122746915871698,0.2786409716671801
49,перемешивание,смысловые редкие,11.191679243758314,0.3418334858816208
49,перемешивание,служебные,14.314065428734501,0.43720220853995534
49,перемешивание,смысловые редкие,11.142707045206219,0.34033770164962673
49,перемешивание,служебные,16.33095991420258,0.49880530291093444
49,перемешивание,пунктуация,11.156684756560015,0.34076463041452854
49,перемешивание,пунктуация,7.56206075911876,0.23097209394915752
49,перемешивание,смысловые редкие,16.88529890247809,0.515736777142381
49,перемешивание,служебные,14.576816886368494,0.4452275678026055
49,перемешивание,пунктуация,8.288093035074404,0.25314768872336424
49,перемешивание,смысловые редкие,10.101184303505894,0.3085259116879939
49,перемешивание,смысловые редкие,11.498452903868223,0.3512034389805285
49,перемешивание,смысловые редкие,12.583105873219823,0.38433257871101983
49,чужие хапаксы,смысловые редкие,12.633843575471262,0.39160335201819135
49,чужие хапаксы,смысловые частые,22.602371937804406,0.7005915944369246
49,чужие хапаксы,смысловые редкие,15.823083458241115,0.490458227102094
49,чужие хапаксы,служебные,12.864579295230786,0.3987553228929605
49,чужие хапаксы,служебные,22.90777982292681,0.7100581317446147
49,чужие хапаксы,пунктуация,9.346312778445188,0.2897018149057672
49,чужие хапаксы,пунктуация,10.87633228854135,0.3371268732601515
49,чужие хапаксы,пунктуация,11.687472020180834,0.36226926448635516
49,чужие хапаксы,смысловые частые,13.569811413605247,0.4206149620325901
49,чужие хапаксы,смысловые частые,14.028871392628536,0.4348441572485214
49,чужие хапаксы,пунктуация,8.531916173624728,0.264458472417412
49,чужие хапаксы,служебные,12.956396345951202,0.40160131862021076
49,чужие хапаксы,смысловые редкие,13.040498260821915,0.4042081731041829
49,чужие хапаксы,пунктуация,8.782060931654723,0.272212053119053
49,чужие хапаксы,пунктуация,7.866284364319599,0.24382629930424293
49,чужие хапаксы,служебные,12.10349394958462,0.37516443618088996
49,чужие хапаксы,пунктуация,12.679275621067037,0.39301158073640113
49,чужие хапаксы,пунктуация,10.518740017732716,0.32604280916928874
49,чужие хапаксы,пунктуация,8.632710070524189,0.26758271783433635
49,чужие хапаксы,служебные,14.244712810861328,0.441534458769147
49,чужие хапаксы,служебные,19.019774920292246,0.58954407413107
49,чужие хапаксы,пунктуация,12.663827719131204,0.3925327517764269
49,чужие хапаксы,пунктуация,7.176229911385598,0.22243711277286274
49,чужие хапаксы,смысловые редкие,13.580809151464248,0.4209558520384283
49,чужие хапаксы,смысловые редкие,14.844936590810677,0.46013922008228736
49,чужие хапаксы,смысловые редкие,11.99057716568447,0.3716644252135021
49,чужие хапаксы,пунктуация,7.391341173622844,0.22910478210450771
49,чужие хапаксы,смысловые редкие,14.15899982584935,0.4388776669510701
49,чужие хапаксы,служебные,12.413703461018866,0.38477980649791915
49,чужие хапаксы,смысловые редкие,12.763358740146861,0.3956178526189922
49,чужие хапаксы,пунктуация,10.561142042909966,0.3273571182386213
49,чужие хапаксы,пунктуация,10.597413249866806,0.3284813941678897
49,чужие хапаксы,смысловые частые,11.802235058761786,0.3658265026560083
49,чужие хапаксы,служебные,11.014396638139896,0.3414063676019979
49,чужие хапаксы,смысловые частые,13.848530631843332,0.4292542474156887
49,чужие хапаксы,пунктуация,11.333429299440985,0.3512952235801859
49,чужие хапаксы,пунктуация,19.86063455614334,0.6156076746505026
49,чужие хапаксы,пунктуация,13.082162679613385,0.40549961904944587
49,чужие хапаксы,служебные,23.74709849702493,0.7360739680358305
49,чужие хапаксы,смысловые редкие,12.200272881519542,0.3781642322385234
49,чужие хапаксы,смысловые редкие,11.130108956898308,0.3449930300159261
49,чужие хапаксы,служебные,12.31257819461973,0.3816452898277492
49,чужие хапаксы,пунктуация,17.01598446195711,0.5274338338436572
49,чужие хапаксы,пунктуация,17.25080030106031,0.5347122736272799
49,чужие хапаксы,служебные,14.9009205374225,0.4618745194804026
49,чужие хапаксы,служебные,10.153681994093134,0.31472733380469337
49,чужие хапаксы,смысловые частые,15.729862683264841,0.48756872101153914
49,чужие хапаксы,пунктуация,8.485109699429351,0.2630076413950421
49,чужие хапаксы,служебные,11.75858843538862,0.36447361555438296
49,чужие хапаксы,смысловые частые,13.025235812687615,0.4037350925397694
49,чужие хапаксы,смысловые частые,12.484917455368196,0.3869871821656017
49,чужие хапаксы,служебные,13.948843158041274,0.4323635720858781
49,чужие хапаксы,смысловые редкие,10.793658926707076,0.3345642987416755
