perturbation,mode,q,n,d0,delta,rel,effect
add_linebreaks,q0.5_range,0.0,200,4.868834044029737,-0.25717964419702866,-0.050011510464314346,-0.677296387724492
add_linebreaks,q0.5_range,0.05,200,5.493228688367082,-0.2916898276019085,-0.05083578030545221,-0.6891324752377854
add_linebreaks,q0.5_range,0.1,200,6.135708380205817,-0.29460952366448184,-0.04617440604302058,-0.6175514024736218
add_linebreaks,q0.5_range,0.15,200,7.041429811325168,-0.32682761332500687,-0.04433988901837606,-0.5759977532160574
add_linebreaks,q0.5_range,0.2,200,8.314702473197487,-0.3783799204594084,-0.043084689886052095,-0.5340980633238833
add_linebreaks,q0.5_range,0.25,200,9.958781754716112,-0.4191603115664264,-0.03941458393405024,-0.4845344384009062
add_linebreaks,q0.5_range,0.3,200,11.792150225515147,-0.4415185474745262,-0.0344657142109309,-0.44781067128549734
add_linebreaks,q0.5_range,0.35,200,13.483253706856171,-0.45500555157070527,-0.030640841051391764,-0.44324411216918835
add_linebreaks,q0.5_range,0.4,200,14.76606034226928,-0.49856747957140923,-0.030409179740772663,-0.4758288198992755
add_linebreaks,q0.5_range,0.45,200,15.551153906749601,-0.5336801973980524,-0.030283581044838952,-0.4666808373208782
add_linebreaks,q0.5_range,0.5,200,16.158172757975546,-0.4526131949723808,-0.02358998968941399,-0.35381152685299105
add_linebreaks,q_large,0.0,200,8.332040262983808,-0.31718464888741205,-0.035447182430142866,-0.5950170980497792
add_linebreaks,q_large,0.05,200,8.019165989233327,-0.32568258328851046,-0.03805855418505479,-0.634935739963426
add_linebreaks,q_large,0.1,200,7.733865298584845,-0.3183346531785983,-0.03880497117350925,-0.6436370146087863
add_linebreaks,q_large,0.15,200,7.425417331867411,-0.3069178728981399,-0.039094241416116636,-0.6392170613571245
add_linebreaks,q_large,0.2,200,7.10069037973331,-0.2970539875312523,-0.03962280470174551,-0.6350857249478316
add_linebreaks,q_large,0.25,200,6.761326990986117,-0.28757663234208014,-0.040305312411699816,-0.631187006192278
add_linebreaks,q_large,0.3,200,6.409073668093284,-0.27933991864585966,-0.041304842678798914,-0.6318151714505883
add_linebreaks,q_large,0.35,200,6.044100242885731,-0.27234417335395994,-0.042711423957056335,-0.6367696157801563
add_linebreaks,q_large,0.4,200,5.665426877979743,-0.266485349303536,-0.04457593636843914,-0.6451392416721227
add_linebreaks,q_large,0.45,200,5.273233700298906,-0.26177549798365535,-0.04702780880266562,-0.6591187221304161
add_linebreaks,q_large,0.5,200,4.868834044029737,-0.25717964419702866,-0.050011510464314346,-0.677296387724492
add_linebreaks,q_large,0.55,200,4.458030125824559,-0.2523039816391818,-0.05358125007675784,-0.7025133587687123
add_linebreaks,q_large,0.6,200,4.057356728522483,-0.24702777303842954,-0.05768910118329794,-0.7403294427254898
add_linebreaks,q_large,0.65,200,3.700173555760281,-0.2400312625606977,-0.0615952376224497,-0.7934337908196243
add_linebreaks,q_large,0.7,200,3.4266589225301947,-0.22843839843753144,-0.06334110396117945,-0.8316805122751901
add_linebreaks,q_large,0.75,200,3.2668464965398236,-0.21629352574571611,-0.06261218297189337,-0.8075778730309643
add_linebreaks,q_large,0.8,200,3.22337894016683,-0.20975984765153194,-0.0605594262964726,-0.7129551400274787
add_linebreaks,q_large,0.85,200,3.253674919248454,-0.219530626207964,-0.060565937506152176,-0.6175577921992113
add_linebreaks,q_large,0.9,200,3.214656403209359,-0.21517448963540012,-0.054684810610135054,-0.464311666503473
add_linebreaks,q_small,0.0,200,8.332040262983808,-0.31718464888741205,-0.035447182430142866,-0.5950170980497792
add_linebreaks,q_small,0.05,200,8.659961810012796,-0.3573505054750403,-0.038820011637781954,-0.6360046181865489
add_linebreaks,q_small,0.1,200,9.018813562918895,-0.36207141268096266,-0.03782447828194983,-0.6026244027616752
add_linebreaks,q_small,0.15,200,9.623569977027621,-0.3906426755530065,-0.03795537051256033,-0.5796213346408461
add_linebreaks,q_small,0.2,200,10.533997825179572,-0.4310404058658041,-0.037826390211727,-0.5437180923628065
add_linebreaks,q_small,0.25,200,11.714500778846968,-0.4544619268296251,-0.035275797426555594,-0.4902994656868228
add_linebreaks,q_small,0.3,200,13.006993177097893,-0.4538763497697664,-0.031004463933457824,-0.43781800117653413
add_linebreaks,q_small,0.35,200,14.185538840755562,-0.4377270439957344,-0.026807282523314414,-0.3977810930513686
add_linebreaks,q_small,0.4,200,15.093259030138121,-0.4328207260183513,-0.02460855815822299,-0.3790640656064987
add_linebreaks,q_small,0.45,200,15.720746319944292,-0.4396692829904981,-0.02379138118032993,-0.366310329065648
add_linebreaks,q_small,0.5,200,16.158172757975546,-0.4526131949723808,-0.02358998968941399,-0.35381152685299105
add_linebreaks,q_small,0.55,200,16.481279635819938,-0.46793872407796155,-0.023608160917782162,-0.3394556751187634
add_linebreaks,q_small,0.6,200,16.7304569300441,-0.4842259727454621,-0.023651350427750958,-0.3238999946087574
add_linebreaks,q_small,0.65,200,16.922051348087663,-0.4909116418869821,-0.023065719746575786,-0.30060094294237977
add_linebreaks,q_small,0.7,200,17.065368168057965,-0.4844255230760418,-0.02162409443164864,-0.27037100946936243
add_linebreaks,q_small,0.75,200,17.15399778664486,-0.45212937522969604,-0.018510368181011847,-0.22852647552473546
add_linebreaks,q_small,0.8,200,17.1940468699077,-0.38731259191637846,-0.013176179230810816,-0.1766074664379762
add_linebreaks,q_small,0.85,200,17.205576112581216,-0.26433748710872945,-0.004034710608665728,-0.10703147985918111
add_linebreaks,q_small,0.9,200,17.26836606986298,0.0054832479091326295,0.01506955734700196,0.0018947803007926302
add_typos,q0.5_range,0.0,200,4.868834044029737,0.36787087340033,0.07939773879668105,0.9448497816191685
add_typos,q0.5_range,0.05,200,5.493228688367082,0.43525180897029275,0.0830307914392632,1.0325015365551429
add_typos,q0.5_range,0.1,200,6.135708380205817,0.5083541106172299,0.0865503580977138,1.077859072798313
add_typos,q0.5_range,0.15,200,7.041429811325168,0.6380582049511122,0.0946499077248987,1.130252221782119
add_typos,q0.5_range,0.2,200,8.314702473197487,0.8301344465423575,0.10451390049035209,1.1769542737747518
add_typos,q0.5_range,0.25,200,9.958781754716112,1.0213931854346887,0.10832194928459156,1.1774129712713979
add_typos,q0.5_range,0.3,200,11.792150225515147,1.0946639667802476,0.09910577056309272,1.0960380855024805
add_typos,q0.5_range,0.35,200,13.483253706856171,0.9966798302559734,0.07929139637317949,0.9343238064410271
add_typos,q0.5_range,0.4,200,14.76606034226928,0.844321536030638,0.06150623126284795,0.7663748162112309
add_typos,q0.5_range,0.45,200,15.551153906749601,0.7620550789468032,0.053497029676152615,0.6414729073304672
add_typos,q0.5_range,0.5,200,16.158172757975546,0.5871345825067315,0.04165193335405929,0.44185029230764017
add_typos,q_large,0.0,200,8.332040262983808,0.4645170618669114,0.05869819341410895,0.8282683475216329
add_typos,q_large,0.05,200,8.019165989233327,0.4754317407099893,0.062102206165820656,0.8808420157496998
add_typos,q_large,0.1,200,7.733865298584845,0.4612916566311748,0.06233717147233428,0.8954402684783832
add_typos,q_large,0.15,200,7.425417331867411,0.45033305820806346,0.06334463563587342,0.9061003240341932
add_typos,q_large,0.2,200,7.10069037973331,0.4410045479556322,0.06487889493169546,0.9132786300171662
add_typos,q_large,0.25,200,6.761326990986117,0.4327223509216359,0.0668814418779754,0.9217028500592224
add_typos,q_large,0.3,200,6.409073668093284,0.4237123307719745,0.06913219462071646,0.9310216539282102
add_typos,q_large,0.35,200,6.044100242885731,0.4127188038641309,0.07148900045862844,0.9378221638789768
add_typos,q_large,0.4,200,5.665426877979743,0.4004419145527301,0.07410052535640958,0.9431808607841012
add_typos,q_large,0.45,200,5.273233700298906,0.3858204233785393,0.07680426305736514,0.9464853041455451
add_typos,q_large,0.5,200,4.868834044029737,0.36787087340033,0.07939773879668105,0.9448497816191685
add_typos,q_large,0.55,200,4.458030125824559,0.34348020399725143,0.08097566569107321,0.9310406191909181
add_typos,q_large,0.6,200,4.057356728522483,0.30728517929917737,0.0794927123143923,0.8881695529415545
add_typos,q_large,0.65,200,3.700173555760281,0.25204460311365884,0.07141816858456221,0.7908128793123326
add_typos,q_large,0.7,200,3.4266589225301947,0.18256491564019073,0.056476862269154535,0.6168488245157663
add_typos,q_large,0.75,200,3.2668464965398236,0.11974524451330407,0.04069007562508964,0.40874404763386685
add_typos,q_large,0.8,200,3.22337894016683,0.07764016447724216,0.02961531865250395,0.2424934865984673
add_typos,q_large,0.85,200,3.253674919248454,0.06286838666086957,0.026727219050963473,0.1637359806619375
add_typos,q_large,0.9,200,3.214656403209359,0.07183568299035734,0.03265815569893826,0.1469908098499112
add_typos,q_small,0.0,200,8.332040262983808,0.4645170618669114,0.05869819341410895,0.8282683475216329
add_typos,q_small,0.05,200,8.659961810012796,0.5187677137253152,0.06297651996097933,0.8903119378922554
add_typos,q_small,0.1,200,9.018813562918895,0.5758541270599217,0.06713401072347618,0.9300878075843492
add_typos,q_small,0.15,200,9.623569977027621,0.6800383089990256,0.07447152180204215,0.9783031280543105
add_typos,q_small,0.2,200,10.533997825179572,0.824195704735983,0.08280328230797913,1.0205206046650332
add_typos,q_small,0.25,200,11.714500778846968,0.9542215357514237,0.08700229442162272,1.0175127697144206
add_typos,q_small,0.3,200,13.006993177097893,0.9891758446062597,0.08218843246469763,0.9372032975040663
add_typos,q_small,0.35,200,14.185538840755562,0.8964753434369845,0.06901779416905443,0.7878028971830409
add_typos,q_small,0.4,200,15.093259030138121,0.7589320140724379,0.05548403531965184,0.6367845371438609
add_typos,q_small,0.45,200,15.720746319944292,0.6541570679025781,0.04662197433843998,0.5224529943431743
add_typos,q_small,0.5,200,16.158172757975546,0.5871345825067315,0.04165193335405929,0.44185029230764017
add_typos,q_small,0.55,200,16.481279635819938,0.5446220187460099,0.03900626093609124,0.38504911812938714
add_typos,q_small,0.6,200,16.7304569300441,0.5108403488815522,0.037447062320937335,0.3379049773185321
add_typos,q_small,0.65,200,16.922051348087663,0.48368297762466633,0.036740544870389004,0.29758456105971987
add_typos,q_small,0.7,200,17.065368168057965,0.4546306586794572,0.03632197241640237,0.2597560983081222
add_typos,q_small,0.75,200,17.15399778664486,0.43329383597676563,0.03676851336067443,0.22914784802073854
add_typos,q_small,0.8,200,17.1940468699077,0.4017667297325596,0.03729292936282863,0.1947154579516303
add_typos,q_small,0.85,200,17.205576112581216,0.33297923241176614,0.03613169955806244,0.14592135328163666
add_typos,q_small,0.9,200,17.26836606986298,0.1721695439074467,0.03030044950533154,0.06524849099112301
break_at_commas,q0.5_range,0.0,200,4.868834044029737,-0.38396176458053594,-0.0737654958071024,-0.9277282112036346
break_at_commas,q0.5_range,0.05,200,5.493228688367082,-0.4622621692373571,-0.07918793621295686,-1.032663522167391
break_at_commas,q0.5_range,0.1,200,6.135708380205817,-0.5094391238583561,-0.07845010811736622,-1.032891960135755
break_at_commas,q0.5_range,0.15,200,7.041429811325168,-0.5986300223949914,-0.07991596572605676,-0.9885411014705051
break_at_commas,q0.5_range,0.2,200,8.314702473197487,-0.7219082075176264,-0.08119057491333889,-0.9392336947876632
break_at_commas,q0.5_range,0.25,200,9.958781754716112,-0.8051281614174326,-0.07561203362907869,-0.8658952382888357
break_at_commas,q0.5_range,0.3,200,11.792150225515147,-0.7911561446961082,-0.06286741203343076,-0.7826071727547381
break_at_commas,q0.5_range,0.35,200,13.483253706856171,-0.7546811544454621,-0.05213114551453421,-0.7464059418018053
break_at_commas,q0.5_range,0.4,200,14.76606034226928,-0.8068267058340046,-0.050157752589018646,-0.7772814308825633
break_at_commas,q0.5_range,0.45,200,15.551153906749601,-0.9172752493473537,-0.053070855462594616,-0.7876585221992917
break_at_commas,q0.5_range,0.5,200,16.158172757975546,-0.9498425800674164,-0.05174771670467933,-0.7097506817406383
break_at_commas,q_large,0.0,200,8.332040262983808,-0.46765766258694724,-0.05208701182851412,-0.8543952350570615
break_at_commas,q_large,0.05,200,8.019165989233327,-0.4634499110316673,-0.05387917217089478,-0.8779877560633779
break_at_commas,q_large,0.1,200,7.733865298584845,-0.4448057451303836,-0.05378849736243915,-0.8679622427036152
break_at_commas,q_large,0.15,200,7.425417331867411,-0.42402119396457066,-0.05342453881188142,-0.8474969023730502
break_at_commas,q_large,0.2,200,7.10069037973331,-0.4080842156953078,-0.05373261700054655,-0.8320023997687723
break_at_commas,q_large,0.25,200,6.761326990986117,-0.3960098124178063,-0.05472189226615022,-0.8236470684465205
break_at_commas,q_large,0.3,200,6.409073668093284,-0.3881162298128362,-0.0565676017144704,-0.8265248651525459
break_at_commas,q_large,0.35,200,6.044100242885731,-0.3838597734541749,-0.05933591414898163,-0.8384704377421267
break_at_commas,q_large,0.4,200,5.665426877979743,-0.3821707334869582,-0.06303505752759772,-0.8587876198254953
break_at_commas,q_large,0.45,200,5.273233700298906,-0.38260359176152137,-0.06784063798644027,-0.8891886158058322
break_at_commas,q_large,0.5,200,4.868834044029737,-0.38396176458053594,-0.0737654958071024,-0.9277282112036346
break_at_commas,q_large,0.55,200,4.458030125824559,-0.38444984769009544,-0.08067458054573279,-0.9749790978184608
break_at_commas,q_large,0.6,200,4.057356728522483,-0.3797351135430456,-0.08747348320628401,-1.0290124119839394
break_at_commas,q_large,0.65,200,3.700173555760281,-0.3625772771323795,-0.09139690825838713,-1.0742722385271597
break_at_commas,q_large,0.7,200,3.4266589225301947,-0.32346570419107906,-0.08774128936400252,-1.045490325951804
break_at_commas,q_large,0.75,200,3.2668464965398236,-0.2628225658647145,-0.07376113752399274,-0.8453825836764903
break_at_commas,q_large,0.8,200,3.22337894016683,-0.198793627074636,-0.053753912004535345,-0.5411942507754034
break_at_commas,q_large,0.85,200,3.253674919248454,-0.13933709789411766,-0.03151923261012178,-0.28892285773713194
break_at_commas,q_large,0.9,200,3.214656403209359,-0.043741155486791625,0.004123171496286275,-0.07018582939227794
break_at_commas,q_small,0.0,200,8.332040262983808,-0.46765766258694724,-0.05208701182851412,-0.8543952350570615
break_at_commas,q_small,0.05,200,8.659961810012796,-0.567743327256023,-0.06132582940004376,-1.0036787158153289
break_at_commas,q_small,0.1,200,9.018813562918895,-0.6326907531801785,-0.06593658888530958,-1.0586325333362878
break_at_commas,q_small,0.15,200,9.623569977027621,-0.730348607084805,-0.0711568472600252,-1.0559840930650812
break_at_commas,q_small,0.2,200,10.533997825179572,-0.8493721180981484,-0.07529321361713065,-1.027669363919451
break_at_commas,q_small,0.25,200,11.714500778846968,-0.9245850710806297,-0.0734124174441814,-0.9645056255286157
break_at_commas,q_small,0.3,200,13.006993177097893,-0.9133738884354013,-0.0648532044933327,-0.87419727624956
break_at_commas,q_small,0.35,200,14.185538840755562,-0.8676729227625861,-0.0556888350331033,-0.7902384272962942
break_at_commas,q_small,0.4,200,15.093259030138121,-0.8538760373294335,-0.050663584099652555,-0.7381887185174714
break_at_commas,q_small,0.45,200,15.720746319944292,-0.8843948842980922,-0.049814401947896256,-0.7136104415028056
break_at_commas,q_small,0.5,200,16.158172757975546,-0.9498425800674164,-0.05174771670467933,-0.7097506817406383
break_at_commas,q_small,0.55,200,16.481279635819938,-1.031881895125791,-0.05487493800889327,-0.7109880727083702
break_at_commas,q_small,0.6,200,16.7304569300441,-1.1233344246010664,-0.05858211990927782,-0.7119993238361056
break_at_commas,q_small,0.65,200,16.922051348087663,-1.2129213913012455,-0.06210356590168141,-0.701767077671818
break_at_commas,q_small,0.7,200,17.065368168057965,-1.2963670199285249,-0.06514875490552034,-0.6790086162483846
break_at_commas,q_small,0.75,200,17.15399778664486,-1.3552014185303856,-0.06661408281556044,-0.639001087232242
break_at_commas,q_small,0.8,200,17.1940468699077,-1.3737171165087425,-0.0652739625407267,-0.5774683174264966
break_at_commas,q_small,0.85,200,17.205576112581216,-1.3228151241105686,-0.05933253841446175,-0.4937787293460897
break_at_commas,q_small,0.9,200,17.26836606986298,-1.0914599099359206,-0.04176215062558806,-0.35392361185483834
ideas_down,q0.5_range,0.0,190,4.863466847009589,0.49958329060450973,0.12545761238631914,0.6021169900533686
ideas_down,q0.5_range,0.05,190,5.487271616427627,0.6176709798604064,0.13675275089293581,0.6418714479251134
ideas_down,q0.5_range,0.1,190,6.129963180481524,0.7257112940940156,0.14396633619673546,0.6481339825352703
ideas_down,q0.5_range,0.15,190,7.034439640721891,0.90870243810294,0.15819525180774333,0.6490137155114598
ideas_down,q0.5_range,0.2,190,8.30581504911811,1.2504298910634282,0.18301072221562903,0.6974982811518577
ideas_down,q0.5_range,0.25,190,9.948576825731157,1.76323528356558,0.21076718105014197,0.8087616388259486
ideas_down,q0.5_range,0.3,190,11.781745384839757,2.330836664609211,0.2283512320502711,0.9678949650254972
ideas_down,q0.5_range,0.35,190,13.471160038149696,2.7883628054301948,0.23135109519728572,1.1342650935171
ideas_down,q0.5_range,0.4,190,14.746023628962243,3.140959397703329,0.23212709077784105,1.2667634202780274
ideas_down,q0.5_range,0.45,190,15.521998229060998,3.5100327664843416,0.24339414713132762,1.355920763010355
ideas_down,q0.5_range,0.5,190,16.129397882675555,3.471331949623604,0.23123974327645988,1.313382922296934
ideas_down,q_large,0.0,190,8.32146481740794,1.087231608181878,0.14331044867768458,0.9594953129171114
ideas_down,q_large,0.05,190,8.008112980411296,1.0587439215275602,0.1455933433351245,0.9550750149447224
ideas_down,q_large,0.1,190,7.723734416031692,0.9745336806484576,0.14021227612490803,0.8993839110034569
ideas_down,q_large,0.15,190,7.416236210465366,0.9009457425653179,0.13625877564038155,0.8512656485459072
ideas_down,q_large,0.2,190,7.092200888599643,0.8361081338234587,0.13349384661459968,0.8092909733150239
ideas_down,q_large,0.25,190,6.753499998050035,0.7772727503609632,0.13158168203914608,0.772932524348431
ideas_down,q_large,0.3,190,6.401989759777057,0.7210959006930154,0.1301193140129501,0.738478679674658
ideas_down,q_large,0.35,190,6.037692943761979,0.6657352398530247,0.12887900814403142,0.703923129981053
ideas_down,q_large,0.4,190,5.659516617573448,0.6109556337068609,0.12785883302439116,0.670127800885863
ideas_down,q_large,0.45,190,5.267660888757638,0.5560172896285174,0.12688518707015342,0.6365663766631722
ideas_down,q_large,0.5,190,4.863466847009589,0.49958329060450973,0.12545761238631914,0.6021169900533686
ideas_down,q_large,0.55,190,4.452825574728429,0.4390932179647709,0.12226466063690736,0.5649988654459491
ideas_down,q_large,0.6,190,4.052292649940373,0.3701325099255251,0.1147461081170363,0.5197748083668098
ideas_down,q_large,0.65,190,3.6949700665774237,0.29104728689392273,0.10009915885886916,0.4633895305335839
ideas_down,q_large,0.7,190,3.42143610480612,0.21758836225562872,0.0816330729004648,0.40427271911647195
ideas_down,q_large,0.75,190,3.2616904918194467,0.1759409543956752,0.0692833929336933,0.3601531852447173
ideas_down,q_large,0.8,190,3.2184401052647624,0.1760336246478279,0.06926297636881379,0.334708133311502
ideas_down,q_large,0.85,190,3.2490267025796316,0.2003068744550458,0.0784958645510592,0.3137509831512543
ideas_down,q_large,0.9,190,3.2092328433194863,0.1881685417377397,0.08441609991856142,0.24175021840449143
ideas_down,q_small,0.0,190,8.32146481740794,1.087231608181878,0.14331044867768458,0.9594953129171114
ideas_down,q_small,0.05,190,8.648720759494056,1.1950352023401496,0.15226622916138138,0.9700496472310544
ideas_down,q_small,0.1,190,9.00793907771121,1.2900390613158574,0.15880158886803913,0.9540886657132667
ideas_down,q_small,0.15,190,9.611878740698081,1.4706139878523943,0.17121529701372804,0.9307722947850263
ideas_down,q_small,0.2,190,10.52137992668383,1.8035421437841395,0.19229849913264463,0.9532125959324556
ideas_down,q_small,0.25,190,11.70164935348546,2.2687606617219536,0.2163451734377102,1.038448029012707
ideas_down,q_small,0.3,190,12.994226064058259,2.737112501577156,0.2327327739649063,1.1606289220072745
ideas_down,q_small,0.35,190,14.171158992326525,3.0569860635527375,0.23556320333521266,1.2613973904890394
ideas_down,q_small,0.4,190,15.073804931422096,3.2269865403372227,0.23147732145983782,1.3055420176125145
ideas_down,q_small,0.45,190,15.696487106000204,3.34915373192256,0.22948285971833976,1.3130772325620381
ideas_down,q_small,0.5,190,16.129397882675555,3.471331949623604,0.23123974327645988,1.313382922296934
ideas_down,q_small,0.55,190,16.44843752894879,3.5997663059469973,0.2356800347155673,1.3094929670817859
ideas_down,q_small,0.6,190,16.694548479421037,3.730307709240364,0.24166990470875332,1.29755425768073
ideas_down,q_small,0.65,190,16.8846132363116,3.85694869230933,0.24855442409092737,1.2725118200223093
ideas_down,q_small,0.7,190,17.02850993066139,3.97449691222655,0.2559287485690117,1.2329673279633029
ideas_down,q_small,0.75,190,17.11913598139174,4.079991793438907,0.2639947188286024,1.1779931077812853
ideas_down,q_small,0.8,190,17.160829903894548,4.135249066709914,0.271062245362669,1.0940444496302495
ideas_down,q_small,0.85,190,17.176789147859004,4.050398749413204,0.2711961385276908,0.9751448532271623
ideas_down,q_small,0.9,190,17.259658177978316,3.595062026316093,0.25023209600665464,0.7812608606414185
ideas_down_v2,q0.5_range,0.0,191,4.860661101480485,-1.8320839145788836,-0.3615034945373515,-1.7006466311096393
ideas_down_v2,q0.5_range,0.05,191,5.484414383259366,-2.2250198932746836,-0.3908047199025436,-1.7515964938024178
ideas_down_v2,q0.5_range,0.1,191,6.126283268433688,-2.6192990076874683,-0.413222029362845,-1.7767084659638521
ideas_down_v2,q0.5_range,0.15,191,7.029173976533888,-3.1640614807375256,-0.4351385273866554,-1.759571868963309
ideas_down_v2,q0.5_range,0.2,191,8.298483095664924,-3.9293109378660676,-0.45755154866410547,-1.7327616750334578
ideas_down_v2,q0.5_range,0.25,191,9.939420070912485,-4.893333531991615,-0.476444357806857,-1.7383773472460045
ideas_down_v2,q0.5_range,0.3,191,11.77269814127008,-5.875505129321564,-0.4848708108976578,-1.784166514708092
ideas_down_v2,q0.5_range,0.35,191,13.466816860752356,-6.561928279001544,-0.4754426678023943,-1.8159787576499131
ideas_down_v2,q0.5_range,0.4,191,14.750864989444896,-6.722893667962178,-0.44493757276421475,-1.7585877639642815
ideas_down_v2,q0.5_range,0.45,191,15.536334969521118,-6.336712759714135,-0.3959080211959804,-1.6025945945128732
ideas_down_v2,q0.5_range,0.5,191,16.149253307337904,-5.760184273424668,-0.34405280107479497,-1.4731130475603482
ideas_down_v2,q_large,0.0,191,8.3213606346532,-2.809737912396328,-0.32794461551494025,-1.7173619040412649
ideas_down_v2,q_large,0.05,191,8.007674988399565,-2.7682931027034385,-0.33568411820967403,-1.7152375070832528
ideas_down_v2,q_large,0.1,191,7.722665124928419,-2.7395910307635423,-0.34474154201234064,-1.7388810625059183
ideas_down_v2,q_large,0.15,191,7.41466402839246,-2.6883970829877315,-0.3524581564799884,-1.7511864969247748
ideas_down_v2,q_large,0.2,191,7.090282936802459,-2.6216938684098596,-0.35938135098496515,-1.7556033526889927
ideas_down_v2,q_large,0.25,191,6.751339437502469,-2.5408736164454595,-0.36563575670565196,-1.7566887288360744
ideas_down_v2,q_large,0.3,191,6.399601202718279,-2.4467837092864815,-0.37117928565734987,-1.756932124801907
ideas_down_v2,q_large,0.35,191,6.035099821098166,-2.3360468975440978,-0.3753003662681662,-1.7549502952945648
ideas_down_v2,q_large,0.4,191,5.656777473244847,-2.2019219615454673,-0.3766208453296384,-1.7490483052014933
ideas_down_v2,q_large,0.45,191,5.264837150318082,-2.0371771374077494,-0.3731231346420456,-1.7349739577017518
ideas_down_v2,q_large,0.5,191,4.860661101480485,-1.8320839145788836,-0.3615034945373515,-1.7006466311096393
ideas_down_v2,q_large,0.55,191,4.4501807706080925,-1.579169938155232,-0.3374850680806617,-1.625580963752071
ideas_down_v2,q_large,0.6,191,4.050088883483512,-1.2817720741364698,-0.297202178743842,-1.4856296944665273
ideas_down_v2,q_large,0.65,191,3.693725913151486,-0.9612361792893164,-0.23983824925627023,-1.2599231172725895
ideas_down_v2,q_large,0.7,191,3.421470510261558,-0.648727807281894,-0.16891263876223506,-0.9294056772463444
ideas_down_v2,q_large,0.75,191,3.2628894699707325,-0.3703198213477082,-0.09155515322175806,-0.5339333671301646
ideas_down_v2,q_large,0.8,191,3.220435748040126,-0.13552047316626126,-0.016386598953409638,-0.18107632508202653
ideas_down_v2,q_large,0.85,191,3.2509618129178275,0.052618281758943834,0.04806710102207838,0.06413533694375252
ideas_down_v2,q_large,0.9,191,3.209531474705755,0.19808777226060276,0.1005000717728118,0.23447604033092126
ideas_down_v2,q_small,0.0,191,8.3213606346532,-2.809737912396328,-0.32794461551494025,-1.7173619040412649
ideas_down_v2,q_small,0.05,191,8.64898372215965,-3.047532196925023,-0.34189955688522083,-1.7383659941439842
ideas_down_v2,q_small,0.1,191,9.007456824490854,-3.319936669085295,-0.357581836568437,-1.75478362815776
ideas_down_v2,q_small,0.15,191,9.609987946280258,-3.743299876301617,-0.37738701860987917,-1.7456477352329745
ideas_down_v2,q_small,0.2,191,10.517962546639705,-4.346852081247471,-0.3998366836857173,-1.7281243838537883
ideas_down_v2,q_small,0.25,191,11.697399100885244,-5.0767399360654615,-0.4199235144779064,-1.727526219463798
ideas_down_v2,q_small,0.3,191,12.991159675168449,-5.778480891560034,-0.4312261862050901,-1.7459848376760008
ideas_down_v2,q_small,0.35,191,14.172867736799276,-6.244566680355554,-0.4283018355169693,-1.7484034585095565
ideas_down_v2,q_small,0.4,191,15.082787530567977,-6.351665296402115,-0.40964448784826135,-1.694434979008711
ideas_down_v2,q_small,0.45,191,15.711651437018986,-6.142150592062581,-0.379273064463715,-1.59058146627868
ideas_down_v2,q_small,0.5,191,16.149253307337904,-5.760184273424668,-0.34405280107479497,-1.4731130475603482
ideas_down_v2,q_small,0.55,191,16.472044920494547,-5.320645323585579,-0.3088278733283376,-1.3610496984502047
ideas_down_v2,q_small,0.6,191,16.721149090445554,-4.876784696250903,-0.27549188283375,-1.2560086683602107
ideas_down_v2,q_small,0.65,191,16.913805578640147,-4.440796470594829,-0.2440011175025237,-1.150226124374193
ideas_down_v2,q_small,0.7,191,17.059854296994782,-4.019008869240241,-0.21427449572730603,-1.0394020231421486
ideas_down_v2,q_small,0.75,191,17.15300150541847,-3.591794716850988,-0.18488272787287954,-0.9165662335349233
ideas_down_v2,q_small,0.8,191,17.19823308796748,-3.14446348451146,-0.15423992962322122,-0.778942222578682
ideas_down_v2,q_small,0.85,191,17.216312366703583,-2.6861287119024766,-0.12277701295285298,-0.6371677536501459
ideas_down_v2,q_small,0.9,191,17.295239509379627,-2.2652080957128935,-0.09285874808239487,-0.5071502498041673
ideas_up,q0.5_range,0.0,189,4.850104596767055,0.9573923174788542,0.21009258185503407,1.3119302663742944
ideas_up,q0.5_range,0.05,189,5.4711353039637665,1.164184205749747,0.22594242570982187,1.3658242926211828
ideas_up,q0.5_range,0.1,189,6.111183075192277,1.4427083031926133,0.25018933041525254,1.3919637930520241
ideas_up,q0.5_range,0.15,189,7.010364755774065,1.9435301673285605,0.2933418104284115,1.3808179671180094
ideas_up,q0.5_range,0.2,189,8.274130057535947,2.671337308509778,0.3414320036970712,1.4065218891660956
ideas_up,q0.5_range,0.25,189,9.908332152703014,3.3180495714702674,0.35558939064226663,1.4845109764155338
ideas_up,q0.5_range,0.3,189,11.738714813737724,3.477124734297797,0.315827300483373,1.5153327574549051
ideas_up,q0.5_range,0.35,189,13.435158556277047,3.207860907642827,0.25353619672330174,1.4367522310641423
ideas_up,q0.5_range,0.4,189,14.722134782853919,2.8562216407539682,0.20398236667097433,1.3085498466770713
ideas_up,q0.5_range,0.45,189,15.50927681784477,2.6101029790813954,0.1761445565374377,1.1773979138625208
ideas_up,q0.5_range,0.5,189,16.125874370290227,2.220746978337012,0.14532468388417727,0.9977921839273677
ideas_up,q_large,0.0,189,8.306802881567672,1.3821471995220844,0.17233920733566402,1.3741309416122889
ideas_up,q_large,0.05,189,7.993186590806887,1.3870469359266173,0.17969764699854626,1.3931452378278757
ideas_up,q_large,0.1,189,7.70862100787953,1.3509935897662577,0.18189067734003522,1.39205759227395
ideas_up,q_large,0.15,189,7.401029223657533,1.3128371125520826,0.18465078252872183,1.3870335413203387
ideas_up,q_large,0.2,189,7.076908336228078,1.2725364674172386,0.18773815488159304,1.3811774785053788
ideas_up,q_large,0.25,189,6.738299653290433,1.2302136000441743,0.19115877778949714,1.376243432899588
ideas_up,q_large,0.3,189,6.38695843292648,1.184969802018305,0.19481646992460055,1.3701601539098343
ideas_up,q_large,0.35,189,6.022881342726571,1.1358864327915563,0.19865303956201746,1.362110881193397
ideas_up,q_large,0.4,189,5.645034878860902,1.082878732669742,0.20274366883633663,1.351183814154839
ideas_up,q_large,0.45,189,5.253636051954423,1.024225496184009,0.20680145721778626,1.334848886738627
ideas_up,q_large,0.5,189,4.850104596767055,0.9573923174788542,0.21009258185503407,1.3119302663742944
ideas_up,q_large,0.55,189,4.440406618524379,0.8762281931748854,0.2104245980750028,1.2782147226655804
ideas_up,q_large,0.6,189,4.04133957764467,0.7689848836386632,0.2028036442159437,1.220407425570911
ideas_up,q_large,0.65,189,3.686417954682998,0.6192709440869562,0.17872990098712044,1.1086120203662617
ideas_up,q_large,0.7,189,3.4159782098866027,0.42409951152661696,0.13312042241809866,0.8926174799401781
ideas_up,q_large,0.75,189,3.259109594889327,0.22107175548528954,0.07651304017512324,0.5413897601341792
ideas_up,q_large,0.8,189,3.2177712555233837,0.0717728551206054,0.03210015315580736,0.17419792706843848
ideas_up,q_large,0.85,189,3.2491258015159517,0.006358246481288537,0.013764810300877976,0.013111481774074066
ideas_up,q_large,0.9,189,3.208457039108319,0.01723054392472829,0.021827917049920337,0.0291167986390495
ideas_up,q_small,0.0,189,8.306802881567672,1.3821471995220844,0.17233920733566402,1.3741309416122889
ideas_up,q_small,0.05,189,8.632088619038718,1.536717733536564,0.18454640583675294,1.4018371236710143
ideas_up,q_small,0.1,189,8.989174011149954,1.7581690627810582,0.20298309060798947,1.4210648703770423
ideas_up,q_small,0.15,189,9.58859925074661,2.159664719027229,0.23398049052857603,1.4167751072194907
ideas_up,q_small,0.2,189,10.492189985445492,2.697950413689926,0.2675055599245233,1.4320439693634868
ideas_up,q_small,0.25,189,11.666794878567678,3.1137154232948565,0.2790509786495227,1.4680745087761684
ideas_up,q_small,0.3,189,12.958970488507918,3.147421763777585,0.2555649844798045,1.4504402133223018
ideas_up,q_small,0.35,189,14.142632239111586,2.885132502089294,0.21505773916792226,1.3492089834114551
ideas_up,q_small,0.4,189,15.055466948113876,2.580326694582869,0.18035885166095317,1.217191936492102
ideas_up,q_small,0.45,189,15.686622112013865,2.3606286594393664,0.15828340778248745,1.0974296914086676
ideas_up,q_small,0.5,189,16.125874370290227,2.220746978337012,0.14532468388417727,0.9977921839273677
ideas_up,q_small,0.55,189,16.449932230361288,2.1252961344967645,0.1372440794454986,0.9169179236191319
ideas_up,q_small,0.6,189,16.700001886009588,2.047818086001351,0.13143152645102998,0.8465790777344402
ideas_up,q_small,0.65,189,16.89347652711376,1.976324911991967,0.12677664662492755,0.7819662398877546
ideas_up,q_small,0.7,189,17.040185226193866,1.8959418074731547,0.1223433645113719,0.7153617010842558
ideas_up,q_small,0.75,189,17.13407367759749,1.801358880227914,0.11795283035885779,0.6467233442494118
ideas_up,q_small,0.8,189,17.179522559340096,1.6711048721309103,0.11270538221955678,0.5667272063910795
ideas_up,q_small,0.85,189,17.196660691664604,1.4773570512277587,0.10472893717797961,0.4673005438695814
ideas_up,q_small,0.9,189,17.280373418849333,1.1376548733792762,0.08966359841496345,0.32218086701629944
ideas_up_v2,q0.5_range,0.0,191,4.860661101480485,0.6329825311248202,0.13776871762777693,0.8402496325493786
ideas_up_v2,q0.5_range,0.05,191,5.484414383259366,0.7821624122477491,0.15039214207741894,0.8729704409480518
ideas_up_v2,q0.5_range,0.1,191,6.126283268433688,1.018246204104863,0.1742080252571371,0.9000369898635328
ideas_up_v2,q0.5_range,0.15,191,7.029173976533888,1.4044712098906267,0.20909061374029106,0.9189644255729776
ideas_up_v2,q0.5_range,0.2,191,8.298483095664924,1.8881543353187595,0.23888309280194506,0.9466333850691077
ideas_up_v2,q0.5_range,0.25,191,9.939420070912485,2.249037969601509,0.23920087012297347,0.9993372073583721
ideas_up_v2,q0.5_range,0.3,191,11.77269814127008,2.2544283492246944,0.2036030893291881,1.0266623357742999
ideas_up_v2,q0.5_range,0.35,191,13.466816860752356,1.93954961641424,0.15321602002101498,0.9730643978683132
ideas_up_v2,q0.5_range,0.4,191,14.750864989444896,1.5285865454373815,0.11052164768254046,0.8363312666460674
ideas_up_v2,q0.5_range,0.45,191,15.536334969521118,1.1998995475226961,0.08357758411987924,0.6906584034128753
ideas_up_v2,q0.5_range,0.5,191,16.149253307337904,0.9295095210003437,0.06409418428834139,0.547432715592135
ideas_up_v2,q_large,0.0,191,8.3213606346532,0.8167147275244843,0.10185875592495733,0.8773790711819429
ideas_up_v2,q_large,0.05,191,8.007674988399565,0.8237784882495361,0.10665439926739839,0.8763184654210276
ideas_up_v2,q_large,0.1,191,7.722665124928419,0.8223894061528062,0.11037107734215404,0.8752750981807862
ideas_up_v2,q_large,0.15,191,7.41466402839246,0.8181679245477443,0.1144906080278418,0.8750667611108792
ideas_up_v2,q_large,0.2,191,7.090282936802459,0.8074002470490056,0.11840884340346142,0.8738410865805601
ideas_up_v2,q_large,0.25,191,6.751339437502469,0.7920305555157603,0.12228180034064658,0.8737143851720676
ideas_up_v2,q_large,0.3,191,6.399601202718279,0.771183770883186,0.12591542585861032,0.8724280941777981
ideas_up_v2,q_large,0.35,191,6.035099821098166,0.7443846247246478,0.12922604336074958,0.8686090235056069
ideas_up_v2,q_large,0.4,191,5.656777473244847,0.7128942979907937,0.1324359107201524,0.8624985217468398
ideas_up_v2,q_large,0.45,191,5.264837150318082,0.6763094616281885,0.1354426062732711,0.8537646127393415
ideas_up_v2,q_large,0.5,191,4.860661101480485,0.6329825311248202,0.13776871762777693,0.8402496325493786
ideas_up_v2,q_large,0.55,191,4.4501807706080925,0.5791786947660358,0.13804997263424323,0.818027830774903
ideas_up_v2,q_large,0.6,191,4.050088883483512,0.5053504510576021,0.13249112371324712,0.77515384187857
ideas_up_v2,q_large,0.65,191,3.693725913151486,0.39776981464770417,0.11441048850477561,0.6885939432212919
ideas_up_v2,q_large,0.7,191,3.421470510261558,0.2548499375300761,0.08013699371370388,0.5258331887786838
ideas_up_v2,q_large,0.75,191,3.2628894699707325,0.09743959014683509,0.03568526375626899,0.24321041904738613
ideas_up_v2,q_large,0.8,191,3.220435748040126,-0.04119971431264259,-0.005463881209644846,-0.1079907838558151
ideas_up_v2,q_large,0.85,191,3.2509618129178275,-0.13558839682685034,-0.03185066201043794,-0.3102369827239669
ideas_up_v2,q_large,0.9,191,3.209531474705755,-0.1506092971115188,-0.03195628760775213,-0.2858091282414782
ideas_up_v2,q_small,0.0,191,8.3213606346532,0.8167147275244843,0.10185875592495733,0.8773790711819429
ideas_up_v2,q_small,0.05,191,8.64898372215965,0.9184824474133226,0.11021350408400395,0.8961634356594971
ideas_up_v2,q_small,0.1,191,9.007456824490854,1.0986009889820125,0.12635235135861245,0.9175879233881991
ideas_up_v2,q_small,0.15,191,9.609987946280258,1.3844192673097373,0.1494614500768574,0.9411417640439662
ideas_up_v2,q_small,0.2,191,10.517962546639705,1.6992754073354763,0.1685906118853034,0.9714434701996645
ideas_up_v2,q_small,0.25,191,11.697399100885244,1.886108919121582,0.1700076413010745,1.0095433995652658
ideas_up_v2,q_small,0.3,191,12.991159675168449,1.826031366059825,0.1499092152474465,1.0003483394375525
ideas_up_v2,q_small,0.35,191,14.172867736799276,1.574699364747415,0.11952529113015962,0.907530652909832
ideas_up_v2,q_small,0.4,191,15.082787530567977,1.2930398809000563,0.09297493714068217,0.7680360180148225
ideas_up_v2,q_small,0.45,191,15.711651437018986,1.0812736882541438,0.07543406219398927,0.6447486550749437
ideas_up_v2,q_small,0.5,191,16.149253307337904,0.9295095210003437,0.06409418428834139,0.547432715592135
ideas_up_v2,q_small,0.55,191,16.472044920494547,0.8039732737142636,0.055690158387021675,0.4622800183717578
ideas_up_v2,q_small,0.6,191,16.721149090445554,0.6880377986002775,0.048706390324102296,0.38142158834373324
ideas_up_v2,q_small,0.65,191,16.913805578640147,0.573879376153055,0.042439544464772626,0.30288038084695956
ideas_up_v2,q_small,0.7,191,17.059854296994782,0.4583695468546866,0.0365700343454874,0.22819309036858046
ideas_up_v2,q_small,0.75,191,17.15300150541847,0.35868008280893815,0.03213269255369589,0.16629632978985193
ideas_up_v2,q_small,0.8,191,17.19823308796748,0.2693586384327593,0.029052683175084977,0.11481888541704165
ideas_up_v2,q_small,0.85,191,17.216312366703583,0.18597904776956153,0.026981897920308216,0.07158340940216228
ideas_up_v2,q_small,0.9,191,17.295239509379627,0.13784476978163485,0.028573064648358012,0.045697552542847145
lengthen_sentences,q0.5_range,0.0,200,4.868834044029737,0.11530889431801114,0.026544684828959986,0.3280956293753582
lengthen_sentences,q0.5_range,0.05,200,5.493228688367082,0.11645684720553696,0.02395207000507932,0.3158189828506523
lengthen_sentences,q0.5_range,0.1,200,6.135708380205817,0.065590237017802,0.013983465252088441,0.15947775554622048
lengthen_sentences,q0.5_range,0.15,200,7.041429811325168,-0.001596406245211215,0.003884771959409652,-0.0032450486340672617
lengthen_sentences,q0.5_range,0.2,200,8.314702473197487,-0.06100571496457485,-0.002907607827601751,-0.10118295146276109
lengthen_sentences,q0.5_range,0.25,200,9.958781754716112,-0.07371817015690867,-0.0034313358861605085,-0.10242451387020621
lengthen_sentences,q0.5_range,0.3,200,11.792150225515147,-0.018277802552125716,0.001703703911301807,-0.022380727463010792
lengthen_sentences,q0.5_range,0.35,200,13.483253706856171,0.10015431640550991,0.010161171448377842,0.11121589440664482
lengthen_sentences,q0.5_range,0.4,200,14.76606034226928,0.2663934981889874,0.020582431254523095,0.27064268458792873
lengthen_sentences,q0.5_range,0.45,200,15.551153906749601,0.441504180559191,0.0312843154861145,0.40531665638531067
lengthen_sentences,q0.5_range,0.5,200,16.158172757975546,0.400886540123071,0.028768063224334273,0.3257617924316402
lengthen_sentences,q_large,0.0,200,8.332040262983808,0.20701590840642442,0.02674252570211796,0.4186008996132349
lengthen_sentences,q_large,0.05,200,8.019165989233327,0.215628455668187,0.028617506875081224,0.4575705809241233
lengthen_sentences,q_large,0.1,200,7.733865298584845,0.19658579725459496,0.02715940180357782,0.4313974190438297
lengthen_sentences,q_large,0.15,200,7.425417331867411,0.18019725294272193,0.026116485244586332,0.4076097719034763
lengthen_sentences,q_large,0.2,200,7.10069037973331,0.16655456047487857,0.02543860506700387,0.3874125377804563
lengthen_sentences,q_large,0.25,200,6.761326990986117,0.15561914772653718,0.025119933050692468,0.3720670954372983
lengthen_sentences,q_large,0.3,200,6.409073668093284,0.14666273630885643,0.025109433914931353,0.3605374190263663
lengthen_sentences,q_large,0.35,200,6.044100242885731,0.13845690481385042,0.025253179180295512,0.3509908198781906
lengthen_sentences,q_large,0.4,200,5.665426877979743,0.13044074030205377,0.025508273684508715,0.3417188312959743
lengthen_sentences,q_large,0.45,200,5.273233700298906,0.12226848775345006,0.02583759534691905,0.33273711512207194
lengthen_sentences,q_large,0.5,200,4.868834044029737,0.11530889431801114,0.026544684828959986,0.3280956293753582
lengthen_sentences,q_large,0.55,200,4.458030125824559,0.11144058844434232,0.028151049286993583,0.3340018300746489
lengthen_sentences,q_large,0.6,200,4.057356728522483,0.11426985073127771,0.03163006053806289,0.36367335493129066
lengthen_sentences,q_large,0.65,200,3.700173555760281,0.12751846847722517,0.03805951437564255,0.4319588542816043
lengthen_sentences,q_large,0.7,200,3.4266589225301947,0.15491781102385563,0.04859989450830129,0.5408423591571483
lengthen_sentences,q_large,0.75,200,3.2668464965398236,0.2029334149140848,0.06508505150791781,0.6810578567226052
lengthen_sentences,q_large,0.8,200,3.22337894016683,0.2690149106455527,0.08630077511620375,0.786873489011643
lengthen_sentences,q_large,0.85,200,3.253674919248454,0.331168606142357,0.1056830520924599,0.7841828137189958
lengthen_sentences,q_large,0.9,200,3.214656403209359,0.34235557774207626,0.11353762519021333,0.6385537752479753
lengthen_sentences,q_small,0.0,200,8.332040262983808,0.20701590840642442,0.02674252570211796,0.4186008996132349
lengthen_sentences,q_small,0.05,200,8.659961810012796,0.2061045524374816,0.02583040872371597,0.40771385597946846
lengthen_sentences,q_small,0.1,200,9.018813562918895,0.1483326093216947,0.01899883398526002,0.27474737734630106
lengthen_sentences,q_small,0.15,200,9.623569977027621,0.08151048892238096,0.011707000151564638,0.13412214527252536
lengthen_sentences,q_small,0.2,200,10.533997825179572,0.033358441590137025,0.006784777672509361,0.04771713243301471
lengthen_sentences,q_small,0.25,200,11.714500778846968,0.034531497187716746,0.006494850188903405,0.043225815368383415
lengthen_sentences,q_small,0.3,200,13.006993177097893,0.0875550351414562,0.010032671683356167,0.098367654895381
lengthen_sentences,q_small,0.35,200,14.185538840755562,0.17098946598848577,0.015253768359488584,0.17444761206045106
lengthen_sentences,q_small,0.4,200,15.093259030138121,0.26600848802473515,0.020915622547338204,0.24958660855423515
lengthen_sentences,q_small,0.45,200,15.720746319944292,0.3461881880549927,0.025569275437224405,0.30217930795593806
lengthen_sentences,q_small,0.5,200,16.158172757975546,0.400886540123071,0.028768063224334273,0.3257617924316402
lengthen_sentences,q_small,0.55,200,16.481279635819938,0.4365419733751661,0.03099158139948597,0.33122775948119976
lengthen_sentences,q_small,0.6,200,16.7304569300441,0.4601081917635145,0.03273640430325657,0.3248550871420791
lengthen_sentences,q_small,0.65,200,16.922051348087663,0.4825554929140361,0.03468670615732705,0.3151806612907842
lengthen_sentences,q_small,0.7,200,17.065368168057965,0.5034348432959747,0.03676884602662222,0.30292860602883387
lengthen_sentences,q_small,0.75,200,17.15399778664486,0.5176537158337468,0.038771468636336875,0.2847822143112345
lengthen_sentences,q_small,0.8,200,17.1940468699077,0.4961063437418416,0.039291306616499266,0.24821134464702127
lengthen_sentences,q_small,0.85,200,17.205576112581216,0.415324240144071,0.03690828335347228,0.18653455893299323
lengthen_sentences,q_small,0.9,200,17.26836606986298,0.19819583887028988,0.027616001113999512,0.07643321728298699
lexical_diversity_down,q0.5_range,0.0,191,4.860661101480485,-0.6571853557708227,-0.12892211860745853,-0.8708009375350051
lexical_diversity_down,q0.5_range,0.05,191,5.484414383259366,-0.863130984871478,-0.1523824010020134,-1.0227693666006952
lexical_diversity_down,q0.5_range,0.1,191,6.126283268433688,-1.1182113305645611,-0.17809538983482714,-1.1725223226751635
lexical_diversity_down,q0.5_range,0.15,191,7.029173976533888,-1.5099119308860156,-0.2096915732614188,-1.2856839145891044
lexical_diversity_down,q0.5_range,0.2,191,8.298483095664924,-2.0723672831433873,-0.24402184398392499,-1.3604937784596893
lexical_diversity_down,q0.5_range,0.25,191,9.939420070912485,-2.736833442920553,-0.27016508011166906,-1.3851781672648003
lexical_diversity_down,q0.5_range,0.3,191,11.77269814127008,-3.2853473059154834,-0.2757185698011634,-1.3440727138885313
lexical_diversity_down,q0.5_range,0.35,191,13.466816860752356,-3.4517289806641127,-0.25459464985320657,-1.2167893452823284
lexical_diversity_down,q0.5_range,0.4,191,14.750864989444896,-3.1469247236894704,-0.2113305092970294,-1.0235233034743445
lexical_diversity_down,q0.5_range,0.45,191,15.536334969521118,-2.502059969914292,-0.15706365254488044,-0.8123177319077332
lexical_diversity_down,q0.5_range,0.5,191,16.149253307337904,-1.8818168016784844,-0.11058247041866626,-0.6379759925276176
lexical_diversity_down,q_large,0.0,191,8.3213606346532,-0.8746564011779457,-0.10247264144435392,-0.8775897943697469
lexical_diversity_down,q_large,0.05,191,8.007674988399565,-0.8879835779221532,-0.10832255802787635,-0.892059854165649
lexical_diversity_down,q_large,0.1,191,7.722665124928419,-0.9093306569660478,-0.11530300406157049,-0.9265753545331223
lexical_diversity_down,q_large,0.15,191,7.41466402839246,-0.9147621388282949,-0.12096471423359213,-0.9579900372223595
lexical_diversity_down,q_large,0.2,191,7.090282936802459,-0.9110419630501819,-0.1260874931433536,-0.9851591238259403
lexical_diversity_down,q_large,0.25,191,6.751339437502469,-0.9013050290989874,-0.1310939642319405,-1.0064783498675005
lexical_diversity_down,q_large,0.3,191,6.399601202718279,-0.8846975712015884,-0.1357375233352409,-1.0251856610202879
lexical_diversity_down,q_large,0.35,191,6.035099821098166,-0.8587076729395725,-0.1394780089638497,-1.0363270386369952
lexical_diversity_down,q_large,0.4,191,5.656777473244847,-0.8186293202794113,-0.14130674852360522,-1.0258553899847929
lexical_diversity_down,q_large,0.45,191,5.264837150318082,-0.7570182148825282,-0.1393110110947076,-0.9785062307411316
lexical_diversity_down,q_large,0.5,191,4.860661101480485,-0.6571853557708227,-0.12892211860745853,-0.8708009375350051
lexical_diversity_down,q_large,0.55,191,4.4501807706080925,-0.4992952023726524,-0.10322868238912346,-0.6657286562178995
lexical_diversity_down,q_large,0.6,191,4.050088883483512,-0.2711859271345839,-0.054898910618832,-0.34951820423550417
lexical_diversity_down,q_large,0.65,191,3.693725913151486,0.015385802794060835,0.01823392537675687,0.018372637497083722
lexical_diversity_down,q_large,0.7,191,3.421470510261558,0.32275520468322466,0.1083804828249161,0.35273213101942824
lexical_diversity_down,q_large,0.75,191,3.2628894699707325,0.5882446820889865,0.19356373546438893,0.6057118499783518
lexical_diversity_down,q_large,0.8,191,3.220435748040126,0.7478545737262042,0.245933738570482,0.7606986609333258
lexical_diversity_down,q_large,0.85,191,3.2509618129178275,0.7562545229023114,0.2500438191833117,0.7949374861551727
lexical_diversity_down,q_large,0.9,191,3.209531474705755,0.6006264640371748,0.21020204918863775,0.6857224993912757
lexical_diversity_down,q_small,0.0,191,8.3213606346532,-0.8746564011779457,-0.10247264144435392,-0.8775897943697469
lexical_diversity_down,q_small,0.05,191,8.64898372215965,-0.9949761607307582,-0.11210706387365182,-0.9254373702663864
lexical_diversity_down,q_small,0.1,191,9.007456824490854,-1.2014274048274465,-0.12998003513005957,-1.0219386672167814
lexical_diversity_down,q_small,0.15,191,9.609987946280258,-1.548729927863181,-0.15676407557648317,-1.1354708196303975
lexical_diversity_down,q_small,0.2,191,10.517962546639705,-2.033769448295951,-0.18811144856598602,-1.22719851348067
lexical_diversity_down,q_small,0.25,191,11.697399100885244,-2.5659212797628888,-0.21398803679545217,-1.2584980278329432
lexical_diversity_down,q_small,0.3,191,12.991159675168449,-2.9638735465232897,-0.22354084130190194,-1.2146492623101937
lexical_diversity_down,q_small,0.35,191,14.172867736799276,-3.053712484275329,-0.21162804365107996,-1.097220234846403
lexical_diversity_down,q_small,0.4,191,15.082787530567977,-2.8067730564737268,-0.18216835588525207,-0.9363740656773595
lexical_diversity_down,q_small,0.45,191,15.711651437018986,-2.3577166687617055,-0.14534199208939158,-0.7777559993611244
lexical_diversity_down,q_small,0.5,191,16.149253307337904,-1.8818168016784844,-0.11058247041866626,-0.6379759925276176
lexical_diversity_down,q_small,0.55,191,16.472044920494547,-1.4778999884556872,-0.08238564622478714,-0.5185015702725584
lexical_diversity_down,q_small,0.6,191,16.721149090445554,-1.171534463094547,-0.06131647376486721,-0.41924865656001314
lexical_diversity_down,q_small,0.65,191,16.913805578640147,-0.9318465263187714,-0.04494136220511685,-0.3349608389690951
lexical_diversity_down,q_small,0.7,191,17.059854296994782,-0.7245079784985016,-0.030934994034732634,-0.2584319442531594
lexical_diversity_down,q_small,0.75,191,17.15300150541847,-0.5166569521214985,-0.017121563265477816,-0.1802016454980585
lexical_diversity_down,q_small,0.8,191,17.19823308796748,-0.310239534110566,-0.0029069108532592323,-0.10306038371489552
lexical_diversity_down,q_small,0.85,191,17.216312366703583,-0.101951907864126,0.012331657522350964,-0.03129904359227469
lexical_diversity_down,q_small,0.9,191,17.295239509379627,0.06031192847304447,0.027011049676266757,0.01629367281861041
lexical_diversity_down_s,q0.5_range,0.0,190,4.86212409406808,-0.358210547863916,-0.07074527827042545,-0.7691539771364427
lexical_diversity_down_s,q0.5_range,0.05,190,5.486181769506832,-0.42450889519406737,-0.07486731206632598,-0.8041407286900238
lexical_diversity_down_s,q0.5_range,0.1,190,6.128516096279444,-0.5181470052510625,-0.08207762145738758,-0.853605419370634
lexical_diversity_down_s,q0.5_range,0.15,190,7.032344437169056,-0.6710506915611869,-0.09241391197211377,-0.8748144412833253
lexical_diversity_down_s,q0.5_range,0.2,190,8.302633252679545,-0.8788936067320418,-0.1024844379019565,-0.8727113942033438
lexical_diversity_down_s,q0.5_range,0.25,190,9.943885286075266,-1.0918199577352439,-0.10695700426384465,-0.8556297767295161
lexical_diversity_down_s,q0.5_range,0.3,190,11.775885834291447,-1.2024066464531442,-0.1002705595571999,-0.8006601631658065
lexical_diversity_down_s,q0.5_range,0.35,190,13.466838294745665,-1.1206826707425324,-0.08184972604760614,-0.692091459413611
lexical_diversity_down_s,q0.5_range,0.4,190,14.747488442773216,-0.882902914623263,-0.05799924086149591,-0.5442765085072334
lexical_diversity_down_s,q0.5_range,0.45,190,15.530433162231489,-0.5644296054946667,-0.03344897392915969,-0.3561160557773406
lexical_diversity_down_s,q0.5_range,0.5,190,16.143845715924368,-0.26769817831906156,-0.01356585473897153,-0.170529250136381
lexical_diversity_down_s,q_large,0.0,190,8.321974196227304,-0.41774237586963614,-0.04807169381638725,-0.6343004126863682
lexical_diversity_down_s,q_large,0.05,190,8.008224333020076,-0.4326150247470567,-0.05178018102492456,-0.6714495920074833
lexical_diversity_down_s,q_large,0.1,190,7.723518173634602,-0.4456228325968063,-0.05554937586854428,-0.7066014627434373
lexical_diversity_down_s,q_large,0.15,190,7.415719578333669,-0.4479577236275768,-0.058289263875625046,-0.7265106396533942
lexical_diversity_down_s,q_large,0.2,190,7.09146442356239,-0.4449483908862912,-0.06061471989812872,-0.7423268580940015
lexical_diversity_down_s,q_large,0.25,190,6.752593467571194,-0.4374779784356748,-0.06262166431992237,-0.7564965857697001
lexical_diversity_down_s,q_large,0.3,190,6.400880744200757,-0.42668949385145044,-0.06444559912226701,-0.7712595544143089
lexical_diversity_down_s,q_large,0.35,190,6.03641074576395,-0.41415402754762276,-0.06631492046792312,-0.7856959639315438
lexical_diversity_down_s,q_large,0.4,190,5.658119242870319,-0.3994312535477516,-0.06818225328966666,-0.7936620942187381
lexical_diversity_down_s,q_large,0.45,190,5.266230530103843,-0.3816659580812579,-0.06988569668961013,-0.7896219985607165
lexical_diversity_down_s,q_large,0.5,190,4.86212409406808,-0.358210547863916,-0.07074527827042545,-0.7691539771364427
lexical_diversity_down_s,q_large,0.55,190,4.451730668267354,-0.32369642697826095,-0.06918795465672475,-0.727458957855965
lexical_diversity_down_s,q_large,0.6,190,4.051666063134231,-0.271132747995439,-0.06265608931976957,-0.6510916738760569
lexical_diversity_down_s,q_large,0.65,190,3.6950981996519516,-0.19768347301967046,-0.04887637106691616,-0.5161430434169784
lexical_diversity_down_s,q_large,0.7,190,3.4223840972835924,-0.1093110489547765,-0.027744610546642182,-0.30527106650013075
lexical_diversity_down_s,q_large,0.75,190,3.263219237032484,-0.02429613749913102,-0.003753200716588469,-0.06815814825361947
lexical_diversity_down_s,q_large,0.8,190,3.22010329091425,0.04156691681679259,0.017101424642404668,0.10824696343422457
lexical_diversity_down_s,q_large,0.85,190,3.250144865662466,0.07375215370288453,0.029744252275443746,0.16786001293765215
lexical_diversity_down_s,q_large,0.9,190,3.208916239054835,0.057369238518278,0.031057963402273004,0.11261188234820949
lexical_diversity_down_s,q_small,0.0,190,8.321974196227304,-0.41774237586963614,-0.04807169381638725,-0.6343004126863682
lexical_diversity_down_s,q_small,0.05,190,8.649958295408167,-0.4613493651378034,-0.05123307926029823,-0.648409771950591
lexical_diversity_down_s,q_small,0.1,190,9.008895644867303,-0.5358223031808567,-0.057310212436263976,-0.6930177040972484
lexical_diversity_down_s,q_small,0.15,190,9.612182409341525,-0.6573095322139428,-0.06582775484173156,-0.7313956918864304
lexical_diversity_down_s,q_small,0.2,190,10.520684156335596,-0.8079203000652366,-0.07390538608797845,-0.7435596207193762
lexical_diversity_down_s,q_small,0.25,190,11.699773905087882,-0.9361418451428039,-0.07729813477557311,-0.7230183373898165
lexical_diversity_down_s,q_small,0.3,190,12.991897199549696,-0.9657067469910854,-0.07206246082555774,-0.656862847342626
lexical_diversity_down_s,q_small,0.35,190,14.170836269438835,-0.8520898114045257,-0.05810819511490956,-0.5445448051462046
lexical_diversity_down_s,q_small,0.4,190,15.078449634880528,-0.6458267677442507,-0.04061669469152002,-0.4078059935602199
lexical_diversity_down_s,q_small,0.45,190,15.706467266141718,-0.4328203306414346,-0.024955651206652243,-0.2751688415431529
lexical_diversity_down_s,q_small,0.5,190,16.143845715924368,-0.26769817831906156,-0.01356585473897153,-0.170529250136381
lexical_diversity_down_s,q_small,0.55,190,16.46636871781881,-0.1484349308486281,-0.00559172941014772,-0.09307484512689394
lexical_diversity_down_s,q_small,0.6,190,16.71502477527635,-0.054869194718447596,0.0005977560145653485,-0.03347038043973403
lexical_diversity_down_s,q_small,0.65,190,16.906902860324315,0.035377606533871515,0.006612513406060472,0.02088251078834238
lexical_diversity_down_s,q_small,0.7,190,17.051987458764945,0.13979985852551105,0.013573156721496048,0.07946563061552465
lexical_diversity_down_s,q_small,0.75,190,17.143788609821392,0.2773706495927475,0.022739102771177046,0.14993338870718348
lexical_diversity_down_s,q_small,0.8,190,17.188215909066614,0.4380343417447933,0.0338296714937332,0.2181212779600246
lexical_diversity_down_s,q_small,0.85,190,17.20644484038999,0.6260212045635745,0.04704643939619523,0.2774612200348923
lexical_diversity_down_s,q_small,0.9,190,17.288229853953037,0.855802912905792,0.0637149902500802,0.31528460794222396
lexical_diversity_up,q0.5_range,0.0,190,4.8575790318970835,2.599790836529988,0.5566976132958062,1.868098615521496
lexical_diversity_up,q0.5_range,0.05,190,5.481402741233418,3.2978387427072215,0.6256768829064687,1.7772417885509024
lexical_diversity_up,q0.5_range,0.1,190,6.123015989376745,4.32726098401397,0.7328476550884625,1.7263049930421162
lexical_diversity_up,q0.5_range,0.15,190,7.025658484424467,5.731606545654526,0.8453193291511271,1.8880845597322808
lexical_diversity_up,q0.5_range,0.2,190,8.294652872305624,6.813631986597832,0.8561800891982113,2.2179637322956443
lexical_diversity_up,q0.5_range,0.25,190,9.93525834350626,6.96983263020668,0.7380315308208826,2.43285739348328
lexical_diversity_up,q0.5_range,0.3,190,11.767651345369469,6.313296110677431,0.5658897594605123,2.373723621057629
lexical_diversity_up,q0.5_range,0.35,190,13.459550578138728,5.357803793340933,0.4160677120522135,2.1634974703009586
lexical_diversity_up,q0.5_range,0.4,190,14.741808279237949,4.5079758346982866,0.31529453064234736,1.9281686390871884
lexical_diversity_up,q0.5_range,0.45,190,15.528309874007569,3.9006565011671466,0.2565423620517421,1.7275062789567697
lexical_diversity_up,q0.5_range,0.5,190,16.142245081811488,3.0590639801623625,0.19423164620799202,1.4086582558008804
lexical_diversity_up,q_large,0.0,190,8.316305991423766,3.1721465528333224,0.3880394343767033,2.0191014690958617
lexical_diversity_up,q_large,0.05,190,8.002664271612067,3.230240324771488,0.4111412797079707,2.02176747215925
lexical_diversity_up,q_large,0.1,190,7.717527954393532,3.2058190612559727,0.42444364027264586,2.0045501202831266
lexical_diversity_up,q_large,0.15,190,7.409743885584234,3.171559593960592,0.4385644593378101,1.9893935671349534
lexical_diversity_up,q_large,0.2,190,7.085699151443047,3.126308314496464,0.4532458188882431,1.9753538970728635
lexical_diversity_up,q_large,0.25,190,6.747043601921495,3.0700020476865406,0.4684805778207505,1.9642311020467125
lexical_diversity_up,q_large,0.3,190,6.39556724698976,3.0038115726942287,0.4845997114219752,1.952477365469129
lexical_diversity_up,q_large,0.35,190,6.031325608753071,2.925454617613811,0.5015393522851048,1.9377274791193941
lexical_diversity_up,q_large,0.4,190,5.6532309483990835,2.833621186116693,0.5194211590990335,1.9199251292271362
lexical_diversity_up,q_large,0.45,190,5.261521255034465,2.7261396830495137,0.5380607544322189,1.8975204103836287
lexical_diversity_up,q_large,0.5,190,4.8575790318970835,2.599790836529988,0.5566976132958062,1.868098615521496
lexical_diversity_up,q_large,0.55,190,4.447320222022733,2.4456745273948575,0.5721385352729765,1.8279070104736226
lexical_diversity_up,q_large,0.6,190,4.047389846898816,2.244377866983015,0.5756642740714204,1.7651931770743172
lexical_diversity_up,q_large,0.65,190,3.691084076582651,1.962576634804566,0.5496709975364312,1.6491924767459862
lexical_diversity_up,q_large,0.7,190,3.418785813554324,1.5706563363031347,0.4738866164949789,1.448501596478686
lexical_diversity_up,q_large,0.75,190,3.260224729661498,1.069925988948437,0.3421298154095448,1.136302207108156
lexical_diversity_up,q_large,0.8,190,3.217778048449134,0.5332326748628978,0.18184382996793136,0.708801638063269
lexical_diversity_up,q_large,0.85,190,3.2480704480995835,0.11165875313911468,0.051749625739486264,0.19099947625724126
lexical_diversity_up,q_large,0.9,190,3.206054498469853,-0.05544305682706104,-0.00017817686041151344,-0.09453847769511976
lexical_diversity_up,q_small,0.0,190,8.316305991423766,3.1721465528333224,0.3880394343767033,2.0191014690958617
lexical_diversity_up,q_small,0.05,190,8.644184739394623,3.671442983472667,0.43213238384478336,1.9394642670175557
lexical_diversity_up,q_small,0.1,190,9.002560550122208,4.406164528597534,0.4974660563293027,1.899605182700886
lexical_diversity_up,q_small,0.15,190,9.60501504494042,5.340748454008012,0.5654968659787181,2.0299114334315616
lexical_diversity_up,q_small,0.2,190,10.512931985294966,5.942843948351936,0.5781113349162897,2.2489953202486914
lexical_diversity_up,q_small,0.25,190,11.692402519883249,5.855304043803847,0.5164654954836208,2.337251964633652
lexical_diversity_up,q_small,0.3,190,12.986006377762585,5.237446780098077,0.4178452909656742,2.221143681180623
lexical_diversity_up,q_small,0.35,190,14.166948448294274,4.472774816376004,0.32630073688726174,2.0066153134913733
lexical_diversity_up,q_small,0.4,190,15.076127716656146,3.829312454789751,0.2610723655470419,1.7828062248809295
lexical_diversity_up,q_small,0.45,190,15.704651309625369,3.379680090635792,0.22042129971135377,1.585272854566431
lexical_diversity_up,q_small,0.5,190,16.142245081811488,3.0590639801623625,0.19423164620799202,1.4086582558008804
lexical_diversity_up,q_small,0.55,190,16.465166829288368,2.8010427884609848,0.17517997748200653,1.251824430385333
lexical_diversity_up,q_small,0.6,190,16.71450581920284,2.566991441552219,0.15945693199055846,1.1104624129278802
lexical_diversity_up,q_small,0.65,190,16.907550110073245,2.3419733939297083,0.14556062783697518,0.9786541346110772
lexical_diversity_up,q_small,0.7,190,17.054549877089514,2.114027439107682,0.1324624946662657,0.8512337971059252
lexical_diversity_up,q_small,0.75,190,17.149075772633154,1.8749315046879569,0.11985759876130293,0.7233331098119735
lexical_diversity_up,q_small,0.8,190,17.196680666171343,1.5908414487241316,0.1062022813248678,0.5789686879603176
lexical_diversity_up,q_small,0.85,190,17.21907328448766,1.234774405386147,0.08975507067076874,0.41589552271965635
lexical_diversity_up,q_small,0.9,190,17.302757411572667,0.6822806857638344,0.06410290034055244,0.20229887298395183
lexical_diversity_up_s,q0.5_range,0.0,191,4.860661101480485,0.654706320464479,0.14176371413250488,1.1291363353409551
lexical_diversity_up_s,q0.5_range,0.05,191,5.484414383259366,0.8019982999082437,0.15305378828781988,1.171516360352157
lexical_diversity_up_s,q0.5_range,0.1,191,6.126283268433688,1.0286591462998798,0.17443787472506772,1.1857858012710234
lexical_diversity_up_s,q0.5_range,0.15,191,7.029173976533888,1.4170522490236483,0.2083291004753554,1.1955499780876646
lexical_diversity_up_s,q0.5_range,0.2,191,8.298483095664924,1.906415096468245,0.23767757539903234,1.2423377338523378
lexical_diversity_up_s,q0.5_range,0.25,191,9.939420070912485,2.2656871467289914,0.23756574441673656,1.3364425430552045
lexical_diversity_up_s,q0.5_range,0.3,191,11.77269814127008,2.252376643042805,0.20050024292200333,1.3801510682997746
lexical_diversity_up_s,q0.5_range,0.35,191,13.466816860752356,1.9160126770173838,0.14860324110514528,1.281639197504111
lexical_diversity_up_s,q0.5_range,0.4,191,14.750864989444896,1.519607681605763,0.10683296048242949,1.086499127144508
lexical_diversity_up_s,q0.5_range,0.45,191,15.536334969521118,1.2666762379437506,0.08464580875735117,0.9324108724050869
lexical_diversity_up_s,q0.5_range,0.5,191,16.149253307337904,0.9281317364797129,0.06130792384591483,0.6715875146568827
lexical_diversity_up_s,q_large,0.0,191,8.3213606346532,0.8360840634590239,0.10351522132206856,1.150245842176122
lexical_diversity_up_s,q_large,0.05,191,8.007674988399565,0.8512817260526775,0.10947361126732516,1.1790121365227055
lexical_diversity_up_s,q_large,0.1,191,7.722665124928419,0.8344226729621443,0.11145627567270071,1.1703306636480735
lexical_diversity_up_s,q_large,0.15,191,7.41466402839246,0.8221097239465367,0.11459693920180991,1.1739240985512875
lexical_diversity_up_s,q_large,0.2,191,7.090282936802459,0.8081121016479381,0.11808856265426415,1.176947059538683
lexical_diversity_up_s,q_large,0.25,191,6.751339437502469,0.79294665500957,0.12197495805441237,1.178692906248074
lexical_diversity_up_s,q_large,0.3,191,6.399601202718279,0.7742620590136778,0.12596793519034627,1.1751856178938758
lexical_diversity_up_s,q_large,0.35,191,6.035099821098166,0.7511224801327145,0.12993675048612438,1.1676797433417132
lexical_diversity_up_s,q_large,0.4,191,5.656777473244847,0.7244292608975536,0.1340700002983363,1.1585311724916043
lexical_diversity_up_s,q_large,0.45,191,5.264837150318082,0.6929899245700497,0.13818255910023086,1.1464507438341547
lexical_diversity_up_s,q_large,0.5,191,4.860661101480485,0.654706320464479,0.14176371413250488,1.1291363353409551
lexical_diversity_up_s,q_large,0.55,191,4.4501807706080925,0.6055358137268707,0.14342191856174824,1.1016508448574804
lexical_diversity_up_s,q_large,0.6,191,4.050088883483512,0.5341307780583424,0.13897877563213012,1.0456313922369789
lexical_diversity_up_s,q_large,0.65,191,3.693725913151486,0.42487422464148794,0.12125095714819474,0.9274427440714335
lexical_diversity_up_s,q_large,0.7,191,3.421470510261558,0.2762695089360808,0.08619974424067657,0.7062089462487038
lexical_diversity_up_s,q_large,0.75,191,3.2628894699707325,0.11470179202297352,0.0409033843486323,0.34872328370873706
lexical_diversity_up_s,q_large,0.8,191,3.220435748040126,-0.019731253419893863,0.0007156681160269197,-0.06272355809925644
lexical_diversity_up_s,q_large,0.85,191,3.2509618129178275,-0.09441293221693184,-0.02110619699030708,-0.25938462498371745
lexical_diversity_up_s,q_large,0.9,191,3.209531474705755,-0.08031943932536331,-0.014998420330590068,-0.1753276953113694
lexical_diversity_up_s,q_small,0.0,191,8.3213606346532,0.8360840634590239,0.10351522132206856,1.150245842176122
lexical_diversity_up_s,q_small,0.05,191,8.64898372215965,0.9467951469085671,0.11239010083614098,1.180735432813151
lexical_diversity_up_s,q_small,0.1,191,9.007456824490854,1.131273672889067,0.12843096758574582,1.1936990023659986
lexical_diversity_up_s,q_small,0.15,191,9.609987946280258,1.4369799541525046,0.15251347482502953,1.2127823049185267
lexical_diversity_up_s,q_small,0.2,191,10.517962546639705,1.780098229699756,0.17304304029308168,1.2527647360097007
lexical_diversity_up_s,q_small,0.25,191,11.697399100885244,1.985031817916311,0.1749006322055063,1.3095599557678483
lexical_diversity_up_s,q_small,0.3,191,12.991159675168449,1.9107388846504958,0.15288577085774416,1.301802067893037
lexical_diversity_up_s,q_small,0.35,191,14.172867736799276,1.620164338882346,0.11939136627657175,1.1699701654897567
lexical_diversity_up_s,q_small,0.4,191,15.082787530567977,1.3062914780709098,0.0906734599865139,0.9730579241771055
lexical_diversity_up_s,q_small,0.45,191,15.711651437018986,1.0797128565864387,0.0723505741580222,0.803968869939606
lexical_diversity_up_s,q_small,0.5,191,16.149253307337904,0.9281317364797129,0.06130792384591483,0.6715875146568827
lexical_diversity_up_s,q_small,0.55,191,16.472044920494547,0.8116512213872555,0.0537271788900613,0.5601687163480581
lexical_diversity_up_s,q_small,0.6,191,16.721149090445554,0.7134190175906113,0.04799727552280441,0.4651449283775107
lexical_diversity_up_s,q_small,0.65,191,16.913805578640147,0.6233453187973653,0.04330287800486434,0.3817682122333746
lexical_diversity_up_s,q_small,0.7,191,17.059854296994782,0.5330443304091692,0.0390938259341523,0.304885024006211
lexical_diversity_up_s,q_small,0.75,191,17.15300150541847,0.4535700435358745,0.03611895003225737,0.24042900510446377
lexical_diversity_up_s,q_small,0.8,191,17.19823308796748,0.3728813382899216,0.03400143639747297,0.1804176347901877
lexical_diversity_up_s,q_small,0.85,191,17.216312366703583,0.2630662934905088,0.031156630965857458,0.1131971477473403
lexical_diversity_up_s,q_small,0.9,191,17.295239509379627,0.09791128346689282,0.026207422364938233,0.035379401720320454
lowercase,q0.5_range,0.0,200,4.868834044029737,-0.04986466772843606,-0.007502004437229688,-0.15020736976074775
lowercase,q0.5_range,0.05,200,5.493228688367082,-0.06498259902242293,-0.009158652318055965,-0.175872481679838
lowercase,q0.5_range,0.1,200,6.135708380205817,-0.09220505243228072,-0.0125547360223747,-0.22221294321120197
lowercase,q0.5_range,0.15,200,7.041429811325168,-0.1244497374764503,-0.01541404679527088,-0.24603010352957191
lowercase,q0.5_range,0.2,200,8.314702473197487,-0.14842243945498723,-0.016055224040030517,-0.2291911819246521
lowercase,q0.5_range,0.25,200,9.958781754716112,-0.14538158587781244,-0.013505203958613005,-0.18543287701119834
lowercase,q0.5_range,0.3,200,11.792150225515147,-0.09843491350805433,-0.007643871072825505,-0.11044485587780377
lowercase,q0.5_range,0.35,200,13.483253706856171,-0.0012502736992286146,0.0007221111044620992,-0.0012745880925636834
lowercase,q0.5_range,0.4,200,14.76606034226928,0.1352894386461394,0.010306180412340406,0.12897122191631036
lowercase,q0.5_range,0.45,200,15.551153906749601,0.28048578728647156,0.01926487153923595,0.2570832089559556
lowercase,q0.5_range,0.5,200,16.158172757975546,0.2612207557403349,0.017551300076901977,0.2241587041509976
lowercase,q_large,0.0,200,8.332040262983808,-0.01855791680903353,-0.0008439881925377709,-0.03951638016803775
lowercase,q_large,0.05,200,8.019165989233327,-0.011283894567633386,6.041739706588001e-05,-0.024615709085218082
lowercase,q_large,0.1,200,7.733865298584845,-0.02459075638654186,-0.0015508110869377834,-0.05503468566275386
lowercase,q_large,0.15,200,7.425417331867411,-0.03465386178012766,-0.002892481171271118,-0.07970096819773381
lowercase,q_large,0.2,200,7.10069037973331,-0.041137288554164736,-0.003875486511480386,-0.09719668145206534
lowercase,q_large,0.25,200,6.761326990986117,-0.044034428696878736,-0.004473075016343415,-0.10700822997996601
lowercase,q_large,0.3,200,6.409073668093284,-0.045919629301174006,-0.005003524980264034,-0.11503133718613492
lowercase,q_large,0.35,200,6.044100242885731,-0.047780024512264034,-0.005630089784933924,-0.12410571425082109
lowercase,q_large,0.4,200,5.665426877979743,-0.04912628774776442,-0.006271574940504549,-0.13302880694823455
lowercase,q_large,0.45,200,5.273233700298906,-0.05020848813858761,-0.006972519917593687,-0.14285607933368116
lowercase,q_large,0.5,200,4.868834044029737,-0.04986466772843606,-0.007502004437229688,-0.15020736976074775
lowercase,q_large,0.55,200,4.458030125824559,-0.046656251036432665,-0.007458736966775694,-0.14997895498296557
lowercase,q_large,0.6,200,4.057356728522483,-0.03873766886105848,-0.00614425291907027,-0.1333467859598947
lowercase,q_large,0.65,200,3.700173555760281,-0.024712606754719663,-0.0027688385630558086,-0.09104294322248574
lowercase,q_large,0.7,200,3.4266589225301947,-0.004314855435811161,0.0030828472896466596,-0.016475702656843
lowercase,q_large,0.75,200,3.2668464965398236,0.02373262095231851,0.01219617926596469,0.08507999041516387
lowercase,q_large,0.8,200,3.22337894016683,0.057830822240062814,0.023790498728344094,0.17666735700820607
lowercase,q_large,0.85,200,3.253674919248454,0.09227580879553308,0.035512520561511295,0.23378936710031903
lowercase,q_large,0.9,200,3.214656403209359,0.11761834576776564,0.04612401965690573,0.2405223029933202
lowercase,q_small,0.0,200,8.332040262983808,-0.01855791680903353,-0.0008439881925377709,-0.03951638016803775
lowercase,q_small,0.05,200,8.659961810012796,-0.02761789462557592,-0.0017711040675437596,-0.05614325671055953
lowercase,q_small,0.1,200,9.018813562918895,-0.05171136434575795,-0.0043726336185626455,-0.09963550663993523
lowercase,q_small,0.15,200,9.623569977027621,-0.0749417264763467,-0.0065602362783019385,-0.12979533717159622
lowercase,q_small,0.2,200,10.533997825179572,-0.08397644798667979,-0.007028352611631051,-0.12430480237326542
lowercase,q_small,0.25,200,11.714500778846968,-0.06355426546561307,-0.004880105978322685,-0.08107447218158796
lowercase,q_small,0.3,200,13.006993177097893,-0.007610766293957277,-0.0002833031067815467,-0.008575462458194235
lowercase,q_small,0.35,200,14.185538840755562,0.06991200660086483,0.005334962356339069,0.07134530926166781
lowercase,q_small,0.4,200,15.093259030138121,0.1513537211599604,0.010796174702753101,0.14362409035311263
lowercase,q_small,0.45,200,15.720746319944292,0.21639090210092196,0.014874938335667706,0.19496989528444122
lowercase,q_small,0.5,200,16.158172757975546,0.2612207557403349,0.017551300076901977,0.2241587041509976
lowercase,q_small,0.55,200,16.481279635819938,0.2914506680873233,0.01932466890481519,0.2369460192870409
lowercase,q_small,0.6,200,16.7304569300441,0.3120151844975095,0.020614812039380984,0.2386775926009213
lowercase,q_small,0.65,200,16.922051348087663,0.33264547838407055,0.022009749991904828,0.23770568786802473
lowercase,q_small,0.7,200,17.065368168057965,0.3548056086942155,0.023551765768706795,0.23517108490331404
lowercase,q_small,0.75,200,17.15399778664486,0.3870707341633748,0.025780933364742967,0.23627967995445373
lowercase,q_small,0.8,200,17.1940468699077,0.41246819830934006,0.027968535341961146,0.22750717915398105
lowercase,q_small,0.85,200,17.205576112581216,0.3805131021967898,0.027116024468177208,0.18706791617485938
lowercase,q_small,0.9,200,17.26836606986298,0.20674131443958957,0.0189523229084792,0.08788453781053854
shorten_sentences,q0.5_range,0.0,200,4.868834044029737,0.13129437271562533,0.031050889010959485,0.3478059894805189
shorten_sentences,q0.5_range,0.05,200,5.493228688367082,0.12259689902837781,0.02628189953463291,0.29755750222496763
shorten_sentences,q0.5_range,0.1,200,6.135708380205817,0.10495602225789646,0.020845764648222236,0.23087405550742346
shorten_sentences,q0.5_range,0.15,200,7.041429811325168,0.11563118270183789,0.020282839285521614,0.21175126172804548
shorten_sentences,q0.5_range,0.2,200,8.314702473197487,0.16405176243599492,0.02368753532491301,0.23839226881172562
shorten_sentences,q0.5_range,0.25,200,9.958781754716112,0.2426852427357309,0.028229650524774483,0.2892271609926602
shorten_sentences,q0.5_range,0.3,200,11.792150225515147,0.2790075343703402,0.02752581484017359,0.29193203298918396
shorten_sentences,q0.5_range,0.35,200,13.483253706856171,0.21023006284780493,0.019265254747669408,0.20873101935738408
shorten_sentences,q0.5_range,0.4,200,14.76606034226928,0.07046596993182173,0.008635333846506974,0.06743103213267866
shorten_sentences,q0.5_range,0.45,200,15.551153906749601,-0.06730211861362476,0.0006558739328306772,-0.05899276639419966
shorten_sentences,q0.5_range,0.5,200,16.158172757975546,-0.21191151522730337,-0.007030776990399628,-0.1696944249585267
shorten_sentences,q_large,0.0,200,8.332040262983808,0.1484299285600274,0.02089641480076652,0.28229889903144856
shorten_sentences,q_large,0.05,200,8.019165989233327,0.16297155669452856,0.023212648071597747,0.31899976073609343
shorten_sentences,q_large,0.1,200,7.733865298584845,0.1693367138955308,0.024556352951138543,0.34468670012309993
shorten_sentences,q_large,0.15,200,7.425417331867411,0.17307956742706346,0.02592639383319817,0.3632707454837462
shorten_sentences,q_large,0.2,200,7.10069037973331,0.17371144005631262,0.027155043708518026,0.3743197158670683
shorten_sentences,q_large,0.25,200,6.761326990986117,0.17249502858850296,0.028320231377273974,0.3821610996359542
shorten_sentences,q_large,0.3,200,6.409073668093284,0.16914651664289984,0.029354871665053114,0.38621845932881993
shorten_sentences,q_large,0.35,200,6.044100242885731,0.16293776635487145,0.030121474383232247,0.38480217240085496
shorten_sentences,q_large,0.4,200,5.665426877979743,0.1545238736232989,0.030687296312885016,0.37842624871306096
shorten_sentences,q_large,0.45,200,5.273233700298906,0.14375014835450048,0.03097869469894859,0.36565092312615943
shorten_sentences,q_large,0.5,200,4.868834044029737,0.13129437271562533,0.031050889010959485,0.3478059894805189
shorten_sentences,q_large,0.55,200,4.458030125824559,0.11572995764267813,0.0304556165932059,0.3214666352932466
shorten_sentences,q_large,0.6,200,4.057356728522483,0.09513354422796148,0.028315758788321183,0.2813717107407294
shorten_sentences,q_large,0.65,200,3.700173555760281,0.06963096253878648,0.02391853539137222,0.2241345335401018
shorten_sentences,q_large,0.7,200,3.4266589225301947,0.048562507691229856,0.019322327059825496,0.1669892649079836
shorten_sentences,q_large,0.75,200,3.2668464965398236,0.05027700842151814,0.020666248112367246,0.16785204360657646
shorten_sentences,q_large,0.8,200,3.22337894016683,0.08877313333500444,0.033187965124216096,0.25600888631830715
shorten_sentences,q_large,0.85,200,3.253674919248454,0.16696579151611124,0.05829131286626847,0.38359042604773297
shorten_sentences,q_large,0.9,200,3.214656403209359,0.2730134095465893,0.09538291288150148,0.5010890767244729
shorten_sentences,q_small,0.0,200,8.332040262983808,0.1484299285600274,0.02089641480076652,0.28229889903144856
shorten_sentences,q_small,0.05,200,8.659961810012796,0.11626247518136779,0.016782587976686837,0.2110055400718556
shorten_sentences,q_small,0.1,200,9.018813562918895,0.07447726455909923,0.011804585557640728,0.12863568792068292
shorten_sentences,q_small,0.15,200,9.623569977027621,0.05939507951538516,0.010140139021508924,0.09180207591267465
shorten_sentences,q_small,0.2,200,10.533997825179572,0.07322799260316709,0.01142927155635719,0.0970343166075188
shorten_sentences,q_small,0.25,200,11.714500778846968,0.10706076124866686,0.014035481148117559,0.12249685305785142
shorten_sentences,q_small,0.3,200,13.006993177097893,0.10994687310090495,0.013703496457301631,0.11181068147305401
shorten_sentences,q_small,0.35,200,14.185538840755562,0.04644376528618935,0.008577005070688273,0.04406723528027588
shorten_sentences,q_small,0.4,200,15.093259030138121,-0.050172131750139785,0.0019749142804728293,-0.045440711608658126
shorten_sentences,q_small,0.45,200,15.720746319944292,-0.13814294456716503,-0.00324481881870895,-0.11795748829660023
shorten_sentences,q_small,0.5,200,16.158172757975546,-0.21191151522730337,-0.007030776990399628,-0.1696944249585267
shorten_sentences,q_small,0.55,200,16.481279635819938,-0.27966904685081756,-0.0101158785743401,-0.2094865770488492
shorten_sentences,q_small,0.6,200,16.7304569300441,-0.3518369719398219,-0.013192417762588907,-0.2454123767631495
shorten_sentences,q_small,0.65,200,16.922051348087663,-0.4224229225780868,-0.015936655207638956,-0.27270038688531784
shorten_sentences,q_small,0.7,200,17.065368168057965,-0.4924459193571046,-0.018384911880507143,-0.29124718892956963
shorten_sentences,q_small,0.75,200,17.15399778664486,-0.5536963655158389,-0.020022562610564988,-0.2975961723779762
shorten_sentences,q_small,0.8,200,17.1940468699077,-0.6148426699504792,-0.021151549261382203,-0.29741829726550895
shorten_sentences,q_small,0.85,200,17.205576112581216,-0.67002167321184,-0.021690373391695803,-0.288562302561074
shorten_sentences,q_small,0.9,200,17.26836606986298,-0.688958137010977,-0.020221980684142007,-0.2540642985212938
shuffle_sentences,q0.5_range,0.0,200,4.868834044029737,0.10094813620828706,0.024541248342667018,0.2537579805223735
shuffle_sentences,q0.5_range,0.05,200,5.493228688367082,0.11380206111942498,0.024229039920518267,0.25970371634579953
shuffle_sentences,q0.5_range,0.1,200,6.135708380205817,0.11557871375988661,0.02252807268153445,0.22852132198162814
shuffle_sentences,q0.5_range,0.15,200,7.041429811325168,0.1315877301734588,0.02290323345388746,0.20894367102231134
shuffle_sentences,q0.5_range,0.2,200,8.314702473197487,0.16643762340205037,0.02467717997217725,0.20904050453224915
shuffle_sentences,q0.5_range,0.25,200,9.958781754716112,0.20896633643090287,0.025822857350476326,0.22100796170913845
shuffle_sentences,q0.5_range,0.3,200,11.792150225515147,0.22822334616399334,0.02401912325948635,0.2242148018799796
shuffle_sentences,q0.5_range,0.35,200,13.483253706856171,0.21436363581350498,0.02006817510293725,0.20777719600567598
shuffle_sentences,q0.5_range,0.4,200,14.76606034226928,0.20419229252574742,0.017864808683896637,0.19208831197249515
shuffle_sentences,q0.5_range,0.45,200,15.551153906749601,0.23430946277153514,0.01959140981297126,0.2064896821349056
shuffle_sentences,q0.5_range,0.5,200,16.158172757975546,0.21935830959880817,0.01861552305625137,0.17916448313468253
shuffle_sentences,q_large,0.0,200,8.332040262983808,0.13997030535271285,0.019779456131810983,0.2607560347676483
shuffle_sentences,q_large,0.05,200,8.019165989233327,0.1421641281134284,0.020596630959479816,0.27472764316936366
shuffle_sentences,q_large,0.1,200,7.733865298584845,0.13308916487513628,0.019982855396451185,0.26407240605092674
shuffle_sentences,q_large,0.15,200,7.425417331867411,0.12677011901069757,0.01980125975372841,0.2581022480877245
shuffle_sentences,q_large,0.2,200,7.10069037973331,0.12244360373528484,0.020006229276936276,0.2552881770982112
shuffle_sentences,q_large,0.25,200,6.761326990986117,0.11969424940984005,0.02052976569527898,0.2558627085222782
shuffle_sentences,q_large,0.3,200,6.409073668093284,0.11662001446159605,0.021110519405190632,0.2558085637555501
shuffle_sentences,q_large,0.35,200,6.044100242885731,0.1127949261024186,0.021708846818957284,0.254534293022594
shuffle_sentences,q_large,0.4,200,5.665426877979743,0.10900625122762993,0.02247706083712782,0.25374238139939786
shuffle_sentences,q_large,0.45,200,5.273233700298906,0.10485407722428054,0.02336729737109392,0.2529885561216225
shuffle_sentences,q_large,0.5,200,4.868834044029737,0.10094813620828706,0.024541248342667018,0.2537579805223735
shuffle_sentences,q_large,0.55,200,4.458030125824559,0.09690852309171523,0.025924269592496905,0.25593315202537126
shuffle_sentences,q_large,0.6,200,4.057356728522483,0.09019289184107579,0.026715323976478376,0.2545126512507586
shuffle_sentences,q_large,0.65,200,3.700173555760281,0.07996344958725389,0.02604575000339284,0.24745751740403807
shuffle_sentences,q_large,0.7,200,3.4266589225301947,0.06965033390607397,0.02447846672031788,0.23555504788458057
shuffle_sentences,q_large,0.75,200,3.2668464965398236,0.06628797247340099,0.024536772112706818,0.22338724532738863
shuffle_sentences,q_large,0.8,200,3.22337894016683,0.07277923061182841,0.027660326193573167,0.2134000201763328
shuffle_sentences,q_large,0.85,200,3.253674919248454,0.08625994355456303,0.0335951851397569,0.20435686027923552
shuffle_sentences,q_large,0.9,200,3.214656403209359,0.1044618714798483,0.04284374854979662,0.19528365771633238
shuffle_sentences,q_small,0.0,200,8.332040262983808,0.13997030535271285,0.019779456131810983,0.2607560347676483
shuffle_sentences,q_small,0.05,200,8.659961810012796,0.15035430293501276,0.020466957855261897,0.26674421700582834
shuffle_sentences,q_small,0.1,200,9.018813562918895,0.1474517117351831,0.01984730562925876,0.24069072158099727
shuffle_sentences,q_small,0.15,200,9.623569977027621,0.15815889785839848,0.020556968931487077,0.22359926159160962
shuffle_sentences,q_small,0.2,200,10.533997825179572,0.18395906185443195,0.022170536759321856,0.22077245133041806
shuffle_sentences,q_small,0.25,200,11.714500778846968,0.21640046890108378,0.02357989384899235,0.22816330393293136
shuffle_sentences,q_small,0.3,200,13.006993177097893,0.2349190379572933,0.02325692693170361,0.2303935400511127
shuffle_sentences,q_small,0.35,200,14.185538840755562,0.22751008579340953,0.020956900703202733,0.21427457860852545
shuffle_sentences,q_small,0.4,200,15.093259030138121,0.21220073397780634,0.01873766105154416,0.19190782612433208
shuffle_sentences,q_small,0.45,200,15.720746319944292,0.20851761307674452,0.01801911655497914,0.17952655702424655
shuffle_sentences,q_small,0.5,200,16.158172757975546,0.21935830959880817,0.01861552305625137,0.17916448313468253
shuffle_sentences,q_small,0.55,200,16.481279635819938,0.23193355571689697,0.01952307130181923,0.17882896197190482
shuffle_sentences,q_small,0.6,200,16.7304569300441,0.24015569811266368,0.020372786581642228,0.1739074939998869
shuffle_sentences,q_small,0.65,200,16.922051348087663,0.24970069016371546,0.021517254046995872,0.16867067064980917
shuffle_sentences,q_small,0.7,200,17.065368168057965,0.2547694443248995,0.02266130120070517,0.15931554583019156
shuffle_sentences,q_small,0.75,200,17.15399778664486,0.2660270770053686,0.024484095173876133,0.1532167179614807
shuffle_sentences,q_small,0.8,200,17.1940468699077,0.2822388814389916,0.02709834076675384,0.1486635543582119
shuffle_sentences,q_small,0.85,200,17.205576112581216,0.2813522283601645,0.0290872215245712,0.1341280939646723
shuffle_sentences,q_small,0.9,200,17.26836606986298,0.22617387609023998,0.028332086555364726,0.09376558520295342
shuffle_within_sentences,q0.5_range,0.0,200,4.868834044029737,1.128847046692812,0.24389391702465818,2.2836397999888174
shuffle_within_sentences,q0.5_range,0.05,200,5.493228688367082,1.1856264909465382,0.22773250988372587,2.2303191451477566
shuffle_within_sentences,q0.5_range,0.1,200,6.135708380205817,1.0725459725263529,0.18577878102032194,1.8927804129800878
shuffle_within_sentences,q0.5_range,0.15,200,7.041429811325168,0.966856116949731,0.14805541587979174,1.4732475165247598
shuffle_within_sentences,q0.5_range,0.2,200,8.314702473197487,0.8244459571169801,0.10992655258961008,1.031761545197594
shuffle_within_sentences,q0.5_range,0.25,200,9.958781754716112,0.5873052525635615,0.0693688509921884,0.6104058903319226
shuffle_within_sentences,q0.5_range,0.3,200,11.792150225515147,0.19084615081135461,0.025199695674673013,0.16989283887231355
shuffle_within_sentences,q0.5_range,0.35,200,13.483253706856171,-0.3077817664041499,-0.015448134446416718,-0.23797426766473928
shuffle_within_sentences,q0.5_range,0.4,200,14.76606034226928,-0.744432639445599,-0.043885153189968086,-0.5107667312611486
shuffle_within_sentences,q0.5_range,0.45,200,15.551153906749601,-0.9891745582077653,-0.056555962905812364,-0.6106087038929806
shuffle_within_sentences,q0.5_range,0.5,200,16.158172757975546,-1.4112644658138904,-0.07892412358240994,-0.7866973189705769
shuffle_within_sentences,q_large,0.0,200,8.332040262983808,0.8567179692469596,0.10800387170757857,1.357388133695482
shuffle_within_sentences,q_large,0.05,200,8.019165989233327,0.9402600501188787,0.12239457550968502,1.5437938303436118
shuffle_within_sentences,q_large,0.1,200,7.733865298584845,0.9608865866916677,0.12966875136595316,1.6345378635582755
shuffle_within_sentences,q_large,0.15,200,7.425417331867411,0.9853657584051888,0.1385642162376829,1.7187907838737528
shuffle_within_sentences,q_large,0.2,200,7.10069037973331,1.011993825708855,0.1489390074478071,1.80296727290595
shuffle_within_sentences,q_large,0.25,200,6.761326990986117,1.039084091712344,0.16075147439282467,1.887010419876024
shuffle_within_sentences,q_large,0.3,200,6.409073668093284,1.0640581566643277,0.17382998764930066,1.972857835286517
shuffle_within_sentences,q_large,0.35,200,6.044100242885731,1.0861768421266367,0.1883447133121127,2.055377404540856
shuffle_within_sentences,q_large,0.4,200,5.665426877979743,1.105083071178578,0.20466236684197206,2.1363935121536763
shuffle_within_sentences,q_large,0.45,200,5.273233700298906,1.119516433577916,0.22305072668165862,2.212554357198592
shuffle_within_sentences,q_large,0.5,200,4.868834044029737,1.128847046692812,0.24389391702465818,2.2836397999888174
shuffle_within_sentences,q_large,0.55,200,4.458030125824559,1.1303110443203273,0.2669206578268773,2.3416761904724854
shuffle_within_sentences,q_large,0.6,200,4.057356728522483,1.120229852489653,0.290578824614297,2.3870958782502494
shuffle_within_sentences,q_large,0.65,200,3.700173555760281,1.1000574945126602,0.31226702836594106,2.4158872163104115
shuffle_within_sentences,q_large,0.7,200,3.4266589225301947,1.0872315558405525,0.33205192884113033,2.414073334403683
shuffle_within_sentences,q_large,0.75,200,3.2668464965398236,1.108469673192149,0.35417949674021315,2.327443984400151
shuffle_within_sentences,q_large,0.8,200,3.22337894016683,1.1806990975783578,0.382687780984446,2.159844773886788
shuffle_within_sentences,q_large,0.85,200,3.253674919248454,1.2678721102646073,0.40950442350403,1.944203735110657
shuffle_within_sentences,q_large,0.9,200,3.214656403209359,1.2550413974998447,0.4155809518559186,1.6307656737928642
shuffle_within_sentences,q_small,0.0,200,8.332040262983808,0.8567179692469596,0.10800387170757857,1.357388133695482
shuffle_within_sentences,q_small,0.05,200,8.659961810012796,0.880694833839445,0.10745015378330253,1.32547601872396
shuffle_within_sentences,q_small,0.1,200,9.018813562918895,0.7504538538505139,0.08929889712473721,1.0645749840139445
shuffle_within_sentences,q_small,0.15,200,9.623569977027621,0.6076647038610719,0.06986330912799724,0.7685163892014301
shuffle_within_sentences,q_small,0.2,200,10.533997825179572,0.4205881614605292,0.04738324536952808,0.45652254973305567
shuffle_within_sentences,q_small,0.25,200,11.714500778846968,0.16281930601711292,0.021872407772299766,0.15097605023793567
shuffle_within_sentences,q_small,0.3,200,13.006993177097893,-0.19287580379344899,-0.006904094200290909,-0.15559157911737292
shuffle_within_sentences,q_small,0.35,200,14.185538840755562,-0.602822190894461,-0.03491809150857722,-0.43136123560516315
shuffle_within_sentences,q_small,0.4,200,15.093259030138121,-0.9701341118119885,-0.05686971103691608,-0.630092790883488
shuffle_within_sentences,q_small,0.45,200,15.720746319944292,-1.2333686039039902,-0.07078523993076419,-0.7401318391775079
shuffle_within_sentences,q_small,0.5,200,16.158172757975546,-1.4112644658138904,-0.07892412358240994,-0.7866973189705769
shuffle_within_sentences,q_small,0.55,200,16.481279635819938,-1.5398284604667245,-0.08386716895615841,-0.7967716496604624
shuffle_within_sentences,q_small,0.6,200,16.7304569300441,-1.6434734339657444,-0.08721989423698366,-0.7903611313170319
shuffle_within_sentences,q_small,0.65,200,16.922051348087663,-1.7295084647023864,-0.0894141448408891,-0.7732531348850363
shuffle_within_sentences,q_small,0.7,200,17.065368168057965,-1.8077583366724588,-0.09094704004934087,-0.7489469814449362
shuffle_within_sentences,q_small,0.75,200,17.15399778664486,-1.877609538163851,-0.09174439937928268,-0.71930231481466
shuffle_within_sentences,q_small,0.8,200,17.1940468699077,-1.953689963402033,-0.09227292834604402,-0.6854968296407228
shuffle_within_sentences,q_small,0.85,200,17.205576112581216,-2.0819213079359558,-0.09518346862418942,-0.6623203877137206
shuffle_within_sentences,q_small,0.9,200,17.26836606986298,-2.3952987902301146,-0.10736840350600621,-0.67173165185152
shuffle_words,q0.5_range,0.0,200,4.868834044029737,1.1806451507277431,0.2560762100961256,2.0276961195961554
shuffle_words,q0.5_range,0.05,200,5.493228688367082,1.2425801413565796,0.2396329372978061,2.0126364393588627
shuffle_words,q0.5_range,0.1,200,6.135708380205817,1.1345878201521493,0.19748997115375155,1.7100059213306391
shuffle_words,q0.5_range,0.15,200,7.041429811325168,1.0354442222301985,0.1597470995591686,1.358736612953872
shuffle_words,q0.5_range,0.2,200,8.314702473197487,0.9008021268444237,0.12137259628085438,0.9988299157929604
shuffle_words,q0.5_range,0.25,200,9.958781754716112,0.6681470760429505,0.0796777011082975,0.6346680916445527
shuffle_words,q0.5_range,0.3,200,11.792150225515147,0.2657090286791685,0.033432282512767184,0.22289411284927357
shuffle_words,q0.5_range,0.35,200,13.483253706856171,-0.24724339664905182,-0.009760254438351781,-0.1875941662795527
shuffle_words,q0.5_range,0.4,200,14.76606034226928,-0.7101122735458807,-0.040993540360593224,-0.49342962384068845
shuffle_words,q0.5_range,0.45,200,15.551153906749601,-0.9785439260194412,-0.05558966335267925,-0.613684816177961
shuffle_words,q0.5_range,0.5,200,16.158172757975546,-1.4213650892667102,-0.07958780980741317,-0.8002456368733111
shuffle_words,q_large,0.0,200,8.332040262983808,0.8924678434868689,0.11344038543899147,1.2647552434438056
shuffle_words,q_large,0.05,200,8.019165989233327,0.9791783003171025,0.1284458937258858,1.4368193220432612
shuffle_words,q_large,0.1,200,7.733865298584845,1.002656134530183,0.13628830045469356,1.5025493338123685
shuffle_words,q_large,0.15,200,7.425417331867411,1.0305751361039386,0.1459566505248269,1.566772528050242
shuffle_words,q_large,0.2,200,7.10069037973331,1.0599768896448296,0.15707717775274418,1.637223185031684
shuffle_words,q_large,0.25,200,6.761326990986117,1.0897346526618399,0.16965790490595245,1.7102726946923146
shuffle_words,q_large,0.3,200,6.409073668093284,1.117268043101693,0.18356451223021103,1.7823063721394734
shuffle_words,q_large,0.35,200,6.044100242885731,1.1411658515636902,0.1989114350544318,1.8515686042664323
shuffle_words,q_large,0.4,200,5.665426877979743,1.1606038937851018,0.215982072649889,1.915782562863832
shuffle_words,q_large,0.45,200,5.273233700298906,1.1739130616953686,0.23490596002639613,1.9755775266541882
shuffle_words,q_large,0.5,200,4.868834044029737,1.1806451507277431,0.2560762100961256,2.0276961195961554
shuffle_words,q_large,0.55,200,4.458030125824559,1.1785002104834257,0.27925467477762866,2.0729648384740154
shuffle_words,q_large,0.6,200,4.057356728522483,1.163485761727791,0.3026470756974133,2.111605419323048
shuffle_words,q_large,0.65,200,3.700173555760281,1.1371385868309534,0.32330875689917066,2.1499393415679773
shuffle_words,q_large,0.7,200,3.4266589225301947,1.1190586141988377,0.34187732140851407,2.1724844202034643
shuffle_words,q_large,0.75,200,3.2668464965398236,1.1364409192925513,0.3630449292869504,2.114025074548207
shuffle_words,q_large,0.8,200,3.22337894016683,1.20910657355714,0.3920041780660199,1.9575267966963599
shuffle_words,q_large,0.85,200,3.253674919248454,1.306812538286037,0.42317617641581307,1.7321360265576689
shuffle_words,q_large,0.9,200,3.214656403209359,1.3177584312562756,0.4414566079055314,1.4101568261360173
shuffle_words,q_small,0.0,200,8.332040262983808,0.8924678434868689,0.11344038543899147,1.2647552434438056
shuffle_words,q_small,0.05,200,8.659961810012796,0.9162052543599863,0.11269100443914265,1.250160943425282
shuffle_words,q_small,0.1,200,9.018813562918895,0.7880137520336177,0.09459880991006867,1.011089928747516
shuffle_words,q_small,0.15,200,9.623569977027621,0.6485120930421295,0.07543651331589465,0.7403360389759168
shuffle_words,q_small,0.2,200,10.533997825179572,0.46527932031863856,0.05316281078408176,0.4609798618742381
shuffle_words,q_small,0.25,200,11.714500778846968,0.20910697385437296,0.027325201193330755,0.18079554432408693
shuffle_words,q_small,0.3,200,13.006993177097893,-0.149850991563471,-0.0023529776278806026,-0.11556197067045858
shuffle_words,q_small,0.35,200,14.185538840755562,-0.5662003078677951,-0.03156027245549124,-0.39760591219247726
shuffle_words,q_small,0.4,200,15.093259030138121,-0.9469460233115978,-0.05497011398494629,-0.6144837163614298
shuffle_words,q_small,0.45,200,15.720746319944292,-1.2263052053527281,-0.07020583521596845,-0.7406539951251492
shuffle_words,q_small,0.5,200,16.158172757975546,-1.4213650892667102,-0.07958780980741317,-0.8002456368733111
shuffle_words,q_small,0.55,200,16.481279635819938,-1.568821510287577,-0.08578451125918381,-0.8216076675762704
shuffle_words,q_small,0.6,200,16.7304569300441,-1.6892310846388794,-0.09017269136128699,-0.8221212417631716
shuffle_words,q_small,0.65,200,16.922051348087663,-1.7862310124621872,-0.09302490029842059,-0.8067309609597242
shuffle_words,q_small,0.7,200,17.065368168057965,-1.8696298170287984,-0.09490885740014056,-0.781394246398882
shuffle_words,q_small,0.75,200,17.15399778664486,-1.9416564252054216,-0.09588277086344064,-0.7470057630274617
shuffle_words,q_small,0.8,200,17.1940468699077,-2.019636568224727,-0.09659258792876159,-0.7095686548365847
shuffle_words,q_small,0.85,200,17.205576112581216,-2.150113117377567,-0.0996738398174136,-0.6867024285554687
shuffle_words,q_small,0.9,200,17.26836606986298,-2.465023184739329,-0.11169848477242789,-0.6968615205170532
strip_punctuation,q0.5_range,0.0,200,4.868834044029737,1.1268819449295213,0.2356918256278277,1.5887771593331939
strip_punctuation,q0.5_range,0.05,200,5.493228688367082,1.3164310914786168,0.2430784458616192,1.5886278651190697
strip_punctuation,q0.5_range,0.1,200,6.135708380205817,1.4409497310256514,0.23777056876303806,1.5039238689125578
strip_punctuation,q0.5_range,0.15,200,7.041429811325168,1.6658144854227572,0.23961364303348096,1.4088631323875238
strip_punctuation,q0.5_range,0.2,200,8.314702473197487,1.9497193931097256,0.23839219804237913,1.3564864790762468
strip_punctuation,q0.5_range,0.25,200,9.958781754716112,2.172536585806162,0.2234865693099425,1.3285185984049799
strip_punctuation,q0.5_range,0.3,200,11.792150225515147,2.2110487004271806,0.19354888941399156,1.2604143538925867
strip_punctuation,q0.5_range,0.35,200,13.483253706856171,2.1117805668500162,0.16239494651060724,1.1462656694411089
strip_punctuation,q0.5_range,0.4,200,14.76606034226928,2.0579404659976523,0.14564270110564395,1.0371650836666866
strip_punctuation,q0.5_range,0.45,200,15.551153906749601,2.1615924215814872,0.1479507691247776,0.9671741889548139
strip_punctuation,q0.5_range,0.5,200,16.158172757975546,1.5609450146511328,0.10824799889615677,0.6818511694270761
strip_punctuation,q_large,0.0,200,8.332040262983808,1.386173638998855,0.16935280825034998,1.3754605866661191
strip_punctuation,q_large,0.05,200,8.019165989233327,1.4632791809260743,0.1848790259070596,1.4682276584780576
strip_punctuation,q_large,0.1,200,7.733865298584845,1.412385570422254,0.18465337375144097,1.5000896672952355
strip_punctuation,q_large,0.15,200,7.425417331867411,1.3697609866137825,0.186444316763046,1.521521489869868
strip_punctuation,q_large,0.2,200,7.10069037973331,1.3327768934700175,0.18979903859606348,1.536220013521577
strip_punctuation,q_large,0.25,200,6.761326990986117,1.2989969929137908,0.1944104960369656,1.5477817003986163
strip_punctuation,q_large,0.3,200,6.409073668093284,1.2664748951335287,0.20011297215421273,1.5591556038813497
strip_punctuation,q_large,0.35,200,6.044100242885731,1.234084953389908,0.20697199169007674,1.568537947667197
strip_punctuation,q_large,0.4,200,5.665426877979743,1.200744603435066,0.21510971243816002,1.5768086642908872
strip_punctuation,q_large,0.45,200,5.273233700298906,1.1656151426642354,0.22468561419595254,1.5834000621101505
strip_punctuation,q_large,0.5,200,4.868834044029737,1.1268819449295213,0.2356918256278277,1.5887771593331939
strip_punctuation,q_large,0.55,200,4.458030125824559,1.0825276443752485,0.24773236605485413,1.5943812523777348
strip_punctuation,q_large,0.6,200,4.057356728522483,1.0259911313357375,0.2582827313582197,1.5993473183133975
strip_punctuation,q_large,0.65,200,3.700173555760281,0.9477899415877183,0.2615541317719982,1.6087175713611273
strip_punctuation,q_large,0.7,200,3.4266589225301947,0.8497564484569986,0.2532689039172557,1.6159242963607505
strip_punctuation,q_large,0.75,200,3.2668464965398236,0.7527717316410479,0.23641407489202187,1.5846322828240185
strip_punctuation,q_large,0.8,200,3.22337894016683,0.6835356592451205,0.21960894219117336,1.4607064689460685
strip_punctuation,q_large,0.85,200,3.253674919248454,0.6462366167625442,0.20898316379943693,1.2287172979278327
strip_punctuation,q_large,0.9,200,3.214656403209359,0.5984105866325314,0.2034493941098443,0.9412145038363671
strip_punctuation,q_small,0.0,200,8.332040262983808,1.386173638998855,0.16935280825034998,1.3754605866661191
strip_punctuation,q_small,0.05,200,8.659961810012796,1.5465463549460607,0.18166471075813256,1.392107896956134
strip_punctuation,q_small,0.1,200,9.018813562918895,1.6341958598455393,0.18466197917935318,1.331953623773433
strip_punctuation,q_small,0.15,200,9.623569977027621,1.7937331801524214,0.19071591202615643,1.2636703204243176
strip_punctuation,q_small,0.2,200,10.533997825179572,1.9752141266066416,0.19319603521964088,1.2101347513758025
strip_punctuation,q_small,0.25,200,11.714500778846968,2.0810913467650023,0.18501969263070406,1.152748517842045
strip_punctuation,q_small,0.3,200,13.006993177097893,2.0312810259708893,0.16476369120001252,1.0562109208438648
strip_punctuation,q_small,0.35,200,14.185538840755562,1.8661885615617149,0.14054559415700454,0.9313654288515582
strip_punctuation,q_small,0.4,200,15.093259030138121,1.7047685781621886,0.1222642006500031,0.8192975963961919
strip_punctuation,q_small,0.45,200,15.720746319944292,1.60992281776639,0.11263422605475937,0.7390190129836008
strip_punctuation,q_small,0.5,200,16.158172757975546,1.5609450146511328,0.10824799889615677,0.6818511694270761
strip_punctuation,q_small,0.55,200,16.481279635819938,1.528672128213006,0.10617532100635137,0.6330970294032369
strip_punctuation,q_small,0.6,200,16.7304569300441,1.5004080958749106,0.1052043831816312,0.5871337162485953
strip_punctuation,q_small,0.65,200,16.922051348087663,1.461044572500901,0.10434717637026032,0.5396733121797692
strip_punctuation,q_small,0.7,200,17.065368168057965,1.3964918793837584,0.1028407030701931,0.48511981400633675
strip_punctuation,q_small,0.75,200,17.15399778664486,1.2852766537647418,0.09957780404512538,0.4193067328846685
strip_punctuation,q_small,0.8,200,17.1940468699077,1.0841889583428372,0.09236552233260222,0.3307619602083412
strip_punctuation,q_small,0.85,200,17.205576112581216,0.7061665195170674,0.07528777636605699,0.20166903314820653
strip_punctuation,q_small,0.9,200,17.26836606986298,-0.12481303654850052,0.03126717104148429,-0.032979923202403526
syntax_complex,q0.5_range,0.0,191,4.860661101480485,0.5598865914298773,0.1239657850807558,0.9346071491109158
syntax_complex,q0.5_range,0.05,191,5.484414383259366,0.6568212202243823,0.129177866349655,0.950462092913327
syntax_complex,q0.5_range,0.1,191,6.126283268433688,0.7288327580163428,0.12912581710070536,0.9093222797467655
syntax_complex,q0.5_range,0.15,191,7.029173976533888,0.8910536919042237,0.13847964165732762,0.8538960513812124
syntax_complex,q0.5_range,0.2,191,8.298483095664924,1.202137051654294,0.15831393298025534,0.8470244654884334
syntax_complex,q0.5_range,0.25,191,9.939420070912485,1.6458048818536377,0.18065204011837196,0.9078704553590489
syntax_complex,q0.5_range,0.3,191,11.77269814127008,2.0591330018418206,0.18990385067758203,1.0140156096465094
syntax_complex,q0.5_range,0.35,191,13.466816860752356,2.3045531725588084,0.18373003069969318,1.1270476566877454
syntax_complex,q0.5_range,0.4,191,14.750864989444896,2.436423916285638,0.1754660631726673,1.1863845317340869
syntax_complex,q0.5_range,0.45,191,15.536334969521118,2.5411705329940064,0.17340176603722346,1.190997903775383
syntax_complex,q0.5_range,0.5,191,16.149253307337904,2.324918914991447,0.15381023234825422,1.0988252698602743
syntax_complex,q_large,0.0,191,8.3213606346532,0.9870804932392974,0.12407416672580092,1.1496911684670503
syntax_complex,q_large,0.05,191,8.007674988399565,0.9850001447660437,0.12855661789085457,1.1610116260229688
syntax_complex,q_large,0.1,191,7.722665124928419,0.9355987771021116,0.12676442349560024,1.1414634047023202
syntax_complex,q_large,0.15,191,7.41466402839246,0.8852509022322211,0.12523624588463986,1.117756580644153
syntax_complex,q_large,0.2,191,7.090282936802459,0.8376521771328305,0.12430013567470734,1.092232870232761
syntax_complex,q_large,0.25,191,6.751339437502469,0.7932581153821904,0.1239793670904741,1.0689452435034883
syntax_complex,q_large,0.3,191,6.399601202718279,0.749187612879842,0.123901389066345,1.0452018737421949
syntax_complex,q_large,0.35,191,6.035099821098166,0.7045460509723659,0.12398850717548572,1.019837345968979
syntax_complex,q_large,0.4,191,5.656777473244847,0.6587957451625899,0.12418345993122441,0.9938609529106663
syntax_complex,q_large,0.45,191,5.264837150318082,0.6108118645297921,0.12427186346795036,0.9658097444155944
syntax_complex,q_large,0.5,191,4.860661101480485,0.5598865914298773,0.1239657850807558,0.9346071491109158
syntax_complex,q_large,0.55,191,4.4501807706080925,0.5033888549636494,0.12220214134083618,0.8974353786368792
syntax_complex,q_large,0.6,191,4.050088883483512,0.4377124874062913,0.11696225311049763,0.8520201626599924
syntax_complex,q_large,0.65,191,3.693725913151486,0.35957758021389347,0.10540715755958677,0.7901871201474281
syntax_complex,q_large,0.7,191,3.421470510261558,0.284083630797097,0.0902802204873725,0.711139575133973
syntax_complex,q_large,0.75,191,3.2628894699707325,0.2434589036583065,0.08198943496060178,0.6211686092965601
syntax_complex,q_large,0.8,191,3.220435748040126,0.2596961557345165,0.08886195266886755,0.5766055373192602
syntax_complex,q_large,0.85,191,3.2509618129178275,0.3194634725063746,0.10814005413993465,0.5828870288985837
syntax_complex,q_large,0.9,191,3.209531474705755,0.36909759825609784,0.12946082450656507,0.5629249899410499
syntax_complex,q_small,0.0,191,8.3213606346532,0.9870804932392974,0.12407416672580092,1.1496911684670503
syntax_complex,q_small,0.05,191,8.64898372215965,1.0587889473194796,0.12857113626696295,1.141624294926804
syntax_complex,q_small,0.1,191,9.007456824490854,1.0998832921172774,0.12905797025127136,1.0915203602105907
syntax_complex,q_small,0.15,191,9.609987946280258,1.2307776529776904,0.13630284062836212,1.0246838427324116
syntax_complex,q_small,0.2,191,10.517962546639705,1.488497166135617,0.1512132449386954,0.9973967820962171
syntax_complex,q_small,0.25,191,11.697399100885244,1.8378146398218433,0.1683119719693255,1.0305660302592108
syntax_complex,q_small,0.3,191,12.991159675168449,2.1371278887580294,0.17640512323809862,1.0951888152531202
syntax_complex,q_small,0.35,191,14.172867736799276,2.2772778225442445,0.17186296512743207,1.1474540864344154
syntax_complex,q_small,0.4,191,15.082787530567977,2.305095065121474,0.16291703843786062,1.1545082876128425
syntax_complex,q_small,0.45,191,15.711651437018986,2.313596096380844,0.15684618534878284,1.13357645599164
syntax_complex,q_small,0.5,191,16.149253307337904,2.324918914991447,0.15381023234825422,1.0988252698602743
syntax_complex,q_small,0.55,191,16.472044920494547,2.3423358960884926,0.1528200685331876,1.0595027505689631
syntax_complex,q_small,0.6,191,16.721149090445554,2.3561097883909516,0.15264330506338583,1.0155173244966744
syntax_complex,q_small,0.65,191,16.913805578640147,2.3668741649807092,0.15309226974676643,0.9656587774097805
syntax_complex,q_small,0.7,191,17.059854296994782,2.365443559411216,0.15344998307227203,0.910540395524574
syntax_complex,q_small,0.75,191,17.15300150541847,2.3397811528584844,0.15321482124269709,0.8470138477182796
syntax_complex,q_small,0.8,191,17.19823308796748,2.2626693883461884,0.15108487565818385,0.7684993022408316
syntax_complex,q_small,0.85,191,17.216312366703583,2.0517514797444125,0.1421981465974702,0.6526792085672246
syntax_complex,q_small,0.9,191,17.295239509379627,1.551084525554857,0.11741366970788733,0.4565135064868361
syntax_complex_s,q0.5_range,0.0,191,4.860661101480485,0.3339102932121087,0.07303580780723506,0.7386021203094687
syntax_complex_s,q0.5_range,0.05,191,5.484414383259366,0.3813514956643679,0.07371310798513353,0.7581345336108589
syntax_complex_s,q0.5_range,0.1,191,6.126283268433688,0.39957730078524967,0.06993159339222126,0.6880016506646113
syntax_complex_s,q0.5_range,0.15,191,7.029173976533888,0.4715613974411437,0.07268979787660562,0.6394829122511833
syntax_complex_s,q0.5_range,0.2,191,8.298483095664924,0.6205899536598348,0.08117578856162318,0.6366104678838601
syntax_complex_s,q0.5_range,0.25,191,9.939420070912485,0.8342600846256473,0.09066603830642464,0.6827872241315504
syntax_complex_s,q0.5_range,0.3,191,11.77269814127008,1.0339351977620794,0.09378256266945939,0.7592660812789868
syntax_complex_s,q0.5_range,0.35,191,13.466816860752356,1.1321134280202911,0.08835073886967952,0.8231294247601842
syntax_complex_s,q0.5_range,0.4,191,14.750864989444896,1.1380843965444545,0.080464534466789,0.826022369045604
syntax_complex_s,q0.5_range,0.45,191,15.536334969521118,1.1407558598770162,0.07703016904249275,0.7905942926201837
syntax_complex_s,q0.5_range,0.5,191,16.149253307337904,1.0406257655893796,0.06902699737939197,0.6795322527959757
syntax_complex_s,q_large,0.0,191,8.3213606346532,0.541075495685545,0.06737716069902128,0.8417748337345107
syntax_complex_s,q_large,0.05,191,8.007674988399565,0.5371051841983339,0.06933399786022457,0.8601438558893679
syntax_complex_s,q_large,0.1,191,7.722665124928419,0.5148432751734289,0.06891484535499334,0.8459651658719481
syntax_complex_s,q_large,0.15,191,7.41466402839246,0.49287597129271826,0.06884052344797854,0.8305246319153274
syntax_complex_s,q_large,0.2,191,7.090282936802459,0.4719177732149827,0.06912608978893217,0.8167910703373559
syntax_complex_s,q_large,0.25,191,6.751339437502469,0.4518191279755261,0.06972220750719191,0.8050437942286577
syntax_complex_s,q_large,0.3,191,6.399601202718279,0.43109181557662013,0.07041075754674302,0.7955954160827937
syntax_complex_s,q_large,0.35,191,6.035099821098166,0.40933450161565693,0.07114278014346401,0.7857548658299927
syntax_complex_s,q_large,0.4,191,5.656777473244847,0.38680539293857874,0.07200024622805747,0.7744041504434873
syntax_complex_s,q_large,0.45,191,5.264837150318082,0.36178549444375174,0.07268484873852811,0.7592563523418824
syntax_complex_s,q_large,0.5,191,4.860661101480485,0.3339102932121087,0.07303580780723506,0.7386021203094687
syntax_complex_s,q_large,0.55,191,4.4501807706080925,0.30275032725814943,0.07270539591017741,0.7127375768201731
syntax_complex_s,q_large,0.6,191,4.050088883483512,0.2658595017068998,0.07044729125192647,0.6796296405282376
syntax_complex_s,q_large,0.65,191,3.693725913151486,0.22237817616931863,0.06466929448216706,0.6407874606153786
syntax_complex_s,q_large,0.7,191,3.421470510261558,0.18507893558570043,0.057986772715893184,0.602688694774468
syntax_complex_s,q_large,0.75,191,3.2628894699707325,0.17139468942676797,0.05619611537301199,0.5626832203540609
syntax_complex_s,q_large,0.8,191,3.220435748040126,0.19237590465896015,0.06383785818582143,0.5407980510926743
syntax_complex_s,q_large,0.85,191,3.2509618129178275,0.24670145039716468,0.08182152871624841,0.54965720208252
syntax_complex_s,q_large,0.9,191,3.209531474705755,0.3026547917574003,0.10649815288527788,0.5298506723066537
syntax_complex_s,q_small,0.0,191,8.3213606346532,0.541075495685545,0.06737716069902128,0.8417748337345107
syntax_complex_s,q_small,0.05,191,8.64898372215965,0.5691655596534324,0.06828417302108354,0.8444469445855417
syntax_complex_s,q_small,0.1,191,9.007456824490854,0.5664154130422331,0.0659407544454718,0.7765065171296716
syntax_complex_s,q_small,0.15,191,9.609987946280258,0.6192279621822375,0.06828696598933369,0.7297038011113384
syntax_complex_s,q_small,0.2,191,10.517962546639705,0.7377839677501793,0.07474878867051837,0.7203624595318792
syntax_complex_s,q_small,0.25,191,11.697399100885244,0.9016785950591992,0.08225843139116525,0.7481503997646184
syntax_complex_s,q_small,0.3,191,12.991159675168449,1.0457424784558649,0.08567960914688677,0.7902101619736663
syntax_complex_s,q_small,0.35,191,14.172867736799276,1.104405005790182,0.08253338557418477,0.8077979889022777
syntax_complex_s,q_small,0.4,191,15.082787530567977,1.0858941313741306,0.07618304132739333,0.7762479959089569
syntax_complex_s,q_small,0.45,191,15.711651437018986,1.0594807924757506,0.07164832139881955,0.7258998621317114
syntax_complex_s,q_small,0.5,191,16.149253307337904,1.0406257655893796,0.06902699737939197,0.6795322527959757
syntax_complex_s,q_small,0.55,191,16.472044920494547,1.0242620333648051,0.06736481753727426,0.638282014506388
syntax_complex_s,q_small,0.6,191,16.721149090445554,1.0134830367459788,0.06658678935317841,0.6004427147333095
syntax_complex_s,q_small,0.65,191,16.913805578640147,1.009615066951274,0.06667365193468125,0.5661146748342191
syntax_complex_s,q_small,0.7,191,17.059854296994782,0.9999412330268879,0.06682641854350312,0.5300821769430397
syntax_complex_s,q_small,0.75,191,17.15300150541847,0.986759668690701,0.06745595931287636,0.48867917521982634
syntax_complex_s,q_small,0.8,191,17.19823308796748,0.957067821666141,0.06807534336475102,0.4366930302796491
syntax_complex_s,q_small,0.85,191,17.216312366703583,0.8847595819103065,0.06679950661527326,0.3702328128627859
syntax_complex_s,q_small,0.9,191,17.295239509379627,0.7119127185766313,0.060457072881016816,0.2632151346793515
syntax_simple,q0.5_range,0.0,188,4.8583898344021765,-0.5664139886449446,-0.11159521799199043,-0.9508012247317895
syntax_simple,q0.5_range,0.05,188,5.481728085801281,-0.6833672710395805,-0.11935290811187081,-1.0281690766496294
syntax_simple,q0.5_range,0.1,188,6.121866808124329,-0.8620571975027925,-0.1348263787573165,-1.1456643812480714
syntax_simple,q0.5_range,0.15,188,7.022053597817734,-1.123346125368812,-0.15263811054529433,-1.2195138164608261
syntax_simple,q0.5_range,0.2,188,8.287117185064666,-1.4578750817320143,-0.16778357739390165,-1.2479482721536788
syntax_simple,q0.5_range,0.25,188,9.922343594092192,-1.7679997868009638,-0.17104149895645646,-1.2336217939624108
syntax_simple,q0.5_range,0.3,188,11.74747642191918,-1.8909104698209702,-0.15613074179528522,-1.156577780987367
syntax_simple,q0.5_range,0.35,188,13.433935360768512,-1.7408880082476588,-0.12596202563312267,-0.9944018837159284
syntax_simple,q0.5_range,0.4,188,14.711965308526327,-1.4535958183494013,-0.09385570710706875,-0.8100690687969009
syntax_simple,q0.5_range,0.45,188,15.496213781742245,-1.214282255825566,-0.07025603642031265,-0.6515541288389906
syntax_simple,q0.5_range,0.5,188,16.112499536746057,-1.1819069069990957,-0.06305977118733722,-0.6117885959622238
syntax_simple,q_large,0.0,188,8.313377117524187,-0.6012233002619622,-0.06847251703661389,-0.7241306459886275
syntax_simple,q_large,0.05,188,7.9996215944923454,-0.5778598659477774,-0.06851642691129049,-0.7113984113336731
syntax_simple,q_large,0.1,188,7.715214439240804,-0.5706385640455088,-0.07053517504910013,-0.727133271617496
syntax_simple,q_large,0.15,188,7.408124518169727,-0.5654952230711388,-0.07301506743411497,-0.7439059146935284
syntax_simple,q_large,0.2,188,7.084572272479088,-0.5626093081550455,-0.07607169058801871,-0.7613870732651042
syntax_simple,q_large,0.25,188,6.746381982881412,-0.5603740104042105,-0.0796455162120972,-0.7808729520872917
syntax_simple,q_large,0.3,188,6.395298157893666,-0.5603996189116006,-0.08408449664495694,-0.8053417804643841
syntax_simple,q_large,0.35,188,6.03133485793534,-0.5630728254729576,-0.08962752482946644,-0.836067411069048
syntax_simple,q_large,0.4,188,5.653507131794365,-0.5667516146651789,-0.09625305174861969,-0.8716850985126685
syntax_simple,q_large,0.45,188,5.262082092591641,-0.5695781045990795,-0.10386333166831417,-0.9114753912880166
syntax_simple,q_large,0.5,188,4.8583898344021765,-0.5664139886449446,-0.11159521799199043,-0.9508012247317895
syntax_simple,q_large,0.55,188,4.448509107082124,-0.5474169898753157,-0.11705527422194521,-0.97738442190951
syntax_simple,q_large,0.6,188,4.049137590720407,-0.49657897322218586,-0.11525044576649732,-0.9607348909834157
syntax_simple,q_large,0.65,188,3.6935658858585696,-0.3990557401605356,-0.09961252449347646,-0.8474889679170134
syntax_simple,q_large,0.7,188,3.422196081029893,-0.24940569793903752,-0.06470207961994047,-0.5614092119605089
syntax_simple,q_large,0.75,188,3.264498188910822,-0.055347369083085955,-0.009857000006975198,-0.11771705669454431
syntax_simple,q_large,0.8,188,3.223115824851705,0.17217443314197306,0.060233573632805806,0.3039298406260898
syntax_simple,q_large,0.85,188,3.2540921984240256,0.39899427420241135,0.13137806872190785,0.5802674939394219
syntax_simple,q_large,0.9,188,3.211815180098418,0.5226726597520092,0.17763844502214868,0.670831594764156
syntax_simple,q_small,0.0,188,8.313377117524187,-0.6012233002619622,-0.06847251703661389,-0.7241306459886275
syntax_simple,q_small,0.05,188,8.640627704992243,-0.7376928958379151,-0.08096583112496417,-0.843014056876197
syntax_simple,q_small,0.1,188,8.997225402196145,-0.946539520527411,-0.1000620480204528,-1.005207991557799
syntax_simple,q_small,0.15,188,9.59670343681168,-1.2176673700331089,-0.12069176869104938,-1.1316304937911559
syntax_simple,q_small,0.2,188,10.500279573192282,-1.5229911107306777,-0.13806008512769585,-1.1958092560816236
syntax_simple,q_small,0.25,188,11.674772446648216,-1.771090138835681,-0.14484656878670324,-1.1924751531231865
syntax_simple,q_small,0.3,188,12.962734573438208,-1.8503374474150331,-0.13668519071010146,-1.1194665323004749
syntax_simple,q_small,0.35,188,14.140079519847108,-1.7244069076489257,-0.11612808674263157,-0.9783003782483702
syntax_simple,q_small,0.4,188,15.0475512279011,-1.4938464554704218,-0.09245840328196221,-0.8233677922848267
syntax_simple,q_small,0.45,188,15.675592473173054,-1.2900474569558693,-0.07377186557899106,-0.6941707958177971
syntax_simple,q_small,0.5,188,16.112499536746057,-1.1819069069990957,-0.06305977118733722,-0.6117885959622238
syntax_simple,q_small,0.55,188,16.43399289985588,-1.159123593564524,-0.058577404837370256,-0.5701473869584879
syntax_simple,q_small,0.6,188,16.68224468462693,-1.1916719955686732,-0.05777459539865327,-0.552687559946342
syntax_simple,q_small,0.65,188,16.87386176296767,-1.2514086615838176,-0.058663437728608235,-0.5451900187716056
syntax_simple,q_small,0.7,188,17.01929102125726,-1.326793713645686,-0.06042139079149427,-0.5414380219949081
syntax_simple,q_small,0.75,188,17.11352976868426,-1.4018565702323067,-0.062070086960474724,-0.533653616922931
syntax_simple,q_small,0.8,188,17.162002689460568,-1.4826801430342083,-0.06380429342541351,-0.5234752351845308
syntax_simple,q_small,0.85,188,17.186179643991768,-1.5933922435356487,-0.06692001316415097,-0.5156499900690591
syntax_simple,q_small,0.9,188,17.2784300587319,-1.747008310668125,-0.07177867575656467,-0.50969298704852
syntax_simple_s,q0.5_range,0.0,191,4.860661101480485,-0.45928653778022127,-0.09054240520079827,-0.9829314222742075
syntax_simple_s,q0.5_range,0.05,191,5.484414383259366,-0.5360563928754903,-0.09354395427818586,-1.017491994753223
syntax_simple_s,q0.5_range,0.1,191,6.126283268433688,-0.6424315917828086,-0.10019731030623759,-1.0474588714169932
syntax_simple_s,q0.5_range,0.15,191,7.029173976533888,-0.7814781093216263,-0.10550085544387056,-1.006309248023051
syntax_simple_s,q0.5_range,0.2,191,8.298483095664924,-0.9616674562004637,-0.10933836098819143,-0.9543234298198916
syntax_simple_s,q0.5_range,0.25,191,9.939420070912485,-1.1362053047478178,-0.10772111353101099,-0.906579809831134
syntax_simple_s,q0.5_range,0.3,191,11.77269814127008,-1.2171051992096713,-0.09756423703140865,-0.863003943271225
syntax_simple_s,q0.5_range,0.35,191,13.466816860752356,-1.1418544853614565,-0.07973582169299959,-0.8008949754343804
syntax_simple_s,q0.5_range,0.4,191,14.750864989444896,-0.9848670295698718,-0.06135539855098387,-0.704554227949528
syntax_simple_s,q0.5_range,0.45,191,15.536334969521118,-0.8396151228087979,-0.047014148953779866,-0.5752851362320286
syntax_simple_s,q0.5_range,0.5,191,16.149253307337904,-0.725797656817768,-0.03678115453961388,-0.4613991395804225
syntax_simple_s,q_large,0.0,191,8.3213606346532,-0.5123572051655583,-0.05834904785946201,-0.8050858634966563
syntax_simple_s,q_large,0.05,191,8.007674988399565,-0.5116389725533835,-0.06071517604197502,-0.8235021290830448
syntax_simple_s,q_large,0.1,191,7.722665124928419,-0.5073680315417718,-0.06268810720133364,-0.8391822015195317
syntax_simple_s,q_large,0.15,191,7.41466402839246,-0.5004396398047835,-0.06453161490142174,-0.847032495071308
syntax_simple_s,q_large,0.2,191,7.090282936802459,-0.4939345092958773,-0.0666846332029998,-0.8573059040510669
syntax_simple_s,q_large,0.25,191,6.751339437502469,-0.4865211036158968,-0.06903876564757455,-0.8677695738155385
syntax_simple_s,q_large,0.3,191,6.399601202718279,-0.4799892743350448,-0.071892723741536,-0.8817343435023769
syntax_simple_s,q_large,0.35,191,6.035099821098166,-0.47511650943773875,-0.07548974682128017,-0.9012159278332679
syntax_simple_s,q_large,0.4,191,5.656777473244847,-0.4708860173960405,-0.07983231461589378,-0.9245697575244874
syntax_simple_s,q_large,0.45,191,5.264837150318082,-0.46638332068548827,-0.08493894888325369,-0.9525701497329192
syntax_simple_s,q_large,0.5,191,4.860661101480485,-0.45928653778022127,-0.09054240520079827,-0.9829314222742075
syntax_simple_s,q_large,0.55,191,4.4501807706080925,-0.4445546319540311,-0.09554899957147259,-1.0114880414885616
syntax_simple_s,q_large,0.6,191,4.050088883483512,-0.4149341886954056,-0.09761052588343798,-1.02866254958783
syntax_simple_s,q_large,0.65,191,3.693725913151486,-0.3672280679582879,-0.09424939373388264,-1.0223916363818273
syntax_simple_s,q_large,0.7,191,3.421470510261558,-0.3022958742710272,-0.08322223556558077,-0.9406717902265537
syntax_simple_s,q_large,0.75,191,3.2628894699707325,-0.2278626845532766,-0.06460828234987698,-0.707369675864182
syntax_simple_s,q_large,0.8,191,3.220435748040126,-0.14757915883165926,-0.03957503998374017,-0.3849423601564422
syntax_simple_s,q_large,0.85,191,3.2509618129178275,-0.0575990977463939,-0.009098936387713575,-0.11888501568758031
syntax_simple_s,q_large,0.9,191,3.209531474705755,0.03944973550527249,0.025062196465517567,0.06600706478461997
syntax_simple_s,q_small,0.0,191,8.3213606346532,-0.5123572051655583,-0.05834904785946201,-0.8050858634966563
syntax_simple_s,q_small,0.05,191,8.64898372215965,-0.5971621507477551,-0.06541294615888966,-0.8800999702535369
syntax_simple_s,q_small,0.1,191,9.007456824490854,-0.7152164242720062,-0.07520229649520078,-0.9533824234112349
syntax_simple_s,q_small,0.15,191,9.609987946280258,-0.8496342028132619,-0.0832795719563942,-0.9530642524835146
syntax_simple_s,q_small,0.2,191,10.517962546639705,-1.0006855415235498,-0.08908445720459719,-0.9265302384099932
syntax_simple_s,q_small,0.25,191,11.697399100885244,-1.123296403215356,-0.08950558377423996,-0.8873858056103856
syntax_simple_s,q_small,0.3,191,12.991159675168449,-1.155343636362823,-0.08246695881825576,-0.835515970387999
syntax_simple_s,q_small,0.35,191,14.172867736799276,-1.0685826339786288,-0.06907493556187567,-0.7531925794067271
syntax_simple_s,q_small,0.4,191,15.082787530567977,-0.9206290691429855,-0.054379291648526784,-0.638633719712766
syntax_simple_s,q_small,0.45,191,15.711651437018986,-0.7911257463482371,-0.04298120153776558,-0.5294234640392415
syntax_simple_s,q_small,0.5,191,16.149253307337904,-0.725797656817768,-0.03678115453961388,-0.4613991395804225
syntax_simple_s,q_small,0.55,191,16.472044920494547,-0.7115270043875176,-0.034105053966023195,-0.42533491625143116
syntax_simple_s,q_small,0.6,191,16.721149090445554,-0.7220708063919934,-0.03298596767704658,-0.404098141536642
syntax_simple_s,q_small,0.65,191,16.913805578640147,-0.7405905910184344,-0.03230698194406812,-0.3870467621174526
syntax_simple_s,q_small,0.7,191,17.059854296994782,-0.7566947885350048,-0.031361157922987486,-0.3669247003354766
syntax_simple_s,q_small,0.75,191,17.15300150541847,-0.751834753240033,-0.02900737998811051,-0.3354193249668652
syntax_simple_s,q_small,0.8,191,17.19823308796748,-0.7291170100798211,-0.025112566945661368,-0.29550960339925775
syntax_simple_s,q_small,0.85,191,17.216312366703583,-0.6989139400715999,-0.02002811273487214,-0.2534426009500291
syntax_simple_s,q_small,0.9,191,17.295239509379627,-0.5925921279173263,-0.008998100317037721,-0.18350732603446382
topics_down,q0.5_range,0.0,189,4.859805071651351,0.09488663964380166,0.032787885397818475,0.14068780335076667
topics_down,q0.5_range,0.05,189,5.483041384315869,0.12112523996322891,0.03575845135615043,0.15758242038259027
topics_down,q0.5_range,0.1,189,6.1251892327196815,0.13753337711708394,0.03687584739382744,0.15537246114576025
topics_down,q0.5_range,0.15,189,7.028046082102681,0.16535037353274065,0.04024170741585481,0.14840604943014044
topics_down,q0.5_range,0.2,189,8.29681823088176,0.24009191720638182,0.0480503328928719,0.16662321149232537
topics_down,q0.5_range,0.25,189,9.936086451540325,0.4020301382355755,0.06041045134784802,0.22488053209967843
topics_down,q0.5_range,0.3,189,11.766052861208928,0.6439006095774861,0.07274345052694656,0.3196705685972739
topics_down,q0.5_range,0.35,189,13.457615707326484,0.8942378651653956,0.08098979784490273,0.4343346220442085
topics_down,q0.5_range,0.4,189,14.741355758376221,1.1408111491436164,0.08916389882308498,0.5610244940767062
topics_down,q0.5_range,0.45,189,15.527320968154562,1.4020729808401222,0.10114548731599818,0.6710292837678007
topics_down,q0.5_range,0.5,189,16.140096584547617,1.4314218471541325,0.09914289998384741,0.6459427187315445
topics_down,q_large,0.0,189,8.318938232037752,0.3432567918299756,0.049414637244592836,0.3535027455405176
topics_down,q_large,0.05,189,8.005569304892175,0.335850012029831,0.050327690501734454,0.356524249341059
topics_down,q_large,0.1,189,7.720747338688333,0.29454997605158245,0.046691458575976334,0.32325624659868096
topics_down,q_large,0.15,189,7.412837885329387,0.25804069104813565,0.043663337792624775,0.29268823961433243
topics_down,q_large,0.2,189,7.088555815023469,0.22749802069363748,0.04136287572885747,0.2662594620968116
topics_down,q_large,0.25,189,6.749720885988806,0.20140080310031222,0.03957214949429397,0.24328164200584104
topics_down,q_large,0.3,189,6.398080956588603,0.1779421924373459,0.03807477889353106,0.22226228555592534
topics_down,q_large,0.35,189,6.033679007429252,0.15561413860550896,0.03667206564489118,0.2015380498539658
topics_down,q_large,0.4,189,5.655488514929804,0.13459037377826671,0.03539199790483126,0.18145153646680523
topics_down,q_large,0.45,189,5.263730370816096,0.1142883703439961,0.03412401046579291,0.16108797822302995
topics_down,q_large,0.5,189,4.859805071651351,0.09488663964380166,0.032787885397818475,0.14068780335076667
topics_down,q_large,0.55,189,4.449601593490876,0.07629744742174607,0.031033214793151825,0.12072401913740541
topics_down,q_large,0.6,189,4.049816358161963,0.057326962205002385,0.028100300896912993,0.09945961605414888
topics_down,q_large,0.65,189,3.6937104945998476,0.03836773013791426,0.02340028805391879,0.07612129167177842
topics_down,q_large,0.7,189,3.421515128535854,0.02787562582836145,0.019389462555279777,0.06472401187876974
topics_down,q_large,0.75,189,3.262655751882239,0.03596592988057398,0.020837921857575305,0.09088142276804416
topics_down,q_large,0.8,189,3.219816584275713,0.05770561832824669,0.027960936950207668,0.13546401128382546
topics_down,q_large,0.85,189,3.249893671669353,0.07619191050261932,0.036336391966957586,0.14877487159469024
topics_down,q_large,0.9,189,3.2081841650277827,0.07413778968141689,0.04419486846417196,0.11738564842254776
topics_down,q_small,0.0,189,8.318938232037752,0.3432567918299756,0.049414637244592836,0.3535027455405176
topics_down,q_small,0.05,189,8.646063106989084,0.36810473753321965,0.05149246474706946,0.35336394942568117
topics_down,q_small,0.1,189,9.004909413301034,0.3820965506219645,0.052358400267675805,0.33578033440998445
topics_down,q_small,0.15,189,9.607328215391583,0.41714970428814147,0.055259385048286404,0.3124382932254596
topics_down,q_small,0.2,189,10.514607951679357,0.504882165117058,0.061881022741347214,0.3144374983075766
topics_down,q_small,0.25,189,11.692409495074475,0.6692477173969421,0.07225212548053107,0.3567905906662397
topics_down,q_small,0.3,189,12.98342673337826,0.8816298345610231,0.0823998051636513,0.43139162638864337
topics_down,q_small,0.35,189,14.163027205813874,1.0667835538240575,0.08815068401421385,0.5132747827061375
topics_down,q_small,0.4,189,15.07236819602642,1.2062463321852193,0.09128363978666604,0.5827684500811651
topics_down,q_small,0.45,189,15.701728179760496,1.325172168678172,0.09488414444396669,0.6261381845587746
topics_down,q_small,0.5,189,16.140096584547617,1.4314218471541325,0.09914289998384741,0.6459427187315445
topics_down,q_small,0.55,189,16.463767530334426,1.5261581486870406,0.10369781217612704,0.6507481797408505
topics_down,q_small,0.6,189,16.713306178167397,1.6152197181499672,0.10854113278095383,0.6477335795242932
topics_down,q_small,0.65,189,16.90594221815083,1.702187922515625,0.11382275863580703,0.6395950419250186
topics_down,q_small,0.7,189,17.051583807990664,1.7849294710378434,0.11945680062171704,0.6217698714002818
topics_down,q_small,0.75,189,17.14434976175172,1.866200437318333,0.12572706798647607,0.5973801312225514
topics_down,q_small,0.8,189,17.188950794804303,1.9174674306506632,0.13150010561023862,0.5565692717013206
topics_down,q_small,0.85,189,17.205650588428185,1.8900401164820426,0.1340757445858818,0.4904212806442586
topics_down,q_small,0.9,189,17.281682361750796,1.6286239826047242,0.12461283598162531,0.37211358873779604
topics_down_v2,q0.5_range,0.0,191,4.860661101480485,-0.42466973304615385,-0.08110805378527763,-0.6609168906979712
topics_down_v2,q0.5_range,0.05,191,5.484414383259366,-0.5005179544400519,-0.0851700412057218,-0.6728955024848962
topics_down_v2,q0.5_range,0.1,191,6.126283268433688,-0.5894153825120683,-0.08967562998417374,-0.668448754489073
topics_down_v2,q0.5_range,0.15,191,7.029173976533888,-0.7259612356512593,-0.09547727755339262,-0.6476521659582699
topics_down_v2,q0.5_range,0.2,191,8.298483095664924,-0.9089342643243814,-0.10050647015398215,-0.618669839744972
topics_down_v2,q0.5_range,0.25,191,9.939420070912485,-1.0871144354877902,-0.10000683582631226,-0.5781153848163083
topics_down_v2,q0.5_range,0.3,191,11.77269814127008,-1.1627332217522073,-0.090260195944392,-0.5254511331823726
topics_down_v2,q0.5_range,0.35,191,13.466816860752356,-1.0651183911129924,-0.07169697003944556,-0.45367247787297776
topics_down_v2,q0.5_range,0.4,191,14.750864989444896,-0.8431829425879667,-0.04997442541775233,-0.3671611556957324
topics_down_v2,q0.5_range,0.45,191,15.536334969521118,-0.5648545270197888,-0.028416421181389217,-0.2584321360415352
topics_down_v2,q0.5_range,0.5,191,16.149253307337904,-0.3628505254479778,-0.014243911173303052,-0.17320141062887814
topics_down_v2,q_large,0.0,191,8.3213606346532,-0.44935885309564444,-0.049120389461612395,-0.4928321696562615
topics_down_v2,q_large,0.05,191,8.007674988399565,-0.4510498013915072,-0.051470133218357465,-0.5050719043871088
topics_down_v2,q_large,0.1,191,7.722665124928419,-0.4584698966851644,-0.05458534446630742,-0.5265197717088822
topics_down_v2,q_large,0.15,191,7.41466402839246,-0.45840233220966853,-0.057015003670694744,-0.5407645763630564
topics_down_v2,q_large,0.2,191,7.090282936802459,-0.4572751631714385,-0.05960959805264904,-0.5554101962818435
topics_down_v2,q_large,0.25,191,6.751339437502469,-0.454847262481144,-0.06238793773774398,-0.5702103557211398
topics_down_v2,q_large,0.3,191,6.399601202718279,-0.45225067858613277,-0.0655526245624884,-0.5867159511463182
topics_down_v2,q_large,0.35,191,6.035099821098166,-0.449392534810652,-0.0691753388706433,-0.6051962811866566
topics_down_v2,q_large,0.4,191,5.656777473244847,-0.44519188536944004,-0.07317487753586456,-0.6247586392926695
topics_down_v2,q_large,0.45,191,5.264837150318082,-0.4380583524199757,-0.07736488928207724,-0.6441655090704232
topics_down_v2,q_large,0.5,191,4.860661101480485,-0.42466973304615385,-0.08110805378527763,-0.6609168906979712
topics_down_v2,q_large,0.55,191,4.4501807706080925,-0.3984295774192941,-0.08273551997314438,-0.6700039906756371
topics_down_v2,q_large,0.6,191,4.050088883483512,-0.3516230994792898,-0.0795005251366254,-0.6613573515666887
topics_down_v2,q_large,0.65,191,3.693725913151486,-0.28056628874705686,-0.06857374571269288,-0.6120953817035585
topics_down_v2,q_large,0.7,191,3.421470510261558,-0.18956542264135298,-0.04869495247286725,-0.4719054975609013
topics_down_v2,q_large,0.75,191,3.2628894699707325,-0.09295063976075352,-0.022165685171885538,-0.23030938636909246
topics_down_v2,q_large,0.8,191,3.220435748040126,-0.005202766351875696,0.006161946110724554,-0.010995378587931771
topics_down_v2,q_large,0.85,191,3.2509618129178275,0.0632416929630242,0.03159565203154958,0.1104911018589906
topics_down_v2,q_large,0.9,191,3.209531474705755,0.10526079480125908,0.054834810626498844,0.1536215993304538
topics_down_v2,q_small,0.0,191,8.3213606346532,-0.44935885309564444,-0.049120389461612395,-0.4928321696562615
topics_down_v2,q_small,0.05,191,8.64898372215965,-0.5192363086295673,-0.05486023592719208,-0.524659254694505
topics_down_v2,q_small,0.1,191,9.007456824490854,-0.6072964182310776,-0.061623829358572295,-0.5470983461239248
topics_down_v2,q_small,0.15,191,9.609987946280258,-0.7321962594886949,-0.06922155734616017,-0.5544809314761588
topics_down_v2,q_small,0.2,191,10.517962546639705,-0.8822871401782288,-0.07564354966386672,-0.5467389102442815
topics_down_v2,q_small,0.25,191,11.697399100885244,-1.0078660279364395,-0.07713143205352065,-0.520708605077841
topics_down_v2,q_small,0.3,191,12.991159675168449,-1.035364002354352,-0.07081518482962443,-0.47664463067810553
topics_down_v2,q_small,0.35,191,14.172867736799276,-0.9268292445931702,-0.057181211403969576,-0.4120243477257306
topics_down_v2,q_small,0.4,191,15.082787530567977,-0.7280290340492472,-0.04042663895760316,-0.33123040421873884
topics_down_v2,q_small,0.45,191,15.711651437018986,-0.5186928916747178,-0.025128587213333428,-0.24442790699910624
topics_down_v2,q_small,0.5,191,16.149253307337904,-0.3628505254479778,-0.014243911173303052,-0.17320141062887814
topics_down_v2,q_small,0.55,191,16.472044920494547,-0.2677934609980512,-0.007517831925623253,-0.12648246886766967
topics_down_v2,q_small,0.6,191,16.721149090445554,-0.20858216743918528,-0.003093145333305678,-0.09603090484779868
topics_down_v2,q_small,0.65,191,16.913805578640147,-0.16565885064437347,0.00033697961390131916,-0.07347508855294398
topics_down_v2,q_small,0.7,191,17.059854296994782,-0.12684548326563644,0.0035952417999408352,-0.05346733217186339
topics_down_v2,q_small,0.75,191,17.15300150541847,-0.07791909430085654,0.007615050627269053,-0.03088004878565317
topics_down_v2,q_small,0.8,191,17.19823308796748,-0.017322889668473895,0.012953502724962183,-0.006369529364423268
topics_down_v2,q_small,0.85,191,17.216312366703583,0.056668700927770196,0.020120743205139065,0.018866909231079435
topics_down_v2,q_small,0.9,191,17.295239509379627,0.17046394056626596,0.031951755045539744,0.04928679900940308
topics_up,q0.5_range,0.0,188,4.849043926044303,1.007331101174777,0.22839359677081703,1.2297518421054365
topics_up,q0.5_range,0.05,188,5.47118734454972,1.2047190825371321,0.24208967976974963,1.2578114804418326
topics_up,q0.5_range,0.1,188,6.111555066496458,1.4597728165091597,0.26215631297690406,1.2532726036870065
topics_up,q0.5_range,0.15,188,7.012331162251485,1.9320085211722242,0.30180378504703964,1.241409698164706
topics_up,q0.5_range,0.2,188,8.27927153667226,2.638049268461372,0.34822743089675384,1.28563754432365
topics_up,q0.5_range,0.25,188,9.917067650061073,3.306712761185184,0.3647820839435795,1.4076510086696683
topics_up,q0.5_range,0.3,188,11.748685204749249,3.5795568275755616,0.3327923615652987,1.5195785799268313
topics_up,q0.5_range,0.35,188,13.444672972389592,3.4243458107659457,0.2752439164203375,1.529578384317224
topics_up,q0.5_range,0.4,188,14.732424718888872,3.152773458211848,0.22805196370867717,1.462373295748731
topics_up,q0.5_range,0.45,188,15.523453647100169,2.978816294172159,0.2027653673634414,1.389018564851323
topics_up,q0.5_range,0.5,188,16.14086923467858,2.655001419615582,0.1742490326321037,1.2269215874579988
topics_up,q_large,0.0,188,8.307182900698841,1.502233940661656,0.19165133017289446,1.3519155352536447
topics_up,q_large,0.05,188,7.993309528859142,1.4940121444383851,0.19838875006877915,1.3602377633983687
topics_up,q_large,0.1,188,7.7079175658212105,1.4469916648902656,0.19983157802876497,1.3452164408633465
topics_up,q_large,0.15,188,7.399946838454489,1.3990467001056035,0.20190267617441693,1.3322186431073544
topics_up,q_large,0.2,188,7.075761128170288,1.3501683523337131,0.20451889134904186,1.318791679628502
topics_up,q_large,0.25,188,6.737207963195814,1.3013145785949993,0.20777857213475318,1.3070164069932322
topics_up,q_large,0.3,188,6.385934804319776,1.2509644363289316,0.21150057700434183,1.2958937560298869
topics_up,q_large,0.35,188,6.021960484149809,1.1976532842879775,0.21559440028287152,1.283295725851456
topics_up,q_large,0.4,188,5.644175080899531,1.1404061578602256,0.2200157375557461,1.2684466417639493
topics_up,q_large,0.45,188,5.252742393058901,1.0781262248842767,0.2245859466676469,1.2512299602918282
topics_up,q_large,0.5,188,4.849043926044303,1.007331101174777,0.22839359677081703,1.2297518421054365
topics_up,q_large,0.55,188,4.439139217672706,0.9230986309716577,0.22937168344170614,1.200885152839148
topics_up,q_large,0.6,188,4.039882709079996,0.8129806653245332,0.222103288710784,1.1500545706321696
topics_up,q_large,0.65,188,3.6846683051962392,0.6610231679625475,0.1979498678489974,1.0474005934826491
topics_up,q_large,0.7,188,3.4138327635935513,0.47043094024495663,0.15334725236711724,0.8697010136192042
topics_up,q_large,0.75,188,3.2565329513269665,0.28639664273232285,0.10146530457020392,0.6244324992341524
topics_up,q_large,0.8,188,3.2150001264170736,0.16537787152266645,0.06397856934594823,0.3709444336048497
topics_up,q_large,0.85,188,3.246759825072139,0.13707245871223542,0.055083814134273476,0.25915379211899675
topics_up,q_large,0.9,188,3.2063454942611465,0.17235267786825614,0.07154121262387668,0.2630760752187479
topics_up,q_small,0.0,188,8.307182900698841,1.502233940661656,0.19165133017289446,1.3519155352536447
topics_up,q_small,0.05,188,8.633750903683632,1.649791970116889,0.20300421770834762,1.3693800030427539
topics_up,q_small,0.1,188,8.991321675552312,1.8528734027770213,0.21924914942935203,1.3639375730313346
topics_up,q_small,0.15,188,9.592719069855015,2.24099724270695,0.24874017908871565,1.3524866554421975
topics_up,q_small,0.2,188,10.499796306073293,2.7876590628204907,0.2828015131167972,1.3833635032513418
topics_up,q_small,0.25,188,11.678269064221583,3.2552531147563926,0.29779085782691284,1.4667505921653095
topics_up,q_small,0.3,188,12.972713495511263,3.394170641396715,0.2802616451585653,1.5241997759075971
topics_up,q_small,0.35,188,14.157269373469978,3.2124440890980694,0.24246902715950436,1.488126069963436
topics_up,q_small,0.4,188,15.070477925271053,2.9507329968460083,0.20805424332885122,1.3965196775320314
topics_up,q_small,0.45,188,15.701834473011766,2.7643106142494642,0.18636178526948552,1.3066253616859196
topics_up,q_small,0.5,188,16.14086923467858,2.655001419615582,0.1742490326321037,1.2269215874579988
topics_up,q_small,0.55,188,16.464809504810656,2.5859783389805497,0.16711709899758095,1.152131656049354
topics_up,q_small,0.6,188,16.715671218034235,2.5396120728568476,0.16278094833754103,1.080788964844675
topics_up,q_small,0.65,188,16.910917859818085,2.496646392745256,0.15968257292093427,1.0075242114084972
topics_up,q_small,0.7,188,17.06039978476759,2.450531021683705,0.1572846450516695,0.9323212660036672
topics_up,q_small,0.75,188,17.157504993406857,2.3913514116053047,0.1550865056492507,0.8547891420619059
topics_up,q_small,0.8,188,17.207301354826043,2.289828074597268,0.15188964759604906,0.7624635088746357
topics_up,q_small,0.85,188,17.229204816667963,2.099713251597931,0.14485080061674388,0.6410000574158621
topics_up,q_small,0.9,188,17.31087537570115,1.7225545914328,0.12830698210247052,0.46853482141194375
topics_up_v2,q0.5_range,0.0,191,4.860661101480485,1.4774064075715387,0.3249314455699606,1.5614233598989857
topics_up_v2,q0.5_range,0.05,191,5.484414383259366,1.8446657220362421,0.3583308490334387,1.5795520186328325
topics_up_v2,q0.5_range,0.1,191,6.126283268433688,2.3850961079563144,0.41293338059358364,1.5245312661396158
topics_up_v2,q0.5_range,0.15,191,7.029173976533888,3.2341717046431597,0.48711932391790946,1.5552670482792952
topics_up_v2,q0.5_range,0.2,191,8.298483095664924,4.1861249300159535,0.5360615100427443,1.713096453521682
topics_up_v2,q0.5_range,0.25,191,9.939420070912485,4.7475156621489285,0.5119267451234695,1.8973365494378303
topics_up_v2,q0.5_range,0.3,191,11.77269814127008,4.604052618292813,0.42076565234270874,1.9335186537679752
topics_up_v2,q0.5_range,0.35,191,13.466816860752356,3.9876737134084252,0.3160116907143042,1.7825173569198554
topics_up_v2,q0.5_range,0.4,191,14.750864989444896,3.3200176818567466,0.23707730638175292,1.566812203487142
topics_up_v2,q0.5_range,0.45,191,15.536334969521118,2.8147996714965875,0.18906797107120657,1.4054531696837396
topics_up_v2,q0.5_range,0.5,191,16.149253307337904,2.334436226391725,0.15098583540276567,1.2201360905596272
topics_up_v2,q_large,0.0,191,8.3213606346532,1.9074242405345057,0.2385963967949383,1.6065507432864368
topics_up_v2,q_large,0.05,191,8.007674988399565,1.9128188792236205,0.24909208268804656,1.6012472570513816
topics_up_v2,q_large,0.1,191,7.722665124928419,1.8951952162692605,0.2565420484812154,1.5948044899252753
topics_up_v2,q_large,0.15,191,7.41466402839246,1.8715325907222184,0.2644692477508093,1.6008972331247033
topics_up_v2,q_large,0.2,191,7.090282936802459,1.8392088766344672,0.27246859625156444,1.606761590618919
topics_up_v2,q_large,0.25,191,6.751339437502469,1.7991403751824917,0.2806042545585314,1.6084217879659148
topics_up_v2,q_large,0.3,191,6.399601202718279,1.7518283844360494,0.28898895308529543,1.6077982853370607
topics_up_v2,q_large,0.35,191,6.035099821098166,1.696622354894952,0.2976428579074571,1.6032635317974433
topics_up_v2,q_large,0.4,191,5.656777473244847,1.6337948891846874,0.3067591115212136,1.5942050127065799
topics_up_v2,q_large,0.45,191,5.264837150318082,1.5617554367273436,0.3161294814366275,1.5808649426791022
topics_up_v2,q_large,0.5,191,4.860661101480485,1.4774064075715387,0.3249314455699606,1.5614233598989857
topics_up_v2,q_large,0.55,191,4.4501807706080925,1.373525608848186,0.33052143059437133,1.5312031206525412
topics_up_v2,q_large,0.6,191,4.050088883483512,1.2348144354400454,0.32622655075106805,1.473247958338161
topics_up_v2,q_large,0.65,191,3.693725913151486,1.036285165176126,0.29939517356855827,1.350508953479757
topics_up_v2,q_large,0.7,191,3.421470510261558,0.7647538500805323,0.2389445076409519,1.128004820594835
topics_up_v2,q_large,0.75,191,3.2628894699707325,0.4489805108456759,0.1508262987938298,0.7917397173190797
topics_up_v2,q_large,0.8,191,3.220435748040126,0.15848526997766363,0.06152904606890292,0.3387820031851688
topics_up_v2,q_large,0.85,191,3.2509618129178275,-0.03908375866679979,0.00041952370686242394,-0.0867635943714956
topics_up_v2,q_large,0.9,191,3.209531474705755,-0.10006544651580541,-0.015624345870460838,-0.18985314824810676
topics_up_v2,q_small,0.0,191,8.3213606346532,1.9074242405345057,0.2385963967949383,1.6065507432864368
topics_up_v2,q_small,0.05,191,8.64898372215965,2.1888959442562466,0.26333685445995314,1.6155105587599277
topics_up_v2,q_small,0.1,191,9.007456824490854,2.615082561297081,0.30180089610763466,1.5798240854458445
topics_up_v2,q_small,0.15,191,9.609987946280258,3.248340002377103,0.3515117904285778,1.619904127377016
topics_up_v2,q_small,0.2,191,10.517962546639705,3.8757863841984226,0.38481308672299575,1.7440832013007201
topics_up_v2,q_small,0.25,191,11.697399100885244,4.154170035680702,0.37375502832824187,1.8540458625029161
topics_up_v2,q_small,0.3,191,12.991159675168449,3.932887408726718,0.32029174562406,1.8325472988242395
topics_up_v2,q_small,0.35,191,14.172867736799276,3.4260609511030578,0.25517832321727646,1.6829047118294684
topics_up_v2,q_small,0.4,191,15.082787530567977,2.934079669667606,0.204033367617994,1.5031372977771866
topics_up_v2,q_small,0.45,191,15.711651437018986,2.5812314330444193,0.17150572471573436,1.3529426414143826
topics_up_v2,q_small,0.5,191,16.149253307337904,2.334436226391725,0.15098583540276567,1.2201360905596272
topics_up_v2,q_small,0.55,191,16.472044920494547,2.144031750922809,0.136646237442496,1.0973723021996251
topics_up_v2,q_small,0.6,191,16.721149090445554,1.9785992383204365,0.12527024239527562,0.9819400453062164
topics_up_v2,q_small,0.65,191,16.913805578640147,1.8219257093583712,0.11533581241058012,0.8720614029528357
topics_up_v2,q_small,0.7,191,17.059854296994782,1.6623117786887933,0.10598222837446328,0.7645092794854222
topics_up_v2,q_small,0.75,191,17.15300150541847,1.5048636707224452,0.09759635136256549,0.657378518553077
topics_up_v2,q_small,0.8,191,17.19823308796748,1.3347207932303085,0.08971589529426767,0.5425339035520477
topics_up_v2,q_small,0.85,191,17.216312366703583,1.1583114695110843,0.08262956835042828,0.4288718027020121
topics_up_v2,q_small,0.9,191,17.295239509379627,0.9499948686083377,0.07500174830873761,0.3087802739389008
words_common,q0.5_range,0.0,191,4.860661101480485,-0.18761468519743063,-0.035214084303704755,-0.47248304500972865
words_common,q0.5_range,0.05,191,5.484414383259366,-0.23254653189911526,-0.0393334500826764,-0.539039974003069
words_common,q0.5_range,0.1,191,6.126283268433688,-0.300022352704947,-0.045956428745658334,-0.6169725089084428
words_common,q0.5_range,0.15,191,7.029173976533888,-0.4152450201098254,-0.055525509068735504,-0.6920440184107192
words_common,q0.5_range,0.2,191,8.298483095664924,-0.5799611910444861,-0.06601524993406968,-0.7519939155503468
words_common,q0.5_range,0.25,191,9.939420070912485,-0.7478862930316006,-0.07183994772739859,-0.7750483175172759
words_common,q0.5_range,0.3,191,11.77269814127008,-0.8354204410314324,-0.06857374909876524,-0.7448141581535499
words_common,q0.5_range,0.35,191,13.466816860752356,-0.7865900939423787,-0.056558685236002944,-0.6412508815166582
words_common,q0.5_range,0.4,191,14.750864989444896,-0.6436220279124776,-0.04114547543889349,-0.4917924614418148
words_common,q0.5_range,0.45,191,15.536334969521118,-0.47853071659115315,-0.026885188909098367,-0.34096680045475597
words_common,q0.5_range,0.5,191,16.149253307337904,-0.5217233694350484,-0.027320176739559335,-0.3470767443940989
words_common,q_large,0.0,191,8.3213606346532,-0.2752492158399882,-0.030291653971605385,-0.4812528187659401
words_common,q_large,0.05,191,8.007674988399565,-0.2535634970506183,-0.028923390021588488,-0.4620951223563705
words_common,q_large,0.1,191,7.722665124928419,-0.254104331427407,-0.030330682047083772,-0.4825470137083425
words_common,q_large,0.15,191,7.41466402839246,-0.24926444940502446,-0.031097498153686693,-0.49252748207519376
words_common,q_large,0.2,191,7.090282936802459,-0.2429232584811015,-0.031713990646656635,-0.49827726571897024
words_common,q_large,0.25,191,6.751339437502469,-0.23522221730741105,-0.03224628413059514,-0.49924195606368127
words_common,q_large,0.3,191,6.399601202718279,-0.22718789834280967,-0.03284183956298741,-0.49768333755808314
words_common,q_large,0.35,191,6.035099821098166,-0.21917750565561916,-0.03357900177085583,-0.4946964279881482
words_common,q_large,0.4,191,5.656777473244847,-0.210529378083263,-0.03436529187261749,-0.4899061730625124
words_common,q_large,0.45,191,5.264837150318082,-0.20085857856756428,-0.035109349789677086,-0.48380611998193807
words_common,q_large,0.5,191,4.860661101480485,-0.18761468519743063,-0.035214084303704755,-0.47248304500972865
words_common,q_large,0.55,191,4.4501807706080925,-0.1669782349468644,-0.033543608754818065,-0.447445082183368
words_common,q_large,0.6,191,4.050088883483512,-0.1322420024232208,-0.027778744455327464,-0.385216386652023
words_common,q_large,0.65,191,3.693725913151486,-0.08034149609527215,-0.015946377511242275,-0.2582094278823853
words_common,q_large,0.7,191,3.421470510261558,-0.015370011926812924,0.001889627825288309,-0.052689952499092155
words_common,q_large,0.75,191,3.2628894699707325,0.0517519557448881,0.02279717513658651,0.17008534293776628
words_common,q_large,0.8,191,3.220435748040126,0.10458548431327969,0.0405122320831515,0.2971374430174897
words_common,q_large,0.85,191,3.2509618129178275,0.12885003309049198,0.04983215467891673,0.299573709811983
words_common,q_large,0.9,191,3.209531474705755,0.12271282912489043,0.05233225625847041,0.23496426048643962
words_common,q_small,0.0,191,8.3213606346532,-0.2752492158399882,-0.030291653971605385,-0.4812528187659401
words_common,q_small,0.05,191,8.64898372215965,-0.31055725260365274,-0.033111559998035375,-0.5237291801099296
words_common,q_small,0.1,191,9.007456824490854,-0.37381173655653555,-0.03857527660625162,-0.5858655316370514
words_common,q_small,0.15,191,9.609987946280258,-0.4797209364474323,-0.046545854469669225,-0.6529511151224082
words_common,q_small,0.2,191,10.517962546639705,-0.6219658506868827,-0.05535307794845217,-0.7054916526493041
words_common,q_small,0.25,191,11.697399100885244,-0.7540790290595887,-0.06066449047626876,-0.7190229045399897
words_common,q_small,0.3,191,12.991159675168449,-0.8144514650838521,-0.059211413901240816,-0.6838765884546103
words_common,q_small,0.35,191,14.172867736799276,-0.7742561651775867,-0.05135324444817347,-0.6007328318988261
words_common,q_small,0.4,191,15.082787530567977,-0.6693107294964178,-0.04081181366533292,-0.4931750321748764
words_common,q_small,0.45,191,15.711651437018986,-0.5710729248514119,-0.03213897570599768,-0.40074044231179834
words_common,q_small,0.5,191,16.149253307337904,-0.5217233694350484,-0.027320176739559335,-0.3470767443940989
words_common,q_small,0.55,191,16.472044920494547,-0.5096687205392009,-0.025155465532607824,-0.3201898136697034
words_common,q_small,0.6,191,16.721149090445554,-0.5223642949235329,-0.024578938418396392,-0.3074596265561132
words_common,q_small,0.65,191,16.913805578640147,-0.5435078783319619,-0.024464629590429224,-0.2977002384946035
words_common,q_small,0.7,191,17.059854296994782,-0.5719762985983261,-0.024632005004472903,-0.2903159682679454
words_common,q_small,0.75,191,17.15300150541847,-0.6015010567974489,-0.02454637539103367,-0.28124890152940096
words_common,q_small,0.8,191,17.19823308796748,-0.645648647445027,-0.024614011604897373,-0.27567104022786143
words_common,q_small,0.85,191,17.216312366703583,-0.7265623799301204,-0.026021532124088014,-0.2806981368935051
words_common,q_small,0.9,191,17.295239509379627,-0.9062106119807692,-0.03142699552953508,-0.303193780896275
words_common_s,q0.5_range,0.0,191,4.860661101480485,-0.03333292729192501,-0.00501041491182554,-0.10628176143091182
words_common_s,q0.5_range,0.05,191,5.484414383259366,-0.04934665356722712,-0.007448174157658198,-0.14867262559500677
words_common_s,q0.5_range,0.1,191,6.126283268433688,-0.08299159752421244,-0.011925565448212884,-0.2213802731807477
words_common_s,q0.5_range,0.15,191,7.029173976533888,-0.13365715596790867,-0.016874373943953563,-0.2899991404831094
words_common_s,q0.5_range,0.2,191,8.298483095664924,-0.1959384728348679,-0.020966187314246106,-0.32944085271070644
words_common_s,q0.5_range,0.25,191,9.939420070912485,-0.2566956864089894,-0.023027522478838998,-0.3413022764857857
words_common_s,q0.5_range,0.3,191,11.77269814127008,-0.30056472262274336,-0.022929761011599416,-0.3423541803842368
words_common_s,q0.5_range,0.35,191,13.466816860752356,-0.3181002532237056,-0.02137128979968203,-0.3324141649630827
words_common_s,q0.5_range,0.4,191,14.750864989444896,-0.3226677401646107,-0.019640534739691733,-0.31794136387460914
words_common_s,q0.5_range,0.45,191,15.536334969521118,-0.29443419334338217,-0.016176329968170155,-0.2721953866431924
words_common_s,q0.5_range,0.5,191,16.149253307337904,-0.32760528368451014,-0.016591245993125777,-0.2676795128721655
words_common_s,q_large,0.0,191,8.3213606346532,-0.08814206772764144,-0.009086820776534114,-0.1972461966022978
words_common_s,q_large,0.05,191,8.007674988399565,-0.08077181678968812,-0.008682165087376847,-0.18777858610222217
words_common_s,q_large,0.1,191,7.722665124928419,-0.08185887688427845,-0.009285385420540875,-0.19457908838994056
words_common_s,q_large,0.15,191,7.41466402839246,-0.07690439206666759,-0.00906634803723252,-0.1873977570101499
words_common_s,q_large,0.2,191,7.090282936802459,-0.07014552438852538,-0.008538445955107221,-0.17573262822048158
words_common_s,q_large,0.25,191,6.751339437502469,-0.061689571904073696,-0.007725773694798746,-0.15900551347204497
words_common_s,q_large,0.3,191,6.399601202718279,-0.05394246481791266,-0.006955833919253549,-0.14359592129390647
words_common_s,q_large,0.35,191,6.035099821098166,-0.04758899260772346,-0.006333020052003835,-0.13138318546300726
words_common_s,q_large,0.4,191,5.656777473244847,-0.04195639776319666,-0.005784394142103627,-0.12077237807523984
words_common_s,q_large,0.45,191,5.264837150318082,-0.037454310732356534,-0.005387158405396144,-0.11309157067767144
words_common_s,q_large,0.5,191,4.860661101480485,-0.03333292729192501,-0.00501041491182554,-0.10628176143091182
words_common_s,q_large,0.55,191,4.4501807706080925,-0.028339208148439245,-0.004362962703267547,-0.09603079275978867
words_common_s,q_large,0.6,191,4.050088883483512,-0.020239443158051318,-0.0027842780205895915,-0.073428524677051
words_common_s,q_large,0.65,191,3.693725913151486,-0.00802123279018348,0.00023993977424859421,-0.031154518648866442
words_common_s,q_large,0.7,191,3.421470510261558,0.010987306423456937,0.005784775400538914,0.04361975149683164
words_common_s,q_large,0.75,191,3.2628894699707325,0.03681139722251772,0.014275990566353836,0.13441817914623025
words_common_s,q_large,0.8,191,3.220435748040126,0.06582633410050392,0.024294739016849358,0.20148910471145567
words_common_s,q_large,0.85,191,3.2509618129178275,0.09355755274043483,0.03433501416108848,0.23205758448837852
words_common_s,q_large,0.9,191,3.209531474705755,0.1089850091660835,0.04298067920066548,0.21883689916117718
words_common_s,q_small,0.0,191,8.3213606346532,-0.08814206772764144,-0.009086820776534114,-0.1972461966022978
words_common_s,q_small,0.05,191,8.64898372215965,-0.10534783899362582,-0.010742655809854076,-0.23527274736046558
words_common_s,q_small,0.1,191,9.007456824490854,-0.14038557283529648,-0.013989267823263391,-0.2937722100863575
words_common_s,q_small,0.15,191,9.609987946280258,-0.18854611496226717,-0.017568858559392247,-0.34446970689424145
words_common_s,q_small,0.2,191,10.517962546639705,-0.2419572155738247,-0.02045215511642569,-0.3668815052999396
words_common_s,q_small,0.25,191,11.697399100885244,-0.2856881337434904,-0.021561659319588915,-0.36213996522842273
words_common_s,q_small,0.3,191,12.991159675168449,-0.30704960234351997,-0.02067685740916352,-0.34140281949762424
words_common_s,q_small,0.35,191,14.172867736799276,-0.3081163653133328,-0.018824221510080213,-0.3131529250953386
words_common_s,q_small,0.4,191,15.082787530567977,-0.3053990363600272,-0.01728506971376965,-0.28878467383851386
words_common_s,q_small,0.45,191,15.711651437018986,-0.3086583515353425,-0.016429098665087405,-0.27144815099402886
words_common_s,q_small,0.5,191,16.149253307337904,-0.32760528368451014,-0.016591245993125777,-0.2676795128721655
words_common_s,q_small,0.55,191,16.472044920494547,-0.3545344766290681,-0.017120518121986474,-0.2669960029858008
words_common_s,q_small,0.6,191,16.721149090445554,-0.38212093478068315,-0.01755747772398353,-0.2639246356329019
words_common_s,q_small,0.65,191,16.913805578640147,-0.40225471652350414,-0.01740370746408147,-0.25437765275749147
words_common_s,q_small,0.7,191,17.059854296994782,-0.41527510901735354,-0.01664835484839167,-0.23991283671040173
words_common_s,q_small,0.75,191,17.15300150541847,-0.41005800480611954,-0.014559089611247918,-0.21570133389976978
words_common_s,q_small,0.8,191,17.19823308796748,-0.38665383620547333,-0.010795973085736753,-0.18327933667232066
words_common_s,q_small,0.85,191,17.216312366703583,-0.3609202877856476,-0.006225312695508245,-0.15077341630677418
words_common_s,q_small,0.9,191,17.295239509379627,-0.3586775862553986,-0.001285500598131518,-0.12731612180754998
words_rare,q0.5_range,0.0,190,4.862486118714271,0.8413674339392667,0.17462883970727733,1.4184593612585048
words_rare,q0.5_range,0.05,190,5.486755888248395,1.0266180857809877,0.1878896482727442,1.475272747737924
words_rare,q0.5_range,0.1,190,6.129837566194387,1.286595147172757,0.209708306263931,1.4789871485595938
words_rare,q0.5_range,0.15,190,7.034625375251325,1.7655670909963221,0.2502445360050111,1.5086527175072648
words_rare,q0.5_range,0.2,190,8.306917639870257,2.39723139439782,0.2893968467032373,1.6312609900362633
words_rare,q0.5_range,0.25,190,9.951159016669592,2.890873442426536,0.2956326840997998,1.8109273947925248
words_rare,q0.5_range,0.3,190,11.786470079413572,2.9332260306701308,0.257359460957098,1.8943690472117203
words_rare,q0.5_range,0.35,190,13.48063546343879,2.615059367756759,0.20186799463638017,1.731526620229856
words_rare,q0.5_range,0.4,190,14.764990665563532,2.2473053962459186,0.1582359239465387,1.4906595396729305
words_rare,q0.5_range,0.45,190,15.553817948330474,2.0323899855812195,0.13617097887251234,1.3016698775714124
words_rare,q0.5_range,0.5,190,16.17218795327931,1.7983156008133916,0.11720401729929396,1.0629283294284866
words_rare,q_large,0.0,190,8.326700647466907,1.1603557467455528,0.14030465694667826,1.5251883563077284
words_rare,q_large,0.05,190,8.011868219944464,1.1559507862743952,0.14509039284767325,1.5545690145588704
words_rare,q_large,0.1,190,7.725989342120477,1.127523729253638,0.14673994389680448,1.5487988290758958
words_rare,q_large,0.15,190,7.417359494604745,1.1004726143356112,0.14923275819116155,1.5431396167708604
words_rare,q_large,0.2,190,7.092629622436751,1.071435429732702,0.1520641708302317,1.5346270900696628
words_rare,q_large,0.25,190,6.753519460420493,1.0406843364974645,0.15523013785110215,1.520112902341027
words_rare,q_large,0.3,190,6.4016787508396575,1.0079482164474804,0.15871246062620514,1.503821493298698
words_rare,q_large,0.35,190,6.037135985309768,0.9723395436318266,0.16244973750911307,1.4865964558948765
words_rare,q_large,0.4,190,5.658787625999328,0.9338596560316516,0.16653811808861027,1.4682055407468775
words_rare,q_large,0.45,190,5.2667802263315915,0.8909083058682894,0.17075722049883846,1.4470972558209552
words_rare,q_large,0.5,190,4.862486118714271,0.8413674339392667,0.17462883970727733,1.4184593612585048
words_rare,q_large,0.55,190,4.451862808256759,0.778323768148597,0.17617308609580473,1.3721273008015629
words_rare,q_large,0.6,190,4.051405944500141,0.6898286561310473,0.17086076290860014,1.2851637451300202
words_rare,q_large,0.65,190,3.694018805238408,0.5570767829568829,0.1502442792481229,1.1182560881806602
words_rare,q_large,0.7,190,3.4202143876459608,0.3757140501028805,0.10915146292655976,0.8489287130145496
words_rare,q_large,0.75,190,3.259956624398144,0.1781418147112705,0.056044015123194416,0.4695251208883865
words_rare,q_large,0.8,190,3.216299255056091,0.023549907201908856,0.01213353444189027,0.06567327765263364
words_rare,q_large,0.85,190,3.246666114115852,-0.045924721193465974,-0.005642256153447394,-0.11124481972499108
words_rare,q_large,0.9,190,3.205838039466257,-0.006662597367988481,0.01223005088750509,-0.012541811705349315
words_rare,q_small,0.0,190,8.326700647466907,1.1603557467455528,0.14030465694667826,1.5251883563077284
words_rare,q_small,0.05,190,8.654999535655856,1.304912774860921,0.15124899433351668,1.5684433205158042
words_rare,q_small,0.1,190,9.014896614535438,1.5187805109600863,0.16849364833612668,1.5757211025820106
words_rare,q_small,0.15,190,9.619622637731359,1.9104197804537175,0.19848400808991704,1.6045836621196974
words_rare,q_small,0.2,190,10.530790462363342,2.384682455663226,0.22745452705523653,1.68865959946905
words_rare,q_small,0.25,190,11.713677460782133,2.7085777488360474,0.23503430875029338,1.7818492579435226
words_rare,q_small,0.3,190,13.010025194415798,2.6848317253665526,0.21271148059495676,1.761977255410594
words_rare,q_small,0.35,190,14.192774019783236,2.4094802167515343,0.17650086327787823,1.5708247133369575
words_rare,q_small,0.4,190,15.102948516876252,2.1083328082370283,0.14565831325086687,1.35108175186689
words_rare,q_small,0.45,190,15.732959216916779,1.9099222915704637,0.12714774706640783,1.1846965205976716
words_rare,q_small,0.5,190,16.17218795327931,1.7983156008133916,0.11720401729929396,1.0629283294284866
words_rare,q_small,0.55,190,16.496677650217414,1.736065339694605,0.11189479105482217,0.9712234130889021
words_rare,q_small,0.6,190,16.74781856648134,1.6916078825045997,0.10856372101060328,0.8931462444819029
words_rare,q_small,0.65,190,16.942951160353402,1.6566719452501346,0.10646275832762822,0.8197969481565436
words_rare,q_small,0.7,190,17.091776601912695,1.6202458799691313,0.10485175182161333,0.7446597040683777
words_rare,q_small,0.75,190,17.187864398681143,1.5838347254048029,0.10391330987104895,0.6717590776632095
words_rare,q_small,0.8,190,17.236394220984526,1.5300232467763581,0.10304404136818499,0.5908781089688938
words_rare,q_small,0.85,190,17.257685928730375,1.4581681707007716,0.10193501963859963,0.5051337501767532
words_rare,q_small,0.9,190,17.33950885301488,1.3135446586633768,0.09834599793808768,0.39080989218882645
words_rare_s,q0.5_range,0.0,191,4.860661101480485,0.21343524759868246,0.04551600490961376,0.5400705507776202
words_rare_s,q0.5_range,0.05,191,5.484414383259366,0.26550410572211725,0.0493083259754881,0.6046232769688403
words_rare_s,q0.5_range,0.1,191,6.126283268433688,0.3336252064213844,0.05505526268962943,0.6581713751972298
words_rare_s,q0.5_range,0.15,191,7.029173976533888,0.4695157375755931,0.06732921887580304,0.7184448866650793
words_rare_s,q0.5_range,0.2,191,8.298483095664924,0.6779070132679654,0.08246502970887507,0.7852510029591186
words_rare_s,q0.5_range,0.25,191,9.939420070912485,0.8886831341888597,0.09131229627398461,0.8414975934078315
words_rare_s,q0.5_range,0.3,191,11.77269814127008,0.9650943210110771,0.0852330666101502,0.8426096257277066
words_rare_s,q0.5_range,0.35,191,13.466816860752356,0.863628140342596,0.06772364298775763,0.7501641166218931
words_rare_s,q0.5_range,0.4,191,14.750864989444896,0.7264169441511203,0.05276004449032349,0.6345209401723522
words_rare_s,q0.5_range,0.45,191,15.536334969521118,0.6868802690244054,0.04828598115625946,0.569402296163689
words_rare_s,q0.5_range,0.5,191,16.149253307337904,0.6601770680599571,0.04549525761187362,0.5273331367439159
words_rare_s,q_large,0.0,191,8.3213606346532,0.3175639286166122,0.03952237657818878,0.5976676119932539
words_rare_s,q_large,0.05,191,8.007674988399565,0.309571191688147,0.03989977408883193,0.5953480220618612
words_rare_s,q_large,0.1,191,7.722665124928419,0.2906650187984768,0.03874541288485494,0.5761694428101239
words_rare_s,q_large,0.15,191,7.41466402839246,0.2777670960520691,0.03854831165725929,0.5633563573428555
words_rare_s,q_large,0.2,191,7.090282936802459,0.26856863674922954,0.03899934061225987,0.5572767223524994
words_rare_s,q_large,0.25,191,6.751339437502469,0.26119893479469614,0.039865263725125326,0.5551288593104861
words_rare_s,q_large,0.3,191,6.399601202718279,0.2536519279467046,0.04088847148870498,0.5532032344597415
words_rare_s,q_large,0.35,191,6.035099821098166,0.24487911820143907,0.04192042507923322,0.550134576108878
words_rare_s,q_large,0.4,191,5.656777473244847,0.23605215858516104,0.043165725526151145,0.5487518350016418
words_rare_s,q_large,0.45,191,5.264837150318082,0.22597837177661698,0.04444956777026739,0.546458304507471
words_rare_s,q_large,0.5,191,4.860661101480485,0.21343524759868246,0.04551600490961376,0.5400705507776202
words_rare_s,q_large,0.55,191,4.4501807706080925,0.19533397624157245,0.04549795591465342,0.5216601953632625
words_rare_s,q_large,0.6,191,4.050088883483512,0.16489797495785197,0.0421729400197676,0.47339835698459903
words_rare_s,q_large,0.65,191,3.693725913151486,0.11476558813105889,0.032390071344611825,0.3643778326327782
words_rare_s,q_large,0.7,191,3.421470510261558,0.049346764230561446,0.01612676000493654,0.17356633665477197
words_rare_s,q_large,0.75,191,3.2628894699707325,-0.009829247020129269,-0.0001880760503471666,-0.03531776340968932
words_rare_s,q_large,0.8,191,3.220435748040126,-0.04557642556276714,-0.009826760905209467,-0.14639062301653488
words_rare_s,q_large,0.85,191,3.2509618129178275,-0.05081793180408851,-0.009222297850656246,-0.13298093510797182
words_rare_s,q_large,0.9,191,3.209531474705755,-0.022852402390992375,0.004393928792532528,-0.04589632800643801
words_rare_s,q_small,0.0,191,8.3213606346532,0.3175639286166122,0.03952237657818878,0.5976676119932539
words_rare_s,q_small,0.05,191,8.64898372215965,0.3630512644085992,0.0430556407742586,0.6477635051400729
words_rare_s,q_small,0.1,191,9.007456824490854,0.4254121003299564,0.0482663972264693,0.696156656655275
words_rare_s,q_small,0.15,191,9.609987946280258,0.5489541529735088,0.05833579188879929,0.7547761703137588
words_rare_s,q_small,0.2,191,10.517962546639705,0.7245982871195799,0.0705292656447482,0.8170214519955504
words_rare_s,q_small,0.25,191,11.697399100885244,0.8931062479285817,0.07888078235351825,0.8637465125219993
words_rare_s,q_small,0.3,191,12.991159675168449,0.9565807236873438,0.07715620225516413,0.859473360050785
words_rare_s,q_small,0.35,191,14.172867736799276,0.8840622797751067,0.0663459080948623,0.7773319942578956
words_rare_s,q_small,0.4,191,15.082787530567977,0.7679492946596725,0.05495284324663617,0.6675469207211332
words_rare_s,q_small,0.45,191,15.711651437018986,0.6909615795392268,0.0481705688897911,0.5799194621968334
words_rare_s,q_small,0.5,191,16.149253307337904,0.6601770680599571,0.04549525761187362,0.5273331367439159
words_rare_s,q_small,0.55,191,16.472044920494547,0.656725673940482,0.04512273953377095,0.4952638321807259
words_rare_s,q_small,0.6,191,16.721149090445554,0.6671053530281333,0.045957279390373314,0.4732021249433709
words_rare_s,q_small,0.65,191,16.913805578640147,0.6889166976562535,0.04774359583784392,0.45832412295712843
words_rare_s,q_small,0.7,191,17.059854296994782,0.7148859758633497,0.05007950820327138,0.442107755656166
words_rare_s,q_small,0.75,191,17.15300150541847,0.765058276643133,0.054152672845094174,0.43664478874908647
words_rare_s,q_small,0.8,191,17.19823308796748,0.8367730631899195,0.060074220045721924,0.4310728349396769
words_rare_s,q_small,0.85,191,17.216312366703583,0.9273050254533312,0.06730311586516045,0.4220728967611389
words_rare_s,q_small,0.9,191,17.295239509379627,0.9791341458510727,0.07298557574258198,0.37835306660294826
