x,y,tok,cls,hap,text,norm
9.009066,-47.970238,Ċ,пункт,повторяется,0,39.09402
-13.291655,-27.713198,ability,подслово,hapax,0,36.78151
-6.077345,-16.071985,fully,подслово,hapax,0,38.172756
31.406929,-3.6774297,ĠWe,служ,повторяется,0,37.47606
9.108846,-48.168835,Ċ,пункт,повторяется,0,39.510033
17.64716,-50.864395,(,пункт,повторяется,0,38.168194
-52.501392,-14.677874,Ġmessage,смысл-редк,повторяется,0,36.297947
9.31926,-48.300278,Ċ,пункт,повторяется,0,39.348656
26.759308,-39.585205,),пункт,повторяется,0,40.452858
-28.762955,25.625244,Ġunder,служ,повторяется,0,37.586754
17.657585,-50.841316,(,пункт,повторяется,0,38.527805
-48.25232,-3.467312,Ġflow,смысл-редк,hapax,0,35.472218
-12.134647,-29.990892,stable,подслово,hapax,0,37.5048
15.675002,45.39503,Ġis,служ,повторяется,0,39.67371
-28.389528,6.340508,Ġcircumvent,смысл-редк,hapax,0,37.07921
-48.194347,-3.4198656,Ġintroduce,смысл-редк,hapax,0,37.26998
-13.289372,-27.862244,poss,подслово,hapax,0,37.756927
-12.747372,-29.814314,agreement,подслово,повторяется,0,35.423355
-52.676876,-13.397642,Ġadversary,смысл-редк,повторяется,0,35.35572
54.526234,-45.603104,",",пункт,повторяется,0,40.909664
9.2960825,-48.211647,Ċ,пункт,повторяется,0,39.688778
-49.816097,-0.5892448,Ġresults,смысл-част,hapax,0,36.029316
40.289192,51.666363,Ġof,служ,повторяется,0,39.71168
16.118862,22.791298,Ġwhere,служ,повторяется,0,39.45689
-12.779607,-30.76542,strong,подслово,hapax,0,36.902523
-23.39903,-38.450886,V,подслово,повторяется,0,35.905308
29.475521,-34.57072,.,пункт,повторяется,0,41.480904
-14.18329,-29.611837,aries,подслово,повторяется,0,36.241783
-9.334166,-33.82564,J,подслово,повторяется,0,35.77639
17.647985,-50.821804,(,пункт,повторяется,0,38.20591
-51.15683,-9.652723,Ġdynamic,смысл-редк,повторяется,0,35.53751
26.851862,-39.846542,),пункт,повторяется,0,41.253433
-51.195152,-9.806399,Ġdynamic,смысл-редк,повторяется,0,34.84589
-26.106562,58.20173,Ġa,служ,повторяется,0,39.315067
-12.913929,-29.410841,arant,подслово,hapax,0,37.939304
31.203285,-3.9337645,We,подслово,hapax,0,37.879757
-51.218678,-9.951082,Ġdirected,смысл-редк,повторяется,0,35.529125
31.850008,-3.892253,ĠOur,служ,повторяется,0,35.928577
3.8655179,79.007355,Ġto,служ,повторяется,0,40.823048
-52.66764,-13.448681,Ġadversary,смысл-редк,повторяется,0,35.567654
-11.907567,-10.884619,Ġparty,смысл-част,hapax,1,36.476803
34.07424,-35.673595,.,пункт,повторяется,1,40.7556
-11.856786,-5.016271,Ġbc,смысл-редк,hapax,1,37.517143
-25.041986,24.941488,Ġbeyond,служ,hapax,1,38.0891
-11.366594,-2.3496995,Ġtoo,служ,повторяется,1,37.72152
-23.241076,-8.863207,Ġoffice,смысл-редк,hapax,1,35.68888
16.814625,-1.3081765,ĠMy,служ,hapax,1,37.723755
44.632553,50.232803,Ġof,служ,повторяется,1,39.13587
4.080832,48.210926,Ġbe,служ,повторяется,1,39.1973
-28.053478,6.501955,Ġhors,смысл-редк,hapax,1,37.41222
-11.1967,-10.781344,night,подслово,hapax,1,39.576225
4.161931,35.520927,Ġhad,служ,повторяется,1,37.79585
20.888922,10.0175,Ġyou,служ,повторяется,1,37.51262
-15.456022,-2.2293928,Ġsucked,смысл-редк,hapax,1,36.11816
65.5964,-5.7862787,Ġthe,служ,повторяется,1,38.373573
-37.750355,-2.0069952,Ġsize,смысл-част,hapax,1,36.241867
-48.75463,-17.419312,Ġcard,смысл-редк,повторяется,1,35.111763
-24.671736,24.904482,Ġwithin,служ,hapax,1,37.71346
-16.95493,-2.697032,Ġhorrible,смысл-редк,hapax,1,36.275784
45.690475,9.509201,Ġit,служ,повторяется,1,38.8616
63.611317,-9.0429,the,подслово,hapax,1,39.19417
-21.418224,-7.3735743,Ġbedroom,смысл-редк,hapax,1,35.319767
-19.826443,-5.0237713,Ġfull,смысл-част,hapax,1,35.933067
58.384766,-2.1174314,ĠThe,служ,повторяется,1,38.33459
28.917273,22.83322,Ġthen,служ,повторяется,1,39.219273
-26.30899,51.88757,Ġa,служ,повторяется,1,39.390205
32.524685,18.576056,Ġso,служ,повторяется,1,39.02309
23.7217,-5.4375405,Ġme,служ,повторяется,1,35.60499
-14.489261,-2.5560293,Ġsoft,смысл-редк,hapax,1,36.61332
-27.154577,26.409582,Ġaround,служ,hapax,1,37.466663
-26.172691,51.731056,Ġa,служ,повторяется,1,39.190224
6.1240253,35.055157,Ġbecame,смысл-част,hapax,1,38.007534
-22.246859,-8.364892,Ġdriver,смысл-редк,hapax,1,36.26517
7.2546115,41.452835,Ġwere,служ,повторяется,1,38.947086
44.67554,49.943108,Ġof,служ,повторяется,1,38.988945
-22.481655,22.140905,Ġback,смысл-част,hapax,1,37.14177
-16.85307,-9.549521,Ġopinion,смысл-редк,hapax,1,36.72572
-23.585466,-8.238878,Ġvan,смысл-редк,повторяется,1,35.696636
6.1080885,4.8113065,ĠApparently,смысл-редк,hapax,1,38.317482
-21.700727,-6.933996,Ġkitchen,смысл-редк,hapax,1,35.809383
19.469582,-48.72575,Ġ(,пункт,повторяется,2,38.927208
-17.36903,-35.06012,ard,подслово,повторяется,2,35.921394
-56.35751,-26.579115,Ġindex,смысл-редк,повторяется,2,36.096394
21.784832,10.418926,Ġyou,служ,повторяется,2,38.40818
-11.574228,-14.697727,emption,подслово,hapax,2,36.774147
21.147646,-35.42568,  ,пункт,повторяется,2,40.0127
21.406303,11.000248,Ġyou,служ,повторяется,2,38.178574
-19.184107,53.389053,An,подслово,hapax,2,38.4022
6.214537,27.959784,Ġwill,служ,повторяется,2,37.588398
25.621712,0.05489603,Ġthem,служ,hapax,2,36.84768
31.754286,-34.791443,.,пункт,повторяется,2,40.389954
68.79099,-4.0823693,Ġthe,служ,повторяется,2,38.20109
-16.881744,16.240475,Ġcharge,смысл-редк,повторяется,2,36.166733
-36.664097,2.1446657,Ġperformance,смысл-част,hapax,2,36.79188
-24.87141,54.308628,Ġa,служ,повторяется,2,39.31969
-54.835163,-27.903738,Ġsecurities,смысл-редк,повторяется,2,35.60511
-18.629482,-12.957218,ĠTotal,смысл-редк,hapax,2,36.57247
29.129631,-32.115566,.,пункт,повторяется,2,41.296696
12.213091,3.0459151,Ġno,служ,повторяется,2,37.533222
-8.380576,-32.59403,BM,подслово,hapax,2,35.435516
5.783185,49.116714,Ġbe,служ,hapax,2,40.69354
-30.921928,-27.314375,ĠER,смысл-редк,повторяется,2,35.849808
38.510418,50.333054,Ġof,служ,повторяется,2,37.571896
-0.5519573,5.739151,Ġanother,служ,hapax,2,38.774406
-54.665997,-28.10782,Ġfunds,смысл-редк,повторяется,2,35.785362
-55.46755,-26.33032,Ġbroker,смысл-редк,повторяется,2,35.67414
-27.93466,39.764942,Ġwith,служ,повторяется,2,36.23253
1.3792958,35.684288,Ġhave,служ,повторяется,2,37.934746
22.1241,10.349277,Ġyou,служ,повторяется,2,37.793587
-54.586586,-28.213186,Ġfunds,смысл-редк,повторяется,2,36.564754
-12.280101,-37.427635,m,подслово,hapax,2,38.03938
-54.620865,-28.171625,Ġfunds,смысл-редк,повторяется,2,36.45907
-55.65288,-26.618479,Ġmutual,смысл-редк,повторяется,2,36.49312
-36.98756,0.15151754,Ġshares,смысл-редк,повторяется,2,35.955265
41.704865,52.331635,Ġof,служ,повторяется,2,38.240215
35.56619,-8.272832,Ġthis,служ,hapax,2,36.222122
8.5375805,45.31992,Ġare,служ,повторяется,2,39.024136
10.367503,-25.47356,'s,подслово,повторяется,2,36.871857
-24.333252,52.573746,Ġa,служ,повторяется,2,38.53491
22.762226,56.251404,Ġas,служ,повторяется,2,38.57468
-24.324755,48.464493,ĠA,служ,повторяется,3,36.964413
-16.408749,42.033558,Ġon,служ,повторяется,3,38.421436
-11.3041115,-16.761177,Ġhost,смысл-редк,hapax,3,36.22523
26.489288,41.340347,Ġor,служ,hapax,3,39.738804
-28.530617,53.60075,Ġa,служ,повторяется,3,37.80126
-17.610294,-37.1751,jo,подслово,повторяется,3,36.543156
-16.822218,4.4008994,Ġsat,смысл-редк,повторяется,3,35.69197
66.99148,20.02522,Ġand,служ,повторяется,3,39.180557
20.989738,-0.12742011,Ġher,служ,повторяется,3,36.348362
-6.7083993,33.983418,Ġabout,служ,повторяется,3,37.705624
-15.044742,1.3592445,Ġfamiliar,смысл-редк,hapax,3,37.779743
-31.328959,-29.404533,ĠArgentina,смысл-редк,повторяется,3,34.98542
-12.824198,-38.05278,M,подслово,hapax,3,37.118355
-25.447252,4.1686025,Ġlooking,смысл-част,повторяется,3,35.269646
-5.4777317,57.40954,Ġin,служ,повторяется,3,38.681896
10.08379,-40.17923,-,пункт,повторяется,3,37.864376
14.611312,18.746763,Ġwho,служ,hapax,3,36.40092
-16.975168,4.4875216,Ġsat,смысл-редк,повторяется,3,36.403744
-21.746387,-35.387016,ĠSport,смысл-редк,hapax,3,35.796703
-15.800064,1.9369203,Ġreasons,смысл-редк,hapax,3,37.539345
28.689068,-59.247475,Ġ.,пункт,повторяется,3,39.36565
28.69833,-59.508087,Ġ.,пункт,повторяется,3,39.71769
-20.945175,-31.699406,cos,подслово,повторяется,3,36.752785
10.256567,-24.437057,'s,подслово,повторяется,3,37.6284
-43.35454,23.108587,ĠSunday,смысл-редк,повторяется,3,37.31794
-6.707261,-15.589579,ty,подслово,hapax,3,37.168434
43.36924,48.072304,Ġof,служ,hapax,3,38.11145
-28.24666,53.441715,Ġa,служ,повторяется,3,38.4763
-15.366395,8.665893,Ġended,смысл-редк,hapax,3,37.29154
35.724907,-43.677105,".""",пункт,hapax,3,40.447628
-15.134108,2.9074247,Ġrespectively,смысл-редк,hapax,3,36.85241
-30.051792,-13.182826,Ġnight,смысл-част,повторяется,3,35.858814
44.86758,-43.288403,",",пункт,повторяется,3,38.502056
-0.54991275,80.10881,Ġto,служ,повторяется,3,39.32047
33.313526,-36.8617,.,пункт,повторяется,3,40.689034
23.554438,54.547626,Ġas,служ,повторяется,3,38.767094
10.560297,-40.366535,-,пункт,повторяется,3,38.256325
4.2784595,37.072117,Ġhad,служ,повторяется,3,38.04409
-15.924394,2.6447093,Ġdeclined,смысл-редк,hapax,3,36.87082
-0.40632135,82.56589,Ġto,служ,повторяется,3,39.260975
-37.82743,-25.859451,Ġaliens,смысл-редк,повторяется,4,34.354244
-7.951117,20.693905,Ġknow,смысл-част,hapax,4,38.925613
-29.599415,55.344574,Ġa,служ,повторяется,4,39.01532
25.984709,40.37267,Ġor,служ,hapax,4,37.671616
9.732338,39.42888,Ġwas,служ,повторяется,4,38.50258
24.309511,30.90632,Ġthan,служ,hapax,4,38.533524
-36.954468,-26.681684,ĠViking,смысл-редк,повторяется,4,35.82083
-33.691704,-23.919249,ĠMart,смысл-редк,повторяется,4,34.52621
-28.630745,9.550598,Ġformed,смысл-редк,повторяется,4,35.9469
49.586643,-45.376534,",",пункт,повторяется,4,41.84577
40.7869,9.280285,ĠIt,служ,повторяется,4,39.31129
31.970652,18.627003,Ġso,служ,hapax,4,37.270115
51.237877,-45.0373,",",пункт,повторяется,4,41.09674
8.792289,38.770184,Ġwas,служ,повторяется,4,38.72358
34.356133,31.036047,Ġthat,служ,повторяется,4,39.84272
23.155323,10.893644,Ġyou,служ,повторяется,4,37.667355
1.4974699,78.94012,Ġto,служ,повторяется,4,40.84394
6.276365,-8.606734,Ġw,смысл-част,hapax,4,38.266087
32.86103,31.005016,Ġthat,служ,повторяется,4,39.46428
-27.524849,26.592918,Ġaround,служ,повторяется,4,36.905624
-37.465202,-26.72102,Ġlanding,смысл-редк,hapax,4,35.637074
-37.837547,-25.826265,Ġaliens,смысл-редк,повторяется,4,34.225197
-37.47124,-26.405916,ĠMars,смысл-редк,повторяется,4,34.33122
-38.23143,-27.388712,Ġland,смысл-част,повторяется,4,35.32018
-16.290895,0.16873892,Ġcommon,смысл-част,повторяется,4,36.428223
36.90481,0.7299271,ĠI,служ,hapax,4,37.732033
-36.29035,-26.772537,GS,подслово,повторяется,4,35.929535
-16.211119,0.14884211,Ġenough,смысл-част,hapax,4,38.225754
-18.69201,-31.885302,ian,подслово,повторяется,4,35.49306
33.17447,-35.269688,.,пункт,повторяется,4,40.123543
-4.05451,47.364586,Ġby,служ,повторяется,4,38.31037
-2.3617234,28.949333,Ġhow,служ,hapax,4,39.011547
3.0615156,29.113209,Ġdo,служ,повторяется,4,39.53506
-28.753044,55.0293,Ġa,служ,повторяется,4,38.82295
31.034412,27.771112,Ġthose,служ,hapax,4,38.624264
-29.250238,55.32716,Ġa,служ,повторяется,4,38.572247
3.1801233,29.180151,Ġdid,служ,повторяется,4,39.588707
-33.95178,-65.84956,.,сток,сток,4,26.157393
66.40717,-3.7161584,Ġthe,служ,повторяется,4,38.750355
48.42169,9.915718,Ġit,служ,повторяется,4,37.847153
-37.418987,-11.18164,Ġbiological,смысл-редк,hapax,5,34.561203
24.702251,31.222305,Ġthan,служ,повторяется,5,39.303932
-26.211906,55.317333,Ġa,служ,повторяется,5,39.00167
-54.1356,9.907989,Ġcase,смысл-част,hapax,5,37.202984
-43.02923,-13.633398,Ġsocial,смысл-част,повторяется,5,36.041443
-38.068417,-13.858982,ure,подслово,повторяется,5,36.237125
23.630625,-5.6006026,Ġme,служ,повторяется,5,35.99117
-28.969988,-11.984763,Ġblue,смысл-редк,повторяется,5,34.61754
-27.121395,10.786402,Ġargued,смысл-редк,hapax,5,36.636707
8.3702755,38.760586,Ġwas,служ,повторяется,5,39.180832
-10.448361,9.703848,Ġimportant,смысл-част,hapax,5,37.835213
-12.431941,-8.544463,Ġreduction,смысл-редк,hapax,5,37.79823
-38.714878,-13.337427,Ġculture,смысл-редк,hapax,5,36.005222
-12.853307,-8.720783,Ġorientation,смысл-редк,hapax,5,36.41311
19.076038,35.117207,Ġdoesn,смысл-част,повторяется,5,39.542538
-32.599274,-64.95623,"""",сток,сток,5,26.141998
-10.599674,20.475689,Ġfind,смысл-част,hapax,5,37.735813
37.674877,21.593227,Ġif,служ,повторяется,5,40.045425
13.379546,62.1264,Ġfor,служ,повторяется,5,39.242367
0.7959456,8.961445,Ġmuch,служ,hapax,5,36.926064
13.866274,-23.07406,'m,подслово,hapax,5,38.26659
18.77997,-45.44853,"Ġ""",пункт,повторяется,5,38.17274
0.01683084,-23.156845,born,подслово,повторяется,5,36.308956
65.70743,21.187151,Ġand,служ,повторяется,5,39.880203
40.474125,49.030033,Ġof,служ,повторяется,5,39.12229
-38.285088,-11.003413,Ġenvironmental,смысл-редк,hapax,5,36.58593
9.456096,45.832504,Ġare,служ,hapax,5,40.67269
-42.10732,-13.691583,Ġsociety,смысл-редк,hapax,5,35.99312
-26.189718,55.136692,Ġa,служ,повторяется,5,39.564262
40.52643,48.51835,Ġof,служ,повторяется,5,39.43219
-18.506134,20.191704,Ġlove,смысл-част,повторяется,5,35.700947
13.271478,62.14507,Ġfor,служ,повторяется,5,39.927647
33.86298,-31.779137,.,пункт,повторяется,5,40.77863
-38.358692,-10.921765,Ġneutral,смысл-редк,hapax,5,36.016384
-9.077821,-14.040439,ions,подслово,hapax,5,38.99591
-12.36678,17.736607,Ġthink,смысл-част,hapax,5,37.46131
47.25123,8.930358,Ġit,служ,повторяется,5,38.799656
25.277628,-42.93028,"""",пункт,повторяется,5,40.648235
33.729275,-31.55782,.,пункт,повторяется,5,40.902054
12.499867,-24.586613,'s,подслово,повторяется,5,38.84201
-54.285522,9.686022,Ġcase,смысл-част,hapax,6,36.716858
-47.410637,-19.611612,Ġdata,смысл-част,повторяется,6,35.76754
35.756516,-27.79032,.,пункт,повторяется,6,42.179306
-20.591383,51.751434,Ġan,служ,hapax,6,37.9836
-35.431324,7.8051615,Ġadvances,смысл-редк,повторяется,6,36.887276
-36.203022,5.7345734,Ġtests,смысл-редк,hapax,6,35.10539
0.55748594,-10.788401,Ġ24,пункт,hapax,6,36.661476
-35.61238,-19.194029,Ġmedical,смысл-редк,hapax,6,35.97127
-12.098765,3.5852988,Ġrebounds,смысл-редк,hapax,6,38.084732
19.797869,1.276545,Ġtheir,служ,повторяется,6,36.570236
34.9202,7.2208986,ĠThey,служ,повторяется,6,39.517307
40.74309,50.144516,Ġof,служ,повторяется,6,39.16515
-8.9806185,40.924522,Ġat,служ,повторяется,6,37.04045
66.11014,-3.662381,Ġthe,служ,повторяется,6,38.4455
-42.233616,14.671589,Ġdifficult,смысл-част,hapax,6,37.989082
33.40259,31.56415,Ġthat,служ,повторяется,6,39.775955
-2.8685384,-1.2630544,Ġincluding,смысл-част,повторяется,6,37.288425
54.27121,-48.84154,",",пункт,повторяется,6,42.354454
-34.90811,-11.553976,Ġconsent,смысл-редк,повторяется,6,34.728767
-27.605265,26.23504,Ġaround,служ,hapax,6,37.483047
5.8298874,-0.16779312,Ġsaid,смысл-част,повторяется,6,35.826954
40.65291,49.764553,Ġof,служ,повторяется,6,38.531506
11.367613,61.61242,Ġfor,служ,повторяется,6,40.19185
-41.021767,-3.7487137,Ġstudy,смысл-част,hapax,6,35.23213
-46.191284,-26.887867,ĠDNA,смысл-редк,повторяется,6,35.326378
-2.5837662,28.992563,Ġhow,служ,повторяется,6,38.634987
35.31732,-27.397722,.,пункт,повторяется,6,42.468662
15.086224,12.668746,Ġall,служ,hapax,6,37.741592
-35.567513,7.768153,Ġunderstanding,смысл-редк,повторяется,6,36.764736
35.14799,-27.459156,.,пункт,повторяется,6,41.712902
10.850771,-39.51277,-,пункт,повторяется,6,37.96116
3.3624542,-28.690603,ĠParticipants,смысл-редк,повторяется,6,37.046616
-31.491787,-66.68466,.,сток,сток,6,26.195063
5.7617645,-0.19866462,Ġsaid,смысл-част,повторяется,6,35.87775
54.768444,-49.142982,",",пункт,повторяется,6,42.1059
66.51605,-6.562798,Ġthe,служ,повторяется,6,39.786575
-26.766394,-26.251501,ĠDavid,смысл-редк,hapax,6,36.377724
-39.587044,-3.2039928,Ġbenefit,смысл-редк,hapax,6,35.90689
-0.37845877,20.774128,Ġjust,служ,hapax,6,38.189903
-34.064182,-8.579348,Ġrisks,смысл-редк,повторяется,6,34.66316
-15.159662,-29.393616,ters,подслово,повторяется,7,36.74997
-37.30793,-15.221018,Ġtelevision,смысл-редк,hapax,7,35.05094
-45.430504,-21.270287,Ġhearing,смысл-редк,повторяется,7,35.066208
31.366676,-30.466574,.,пункт,повторяется,7,41.816174
-21.318184,2.397311,Ġclosed,смысл-редк,hapax,7,35.72262
14.4219265,31.22623,Ġcan,служ,hapax,7,39.075977
22.077147,1.9708695,Ġthemselves,смысл-част,hapax,7,37.91449
16.031725,22.616844,Ġwhere,служ,повторяется,7,38.361538
-32.359447,-67.812744,Ġthe,сток,сток,7,26.220062
6.98285,8.145007,Ġpersons,смысл-редк,hapax,7,36.002342
-24.736935,6.697143,Ġdescribing,смысл-редк,hapax,7,37.118065
1.8835012,-12.2267,Ġ50,пункт,повторяется,7,37.083557
-19.479933,-1.0822806,Ġpersonal,смысл-редк,hapax,7,36.519176
65.70852,19.651808,Ġand,служ,повторяется,7,40.227108
-13.695528,-0.07096186,Ġimmense,смысл-редк,hapax,7,37.755028
-21.369225,2.4422464,Ġsigned,смысл-редк,hapax,7,35.751
41.69739,49.802433,Ġof,служ,повторяется,7,39.244595
-19.616434,-13.983219,ued,подслово,повторяется,7,37.459644
-27.063505,54.262714,Ġa,служ,повторяется,7,38.539387
-17.808777,-40.90503,it,подслово,повторяется,7,37.834927
31.157162,-30.434929,.,пункт,повторяется,7,41.904865
-38.027454,-15.993564,Ġcharacters,смысл-част,повторяется,7,35.690075
12.61102,7.448186,Ġany,служ,hapax,7,37.20048
1.2666007,12.849496,Ġsome,служ,повторяется,7,36.648235
15.003507,47.380394,Ġis,служ,повторяется,7,40.674465
-32.39037,-28.20789,ĠLanguage,смысл-редк,hapax,7,35.77125
-1.0753427,-17.918833,ing,подслово,hapax,7,39.06989
-32.10555,-28.251795,ĠEnglish,смысл-част,повторяется,7,33.952385
-20.182438,-1.4490472,Ġsilly,смысл-редк,hapax,7,36.38616
12.625611,-24.581211,'s,подслово,повторяется,7,38.1977
-45.472015,-21.21757,Ġimpaired,смысл-редк,повторяется,7,36.195183
-27.822138,38.98413,Ġwith,служ,повторяется,7,38.193237
-16.123999,41.63731,Ġon,служ,повторяется,7,38.78659
-32.72168,2.6588018,Ġaddress,смысл-редк,hapax,7,36.935955
-18.785023,23.492807,Ġattempt,смысл-редк,повторяется,7,37.107307
-45.427357,-21.219303,Ġdeaf,смысл-редк,повторяется,7,34.92151
66.27618,-5.438749,Ġthe,служ,повторяется,7,39.240906
39.52177,-46.118824,".,",пункт,повторяется,7,38.680695
19.666302,26.086786,Ġbecause,служ,hapax,7,37.862534
-2.6619852,8.779999,Ġalso,служ,hapax,7,38.317196
-6.174358,-30.804087,cent,подслово,hapax,8,37.582935
34.49976,29.797882,Ġthat,служ,повторяется,8,39.23026
28.71914,-59.547096,Ġ.,пункт,повторяется,8,39.73744
-36.094063,5.7238607,Ġtesting,смысл-редк,hapax,8,35.732723
-44.540874,23.84872,ĠFriday,смысл-редк,hapax,8,37.567192
19.62411,-48.95791,Ġ(,пункт,hapax,8,39.244816
47.091175,-46.123905,",",пункт,повторяется,8,41.39144
-13.34424,-17.75866,res,подслово,hapax,8,37.522476
-36.44267,5.672277,Ġnegative,смысл-редк,повторяется,8,37.41996
2.160591,37.713364,Ġhave,служ,повторяется,8,37.95308
3.4088156,45.326984,Ġbeen,служ,повторяется,8,38.66936
-39.188686,-33.635433,ĠSierra,смысл-редк,повторяется,8,35.83151
-27.677889,-37.57209,ĠWest,смысл-част,повторяется,8,35.04867
-39.640057,-33.27363,ĠEbola,смысл-редк,повторяется,8,35.55911
26.51102,4.864908,Ġhe,служ,повторяется,8,37.50692
15.464236,22.827633,Ġwhere,служ,hapax,8,39.18005
16.612284,36.60473,Ġdoes,служ,hapax,8,38.319447
19.071741,-42.54016,Ġ',пункт,повторяется,8,38.200397
-27.726938,-37.709816,ĠWest,смысл-част,повторяется,8,36.589695
-3.0619211,23.628271,Ġmore,служ,повторяется,8,37.54556
58.186905,-2.135287,ĠThe,служ,повторяется,8,38.347397
-39.08841,-22.723782,ĠDoctors,смысл-редк,hapax,8,36.013718
34.508224,30.349573,Ġthat,служ,повторяется,8,40.080997
-14.460427,10.699021,Ġtaken,смысл-част,повторяется,8,36.391068
-6.558159,-11.720811,after,подслово,hapax,8,43.92221
-35.030834,5.2301764,Ġsymptoms,смысл-редк,hapax,8,36.91448
-20.02614,3.3685746,Ġtoe,смысл-редк,hapax,8,36.34063
-42.95224,-25.56672,Ġaid,смысл-редк,hapax,8,35.2309
-5.54771,59.90778,Ġin,служ,повторяется,8,39.12703
-14.123319,-20.395306,W,подслово,hapax,8,36.388836
-27.70484,-30.528437,ĠParker,смысл-редк,повторяется,8,35.193874
46.70874,-46.466267,",",пункт,повторяется,8,41.1654
24.267187,30.863415,Ġthan,служ,повторяется,8,37.645252
3.5978189,38.25979,Ġhas,служ,повторяется,8,39.29496
-19.70456,8.926872,Ġnoticed,смысл-редк,hapax,8,37.944427
4.075148,37.4686,Ġhad,служ,повторяется,8,39.514187
-27.63247,-37.620075,ĠWest,смысл-част,повторяется,8,35.831947
-14.741499,-19.757563,Ġ7,пункт,hapax,8,38.1133
-42.999977,-25.562258,Ġhumanitarian,смысл-редк,повторяется,8,36.24918
-39.59733,-33.295235,ĠEbola,смысл-редк,повторяется,8,35.202953
8.450605,12.922765,Ġother,служ,повторяется,9,37.99413
-18.842922,29.342117,Ġgo,смысл-част,hapax,9,37.19774
-49.666138,13.301882,Ġline,смысл-част,повторяется,9,35.9706
28.482273,-10.843147,ĠMake,смысл-редк,hapax,9,38.033134
6.370714,27.081026,Ġwill,служ,повторяется,9,37.82729
27.472673,-31.654133,.,пункт,повторяется,9,40.43279
15.198644,31.27847,Ġcan,служ,повторяется,9,37.28615
-48.312847,9.878114,Ġarea,смысл-част,повторяется,9,36.09
-50.512554,13.885764,Ġreel,смысл-редк,повторяется,9,36.41471
64.019424,23.299816,Ġand,служ,повторяется,9,40.992554
32.6818,-37.328407,.,пункт,повторяется,9,39.425117
66.14287,-11.191004,Ġthe,служ,повторяется,9,38.70197
-49.23853,13.766839,Ġknot,смысл-редк,повторяется,9,35.967396
35.0876,32.82513,Ġthat,служ,повторяется,9,40.532482
64.15769,23.742052,Ġand,служ,повторяется,9,40.551727
49.441185,-50.964973,",",пункт,повторяется,9,40.84511
-2.3726237,-18.086567,ed,подслово,повторяется,9,38.09046
66.20754,-11.043887,Ġthe,служ,повторяется,9,38.620483
65.60461,-10.971092,Ġthe,служ,повторяется,9,38.45363
-26.416697,30.214577,Ġover,служ,повторяется,9,36.74101
-48.33657,15.239196,Ġpulled,смысл-редк,hapax,9,36.17492
-26.223999,-43.49105,ĠCross,смысл-редк,hapax,9,37.414635
-22.17799,-17.983395,Ġover,служ,повторяется,9,34.903027
0.8671111,25.471184,Ġsure,смысл-част,повторяется,9,37.709427
-48.32357,15.236161,Ġtied,смысл-редк,hapax,9,36.709393
-50.22991,13.61715,Ġloop,смысл-редк,повторяется,9,36.858624
-6.493158,-13.084369,Ġvertical,смысл-редк,hapax,9,40.36074
63.97441,23.243553,Ġand,служ,повторяется,9,40.61518
27.368732,41.56044,Ġor,служ,повторяется,9,39.444153
66.099945,-11.170718,Ġthe,служ,повторяется,9,38.48908
-27.73802,26.998434,Ġaround,служ,hapax,9,37.267426
66.242874,-11.143433,Ġthe,служ,повторяется,9,38.551937
-49.73577,13.46245,Ġline,смысл-част,повторяется,9,35.27667
-49.653973,12.611275,Ġlines,смысл-част,повторяется,9,35.80904
-49.668953,13.1895895,Ġline,смысл-част,повторяется,9,35.96873
45.127632,51.834034,Ġof,служ,повторяется,9,38.44529
29.25307,-11.870681,ĠHold,смысл-редк,hapax,9,37.38037
-48.70923,10.066825,Ġbottom,смысл-редк,повторяется,9,38.550613
-48.501137,15.075054,Ġpull,смысл-редк,повторяется,9,36.695156
65.046875,-10.750126,Ġthe,служ,повторяется,9,38.124023
12.068536,62.68013,Ġfor,служ,повторяется,10,39.152554
25.633593,53.032635,ĠAs,служ,повторяется,10,37.83276
-9.373619,29.59165,Ġgot,смысл-част,повторяется,10,37.438595
25.787613,0.5334623,Ġthem,служ,hapax,10,36.71086
27.700815,5.7750216,Ġhe,служ,повторяется,10,37.31774
-21.158405,-10.007833,Ġsyndrome,смысл-редк,hapax,10,36.467358
-12.641531,3.0171022,Ġattacks,смысл-редк,hapax,10,36.577477
48.67597,-47.46827,",",пункт,повторяется,10,40.882446
-21.41791,-10.136786,Ġvisitors,смысл-редк,hapax,10,36.30699
34.556236,-32.980328,.,пункт,повторяется,10,41.012577
27.568521,16.832447,Ġalthough,служ,hapax,10,38.77321
-10.056271,-7.326052,Ġcues,смысл-редк,hapax,10,38.151505
31.867386,-26.504044,.,пункт,повторяется,10,40.840614
2.9636748,-13.140104,Ġ15,пункт,hapax,10,37.17587
66.059555,-4.3884993,Ġthe,служ,повторяется,10,38.797497
31.821955,-26.526356,.,пункт,повторяется,10,40.944065
37.60514,21.642878,Ġif,служ,повторяется,10,40.110374
-25.73994,-13.414219,Ġfamily,смысл-част,повторяется,10,35.138096
23.626225,-0.56190044,Ġhim,служ,повторяется,10,36.205296
40.040905,1.8571965,I,подслово,повторяется,10,38.90981
35.24897,2.620853,ĠI,служ,повторяется,10,39.136253
-27.710403,52.182964,Ġa,служ,повторяется,10,39.084606
48.22852,-48.220585,",",пункт,повторяется,10,40.48457
-7.419693,57.105473,Ġin,служ,повторяется,10,38.556313
-37.27612,18.386833,Ġcarried,смысл-редк,hapax,10,36.889126
-16.850742,6.7867236,Ġleft,смысл-част,hapax,10,37.078724
-5.412356,-16.977604,ied,подслово,hapax,10,36.016285
35.112053,-33.10148,.,пункт,повторяется,10,41.370136
-23.115583,-9.418673,Ġphone,смысл-част,hapax,10,36.481297
7.583057,9.515413,Ġpeople,смысл-част,hapax,10,36.05418
-21.313465,-10.058737,Ġautism,смысл-редк,hapax,10,35.679592
-28.549622,-17.832756,Ġteenager,смысл-редк,повторяется,10,35.31696
-16.555162,12.375586,Ġconfront,смысл-редк,hapax,10,37.429096
50.65514,-47.357304,",",пункт,повторяется,10,41.30502
-22.349361,25.496967,Ġoff,служ,hapax,10,37.841003
13.929457,-23.231968,'m,подслово,повторяется,10,38.89199
-5.184703,-17.335781,yl,подслово,hapax,10,36.976578
2.3106406,78.35848,Ġto,служ,повторяется,10,41.269146
12.700744,-24.445852,'s,подслово,повторяется,10,39.413387
-16.389717,-33.870274,ger,подслово,повторяется,10,37.03861
22.474834,55.214325,Ġas,служ,повторяется,11,40.118073
68.20032,-5.675516,Ġthe,служ,повторяется,11,39.103645
23.304516,55.661102,Ġas,служ,повторяется,11,38.629513
-19.486126,53.56255,ĠAn,служ,повторяется,11,37.719746
1.0606396,76.663506,Ġto,служ,повторяется,11,41.128685
33.149548,32.285786,Ġthat,служ,повторяется,11,39.40929
23.604649,18.412952,Ġwhich,служ,повторяется,11,38.356197
18.812637,-45.371162,"Ġ""",пункт,повторяется,11,38.817513
-20.464186,52.589546,Ġan,служ,повторяется,11,37.8148
2.5971117,6.877103,Ġoften,служ,hapax,11,37.010666
53.6756,-49.46053,",",пункт,повторяется,11,41.634117
-34.428215,-66.86458,Ġto,сток,сток,11,26.203844
-22.710104,-26.971128,Ġreal,смысл-част,hapax,11,35.69538
-36.70913,1.1378179,Ġstrength,смысл-редк,hapax,11,35.92203
-37.8739,-19.189653,Ġairline,смысл-редк,повторяется,11,35.121704
-22.265226,-18.125748,overs,подслово,повторяется,11,35.857372
36.48315,-8.977872,Ġthis,служ,повторяется,11,37.657673
13.162693,-45.915268,   ,пункт,повторяется,11,38.526546
-22.140932,-18.052359,Ġover,служ,повторяется,11,34.380875
25.684278,0.08858003,Ġthem,служ,hapax,11,36.820484
-23.055828,0.034841042,Ġside,смысл-част,повторяется,11,36.53849
33.677296,-33.847057,.,пункт,повторяется,11,40.49961
3.3415923,-19.348036,PO,подслово,hapax,11,40.65727
32.400112,18.773174,Ġso,служ,повторяется,11,38.177437
24.613728,31.162277,Ġthan,служ,повторяется,11,38.994286
-36.739742,0.8368232,Ġindicators,смысл-редк,hapax,11,35.3123
-5.271894,-21.418646,op,подслово,hapax,11,36.76959
-54.190002,9.853532,Ġcase,смысл-част,повторяется,11,36.00777
33.382626,32.041744,Ġthat,служ,повторяется,11,40.220325
-7.959581,60.379807,Ġin,служ,повторяется,11,40.44191
-2.4933214,8.975281,Ġalso,служ,hapax,11,38.84357
68.149185,-5.586718,Ġthe,служ,повторяется,11,39.062347
-36.824566,12.838681,Ġattracts,смысл-редк,повторяется,11,36.162148
14.695539,12.368774,Ġall,служ,hapax,11,37.272427
14.604379,31.181398,Ġcan,служ,повторяется,11,38.538673
-2.5415006,1.9695866,Ġavailable,смысл-част,повторяется,11,36.3615
-27.47206,56.11865,Ġa,служ,повторяется,11,37.39136
11.373406,27.70137,Ġmay,служ,повторяется,11,38.134453
37.36571,-7.028359,Ġthis,служ,повторяется,11,36.277836
-54.25232,9.862208,Ġcase,смысл-част,повторяется,11,37.08596
18.262135,2.9685938,Ġyour,служ,повторяется,12,37.01984
28.371792,15.164238,ĠSince,служ,hapax,12,37.329414
-33.73213,23.76768,Ġhigher,смысл-част,повторяется,12,36.093452
52.564472,-47.54124,",",пункт,повторяется,12,40.545326
37.788044,-38.244946,.,пункт,повторяется,12,37.886875
18.101627,2.8846421,Ġyour,служ,повторяется,12,36.75523
-7.901535,40.074055,Ġat,служ,повторяется,12,36.093964
-25.190691,53.541897,Ġa,служ,повторяется,12,38.839012
5.3833585,49.56242,Ġbe,служ,повторяется,12,41.545483
-17.81191,30.420853,Ġgoing,смысл-част,hapax,12,36.28423
-12.255064,6.837965,Ġconsumed,смысл-редк,hapax,12,38.441223
-29.804575,-4.682473,Ġreference,смысл-редк,повторяется,12,36.20549
-48.084743,-11.270128,Ġjump,смысл-редк,повторяется,12,34.89117
-37.98059,-18.73867,Ġelevator,смысл-редк,повторяется,12,34.42629
-46.20108,-10.966758,Ġms,смысл-редк,повторяется,12,35.512333
15.017813,-24.776052,'d,подслово,hapax,12,37.639294
39.69573,14.204552,ĠIf,служ,повторяется,12,38.981743
-48.04406,-11.224917,Ġvelocity,смысл-редк,повторяется,12,34.93076
47.221546,7.7260733,Ġit,служ,повторяется,12,38.371696
-46.16278,-10.939004,Ġdownward,смысл-редк,повторяется,12,35.75126
23.697966,10.2237835,Ġyou,служ,повторяется,12,37.08801
-37.91743,-18.72711,Ġelevator,смысл-редк,повторяется,12,33.449917
44.424435,-4.544838,Ġhowever,служ,hapax,12,39.585403
-10.0152645,-15.896252,ons,подслово,hapax,12,37.704746
13.896713,47.01612,Ġis,служ,повторяется,12,39.359673
14.547417,-13.170622,Ġ1,пункт,повторяется,12,36.554768
40.770138,14.573491,If,подслово,hapax,12,39.551014
3.4130092,81.922554,Ġto,служ,повторяется,12,41.81153
44.85401,51.269413,Ġof,служ,повторяется,12,38.779217
23.67038,10.126382,Ġyou,служ,повторяется,12,38.141964
-25.177053,-69.46526,.,сток,сток,12,27.440727
8.944717,3.3744516,Ġyes,смысл-редк,hapax,12,37.106476
-17.855858,30.41138,Ġmoving,смысл-част,повторяется,12,35.1701
-21.818007,-39.325596,t,подслово,повторяется,12,37.24069
-30.292576,-68.955894,Ġthe,сток,сток,12,26.365572
23.140087,54.36113,Ġas,служ,повторяется,12,39.53978
52.388615,-47.438923,",",пункт,повторяется,12,41.587135
-33.66068,-66.386925,Ġthe,сток,сток,12,26.184494
14.089606,30.740332,Ġcan,служ,hapax,12,39.581642
23.934395,8.297886,Ġyou,служ,повторяется,12,39.13832
-5.2505083,-9.960851,ĠHAVE,служ,hapax,13,42.980328
-10.7010765,-24.87961,era,подслово,повторяется,13,35.07685
-20.97527,-22.23418,Ġkad,смысл-редк,hapax,13,35.362286
-10.820328,-19.838428,urt,подслово,hapax,13,35.858402
14.485915,-46.22908,Âł,пункт,повторяется,13,37.377792
6.4869323,-50.670467,Ċ,пункт,повторяется,13,41.51314
-12.708742,28.574781,Ġmaking,смысл-част,повторяется,13,36.297615
14.443862,31.863762,Ġcan,служ,повторяется,13,39.549496
-12.352582,-26.438759,ness,подслово,hapax,13,36.145206
67.84965,-3.6506708,Ġthe,служ,повторяется,13,39.887592
-31.223368,52.845325,Ġa,служ,повторяется,13,38.209137
-21.13297,-0.23990704,Ġsteam,смысл-редк,hapax,13,36.806404
-2.5461078,1.9718336,Ġavailable,смысл-част,повторяется,13,36.588627
37.56645,-6.49174,ĠThis,служ,повторяется,13,37.59372
8.70548,-53.076252,Ċ,пункт,повторяется,13,40.087322
1.728496,28.300291,Ġdo,служ,повторяется,13,39.145542
40.73334,8.968265,ĠIt,служ,повторяется,13,38.90228
-32.378735,-10.780355,Ġfood,смысл-част,повторяется,13,33.762447
53.537815,-43.580444,",",пункт,повторяется,13,41.91261
50.923912,-55.00557,",",пункт,повторяется,13,40.780987
8.8242,-11.192308,Ġhere,служ,hapax,13,36.12912
-32.88266,-10.574421,Ġoil,смысл-част,повторяется,13,34.062336
-24.91101,22.513502,Ġup,служ,повторяется,13,37.40306
-11.077212,10.404372,Ġbetter,смысл-част,повторяется,13,35.635185
-2.4272602,8.975296,Ġalso,служ,повторяется,13,37.987713
34.635273,7.362393,ĠThey,служ,повторяется,13,37.51226
-11.106695,22.951532,Ġuse,смысл-част,повторяется,13,36.962517
51.593975,-49.266598,",",пункт,повторяется,13,41.93875
-29.010437,-20.051111,Ġpowdered,смысл-редк,повторяется,13,35.385487
-2.5299222,8.861374,Ġalso,служ,повторяется,13,39.00148
-23.477179,-29.5036,ĠNon,смысл-редк,hapax,13,36.447006
-32.70986,-9.925962,Ġrecipes,смысл-редк,повторяется,13,35.181442
-20.570835,52.364025,Ġan,служ,повторяется,13,37.931107
-34.0012,-5.5099506,Ġsizes,смысл-редк,повторяется,13,36.05231
50.633873,-55.71197,",,",пункт,повторяется,13,38.771797
-12.719685,28.537458,Ġmaking,смысл-част,повторяется,13,35.741837
-0.62088764,37.64711,Ġhas,служ,повторяется,13,38.05696
-33.61425,-10.829957,Ġquality,смысл-част,hapax,13,35.997173
36.384724,-29.159512,.,пункт,повторяется,13,41.649208
50.892143,-55.08178,",",пункт,повторяется,13,40.78448
7.8228602,15.99352,Ġthings,смысл-част,повторяется,14,36.154335
-18.217665,22.783052,Ġtry,смысл-част,hapax,14,39.20582
23.333351,9.448296,Ġyou,служ,повторяется,14,37.19982
2.6226087,3.7745326,Ġinformation,смысл-част,повторяется,14,34.976273
5.596052,1.468598,Ġsays,смысл-част,hapax,14,36.336937
5.29717,2.3407292,Ġknows,смысл-редк,hapax,14,39.088478
47.714184,-47.830494,",",пункт,повторяется,14,41.90315
10.920878,14.873646,Ġtime,смысл-част,hapax,14,37.015396
0.83733046,8.636986,Ġclose,смысл-част,hapax,14,36.916935
46.184235,46.059544,Ġof,служ,повторяется,14,38.988884
7.4126434,16.24305,Ġthings,смысл-част,повторяется,14,36.256184
-27.407776,23.38067,Ġbetween,служ,hapax,14,37.968025
-11.194323,31.573563,Ġbeing,служ,hapax,14,38.44992
51.406116,-46.757004,",",пункт,повторяется,14,42.410088
-24.766445,-8.051612,Ġcycle,смысл-редк,hapax,14,36.702904
-19.65289,11.733128,Ġblow,смысл-редк,hapax,14,36.86443
53.096413,-48.794655,",",пункт,повторяется,14,42.636154
-10.609017,49.12695,Ġfrom,служ,hapax,14,40.47208
8.550868,18.72451,Ġwhat,служ,повторяется,14,38.015526
51.024937,-54.754627,",",пункт,повторяется,14,41.491596
-20.575186,14.849613,Ġbuild,смысл-редк,hapax,14,36.12681
-5.7165403,-16.550577,ful,подслово,hapax,14,37.175304
-7.525265,3.6608138,Ġexpects,смысл-редк,hapax,14,37.385548
22.12463,-16.609608,Ġnot,служ,повторяется,14,39.389915
24.945442,2.983647,Ġshe,служ,повторяется,14,36.061226
-10.390198,24.438509,Ġdo,служ,повторяется,14,36.982006
-27.113853,-10.430341,Ġanger,смысл-редк,hapax,14,34.973644
9.000714,3.383378,Yes,подслово,hapax,14,38.197445
18.445051,34.35042,Ġdon,смысл-част,повторяется,14,40.32311
-29.42185,18.05141,Ġdeal,смысл-част,hapax,14,37.555836
16.99828,-11.132144,ĠOne,служ,hapax,14,39.348957
-0.39160952,0.38302884,Ġday,смысл-част,hapax,14,36.76739
44.603333,48.326904,Ġof,служ,повторяется,14,39.617405
63.739017,20.075851,Ġand,служ,повторяется,14,42.303112
18.485506,34.343075,Ġdon,смысл-част,повторяется,14,39.42993
7.697254,-49.830948,Ċ,пункт,повторяется,14,40.508236
18.252855,1.9765189,Ġyour,служ,повторяется,14,38.031567
-27.68367,-2.0375464,Ġmind,смысл-част,повторяется,14,35.715637
64.06475,19.872126,Ġand,служ,повторяется,14,41.248695
-16.738058,7.5646834,Ġwrong,смысл-част,повторяется,14,37.316887
10.334926,6.2510524,Ġanyone,смысл-част,повторяется,15,35.204548
-28.515373,0.68243885,Ġnational,смысл-редк,hapax,15,35.99769
-20.26398,-31.395266,ados,подслово,повторяется,15,35.50854
-8.662678,40.6525,Ġat,служ,повторяется,15,37.355965
18.215864,-1.3348272,Ġmy,служ,hapax,15,36.022102
-32.181705,-8.131895,Ġpictures,смысл-редк,повторяется,15,35.088345
-24.509985,6.4821177,Ġsaying,смысл-част,hapax,15,37.156696
-60.900337,-1.8462154,Ġformer,смысл-част,повторяется,15,36.630394
-4.809133,-4.047015,Ġyears,смысл-част,hapax,15,37.328213
-3.4582717,-11.736823,grown,подслово,hapax,15,37.195778
-18.90698,-33.67011,ke,подслово,повторяется,15,36.95124
-34.10748,-33.54804,ĠUnited,смысл-част,повторяется,15,36.005535
6.3736506,30.811964,Ġwould,служ,повторяется,15,38.108635
4.22537,8.453282,Ġmany,служ,повторяется,15,37.421833
-28.373413,54.055573,Ġa,служ,повторяется,15,38.67235
-27.593462,-32.85788,ĠBruce,смысл-редк,повторяется,15,35.093094
-27.136406,1.0070909,Ġproduce,смысл-редк,повторяется,15,35.014954
-32.99921,-31.389666,ĠHull,смысл-редк,hapax,15,35.978523
-8.471153,-17.83723,ies,подслово,hapax,15,36.774975
-32.157143,-8.1162815,Ġpictures,смысл-редк,повторяется,15,36.30458
47.364803,-45.755623,",",пункт,повторяется,15,40.87603
-28.022562,39.194645,Ġwith,служ,повторяется,15,38.04733
-9.92908,23.936481,Ġdo,служ,повторяется,15,38.006138
-10.638902,20.370388,Ġfind,смысл-част,hapax,15,38.034348
-35.60958,-33.381523,Ġplayers,смысл-редк,повторяется,15,33.966953
1.8770087,37.407013,Ġhave,служ,повторяется,15,38.558334
-27.667437,0.93967617,Ġimprove,смысл-редк,hapax,15,35.540134
36.60763,-42.97946,!',пункт,hapax,15,38.81288
-6.0054207,56.43544,Ġin,служ,повторяется,15,38.860653
-18.226006,3.9836051,Ġdown,служ,hapax,15,36.32688
15.448035,22.035746,Ġwhere,служ,hapax,15,37.035164
43.530704,20.47359,Ġbut,служ,повторяется,15,39.162403
-28.54254,0.19193308,Ġnumber,смысл-част,hapax,15,36.397934
-16.134691,19.792868,Ġsee,смысл-част,повторяется,15,37.153214
36.178837,31.603329,Ġthat,служ,повторяется,15,40.855145
-29.547337,27.956747,Ġalong,служ,hapax,15,37.518967
-32.756832,-21.402187,Ġacadem,смысл-редк,hapax,15,35.64939
-9.457657,-16.365488,zi,подслово,hapax,15,37.89122
2.7040536,-12.742267,Ġ25,пункт,hapax,15,37.30915
-12.516813,17.455875,Ġthink,смысл-част,hapax,15,37.22413
1.8282272,37.17619,Ġhave,служ,повторяется,16,38.497597
47.127117,-43.915012,",",пункт,повторяется,16,41.35502
-30.661245,-9.174546,Ġrestaurant,смысл-редк,hapax,16,35.434464
-31.48566,-10.744361,Ġpizza,смысл-редк,повторяется,16,34.020313
-31.05163,-10.366847,Ġpasta,смысл-редк,повторяется,16,35.808445
-7.491975,55.97996,Ġin,служ,повторяется,16,38.11851
-14.894798,10.076216,Ġtook,смысл-част,повторяется,16,36.939095
-7.945402,20.662102,Ġknow,смысл-част,повторяется,16,38.683273
-10.975801,1.657213,Ġdeserves,смысл-редк,hapax,16,37.1182
-6.482025,14.4193735,Ġever,служ,hapax,16,37.22897
0.56826496,80.426605,Ġto,служ,повторяется,16,38.769657
-23.662912,-4.8787527,Ġpassion,смысл-редк,hapax,16,36.114376
2.2463222,10.722834,Ġfew,служ,hapax,16,36.581303
-31.725954,-10.878025,Ġfood,смысл-част,повторяется,16,34.75057
29.933668,10.867039,Ġthere,служ,hapax,16,38.871006
67.34268,21.116829,Ġand,служ,повторяется,16,39.764923
64.23071,20.685251,Ġand,служ,повторяется,16,40.018276
-29.163328,-69.28602,.,сток,сток,16,26.3802
23.817112,-4.811775,Ġme,служ,повторяется,16,36.34277
-23.274214,-29.18299,ĠCheese,смысл-редк,hapax,16,36.86283
-15.168653,9.386499,Ġreached,смысл-редк,hapax,16,37.078426
-20.966787,35.618526,Ġinto,служ,повторяется,16,38.948387
-29.92429,-7.988285,Ġplace,смысл-част,hapax,16,34.950794
-30.95146,-68.504745,Ġthe,сток,сток,16,26.316399
-9.1527815,-33.89877,Z,подслово,hapax,16,36.545097
64.10236,19.219145,Ġand,служ,повторяется,16,40.934975
-20.962143,35.583035,Ġinto,служ,повторяется,16,38.641304
47.02302,-42.42783,",",пункт,повторяется,16,41.100075
35.65262,0.9419732,ĠI,служ,повторяется,16,38.78038
-28.014175,-68.90185,.,сток,сток,16,26.372843
-30.639442,-11.100662,Ġdinner,смысл-редк,hapax,16,35.39671
-6.1466193,-10.41686,pping,подслово,hapax,16,41.50805
-12.5505085,17.40282,Ġthink,смысл-част,hapax,16,36.698597
-10.762823,9.974454,Ġbest,смысл-част,hapax,16,37.785366
-5.5330825,10.217376,Ġreally,смысл-част,повторяется,16,36.124702
-31.36922,-28.847992,ĠItalian,смысл-редк,hapax,16,34.587654
1.4886124,39.292904,Ġhave,служ,повторяется,16,39.837204
-15.35806,41.356384,Ġon,служ,повторяется,16,39.28401
14.616237,18.79168,Ġwho,служ,hapax,16,37.14491
35.47057,1.5331203,ĠI,служ,повторяется,16,38.83078
-33.16816,22.124697,Ġhigh,смысл-част,hapax,17,36.047688
21.789253,-45.020664,"Ġ""",пункт,повторяется,17,38.606483
-10.184468,-13.911161,isecond,подслово,hapax,17,38.10496
-4.329439,12.302375,Ġvery,служ,повторяется,17,35.48049
-28.820026,4.419383,Ġlistening,смысл-редк,hapax,17,35.872696
28.81914,-54.84299,Ġ),пункт,повторяется,17,40.31702
-27.691128,38.61663,Ġwith,служ,повторяется,17,38.535355
-3.7372847,-25.734856,in,подслово,hapax,17,37.748962
-17.419832,-27.200382,Grad,подслово,hapax,17,36.156822
12.210461,20.805473,ĠWhy,служ,hapax,17,38.917774
3.5991862,15.7040825,Ġsomething,смысл-част,повторяется,17,36.25338
-29.735004,10.854423,Ġexplain,смысл-редк,hapax,17,36.662407
-29.780024,51.509132,Ġa,служ,повторяется,17,39.379623
20.387686,9.290497,Ġyou,служ,повторяется,17,36.65306
43.91592,46.555435,Ġof,служ,повторяется,17,37.28017
-15.348437,16.820911,Ġshowed,смысл-редк,hapax,17,35.98615
5.3857274,77.848045,Ġto,служ,повторяется,17,40.073402
15.058805,45.366173,Ġis,служ,повторяется,17,39.35017
-30.590572,13.669961,Ġsolve,смысл-редк,повторяется,17,35.400566
5.396154,77.826294,Ġto,служ,повторяется,17,40.145924
-40.852966,-17.081059,Ġstudent,смысл-редк,hapax,17,35.49504
-28.989937,50.45194,Ġa,служ,повторяется,17,40.065125
37.537407,-9.160579,Ġthis,служ,повторяется,17,37.360844
8.514279,19.118818,Ġwhat,служ,повторяется,17,37.30554
21.780226,-45.08913,"Ġ""",пункт,повторяется,17,38.245506
-42.288845,14.497316,Ġdifficult,смысл-част,повторяется,17,36.22825
-30.771692,55.543724,Ġa,служ,повторяется,17,38.894173
20.570028,9.964988,Ġyou,служ,повторяется,17,36.887955
15.0395355,-38.978374,Ġ-,пункт,hapax,17,37.973274
-3.7373106,-25.753408,eterm,подслово,hapax,17,37.338795
46.827366,8.555519,Ġit,служ,повторяется,17,37.693745
-17.456324,-27.31281,uate,подслово,hapax,17,36.504463
40.635117,9.516184,ĠIt,служ,повторяется,17,40.316685
-28.992146,4.5114484,Ġverifying,смысл-редк,hapax,17,36.837837
-34.795864,-9.985791,Ġcook,смысл-редк,hapax,17,34.781464
32.69112,32.37362,Ġthat,служ,повторяется,17,39.328255
4.800722,80.55429,Ġto,служ,повторяется,17,40.085995
-44.765984,-8.183602,Ġcomputer,смысл-част,повторяется,17,34.392113
32.32286,-58.385593,"Ġ,",пункт,повторяется,17,38.936752
-36.46132,-5.5529313,Ġpieces,смысл-редк,hapax,17,35.423546
16.067743,22.679296,Ġwhere,служ,hapax,18,39.374245
-18.8328,13.020661,Ġpost,смысл-редк,hapax,18,37.68131
31.137283,27.889,Ġthose,служ,hapax,18,38.059353
35.813145,14.461516,ĠGo,смысл-редк,hapax,18,37.523952
37.4823,21.903017,Ġif,служ,повторяется,18,40.46095
36.570477,1.4805806,ĠI,служ,повторяется,18,37.74683
19.528341,21.09613,Ġthere,служ,повторяется,18,38.205853
-24.846083,52.682167,Ġa,служ,повторяется,18,38.84613
-32.030167,14.001654,Ġfixed,смысл-редк,повторяется,18,35.979973
-21.755106,28.256609,Ġout,служ,повторяется,18,38.43527
62.353928,21.477318,Ġand,служ,повторяется,18,41.150455
62.239788,21.298382,Ġand,служ,повторяется,18,40.861713
48.723873,-47.156986,",",пункт,повторяется,18,40.773106
62.27654,21.014233,Ġand,служ,повторяется,18,41.018856
11.578733,20.80034,Ġwhy,служ,повторяется,18,38.815205
-36.51709,-13.434666,Ġarts,смысл-редк,повторяется,18,35.420757
-10.785462,12.698408,Ġeasily,смысл-редк,hapax,18,37.383446
-5.6450386,10.092853,Ġreally,смысл-част,hapax,18,37.28084
-27.102657,-69.990585,Ġto,сток,сток,18,26.7834
37.534237,21.746975,Ġif,служ,повторяется,18,39.568897
43.68762,20.213238,Ġbut,служ,повторяется,18,39.69228
-7.424858,57.462666,Ġin,служ,повторяется,18,38.782574
-12.391275,17.71848,Ġthink,смысл-част,hapax,18,37.254116
-0.8153704,5.813086,Ġanother,служ,hapax,18,37.43353
32.233673,29.337675,Ġthat,служ,повторяется,18,37.733383
10.994184,-39.75371,-,пункт,повторяется,18,37.297813
34.02476,-32.97475,.,пункт,повторяется,18,40.752705
-15.755145,-13.98709,aching,подслово,hapax,18,36.550392
-16.800106,14.7124,Ġleave,смысл-част,hapax,18,37.06892
38.212513,-44.997036,",""",пункт,hapax,18,39.363136
27.916939,4.9014187,Ġhe,служ,повторяется,18,38.486843
9.453966,31.855396,Ġcould,служ,hapax,18,38.149754
11.261305,62.603508,Ġfor,служ,повторяется,18,39.412407
0.8249768,30.998402,Ġwant,смысл-част,повторяется,18,38.226234
-14.553908,-2.7668052,Ġflexible,смысл-редк,hapax,18,36.665466
3.6001678,77.16253,Ġto,служ,повторяется,18,40.683487
-29.892042,-7.7006445,Ġplaces,смысл-редк,повторяется,18,35.700344
-16.203194,17.554077,Ġshow,смысл-част,hapax,18,36.73988
23.353218,10.303633,Ġyou,служ,повторяется,18,38.34024
6.6490417,30.818882,Ġwould,служ,повторяется,18,37.61203
45.330914,8.214249,Ġit,служ,повторяется,19,38.880543
-39.060993,-25.404696,Ġobjects,смысл-редк,повторяется,19,35.06914
-20.738464,-6.001381,Ġhead,смысл-част,hapax,19,36.877098
61.92998,21.841938,Ġand,служ,повторяется,19,41.215652
32.599308,-58.342438,"Ġ,",пункт,повторяется,19,38.968918
7.704168,41.131634,Ġwere,служ,повторяется,19,38.807957
-22.736319,3.5196707,Ġsense,смысл-част,hapax,19,36.844776
-29.268017,56.117275,Ġa,служ,повторяется,19,38.699863
7.6014137,41.173508,Ġwere,служ,повторяется,19,38.460102
46.152172,46.189743,Ġof,служ,повторяется,19,38.22987
19.439232,21.172613,Ġthere,служ,повторяется,19,37.033516
21.777302,-45.400772,"Ġ""",пункт,повторяется,19,37.93172
-5.331046,56.67362,Ġin,служ,повторяется,19,39.221363
33.396202,-58.056667,"Ġ,",пункт,повторяется,19,40.342876
4.6573825,48.97919,Ġbe,служ,повторяется,19,39.77754
1.2689295,35.57867,Ġhave,служ,повторяется,19,38.174732
-14.635283,28.548988,Ġmade,смысл-част,hapax,19,37.524017
29.566053,-3.9131482,Ġwe,служ,повторяется,19,36.6045
32.66694,31.595337,Ġthat,служ,повторяется,19,38.925156
-39.056103,-26.982418,Ġplanet,смысл-редк,повторяется,19,34.760307
-24.457998,11.580679,Ġfaced,смысл-редк,hapax,19,37.771336
-34.551643,2.5243278,Ġdefinition,смысл-редк,повторяется,19,36.300842
-27.300505,-66.835655,Ġ.,сток,сток,19,26.255919
9.905372,39.648056,Ġwas,служ,повторяется,19,39.83732
6.883237,12.719708,Ġother,служ,повторяется,19,37.428196
5.597963,18.881664,Ġwhether,служ,hapax,19,38.423134
-25.781725,-35.406963,ĠPl,смысл-редк,повторяется,19,36.31414
-7.807595,8.722402,Ġactually,смысл-част,hapax,19,38.126656
10.350977,-23.593504,s,подслово,повторяется,19,38.434967
24.504332,31.068785,Ġthan,служ,повторяется,19,39.60281
-39.349773,-26.375607,Ġasteroid,смысл-редк,hapax,19,35.068813
35.812355,11.672356,ĠWhen,служ,hapax,19,39.21827
-39.379963,-27.917904,Ġearth,смысл-редк,повторяется,19,35.498478
-23.806238,12.577722,Ġtalk,смысл-част,hapax,19,36.31216
62.162045,22.281185,Ġand,служ,повторяется,19,40.56349
-39.395752,-27.855412,Ġearth,смысл-редк,повторяется,19,34.900455
29.881771,-59.398796,Ġ.,пункт,повторяется,19,40.14446
43.72157,20.976227,Ġbut,служ,hapax,19,40.184956
32.28425,-58.779617,"Ġ,",пункт,повторяется,19,39.40488
-44.34656,-14.238337,Ġsm,смысл-редк,повторяется,19,35.404022
-50.322903,-12.083702,Ġbase,смысл-редк,повторяется,20,36.29643
-38.636024,7.4785314,Ġtransmitted,смысл-редк,повторяется,20,36.582268
44.88126,-48.88716,"),",пункт,повторяется,20,42.165516
-39.990505,1.0840046,Ġschemes,смысл-редк,hapax,20,36.212772
53.338932,-44.021164,",",пункт,повторяется,20,41.617767
-41.006577,6.6840525,Ġalternative,смысл-редк,hapax,20,37.03418
32.16332,-35.60485,.,пункт,повторяется,20,40.953674
-26.673256,29.812502,Ġover,служ,hapax,20,38.37857
32.14746,-35.50369,.,пункт,повторяется,20,40.513508
-47.376045,-14.11497,Ġvideo,смысл-част,повторяется,20,34.781624
-48.55644,-13.544807,Ġvoltage,смысл-редк,hapax,20,35.761074
-49.21145,-13.488605,Ġsignal,смысл-част,повторяется,20,35.183426
-39.98981,1.1050916,Ġequipment,смысл-редк,повторяется,20,35.46088
-32.127968,-65.371445,Ġa,сток,сток,20,26.163519
-21.107094,52.572544,Ġan,служ,повторяется,20,38.281254
-8.569977,58.942955,Ġin,служ,повторяется,20,40.460926
-21.196182,52.709534,Ġan,служ,повторяется,20,38.679787
11.524264,27.515675,Ġmay,служ,повторяется,20,38.558235
-48.346504,-19.29368,Ġdigital,смысл-редк,повторяется,20,34.78369
-47.671284,-14.303215,Ġimage,смысл-част,hapax,20,34.961044
-47.70294,-19.674246,Ġdata,смысл-част,повторяется,20,34.965767
-40.033714,1.0346185,Ġdecoding,смысл-редк,hapax,20,35.841984
14.943438,47.973568,Ġis,служ,повторяется,20,40.594982
-6.9320335,-7.8200517,Ġconversion,смысл-редк,hapax,20,37.71654
-4.0706015,47.89619,Ġby,служ,повторяется,20,39.460693
-26.053411,56.781113,Ġa,служ,повторяется,20,38.61047
-23.243269,-22.942265,Ġdem,смысл-редк,hapax,20,35.963123
10.471214,-39.096127,-,пункт,повторяется,20,38.977478
-39.43547,6.4952087,Ġinformation,смысл-част,hapax,20,36.045124
-25.582031,56.55618,Ġa,служ,повторяется,20,39.582077
-6.9240074,-7.858782,ized,подслово,повторяется,20,37.7323
5.7399607,48.90331,Ġbe,служ,повторяется,20,39.965237
-49.27199,-13.534617,Ġsignal,смысл-част,повторяется,20,35.599945
-47.77235,-19.531929,Ġdata,смысл-част,повторяется,20,34.245575
9.848073,-2.4674268,Ġexample,смысл-част,повторяется,20,37.30376
26.053646,41.16095,Ġor,служ,повторяется,20,39.437153
5.846608,48.977753,Ġbe,служ,повторяется,20,40.78876
-6.9228706,-7.8538055,og,подслово,повторяется,20,36.658043
-38.641415,7.468194,Ġtransmitted,смысл-редк,повторяется,20,35.605415
-58.028378,3.2405431,Ġpoint,смысл-част,повторяется,20,35.361267
33.69981,32.33861,Ġthat,служ,повторяется,21,39.60474
67.20608,-3.1967373,Ġthe,служ,повторяется,21,39.434708
-23.924534,1.6586318,Ġrent,смысл-редк,hapax,21,36.371937
37.59177,0.8351625,ĠI,служ,повторяется,21,38.563496
-0.900686,11.305434,Ġabove,служ,повторяется,21,37.825138
14.618917,-44.19459,/,пункт,повторяется,21,37.981686
37.71382,0.4820599,ĠI,служ,повторяется,21,38.35812
21.112926,-35.43762,  ,пункт,повторяется,21,39.605343
22.579832,9.893734,Ġyou,служ,повторяется,21,37.53877
32.21029,-33.64321,.,пункт,повторяется,21,42.132057
-17.361084,-29.733606,state,подслово,hapax,21,37.472256
-17.329344,-29.755146,capital,подслово,повторяется,21,35.9832
58.186535,-0.6826766,ĠThe,служ,повторяется,21,39.544895
14.179641,-24.75156,'re,подслово,hapax,21,36.61837
3.2908483,82.69349,Ġto,служ,повторяется,21,40.471596
18.539593,2.6748335,Ġyour,служ,повторяется,21,37.465233
43.71246,7.4151483,It,подслово,hapax,21,37.42964
36.563324,-9.500905,Ġthis,служ,повторяется,21,37.91807
44.04865,20.707962,Ġbut,служ,повторяется,21,39.999023
14.95325,-46.02473,Ġ~,пункт,hapax,21,36.472763
26.484037,41.905807,Ġor,служ,повторяется,21,40.093132
30.15537,-44.628117,:,пункт,повторяется,21,41.483276
9.295989,46.12469,Ġare,служ,повторяется,21,40.108047
-20.627768,7.171918,Ġmentioned,смысл-редк,hapax,21,36.62624
-34.6913,-23.574583,Ġmulti,смысл-редк,hapax,21,36.93456
-1.1604075,10.928678,Ġuntil,служ,hapax,21,37.480816
-41.678734,-22.922789,Ġtaxes,смысл-редк,повторяется,21,34.750237
-24.060488,1.3117167,Ġlevel,смысл-част,hapax,21,36.080494
8.535711,45.24017,Ġare,служ,повторяется,21,39.00796
-0.82889783,-29.96708,M,подслово,hapax,21,37.251797
-41.507256,-23.497845,Ġincome,смысл-редк,повторяется,21,35.378662
-0.37104297,12.108088,Ġsomewhere,смысл-редк,hapax,21,37.545776
-17.652996,-4.2473254,Ġinitial,смысл-редк,hapax,21,37.78064
3.7515354,9.288332,Ġmany,служ,hapax,21,37.59596
-22.331064,10.745785,Ġsaved,смысл-редк,hapax,21,36.006714
27.87866,2.31764,Ġthey,служ,повторяется,21,38.02806
32.872566,30.21967,Ġthat,служ,повторяется,21,39.13069
23.330362,54.744663,Ġas,служ,повторяется,21,39.45896
-41.456505,-23.594673,Ġwealth,смысл-редк,повторяется,21,35.627808
3.6506746,-14.2864275,5,пункт,повторяется,21,37.94872
32.264065,-36.542007,.,пункт,повторяется,22,40.93807
7.0800953,30.87011,Ġwould,служ,повторяется,22,36.736237
-29.558558,53.34324,Ġa,служ,повторяется,22,38.043724
33.3945,-30.663027,.,пункт,повторяется,22,40.47867
15.029215,47.13124,Ġis,служ,повторяется,22,40.56783
28.613338,3.3828912,Ġthey,служ,повторяется,22,39.45748
49.46922,8.89617,Ġit,служ,повторяется,22,38.47119
52.495358,-47.12575,",",пункт,повторяется,22,41.50295
19.424925,1.2552255,Ġtheir,служ,повторяется,22,37.113438
10.035612,30.938316,Ġcould,служ,повторяется,22,37.257973
19.253942,1.317202,Ġtheir,служ,повторяется,22,37.15101
49.594936,8.899642,Ġit,служ,повторяется,22,38.582157
-41.75216,-20.150616,Ġteachers,смысл-редк,повторяется,22,34.16066
65.452194,20.410799,Ġand,служ,повторяется,22,40.327854
23.863626,55.223835,Ġas,служ,повторяется,22,37.851547
-4.235709,24.253832,Ġmore,служ,повторяется,22,37.865345
-27.632196,55.068947,Ġa,служ,повторяется,22,37.67106
-20.72004,13.681364,Ġchoice,смысл-част,повторяется,22,36.552402
-41.811874,-20.099329,Ġteachers,смысл-редк,повторяется,22,33.534363
-6.213134,23.910065,Ġready,смысл-редк,повторяется,22,37.547626
-13.166579,27.016756,Ġmake,смысл-част,повторяется,22,35.986183
65.48069,20.63394,Ġand,служ,повторяется,22,40.555256
-10.80312,2.3089929,Ġbenefits,смысл-редк,hapax,22,36.176968
19.787401,26.168322,Ġbecause,служ,повторяется,22,37.872616
7.2454667,30.881903,Ġwould,служ,повторяется,22,37.297733
-20.493612,35.536674,Ġinto,служ,hapax,22,38.95669
11.167311,64.0999,Ġfor,служ,повторяется,22,39.184357
37.691055,21.424665,Ġif,служ,повторяется,22,40.35358
28.35037,2.8097386,Ġthey,служ,повторяется,22,37.10745
-10.383867,24.431873,Ġdo,служ,повторяется,22,37.11619
-41.714592,-19.960592,Ġschools,смысл-редк,повторяется,22,34.27424
6.443644,-0.1320591,Ġsay,смысл-част,повторяется,22,37.045876
-42.708748,-20.955067,Ġsummer,смысл-редк,повторяется,22,34.731663
22.003916,54.138035,Ġas,служ,повторяется,22,39.935654
45.985542,49.42417,Ġof,служ,повторяется,22,39.83935
10.036927,31.027008,Ġcould,служ,повторяется,22,38.20552
17.759583,17.421644,Ġduring,служ,повторяется,22,39.175144
23.679611,18.33866,Ġwhich,служ,hapax,22,38.136776
-21.02416,52.013134,Ġan,служ,hapax,22,38.155346
32.83002,17.957222,Ġso,служ,повторяется,22,38.45616
-10.469074,25.897924,Ġdoing,служ,повторяется,23,37.15773
26.55495,-38.25301,),пункт,повторяется,23,39.976017
33.08245,29.335825,Ġthat,служ,повторяется,23,39.216434
28.703516,-47.050316,;,пункт,повторяется,23,37.79245
9.79564,-38.966293,-,пункт,повторяется,23,36.921364
-41.646675,-18.30397,Ġstudent,смысл-редк,повторяется,23,34.690407
50.11022,-48.929707,",",пункт,повторяется,23,40.892574
2.6849878,-15.263379,Ġ6,пункт,повторяется,23,36.549072
48.818268,9.508775,Ġit,служ,повторяется,23,37.594498
35.630928,32.2901,Ġthat,служ,повторяется,23,40.41846
65.19232,20.98245,Ġand,служ,повторяется,23,40.952637
-41.30959,-18.643244,Ġstudents,смысл-част,повторяется,23,33.780975
-40.748627,-19.077719,Ġschool,смысл-част,повторяется,23,36.26173
-25.860703,-70.84781,.,сток,сток,23,26.637434
-5.4085073,-42.77168,Ġ3,пункт,hapax,23,38.093567
-19.746517,12.267491,Ġgather,смысл-редк,hapax,23,37.008854
-10.461628,25.800688,Ġdoing,служ,повторяется,23,37.261494
-26.94999,16.631878,Ġcomplete,смысл-част,повторяется,23,36.838078
-1.042715,14.470416,Ġwithout,служ,hapax,23,37.67902
-40.953575,-18.77419,Ġhomework,смысл-редк,повторяется,23,34.466667
-1.8743082,80.368484,Ġto,служ,повторяется,23,39.872124
-17.737349,9.863772,Ġlearned,смысл-редк,повторяется,23,36.25662
18.717432,34.54122,Ġdon,смысл-част,повторяется,23,40.176735
34.606586,-29.816292,.,пункт,повторяется,23,41.115974
42.472477,46.72572,Ġof,служ,повторяется,23,38.71857
1.4461956,-2.324778,Ġquestions,смысл-част,hapax,23,35.70414
27.803087,2.8704584,Ġthey,служ,повторяется,23,37.747005
-26.325521,54.503887,Ġa,служ,повторяется,23,39.72416
-8.325839,58.124096,Ġin,служ,повторяется,23,40.900997
-40.981243,-19.337566,Ġschool,смысл-част,повторяется,23,36.457542
-41.77807,-18.327229,Ġstudent,смысл-редк,повторяется,23,33.988422
-1.6406147,14.154365,Ġstill,служ,hapax,23,37.782864
16.387302,45.31853,Ġis,служ,повторяется,23,40.216625
2.6806142,18.695425,Ġmaybe,смысл-част,hapax,23,37.440598
-6.8490624,16.988829,Ġeven,служ,повторяется,23,38.11839
-39.797874,-18.238628,Ġmemor,смысл-редк,hapax,23,36.59387
-41.631855,-18.381474,Ġstudent,смысл-редк,повторяется,23,34.70201
13.249205,42.864525,Ġam,служ,hapax,23,37.904274
-20.267723,11.445631,aze,подслово,hapax,23,37.673843
40.971558,8.793132,ĠIt,служ,hapax,23,38.38733
-28.794039,38.91774,Ġwith,служ,повторяется,24,38.30925
-20.72473,-35.25484,Sport,подслово,повторяется,24,35.83112
31.588055,19.255869,Ġso,служ,hapax,24,38.471382
-24.225704,-29.573145,ĠTim,смысл-редк,повторяется,24,36.280468
-10.267584,-17.462996,re,подслово,повторяется,24,36.509117
-20.715935,35.69946,Ġinto,служ,hapax,24,38.3823
2.7323077,75.56166,Ġto,служ,повторяется,24,40.650826
66.56985,18.447762,Ġand,служ,повторяется,24,40.19654
11.877061,-6.8160048,Ġfirst,смысл-част,повторяется,24,36.98085
-21.19233,-33.87233,ston,подслово,повторяется,24,35.619175
9.301173,-39.11741,-,пункт,повторяется,24,37.298378
-0.5004355,36.444134,Ġhas,служ,повторяется,24,37.204437
-17.670044,-36.422276,ish,подслово,повторяется,24,36.967842
-26.8458,-37.056095,ĠSher,смысл-редк,повторяется,24,35.935036
27.48949,5.4311533,Ġhe,служ,повторяется,24,37.43149
-16.138275,32.449497,Ġgoing,смысл-част,повторяется,24,37.97801
31.55653,-27.083075,.,пункт,повторяется,24,39.997597
47.607193,-45.528366,",",пункт,повторяется,24,40.175022
43.17546,49.94906,Ġof,служ,повторяется,24,39.538895
7.4632564,9.295044,Ġpeople,смысл-част,hapax,24,36.63349
18.0017,-1.6684496,Ġmy,служ,hapax,24,36.97305
-17.703197,-36.096214,ish,подслово,повторяется,24,36.177326
-0.30568096,83.31969,Ġto,служ,повторяется,24,39.26328
-19.771381,-30.59386,ia,подслово,hapax,24,36.062973
5.464681,30.807123,Ġdid,служ,hapax,24,37.70857
63.594154,21.629345,Ġand,служ,повторяется,24,40.572174
35.07744,-26.44781,.,пункт,повторяется,24,41.20089
35.023617,31.528793,Ġthat,служ,повторяется,24,40.015045
-31.32945,-29.947157,ĠRepublic,смысл-редк,повторяется,24,36.518692
-32.97887,-31.713991,ottenham,подслово,hapax,24,36.88933
10.659074,-40.081345,-,пункт,повторяется,24,37.313545
35.101475,-26.450834,.,пункт,повторяется,24,41.564365
12.076064,-6.976386,Ġfirst,смысл-част,повторяется,24,36.77452
10.224329,-24.423424,'s,подслово,повторяется,24,37.20669
11.785918,62.55071,Ġfor,служ,повторяется,24,38.92806
8.274489,-17.548431,Ġtwo,смысл-част,hapax,24,36.99691
8.880274,0.6290167,Ġwants,смысл-част,повторяется,24,37.925957
66.529495,18.282381,Ġand,служ,повторяется,24,40.025032
-26.446148,51.418068,Ġa,служ,повторяется,24,39.94292
14.867,-23.695257,'ve,подслово,повторяется,24,37.138397
-45.208797,0.47543672,Ġcommon,смысл-част,hapax,25,36.78127
21.53971,-38.598194,Ġ,пункт,повторяется,25,38.771687
-14.083396,-42.598545,n,подслово,повторяется,25,36.624016
23.39584,23.666513,Ġwhen,служ,hapax,25,39.822506
-50.774593,-15.819528,Ġsize,смысл-част,повторяется,25,34.70445
15.696854,-50.33825,{\,пункт,повторяется,25,39.116055
11.591745,-53.43636,Ċ,пункт,повторяется,25,39.341644
11.289531,-53.1798,Ċ,пункт,повторяется,25,38.835693
9.944587,-51.570885,Ċ,пункт,повторяется,25,40.668396
26.371788,-38.876072,),пункт,повторяется,25,40.223587
7.0696907,-18.680256,2,пункт,повторяется,25,36.002853
-53.706825,-20.183252,Ġperformed,смысл-редк,повторяется,25,35.428246
10.2956,-53.0406,Ċ,пункт,повторяется,25,40.10037
-51.18627,-15.633253,Ġinputs,смысл-редк,повторяется,25,35.289486
11.025007,-53.06682,Ċ,пункт,повторяется,25,38.071163
24.08535,55.648525,Ġas,служ,hapax,25,39.19351
-46.39192,-0.9232043,Ġunits,смысл-редк,hapax,25,35.37545
69.75561,-0.52397263,Ġthe,служ,повторяется,25,37.68323
-31.679234,-65.864876,Ċ,сток,сток,25,26.18506
-46.543198,3.0741608,Ġbehavior,смысл-редк,повторяется,25,36.54524
-43.94434,-2.7081537,Ġnotation,смысл-редк,повторяется,25,36.629105
-14.012461,-42.633125,n,подслово,повторяется,25,36.46296
11.433698,-53.268925,Ċ,пункт,повторяется,25,39.223618
-3.131066,57.7467,In,подслово,hapax,25,38.034462
38.36239,49.51015,Ġof,служ,повторяется,25,39.878876
-3.4589148,47.87467,Ġby,служ,повторяется,25,37.63639
39.224255,52.455856,Ġof,служ,повторяется,25,40.0634
31.86577,-34.623135,.,пункт,повторяется,25,40.437275
-48.265648,3.5902255,Ġaverage,смысл-част,повторяется,25,34.99392
-48.413254,3.8337567,Ġworst,смысл-редк,hapax,25,36.406147
-45.71012,0.27998957,Ġexplicitly,смысл-редк,hapax,25,37.212658
15.080042,-11.54272,Ġone,служ,повторяется,25,36.989483
13.354195,63.598667,Ġfor,служ,повторяется,25,40.413174
16.37587,-52.39492,^{\,пункт,повторяется,25,36.90063
31.010443,-47.095146,âĢĬ,пункт,повторяется,25,37.487434
-48.25998,3.5424957,Ġaverage,смысл-част,повторяется,25,35.862503
-43.585316,9.233609,Ġgiven,смысл-част,повторяется,25,37.313683
70.61177,0.098347865,Ġthe,служ,повторяется,25,39.20643
28.690039,-32.63293,.,пункт,повторяется,25,41.080944
-13.382941,-42.98481,displaystyle,подслово,повторяется,25,37.058582
-2.6959877,18.158348,Ġlater,смысл-част,hapax,26,37.819336
-22.377903,-39.03063,T,подслово,повторяется,26,35.942127
52.82774,-46.174038,",",пункт,повторяется,26,40.05154
13.983037,48.435165,Ġis,служ,повторяется,26,38.994247
-40.069954,-38.202137,ability,подслово,повторяется,26,35.930813
-32.892273,-65.16122,T,сток,сток,26,26.160858
5.1563005,-31.522577,see,подслово,повторяется,26,37.129375
-53.333485,-18.207075,Ġmathematic,смысл-редк,повторяется,26,35.818645
46.649445,7.554318,Ġit,служ,повторяется,26,37.69509
35.022545,-9.906232,Ġthese,служ,повторяется,26,36.718018
-53.27147,-18.205301,Ġmathematic,смысл-редк,повторяется,26,35.053104
-6.9337454,-43.46195,Ġthree,смысл-част,повторяется,26,35.788696
28.01503,16.318836,ĠAlthough,служ,hapax,26,37.769302
-3.6301045,47.881367,Ġby,служ,повторяется,26,37.937634
-34.794685,12.334649,Ġproven,смысл-редк,hapax,26,36.501865
-55.525528,-14.288491,Ġthesis,смысл-редк,повторяется,26,34.56002
70.017166,0.59325963,Ġthe,служ,повторяется,26,38.384438
43.07549,20.38443,Ġbut,служ,hapax,26,38.11361
-50.472897,-17.341318,Ġformally,смысл-редк,повторяется,26,35.602024
-25.981876,-69.15321,Ġthe,сток,сток,26,26.92312
-39.3043,10.195881,Ġbelief,смысл-редк,hapax,26,36.140797
-45.694195,-1.432326,Ġnumbers,смысл-част,hapax,26,35.873413
53.78874,-45.787895,",",пункт,повторяется,26,41.792133
-41.508255,6.7942266,Ġinformal,смысл-редк,повторяется,26,36.886227
-37.948166,-41.05311,uring,подслово,повторяется,26,37.888683
-55.637672,-15.209594,Ġcoincide,смысл-редк,повторяется,26,37.87497
24.336851,-46.788845,[,пункт,hapax,26,38.640694
2.6307664,23.089115,Ġonly,служ,повторяется,26,37.62846
-39.918983,-38.26001,ity,подслово,hapax,26,36.83896
-31.228762,11.539242,Ġdescribe,смысл-редк,hapax,26,37.62589
-51.515404,-17.476347,Ġfunctions,смысл-редк,повторяется,26,35.24519
-24.274809,17.455828,Ġwork,смысл-част,hapax,26,37.495983
-45.074677,5.643612,Ġnotion,смысл-редк,повторяется,26,36.963875
-40.12157,-38.179203,ability,подслово,повторяется,26,36.742485
-47.486237,-6.558214,Ġphysics,смысл-редк,hapax,26,35.78162
-55.53017,-14.224055,Ġconjecture,смысл-редк,повторяется,26,35.532074
-55.985188,-16.77905,Ġstates,смысл-част,повторяется,26,36.235065
13.959411,48.532684,Ġis,служ,повторяется,26,39.60659
52.798817,-45.52958,",",пункт,повторяется,26,41.744476
-37.951687,-41.04722,uring,подслово,повторяется,26,35.937393
70.70189,-1.6923349,Ġthe,служ,повторяется,27,38.826965
-5.0503726,6.930598,Ġcurrently,смысл-редк,hapax,27,38.14344
-49.944168,-3.6690407,Ġdimension,смысл-редк,hapax,27,36.666634
-19.299368,14.570365,Ġserve,смысл-редк,hapax,27,37.219925
62.05078,20.37609,Ġand,служ,повторяется,27,42.479046
-51.782402,-6.662762,Ġlatent,смысл-редк,hapax,27,37.20277
40.573284,51.76086,Ġof,служ,повторяется,27,38.82871
-21.1443,52.76492,Ġan,служ,hapax,27,38.9141
54.426754,-46.773598,",",пункт,повторяется,27,42.623466
-49.687572,-15.962933,Ġseries,смысл-редк,повторяется,27,34.07235
-50.524467,-4.344215,Ġstructure,смысл-редк,hapax,27,36.1138
6.9830084,-19.00756,2,пункт,повторяется,27,39.174023
24.963896,-44.803734,âĢĻ,пункт,повторяется,27,38.171036
70.66987,-1.9522274,Ġthe,служ,повторяется,27,39.663517
-52.799942,-7.1924486,Ġbaseline,смысл-редк,hapax,27,36.278385
30.168133,-33.64394,.,пункт,повторяется,27,40.148647
14.284506,-48.761974,_,пункт,hapax,27,37.8597
30.145845,-33.55056,.,пункт,повторяется,27,40.624126
-45.14126,-18.572975,Ġpaper,смысл-част,повторяется,27,34.246662
-53.004448,-6.1421957,Ġrecurrent,смысл-редк,hapax,27,37.095013
-5.5460467,8.926454,Ġextremely,смысл-редк,hapax,27,37.23129
9.733867,-25.926586,s,подслово,повторяется,27,38.51898
6.0167847,80.36931,Ġto,служ,повторяется,27,39.511757
-51.233986,-9.222572,Ġdeterministic,смысл-редк,повторяется,27,35.24351
70.423515,-2.2178483,Ġthe,служ,повторяется,27,39.16889
6.36947,50.559174,Ġbe,служ,повторяется,27,38.995125
30.14982,-33.66124,.,пункт,повторяется,27,40.596256
30.292961,-33.8024,.,пункт,повторяется,27,40.212936
9.123031,29.226942,Ġshould,служ,повторяется,27,38.319466
-5.6696515,7.0128064,Ġconsidered,смысл-редк,hapax,27,37.86714
-23.994017,-37.779057,ĠG,смысл-част,повторяется,27,35.426426
-15.223168,-7.884659,Ġreviewer,смысл-редк,hapax,27,36.5877
-47.197716,2.9145122,Ġapplicability,смысл-редк,hapax,27,36.55784
-36.274693,3.2502563,Ġimplementations,смысл-редк,hapax,27,37.409336
-28.606106,-0.029893287,Ġnumber,смысл-част,повторяется,27,36.87081
40.5464,9.565534,ĠIt,служ,повторяется,27,39.939445
-3.5577545,47.827057,Ġby,служ,повторяется,27,39.184467
-53.056114,-6.040343,Ġneural,смысл-редк,повторяется,27,36.024605
-11.889024,-8.526607,Ġchecking,смысл-редк,hapax,27,38.77914
-28.822441,50.055016,Ġa,служ,повторяется,27,41.05377
-44.716885,-33.725163,Ġfain,смысл-редк,повторяется,28,36.714943
-22.975567,-20.466307,Ġscales,смысл-редк,hapax,28,36.91686
-33.723457,23.69756,Ġhigher,смысл-част,повторяется,28,36.293472
57.604805,-3.06283,ĠThe,служ,повторяется,28,36.68396
22.415703,-51.93261,*,пункт,повторяется,28,37.660637
30.24916,-32.209435,.,пункт,повторяется,28,41.102146
-47.79866,-33.05908,pc,подслово,повторяется,28,35.904545
-8.495489,-31.449366,H,подслово,hapax,28,36.36889
-7.0815635,-42.919266,3,пункт,повторяется,28,37.64714
-8.597308,-41.600147,01,пункт,повторяется,28,36.424706
16.1989,-52.445255,^{-,пункт,повторяется,28,37.454144
-19.36896,-15.486176,population,подслово,hapax,28,37.05355
-7.412207,-21.113594,ic,подслово,hapax,28,37.14435
10.485292,-36.80503,-,пункт,повторяется,28,37.92381
37.793407,-38.238605,.,пункт,повторяется,28,38.958893
-61.757168,-7.4439206,Ġsimilar,смысл-част,повторяется,28,37.63176
40.664707,53.96277,Ġof,служ,повторяется,28,38.106937
-3.0046833,-34.55156,04,пункт,hapax,28,37.836643
-54.734985,0.15751053,Ġvalue,смысл-част,повторяется,28,36.560757
9.667744,-47.893852,Ċ,пункт,повторяется,28,39.73158
9.813503,-48.27863,Ċ,пункт,повторяется,28,40.356155
-54.15095,0.8378562,Ġfunction,смысл-част,повторяется,28,39.45655
14.616499,-44.163258,/,пункт,hapax,28,37.09968
37.672596,-38.263264,.,пункт,повторяется,28,37.914867
10.48375,-36.81887,-,пункт,повторяется,28,37.928642
4.1620517,82.49351,Ġto,служ,повторяется,28,41.169952
-47.879726,-33.660282,osity,подслово,hapax,28,37.23132
9.545451,-48.586826,Ċ,пункт,повторяется,28,39.709904
-3.0571692,-34.903828,19,пункт,повторяется,28,38.146088
14.773151,-49.555645,_,пункт,повторяется,28,38.009304
-3.3149934,-34.404335,74,пункт,hapax,28,37.16489
-29.258924,-26.76506,ĠLF,смысл-редк,повторяется,28,36.624676
9.76431,45.53201,Ġare,служ,hapax,28,39.860638
-22.721313,-20.878384,Ġr,смысл-част,повторяется,28,35.700577
-47.968067,-33.079964,ies,подслово,повторяется,28,37.05648
-7.410128,-21.25712,uest,подслово,hapax,28,37.646626
30.543701,-32.38352,.,пункт,повторяется,28,41.517544
39.96537,53.229416,Ġof,служ,повторяется,28,39.072426
14.718172,-49.4714,_,пункт,повторяется,28,37.379646
72.1768,-3.6361256,Ġthe,служ,повторяется,28,39.104805
65.26021,-4.2440634,Ġthe,служ,повторяется,29,38.882317
-26.770563,8.83415,Ġdone,служ,повторяется,29,36.51824
-14.946436,-9.007994,Ġsuppression,смысл-редк,hapax,29,37.818996
35.341408,-29.360086,.,пункт,повторяется,29,41.059414
23.608444,11.568594,you,подслово,hapax,29,37.757915
22.787548,-7.2456384,guy,подслово,hapax,29,36.6249
-6.929735,59.188675,Ġin,служ,повторяется,29,40.208134
41.918354,48.43709,Ġof,служ,повторяется,29,38.671642
41.200886,9.5051775,ĠIt,служ,повторяется,29,40.04598
40.413914,1.9050786,I,подслово,hapax,29,38.602844
43.002827,49.095226,Ġof,служ,повторяется,29,39.306454
35.6708,31.834435,Ġthat,служ,повторяется,29,41.29884
16.610065,-10.675575,Ġone,служ,повторяется,29,38.642525
21.692448,-0.9332134,Ġhis,служ,повторяется,29,36.057407
-13.3852215,-3.4871936,Ġbad,смысл-част,hapax,29,36.66781
35.220993,-29.024857,.,пункт,повторяется,29,41.863808
-18.849741,-10.803933,ĠIndian,смысл-редк,hapax,29,35.977398
-31.430134,-6.1281595,Ġscenes,смысл-редк,hapax,29,34.973488
-8.2224655,59.706593,Ġin,служ,повторяется,29,40.634457
-23.077896,7.547278,Ġchange,смысл-част,hapax,29,37.19218
-19.162998,-20.217867,Ġen,смысл-редк,повторяется,29,36.645786
47.947407,10.62323,Ġit,служ,повторяется,29,37.04724
-31.154484,-6.1882224,Ġmovies,смысл-редк,hapax,29,35.399956
3.6731706,9.025598,Ġmany,служ,повторяется,29,36.89218
-17.04563,11.606456,raged,подслово,повторяется,29,37.54792
-9.578921,-30.017431,Christian,подслово,hapax,29,36.08352
34.001324,16.048304,ĠSo,служ,повторяется,29,37.42705
15.3282175,29.973528,can,подслово,hapax,29,38.203762
-17.638237,-23.850374,Ġp,смысл-част,hapax,29,36.13409
43.24602,52.085106,Ġof,служ,повторяется,29,38.41487
4.970407,-15.688599,Ġ4,пункт,hapax,29,36.952293
-4.7035317,13.543656,Ġquite,смысл-част,повторяется,29,37.31344
-4.071775,24.279942,Ġmore,служ,hapax,29,38.63534
63.952255,21.40248,Ġand,служ,повторяется,29,41.103355
-7.4516444,-15.868266,y,подслово,повторяется,29,38.428947
-12.223523,-20.707052,ep,подслово,hapax,29,37.10331
33.933544,16.091993,ĠSo,служ,повторяется,29,37.942104
-12.743485,-15.737203,Ġtypical,смысл-редк,повторяется,29,36.27879
45.537025,9.761891,Ġit,служ,повторяется,29,38.77654
23.004827,-6.8016615,me,подслово,hapax,29,36.317116
-31.133116,-3.7112834,Ġcareer,смысл-част,повторяется,30,35.57332
-25.604155,-26.593048,ĠNam,смысл-редк,повторяется,30,36.033398
-32.061466,-4.038453,Ġjobs,смысл-редк,hapax,30,35.508442
55.980625,-43.499973,",",пункт,повторяется,30,41.25648
-32.070217,-2.412383,Ġperformances,смысл-редк,повторяется,30,35.98232
19.86047,1.1233938,Ġtheir,служ,повторяется,30,36.285027
36.82682,-26.68933,.,пункт,повторяется,30,41.570602
-2.398267,80.232864,Ġto,служ,повторяется,30,39.724182
-28.639347,-17.966967,Ġteenager,смысл-редк,hapax,30,35.96515
-25.081919,-26.582588,ĠSang,смысл-редк,hapax,30,36.687393
-22.702538,-10.981674,Ġguardians,смысл-редк,hapax,30,36.60201
-13.812393,-38.96329,arth,подслово,повторяется,30,39.239098
-24.037445,-12.438835,Ġparents,смысл-част,повторяется,30,34.614414
-27.555794,54.964897,Ġa,служ,повторяется,30,38.480366
20.421732,-0.22813202,Ġher,служ,повторяется,30,36.490784
12.367259,-0.29269308,Ġperson,смысл-част,повторяется,30,37.56435
-16.363579,9.081886,Ġentered,смысл-редк,hapax,30,36.98801
9.785061,-26.15444,s,подслово,повторяется,30,38.86978
-32.06502,-2.3896089,Ġperformance,смысл-част,hapax,30,35.615723
-25.400692,-25.928162,ĠMountains,смысл-редк,hapax,30,35.722767
-33.321537,-19.55933,Ġyoung,смысл-част,повторяется,30,36.398537
12.364894,-0.2946251,Ġperson,смысл-част,повторяется,30,36.80501
-11.552433,1.5849334,Ġresides,смысл-редк,повторяется,30,37.48776
9.979862,-2.435701,Ġexample,смысл-част,повторяется,30,38.464645
-9.270854,40.926456,Ġat,служ,повторяется,30,37.813286
-37.304405,-11.335785,Ġbi,смысл-редк,повторяется,30,34.916603
-32.53035,16.996983,Ġdivorced,смысл-редк,повторяется,30,36.09333
13.920946,7.911726,Ġany,служ,повторяется,30,38.045235
-48.867268,-16.604565,Ġsection,смысл-редк,повторяется,30,36.127087
-32.138638,-4.0523515,Ġorganizations,смысл-редк,hapax,30,35.55214
-5.964797,59.90509,Ġin,служ,повторяется,30,39.59267
20.810843,-0.44111598,Ġher,служ,повторяется,30,35.822815
18.689669,-43.787178,ĠâĢľ,пункт,повторяется,30,40.560806
56.882557,-48.08036,",",пункт,повторяется,30,40.838444
24.018217,7.7522063,Ġyou,служ,повторяется,30,39.735447
-27.085182,-35.920624,ĠRu,смысл-редк,повторяется,30,36.042988
14.085114,-32.492256,âĢĻ,пункт,повторяется,30,39.024174
-12.986669,-38.2748,M,подслово,повторяется,30,38.268833
-27.37244,3.5799198,Ġworking,смысл-част,hapax,30,36.30675
-25.494797,-26.690601,ĠDash,смысл-редк,повторяется,30,35.394295
53.051186,-50.41453,",",пункт,повторяется,31,41.930267
-12.059552,-17.868593,runner,подслово,hapax,31,37.9094
7.4006615,-4.796996,Ġrest,смысл-част,повторяется,31,37.029625
-16.941658,-10.540249,ĠOpinion,смысл-редк,hapax,31,36.37083
8.546753,19.13113,Ġwhat,служ,повторяется,31,38.389793
-2.6980495,28.996994,Ġhow,служ,hapax,31,39.29726
36.997593,1.239423,ĠI,служ,hapax,31,36.996037
-9.818545,3.479763,Ġsounds,смысл-редк,hapax,31,38.207577
36.110355,-8.602173,Ġthis,служ,повторяется,31,35.316193
-8.170956,11.309094,Ġwell,смысл-част,повторяется,31,38.161972
19.19806,-43.576912,"Ġ""",пункт,повторяется,31,40.355198
-21.94923,28.177057,Ġout,служ,повторяется,31,36.98505
64.63658,-4.089239,Ġthe,служ,повторяется,31,38.323795
-16.18359,32.387592,Ġgoing,смысл-част,hapax,31,37.528576
28.123198,1.8332889,Ġthey,служ,повторяется,31,37.99547
65.02326,19.901821,Ġand,служ,повторяется,31,40.584873
-60.891743,-1.8516525,Ġformer,смысл-част,hapax,31,36.983265
21.174215,-0.3419358,Ġher,служ,повторяется,31,36.1133
-7.8004384,58.15994,Ġin,служ,повторяется,31,40.54816
-23.547195,5.7545276,Ġwatched,смысл-редк,hapax,31,37.201607
38.03684,-44.437134,",""",пункт,повторяется,31,40.880375
44.048573,20.608208,Ġbut,служ,повторяется,31,39.668972
12.062562,62.32849,Ġfor,служ,повторяется,31,39.759422
1.4209403,-15.211227,Ġ2016,пункт,повторяется,31,36.57557
-9.968318,4.1540103,Ġworks,смысл-част,hapax,31,37.01908
25.060974,-43.283466,"""",пункт,hapax,31,40.44098
25.016695,3.1195664,Ġshe,служ,повторяется,31,36.770443
-27.183292,-31.564396,ĠWarren,смысл-редк,повторяется,31,35.21406
27.733425,-4.4233184,Ġus,служ,hapax,31,36.154507
35.74903,-43.70952,".""",пункт,повторяется,31,39.907627
21.113714,-0.24435051,Ġher,служ,повторяется,31,36.301933
-35.10646,-21.28316,Ġrace,смысл-редк,повторяется,31,35.772297
-28.695683,-21.554604,ĠDemocrats,смысл-редк,hapax,31,35.280712
-6.5904336,57.248154,Ġin,служ,повторяется,31,38.152153
-31.972189,-21.878038,Ġlobby,смысл-редк,hapax,31,34.868023
34.060223,31.525114,Ġthat,служ,повторяется,31,40.770676
2.4117713,76.62604,Ġto,служ,повторяется,31,40.119305
42.38657,-32.000507,?,пункт,hapax,31,40.49093
-23.969568,5.665654,Ġwatching,смысл-редк,hapax,31,37.01301
34.44558,-32.43811,.,пункт,повторяется,31,40.887993
-15.3797245,-15.453247,Ġhonor,смысл-редк,hapax,32,36.12826
14.511206,-10.240496,Ġone,служ,повторяется,32,36.9879
9.319235,-49.57324,Ċ,пункт,повторяется,32,39.555805
-14.593009,-16.649328,view,подслово,повторяется,32,36.08635
-27.452787,-11.659889,Ġwestern,смысл-редк,повторяется,32,35.506596
68.25454,-11.483328,Ġthe,служ,повторяется,32,40.093697
28.517393,-30.112755,.,пункт,повторяется,32,40.15503
-26.305794,-42.947704,ĠCross,смысл-редк,повторяется,32,37.753746
6.151057,-50.884827,Ċ,пункт,повторяется,32,40.762234
-38.434586,-29.986042,Ġinter,смысл-редк,hapax,32,36.52486
-18.73493,-38.25238,ner,подслово,повторяется,32,37.73018
14.587116,-46.184807,Âł,пункт,повторяется,32,37.04135
49.925884,-50.72574,",",пункт,повторяется,32,40.47866
-38.00221,13.65368,Ġenters,смысл-редк,hapax,32,36.137287
9.672597,-51.05439,Ċ,пункт,повторяется,32,40.313885
-19.137444,-39.577045,ck,подслово,повторяется,32,38.16526
33.0613,-56.210655,"Ġ,",пункт,повторяется,32,39.84521
-29.536795,28.240269,Ġalong,служ,hapax,32,36.761314
-19.092478,-39.517563,ck,подслово,повторяется,32,35.40591
-22.368198,0.8593941,Ġpoint,смысл-част,hapax,32,36.19062
-24.951525,-19.140604,ĠCity,смысл-редк,повторяется,32,35.446686
-27.848509,-68.976364,Ġthe,сток,сток,32,26.507164
-0.9470529,81.07864,Ġto,служ,повторяется,32,38.778698
-26.29664,-42.989136,ĠCross,смысл-редк,повторяется,32,38.061794
-47.643612,-20.569012,ĠDepartment,смысл-редк,hapax,32,36.415108
-38.554424,14.020247,Ġadjacent,смысл-редк,hapax,32,36.27227
-27.52589,-23.371399,Ġ1963,пункт,hapax,32,36.37626
-24.795504,-18.948458,ĠHill,смысл-редк,hapax,32,36.390774
-29.966228,28.689005,Ġcross,смысл-редк,hapax,32,36.94076
-13.445573,-15.844995,portation,подслово,hapax,32,36.34934
6.143875,-50.899372,Ċ,пункт,повторяется,32,40.626846
-6.1501102,-35.10811,878,пункт,hapax,32,37.421223
-6.165646,-35.11263,678,пункт,повторяется,32,37.771957
-47.905636,9.651809,Ġcourse,смысл-част,hapax,32,37.309254
-17.422049,-32.85517,idan,подслово,повторяется,32,36.45636
49.835487,-50.77154,",",пункт,повторяется,32,40.223522
-38.29873,-30.274435,ĠInter,смысл-редк,повторяется,32,37.701878
-26.775568,-40.909306,ĠBru,смысл-редк,повторяется,32,38.639416
68.252335,-11.480391,Ġthe,служ,повторяется,32,39.868206
-26.285595,-42.9954,ĠCross,смысл-редк,повторяется,32,37.286674
38.063713,51.846134,Ġof,служ,повторяется,33,39.363422
-57.810017,-12.013874,Ġconclusion,смысл-редк,повторяется,33,37.128323
14.981201,48.91806,Ġis,служ,повторяется,33,40.02807
-55.90242,-12.468073,Ġpremises,смысл-редк,повторяется,33,35.80467
5.240682,81.55494,Ġto,служ,повторяется,33,39.403957
31.216015,-36.977833,.,пункт,повторяется,33,40.87441
2.6219969,23.054304,Ġonly,служ,повторяется,33,38.336002
65.12649,22.220205,Ġand,служ,повторяется,33,40.927933
-9.776028,48.043022,Ġfrom,служ,повторяется,33,39.05421
5.772109,21.799944,Ġevery,служ,hapax,33,36.98438
-43.52759,9.13503,Ġgiven,смысл-част,повторяется,33,36.747467
-53.57309,-7.8447943,Ġpriori,смысл-редк,hapax,33,37.934605
57.259712,-2.1731834,ĠThe,служ,повторяется,33,37.61156
14.694123,32.216732,Ġcan,служ,hapax,33,38.084415
-58.200253,-12.494726,Ġconsequence,смысл-редк,повторяется,33,36.437847
13.508975,63.119156,Ġfor,служ,повторяется,33,39.233997
-57.67345,-11.989603,Ġargument,смысл-редк,hapax,33,36.25673
9.997263,-51.60866,Ċ,пункт,повторяется,33,40.801334
-26.496105,59.071907,Ġa,служ,повторяется,33,38.58016
20.049992,26.37061,Ġbecause,служ,hapax,33,39.311558
-56.10565,-10.591003,Ġinterpretation,смысл-редк,hapax,33,36.79931
-34.679886,12.376412,Ġdetermined,смысл-редк,hapax,33,37.294464
42.909283,-32.01321,?,пункт,повторяется,33,39.361015
-58.292664,-12.590476,Ġconsequence,смысл-редк,повторяется,33,35.663086
-55.71825,-10.420717,Ġlanguage,смысл-част,повторяется,33,35.620735
-56.005074,-10.538572,Ġsemantics,смысл-редк,hapax,33,36.582615
38.055996,52.372276,Ġof,служ,повторяется,33,39.104263
-0.21141794,-24.959301,sense,подслово,hapax,33,36.554527
9.8695545,-51.39558,Ċ,пункт,повторяется,33,40.72893
-58.344044,-12.610552,Ġconsequence,смысл-редк,повторяется,33,37.937977
18.736816,-54.473026,Ġ{,пункт,повторяется,33,38.65018
-26.245995,58.809994,Ġa,служ,повторяется,33,39.661167
18.73608,-54.47334,Ġ{,пункт,повторяется,33,38.954716
69.29805,0.28764677,Ġthe,служ,повторяется,33,38.634926
18.736267,-54.47177,Ġ{,пункт,повторяется,33,38.428963
40.012066,-46.32986,".,",пункт,повторяется,33,39.963383
-55.981003,-9.895942,Ġlog,смысл-редк,hapax,33,36.05327
-25.047607,-67.23346,.,сток,сток,33,26.49746
-0.15042713,-25.896603,ive,подслово,hapax,33,37.637463
-6.904519,-43.70059,Ġthree,смысл-част,hapax,33,37.21126
-44.854374,-12.847223,Ġstandard,смысл-редк,повторяется,34,35.260185
3.3750432,45.364716,Ġbeen,служ,hapax,34,38.841854
-8.804863,-19.229967,ia,подслово,hapax,34,36.154102
-6.912455,-25.955528,hal,подслово,hapax,34,36.435226
-26.7496,55.48709,Ġa,служ,повторяется,34,38.74302
35.478523,-33.61978,.,пункт,повторяется,34,41.039227
-21.151293,36.041294,Ġinto,служ,повторяется,34,38.847626
-12.380687,-12.342934,ĠLives,смысл-редк,hapax,34,39.77046
-6.5362816,61.208775,Ġin,служ,повторяется,34,39.617573
-0.17536923,-22.724424,ac,подслово,hapax,34,38.589146
-28.38307,-38.363785,ĠWest,смысл-част,повторяется,34,35.446915
-28.632038,-34.00965,ĠAlfred,смысл-редк,повторяется,34,34.671535
-6.5295286,-25.763067,Ġure,смысл-редк,повторяется,34,35.6388
38.526463,45.975258,Ġof,служ,повторяется,34,36.94831
-15.522923,-19.856873,ĠPast,смысл-редк,hapax,34,36.270424
-6.9111576,-27.316265,thel,подслово,hapax,34,36.912384
-3.2583961,-19.477482,es,подслово,повторяется,34,36.75476
-6.7042456,-27.796814,lf,подслово,повторяется,34,37.048237
39.097137,46.190224,Ġof,служ,повторяется,34,37.32042
-29.571999,-36.274498,ĠOld,смысл-редк,повторяется,34,35.692894
-28.280392,9.125846,Ġcopied,смысл-редк,повторяется,34,36.43658
-8.406568,-29.762367,Norm,подслово,hapax,34,35.197273
39.200565,46.217945,Ġof,служ,повторяется,34,38.108074
8.604574,39.278496,Ġwas,служ,повторяется,34,38.154034
-22.495167,-4.132533,Ġsimilarities,смысл-редк,hapax,34,36.5944
-8.868365,-27.029913,sex,подслово,повторяется,34,35.87871
-6.6391587,-27.847313,¾,пункт,повторяется,34,37.45936
-6.715014,-25.776728,ume,подслово,hapax,34,36.605537
-15.650545,-21.371138,Ġcost,смысл-част,hapax,34,37.75597
4.597154,37.052227,Ġhad,служ,повторяется,34,38.82403
38.501045,47.845913,Ġof,служ,повторяется,34,37.996613
41.897503,50.615128,Ġof,служ,повторяется,34,39.366333
2.741109,79.48962,Ġto,служ,повторяется,34,40.581436
-22.847523,-41.099384,L,подслово,повторяется,34,37.28242
-28.389364,-38.413395,ĠWest,смысл-част,повторяется,34,36.37809
62.474266,-1.1843649,The,подслово,повторяется,34,39.06365
66.1246,-1.9520756,Ġthe,служ,повторяется,34,39.586708
52.439114,-50.92617,",",пункт,повторяется,34,41.43053
38.985344,46.597725,Ġof,служ,повторяется,34,38.278072
-29.577309,-36.255806,Old,подслово,hapax,34,36.153336
-23.625437,13.476944,Ġwrite,смысл-част,повторяется,35,35.180927
34.833237,-40.485027,!,пункт,повторяется,35,40.358364
18.523893,34.31755,Ġdon,смысл-част,hapax,35,39.58172
-20.150377,-25.92921,Ġim,смысл-редк,повторяется,35,36.123524
-27.363483,-7.9202976,Ġfilmmaker,смысл-редк,hapax,35,35.712574
-37.16325,26.967651,Ġdue,смысл-част,повторяется,35,37.017723
32.949326,7.5198665,ĠHe,служ,hapax,35,37.077644
-7.227343,-11.398383,when,подслово,hapax,35,39.259937
40.801647,18.104408,ĠBut,служ,hapax,35,38.291542
-27.159317,-24.149555,ĠPrague,смысл-редк,повторяется,35,35.394188
-10.011323,-16.149746,ins,подслово,hapax,35,37.26581
63.734844,-4.272382,Ġthe,служ,повторяется,35,38.36233
14.890691,46.45015,Ġis,служ,повторяется,35,39.331165
12.123407,-39.925552,-,пункт,hapax,35,38.410076
18.206638,-0.90885705,Ġmy,служ,повторяется,35,37.819263
64.46155,-4.590383,Ġthe,служ,повторяется,35,37.38641
-20.102167,-26.210117,db,подслово,повторяется,35,36.318623
41.54221,46.56934,Ġof,служ,повторяется,35,38.29249
-27.941847,-8.033027,Ġfilm,смысл-част,повторяется,35,34.60752
45.756554,47.749474,of,подслово,hapax,35,38.105824
2.8769715,12.2777405,Ġmost,служ,hapax,35,37.65646
-9.704237,-14.820216,aux,подслово,hapax,35,37.099033
32.018112,-29.161077,.,пункт,повторяется,35,41.485283
24.535383,4.139656,Ġshe,служ,повторяется,35,36.41321
10.951325,-25.542204,'s,подслово,повторяется,35,36.604446
-18.673517,-21.31837,Ġad,смысл-редк,hapax,35,36.334633
-26.969217,53.31684,Ġa,служ,повторяется,35,39.350677
41.200108,47.08725,Ġof,служ,повторяется,35,38.755875
-17.351006,12.011387,Ġremind,смысл-редк,hapax,35,38.07893
-27.17569,-7.92515,Ġfat,смысл-редк,повторяется,35,36.5526
24.540136,4.205814,Ġshe,служ,повторяется,35,37.483997
-21.597776,9.023811,Ġagree,смысл-редк,hapax,35,37.596497
-11.708883,-20.382408,wood,подслово,hapax,35,36.313366
-27.349401,-34.271442,ĠAd,смысл-редк,повторяется,35,36.050766
-37.161644,26.967518,Ġdue,смысл-част,повторяется,35,37.309307
-4.424099,12.460438,Ġvery,служ,hapax,35,36.7872
37.892723,4.964787,ĠI,служ,повторяется,35,40.24323
39.74924,1.0064008,I,подслово,повторяется,35,38.872646
18.910984,-1.3815383,Ġmy,служ,повторяется,35,36.94003
-23.53626,13.163744,Ġread,смысл-част,hapax,35,35.90032
-7.9663143,57.221645,Ġin,служ,повторяется,36,40.33065
-52.23596,5.571849,Ġpenalty,смысл-редк,hapax,36,35.968582
-3.6867537,23.299212,Ġmore,служ,hapax,36,37.056458
18.83638,-3.162823,Ġown,смысл-част,hapax,36,37.283043
48.011726,9.804071,Ġit,служ,повторяется,36,37.73535
-51.718426,5.141984,Ġprinciple,смысл-редк,hapax,36,35.946774
21.019842,9.274962,Ġyou,служ,повторяется,36,36.646763
-32.002094,-16.112778,Ġviolence,смысл-редк,повторяется,36,36.37589
23.62931,23.793238,Ġwhen,служ,hapax,36,39.612953
36.78411,-8.761576,Ġthis,служ,повторяется,36,37.500366
33.97014,13.66656,ĠNow,служ,повторяется,36,38.525166
-52.68839,5.904915,Ġfunction,смысл-част,hapax,36,35.95337
39.790043,48.23326,Ġof,служ,повторяется,36,39.09523
-52.41814,5.709259,Ġresult,смысл-част,hapax,36,36.372585
-8.341867,1.3625985,Ġsupports,смысл-редк,hapax,36,37.763737
37.269844,5.1680117,ĠI,служ,повторяется,36,38.093506
0.21812598,3.3315265,Ġlonger,смысл-част,hapax,36,38.121094
44.584427,20.745564,Ġbut,служ,повторяется,36,39.69491
-32.73714,-17.160591,Ġaggression,смысл-редк,повторяется,36,36.174572
34.463978,-31.333242,.,пункт,повторяется,36,40.672325
3.8554606,77.886536,Ġto,служ,повторяется,36,40.57713
37.003788,-7.419509,Ġthis,служ,повторяется,36,36.57383
58.185432,-1.5192522,ĠThe,служ,повторяется,36,39.234505
34.396,-30.97116,.,пункт,повторяется,36,41.00881
29.611423,-3.7662187,Ġwe,служ,повторяется,36,37.79742
28.638535,1.4873478,Ġthey,служ,повторяется,36,37.93575
-28.223999,-70.0643,",",сток,сток,36,26.46344
22.27965,2.0880594,Ġthemselves,смысл-част,hapax,36,37.766857
29.804783,-3.6261368,Ġwe,служ,повторяется,36,37.92224
19.583725,-2.3785691,Ġour,служ,hapax,36,36.31063
49.998688,-46.776844,",",пункт,повторяется,36,41.328186
14.615069,12.421262,Ġall,служ,повторяется,36,35.831554
-34.70585,-15.931148,Ġfreedom,смысл-редк,повторяется,36,34.573265
12.776481,7.458867,Ġany,служ,повторяется,36,37.0023
22.286097,-17.106464,Ġnot,служ,повторяется,36,39.46737
67.628815,-2.5221376,Ġthe,служ,повторяется,36,39.864674
-11.973436,-24.441303,emen,подслово,повторяется,36,35.256687
11.350873,-39.97168,-,пункт,hapax,36,36.883312
27.770447,-4.416368,Ġus,служ,повторяется,36,35.970898
-33.901295,-2.842783,Ġlaws,смысл-редк,hapax,36,35.08227
-18.446484,17.302374,Ġremember,смысл-част,повторяется,37,36.572906
20.96263,8.1633005,Ġyou,служ,повторяется,37,35.923645
28.285889,14.8512125,Ġsince,служ,повторяется,37,36.59689
33.475235,15.810517,ĠSo,служ,hapax,37,38.7638
-28.177134,-69.15665,.,сток,сток,37,26.322393
-16.084229,19.765917,Ġsee,смысл-част,повторяется,37,37.09305
23.860044,-4.866824,Ġme,служ,повторяется,37,36.832485
35.053314,-30.221556,.,пункт,повторяется,37,41.10068
14.034237,-23.034246,'m,подслово,повторяется,37,38.781403
-18.363064,18.642035,Ġdeserve,смысл-редк,повторяется,37,36.372612
21.10828,7.532066,Ġyou,служ,повторяется,37,36.753902
-26.619106,50.864986,Ġa,служ,повторяется,37,38.531807
34.212727,11.522192,ĠWhile,служ,hapax,37,39.478867
41.942234,45.572697,Ġof,служ,повторяется,37,39.23742
20.961237,8.195903,Ġyou,служ,повторяется,37,36.206165
-7.1834426,59.22691,Ġin,служ,повторяется,37,39.36799
-27.118322,52.839558,Ġa,служ,повторяется,37,38.41006
21.369316,7.736284,Ġyou,служ,повторяется,37,37.110077
-14.903624,6.6222634,Ġcomfort,смысл-редк,hapax,37,37.219677
-29.405396,-68.746544,.,сток,сток,37,26.231361
37.249763,14.319884,ĠTrying,смысл-редк,hapax,37,37.879757
-13.484464,15.629235,Ġliked,смысл-редк,hapax,37,37.738373
9.9493685,32.106853,Ġcould,служ,повторяется,37,38.62528
44.233635,20.542694,Ġbut,служ,hapax,37,39.83241
-18.983654,16.600409,Ġhug,смысл-редк,повторяется,37,35.266624
23.879272,-4.766879,Ġme,служ,повторяется,37,37.32112
22.473763,8.690559,Ġyou,служ,повторяется,37,37.896835
-35.26615,-64.983215,Ġto,сток,сток,37,26.138424
47.345913,-44.43992,",",пункт,повторяется,37,41.26903
23.755766,-5.232215,Ġme,служ,повторяется,37,36.90793
-18.979212,16.677185,Ġhug,смысл-редк,повторяется,37,35.8269
2.1585462,22.624983,Ġonly,служ,повторяется,37,36.89578
-16.029541,-4.902651,Ġremaining,смысл-редк,hapax,37,38.24177
-23.76502,-7.852856,Ġbarn,смысл-редк,hapax,37,35.474625
14.023768,-23.156996,'m,подслово,повторяется,37,38.69302
21.33539,7.7594876,Ġyou,служ,повторяется,37,37.17434
22.398636,8.34962,Ġyou,служ,повторяется,37,37.946857
14.9612665,46.237988,Ġis,служ,повторяется,37,40.568775
-26.7833,-3.3923593,Ġface,смысл-част,hapax,37,36.350887
36.40608,7.8387613,ĠYou,служ,повторяется,37,37.903687
61.81677,21.318975,Ġand,служ,повторяется,38,41.386093
40.87011,-30.330935,?,пункт,повторяется,38,41.868862
-4.7577906,-4.01354,Ġyears,смысл-част,повторяется,38,36.954998
-13.884364,8.146999,Ġbelieved,смысл-редк,hapax,38,37.25396
22.105583,1.9465417,Ġmyself,служ,hapax,38,37.32245
-28.073128,38.3714,Ġwith,служ,повторяется,38,38.7465
18.455774,-23.015743,'t,подслово,повторяется,38,39.6158
-26.4334,51.93803,Ġa,служ,повторяется,38,39.346546
18.488123,-22.849348,'t,подслово,повторяется,38,40.161224
-24.104065,-7.7574205,Ġoutside,смысл-част,повторяется,38,35.86243
-17.802288,-23.540028,Ġpar,смысл-редк,hapax,38,35.475895
-27.438112,51.182297,Ġa,служ,повторяется,38,39.84319
35.365665,-30.940884,.,пункт,повторяется,38,40.689438
35.789745,1.6154609,ĠI,служ,повторяется,38,37.831203
30.534271,-45.486248,:,пункт,hapax,38,40.0351
65.22305,18.443283,Ġand,служ,повторяется,38,40.56354
64.97923,-6.343138,Ġthe,служ,повторяется,38,38.20766
-14.523809,18.951462,Ġfeel,смысл-част,hapax,38,37.259705
-13.550084,-4.0182056,Ġnaive,смысл-редк,hapax,38,38.10208
2.6999955,18.827274,Ġmaybe,смысл-част,hapax,38,37.99338
51.042515,-47.69116,",",пункт,повторяется,38,41.930454
13.075009,7.1251216,Ġany,служ,hapax,38,38.127148
29.337849,-46.29022,;,пункт,hapax,38,40.455784
65.68308,20.748388,Ġand,служ,повторяется,38,40.066296
-26.514502,-1.5832624,Ġlife,смысл-част,повторяется,38,35.669125
27.795238,-4.4317803,Ġus,служ,повторяется,38,36.116707
22.658848,8.567233,Ġyou,служ,повторяется,38,38.4612
64.768616,-6.0613966,Ġthe,служ,повторяется,38,39.189175
-4.659509,28.766134,Ġway,смысл-част,повторяется,38,38.331642
34.579857,7.3691416,ĠThey,служ,повторяется,38,38.519783
36.336452,32.38011,Ġthat,служ,повторяется,38,40.569897
-6.7907486,14.07615,Ġalways,служ,повторяется,38,37.432156
-7.7470555,-14.949087,ative,подслово,hapax,38,37.997395
23.17654,8.099854,Ġyou,служ,повторяется,38,38.737194
3.9796474,36.641415,Ġhad,служ,повторяется,38,38.6043
0.13392189,8.948165,Ġfar,смысл-част,hapax,38,39.029823
-10.423469,-22.51979,F,подслово,hapax,38,36.768097
3.5152385,-14.123994,Ġfive,смысл-част,повторяется,38,36.23714
12.65486,37.195793,Ġhadn,смысл-редк,hapax,38,39.290646
9.782164,39.397633,Ġwas,служ,повторяется,38,38.759594
-9.517622,29.104736,Ġget,смысл-част,повторяется,39,37.765697
-42.60797,-12.087566,Ġstate,смысл-част,повторяется,39,35.197304
45.262833,45.55558,Ġof,служ,повторяется,39,37.461845
-16.949877,6.8374934,Ġleft,смысл-част,hapax,39,36.47173
-10.76832,48.373417,Ġfrom,служ,повторяется,39,39.77143
33.1676,-58.891068,"Ġ,",пункт,повторяется,39,40.686096
8.448478,12.657349,Ġother,служ,повторяется,39,36.689873
14.686664,46.399677,Ġis,служ,повторяется,39,40.456245
29.981363,-60.56085,Ġ.,пункт,повторяется,39,40.258762
-26.371416,1.3032075,Ġeventual,смысл-редк,повторяется,39,37.10099
-0.6514053,37.72938,Ġhas,служ,hapax,39,39.35422
-23.385862,7.2260346,Ġchanging,смысл-редк,hapax,39,37.453045
-26.618933,1.1816223,Ġproduce,смысл-редк,hapax,39,37.060295
-7.8580256,8.675842,Ġactually,смысл-част,hapax,39,38.79426
-33.678097,-64.54543,Ġthe,сток,сток,39,26.11797
-15.8468895,-12.40179,afia,подслово,hapax,39,37.036312
33.083992,-59.177483,"Ġ,",пункт,повторяется,39,41.420166
33.024014,-59.007412,"Ġ,",пункт,повторяется,39,40.55623
-25.323412,-48.11192,enty,подслово,повторяется,39,37.80027
1.9273635,16.083855,Ġmuch,служ,повторяется,39,38.913174
-34.391136,-25.851881,Ġgy,смысл-редк,повторяется,39,35.404335
22.52114,-47.491615,Ġ(,пункт,hapax,39,39.210365
7.271655,9.520084,Ġpeople,смысл-част,hapax,39,36.316475
-30.748253,53.645214,Ġa,служ,повторяется,39,38.313473
1.399689,77.06393,Ġto,служ,повторяется,39,40.874928
21.973675,-45.176212,"Ġ""",пункт,повторяется,39,37.69608
1.7375014,13.244109,Ġsome,служ,повторяется,39,36.147278
30.303738,1.9465989,Ġthey,служ,повторяется,39,37.14594
4.488152,-1.2267221,Ġsaid,смысл-част,hapax,39,37.737328
-17.72487,6.794693,Ġled,смысл-редк,hapax,39,37.040134
-8.749201,40.133472,Ġat,служ,повторяется,39,38.193604
-8.9218645,-15.334542,en,подслово,hapax,39,38.390175
32.528725,18.587778,Ġso,служ,hapax,39,39.58699
44.80986,45.805824,Ġof,служ,повторяется,39,38.297913
2.2568045,16.012901,Ġeverything,смысл-част,повторяется,39,36.594944
29.926914,-60.421696,Ġ.,пункт,повторяется,39,40.192333
-32.74734,-5.2158732,Ġwindow,смысл-редк,hapax,39,35.552174
-25.324507,-48.11503,enty,подслово,повторяется,39,37.27945
20.569895,10.745588,Ġyou,служ,повторяется,39,37.268158
31.396242,-60.25823,Ġ?,пункт,hapax,39,40.2519
-25.10368,-33.968987,ĠB,смысл-част,повторяется,40,35.77919
-21.028929,-2.9520667,Ġshift,смысл-редк,hapax,40,36.88797
-13.443341,-22.056787,urb,подслово,hapax,40,36.86205
22.41285,54.377487,Ġas,служ,повторяется,40,39.63277
-14.502533,41.945053,Ġon,служ,повторяется,40,39.360744
-16.607979,42.967464,Ġon,служ,повторяется,40,38.77624
-14.740731,10.835367,Ġtake,смысл-част,повторяется,40,37.26787
8.696366,29.167377,Ġshould,служ,повторяется,40,39.098343
-31.72417,-14.285788,ĠTwitter,смысл-редк,повторяется,40,36.082066
5.7810497,1.0460514,Ġsays,смысл-част,повторяется,40,36.57211
-28.659828,-27.94732,ĠNicholas,смысл-редк,повторяется,40,36.54334
-31.971386,0.042772345,Ġjob,смысл-част,повторяется,40,36.938583
-7.0193486,58.160004,Ġin,служ,повторяется,40,38.802673
8.493416,29.187363,Ġshould,служ,повторяется,40,37.764347
5.768509,0.99760437,Ġsays,смысл-част,повторяется,40,36.170967
-22.94581,7.5762053,Ġchanged,смысл-редк,hapax,40,37.24091
49.0018,-47.722786,",",пункт,повторяется,40,41.92307
-32.27187,-30.073881,ĠBritish,смысл-редк,hapax,40,34.362896
-35.585007,-18.594341,Ġmuseum,смысл-редк,повторяется,40,34.55989
16.814457,47.134846,Ġis,служ,повторяется,40,40.358185
35.001877,-31.774452,.,пункт,повторяется,40,40.910194
40.957157,47.77674,Ġof,служ,повторяется,40,39.19676
1.7999021,-12.235718,Ġ50,пункт,повторяется,40,37.064922
-29.415453,10.313973,Ġexplained,смысл-редк,hapax,40,36.122864
-30.175804,24.99051,Ġapproach,смысл-част,hapax,40,36.749405
12.705881,-24.48744,'s,подслово,повторяется,40,39.111458
33.449936,7.424892,ĠShe,служ,повторяется,40,37.151978
21.823772,-1.2045683,Ġhis,служ,hapax,40,36.88212
-20.874975,-3.5336967,Ġbold,смысл-редк,hapax,40,35.54759
34.55903,-33.35719,.,пункт,повторяется,40,41.353966
-38.833733,-13.250798,ĠCulture,смысл-редк,hapax,40,36.30629
1.9505897,77.897514,Ġto,служ,повторяется,40,40.60083
2.2482533,78.23557,Ġto,служ,повторяется,40,40.20003
-32.79575,-30.88137,ĠManchester,смысл-редк,hapax,40,35.525414
-32.003136,0.050162487,Ġapplication,смысл-редк,hapax,40,35.736862
-21.186543,-2.5091088,Ġimpressive,смысл-редк,hapax,40,36.721897
21.066769,-0.33910203,Ġher,служ,повторяется,40,36.360306
-21.163876,-2.124423,Ġsuccessful,смысл-редк,hapax,40,36.18616
-32.201675,-13.869194,Ġfeed,смысл-редк,hapax,40,36.272858
1.4945334,77.93484,Ġto,служ,повторяется,40,40.63279
-26.156206,52.42185,Ġa,служ,повторяется,41,39.7684
-33.17154,-65.50641,Ġto,сток,сток,41,26.149462
63.765965,19.685486,Ġand,служ,повторяется,41,41.789833
-56.48895,-26.566101,Ġindex,смысл-редк,hapax,41,36.39195
18.353317,-23.634588,'t,подслово,повторяется,41,38.605145
-30.107328,1.5124505,Ġonline,смысл-част,hapax,41,36.159496
-29.8811,1.4975368,Ġnice,смысл-част,hapax,41,36.05161
-2.5931828,28.997263,Ġhow,служ,повторяется,41,39.654263
45.770527,8.650206,Ġit,служ,повторяется,41,38.4973
1.4523342,76.79815,Ġto,служ,повторяется,41,41.17066
10.268689,6.363011,Ġanyone,смысл-част,hapax,41,37.168674
-22.247934,10.915174,Ġspend,смысл-част,hapax,41,35.848923
34.26951,-37.72148,.,пункт,повторяется,41,41.267315
-3.852925,24.128218,Ġmore,служ,повторяется,41,37.539772
-12.82115,-34.55482,angu,подслово,hapax,41,36.612778
6.0875387,-4.7172494,Ġmoney,смысл-част,повторяется,41,35.273384
-11.312834,4.5017815,Ġdepends,смысл-редк,hapax,41,38.53221
-26.79306,-68.72684,Ġto,сток,сток,41,26.574722
26.558874,-38.239746,),пункт,повторяется,41,40.229755
-5.4166837,-12.70272,anner,подслово,hapax,41,36.84569
-5.3955016,-42.76474,Ġ3,пункт,hapax,41,38.982517
53.749775,-44.13289,",",пункт,повторяется,41,42.709
14.166524,31.197643,Ġcan,служ,повторяется,41,38.560947
-43.40792,-11.769414,Ġstock,смысл-редк,повторяется,41,34.814953
33.98709,-36.009655,.,пункт,повторяется,41,40.258343
22.914007,54.303604,Ġas,служ,повторяется,41,39.899662
-0.5439825,37.5422,Ġhas,служ,повторяется,41,37.8918
48.9388,-45.341984,",",пункт,повторяется,41,41.22939
-7.4568324,58.06184,Ġin,служ,повторяется,41,39.424763
-37.43173,0.31808347,Ġaccounts,смысл-редк,hapax,41,36.490288
-4.5583286,4.317379,Ġlittle,смысл-част,hapax,41,37.245823
-9.936325,23.831444,Ġdo,служ,повторяется,41,37.592957
34.388103,-37.98763,.,пункт,повторяется,41,38.923
40.75896,2.1156266,I,подслово,повторяется,41,39.1554
-35.607998,0.123316266,Ġoptions,смысл-редк,hapax,41,34.851254
37.214817,0.23948659,ĠI,служ,повторяется,41,38.13615
3.664881,9.213665,Ġmany,служ,hapax,41,37.38388
21.867308,9.961251,Ġyou,служ,повторяется,41,38.997185
-4.6923537,46.92659,Ġby,служ,повторяется,41,37.263493
2.8358793,77.4853,Ġto,служ,повторяется,41,41.125793
39.50613,-46.132328,".,",пункт,повторяется,42,39.73022
-15.681237,-37.732613,ate,подслово,повторяется,42,37.88763
15.172839,-11.582934,One,подслово,hapax,42,37.37235
43.360767,20.04473,Ġbut,служ,повторяется,42,38.751286
43.979862,47.79275,Ġof,служ,повторяется,42,39.103504
18.70287,34.47497,Ġdon,смысл-част,повторяется,42,39.449272
2.0996706,22.567186,Ġonly,служ,повторяется,42,37.174572
9.128097,9.8129835,Ġpeople,смысл-част,повторяется,42,35.422314
-18.887554,-17.44481,Ġcro,смысл-редк,hapax,42,36.38286
37.688675,5.5141835,ĠI,служ,повторяется,42,39.4507
9.093002,9.821692,Ġpeople,смысл-част,повторяется,42,36.102436
-25.805113,5.1673126,Ġjumping,смысл-редк,hapax,42,36.745995
67.64449,-5.8344197,Ġthe,служ,повторяется,42,38.8138
3.4685526,12.486279,ĠMost,служ,hapax,42,37.78377
36.58625,-33.46635,.,пункт,повторяется,42,41.13629
6.054997,-4.698068,Ġmoney,смысл-част,повторяется,42,34.806473
-10.687036,20.0724,Ġfind,смысл-част,повторяется,42,37.46025
-24.12736,0.7333085,Ġmargin,смысл-редк,hapax,42,36.178814
-19.61987,-5.004995,Ġfull,смысл-част,повторяется,42,37.704308
-34.485893,-18.107927,Ġmanufacturer,смысл-редк,повторяется,42,35.455647
-11.001798,6.897113,Ġexactly,смысл-редк,hapax,42,38.76492
-20.57741,7.2231803,Ġmentioned,смысл-редк,повторяется,42,37.04396
22.952951,-15.926768,Ġnot,служ,повторяется,42,38.35393
14.733528,-23.812056,'ve,подслово,повторяется,42,38.53724
8.91513,9.778076,Ġpeople,смысл-част,повторяется,42,35.7482
-22.923237,21.541655,Ġback,смысл-част,hapax,42,37.058773
-12.016283,7.217094,Ġapproved,смысл-редк,hapax,42,36.967587
-12.754342,28.881264,Ġmaking,смысл-част,hapax,42,37.126583
-33.349,22.612015,Ġhigh,смысл-част,hapax,42,35.580353
1.7164079,77.156425,Ġto,служ,повторяется,42,41.0569
30.994019,-44.448647,:,пункт,повторяется,42,40.808212
-18.698738,13.047057,Ġignore,смысл-редк,hapax,42,36.304234
35.41491,-9.730924,Ġthese,служ,повторяется,42,37.323288
67.04996,-4.263589,Ġthe,служ,повторяется,42,38.20997
6.7027206,-4.8334875,Ġreb,смысл-редк,повторяется,42,34.1926
20.824896,-18.713024,nt,подслово,hapax,42,37.530655
-22.644169,0.9331601,Ġpoint,смысл-част,hapax,42,36.64333
62.530853,20.522547,Ġand,служ,повторяется,42,41.907757
-8.142617,-13.402994,ase,подслово,hapax,42,39.111877
-15.707002,-37.729675,ate,подслово,повторяется,42,36.672955
16.788195,36.34972,Ġdo,служ,повторяется,43,39.645443
29.095905,-61.093327,Ġ.,пункт,повторяется,43,40.674725
26.753286,41.26633,Ġor,служ,hapax,43,39.503754
-0.23199122,77.27318,Ġto,служ,повторяется,43,40.62919
-8.950893,39.9174,Ġat,служ,повторяется,43,39.637478
-17.182377,-14.994616,eper,подслово,hapax,43,35.873047
16.690767,-58.713223,Ġ%,пункт,повторяется,43,37.908
-19.305471,2.4003072,Ġloss,смысл-редк,hapax,43,36.51316
-4.3032055,-36.703568,Ġ99,пункт,повторяется,43,38.11707
-18.29901,1.0980678,Ġcertain,смысл-част,hapax,43,37.95282
-4.0006976,-33.900455,150,пункт,hapax,43,39.083412
-42.402527,-31.522726,Ġmeters,смысл-редк,повторяется,43,35.264263
-19.80888,0.92993385,Ġmixture,смысл-редк,повторяется,43,35.53377
16.691116,-58.7112,Ġ%,пункт,повторяется,43,37.063885
-18.098999,0.6180749,Ġtypically,смысл-редк,hapax,43,37.237747
2.661612,79.02315,Ġto,служ,повторяется,43,40.961884
-18.427834,0.6852527,Ġsignificant,смысл-редк,hapax,43,37.299625
22.63091,-47.5302,Ġ(,пункт,повторяется,43,39.56646
-3.6863344,-34.169697,74,пункт,hapax,43,38.35132
-8.410842,56.56376,Ġin,служ,повторяется,43,38.787346
11.897343,3.1749184,Ġno,служ,hapax,43,38.282
-17.965008,10.4492,Ġexperience,смысл-част,повторяется,43,37.223213
33.363556,-58.469498,"Ġ,",пункт,повторяется,43,40.479607
-15.715734,7.7962866,Ġwaited,смысл-редк,hapax,43,37.648487
15.59751,22.522663,Ġwhere,служ,повторяется,43,39.06375
-27.616625,-69.77282,Ġthe,сток,сток,43,26.625202
-47.013897,-17.626848,Ġchance,смысл-част,повторяется,43,34.852554
-19.690023,1.166219,Ġrescue,смысл-редк,повторяется,43,34.868305
15.587846,22.563871,Ġwhere,служ,повторяется,43,39.156765
31.579124,-49.70878,Ġ:,пункт,повторяется,43,38.885094
26.468237,4.8274527,Ġhe,служ,hapax,43,37.422604
-19.031115,1.274175,Ġfaster,смысл-редк,hapax,43,36.765583
1.3569617,14.314805,Ġsuch,служ,hapax,43,38.404724
31.818825,-47.99033,Ġ):,пункт,hapax,43,40.006695
28.762486,-54.755676,Ġ),пункт,повторяется,43,40.225376
-9.050252,18.002338,Ġuse,смысл-част,hapax,43,36.968266
-19.77949,1.525517,Ġlethal,смысл-редк,hapax,43,35.490044
23.393917,-47.36724,Ġ[,пункт,повторяется,43,39.14134
28.87789,-60.693695,Ġ.,пункт,повторяется,43,40.38087
-42.39555,-31.518047,Ġmeters,смысл-редк,повторяется,43,35.30048
33.991817,16.160898,ĠSo,служ,повторяется,44,38.727848
36.43498,7.8725195,ĠYou,служ,повторяется,44,39.672745
11.325439,27.701725,Ġmay,служ,повторяется,44,38.284145
-17.83584,14.837043,Ġshake,смысл-редк,hapax,44,37.10422
36.582726,-30.869379,.,пункт,повторяется,44,40.743275
5.092819,49.707336,Ġbe,служ,повторяется,44,40.213245
-33.64045,-16.27104,Ġwar,смысл-част,hapax,44,34.18559
-15.852646,19.529081,Ġhear,смысл-част,повторяется,44,36.407413
36.358078,-30.851095,.,пункт,повторяется,44,41.220036
-9.01243,24.754452,Ġdo,служ,повторяется,44,38.44364
-26.716505,-5.6854405,Ġchant,смысл-редк,повторяется,44,36.785717
36.170856,-29.574348,.,пункт,повторяется,44,41.299084
40.76222,18.055464,ĠBut,служ,hapax,44,38.73872
36.846424,0.2736517,ĠI,служ,повторяется,44,38.587124
-29.584639,-67.75277,",",сток,сток,44,26.275324
-29.78876,-43.078945,ĠLive,смысл-редк,повторяется,44,38.31116
49.776825,-46.358665,",",пункт,повторяется,44,41.52469
22.005587,-16.799938,Ġnot,служ,повторяется,44,39.109867
-17.364506,13.5201,Ġbeg,смысл-редк,hapax,44,37.261368
-24.566792,-66.72265,Ġand,служ,повторяется,44,28.939093
-32.77389,-15.935704,Ġstrength,смысл-редк,hapax,44,35.479412
32.34219,-26.232933,.,пункт,повторяется,44,41.193825
28.727924,-47.018166,;,пункт,повторяется,44,37.92438
-19.734837,20.76132,Ġlive,смысл-част,hapax,44,35.965256
21.121813,-43.347115,"Ġ""",пункт,повторяется,44,39.369354
37.412533,5.1174045,ĠI,служ,повторяется,44,39.594467
34.784172,1.5836364,ĠI,служ,повторяется,44,38.98678
22.478231,11.016801,Ġyou,служ,повторяется,44,37.946728
-26.92789,-68.979996,Ġof,сток,сток,44,26.582497
-16.835613,14.698566,Ġleave,смысл-част,hapax,44,36.97307
-29.756634,-43.17434,augh,подслово,повторяется,44,39.978493
-26.607792,53.203648,Ġa,служ,повторяется,44,40.32397
-24.9556,22.361628,Ġup,служ,повторяется,44,36.75483
-29.786144,-43.096195,ĠCry,смысл-редк,повторяется,44,37.978848
-33.63787,-16.273432,Ġenemy,смысл-редк,повторяется,44,34.958954
6.3347235,27.95896,Ġwill,служ,повторяется,44,38.301537
34.739666,-40.56431,!,пункт,повторяется,44,38.997913
8.831045,-11.201923,Ġhere,служ,повторяется,44,36.737278
21.096436,-43.36086,"Ġ""",пункт,повторяется,44,39.159687
42.700256,48.031677,Ġof,служ,повторяется,44,38.903034
31.546734,-49.76595,Ġ:,пункт,hapax,45,38.06557
-8.259773,7.369244,Ġless,служ,hapax,45,37.182835
-58.018333,3.2819362,Ġpoint,смысл-част,повторяется,45,35.99475
7.9365544,-16.799522,Ġboth,служ,повторяется,45,36.40988
33.991802,13.673521,ĠNow,служ,повторяется,45,38.706608
71.29777,-6.3521605,Ġthe,служ,повторяется,45,39.370487
31.061682,-59.892067,Ġ!,пункт,повторяется,45,38.60371
-9.600431,-14.100668,ally,подслово,hapax,45,38.669907
23.753767,-51.989525,Ġ|,пункт,повторяется,45,37.94958
71.120384,-6.898786,Ġthe,служ,повторяется,45,39.90509
23.258892,-50.41242,Ġ*,пункт,повторяется,45,38.54445
-30.781973,55.82231,Ġa,служ,повторяется,45,39.156673
23.19679,-51.706417,Ġ*,пункт,повторяется,45,37.967308
23.23638,-50.405277,Ġ*,пункт,повторяется,45,38.20604
-26.402203,19.220167,Ġrun,смысл-част,hapax,45,37.00988
-36.062218,-9.22213,Ġlight,смысл-част,повторяется,45,35.190384
71.31925,-6.26796,Ġthe,служ,повторяется,45,39.756363
13.36673,43.034283,Ġam,служ,hapax,45,39.304173
-36.020412,-9.119405,Ġclock,смысл-редк,повторяется,45,35.302963
5.254501,76.54269,Ġto,служ,повторяется,45,40.10832
-26.632666,19.17384,Ġright,смысл-част,hapax,45,36.538147
-26.916574,19.171385,Ġsame,служ,повторяется,45,37.00301
-18.351181,29.743254,Ġgo,смысл-част,повторяется,45,36.597023
-58.022808,3.2874882,Ġpoint,смысл-част,повторяется,45,35.39228
13.064489,64.56767,Ġfor,служ,повторяется,45,38.95388
4.2960443,49.395576,Ġbe,служ,повторяется,45,40.966587
22.551018,-47.551178,Ġ(,пункт,hapax,45,38.669716
47.013935,8.407634,Ġit,служ,повторяется,45,38.441208
-8.001608,8.174084,Ġactually,смысл-част,hapax,45,38.269783
-35.791,-6.3921175,Ġticks,смысл-редк,повторяется,45,36.27162
-27.649652,-67.600395,Ġthe,сток,сток,45,26.277636
12.337454,64.559395,Ġfor,служ,повторяется,45,40.040813
18.07976,2.6768649,Ġyour,служ,повторяется,45,36.392654
23.178585,-51.735394,Ġ*,пункт,повторяется,45,37.972305
13.14883,64.74844,Ġfor,служ,повторяется,45,39.80655
32.683743,-57.531143,"Ġ,",пункт,повторяется,45,39.253838
-8.211498,5.3256025,Ġtakes,смысл-част,повторяется,45,37.84265
29.784624,-61.41648,Ġ.,пункт,повторяется,45,39.85727
28.847738,-54.880917,Ġ),пункт,hapax,45,39.40319
32.380314,-58.271526,"Ġ,",пункт,повторяется,45,39.3258
41.294113,51.42577,Ġof,служ,повторяется,46,39.237583
-33.688858,10.3957815,Ġdelivered,смысл-редк,hapax,46,36.067833
23.123999,55.83087,Ġas,служ,повторяется,46,39.418446
-33.086136,2.7834609,Ġexample,смысл-част,hapax,46,37.814594
-23.420296,54.556408,Ġa,служ,повторяется,46,40.146473
55.87668,-43.595734,",",пункт,повторяется,46,41.376278
-43.130302,-13.678804,Ġsoci,смысл-редк,hapax,46,36.01884
-36.03247,-3.434614,Ġpolicies,смысл-редк,повторяется,46,35.525337
-42.613235,-5.8524213,Ġcountry,смысл-част,hapax,46,35.39323
22.261744,55.015213,Ġas,служ,повторяется,46,39.80414
-3.0574656,-11.812398,ained,подслово,hapax,46,37.55801
54.231495,-46.590412,",",пункт,повторяется,46,42.032467
-47.524296,-23.874195,Ġcare,смысл-част,повторяется,46,35.93696
-45.859264,-23.672852,Ġhealth,смысл-част,повторяется,46,34.57732
-44.80667,-23.840853,Ġinjury,смысл-редк,hapax,46,35.441845
29.312752,-31.700027,.,пункт,повторяется,46,41.795208
44.807953,-48.917854,"),",пункт,повторяется,46,41.915737
19.362646,-48.57934,Ġ(,пункт,повторяется,46,39.542076
-23.78848,16.26435,Ġwork,смысл-част,повторяется,46,36.324417
8.008344,38.99303,Ġwas,служ,hapax,46,39.63038
-45.98362,-23.688286,Ġhealth,смысл-част,повторяется,46,34.095905
-40.500427,-10.870464,Ġeconomy,смысл-редк,hapax,46,35.287712
-5.9986124,-22.77214,if,подслово,hapax,46,38.908913
-24.28459,15.886958,Ġworkforce,смысл-редк,hapax,46,35.90314
31.182142,-36.579826,.,пункт,повторяется,46,41.55724
66.91182,-0.49744752,Ġthe,служ,повторяется,46,39.093426
-45.26394,-23.43853,Ġinsurance,смысл-част,hapax,46,34.973
-19.5004,-11.559361,ĠWHO,служ,hapax,46,36.292934
-4.9485035,19.88034,Ġbest,смысл-част,hapax,46,36.384792
-34.88687,-3.9842908,Ġlimitations,смысл-редк,повторяется,46,36.395267
-46.406628,-23.75684,Health,подслово,повторяется,46,35.40882
-45.516594,-24.663452,Ġoutcome,смысл-редк,hapax,46,35.494236
-21.974752,13.188164,Ġmeet,смысл-редк,hapax,46,37.80858
-45.63267,-24.031015,Ġhealth,смысл-част,повторяется,46,35.245285
-8.688642,-19.741333,iology,подслово,hapax,46,36.802383
-47.514465,-23.86127,Ġcare,смысл-част,повторяется,46,34.77291
-25.229353,15.867885,Ġtimely,смысл-редк,hapax,46,37.694153
-22.009855,53.56307,Ġan,служ,hapax,46,40.89252
20.07178,-3.1053994,Ġhuman,смысл-част,hapax,46,35.61185
55.91674,-43.626804,",",пункт,повторяется,46,42.36923
19.034863,-46.757706,Ġ<,пункт,повторяется,47,38.02885
13.304835,47.35346,Ġis,служ,повторяется,47,40.15408
-3.4459972,-21.36745,c,подслово,повторяется,47,38.592094
49.495342,-42.355206,",",пункт,повторяется,47,39.180187
13.568465,47.303883,Ġis,служ,повторяется,47,40.37002
48.84067,14.902963,Ġint,смысл-редк,hapax,47,39.054733
63.226234,18.503927,Ġand,служ,повторяется,47,41.544277
29.211334,-35.979546,.,пункт,повторяется,47,40.294514
26.546179,-38.246674,),пункт,повторяется,47,40.27939
-21.56943,-4.5370803,Ġnuisance,смысл-редк,hapax,47,36.802834
66.13757,21.77864,Ġand,служ,повторяется,47,39.121685
-48.42996,0.4076071,Ġestimates,смысл-редк,hapax,47,36.253933
-15.070292,-26.724022,ampl,подслово,hapax,47,37.765186
29.28767,-36.062553,.,пункт,повторяется,47,39.717422
67.04908,22.255476,Ġand,служ,повторяется,47,39.465427
-10.530617,-28.51064,non,подслово,hapax,47,37.378536
58.461384,-7.036025,the,подслово,hapax,47,37.81164
40.941635,8.706327,ĠIt,служ,hapax,47,39.36883
-14.756941,40.85953,Ġon,служ,повторяется,47,39.002964
-26.44115,29.945072,Ġover,служ,hapax,47,37.164974
72.09261,-3.2529855,Ġthe,служ,повторяется,47,38.538963
-18.398287,-21.845583,Ġag,смысл-редк,hapax,47,37.85252
40.2403,52.05212,Ġof,служ,повторяется,47,39.04692
2.7749832,-11.630774,Ġ100,пункт,повторяется,47,37.363144
-49.65366,-0.6293168,Ġresults,смысл-част,hapax,47,35.619385
-14.825432,-26.868038,itude,подслово,hapax,47,38.45842
-45.828747,-3.1575034,Ġproperties,смысл-редк,повторяется,47,36.490883
-49.755592,-20.795948,Ġdust,смысл-редк,повторяется,47,35.356705
39.100616,52.98155,Ġof,служ,повторяется,47,40.02083
72.135666,-3.105543,Ġthe,служ,повторяется,47,39.315037
14.232642,-13.923885,Ġ1,пункт,hapax,47,38.582138
37.81443,-38.22363,.,пункт,повторяется,47,39.31902
-29.154217,14.7999935,Ġreview,смысл-редк,hapax,47,36.151356
-9.767324,-29.799139,Gaussian,подслово,повторяется,47,35.688637
72.07308,-3.0936742,Ġthe,служ,повторяется,47,38.764557
43.140553,21.372536,Ġbut,служ,hapax,47,38.18997
10.731421,45.70977,Ġare,служ,повторяется,47,39.354744
-10.3612795,-25.846016,rus,подслово,повторяется,47,35.490482
-25.66564,58.344532,Ġa,служ,повторяется,47,39.26156
-45.797024,-33.42473,Ġinterstellar,смысл-редк,повторяется,47,36.44355
-43.36135,23.111166,ĠSunday,смысл-редк,hapax,48,37.494072
10.245449,3.9396193,No,подслово,hapax,48,37.813847
-11.072512,-18.256468,ator,подслово,hapax,48,36.967262
-15.487638,5.4010525,Ġextended,смысл-редк,hapax,48,36.525166
-15.156869,4.695777,Ġhanded,смысл-редк,повторяется,48,36.310997
-17.387783,-12.472578,ĠChannel,смысл-редк,hapax,48,36.671284
-24.728237,-69.25309,Ġthe,сток,сток,48,27.334396
-17.93907,-33.785923,own,подслово,повторяется,48,36.149273
-35.173813,-21.365726,Ġracing,смысл-редк,hapax,48,35.32108
0.49307486,-10.703983,Ġ40,пункт,hapax,48,37.222042
-28.509008,-30.552195,ĠBox,смысл-редк,повторяется,48,35.726017
-28.439707,-30.235188,ĠMcCoy,смысл-редк,повторяется,48,34.870644
-14.578903,-22.900972,ockey,подслово,повторяется,48,36.618015
-27.177958,-69.510605,Ġto,сток,сток,48,26.568666
10.31182,5.68683,Anyone,подслово,hapax,48,37.02785
-13.228487,-19.526636,her,подслово,hapax,48,37.174053
-20.452837,-23.690262,Ġj,смысл-редк,повторяется,48,35.98597
11.558867,62.25854,Ġfor,служ,повторяется,48,39.044106
-13.874742,3.4784424,Ġinsists,смысл-редк,hapax,48,37.349663
62.97617,-2.8206537,Ġthe,служ,повторяется,48,37.991962
-28.147713,-28.775328,ĠIan,смысл-редк,повторяется,48,35.582104
2.539277,78.05177,Ġto,служ,повторяется,48,40.470905
-7.763917,41.67496,Ġafter,служ,hapax,48,37.19131
-29.668207,-31.412752,ĠGold,смысл-редк,hapax,48,36.016624
44.144314,50.1144,Ġof,служ,повторяется,48,39.649837
-11.2812395,-18.028463,er,подслово,hapax,48,36.988304
-17.698595,-33.937645,grave,подслово,повторяется,48,36.01534
-16.439573,42.094433,Ġon,служ,повторяется,48,37.77539
-11.298807,-18.138325,ner,подслово,hapax,48,36.55234
-0.13401881,79.836525,Ġto,служ,повторяется,48,38.844265
-14.539051,4.904574,Ġwon,смысл-част,повторяется,48,37.174934
-14.303423,2.3831646,Ġfarewell,смысл-редк,hapax,48,36.439354
-10.486292,47.73974,Ġfrom,служ,повторяется,48,37.908203
-20.280706,-7.7409854,Ġfront,смысл-част,hapax,48,35.463905
47.40922,-45.73676,",",пункт,повторяется,48,40.362484
-29.802887,-31.515299,Ġmedal,смысл-редк,повторяется,48,35.753304
-35.205246,-21.369177,Ġrace,смысл-редк,повторяется,48,34.1315
-27.060074,-35.481342,ĠRed,смысл-редк,повторяется,48,35.64821
29.204369,-58.92426,Ġ.,пункт,повторяется,48,38.71718
-11.760975,-19.078995,th,подслово,hapax,48,37.094227
56.101948,-46.619553,",",пункт,повторяется,49,40.425583
69.555725,-0.8883444,Ġthe,служ,повторяется,49,37.554848
-50.78381,-19.027899,ĠAI,смысл-редк,повторяется,49,33.693768
-50.74809,-17.71662,Ġsystems,смысл-част,повторяется,49,33.629086
-41.887653,2.9455578,Ġhonest,смысл-редк,hapax,49,35.90978
-30.224295,-67.802216,.,сток,сток,49,26.25901
-50.87038,-19.045843,ĠAI,смысл-редк,повторяется,49,33.195408
-36.376427,-3.4445064,Ġpolicy,смысл-редк,hapax,49,36.76148
-9.815016,-12.187087,Ġhacking,смысл-редк,hapax,49,37.39892
9.4941845,23.74114,Ġsuch,служ,повторяется,49,39.313133
-41.920895,2.9667645,Ġsafe,смысл-редк,hapax,49,35.342953
37.548862,50.42474,Ġof,служ,повторяется,49,37.860573
-43.718468,2.5392158,Ġvalues,смысл-редк,повторяется,49,35.678192
0.8994788,10.834105,Ġsometimes,смысл-част,hapax,49,37.9492
-33.588985,-66.87085,.,сток,сток,49,26.189844
-1.114666,-36.13911,13,пункт,hapax,49,39.21201
37.712715,50.442543,Ġof,служ,повторяется,49,37.43477
-36.779995,-11.344326,Ġrobustness,смысл-редк,повторяется,49,35.27038
-43.766464,2.5119731,Ġvalues,смысл-редк,повторяется,49,36.63765
27.202478,41.973316,Ġor,служ,hapax,49,40.000065
43.921623,-3.8848853,ĠFurthermore,служ,hapax,49,38.76106
-44.72181,3.264334,Ġbehaviors,смысл-редк,повторяется,49,35.69548
-42.178474,3.8052456,Ġunwanted,смысл-редк,hapax,49,35.66263
-40.657257,-12.830379,Ġcommunity,смысл-редк,hapax,49,35.552032
-51.144333,-19.052746,Ġartificial,смысл-редк,hapax,49,33.845932
-42.506527,4.39996,Ġefficiently,смысл-редк,hapax,49,36.82723
-50.854355,-19.01021,ĠAI,смысл-редк,повторяется,49,34.315197
11.182771,-39.249367,-,пункт,повторяется,49,37.154232
-9.376775,-12.993027,oles,подслово,hapax,49,37.72028
-38.660473,3.1333766,Ġsituations,смысл-редк,hapax,49,35.59696
-43.71299,-13.435829,Ġsocial,смысл-част,повторяется,49,35.500645
-8.179966,-15.981246,ify,подслово,hapax,49,37.97465
6.0007486,49.806805,Ġbe,служ,повторяется,49,40.03372
68.898476,-1.5256498,Ġthe,служ,повторяется,49,39.200153
-30.923452,-67.3764,],сток,сток,49,26.247925
-39.683605,3.8961096,Ġnew,смысл-част,hapax,49,35.745026
-1.1634961,-36.068027,12,пункт,hapax,49,39.274532
14.793136,48.593376,Ġis,служ,повторяется,49,40.6915
-1.284214,-36.057556,18,пункт,повторяется,49,38.687805
-25.046745,-69.70526,],сток,сток,49,27.995241
7.037426,30.965088,Ġwould,служ,повторяется,50,38.27185
39.119026,48.705513,Ġof,служ,повторяется,50,39.202057
50.99336,-54.844597,",",пункт,повторяется,50,40.80543
-37.26948,-18.063583,Ġghost,смысл-редк,повторяется,50,34.476723
43.016354,52.986435,Ġof,служ,повторяется,50,38.014885
3.334388,19.742123,Ġpossible,смысл-част,hapax,50,38.73101
17.27063,2.4038632,Ġyour,служ,повторяется,50,37.280926
8.2004,-50.596375,Ċ,пункт,повторяется,50,41.985348
-13.298444,22.028786,Ġgive,смысл-част,hapax,50,37.691265
8.686326,-52.991726,Ċ,пункт,повторяется,50,39.9923
21.404232,-2.6204882,Ġits,служ,повторяется,50,36.6956
-27.546913,-5.817257,Ġpicture,смысл-редк,повторяется,50,36.474396
68.882385,-7.0888295,Ġthe,служ,повторяется,50,40.26292
34.586414,-29.019789,.,пункт,повторяется,50,40.440052
27.587482,16.812038,Ġalthough,служ,hapax,50,39.057056
3.9706523,15.761175,Ġsomething,смысл-част,повторяется,50,37.018684
-8.081424,60.781326,Ġin,служ,повторяется,50,41.651096
-21.390652,14.838953,Ġkeep,смысл-част,hapax,50,38.084015
17.093746,2.2012117,Ġyour,служ,повторяется,50,36.844494
5.7642264,21.774868,Ġevery,служ,hapax,50,37.287224
-19.14069,4.0142765,Ġslowly,смысл-редк,повторяется,50,37.080025
-9.237808,0.932113,Ġdemonstrates,смысл-редк,повторяется,50,38.096973
42.99342,53.389282,Ġof,служ,повторяется,50,38.763336
16.782516,2.3731854,Ġyour,служ,повторяется,50,36.139614
-20.642824,15.10584,Ġbuild,смысл-редк,повторяется,50,36.2874
-26.001978,6.1324143,Ġcutting,смысл-редк,hapax,50,37.431072
-25.21199,-7.8028774,Ġhorizon,смысл-редк,hapax,50,36.54706
-19.734642,25.090874,Ġtrying,смысл-част,hapax,50,38.64349
-20.028645,35.8149,Ġinto,служ,повторяется,50,38.775352
9.375921,31.966066,Ġcould,служ,hapax,50,38.667023
67.87541,-9.124264,Ġthe,служ,повторяется,50,38.200428
-38.43558,-16.355368,Ġcharacter,смысл-част,повторяется,50,34.589012
67.873375,-9.136031,Ġthe,служ,повторяется,50,38.23672
-38.251987,-16.196518,Ġcharacters,смысл-част,повторяется,50,34.955173
-10.609718,15.508758,Ġseem,смысл-част,hapax,50,36.694054
10.63854,11.048501,Ġhappening,смысл-редк,повторяется,50,36.68058
3.8704472,15.717365,Ġsomething,смысл-част,повторяется,50,36.5354
68.28604,-8.2891445,Ġthe,служ,повторяется,50,38.800377
68.52379,-8.1358385,Ġthe,служ,повторяется,50,39.161713
17.131308,2.316941,Ġyour,служ,повторяется,50,37.041424
-29.601599,52.50101,Ġa,служ,повторяется,51,38.646366
-0.6460616,20.117788,Ġjust,служ,hapax,51,38.137882
-25.61388,3.1560588,Ġturn,смысл-част,повторяется,51,36.30838
29.050262,22.95377,Ġthen,служ,повторяется,51,40.051548
11.120077,15.1747265,Ġtime,смысл-част,повторяется,51,36.25082
22.578941,-45.318733,"Ġ""",пункт,повторяется,51,38.552616
41.35494,45.873184,Ġof,служ,повторяется,51,39.700405
4.7262115,50.08701,Ġbe,служ,повторяется,51,41.49759
-25.390232,22.201822,Ġup,служ,повторяется,51,36.30818
36.366585,16.57789,ĠBecause,служ,hapax,51,39.10167
19.249128,-40.616463,Ġ',пункт,повторяется,51,38.96647
-30.212809,53.67935,Ġa,служ,повторяется,51,38.18984
22.601639,-45.69717,"Ġ""",пункт,повторяется,51,38.525703
65.3608,-5.3362246,Ġthe,служ,повторяется,51,38.178776
29.005491,2.2071047,Ġthey,служ,повторяется,51,37.211422
-35.89195,-6.2605996,Ġsignals,смысл-редк,повторяется,51,36.21287
-30.096382,53.691696,Ġa,служ,повторяется,51,38.98171
8.472364,12.870546,Ġother,служ,повторяется,51,37.80475
12.757377,-25.284399,s,подслово,повторяется,51,39.217896
-35.87051,-7.299888,Ġperiod,смысл-част,hapax,51,36.33762
14.197167,-25.445635,re,подслово,повторяется,51,38.79844
-25.445543,20.554659,Ġappear,смысл-редк,повторяется,51,36.747074
-35.93874,-7.0522957,Ġcycles,смысл-редк,повторяется,51,34.61926
-7.774808,8.710062,Ġactually,смысл-част,повторяется,51,37.620983
21.961607,-16.879656,Ġnot,служ,повторяется,51,38.437378
0.88135254,-12.725642,Ġ28,пункт,повторяется,51,36.33361
-27.322285,23.363556,Ġbetween,служ,hapax,51,38.374382
39.54379,14.060473,ĠIf,служ,hapax,51,40.47536
6.2753468,27.515871,Ġwill,служ,hapax,51,39.08043
-28.995012,21.82881,Ġtogether,смысл-част,повторяется,51,35.94048
4.45404,48.830776,Ġbe,служ,повторяется,51,40.37735
20.533358,1.1740655,Ġtheir,служ,повторяется,51,37.15561
18.672953,-23.468079,'t,подслово,повторяется,51,39.55174
-35.879784,-6.7536592,Ġcycles,смысл-редк,повторяется,51,35.29708
5.933597,16.289661,Ġthing,смысл-част,повторяется,51,36.260853
-35.19886,-14.525662,Ġwomen,смысл-част,повторяется,51,34.481518
15.748504,-11.312513,Ġone,служ,повторяется,51,37.252964
31.539787,30.106981,Ġthat,служ,повторяется,51,37.20987
11.182133,15.283395,Ġtime,смысл-част,повторяется,51,35.64674
23.92034,24.03627,Ġwhen,служ,hapax,51,40.038128
-31.549582,-11.584699,Ġflavor,смысл-редк,hapax,52,35.27926
-20.272852,-22.241882,Ġkar,смысл-редк,hapax,52,35.351032
65.04441,20.93956,Ġand,служ,повторяется,52,40.7662
-13.59538,-3.855572,Ġlucky,смысл-редк,hapax,52,36.525257
6.6957364,12.58763,Ġother,служ,повторяется,52,37.034496
35.64777,-35.70937,.,пункт,повторяется,52,41.20923
8.579735,19.251577,Ġwhat,служ,hapax,52,37.631435
-14.534527,-7.4905095,Ġnormally,смысл-редк,hapax,52,39.513847
-8.671424,57.62113,Ġin,служ,повторяется,52,39.309746
-28.45435,-10.699061,Ġlemon,смысл-редк,hapax,52,35.472443
-20.291819,-22.29272,Ġt,служ,hapax,52,37.010525
66.02979,-4.8036385,Ġthe,служ,повторяется,52,38.39051
3.7997644,35.545597,Ġhad,служ,повторяется,52,38.14882
-14.780959,-7.251138,Ġdelicate,смысл-редк,hapax,52,37.539314
-26.199747,-69.12701,.,сток,сток,52,26.610723
-28.401209,-10.746603,Ġwhite,смысл-редк,hapax,52,35.618687
-14.473459,18.913568,Ġfeel,смысл-част,hapax,52,36.935318
-6.6026506,-17.94155,ay,подслово,hapax,52,38.13981
-29.144957,-66.91615,.,сток,сток,52,26.21367
51.496204,-44.659344,",",пункт,повторяется,52,42.24928
52.199165,-49.79648,",",пункт,повторяется,52,40.732613
-20.238636,-23.069365,Ġna,смысл-редк,повторяется,52,36.308437
-7.6629987,-23.789711,al,подслово,hapax,52,38.038834
7.3479815,-18.001165,Ġ2,пункт,повторяется,52,37.026325
-26.057713,-6.796011,Ġbowls,смысл-редк,hapax,52,35.694584
1.4573072,39.45674,Ġhave,служ,hapax,52,40.253803
-10.719208,-24.872961,heer,подслово,повторяется,52,35.307323
-14.893386,-7.6800246,Ġreview,смысл-редк,hapax,52,36.89326
15.795238,47.253414,Ġis,служ,hapax,52,40.62619
-20.804842,-23.50225,Ġk,смысл-част,повторяется,52,36.216568
41.699017,46.89974,Ġof,служ,повторяется,52,38.590076
-29.893095,-6.3018665,Ġitems,смысл-редк,hapax,52,34.707634
0.26740336,81.03418,Ġto,служ,повторяется,52,39.470604
14.706236,-40.779327,Ġ-,пункт,повторяется,52,37.69531
58.308388,-2.164206,ĠThe,служ,повторяется,52,37.872993
35.00074,-36.228546,.,пункт,повторяется,52,41.233692
-20.722355,-23.349289,Ġk,смысл-част,повторяется,52,35.846172
-33.44747,-64.214165,.,сток,сток,52,26.078451
-9.225537,-21.466515,oo,подслово,повторяется,52,36.436924
-28.473537,-10.635922,Ġonions,смысл-редк,hapax,52,35.32475
55.042526,-46.053185,",",пункт,повторяется,53,40.654236
-50.830135,-22.009542,rug,подслово,hapax,53,35.122734
-49.439636,-6.1359186,Ġmodeling,смысл-редк,повторяется,53,35.463345
-42.645287,-0.54269445,Ġexcretion,смысл-редк,hapax,53,35.493214
22.723381,-16.252054,Ġnot,служ,hapax,53,38.551743
-0.1627009,-25.915903,ive,подслово,hapax,53,37.757713
4.7919097,79.05388,Ġto,служ,повторяется,53,40.229282
18.628786,16.62468,Ġespecially,смысл-част,повторяется,53,38.73871
-50.02828,-21.181835,Ġdesign,смысл-редк,повторяется,53,34.518402
17.824512,17.234306,Ġduring,служ,повторяется,53,38.18929
34.841446,-10.039977,Ġthese,служ,hapax,53,37.195354
2.95136,6.6996317,Ġoften,служ,повторяется,53,37.50824
2.6459153,6.904551,Ġoften,служ,повторяется,53,37.044018
73.285805,-1.2106004,Ġthe,служ,повторяется,53,39.272068
-25.236898,55.587166,Ġa,служ,повторяется,53,38.597412
-30.359806,8.003025,Ġcomplemented,смысл-редк,hapax,53,37.645363
15.540464,48.383495,Ġis,служ,повторяется,53,40.546925
3.6237452,9.146672,Ġmany,служ,hapax,53,36.806007
54.631207,-46.120567,",",пункт,повторяется,53,42.81129
-54.759537,-3.974044,Ġmethods,смысл-редк,повторяется,53,35.599445
-50.628834,-21.670683,Ġdrug,смысл-редк,повторяется,53,34.73459
-49.171852,-1.135128,Ġcharacteristics,смысл-редк,hapax,53,36.642277
-8.460175,-22.87841,arm,подслово,hapax,53,38.103424
73.22712,-1.1965322,Ġthe,служ,повторяется,53,38.357143
-51.629818,-20.353233,olecular,подслово,повторяется,53,35.918217
-43.058395,-0.5654615,Ġtherapeutics,смысл-редк,hapax,53,35.73233
-50.809265,-4.311623,Ġstructure,смысл-редк,повторяется,53,35.71463
-50.721138,-21.813414,Ġdrug,смысл-редк,повторяется,53,34.87995
10.933991,-39.036053,-,пункт,повторяется,53,38.249096
-44.920048,-8.214657,Ġcomputer,смысл-част,повторяется,53,35.11738
-40.98457,-1.2656702,Ġsmall,смысл-част,повторяется,53,35.499958
-49.225548,-6.2509212,Ġcomputational,смысл-редк,hapax,53,35.87579
-22.874437,3.4389598,Ġsense,смысл-част,hapax,53,36.947052
-30.264872,8.045925,Ġfocused,смысл-редк,hapax,53,36.350437
3.7702882,80.4631,Ġto,служ,повторяется,53,40.24601
-25.31277,-67.30659,.,сток,сток,53,26.25942
10.768366,-39.050034,-,пункт,повторяется,53,37.596878
-42.09327,-0.6408962,Ġhalf,смысл-част,hapax,53,37.11605
-50.605892,-20.68505,Ġrational,смысл-редк,повторяется,53,35.686035
2.2903152,37.892315,Ġhave,служ,hapax,53,38.922283
-1.0348673,33.53286,Ġneed,служ,повторяется,54,38.19159
33.439613,-58.723995,"Ġ,",пункт,повторяется,54,40.497654
3.278695,15.671472,Ġsomething,смысл-част,hapax,54,35.89917
-10.215196,12.813339,Ġlikely,смысл-част,hapax,54,37.636303
38.577675,8.95176,ĠThat,служ,повторяется,54,39.43221
-32.998844,5.6426163,Ġdamaged,смысл-редк,hapax,54,35.467377
-2.7725677,-14.342671,inate,подслово,hapax,54,37.21623
-25.35556,26.948301,Ġaway,смысл-част,hapax,54,36.964424
33.461628,-58.76905,"Ġ,",пункт,повторяется,54,40.948887
-41.362804,-8.423119,Ġpipeline,смысл-редк,повторяется,54,34.392685
-8.176047,55.702797,Ġin,служ,hapax,54,36.599052
-23.324497,-22.86658,Ġde,смысл-част,hapax,54,35.341248
35.859833,11.663023,ĠWhen,служ,повторяется,54,40.197872
-32.838898,-64.16263,Ġthe,сток,сток,54,26.119078
-33.036545,5.7195845,Ġcaused,смысл-редк,hapax,54,37.08492
-32.81136,5.889414,Ġsurge,смысл-редк,hapax,54,36.240257
-21.090221,35.72789,Ġinto,служ,hapax,54,37.446735
69.7665,-4.8793507,Ġthe,служ,повторяется,54,40.052505
-40.785736,-8.686185,Ġproperty,смысл-част,hapax,54,36.246403
-43.19424,-21.448996,Ġwater,смысл-част,повторяется,54,33.718685
30.171356,-60.546135,Ġ.,пункт,повторяется,54,39.85544
-43.192326,-21.464901,Ġrain,смысл-редк,повторяется,54,33.715046
69.76848,-4.936247,Ġthe,служ,повторяется,54,39.339474
-0.51405555,35.792324,Ġhave,служ,повторяется,54,38.463795
14.2207985,12.726774,Ġall,служ,повторяется,54,36.224697
-39.44114,-3.2254968,Ġbenefits,смысл-редк,hapax,54,35.791412
30.077343,-60.762135,Ġ.,пункт,повторяется,54,40.53996
-16.049387,-4.4149117,Ġrelatively,смысл-редк,hapax,54,39.706066
-20.430143,10.514306,Ġblown,смысл-редк,hapax,54,36.301357
-42.23263,-8.190585,Ġconstruction,смысл-редк,hapax,54,35.99968
37.518333,9.693541,ĠA,служ,hapax,54,39.91634
32.529034,31.025045,Ġthat,служ,повторяется,54,39.55115
-10.736062,12.678771,Ġeasily,смысл-редк,hapax,54,38.607174
-2.5593028,-17.068998,ed,подслово,hapax,54,38.71141
-41.36914,-8.534751,Ġpipeline,смысл-редк,повторяется,54,34.731857
-44.230305,-11.845702,Ġsalt,смысл-редк,hapax,54,35.24412
30.12269,-60.681137,Ġ.,пункт,повторяется,54,40.523212
-26.554306,-5.144032,Ġcare,смысл-част,hapax,54,37.998558
-41.212578,-7.478453,Ġexpense,смысл-редк,hapax,54,36.345604
-20.816628,5.5154386,Ġafterwards,смысл-редк,hapax,54,37.87926
30.874983,-29.21182,.,пункт,повторяется,55,40.958332
66.916214,-7.267135,Ġthe,служ,повторяется,55,39.633873
-14.465962,42.435604,Ġon,служ,повторяется,55,38.82053
-17.103743,-38.823467,ord,подслово,повторяется,55,38.000954
-33.728165,-38.384663,ĠArticle,смысл-редк,повторяется,55,36.71687
66.86956,-2.3187728,Ġthe,служ,повторяется,55,39.795383
-30.183517,-17.145678,Ġjudge,смысл-редк,повторяется,55,34.75277
-25.630392,30.008366,Ġover,служ,hapax,55,37.318306
-54.894997,8.660502,Ġdecision,смысл-част,hapax,55,35.1817
-30.455696,-15.6102,Ġvictims,смысл-редк,повторяется,55,35.945835
43.159626,49.759632,Ġof,служ,повторяется,55,38.835106
-16.006351,5.440768,Ġweighed,смысл-редк,hapax,55,37.053894
66.38853,-2.2967722,Ġthe,служ,повторяется,55,39.355984
-13.390143,21.169386,Ġgive,смысл-част,повторяется,55,37.910343
47.99212,-48.084503,",",пункт,повторяется,55,41.58012
19.225868,-43.5528,"Ġ""",пункт,повторяется,55,39.96223
8.437505,42.581886,Ġwere,служ,повторяется,55,39.063606
-26.212223,-36.265453,ĠMcC,смысл-редк,повторяется,55,36.58285
42.785503,50.142326,Ġof,служ,повторяется,55,39.12947
-19.984442,8.0798025,Ġacknowledged,смысл-редк,hapax,55,37.175922
40.73443,18.011436,ĠBut,служ,повторяется,55,37.946655
10.311819,31.042433,Ġcould,служ,повторяется,55,38.47067
-24.771671,-2.9705663,Ġcommitments,смысл-редк,hapax,55,36.364723
66.98074,-7.884753,Ġthe,служ,повторяется,55,38.649075
-17.878054,-40.928303,ou,подслово,повторяется,55,37.409435
-17.137041,-38.70838,ord,подслово,повторяется,55,36.335716
24.274452,19.210659,Ġwhich,служ,повторяется,55,39.387238
35.459297,31.020947,Ġthat,служ,повторяется,55,39.58888
-33.758896,-38.337048,ĠAgreement,смысл-редк,повторяется,55,36.83042
45.335793,-43.50651,",",пункт,повторяется,55,39.640133
-29.516973,17.966967,Ġdealt,смысл-редк,hapax,55,37.616043
-33.215096,-30.329943,ĠAlliance,смысл-редк,hapax,55,36.510227
66.83853,-7.4554367,Ġthe,служ,повторяется,55,37.943855
-30.410793,-1.3431307,Ġcampaigns,смысл-редк,hapax,55,36.677948
-13.542537,-0.2004571,Ġhuge,смысл-част,повторяется,55,36.37944
-54.521,9.275802,Ġcase,смысл-част,повторяется,55,35.944496
-30.32643,-18.925999,Ġpeace,смысл-редк,повторяется,55,35.56568
1.7780782,-12.170944,Ġ50,пункт,повторяется,55,36.190926
-1.4765158,33.180466,Ġneed,служ,hapax,55,37.654404
-27.239136,-67.98509,Ġthe,сток,сток,55,26.43479
-3.025097,24.632809,Ġmore,служ,повторяется,56,36.763245
-29.385,21.7827,Ġcloser,смысл-редк,hapax,56,36.65989
-37.772762,-2.012759,Ġsize,смысл-част,hapax,56,36.047264
26.746668,41.52647,Ġor,служ,повторяется,56,40.364506
50.418736,-45.587986,",",пункт,повторяется,56,41.55422
-11.286847,36.287613,Ġlike,смысл-част,hapax,56,38.543633
-30.586666,-68.23059,Ġthe,сток,сток,56,26.302118
28.567375,1.7578961,Ġthey,служ,повторяется,56,37.125595
2.7004056,81.64821,Ġto,служ,повторяется,56,40.44901
18.760689,-45.546333,"Ġ""",пункт,повторяется,56,38.164196
-9.242674,57.926872,Ġin,служ,повторяется,56,39.524384
-33.98495,-6.4403358,Ġquantities,смысл-редк,повторяется,56,35.240036
-0.42362672,35.740337,Ġhave,служ,hapax,56,38.18146
45.92792,9.263908,Ġit,служ,повторяется,56,38.827057
25.48432,-43.005436,"""",пункт,повторяется,56,41.69906
66.541275,21.641283,Ġand,служ,повторяется,56,40.834824
-19.185873,-2.770189,Ġrealistic,смысл-редк,hapax,56,37.313
-29.797838,10.355079,Ġexplanations,смысл-редк,hapax,56,35.852947
32.61462,-33.511913,.,пункт,повторяется,56,40.96328
-34.90532,-2.2717607,Ġpolicies,смысл-редк,hapax,56,35.722157
-5.3332143,1.406248,Ġmeans,смысл-част,повторяется,56,38.447277
3.032142,45.066174,Ġbeen,служ,hapax,56,38.120785
66.8201,-4.571195,Ġthe,служ,повторяется,56,38.528957
-5.339585,1.4078622,Ġmeans,смысл-част,повторяется,56,38.544136
67.61866,-4.5118537,Ġthe,служ,повторяется,56,38.282166
15.100184,12.7019825,Ġall,служ,повторяется,56,36.608433
-17.16015,-2.198414,Ġincredibly,смысл-редк,повторяется,56,37.106537
-18.764032,-2.4601874,Ġtrouble,смысл-редк,hapax,56,37.173134
-29.237377,21.807846,Ġtogether,смысл-част,hapax,56,37.529514
-34.147137,20.186317,Ġbit,смысл-част,hapax,56,36.100502
6.624673,76.91296,to,подслово,hapax,56,40.62037
-33.85054,-6.8656454,Ġbrands,смысл-редк,повторяется,56,33.834816
-25.456217,53.457474,Ġa,служ,повторяется,56,38.53629
-21.190018,-0.21857782,Ġland,смысл-част,hapax,56,37.31198
8.589282,-49.893612,Ċ,пункт,повторяется,56,41.632114
-4.224588,12.312216,Ġvery,служ,hapax,56,37.270504
-15.478932,40.986187,Ġon,служ,hapax,56,37.803753
40.647152,47.145805,Ġof,служ,повторяется,56,38.64029
25.220179,-44.059776,"""",пункт,повторяется,56,39.93519
-33.40293,20.594137,Ġlong,смысл-част,hapax,56,36.085136
19.056557,34.92377,Ġdoesn,смысл-част,повторяется,57,39.655857
30.569405,-3.2017853,ĠWe,служ,повторяется,57,37.462654
2.4321673,76.76267,Ġto,служ,повторяется,57,40.766506
4.5021214,48.53233,Ġbe,служ,hapax,57,39.987213
-17.458632,-4.94352,Ġrandom,смысл-редк,hapax,57,36.91421
-25.270376,-34.33701,ĠB,смысл-част,повторяется,57,36.53067
-15.69443,21.991774,Ġtell,смысл-част,повторяется,57,38.351723
-15.12368,14.666062,Ġagainst,служ,hapax,57,37.909798
36.0867,-8.718597,Ġthis,служ,повторяется,57,36.95509
-10.178303,-9.206133,Ġol,смысл-редк,hapax,57,37.63442
-33.264053,-66.722244,Ġto,сток,сток,57,26.18609
-7.772955,-23.477852,ah,подслово,hapax,57,36.286633
-15.87717,40.502533,Ġon,служ,повторяется,57,37.93968
2.0874317,78.75344,Ġto,служ,повторяется,57,40.294617
4.471951,-1.2802862,Ġsaid,смысл-част,hapax,57,38.611835
12.234433,-7.110498,Ġfirst,смысл-част,hapax,57,37.449116
-8.354371,-12.795929,uster,подслово,hapax,57,37.119293
26.0961,0.3329799,Ġthem,служ,повторяется,57,36.056576
-11.4864025,32.442257,Ġbeing,служ,hapax,57,38.58979
29.908443,10.325927,Ġthere,служ,повторяется,57,38.972733
17.86909,-1.0143515,Ġmy,служ,повторяется,57,36.329815
-15.742683,21.92369,Ġtell,смысл-част,повторяется,57,37.01535
26.829842,4.7191834,Ġhe,служ,повторяется,57,36.94948
-12.71283,3.0020905,Ġattacks,смысл-редк,hapax,57,35.815792
-21.705328,-23.067778,Ġd,служ,повторяется,57,37.201992
27.951677,2.0078235,Ġthey,служ,повторяется,57,37.229183
65.24745,-4.4131703,Ġthe,служ,повторяется,57,38.798054
-30.7884,-67.55461,Ġthe,сток,сток,57,26.247128
0.79572815,-5.8276873,Ġfact,смысл-част,повторяется,57,38.26761
-13.900341,5.3010883,ĠGOT,смысл-редк,hapax,57,37.28839
42.53961,-32.790424,?,пункт,hapax,57,40.24911
-18.101852,-4.3336005,Ġspecial,смысл-част,hapax,57,35.801872
2.0128295,12.666122,Ġsome,служ,hapax,57,37.473305
-31.447243,-27.649185,ĠEastern,смысл-редк,hapax,57,35.040714
-24.915226,-9.04889,Ġsinger,смысл-редк,повторяется,57,35.623695
51.29568,-50.149506,",",пункт,повторяется,57,40.670654
2.7968733,18.954916,Ġmaybe,смысл-част,hapax,57,37.729073
19.372746,21.213531,Ġthere,служ,повторяется,57,37.82359
-29.037203,39.556145,Ġwith,служ,hapax,57,38.902584
47.952694,10.47299,Ġit,служ,повторяется,57,38.21387
25.31002,53.29278,ĠAs,служ,повторяется,58,38.422367
19.544018,-43.756927,"Ġ""",пункт,повторяется,58,40.328148
40.344868,2.1168873,I,подслово,повторяется,58,38.099247
0.086555116,-22.726355,About,подслово,hapax,58,36.91121
64.38138,20.405176,Ġand,служ,повторяется,58,40.53951
-8.180935,39.466736,Ġat,служ,повторяется,58,38.51114
-44.113495,-8.045768,Ġcar,смысл-част,повторяется,58,35.990063
11.435167,-40.297028,-,пункт,hapax,58,37.301857
-25.528168,3.8098133,Ġturning,смысл-редк,hapax,58,36.911583
-14.871371,10.259307,Ġtook,смысл-част,hapax,58,37.08592
42.985813,-30.63908,?,пункт,повторяется,58,40.923637
-23.594807,-3.3494544,Ġsuspicions,смысл-редк,hapax,58,36.08033
-7.8826823,57.855885,Ġin,служ,повторяется,58,39.562363
-15.0974,12.390728,Ġputting,смысл-редк,hapax,58,37.683228
-33.10048,20.561436,Ġlong,смысл-част,повторяется,58,36.24591
-25.621181,30.042511,Ġover,служ,hapax,58,36.106834
18.306824,3.729474,Ġyour,служ,hapax,58,36.82775
25.03089,3.0623183,Ġshe,служ,повторяется,58,35.75574
65.640526,-4.691631,Ġthe,служ,повторяется,58,39.324776
27.636223,-4.7013927,Ġus,служ,повторяется,58,35.2068
40.284557,2.7235477,I,подслово,повторяется,58,37.969143
37.313236,-6.8746505,Ġthis,служ,повторяется,58,36.897453
-25.824959,-9.070011,Ġknife,смысл-редк,hapax,58,34.987453
43.761253,49.671413,Ġof,служ,повторяется,58,38.135094
-22.901031,21.801989,Ġback,смысл-част,повторяется,58,36.732258
-15.589505,-1.4569379,Ġshrugged,смысл-редк,hapax,58,36.991276
42.848442,-31.362415,?,пункт,повторяется,58,39.842865
19.093245,-23.410652,'t,подслово,повторяется,58,39.5402
-27.925142,38.421364,Ġwith,служ,повторяется,58,38.892586
-2.361967,-16.271952,oded,подслово,hapax,58,37.4845
42.97066,-30.543385,?,пункт,повторяется,58,41.44872
33.58827,-27.114454,.,пункт,повторяется,58,42.08335
-0.6558383,82.35399,Ġto,служ,повторяется,58,39.663692
-16.155893,32.422943,Ġgoing,смысл-част,повторяется,58,37.87149
23.941498,23.95855,Ġwhen,служ,hapax,58,39.900387
-9.264707,-14.980532,ue,подслово,hapax,58,37.235413
-19.466301,5.0230927,Ġpiss,смысл-редк,hapax,58,36.3414
-1.0914804,-17.879509,ing,подслово,повторяется,58,37.629425
18.011398,-1.1519846,Ġmy,служ,повторяется,58,37.12432
19.495405,-43.69749,"Ġ""",пункт,повторяется,58,40.086597
25.191504,-44.0978,"""",пункт,hapax,59,39.76763
4.313569,48.38272,Ġbe,служ,hapax,59,38.745792
1.6487166,81.76142,Ġto,служ,повторяется,59,41.274265
-4.1782265,-15.951645,ached,подслово,повторяется,59,37.27984
-30.307398,-24.876728,ĠCatholic,смысл-редк,повторяется,59,35.034046
-13.85323,-14.049034,Ġdevotion,смысл-редк,hapax,59,35.88577
1.2170892,81.41039,Ġto,служ,повторяется,59,38.998936
-8.195717,-15.25398,ory,подслово,hapax,59,38.24401
63.89101,-2.1968856,Ġthe,служ,повторяется,59,38.073627
0.97385067,81.76012,Ġto,служ,повторяется,59,40.322884
-0.980011,5.8092146,Ġanother,служ,hapax,59,37.47749
-29.830517,-24.886683,ĠMarian,смысл-редк,повторяется,59,35.453007
-21.396214,8.496317,Ġagree,смысл-редк,hapax,59,37.086033
63.252445,21.566513,Ġand,служ,повторяется,59,40.21489
33.16671,30.964642,Ġthat,служ,повторяется,59,39.193882
32.976738,7.518831,ĠHe,служ,повторяется,59,36.89523
21.435234,-2.6094224,Ġits,служ,повторяется,59,37.469746
64.04335,-2.1415634,Ġthe,служ,повторяется,59,38.41829
-17.340965,-24.264381,P,подслово,hapax,59,36.187748
-29.31036,-24.421091,ĠMartin,смысл-редк,hapax,59,35.776234
64.30649,-1.7158015,Ġthe,служ,повторяется,59,38.747223
-39.197536,10.298147,Ġassertion,смысл-редк,hapax,59,37.30852
42.08172,49.12097,Ġof,служ,повторяется,59,37.851894
22.180252,-16.895115,Ġnot,служ,hapax,59,38.314728
32.65736,-35.635796,.,пункт,повторяется,59,40.65391
10.968886,-39.851852,-,пункт,повторяется,59,37.514484
-30.240427,-25.138714,ĠMary,смысл-редк,повторяется,59,34.41271
-7.003019,60.350395,Ġin,служ,повторяется,59,39.360798
47.783703,10.043427,Ġit,служ,повторяется,59,37.777897
-39.2481,10.26008,Ġbelief,смысл-редк,повторяется,59,36.814728
10.393254,-25.126251,'s,подслово,hapax,59,37.421974
-16.97693,5.015805,Ġstopped,смысл-редк,hapax,59,37.25648
-6.606336,-0.78802615,Despite,подслово,hapax,59,38.020233
-27.329048,23.446589,Ġbetween,служ,hapax,59,37.55659
-30.181202,-25.153006,ĠMary,смысл-редк,повторяется,59,34.850376
-13.274397,-14.117142,eration,подслово,повторяется,59,36.974953
2.0080645,79.545616,Ġto,служ,повторяется,59,40.848965
-17.833889,-1.0230854,Ġcriticize,смысл-редк,hapax,59,36.86081
-29.135252,-23.836939,Ġopponents,смысл-редк,hapax,59,35.74845
-15.58046,42.133003,Ġon,служ,повторяется,59,39.08893
-23.345203,-2.145091,Ġconcerns,смысл-редк,hapax,60,36.233727
62.587254,22.24256,Ġand,служ,повторяется,60,40.460537
-5.3395896,-18.493095,ime,подслово,hapax,60,38.027878
2.0126112,22.5062,Ġonly,служ,повторяется,60,38.683273
-7.2750845,-16.55497,boy,подслово,hapax,60,37.52076
-10.877231,-15.736735,otes,подслово,hapax,60,36.715458
-8.652833,-10.967808,earing,подслово,hapax,60,38.107838
35.861595,-32.29073,.,пункт,повторяется,60,41.986046
-6.7668395,34.79575,Ġabout,служ,повторяется,60,38.391575
29.797556,1.8940303,Ġthey,служ,повторяется,60,37.945015
35.782413,-32.1709,.,пункт,повторяется,60,41.44799
25.478277,-43.034733,"""",пункт,повторяется,60,40.817013
51.26518,-47.470585,",",пункт,повторяется,60,42.404636
25.934153,-42.39878,],пункт,повторяется,60,41.149498
29.83187,10.573773,Ġthere,служ,повторяется,60,39.09173
29.72875,10.434072,Ġthere,служ,повторяется,60,39.41127
-8.728203,-10.7747965,htaking,подслово,hapax,60,37.63403
-20.46602,-19.031929,Ġhyper,смысл-редк,hapax,60,35.64665
-7.0109115,-17.572027,y,подслово,повторяется,60,38.0925
-7.9943485,-10.270964,story,подслово,hapax,60,38.034756
-26.240343,52.981045,Ġa,служ,повторяется,60,39.562935
-22.257208,-5.876895,Ġclothing,смысл-редк,hapax,60,36.441223
52.452267,-50.247726,",",пункт,повторяется,60,42.38299
-1.556255,12.359941,Ġnowhere,смысл-редк,hapax,60,38.108078
-0.551027,20.264408,Ġjust,служ,повторяется,60,38.009525
52.04822,-43.742664,",",пункт,повторяется,60,42.62286
-22.794561,-27.214176,ĠReal,смысл-редк,hapax,60,36.217285
-23.238829,-35.387844,ĠS,служ,повторяется,60,37.980286
-29.470226,-3.0165045,Ġrules,смысл-част,hapax,60,35.783535
-6.4680696,14.738465,Ġnever,служ,hapax,60,38.445545
-26.601065,53.39374,Ġa,служ,повторяется,60,39.42622
-11.933661,-22.58805,pike,подслово,повторяется,60,36.644962
-6.912299,-43.78522,Ġthree,смысл-част,hapax,60,36.635307
-28.267555,53.38873,Ġa,служ,повторяется,60,39.065067
43.560726,20.485907,Ġbut,служ,повторяется,60,39.324665
-13.9050045,13.249204,Ġbecome,смысл-част,hapax,60,37.482693
-16.583904,17.690035,Ġshow,смысл-част,повторяется,60,35.54186
16.157629,46.430553,Ġis,служ,повторяется,60,40.58029
-15.656805,13.528175,Let,подслово,hapax,60,37.632763
23.50918,-0.6322798,Ġhim,служ,повторяется,60,36.45676
-12.848414,16.686958,Ġthought,смысл-част,hapax,61,36.301346
6.2232733,41.746433,Ġwere,служ,повторяется,61,37.93806
37.772266,5.7651267,ĠI,служ,повторяется,61,39.33488
22.965414,54.07515,Ġas,служ,повторяется,61,39.38818
-28.029642,38.37764,Ġwith,служ,повторяется,61,38.57828
37.879044,-31.805405,.,пункт,повторяется,61,41.189865
-7.2560444,-4.052936,Ġmoment,смысл-редк,hapax,61,37.474514
-44.171593,-13.70239,Ġsw,смысл-редк,hapax,61,35.870167
-7.3977966,-16.036783,ry,подслово,hapax,61,37.34072
49.913063,-44.684715,",",пункт,повторяется,61,41.499516
64.81046,-5.2963963,Ġthe,служ,повторяется,61,38.67073
-31.823229,-66.18247,Ġthe,сток,сток,61,26.1852
10.511973,40.39999,Ġwas,служ,повторяется,61,38.481426
-25.120207,-4.5235834,Ġhand,смысл-част,hapax,61,36.84924
-16.757555,4.567708,Ġstood,смысл-редк,hapax,61,37.09667
17.66614,-0.93630993,Ġmy,служ,повторяется,61,36.64128
-26.337585,-3.4975166,Ġsilence,смысл-редк,hapax,61,35.938953
37.970924,-31.833027,.,пункт,повторяется,61,42.128075
33.17245,30.205975,Ġthat,служ,повторяется,61,38.679527
4.123067,36.50961,Ġhad,служ,повторяется,61,37.834587
46.625565,9.644453,Ġit,служ,повторяется,61,38.622166
10.558498,9.52438,Ġtired,смысл-редк,повторяется,61,36.854313
-7.171193,59.917988,Ġin,служ,повторяется,61,38.7532
-24.85359,-4.7038894,Ġhands,смысл-част,hapax,61,36.4114
-15.405479,5.948597,Ġextended,смысл-редк,hapax,61,36.452736
16.07816,21.324629,where,подслово,hapax,61,38.279476
-27.678436,-2.0435927,Ġmind,смысл-част,повторяется,61,36.2775
23.518438,-5.671046,Ġme,служ,повторяется,61,35.399715
-27.00518,-5.7899733,Ġbreath,смысл-редк,hapax,61,35.458015
32.410297,-26.707922,.,пункт,повторяется,61,41.50972
50.207222,-44.512684,",",пункт,повторяется,61,42.293476
4.0848093,35.714428,Ġhad,служ,повторяется,61,38.11207
-0.6463187,20.053717,Ġjust,служ,повторяется,61,37.23423
41.040043,14.593755,If,подслово,повторяется,61,39.065956
-0.55583274,82.4616,Ġto,служ,повторяется,61,39.71223
11.497771,20.793194,Ġwhy,служ,hapax,61,37.743286
-13.22714,-5.4656334,Ġbowl,смысл-редк,hapax,61,36.67014
2.3010738,6.853213,Ġoften,служ,hapax,61,37.493362
-25.243906,5.57486,Ġcalling,смысл-редк,hapax,61,35.991703
-1.9876982,14.106441,Still,подслово,hapax,61,37.676247
-3.778187,-8.570338,ading,подслово,hapax,62,36.337788
37.010963,-42.99303,?',пункт,hapax,62,39.756836
-24.586983,-2.439055,Ġplans,смысл-редк,hapax,62,35.766384
31.05502,-44.163834,:,пункт,повторяется,62,39.581585
34.90168,31.029737,Ġthat,служ,повторяется,62,40.646183
44.099545,48.416725,Ġof,служ,повторяется,62,39.65846
-28.494047,-30.002382,ĠKyle,смысл-редк,повторяется,62,33.960606
-28.815504,-27.613438,ĠJamie,смысл-редк,повторяется,62,34.891365
17.720516,-1.5268142,Ġmy,служ,повторяется,62,37.1582
24.194666,19.106699,Ġwhich,служ,hapax,62,38.043488
15.310496,-10.51007,Ġone,служ,повторяется,62,36.60677
-16.186611,40.682293,Ġon,служ,повторяется,62,37.061993
50.729843,-47.80461,",",пункт,повторяется,62,41.469635
37.901108,-44.08284,",'",пункт,повторяется,62,40.739754
-32.582184,16.989809,Ġcouple,смысл-част,повторяется,62,35.684288
40.25557,2.7978098,I,подслово,повторяется,62,38.424877
40.750023,18.085909,ĠBut,служ,повторяется,62,37.72183
30.400797,-30.737778,.,пункт,повторяется,62,40.619812
-7.9885,4.6464057,Ġtakes,смысл-част,hapax,62,36.75004
3.036755,34.084187,Ġhaving,служ,hapax,62,37.53437
-44.14374,17.899319,Ġmistake,смысл-редк,повторяется,62,35.32036
-16.410934,40.63466,Ġon,служ,повторяется,62,37.87372
-27.225256,53.018276,Ġa,служ,повторяется,62,39.428
66.37331,-8.048338,Ġthe,служ,повторяется,62,38.710964
-32.524605,16.992188,Ġmarry,смысл-редк,hapax,62,35.582123
-27.816603,51.996204,Ġa,служ,повторяется,62,39.682102
12.303681,62.026936,Ġfor,служ,повторяется,62,38.885334
29.65488,-29.89515,.,пункт,повторяется,62,41.193184
46.081352,-46.106945,",",пункт,повторяется,62,40.238087
-7.936479,4.477737,Ġthrows,смысл-редк,hapax,62,36.827824
-3.7580326,-8.585878,aming,подслово,hapax,62,37.737526
-4.5565743,47.194916,Ġby,служ,повторяется,62,39.032936
-3.4413126,-28.318974,Tw,подслово,hapax,62,37.010372
21.780266,-16.17007,Ġnot,служ,повторяется,62,38.925175
-21.216202,51.920414,Ġan,служ,повторяется,62,38.955563
16.714155,6.699773,Ġeach,служ,hapax,62,39.47828
58.61969,-1.6644349,ĠThe,служ,повторяется,62,39.723846
-32.435333,-12.368208,Ġdetector,смысл-редк,повторяется,62,35.114838
30.407972,-30.498623,.,пункт,повторяется,62,41.304707
42.863823,20.950253,Ġbut,служ,повторяется,62,38.36936
71.5116,-1.1999215,Ġthe,служ,повторяется,63,39.906216
26.178366,-46.176018,...,пункт,повторяется,63,39.44437
-29.12676,-68.10086,Ġbe,сток,сток,63,26.313118
-52.576828,-3.2361495,Ġlayer,смысл-редк,повторяется,63,36.149605
22.23817,-52.11766,*,пункт,повторяется,63,39.931335
36.0479,-8.791803,Ġthis,служ,повторяется,63,36.433342
5.2203526,79.34754,Ġto,служ,повторяется,63,41.35815
-12.436901,-6.8450994,Ġoutput,смысл-редк,hapax,63,36.860092
4.5421987,81.66745,Ġto,служ,повторяется,63,40.768654
-52.016525,-1.3635635,Ġrepresentation,смысл-редк,повторяется,63,36.631516
71.138084,-1.0843519,Ġthe,служ,повторяется,63,39.20889
-50.13875,1.8986406,Ġgroup,смысл-част,повторяется,63,34.350594
7.9955344,-49.662678,Ċ,пункт,повторяется,63,40.021908
-20.004417,-6.45821,Ġfollowing,смысл-част,hapax,63,37.701725
19.040663,16.37877,ĠEspecially,смысл-редк,hapax,63,39.16192
6.1469264,5.3920627,ĠProbably,смысл-редк,hapax,63,38.772095
40.928875,52.44647,Ġof,служ,повторяется,63,39.058975
-51.114197,-0.73374826,Ġexperiments,смысл-редк,повторяется,63,34.54354
71.22534,-0.9868485,Ġthe,служ,повторяется,63,38.91052
-61.753975,-7.4348893,Ġsimilar,смысл-част,повторяется,63,36.71993
-8.918288,-30.832764,L,подслово,hapax,63,36.69636
-5.564165,10.012273,Ġreally,смысл-част,повторяется,63,37.361916
-51.986355,-1.2966195,Ġequivalence,смысл-редк,повторяется,63,37.31727
42.198875,-31.718744,?,пункт,повторяется,63,40.791386
-34.285347,20.11823,Ġbit,смысл-част,hapax,63,36.60613
-9.063878,-30.683558,CD,подслово,hapax,63,35.636906
65.93579,22.893543,Ġand,служ,повторяется,63,39.701992
-10.210666,-26.246841,8,пункт,повторяется,63,36.122864
5.886559,78.03698,Ġto,служ,повторяется,63,40.09357
-46.103592,-1.06364,Ġunits,смысл-редк,hapax,63,35.221745
-10.574138,20.591352,Ġfind,смысл-част,повторяется,63,36.794483
65.80279,22.331984,Ġand,служ,повторяется,63,39.90856
-4.416648,47.929523,Ġby,служ,hapax,63,39.94878
-52.587368,-3.236736,Ġlayer,смысл-редк,повторяется,63,35.451878
-24.269085,17.42077,Ġwork,смысл-част,повторяется,63,36.275784
-51.554573,-0.9012664,Ġselection,смысл-редк,повторяется,63,35.990295
-34.0844,-66.733406,Ċ,сток,сток,63,26.190773
-0.11897742,-6.1307683,Ġpractice,смысл-редк,hapax,63,36.5564
46.18531,7.566287,Ġit,служ,повторяется,63,37.744556
-47.29751,6.4241014,Ġissues,смысл-част,повторяется,63,35.54861
-15.296448,41.586582,Ġon,служ,повторяется,64,39.454475
-7.115675,-17.418955,y,подслово,hapax,64,37.357998
8.837638,-11.39129,ĠHere,служ,hapax,64,37.490448
5.8704796,12.013685,Ġelse,смысл-част,hapax,64,38.071102
26.308296,-46.350372,....,пункт,повторяется,64,39.616398
-4.544426,9.873832,Ġreal,смысл-част,hapax,64,37.593807
19.761005,26.142706,Ġbecause,служ,hapax,64,38.424576
-23.018223,-7.415855,Ġtown,смысл-редк,повторяется,64,35.716827
62.41056,21.694756,Ġand,служ,повторяется,64,41.16292
66.85164,-5.632712,Ġthe,служ,повторяется,64,38.96899
1.7116731,12.753637,Ġsome,служ,hapax,64,37.509502
37.541412,5.8591113,ĠI,служ,повторяется,64,39.103928
-30.711239,-9.31316,Ġdining,смысл-редк,hapax,64,35.05593
-20.64858,-6.2443767,Ġhead,смысл-част,hapax,64,36.002926
14.817602,47.04922,Ġis,служ,повторяется,64,40.49579
18.261297,-23.07563,'t,подслово,повторяется,64,39.424263
-19.378464,12.010598,Ġpass,смысл-част,hapax,64,37.168194
-16.376295,-20.68305,Ġmar,смысл-редк,hapax,64,36.802734
-25.335577,-5.872973,Ġline,смысл-част,hapax,64,36.914295
52.354527,-50.07559,",",пункт,повторяется,64,42.381992
-18.42979,8.405265,Ġsuggested,смысл-редк,hapax,64,37.66098
35.950584,-32.17993,.,пункт,повторяется,64,41.852722
11.328956,-40.021,-,пункт,hapax,64,37.310375
34.04085,30.567278,Ġthat,служ,повторяется,64,40.000484
-29.499195,-6.7640505,Ġarea,смысл-част,hapax,64,34.859653
-6.8544617,57.733658,Ġin,служ,повторяется,64,38.14192
36.52475,1.5645746,ĠI,служ,повторяется,64,37.493176
50.7205,-49.249092,",",пункт,повторяется,64,41.950714
-19.385685,-9.409381,ĠIron,смысл-редк,hapax,64,37.126583
14.655778,12.505619,Ġall,служ,hapax,64,36.793266
3.32929,45.32856,Ġbeen,служ,hapax,64,37.718002
-29.770367,-4.519824,Ġprofessional,смысл-редк,hapax,64,36.095337
-22.095798,-6.672144,Ġcooks,смысл-редк,hapax,64,35.95522
18.286404,-23.0976,'t,подслово,повторяется,64,39.215084
-20.238638,-4.398568,Ġbusy,смысл-редк,hapax,64,36.077507
-26.685198,4.414352,Ġworking,смысл-част,hapax,64,36.34443
-16.725288,10.574147,Ġtried,смысл-част,повторяется,64,36.05461
2.8172383,12.948052,ĠSome,служ,hapax,64,37.42895
-6.8461456,13.988772,Ġalways,служ,hapax,64,37.42588
23.753298,18.471516,Ġwhich,служ,hapax,64,38.4794
-27.356968,-68.46452,.,сток,сток,65,26.465456
16.60143,36.63149,Ġdoes,служ,hapax,65,38.008907
6.4617834,50.616688,Ġbe,служ,повторяется,65,38.34859
-45.42219,-7.311146,Ġprogramming,смысл-редк,повторяется,65,35.409637
-36.729774,12.856229,Ġdetermines,смысл-редк,повторяется,65,37.419563
39.40558,50.85178,Ġof,служ,повторяется,65,39.227776
-50.221188,1.9991925,Ġcombination,смысл-редк,hapax,65,35.92181
-30.665146,3.9568958,Ġmultiple,смысл-част,hapax,65,36.339916
-30.215477,4.389579,Ġallowing,смысл-редк,hapax,65,37.381653
-9.332892,23.036781,Ġhappen,смысл-редк,hapax,65,36.94285
-59.876602,-16.927902,Ġtype,смысл-част,повторяется,65,35.422596
53.455837,-45.394436,",",пункт,повторяется,65,41.83113
-49.67395,-16.803387,Ġsystem,смысл-част,повторяется,65,32.76271
9.481288,23.717468,Ġsuch,служ,повторяется,65,39.074177
-43.57067,-2.9771307,Ġsymbols,смысл-редк,hapax,65,34.662952
-43.321182,-3.0777447,Ġphrase,смысл-редк,hapax,65,36.62323
-43.039387,8.353823,Ġgiven,смысл-част,hapax,65,37.2911
30.959345,-35.74842,.,пункт,повторяется,65,41.079475
-49.797,-17.014269,Ġsystem,смысл-част,повторяется,65,34.17123
-59.857956,-16.929106,Ġtype,смысл-част,повторяется,65,34.975895
-42.642452,8.163944,Ġoriginal,смысл-част,hapax,65,36.5469
-43.543133,7.728658,Ġconsistent,смысл-редк,hapax,65,37.052692
-27.691668,58.037792,Ġa,служ,повторяется,65,37.938004
-8.728548,59.328453,Ġin,служ,повторяется,65,39.02956
53.840073,-44.17426,",",пункт,повторяется,65,41.388744
38.47693,49.175827,Ġof,служ,повторяется,65,38.444256
3.409004,81.008224,Ġto,служ,повторяется,65,40.150074
-48.181843,0.8721794,Ġconstructs,смысл-редк,hapax,65,35.951576
53.702923,-45.11612,",",пункт,повторяется,65,41.602634
-59.968468,-16.952953,Ġtype,смысл-част,повторяется,65,35.951885
-27.143923,38.619537,Ġwith,служ,hapax,65,38.750435
31.517502,-37.822075,.,пункт,повторяется,65,41.749424
-43.90774,2.3077767,Ġvalues,смысл-редк,повторяется,65,35.644573
25.164349,-43.941685,"""",пункт,hapax,65,39.743034
27.138136,42.34582,Ġor,служ,повторяется,65,39.5947
-27.709097,58.056973,Ġa,служ,повторяется,65,39.088017
40.00117,51.71329,Ġof,служ,повторяется,65,38.774723
16.324366,48.182045,Ġis,служ,повторяется,65,40.869595
16.320984,48.11087,Ġis,служ,повторяется,65,40.850876
-54.681255,-10.6347685,Ġlanguage,смысл-част,повторяется,65,35.357437
-10.298182,-3.9758203,Ġcapita,смысл-редк,hapax,66,37.221947
15.9266205,46.150806,Ġis,служ,повторяется,66,39.97266
-26.663832,-15.396717,Ġisland,смысл-редк,hapax,66,35.738647
-44.50908,23.825891,ĠSaturday,смысл-редк,hapax,66,37.151726
-4.313253,47.16655,Ġby,служ,повторяется,66,38.272884
4.307192,48.535057,Ġbe,служ,повторяется,66,39.550247
-6.373,-31.675457,69,пункт,hapax,66,36.753056
-18.347868,-10.821967,ĠTimes,смысл-редк,hapax,66,36.84643
-29.54626,17.945467,Ġdealing,смысл-редк,hapax,66,37.87425
21.891779,-1.1970187,Ġhis,служ,hapax,66,36.31089
42.295086,19.293259,But,подслово,hapax,66,38.38383
11.256185,-40.386314,-,пункт,повторяется,66,36.884247
-35.15606,-7.9477563,Ġboats,смысл-редк,hapax,66,35.396187
29.028757,23.133234,Ġthen,служ,hapax,66,38.76699
-21.815586,51.175766,Ġan,служ,повторяется,66,38.901714
-33.782787,-28.396988,ĠIraqi,смысл-редк,повторяется,66,36.86728
-4.713431,6.863804,Ġcurrent,смысл-част,hapax,66,36.73942
-3.257982,23.548197,Ġmore,служ,повторяется,66,37.573997
8.531946,18.9637,Ġwhat,служ,повторяется,66,37.463425
-24.089212,-15.172603,Ġurgently,смысл-редк,hapax,66,37.53879
26.7365,5.2107816,Ġhe,служ,повторяется,66,37.545982
41.450203,48.454975,Ġof,служ,повторяется,66,38.437855
46.311974,-47.38271,",",пункт,повторяется,66,41.031647
19.843246,-48.731506,Ġ(,пункт,hapax,66,38.251083
11.167299,-24.572355,'s,подслово,повторяется,66,38.60129
-3.306225,23.410263,Ġmore,служ,повторяется,66,36.66074
-25.452154,-16.47334,Ġrefugee,смысл-редк,повторяется,66,35.41346
12.015904,61.8032,Ġfor,служ,повторяется,66,38.665867
30.576248,-28.481281,.,пункт,повторяется,66,41.825703
65.64937,-2.473669,Ġthe,служ,повторяется,66,38.978268
-25.306318,-16.916052,Ġbeach,смысл-редк,hapax,66,35.30871
-0.83608484,79.48114,Ġto,служ,повторяется,66,38.476616
-24.583029,-15.431165,Ġpriority,смысл-редк,hapax,66,35.827187
-25.445034,-16.546686,Ġsafe,смысл-редк,hapax,66,36.339237
-25.442192,-15.895171,Ġoffshore,смысл-редк,hapax,66,36.728237
-28.876572,54.293728,Ġa,служ,повторяется,66,38.74666
-24.644217,-17.003204,CR,подслово,hapax,66,36.44313
-27.108835,-17.35273,Ġchild,смысл-редк,hapax,66,36.053574
30.559761,-28.525383,.,пункт,повторяется,66,41.401115
-44.519382,23.826248,ĠMonday,смысл-редк,повторяется,66,36.56983
-2.5766459,-5.9863777,Ġpresent,смысл-част,hapax,67,36.871174
-53.259468,-16.333052,Ġmachine,смысл-част,повторяется,67,34.991615
-19.410843,-46.71793,contrast,подслово,повторяется,67,36.97073
-22.799839,-25.233557,ĠUN,смысл-редк,повторяется,67,35.53096
23.290913,-17.245293,Ġnot,служ,hapax,67,38.148163
31.336319,-3.5803351,ĠWe,служ,повторяется,67,35.775555
30.72004,-34.507904,.,пункт,повторяется,67,40.187878
40.653923,53.748283,Ġof,служ,повторяется,67,38.56032
-30.211771,13.990316,Ġevaluate,смысл-редк,hapax,67,36.53502
-49.269325,-30.835985,Ġfilaments,смысл-редк,повторяется,67,35.7685
69.915054,-0.89898807,Ġthe,служ,повторяется,67,37.45815
1.8358961,1.1357765,Ġtrained,смысл-редк,hapax,67,35.70614
-46.12512,-33.42716,Ġplane,смысл-редк,повторяется,67,36.083164
23.891066,56.2257,Ġas,служ,повторяется,67,38.919506
-13.616996,-32.204784,ma,подслово,hapax,67,38.093983
-53.33742,-16.278559,Ġsupervised,смысл-редк,повторяется,67,36.089054
-53.90449,-2.561222,Ġclassification,смысл-редк,повторяется,67,35.495003
-27.23963,39.484,Ġwith,служ,hapax,67,40.35574
4.9483113,78.66533,Ġto,служ,повторяется,67,40.922688
3.294079,-7.04126,Ġwhole,смысл-част,hapax,67,36.81874
-41.13839,-3.7299776,Ġstudy,смысл-част,повторяется,67,35.803776
14.626391,32.290123,Ġcan,служ,повторяется,67,37.280384
9.754078,-47.895218,Ċ,пункт,повторяется,67,39.854797
-55.15904,-2.867172,Ġscenario,смысл-редк,hapax,67,36.17695
-2.9965496,24.650387,Ġmore,служ,hapax,67,37.34122
11.602399,-38.878,-,пункт,повторяется,67,37.207306
-2.5874095,-6.0007124,Ġubiquitous,смысл-редк,hapax,67,40.14775
-54.736,-3.8237784,Ġmethod,смысл-част,повторяется,67,34.809944
23.81371,56.205498,Ġas,служ,повторяется,67,39.052387
-54.192047,-2.169391,Ġthreshold,смысл-редк,повторяется,67,36.992977
36.87427,50.11203,of,подслово,hapax,67,38.109165
1.8780082,1.1565512,Ġused,смысл-част,повторяется,67,36.584763
-49.727406,-6.000437,Ġsegmentation,смысл-редк,hapax,67,36.796825
23.896734,56.147472,Ġas,служ,повторяется,67,39.10653
-54.773434,0.029017532,Ġvalue,смысл-част,hapax,67,36.186153
-45.82302,-33.455357,ĠGalactic,смысл-редк,повторяется,67,35.418926
27.833815,-34.611645,.,пункт,повторяется,67,39.945007
-49.334686,-30.782604,structures,подслово,повторяется,67,35.02587
27.773052,-34.59678,.,пункт,повторяется,67,40.05651
-11.979854,-31.862997,ast,подслово,hapax,67,37.753563
16.69418,-47.584637,$,пункт,повторяется,68,37.39139
-0.8526982,-30.20403,000,пункт,повторяется,68,37.399998
43.655697,19.467064,but,подслово,hapax,68,38.789005
-34.271606,-65.69409,:,сток,сток,68,26.166746
-33.322662,-40.726814,ĠMarket,смысл-редк,повторяется,68,36.409298
67.4236,-4.8524976,Ġthe,служ,повторяется,68,37.61942
58.246944,-1.5582983,ĠThe,служ,повторяется,68,39.18209
-53.378777,-24.043936,Ġaccount,смысл-част,повторяется,68,35.413036
21.248762,-35.42214,  ,пункт,повторяется,68,39.698814
19.121937,-45.08744,"Ġ""",пункт,повторяется,68,38.518105
21.611292,-35.43088,  ,пункт,повторяется,68,39.206303
-24.264643,-37.855564,ĠV,смысл-част,повторяется,68,36.026028
3.1137273,9.75603,Ġseveral,служ,hapax,68,37.137936
25.152758,-43.645527,"""",пункт,повторяется,68,39.823658
-6.951472,58.07793,Ġin,служ,повторяется,68,38.63427
37.937466,-38.31268,.,пункт,повторяется,68,38.00516
-24.877121,-28.330278,ĠSavings,смысл-редк,повторяется,68,36.5782
-43.459137,-11.839315,Ġstock,смысл-редк,повторяется,68,34.52434
21.66634,-35.424625,  ,пункт,повторяется,68,39.210052
-13.524956,-1.5236862,Ġbig,смысл-част,hapax,68,37.4238
-33.311493,-40.661263,ĠMarket,смысл-редк,повторяется,68,35.575085
-25.768133,54.323406,Ġa,служ,повторяется,68,39.13601
41.51754,51.62082,Ġof,служ,повторяется,68,38.72641
-7.133328,-31.842754,SP,подслово,hapax,68,36.294674
32.58863,-47.186348,):,пункт,повторяется,68,37.935844
-0.8279953,-29.979494,k,подслово,hapax,68,36.379757
-2.0770092,-34.25696,22,пункт,hapax,68,38.326042
32.593487,-47.170242,):,пункт,повторяется,68,38.133984
68.552155,-4.1920977,Ġthe,служ,повторяется,68,38.293858
1.90219,12.545656,Ġsome,служ,hapax,68,37.388214
-53.38306,-24.044693,Ġaccount,смысл-част,повторяется,68,35.093338
30.151157,10.512919,ĠThere,служ,hapax,68,39.14257
-33.424423,-41.118847,Money,подслово,повторяется,68,37.365433
16.736197,-47.48725,Ġ$,пункт,повторяется,68,37.54398
-28.702143,-69.57516,Ġthe,сток,сток,68,26.48739
-0.21017261,-22.809158,adjusted,подслово,hapax,68,38.50113
-9.514355,2.8829181,Ġpays,смысл-редк,hapax,68,36.507217
7.8935003,-17.492556,Ġtwo,смысл-част,hapax,68,36.469
-9.411893,2.812993,Ġholds,смысл-редк,hapax,68,37.82859
19.396347,-48.97853,Ġ(,пункт,повторяется,68,37.750603
-18.918291,2.7887545,Ġpotentially,смысл-редк,hapax,69,37.35121
36.564007,-33.374615,.,пункт,повторяется,69,41.308865
1.4960705,35.399837,Ġhave,служ,повторяется,69,39.56209
3.0937817,77.58397,Ġto,служ,повторяется,69,41.270622
-1.6680048,-15.908622,ates,подслово,hapax,69,38.253902
26.883047,41.306713,Ġor,служ,повторяется,69,39.290154
58.68464,-5.8140645,Ġthe,служ,повторяется,69,38.306026
-38.594307,-20.904623,Ġprey,смысл-редк,повторяется,69,35.50702
33.040585,31.66869,Ġthat,служ,повторяется,69,39.824787
-17.954681,5.2053566,Ġpumped,смысл-редк,hapax,69,36.046684
-33.109364,-13.411027,Ġfeed,смысл-редк,hapax,69,35.292374
38.41126,11.131024,ĠAt,служ,hapax,69,38.69644
36.549168,-33.1128,.,пункт,повторяется,69,41.686794
45.7724,8.507496,Ġit,служ,повторяется,69,37.44101
-38.93603,-22.117918,ĠAnimals,смысл-редк,повторяется,69,34.730858
-38.963715,-21.293394,Ġanimal,смысл-редк,повторяется,69,34.5187
5.5913997,16.324575,Ġthing,смысл-част,hapax,69,35.302246
48.314545,10.223047,Ġit,служ,повторяется,69,37.542725
0.80395216,82.28143,Ġto,служ,повторяется,69,40.5505
-0.4344356,36.70781,Ġhas,служ,повторяется,69,38.44718
18.362598,-23.11741,'t,подслово,повторяется,69,39.526577
-19.067469,2.5367694,Ġlack,смысл-редк,hapax,69,36.980732
-38.882378,-21.287159,Ġanimal,смысл-редк,повторяется,69,34.68354
44.82055,8.235181,Ġit,служ,повторяется,69,38.436954
3.5195851,15.632118,Ġsomething,смысл-част,повторяется,69,36.69911
-10.585126,15.512051,Ġseem,смысл-част,hapax,69,37.752254
18.377867,34.464977,Ġdon,смысл-част,hapax,69,39.50887
28.52342,1.8069732,Ġthey,служ,повторяется,69,37.939564
-11.279955,36.283062,Ġlike,смысл-част,повторяется,69,39.2604
-33.77332,-12.226716,Ġdisplay,смысл-редк,повторяется,69,35.40532
-4.01091,-14.101045,crete,подслово,hapax,69,36.943073
-5.525907,-14.691547,pling,подслово,hapax,69,37.459198
-1.741119,6.230833,Ġagain,служ,hapax,69,37.774963
5.3939967,49.617725,Ġbe,служ,повторяется,69,40.685078
37.212837,-34.006298,.,пункт,повторяется,69,41.114613
53.784733,-48.84015,",",пункт,повторяется,69,42.01541
-33.252808,-13.86952,Ġdefend,смысл-редк,повторяется,69,35.201847
-34.11329,-12.619327,Ġmeat,смысл-редк,повторяется,69,33.632027
3.2971303,77.51131,Ġto,служ,повторяется,69,40.688515
-27.240599,26.504324,Ġaround,служ,hapax,69,36.7431
15.608883,46.249077,Ġis,служ,повторяется,70,39.11919
4.9134917,-0.8348437,Ġsaid,смысл-част,hapax,70,36.695915
10.608726,-25.397532,'s,подслово,повторяется,70,37.22528
36.613792,-43.59741,.',пункт,повторяется,70,39.77521
-47.658573,-14.513436,Ġimage,смысл-част,hapax,70,36.115475
-26.972374,-3.413725,Ġface,смысл-част,повторяется,70,35.858677
-37.372402,-10.133211,Ġbeating,смысл-редк,повторяется,70,36.20949
-23.341986,-2.1208546,Ġconcerns,смысл-редк,hapax,70,36.64691
9.174342,44.851322,Ġare,служ,повторяется,70,38.9369
-29.359823,-28.968597,ĠiTunes,смысл-редк,повторяется,70,35.285336
-17.355751,30.86251,Ġgoing,смысл-част,повторяется,70,37.167828
-25.451248,-21.267136,icated,подслово,повторяется,70,37.3881
15.640634,-10.414978,Ġone,служ,повторяется,70,37.184868
21.784998,-1.1019378,Ġhis,служ,повторяется,70,36.530888
6.44615,27.924921,Ġwill,служ,повторяется,70,38.63785
22.76115,9.225257,Ġyou,служ,повторяется,70,37.52585
-50.490288,-25.095366,Ġapp,смысл-редк,повторяется,70,35.27329
-31.824854,-18.059801,Ġglor,смысл-редк,hapax,70,35.392895
0.73351604,78.03366,Ġto,служ,повторяется,70,39.773407
-24.22015,-29.360561,ĠScar,смысл-редк,повторяется,70,35.726917
-15.897184,-24.342863,ict,подслово,hapax,70,37.898148
-17.115103,-24.637444,pr,подслово,hapax,70,35.662685
-33.32175,-19.561424,Ġyoung,смысл-част,hapax,70,36.637424
-26.679108,-20.403913,Ġdescription,смысл-редк,повторяется,70,35.779793
31.461306,19.344421,Ġso,служ,повторяется,70,37.421444
-25.58099,-21.130957,Ġdefended,смысл-редк,hapax,70,35.86355
31.126045,-44.135494,:,пункт,повторяется,70,39.549767
-31.88242,-16.163857,Ġviolent,смысл-редк,hapax,70,35.54046
-50.48945,-25.108816,Ġapp,смысл-редк,повторяется,70,35.693092
-32.917675,-68.31422,.,сток,сток,70,26.287403
-0.25648883,78.04345,Ġto,служ,повторяется,70,39.703396
-33.995045,-63.995056,.,сток,сток,70,26.088263
27.148397,5.238023,Ġhe,служ,hapax,70,37.67323
-33.75026,-1.0292732,Ġreview,смысл-редк,hapax,70,36.35794
-21.040176,-15.935622,harm,подслово,hapax,70,35.650368
65.48886,18.02406,Ġand,служ,повторяется,70,39.743885
-24.00849,-35.18808,ĠF,смысл-част,hapax,70,37.402454
-26.046532,-70.387695,",",сток,сток,70,26.892765
-27.44872,53.695595,Ġa,служ,повторяется,70,38.69458
51.918198,-48.62728,",",пункт,повторяется,70,40.17433
3.9155002,76.43086,Ġto,служ,повторяется,71,41.007057
-4.3842354,4.39611,Ġlittle,смысл-част,hapax,71,37.14735
-13.276548,22.052334,Ġgive,смысл-част,повторяется,71,38.774803
8.672075,-52.911156,Ċ,пункт,повторяется,71,40.246445
26.197464,1.1078861,Ġthem,служ,повторяется,71,37.047306
-12.813595,28.620508,Ġmaking,смысл-част,повторяется,71,36.762703
66.732346,20.1612,Ġand,служ,повторяется,71,40.189957
27.43682,41.410755,Ġor,служ,повторяется,71,39.183582
12.777258,7.2636905,Ġany,служ,повторяется,71,37.127407
54.49794,-50.6681,",",пункт,повторяется,71,42.319584
8.416398,46.100693,Ġare,служ,повторяется,71,40.170624
14.601355,-25.329876,ll,подслово,повторяется,71,39.09274
-23.790302,-13.087421,Parent,подслово,повторяется,71,36.347614
-5.418006,18.96308,Ġgood,смысл-част,повторяется,71,38.148582
-6.680187,33.595654,Ġabout,служ,повторяется,71,38.824757
-24.878044,22.675367,Ġup,служ,повторяется,71,38.516453
-0.30350414,20.940176,Ġjust,служ,повторяется,71,38.964836
20.367105,8.146473,Ġyou,служ,повторяется,71,37.022007
21.894148,-38.742188,ĊĊ,пункт,повторяется,71,39.08976
-10.01371,-7.148889,Ġcauses,смысл-редк,hapax,71,38.25581
7.6662045,12.441126,Ġother,служ,повторяется,71,37.841526
8.668368,-52.93214,Ċ,пункт,повторяется,71,40.04913
-17.603994,-8.359984,Ġnaturally,смысл-редк,hapax,71,39.850323
-14.422337,26.422956,Ġmeet,смысл-редк,повторяется,71,36.374874
-21.392265,12.5732155,Ġmet,смысл-редк,hapax,71,37.54423
51.008297,-54.812717,",",пункт,повторяется,71,40.683945
37.37816,-27.744087,.,пункт,повторяется,71,42.113583
14.089256,-32.45045,âĢĻ,пункт,повторяется,71,38.93449
-4.8954577,19.950153,Ġbest,смысл-част,hapax,71,36.810135
-24.98233,-67.029594,.,сток,сток,71,26.093763
-13.576781,24.115717,Ġstart,смысл-част,повторяется,71,37.446575
37.378284,-27.800158,.,пункт,повторяется,71,41.6838
37.45388,13.986378,ĠGetting,смысл-редк,hapax,71,37.73405
23.256168,8.979491,Ġyou,служ,повторяется,71,37.93989
-13.601154,24.10787,Ġstart,смысл-част,повторяется,71,36.68524
-13.265974,27.265324,Ġmake,смысл-част,повторяется,71,36.937042
48.717148,-43.63679,",",пункт,повторяется,71,41.965237
-22.866022,-41.13312,Rel,подслово,hapax,71,36.272324
45.76498,50.33113,Ġof,служ,повторяется,71,38.741863
0.7664308,83.95281,Ġto,служ,повторяется,71,39.478695
41.506424,8.246341,ĠIt,служ,повторяется,72,38.275948
-35.666683,-2.2316318,Ġservice,смысл-част,hapax,72,35.403183
26.344118,0.028902113,Ġthem,служ,повторяется,72,36.880344
-34.160694,-12.864577,Ġmeat,смысл-редк,hapax,72,35.290405
26.192783,0.24962519,Ġthem,служ,повторяется,72,36.559948
-28.443695,-12.243665,Ġbrown,смысл-редк,hapax,72,35.434357
-10.577371,47.995495,Ġfrom,служ,повторяется,72,37.670277
7.478781,9.429995,Ġpeople,смысл-част,hapax,72,36.21945
51.010708,-45.85487,",",пункт,повторяется,72,41.989388
-27.709658,-13.123041,Ġbread,смысл-редк,hapax,72,36.207855
12.498649,-24.67178,'s,подслово,повторяется,72,38.243828
14.324084,30.950453,Ġcan,служ,повторяется,72,38.57935
-18.867615,11.059082,Ġsample,смысл-редк,hapax,72,37.308674
-28.554018,-9.588469,Ġred,смысл-редк,hapax,72,35.543194
-0.7666699,19.959267,Ġjust,служ,hapax,72,37.870476
50.877666,-45.826126,",",пункт,повторяется,72,41.84648
-22.149796,-6.1994224,Ġfilms,смысл-част,hapax,72,36.37641
-17.081398,-17.08739,Ġbuff,смысл-редк,hapax,72,35.84537
-10.083032,-10.174831,Ġvo,смысл-редк,hapax,72,39.66094
-11.795978,8.006102,Ġworth,смысл-част,hapax,72,36.563755
42.49317,47.626175,Ġof,служ,повторяется,72,39.731987
67.79003,-6.617271,Ġthe,служ,повторяется,72,38.606197
11.894531,62.748306,Ġfor,служ,повторяется,72,38.513668
34.740093,-35.20039,.,пункт,повторяется,72,40.383663
18.843882,-1.0096756,Ġmy,служ,повторяется,72,36.916992
-0.62028575,16.374228,Ġkind,смысл-част,hapax,72,36.76301
-4.470702,12.450151,Ġvery,служ,повторяется,72,36.920383
-4.1764812,-36.35196,99,пункт,повторяется,72,36.69265
46.429146,-44.199856,",",пункт,повторяется,72,41.286648
32.124874,7.986075,ĠEach,служ,hapax,72,38.206287
38.842663,7.2174754,ĠIs,служ,hapax,72,39.69273
-29.737148,-68.667244,",",сток,сток,72,26.278118
42.494854,-32.173344,?,пункт,hapax,72,39.775066
-17.638792,13.250902,Ġimagine,смысл-редк,hapax,72,36.683994
12.211562,3.0133965,Ġno,служ,hapax,72,37.4075
-27.573263,-13.165159,Ġstuff,смысл-редк,повторяется,72,35.31093
45.273853,49.666862,Ġof,служ,повторяется,72,39.363834
34.86601,-34.966732,.,пункт,повторяется,72,40.822174
-17.04763,-17.049402,buff,подслово,hapax,72,35.993526
36.19417,1.3287648,ĠI,служ,повторяется,72,38.98256
4.322907,35.634476,Ġhad,служ,повторяется,73,38.163803
-30.119152,-17.09437,Ġjury,смысл-редк,повторяется,73,35.915516
-15.687725,22.016647,Ġtell,смысл-част,повторяется,73,36.72055
62.639706,-3.918706,Ġthe,служ,повторяется,73,38.5582
-2.5763817,18.318367,Ġlater,смысл-част,hapax,73,37.190884
-27.868526,53.998703,Ġa,служ,повторяется,73,38.729874
-3.3789208,-22.876905,c,подслово,hapax,73,37.21299
-15.500675,-18.913088,ĠLiving,смысл-редк,hapax,73,36.36893
-29.485416,-16.020247,Ġdetectives,смысл-редк,hapax,73,36.000732
-28.28662,-17.387732,Ġtoddler,смысл-редк,hapax,73,35.818382
-24.67647,-6.382945,Ġfloor,смысл-редк,hapax,73,37.521164
66.09505,-8.420919,Ġthe,служ,повторяется,73,38.36425
-38.839264,-8.621015,Ġhouse,смысл-част,повторяется,73,35.70705
-25.99677,7.1497025,Ġblaming,смысл-редк,повторяется,73,35.72182
9.066838,43.921726,Ġare,служ,повторяется,73,38.536808
66.176544,-8.355021,Ġthe,служ,повторяется,73,38.662636
64.48108,20.576231,Ġand,служ,повторяется,73,40.30583
-17.379648,-19.266521,Ġpy,смысл-редк,hapax,73,36.451828
-28.777067,-16.718723,Ġofficer,смысл-редк,hapax,73,36.172943
-28.508705,-25.823797,Ġ2014,пункт,повторяется,73,35.899582
-24.32151,-6.72143,Ġair,смысл-част,hapax,73,36.946888
-15.17894,16.661425,Ġshowed,смысл-редк,повторяется,73,36.674706
-28.643139,-26.877998,ĠLiam,смысл-редк,повторяется,73,34.599903
42.352592,49.324398,Ġof,служ,повторяется,73,39.108177
37.512318,-9.491905,Ġthis,служ,hapax,73,37.214355
8.048696,-17.634668,Ġtwo,смысл-част,повторяется,73,36.572937
58.89946,-1.7459013,ĠThe,служ,повторяется,73,40.095406
33.075596,-32.29896,.,пункт,повторяется,73,40.585487
-27.47128,-18.073957,Ġboy,смысл-редк,повторяется,73,34.7677
-9.655275,29.428154,Ġgetting,смысл-част,hapax,73,36.972775
-1.0365924,19.714577,Ġjust,служ,hapax,73,37.453945
-28.061089,56.166237,Ġa,служ,повторяется,73,38.447166
-15.516343,-5.256972,Ġends,смысл-редк,hapax,73,38.9799
32.9037,-32.61669,.,пункт,повторяется,73,40.477837
-17.424404,-19.223204,jam,подслово,hapax,73,37.24295
30.975786,-44.237293,:,пункт,повторяется,73,38.718586
8.582299,19.01956,Ġwhat,служ,повторяется,73,37.852116
6.189071,-8.7424965,Ġwe,служ,hapax,73,37.78875
11.618592,27.129097,Ġmay,служ,hapax,73,37.33407
62.98112,21.574001,Ġand,служ,повторяется,73,40.495422
-46.940773,-5.702808,Ġnoisy,смысл-редк,повторяется,74,36.27903
26.811275,-39.748154,),пункт,повторяется,74,40.446747
18.04206,-50.8668,(,пункт,повторяется,74,39.518604
10.040387,-47.93084,Ċ,пункт,повторяется,74,40.300552
-27.722988,39.859367,Ġwith,служ,повторяется,74,37.243053
10.443913,-38.639324,-,пункт,повторяется,74,37.856403
-52.9542,-7.352446,Ġprior,смысл-редк,повторяется,74,36.860554
36.747765,-38.29185,.,пункт,повторяется,74,38.742817
-44.003513,-12.894351,Ġspatial,смысл-редк,hapax,74,35.520046
-7.286201,-19.507692,er,подслово,hapax,74,38.933605
-7.1306643,-19.659573,Ġris,смысл-редк,hapax,74,37.18126
-11.274562,-30.217617,temporal,подслово,hapax,74,36.71777
-10.969315,-31.764278,informed,подслово,повторяется,74,36.830906
14.212945,-13.981611,1,пункт,повторяется,74,37.807217
14.280598,-10.859859,Ġone,служ,hapax,74,35.744934
8.91192,-48.801994,Ċ,пункт,повторяется,74,41.251724
-30.595146,6.2252874,Ġarising,смысл-редк,hapax,74,38.36719
28.018559,6.8560224,Ġe,смысл-редк,повторяется,74,39.293102
38.55857,11.071605,ĠAt,служ,повторяется,74,39.118443
-19.037947,-22.288694,Ġg,смысл-част,hapax,74,36.083958
37.857727,51.157585,Ġof,служ,повторяется,74,38.95418
-47.585205,-6.3594813,Ġphysical,смысл-част,повторяется,74,35.62872
38.841545,51.2877,Ġof,служ,повторяется,74,39.62283
71.4609,-0.37448502,Ġthe,служ,повторяется,74,38.835655
29.67814,-34.369335,.,пункт,повторяется,74,40.84511
-35.66192,-29.165821,ĠPIN,смысл-редк,hapax,74,35.801514
-2.3470263,-14.278948,ined,подслово,повторяется,74,36.98349
-9.947666,-34.373146,ON,подслово,повторяется,74,36.69161
12.728651,-7.622326,Ġfirst,смысл-част,hapax,74,37.64833
30.155079,-44.522713,:,пункт,повторяется,74,40.05957
-33.647682,-64.0293,Ġthe,сток,сток,74,26.101772
-2.778409,57.56983,In,подслово,hapax,74,40.453884
-48.437946,-2.8481236,Ġquantification,смысл-редк,hapax,74,36.486385
-12.282955,-31.560892,histor,подслово,hapax,74,36.936565
-11.0840435,-31.640789,agn,подслово,повторяется,74,36.36669
9.26322,-47.60127,Ċ,пункт,повторяется,74,39.878433
5.162797,81.17734,Ġto,служ,повторяется,74,40.20085
-47.93112,-4.893725,Ġforward,смысл-част,hapax,74,36.01687
-2.231101,56.719917,ĠIn,служ,hapax,74,40.253452
-47.42444,-4.1361303,Ġlow,смысл-част,hapax,74,37.22249
-47.812634,-19.31273,Ġdata,смысл-част,повторяется,75,33.835056
-1.9095541,-1.8837562,Ġetc,смысл-част,повторяется,75,39.11013
33.127277,-33.310604,.,пункт,повторяется,75,40.36138
-35.8384,3.1709101,Ġversion,смысл-редк,hapax,75,37.21655
-32.35027,8.276408,Ġrelated,смысл-редк,повторяется,75,36.29739
-42.2683,14.564332,Ġdifficult,смысл-част,hapax,75,37.016506
1.2871009,34.660976,Ġhave,служ,повторяется,75,38.890953
-24.772247,1.2690114,Ġdegree,смысл-редк,hapax,75,35.78483
-24.5088,55.77669,Ġa,служ,повторяется,75,38.70236
40.637123,50.82141,Ġof,служ,повторяется,75,38.86386
-21.7028,-14.062872,user,подслово,hapax,75,36.83033
3.7626855,81.284294,Ġto,служ,повторяется,75,41.249996
32.896034,32.130707,Ġthat,служ,повторяется,75,39.927128
12.714336,63.42037,Ġfor,служ,повторяется,75,39.798603
-33.119747,-65.837166,Ġthe,сток,сток,75,26.165874
-21.763933,-14.025258,Ġusers,смысл-част,повторяется,75,34.65887
28.117329,41.319595,Ġor,служ,повторяется,75,39.230904
-26.479912,14.596535,Ġmaintain,смысл-редк,hapax,75,37.874176
-58.569756,-6.169348,Ġspecific,смысл-част,повторяется,75,35.527126
-12.616037,11.964083,Ġspan,смысл-редк,hapax,75,38.59634
49.830055,-43.49267,",",пункт,повторяется,75,41.64059
-1.2113167,33.397243,Ġneed,служ,hapax,75,38.830566
-27.278028,-70.89798,ĠThe,сток,сток,75,26.585344
-42.402412,-38.384235,ative,подслово,hapax,75,37.76116
12.510878,63.132812,Ġfor,служ,повторяется,75,40.25257
34.958004,-43.655277,.).,пункт,hapax,75,39.751225
-49.249744,-28.12863,arts,подслово,повторяется,75,36.335285
22.49687,55.4337,Ġas,служ,hapax,75,38.810627
-20.849884,53.468643,Ġan,служ,повторяется,75,37.77695
68.53585,-1.9880891,Ġthe,служ,повторяется,75,39.55497
-13.3117285,-24.534283,ments,подслово,повторяется,75,36.725544
-11.252384,-2.2287502,Ġtoo,служ,hapax,75,38.163685
-9.081953,17.769072,Ġused,смысл-част,повторяется,75,37.63274
-27.31173,15.147464,Ġperform,смысл-редк,hapax,75,36.532776
-33.27221,9.647557,Ġdesigned,смысл-редк,повторяется,75,36.207424
-37.933746,0.3182211,Ġaccounting,смысл-редк,hapax,75,36.157787
4.3680625,78.967766,Ġto,служ,повторяется,75,41.68841
-8.315556,1.3262949,Ġsupports,смысл-редк,hapax,75,37.99153
-12.575752,11.927903,Ġcommon,смысл-част,hapax,75,38.61832
-24.562222,55.749798,Ġa,служ,повторяется,75,38.726604
21.45705,-15.9130335,Ġnot,служ,повторяется,76,38.467297
-29.478067,-10.767952,Ġbland,смысл-редк,hapax,76,36.275352
37.869785,-6.0047035,ĠThese,служ,повторяется,76,37.846607
64.38013,20.585745,Ġand,служ,повторяется,76,40.40896
-15.518146,40.676407,Ġon,служ,повторяется,76,37.63142
4.1713634,77.501045,Ġto,служ,повторяется,76,41.293633
-23.647501,-4.1533523,Ġstandards,смысл-редк,hapax,76,36.250004
-24.32488,4.7766666,Ġlingering,смысл-редк,hapax,76,37.283665
-10.796819,20.040358,Ġfind,смысл-част,hapax,76,37.02082
-13.114538,-20.940615,fw,подслово,hapax,76,37.905937
15.094248,-10.5702915,Ġone,служ,повторяется,76,36.285263
36.803875,-32.165375,.,пункт,повторяется,76,41.463547
37.50238,21.813272,Ġif,служ,повторяется,76,39.681385
36.696815,-31.957533,.,пункт,повторяется,76,41.30715
36.259724,0.72103107,ĠI,служ,повторяется,76,38.443798
-11.670516,-21.357988,elp,подслово,hapax,76,36.2423
3.4107356,45.421886,Ġbeen,служ,повторяется,76,38.29101
28.957449,22.881939,Ġthen,служ,повторяется,76,39.045795
-43.39804,23.131832,ĠSunday,смысл-редк,hapax,76,36.336666
-22.034481,-16.395699,cook,подслово,повторяется,76,36.05547
1.024416,36.47441,Ġhave,служ,повторяется,76,38.095123
37.57839,5.3954673,ĠI,служ,повторяется,76,37.978775
-10.795,0.5544853,Ġfails,смысл-редк,hapax,76,38.405884
-8.587727,40.25731,Ġat,служ,hapax,76,36.692795
12.363233,7.383498,Ġany,служ,hapax,76,36.507027
7.133238,16.048084,Ġthings,смысл-част,hapax,76,35.769157
-23.405464,-5.1643257,Ġmisery,смысл-редк,hapax,76,36.63018
-32.128242,-11.054074,Ġfood,смысл-част,повторяется,76,34.63572
-28.55698,-9.518593,Ġring,смысл-редк,hapax,76,36.005238
-25.724625,5.1688604,Ġriding,смысл-редк,hapax,76,36.014534
6.1308303,30.947731,Ġwould,служ,повторяется,76,37.600597
9.074962,38.574223,Ġwas,служ,повторяется,76,38.6898
48.90085,-44.721798,",",пункт,повторяется,76,42.307686
9.934964,32.254154,Ġcould,служ,повторяется,76,38.470413
-11.010583,1.3826815,Ġdeserves,смысл-редк,hapax,76,38.092213
48.054733,-43.954372,",",пункт,повторяется,76,41.534496
18.655022,-1.1457974,Ġmy,служ,hapax,76,37.243103
-27.966127,38.602257,Ġwith,служ,повторяется,76,38.674236
40.805912,9.053107,ĠIt,служ,hapax,76,38.8707
67.50439,-6.408753,Ġthe,служ,повторяется,76,38.62256
-41.919827,-13.768333,Ġsociety,смысл-редк,повторяется,77,36.160507
-27.995026,6.292206,Ġdispers,смысл-редк,hapax,77,36.834396
-40.898697,-15.563024,Ġprograms,смысл-редк,hapax,77,34.418194
-41.32683,-14.228934,Ġpublic,смысл-част,повторяется,77,37.010036
-27.158281,5.3520355,Ġrunning,смысл-редк,повторяется,77,35.28027
15.507647,-38.379597,Ġ&,пункт,hapax,77,38.809002
-41.098286,-16.07083,Ġeducation,смысл-редк,hapax,77,34.33221
15.154486,-10.312265,Ġone,служ,повторяется,77,36.772972
26.29283,-46.44435,Ġ...,пункт,hapax,77,40.876495
-23.737576,54.512028,Ġa,служ,повторяется,77,39.5555
-40.639736,-12.978013,Ġcommunity,смысл-редк,повторяется,77,36.038853
-27.254086,5.822278,Ġputting,смысл-редк,hapax,77,37.096794
21.742687,-15.409392,Ġnot,служ,повторяется,77,38.75144
-21.076616,6.571254,Ġmention,смысл-редк,hapax,77,38.589996
-21.744064,5.109814,Ġfundamentally,смысл-редк,hapax,77,37.250732
-27.239855,4.302087,Ġfunctioning,смысл-редк,hapax,77,37.113804
-22.703756,3.5702114,Ġsense,смысл-част,hapax,77,36.32032
-40.78605,-16.053316,Ġuniversity,смысл-редк,повторяется,77,34.2306
-4.060608,15.788411,Ġgreat,смысл-част,hapax,77,36.44275
40.92117,49.428696,Ġof,служ,повторяется,77,39.62352
19.237206,-40.615246,Ġ',пункт,повторяется,77,38.56826
-21.593586,5.8664427,Ġdays,смысл-част,hapax,77,37.653526
18.029896,2.1430488,Ġyour,служ,hapax,77,37.324787
-12.629513,14.671454,Ġthought,смысл-част,hapax,77,39.13823
-2.5356166,28.978756,Ġhow,служ,hapax,77,38.639385
46.13775,8.704831,Ġit,служ,повторяется,77,38.78516
-5.4134054,19.011358,Ġgood,смысл-част,hapax,77,36.217747
10.230201,6.3494496,Ġanyone,смысл-част,hapax,77,37.547256
12.003643,63.176823,Ġfor,служ,повторяется,77,39.671276
-28.71538,-67.982285,Ġto,сток,сток,77,26.308321
-14.575973,28.64209,Ġmakes,смысл-част,повторяется,77,37.49286
-37.3436,-6.9635615,Ġcrops,смысл-редк,hapax,77,36.224834
-6.75482,-14.745616,entially,подслово,hapax,77,38.13167
33.04088,-58.434353,"Ġ,",пункт,повторяется,77,40.757782
14.451168,46.866158,Ġis,служ,повторяется,77,40.623062
-21.36478,5.9773903,Ġforget,смысл-редк,hapax,77,37.87
15.000738,-39.047142,Ġ-,пункт,повторяется,77,38.439686
36.179134,31.596498,Ġthat,служ,повторяется,77,41.062992
44.70901,45.910313,Ġof,служ,повторяется,77,38.76357
14.929544,-39.06335,Ġ-,пункт,повторяется,77,38.41378
-28.010763,38.32525,Ġwith,служ,повторяется,78,38.786217
-6.5952096,61.167854,Ġin,служ,повторяется,78,39.984924
8.584931,37.96697,Ġwas,служ,повторяется,78,38.27935
34.342503,31.08907,Ġthat,служ,повторяется,78,40.782375
-23.04089,-31.093388,ĠLe,смысл-част,повторяется,78,35.5754
46.777023,9.622625,Ġit,служ,повторяется,78,37.891068
-25.768253,-38.148315,ĠWol,смысл-редк,повторяется,78,36.329018
-3.7112913,-35.58462,49,пункт,повторяется,78,38.61722
-11.1002035,-12.696751,Ġu,смысл-редк,hapax,78,37.015347
-2.8254113,-17.404251,ed,подслово,повторяется,78,37.20262
-21.58328,8.070916,Ġguarantee,смысл-редк,hapax,78,38.363155
-4.189927,47.30496,Ġby,служ,повторяется,78,38.787354
-24.80259,-37.75375,ĠV,смысл-част,hapax,78,36.201874
23.683733,18.407742,Ġwhich,служ,hapax,78,38.441612
-26.330051,10.558434,Ġseen,смысл-част,hapax,78,37.14345
-6.807353,58.830288,Ġin,служ,повторяется,78,39.805134
-9.7872095,-18.683014,er,подслово,hapax,78,36.459057
64.50916,19.346949,Ġand,служ,повторяется,78,40.58543
3.2669475,77.95639,Ġto,служ,повторяется,78,40.660816
-0.99650794,-33.15866,46,пункт,повторяется,78,37.9988
-29.530933,-20.755465,Ġdemocracy,смысл-редк,повторяется,78,35.716496
-13.877645,8.127302,Ġbelieved,смысл-редк,повторяется,78,37.415627
9.395664,-49.44802,Ċ,пункт,повторяется,78,39.95165
-33.3158,-26.613298,century,подслово,повторяется,78,36.97143
-23.607904,25.211206,Ġupon,служ,hapax,78,38.090244
-24.117512,-32.287155,ĠTry,смысл-редк,hapax,78,35.87849
-32.353,-66.66853,",",сток,сток,78,26.195377
-23.28074,-4.161476,Ġgrave,смысл-редк,hapax,78,36.48408
35.96893,0.26714388,ĠI,служ,повторяется,78,38.71547
-29.671873,-20.710693,Ġconservative,смысл-редк,повторяется,78,35.520073
48.250057,-49.174847,",",пункт,повторяется,78,41.72302
-17.930851,12.122451,Ġcost,смысл-част,hapax,78,38.436504
-3.9551537,-21.422367,cip,подслово,повторяется,78,36.509483
32.395164,-47.46241,):,пункт,повторяется,78,38.580193
-11.061452,-12.578778,Ġprofiles,смысл-редк,hapax,78,38.533916
-26.183529,10.268733,Ġexpressed,смысл-редк,hapax,78,37.095856
65.35418,-2.748539,Ġthe,служ,повторяется,78,38.449375
-32.80772,-26.597029,ĠGerman,смысл-част,повторяется,78,33.63111
-20.35268,-21.614214,Ġatt,смысл-редк,повторяется,78,36.106354
41.656776,2.2732353,She,подслово,повторяется,78,37.873158
-17.557327,-44.604183,stream,подслово,повторяется,79,36.02164
-47.070328,-0.35227913,Ġorder,смысл-част,hapax,79,36.67706
39.833553,52.193756,Ġof,служ,повторяется,79,39.77372
-21.885298,-44.084305,Ġge,смысл-редк,повторяется,79,36.592632
-19.260212,-43.797634,rophic,подслово,повторяется,79,37.453613
-50.018963,-29.881937,faces,подслово,hapax,79,35.32372
-25.46352,-30.936935,ĠRe,служ,повторяется,79,35.20575
6.66622,12.821293,Ġother,служ,hapax,79,37.762188
-37.461205,-23.512484,ĠIslands,смысл-редк,hapax,79,36.97119
14.157139,63.71969,Ġfor,служ,повторяется,79,38.05751
-19.222708,-43.76707,rophic,подслово,повторяется,79,36.23814
-50.679554,-29.478539,Ġsurface,смысл-част,повторяется,79,35.049995
43.620922,-3.4514859,ĠHence,служ,hapax,79,38.54847
-47.3714,0.3474152,Ġapproximation,смысл-редк,hapax,79,37.522923
-58.691776,-6.439814,Ġspecific,смысл-част,повторяется,79,36.954113
-46.16599,0.48353735,Ġgeneralized,смысл-редк,hapax,79,36.8183
-30.575808,-67.28449,-,сток,сток,79,26.25466
53.244724,-46.051525,",",пункт,повторяется,79,40.4508
-50.058445,-29.83113,Ġsurfaces,смысл-редк,повторяется,79,35.15916
-18.092262,-42.54906,ost,подслово,повторяется,79,38.073044
10.193573,-47.57247,Ċ,пункт,повторяется,79,38.89694
-5.9490943,58.548626,Ġin,служ,повторяется,79,38.999256
63.686066,-9.598308,the,подслово,повторяется,79,38.71035
-34.725475,-64.20783,Ġthe,сток,сток,79,26.113632
-17.457315,-44.988018,function,подслово,повторяется,79,37.12854
9.603433,-47.328575,Ċ,пункт,повторяется,79,39.23781
70.54019,0.56516075,Ġthe,служ,повторяется,79,38.81104
43.58802,-3.4005373,ĠAlso,служ,hapax,79,38.962055
-26.013472,-68.13789,-,сток,сток,79,26.652098
-21.894264,-44.085716,Ġge,смысл-редк,повторяется,79,37.444546
-17.472622,-44.948982,function,подслово,повторяется,79,36.071346
-18.079382,-42.498817,ost,подслово,повторяется,79,37.21975
50.709625,-42.840046,",",пункт,повторяется,79,41.104626
-58.662594,-6.3864136,Ġspecific,смысл-част,повторяется,79,36.06088
-17.457203,-44.9821,function,подслово,повторяется,79,37.160286
-25.769999,58.415653,Ġa,служ,повторяется,79,40.09094
56.01797,-46.61679,",",пункт,повторяется,79,40.203014
17.367964,-46.68674,Ġ$\,пункт,повторяется,79,38.265636
-37.386658,-23.477823,Ġregions,смысл-редк,повторяется,79,35.668926
-50.60696,-29.61746,surface,подслово,повторяется,79,36.620796
-11.340074,4.830853,Ġdependent,смысл-редк,hapax,80,38.39956
-24.98606,57.079933,Ġa,служ,повторяется,80,39.458282
-14.243681,-10.45307,Ġclassification,смысл-редк,hapax,80,37.960842
-43.615067,-16.371569,Ġphysical,смысл-част,hapax,80,35.369076
-24.241478,57.380943,Ġa,служ,повторяется,80,38.523438
-42.246494,-17.565851,Ġinstructor,смысл-редк,повторяется,80,35.2395
31.09749,-35.593307,.,пункт,повторяется,80,40.215878
-19.399036,54.551704,ĠA,служ,повторяется,80,37.488014
6.8485246,51.067684,Ġbe,служ,повторяется,80,39.97215
-42.966072,12.4957695,Ġformats,смысл-редк,hapax,80,35.51592
-2.467136,56.68625,ĠIn,служ,hapax,80,40.32089
30.953669,-35.40395,.,пункт,повторяется,80,40.958565
-33.787525,10.63188,Ġinterpreted,смысл-редк,hapax,80,36.495785
-4.586785,59.888165,Ġin,служ,повторяется,80,38.425274
6.8296685,51.041702,Ġbe,служ,повторяется,80,39.21962
55.531044,-43.853046,",",пункт,повторяется,80,42.010944
27.120153,42.625645,Ġor,служ,повторяется,80,40.22674
-8.001657,2.6115458,Ġdevelops,смысл-редк,hapax,80,36.428165
-42.905907,12.669267,Ġstyle,смысл-редк,hapax,80,36.172993
-43.706585,-9.196468,Ġclinic,смысл-редк,hapax,80,35.868195
-20.97261,-20.34267,Ġinv,смысл-редк,hapax,80,37.3147
-42.843285,12.913178,Ġdifficulty,смысл-редк,повторяется,80,35.87926
39.88662,50.734035,Ġof,служ,повторяется,80,38.992752
-40.13268,-15.355689,Ġnonprofit,смысл-редк,hapax,80,36.662
-43.375988,-9.418279,Ġcriterion,смысл-редк,hapax,80,36.957806
-27.36441,15.219345,Ġperform,смысл-редк,hapax,80,36.067265
-13.39541,-10.372968,am,подслово,hapax,80,37.57968
-47.386017,-17.413137,Ġtest,смысл-част,повторяется,80,34.28898
-42.514835,-16.36213,Ġknowledge,смысл-част,hapax,80,34.746136
-14.342397,-11.168767,reditation,подслово,hapax,80,36.92249
27.100702,42.403664,Ġor,служ,повторяется,80,38.841927
-14.300873,-10.480057,Ġtopics,смысл-редк,hapax,80,35.715023
-45.799446,-16.345024,Ġgrade,смысл-редк,hapax,80,35.918495
39.28155,50.17717,Ġof,служ,повторяется,80,39.594486
27.365793,42.63308,Ġor,служ,повторяется,80,40.763287
-33.722893,10.334334,Ġadministered,смысл-редк,повторяется,80,34.18725
-37.77167,-1.9767072,Ġsize,смысл-част,hapax,80,36.051052
-46.77616,-16.70719,Ġscore,смысл-редк,повторяется,80,35.172123
22.905157,-17.124468,Ġnot,служ,повторяется,80,38.74125
-24.200644,56.65832,Ġa,служ,повторяется,80,38.070732
15.668252,46.616833,Ġis,служ,повторяется,81,40.201286
-6.339232,59.09085,Ġin,служ,повторяется,81,39.936234
-6.8270707,56.54492,Ġin,служ,повторяется,81,39.344276
-6.8833246,-31.642282,PS,подслово,hapax,81,35.941776
4.995204,-15.699256,Ġfourth,смысл-редк,hapax,81,37.12093
40.565666,1.9663998,I,подслово,hapax,81,39.06894
-7.2256756,-13.306864,on,подслово,hapax,81,40.389977
-4.4198923,4.3844666,Ġlittle,смысл-част,hapax,81,37.54086
-31.392729,-19.92674,Ġindustrial,смысл-редк,hapax,81,35.593052
64.91478,20.57903,Ġand,служ,повторяется,81,40.960682
-34.13467,-66.147156,Ġthe,сток,сток,81,26.172543
-42.62871,-5.9833355,Ġcountry,смысл-част,повторяется,81,36.25202
-42.24469,-12.232702,Ġsystem,смысл-част,hapax,81,34.900627
-19.365133,7.1548624,Ġnoted,смысл-редк,hapax,81,36.968166
49.74664,-47.30637,",",пункт,повторяется,81,40.55717
-28.84688,-21.443523,ĠDemocrats,смысл-редк,повторяется,81,35.14079
-31.444033,-25.50144,ĠMrs,смысл-редк,повторяется,81,37.633686
11.352312,-39.666443,-,пункт,повторяется,81,37.67738
-30.810658,-67.0593,Ġthe,сток,сток,81,26.223066
-30.54588,-1.3522338,Ġcandidate,смысл-редк,повторяется,81,36.585735
-25.776806,-13.424893,Ġfamily,смысл-част,hapax,81,35.58793
-13.179859,26.827436,Ġmake,смысл-част,повторяется,81,37.317223
-21.001673,-18.666477,Ġun,смысл-част,hapax,81,36.103012
-29.21388,-20.836157,ĠSPD,смысл-редк,повторяется,81,34.9548
-40.500767,-10.857578,Ġeconomy,смысл-редк,hapax,81,35.770123
-14.566772,42.177834,Ġon,служ,повторяется,81,40.046944
50.03385,-47.89432,",",пункт,повторяется,81,41.74834
65.392456,-2.9439757,Ġthe,служ,повторяется,81,39.692177
-6.6160727,58.459095,Ġin,служ,повторяется,81,39.134323
-28.887547,-14.065292,Ġbirth,смысл-редк,hapax,81,35.913094
-7.3071337,-13.455512,let,подслово,hapax,81,38.414646
-32.18428,2.6531627,Ġimmediate,смысл-редк,hapax,81,37.47766
-8.807061,40.142418,Ġat,служ,повторяется,81,39.381912
-32.41334,-26.519732,ĠMerkel,смысл-редк,повторяется,81,34.38586
6.8668537,12.600743,Ġother,служ,hapax,81,37.253284
-18.49912,8.44363,Ġsuggest,смысл-редк,hapax,81,37.44598
-9.126423,-17.38624,ery,подслово,hapax,81,37.25471
-31.366924,-19.923811,Ġregional,смысл-редк,повторяется,81,34.766792
-30.258516,-1.3693968,Ġrules,смысл-част,hapax,81,36.640785
-16.350235,-6.3947206,Ġsupport,смысл-част,повторяется,81,37.045464
47.17192,-44.767517,",",пункт,повторяется,82,40.224644
-33.998837,-34.986374,ĠLeague,смысл-редк,повторяется,82,36.26704
-22.148434,19.571556,Ġreturn,смысл-част,hapax,82,36.70155
10.438867,-24.534962,'s,подслово,повторяется,82,38.271652
43.43292,50.538776,Ġof,служ,повторяется,82,38.442112
-36.03171,-34.227497,Ġagainst,служ,повторяется,82,36.38763
-29.752237,1.4542588,Ġnice,смысл-част,hapax,82,34.966206
46.88983,-45.54573,",",пункт,повторяется,82,39.95489
-6.704732,33.89029,Ġabout,служ,повторяется,82,38.386745
-13.559385,20.759085,Ġgive,смысл-част,hapax,82,37.320293
-20.504984,17.864157,Ġsupport,смысл-част,повторяется,82,36.37474
21.928976,-16.373737,Ġnot,служ,повторяется,82,38.781612
0.09330163,83.09095,Ġto,служ,повторяется,82,39.7158
63.523922,-6.819157,Ġthe,служ,повторяется,82,38.297436
31.234266,28.033619,Ġthose,служ,hapax,82,37.42486
-23.437155,16.366625,Ġwork,смысл-част,hapax,82,36.376553
46.618027,9.472874,Ġit,служ,повторяется,82,37.309456
-35.704533,-33.722473,Ġgames,смысл-част,повторяется,82,34.545494
14.369917,-13.682363,1,пункт,повторяется,82,37.82891
-21.754457,19.22346,Ġthanks,смысл-редк,hapax,82,36.468033
-34.021732,-34.927597,ĠLeague,смысл-редк,повторяется,82,36.162113
-22.910463,-36.57437,raz,подслово,повторяется,82,38.220123
-32.106445,-33.621826,Ġfriendly,смысл-редк,повторяется,82,36.842663
-21.606441,-34.519367,South,подслово,hapax,82,35.358562
-6.681675,34.03204,Ġabout,служ,повторяется,82,38.584717
34.425392,2.8971958,ĠI,служ,повторяется,82,37.908997
48.015064,-45.84144,",",пункт,повторяется,82,40.211105
22.43586,-1.5184367,Ġhis,служ,повторяется,82,35.829628
-35.16983,-31.834862,Ġnet,смысл-редк,повторяется,82,36.492058
19.11606,-42.625793,Ġ',пункт,повторяется,82,38.030163
-23.749208,-36.350986,ĠG,смысл-част,повторяется,82,36.51955
-6.139521,58.150227,Ġin,служ,повторяется,82,39.75266
17.756205,17.383427,Ġduring,служ,повторяется,82,37.589024
-31.398066,-29.295391,ĠItaly,смысл-редк,повторяется,82,34.539936
28.13091,1.8741009,Ġthey,служ,повторяется,82,37.57206
35.292885,15.542786,ĠThen,служ,hapax,82,39.106754
14.034188,-23.130178,'m,подслово,повторяется,82,38.204903
10.074457,-39.77573,-,пункт,повторяется,82,37.537834
63.375652,-6.829403,Ġthe,служ,повторяется,82,38.331238
-12.660949,17.567682,Ġthink,смысл-част,повторяется,82,36.77659
-5.110356,-21.303778,ip,подслово,hapax,83,38.02921
22.507305,-17.104086,Ġnot,служ,повторяется,83,37.508633
-28.648293,52.037613,Ġa,служ,повторяется,83,39.341705
47.796772,-47.32926,",",пункт,повторяется,83,40.831146
38.566242,5.0472794,ĠI,служ,повторяется,83,39.331516
4.1096907,8.575217,Ġmany,служ,повторяется,83,37.112053
-19.644014,19.551819,Ġgain,смысл-редк,hapax,83,35.725487
0.69678885,-5.8626227,Ġfact,смысл-част,повторяется,83,39.016552
36.416348,2.1288226,ĠI,служ,повторяется,83,38.12243
-49.10788,-22.031076,Ġacceptance,смысл-редк,повторяется,83,34.838974
-11.989069,-8.548416,Ġblank,смысл-редк,hapax,83,38.025322
35.322357,31.034845,Ġthat,служ,повторяется,83,40.795998
-11.194621,48.192528,Ġfrom,служ,повторяется,83,38.442955
47.99878,9.281422,Ġit,служ,повторяется,83,38.229507
21.026182,8.730258,Ġyou,служ,повторяется,83,37.259224
63.216595,19.910604,Ġand,служ,повторяется,83,42.433693
37.765617,5.0741634,ĠI,служ,повторяется,83,38.855484
35.978855,2.4281323,ĠI,служ,повторяется,83,37.245834
38.677803,5.057623,ĠI,служ,повторяется,83,39.657516
18.796787,-45.352264,"Ġ""",пункт,повторяется,83,38.59223
26.307783,41.880745,Ġor,служ,повторяется,83,40.022514
35.839085,32.582096,Ġthat,служ,повторяется,83,40.85379
-5.3583684,-19.975307,he,подслово,hapax,83,38.697624
-8.032153,-14.102395,ator,подслово,hapax,83,38.39666
33.23153,-31.33204,.,пункт,повторяется,83,41.39688
14.950711,12.541481,Ġall,служ,повторяется,83,37.253716
12.917343,61.09794,Ġfor,служ,повторяется,83,40.202988
36.94437,2.0952148,ĠI,служ,повторяется,83,37.33087
-7.9568667,20.6782,Ġknow,смысл-част,hapax,83,38.95253
66.77991,-5.0127964,Ġthe,служ,повторяется,83,37.914192
-18.341932,20.320297,Ġlike,смысл-част,повторяется,83,37.813225
34.07949,-28.476591,.,пункт,повторяется,83,42.105404
35.90128,32.485126,Ġthat,служ,повторяется,83,41.64325
25.3111,-43.0053,"""",пункт,повторяется,83,40.087704
-34.80054,-64.61119,.,сток,сток,83,26.10785
14.516375,12.61217,Ġall,служ,повторяется,83,36.588276
-19.447847,16.382635,Ġembrace,смысл-редк,hapax,83,36.321236
-18.901068,19.914875,Ġeat,смысл-част,hapax,83,35.916843
-11.293593,31.614,Ġbeing,служ,повторяется,83,36.68238
12.587293,62.740105,Ġfor,служ,повторяется,83,39.550987
-26.60075,-27.463974,ĠWilliams,смысл-редк,повторяется,84,36.1062
-15.923092,41.92219,Ġon,служ,повторяется,84,38.273415
-59.961422,-23.708006,Ġstage,смысл-редк,повторяется,84,35.575027
-16.571121,-19.214346,ĠKim,смысл-редк,hapax,84,37.747845
-12.626648,-17.967268,r,подслово,hapax,84,36.637054
30.07712,-30.325577,.,пункт,повторяется,84,41.464485
43.652096,51.614265,Ġof,служ,повторяется,84,38.824146
-0.7073568,79.26105,Ġto,служ,повторяется,84,40.531784
41.719757,8.822341,ĠIt,служ,повторяется,84,39.000687
-11.179076,8.353801,Ġenough,смысл-част,hapax,84,36.73936
52.26044,-42.821938,",",пункт,повторяется,84,41.015167
34.469383,30.16119,Ġthat,служ,hapax,84,39.461334
-18.308182,-35.275593,ney,подслово,повторяется,84,36.329765
43.723213,7.6075807,It,подслово,hapax,84,38.081196
-14.243222,-12.677557,Ġcent,смысл-редк,hapax,84,37.382008
-21.230856,-11.49907,Ġparticipants,смысл-редк,hapax,84,35.696205
-7.3017063,-4.0461855,Ġmoment,смысл-редк,hapax,84,37.186577
-17.581198,2.289426,Ġhelpless,смысл-редк,hapax,84,38.645393
-59.97478,-23.705837,Ġstage,смысл-редк,повторяется,84,37.331966
-22.250776,25.376543,Ġoff,служ,повторяется,84,35.461174
5.8308372,-4.6495776,Ġmoney,смысл-част,hapax,84,35.93925
-21.366034,-12.025292,Ġreporters,смысл-редк,повторяется,84,35.865852
1.1216083,84.88935,Ġto,служ,повторяется,84,39.05263
-4.009777,56.54258,ĠIn,служ,hapax,84,38.92539
-26.971397,-28.292156,ĠSenator,смысл-редк,повторяется,84,34.801933
-15.583671,-18.54008,Ġunfor,смысл-редк,hapax,84,36.782364
64.43549,-3.392199,Ġthe,служ,повторяется,84,38.57661
1.1159322,84.87343,Ġto,служ,повторяется,84,38.86464
29.521404,-29.584448,.,пункт,повторяется,84,41.429054
6.0190473,-0.116576314,Ġsaid,смысл-част,повторяется,84,36.79907
-17.099977,3.2011383,Ġcollapsed,смысл-редк,повторяется,84,36.451767
-27.731865,-27.263304,ĠOliver,смысл-редк,повторяется,84,34.955925
65.16107,-3.432327,Ġthe,служ,повторяется,84,38.67121
-26.688492,-27.616308,ĠWilliams,смысл-редк,повторяется,84,35.896935
13.928896,-22.653131,'m,подслово,hapax,84,38.004475
28.32388,15.021319,Ġsince,служ,hapax,84,37.439606
-2.6317124,-17.642742,ed,подслово,повторяется,84,37.344368
3.0951953,34.524258,Ġhaving,служ,hapax,84,37.73564
-27.331451,-28.854607,ĠNelson,смысл-редк,повторяется,84,35.880573
-27.795357,-32.453945,ĠAbraham,смысл-редк,повторяется,84,34.952698
-17.107378,-6.0894647,Ġassistance,смысл-редк,повторяется,85,35.61919
9.892165,31.68668,Ġcould,служ,повторяется,85,38.812122
30.429567,-31.33629,.,пункт,повторяется,85,41.292656
-25.215197,-9.936928,Ġgal,смысл-редк,повторяется,85,35.751057
-3.44752,23.814148,Ġmore,служ,hapax,85,37.43941
41.16769,47.017067,Ġof,служ,повторяется,85,38.991665
2.6867862,77.299805,Ġto,служ,повторяется,85,41.302265
1.5814599,12.731649,Ġsome,служ,hapax,85,36.832916
-18.03917,7.4265103,Ġdictated,смысл-редк,hapax,85,38.066135
14.676465,-40.759518,Ġ-,пункт,повторяется,85,37.653046
-6.62848,-0.74759394,Ġdespite,смысл-редк,hapax,85,38.633327
47.277214,-43.32571,",",пункт,повторяется,85,41.37467
20.574192,1.2128375,Ġtheir,служ,hapax,85,36.66181
47.345867,-43.238445,",",пункт,повторяется,85,40.957237
29.17537,-3.4671834,Ġwe,служ,повторяется,85,37.625233
37.43018,-6.687437,ĠThis,служ,повторяется,85,37.253567
-28.435356,51.420116,Ġa,служ,повторяется,85,40.200275
-35.39767,-2.3993611,Ġpolicy,смысл-редк,hapax,85,35.49871
-30.043983,-8.338619,Ġstore,смысл-част,повторяется,85,34.47517
-12.39931,9.192131,Ġtill,смысл-редк,повторяется,85,36.91645
-18.119646,-5.404621,Ġawkward,смысл-редк,hapax,85,36.36199
63.824753,-5.599075,Ġthe,служ,повторяется,85,38.398865
63.935734,-5.3831816,Ġthe,служ,повторяется,85,38.37584
11.356029,63.520027,Ġfor,служ,повторяется,85,40.85397
-4.5121837,-3.8812258,Ġyear,смысл-част,повторяется,85,36.855896
63.79995,-5.390235,Ġthe,служ,повторяется,85,39.255314
-30.337074,-12.906325,Ġbirthday,смысл-редк,повторяется,85,34.77876
32.791916,-35.07176,.,пункт,повторяется,85,40.32541
-19.769173,8.11043,Ġacknowledged,смысл-редк,hapax,85,36.747646
28.97184,-3.8659616,Ġwe,служ,повторяется,85,37.30048
-17.255543,-14.096908,ĠBuy,смысл-редк,повторяется,85,35.655453
42.197678,-31.97707,?,пункт,повторяется,85,41.4514
11.359957,63.603977,Ġfor,служ,повторяется,85,39.773487
7.208094,-18.386353,2,пункт,повторяется,85,36.92703
-30.427736,-12.842987,Ġgift,смысл-редк,повторяется,85,34.007877
-31.973614,-6.4277334,Ġstars,смысл-част,повторяется,85,35.358643
-22.340338,19.67912,Ġreturn,смысл-част,hapax,85,35.906338
27.744837,-4.574822,Ġus,служ,hapax,85,35.47102
-5.256372,-4.188127,Ġminutes,смысл-част,hapax,85,37.285892
23.726362,23.857922,Ġwhen,служ,hapax,85,39.645233
3.890352,75.324905,Ġto,служ,повторяется,86,40.489166
-59.16501,-4.7744675,Ġcorrect,смысл-редк,hapax,86,37.331036
-27.899723,37.588978,Ġwith,служ,повторяется,86,39.378277
-44.137093,-8.535829,Ġcoffee,смысл-редк,hapax,86,35.593395
18.169437,-22.367579,t,подслово,повторяется,86,40.152065
-0.38866368,0.38125598,Ġday,смысл-част,hapax,86,36.761364
10.507123,62.498238,Ġfor,служ,повторяется,86,40.890537
-15.318357,43.078587,Ġon,служ,повторяется,86,38.034977
3.8879118,75.42385,Ġto,служ,повторяется,86,40.9221
42.062546,14.584054,For,подслово,повторяется,86,40.025642
-62.44087,-13.257763,Ġconcept,смысл-редк,повторяется,86,37.36081
-4.0559254,15.8094635,Ġgreat,смысл-част,hapax,86,35.785088
-7.49174,26.424398,Ġhelp,смысл-част,повторяется,86,37.63008
-22.73405,1.1286852,Ġpoint,смысл-част,повторяется,86,36.88027
28.481583,2.9872358,Ġthey,служ,повторяется,86,37.282135
-30.013906,11.852333,Ġexplain,смысл-редк,повторяется,86,36.818962
-24.49948,13.711624,Ġwriting,смысл-редк,hapax,86,36.268898
45.665546,7.562266,Ġit,служ,повторяется,86,38.89524
16.213892,2.4725785,Ġyour,служ,повторяется,86,37.87954
-36.120056,-16.733284,Ġlibrary,смысл-редк,hapax,86,35.45765
1.4411147,-2.3546093,Ġquestions,смысл-част,повторяется,86,35.58046
-19.198914,-17.621733,ray,подслово,hapax,86,36.703926
-28.385748,-6.122458,Ġatmosphere,смысл-редк,hapax,86,36.779068
-24.383623,9.152509,Ġconfusing,смысл-редк,hapax,86,37.873394
13.767043,7.855867,Ġany,служ,повторяется,86,38.085083
54.667797,-50.520576,",",пункт,повторяется,86,43.118908
13.737721,31.344675,Ġcan,служ,повторяется,86,39.455647
-44.143753,17.902433,Ġmistake,смысл-редк,hapax,86,37.61866
11.15403,28.032953,Ġmay,служ,повторяется,86,38.527462
54.628307,-50.478573,",",пункт,повторяется,86,42.69668
1.1340679,-2.7424262,Ġanswers,смысл-редк,повторяется,86,35.474266
-7.505274,26.413473,Ġhelp,смысл-част,повторяется,86,36.713943
-17.043594,-22.659855,Ġpar,смысл-редк,hapax,86,37.40403
54.711838,-50.561703,",",пункт,повторяется,86,42.886765
-16.592638,24.609121,Ġask,смысл-част,повторяется,86,38.00228
-42.5875,-18.525932,Ġsibling,смысл-част,повторяется,86,34.78319
14.085129,-32.48759,âĢĻ,пункт,повторяется,86,38.542614
-62.44164,-13.251079,Ġconcept,смысл-редк,повторяется,86,36.25228
-24.835346,-0.67721033,Ġworse,смысл-редк,hapax,86,37.258053
-4.3102465,24.47024,Ġmore,служ,повторяется,86,37.715687
-15.351578,41.57388,Ġon,служ,повторяется,87,38.2035
28.981264,-2.8261735,Ġwe,служ,повторяется,87,37.246788
8.947144,45.258743,Ġare,служ,повторяется,87,40.100914
-1.066157,5.8915854,Ġanother,служ,повторяется,87,36.234795
9.039915,38.808456,Ġwas,служ,повторяется,87,39.09443
46.77669,-43.810463,",",пункт,повторяется,87,41.389877
0.08906364,81.25389,Ġto,служ,повторяется,87,39.489716
58.371563,-6.5550017,The,подслово,hapax,87,39.03272
6.905498,41.596085,Ġwere,служ,повторяется,87,37.956104
12.613428,37.235832,Ġwasn,смысл-част,hapax,87,39.339867
-13.576326,20.598904,Ġgive,смысл-част,повторяется,87,37.31279
13.22296,42.878685,Ġam,служ,hapax,87,38.027184
36.493362,1.1045921,ĠI,служ,повторяется,87,37.661793
-29.509077,-67.1258,Ġthe,сток,сток,87,26.24553
-18.027279,10.239824,Ġexperienced,смысл-редк,hapax,87,36.845642
-17.429731,-7.637534,Ġincident,смысл-редк,повторяется,87,36.49839
-21.476555,12.788029,Ġmeet,смысл-редк,hapax,87,36.178562
-34.78133,-14.554354,Ġladies,смысл-редк,повторяется,87,35.11397
27.516607,-4.7788024,Ġus,служ,повторяется,87,35.73836
-8.319399,15.22224,Ġbefore,служ,повторяется,87,38.673935
-22.556183,-28.286654,ĠHappy,смысл-редк,повторяется,87,35.71178
0.23388593,81.081085,Ġto,служ,повторяется,87,38.91253
36.491207,1.2427112,ĠI,служ,повторяется,87,38.814793
1.5552799,35.383636,Ġhave,служ,повторяется,87,38.300365
6.940752,41.716114,Ġwere,служ,повторяется,87,37.854816
-15.714786,-2.1452737,Ġapologized,смысл-редк,hapax,87,37.382553
-9.096028,-14.499875,ion,подслово,hapax,87,37.89628
-16.796768,25.10543,Ġasked,смысл-част,повторяется,87,36.69631
-14.956784,-19.799185,ĠSw,смысл-редк,hapax,87,36.60057
4.9834094,-0.84417695,Ġsaid,смысл-част,повторяется,87,36.190174
37.707947,5.7031884,ĠI,служ,повторяется,87,39.554665
3.5042355,-14.230483,Ġ5,пункт,повторяется,87,37.314137
17.861773,33.637875,Ġcan,служ,повторяется,87,38.874664
-35.321194,-18.565973,Ġmanager,смысл-редк,повторяется,87,35.404564
-17.7762,-7.823792,Ġlocally,смысл-редк,hapax,87,37.853565
-18.41144,-7.6587195,Ġlocal,смысл-част,hapax,87,35.752186
-18.18079,22.599045,Ġtry,смысл-част,hapax,87,36.895958
9.51731,39.252293,Ġwas,служ,повторяется,87,38.756046
65.64225,-6.4573607,Ġthe,служ,повторяется,87,39.013138
58.414883,-1.9240588,ĠThe,служ,повторяется,87,38.198254
-28.003761,-3.8639255,Ġeyes,смысл-част,повторяется,88,35.523724
27.426403,40.92171,Ġor,служ,повторяется,88,40.144173
8.077014,9.816126,Ġpeople,смысл-част,повторяется,88,36.16659
-7.020761,16.919516,Ġeven,служ,повторяется,88,38.971024
12.087984,3.1333184,Ġno,служ,повторяется,88,38.735447
5.63482,5.7579665,ĠPerhaps,смысл-редк,hapax,88,39.657436
7.3413773,16.214067,Ġthings,смысл-част,повторяется,88,35.276054
14.680876,46.8098,Ġis,служ,повторяется,88,40.95724
44.01972,51.704758,Ġof,служ,повторяется,88,38.884075
7.6101856,-49.989388,Ċ,пункт,повторяется,88,40.501244
-15.226426,42.311108,Ġon,служ,повторяется,88,40.342743
15.618879,-9.797255,Ġone,служ,повторяется,88,37.265274
-23.846329,9.49643,Ġavoid,смысл-част,hapax,88,38.263844
13.959395,31.319296,Ġcan,служ,повторяется,88,39.14476
6.721688,12.604776,Ġother,служ,повторяется,88,36.620743
22.655315,9.563781,Ġyou,служ,повторяется,88,38.699593
2.6152625,3.770554,Ġinformation,смысл-част,hapax,88,35.167927
-28.84526,53.251156,Ġa,служ,повторяется,88,38.650303
17.95111,2.0127785,Ġyour,служ,повторяется,88,37.21826
29.037653,-4.0675564,Ġwe,служ,повторяется,88,37.45185
47.763493,-48.987106,",",пункт,повторяется,88,40.553158
18.007868,1.6352363,Ġyour,служ,повторяется,88,37.593292
8.03797,9.777252,Ġpeople,смысл-част,повторяется,88,36.63949
-25.547672,29.947561,Ġover,служ,повторяется,88,37.769352
-39.693283,3.9300172,Ġnew,смысл-част,повторяется,88,35.36612
-16.529406,17.46324,Ġshow,смысл-част,hapax,88,35.774612
32.274506,-25.568655,.,пункт,повторяется,88,40.62195
-19.82626,14.381194,Ġadvise,смысл-редк,hapax,88,36.98631
22.136078,14.099865,Ġwho,служ,повторяется,88,40.099606
32.478966,14.838883,ĠInstead,смысл-редк,hapax,88,39.548843
-36.08732,-16.76425,Ġlibrary,смысл-редк,hapax,88,35.5724
-15.238434,41.937374,Ġon,служ,повторяется,88,39.6328
22.362337,54.383842,Ġas,служ,повторяется,88,40.430523
-21.542908,16.699738,Ġcontrol,смысл-част,повторяется,88,35.484715
37.311222,-9.362314,Ġthis,служ,повторяется,88,37.103546
-28.953466,53.183002,Ġa,служ,повторяется,88,38.71905
-2.0067692,80.6816,Ġto,служ,повторяется,88,39.649456
65.57293,-6.5139456,Ġthe,служ,повторяется,88,39.584114
-24.5108,7.9337263,Ġoffering,смысл-редк,hapax,88,38.005646
2.931571,38.446106,Ġhas,служ,повторяется,88,39.03509
1.5706844,75.569695,Ġto,служ,повторяется,89,41.657227
-10.538771,24.562775,Ġdo,служ,hapax,89,37.467968
-34.420265,-4.0434556,Ġlimits,смысл-редк,hapax,89,35.4038
23.979822,9.505215,Ġyou,служ,повторяется,89,37.810715
-35.123943,-64.32739,.,сток,сток,89,26.108503
-18.80866,23.655746,Ġoffer,смысл-част,повторяется,89,35.977703
-24.094639,-12.347326,Ġparents,смысл-част,повторяется,89,33.821857
-25.307371,27.017492,Ġaway,смысл-част,hapax,89,37.748646
26.38895,42.52049,Ġor,служ,hapax,89,39.770565
32.213875,-31.601175,.,пункт,повторяется,89,40.491287
11.785587,15.7486,Ġtime,смысл-част,повторяется,89,38.606735
44.933746,47.229446,Ġof,служ,повторяется,89,39.402946
-10.439181,47.23634,Ġfrom,служ,повторяется,89,38.495907
39.719257,14.472506,ĠIf,служ,повторяется,89,40.768185
-9.281226,-5.2060876,Ġneg,смысл-редк,hapax,89,37.220306
9.883161,-2.458455,Ġexample,смысл-част,повторяется,89,37.63759
-13.364646,-1.4496769,Ġbig,смысл-част,повторяется,89,36.194252
56.25221,-47.739674,",",пункт,повторяется,89,41.516136
-10.621667,49.148468,Ġfrom,служ,повторяется,89,40.135334
-20.635761,34.43792,Ġenter,смысл-редк,hapax,89,37.592434
1.9566412,-23.168156,Hi,подслово,hapax,89,36.363476
18.566528,-45.433983,"Ġ""",пункт,hapax,89,36.719204
-24.564129,-11.03842,Ġsituation,смысл-редк,hapax,89,35.40696
5.7697444,21.767365,Ġevery,служ,hapax,89,37.944897
-40.879,-1.2676699,Ġsmall,смысл-част,hapax,89,35.33579
36.562447,-7.847551,Ġthis,служ,повторяется,89,36.63716
-16.603487,24.54757,Ġask,смысл-част,hapax,89,37.15537
8.42229,-17.535944,Ġtwo,смысл-част,hapax,89,36.444992
1.6289922,-23.119959,but,подслово,hapax,89,36.58485
35.96257,11.69791,ĠWhen,служ,повторяется,89,39.96294
-21.68289,16.818909,Ġresponsibility,смысл-редк,hapax,89,36.715675
-24.45956,-11.499991,Ġsister,смысл-редк,повторяется,89,35.29793
32.13039,-31.677443,.,пункт,повторяется,89,40.75535
9.546069,-50.655846,Ċ,пункт,повторяется,89,41.677643
23.458021,9.482539,Ġyou,служ,повторяется,89,38.1012
23.27443,23.433088,Ġwhen,служ,повторяется,89,39.185646
-12.217865,17.90784,Ġthink,смысл-част,hapax,89,37.56219
17.6134,-23.462097,'t,подслово,hapax,89,37.075478
10.923907,15.532269,Ġtime,смысл-част,повторяется,89,37.482628
56.076195,-47.761154,",",пункт,повторяется,89,40.918407
-38.815346,-5.130115,Ġforce,смысл-редк,hapax,90,35.23328
-27.055252,-40.09306,ĠBur,смысл-редк,повторяется,90,37.473907
14.790809,45.176395,Ġis,служ,повторяется,90,39.42342
14.801319,45.475163,Ġis,служ,повторяется,90,39.27356
-34.183437,2.4946215,Ġexample,смысл-част,hapax,90,35.82932
-34.467434,-64.71393,Ġthe,сток,сток,90,26.123405
-39.274265,-7.576387,Ġcopy,смысл-редк,hapax,90,36.808117
15.186402,-10.6966305,Ġone,служ,повторяется,90,36.720306
19.920223,10.005825,Ġyou,служ,повторяется,90,35.90795
32.749275,19.33494,Ġso,служ,повторяется,90,38.961636
39.318836,13.866472,ĠIf,служ,повторяется,90,39.617912
-16.252762,-9.356991,Ġattempt,смысл-редк,hapax,90,38.6426
11.120674,62.01991,Ġfor,служ,повторяется,90,39.188072
49.084473,10.345634,Ġit,служ,повторяется,90,36.625908
-39.329807,-5.8723464,Ġhacker,смысл-редк,повторяется,90,34.807755
-10.310205,-20.162287,ute,подслово,hapax,90,36.458755
29.571688,-60.894962,Ġ.,пункт,повторяется,90,40.396057
14.120655,45.646168,Ġis,служ,повторяется,90,39.53031
-9.531574,28.96686,Ġget,смысл-част,hapax,90,37.256042
-25.43799,51.56682,Ġa,служ,повторяется,90,39.470844
-27.05606,-40.061928,ĠBur,смысл-редк,повторяется,90,36.830635
-28.384031,13.119489,Ġsteal,смысл-редк,повторяется,90,35.21507
29.414474,-60.923817,Ġ.,пункт,повторяется,90,40.176003
8.792506,-11.619766,Here,подслово,hapax,90,35.957012
-39.05853,-8.019159,Ġkey,смысл-част,повторяется,90,35.5834
13.12668,33.72209,Ġable,смысл-част,hapax,90,37.106743
20.182676,9.644319,Ġyou,служ,повторяется,90,37.103683
26.634146,4.9814057,Ġhe,служ,повторяется,90,37.48141
-6.700053,33.88843,Ġabout,служ,hapax,90,38.34811
37.41417,22.097372,Ġif,служ,hapax,90,39.511684
29.967152,-59.294964,Ġ.,пункт,повторяется,90,39.210518
-38.910778,-8.446167,Ġhouse,смысл-част,повторяется,90,34.815823
-28.33374,13.08554,Ġinsert,смысл-редк,hapax,90,36.920025
-7.713263,4.165992,Ġtells,смысл-редк,hapax,90,37.62564
34.76914,31.55252,Ġthat,служ,повторяется,90,40.32072
-39.23348,-5.8241305,Ġhacking,смысл-редк,повторяется,90,34.85995
-16.8453,-37.694214,ar,подслово,повторяется,90,36.30421
-32.853134,-5.2051997,Ġwindows,смысл-редк,повторяется,90,34.69769
-39.174118,-5.719823,Ġhacking,смысл-редк,повторяется,90,34.87326
20.346306,10.529992,Ġyou,служ,повторяется,90,38.36583
-38.742443,18.163172,Ġabsorbed,смысл-редк,повторяется,91,37.37641
-9.177455,-23.62589,ov,подслово,hapax,91,36.964756
-9.00997,8.567505,Ġrealize,смысл-редк,hapax,91,38.17236
32.44447,-58.080482,"Ġ,",пункт,повторяется,91,39.101963
22.504911,-45.53394,"Ġ""",пункт,повторяется,91,38.312504
5.154747,76.62659,Ġto,служ,повторяется,91,40.416946
23.324728,-50.25159,Ġ*,пункт,повторяется,91,39.3486
23.360126,-50.262653,Ġ*,пункт,повторяется,91,39.57535
-47.65265,-9.75641,Ġmomentum,смысл-редк,повторяется,91,34.9791
-3.2570267,24.27831,Ġmore,служ,hapax,91,37.3413
18.455116,-23.631378,'t,подслово,повторяется,91,37.985165
13.950541,46.640217,Ġis,служ,повторяется,91,39.3654
43.644455,21.298813,Ġbut,служ,повторяется,91,39.417328
30.053774,-60.353134,Ġ.,пункт,повторяется,91,40.086227
-4.294812,47.395416,Ġby,служ,повторяется,91,38.853165
19.732157,34.239548,Ġn,смысл-част,повторяется,91,38.330486
-11.346748,31.931654,Ġbeing,служ,повторяется,91,37.753445
33.00742,-57.80094,"Ġ,",пункт,повторяется,91,39.335083
48.318863,8.246938,Ġit,служ,повторяется,91,38.453907
-8.037178,8.58206,Ġactually,смысл-част,hapax,91,38.245255
-22.175442,26.91091,Ġout,служ,hapax,91,36.77443
-37.47035,18.374205,Ġcarried,смысл-редк,hapax,91,37.046856
-30.83339,55.81503,Ġa,служ,повторяется,91,38.996822
-22.332617,26.143202,Ġoff,служ,hapax,91,37.38228
-47.617397,-9.734129,Ġmomentum,смысл-редк,повторяется,91,34.762157
1.8972576,13.427763,Ġsome,служ,hapax,91,36.76318
-41.018982,-28.461683,Ġelectron,смысл-редк,повторяется,91,35.863655
31.891134,30.632812,Ġthat,служ,повторяется,91,38.339485
9.820151,45.666695,Ġare,служ,повторяется,91,39.678288
-36.857624,-6.772252,Ġcells,смысл-редк,повторяется,91,35.421955
-38.845432,18.14364,Ġabsor,смысл-редк,hapax,91,36.594856
22.546995,-45.075005,"Ġ""",пункт,повторяется,91,39.23429
-31.012901,56.151066,Ġa,служ,повторяется,91,38.627045
-47.3464,-9.651854,Ġacceleration,смысл-редк,hapax,91,34.918964
-42.89863,-10.998402,Ġsingle,смысл-част,повторяется,91,36.3585
47.465187,8.025004,Ġit,служ,повторяется,91,38.3146
-40.769722,-28.556656,Ġenerget,смысл-редк,hapax,91,35.727642
33.17624,-58.165333,"Ġ,",пункт,повторяется,91,39.91863
-45.739956,-3.128448,Ġproperties,смысл-редк,hapax,91,35.641163
-37.90201,13.565294,Ġgains,смысл-редк,повторяется,91,36.372334
-5.4272785,57.910213,Ġin,служ,повторяется,92,38.093338
-22.985973,-35.426456,ĠS,служ,повторяется,92,37.17464
-26.397966,-1.4562792,Ġlife,смысл-част,hapax,92,35.614925
10.250355,37.95658,Ġwas,служ,повторяется,92,37.255928
23.799706,54.68421,Ġas,служ,hapax,92,37.50938
6.1873765,27.45994,Ġwill,служ,повторяется,92,37.2164
-9.695291,-16.862392,ess,подслово,hapax,92,37.191444
-21.46064,-33.49239,agna,подслово,повторяется,92,36.51707
-5.5430512,57.748302,Ġin,служ,повторяется,92,38.014545
-15.057244,3.7696764,Ġarrived,смысл-редк,hapax,92,36.367386
-34.007805,-33.41089,ĠCity,смысл-редк,повторяется,92,35.102375
-24.042574,-32.18036,Ġtroph,смысл-редк,hapax,92,35.03522
-13.225443,26.888586,Ġmake,смысл-част,повторяется,92,36.20877
61.67998,-6.16345,Ġthe,служ,повторяется,92,38.03783
6.103343,-8.832169,Ġus,служ,hapax,92,35.890705
-32.63646,-34.39656,ĠFA,смысл-редк,повторяется,92,36.12949
-22.21109,19.62201,Ġreturn,смысл-част,повторяется,92,36.075848
64.778824,21.615837,Ġand,служ,повторяется,92,39.951637
-15.838337,-33.8252,gr,подслово,повторяется,92,35.565323
62.01465,-6.2127867,Ġthe,служ,повторяется,92,37.46948
42.623478,21.150122,Ġbut,служ,повторяется,92,37.73697
-9.403581,13.366528,Ġsoon,смысл-редк,hapax,92,37.295925
-15.150197,3.5550375,Ġexpired,смысл-редк,hapax,92,36.721592
-32.692986,-34.42127,ĠFA,смысл-редк,повторяется,92,36.411552
10.316473,37.901474,Ġwas,служ,повторяется,92,37.271904
0.5755077,78.58311,Ġto,служ,повторяется,92,39.916138
-31.487133,-68.288826,Ġthe,сток,сток,92,26.29709
6.7466764,30.834028,Ġwould,служ,повторяется,92,36.470486
-8.540306,40.692028,Ġat,служ,повторяется,92,36.9553
-35.494648,-33.261852,Ġplayed,смысл-редк,hapax,92,35.80019
61.780228,-6.1651473,Ġthe,служ,повторяется,92,37.655087
66.16451,19.221228,Ġand,служ,повторяется,92,40.229874
-34.36447,-65.98202,Ġthe,сток,сток,92,26.173475
43.100555,51.12893,Ġof,служ,повторяется,92,37.941578
-18.503113,-21.27984,Ġac,смысл-част,hapax,92,36.528046
60.987553,-6.0522876,Ġthe,служ,повторяется,92,38.807835
-5.7534494,57.329193,Ġin,служ,повторяется,92,38.1744
9.428797,-24.071226,s,подслово,hapax,92,38.114662
0.36201042,-10.49942,Ġ32,пункт,hapax,92,38.090244
-32.977314,-65.87107,Ġthe,сток,сток,92,26.168123
3.5740402,35.5684,Ġhad,служ,hapax,93,38.07116
7.4164305,16.39792,Ġthings,смысл-част,повторяется,93,35.445854
-32.07622,-66.34405,.,сток,сток,93,26.18567
-2.6957176,-1.370795,Ġincluding,смысл-част,hapax,93,37.19394
6.281738,28.023844,Ġwill,служ,hapax,93,38.849575
23.231815,55.57948,Ġas,служ,повторяется,93,38.516575
-10.456542,47.76059,Ġfrom,служ,повторяется,93,39.2413
-33.884274,0.41564313,Ġcomment,смысл-част,повторяется,93,35.34245
-33.842216,0.47945896,Ġerror,смысл-редк,hapax,93,35.78306
22.581978,-16.45955,Ġnot,служ,повторяется,93,37.72465
22.504242,9.730249,Ġyou,служ,повторяется,93,37.797592
-31.795214,-68.25035,Ġthe,сток,сток,93,26.287006
-29.478985,-3.000525,Ġrules,смысл-част,hapax,93,35.965065
-38.5265,-13.490179,Ġculture,смысл-редк,повторяется,93,34.525196
-12.625657,-15.828529,otypical,подслово,повторяется,93,36.614094
1.3434557,35.51256,Ġhave,служ,повторяется,93,38.154514
47.298447,9.766649,Ġit,служ,повторяется,93,38.086796
13.165079,-3.302324,ĠPlease,смысл-редк,hapax,93,36.86331
30.91001,-44.673397,:,пункт,повторяется,93,40.74639
-10.586283,15.464053,Ġseemed,смысл-редк,hapax,93,37.065315
43.41894,48.798508,Ġof,служ,повторяется,93,38.8772
15.327081,46.68299,Ġis,служ,повторяется,93,40.094994
53.852627,-48.634872,",",пункт,повторяется,93,42.991
7.8971343,41.95752,Ġwere,служ,повторяется,93,39.101677
46.710342,9.335067,Ġit,служ,повторяется,93,37.289577
-47.283604,6.472947,Ġissues,смысл-част,hapax,93,36.866
-10.366547,-22.839052,em,подслово,hapax,93,36.385284
0.81156105,31.009611,Ġwant,смысл-част,hapax,93,38.14726
-16.483425,-6.284945,Ġsupport,смысл-част,hapax,93,36.835983
48.801285,-48.860546,",",пункт,повторяется,93,41.66776
-7.3809886,58.928062,Ġin,служ,повторяется,93,38.976124
-12.929194,-14.028201,ification,подслово,hapax,93,38.987995
23.597359,23.737686,Ġwhen,служ,hapax,93,39.004547
-0.07456861,81.06883,Ġto,служ,повторяется,93,40.4082
47.90406,-44.413902,",",пункт,повторяется,93,40.7273
45.826256,45.780754,Ġof,служ,повторяется,93,37.81851
-30.018118,7.7784863,Ġfocus,смысл-редк,hapax,93,36.60466
-35.40417,-14.494199,Ġmen,смысл-част,повторяется,93,34.465656
53.89821,-48.09491,",",пункт,повторяется,93,41.625282
34.233498,-37.64183,.,пункт,повторяется,93,41.28487
42.365047,51.880398,Ġof,служ,повторяется,94,38.540188
33.01787,-30.059698,.,пункт,повторяется,94,41.163788
-31.217846,-39.07153,ĠDark,смысл-редк,повторяется,94,36.274757
-4.82275,28.819864,Ġways,смысл-редк,hapax,94,38.451702
-8.975406,-2.0926976,Ġhypothetical,смысл-редк,hapax,94,37.83869
-31.256086,-39.04956,ĠDark,смысл-редк,повторяется,94,35.87826
-4.0903754,60.413204,Ġin,служ,повторяется,94,38.018867
31.03686,-3.3250759,ĠWe,служ,повторяется,94,37.49714
47.973957,-42.99655,",",пункт,повторяется,94,40.088474
9.643838,46.46501,Ġare,служ,повторяется,94,40.966362
-47.452206,-7.4472466,Ġuniverse,смысл-редк,hapax,94,36.646282
-13.103384,-0.6465575,Ġbiggest,смысл-редк,hapax,94,37.23161
9.595233,46.51431,Ġare,служ,повторяется,94,39.69915
9.745757,46.779247,Ġare,служ,повторяется,94,40.86685
-30.018131,11.647332,Ġexplain,смысл-редк,повторяется,94,35.60921
-31.23782,-39.174118,ĠString,смысл-редк,повторяется,94,36.091793
-56.828644,-20.440197,Ġforce,смысл-редк,повторяется,94,35.851208
37.06016,2.0434184,ĠI,служ,повторяется,94,38.079224
-60.316715,-17.0934,Ġtype,смысл-част,повторяется,94,36.610344
-56.832165,-20.444086,Ġforce,смысл-редк,повторяется,94,36.699223
-56.88715,-20.33319,Ġinteractions,смысл-редк,повторяется,94,35.852577
33.452793,-29.589329,.,пункт,повторяется,94,41.533363
14.99444,-9.783856,Ġone,служ,hapax,94,37.77264
44.59189,20.74087,Ġbut,служ,повторяется,94,39.499035
-4.0797486,60.424393,Ġin,служ,повторяется,94,38.579464
33.83274,-30.27793,.,пункт,повторяется,94,40.85863
16.721056,6.6898723,Ġeach,служ,hapax,94,39.227528
36.96391,2.3849573,ĠI,служ,повторяется,94,37.21367
-35.437637,15.8116,Ġbehaving,смысл-редк,hapax,94,36.173065
32.735527,18.516447,Ġso,служ,hapax,94,39.17369
-39.8819,-26.112207,Ġspace,смысл-част,повторяется,94,35.01523
-35.466255,15.827997,Ġdifferently,смысл-редк,повторяется,94,37.356453
11.698322,20.792328,Ġwhy,служ,повторяется,94,38.123184
33.796997,16.294504,ĠSo,служ,повторяется,94,38.552113
-8.979929,-2.0557811,Ġhighly,смысл-редк,hapax,94,36.55316
-0.95730513,16.363712,Ġpart,смысл-част,повторяется,94,35.81826
6.0986977,78.770615,Ġto,служ,повторяется,94,39.41758
-26.439722,11.490885,Ġseen,смысл-част,hapax,94,36.257603
-40.815773,-29.171751,Ġelect,смысл-редк,hapax,94,37.69427
33.487617,-29.766138,.,пункт,повторяется,94,41.391872
10.4685955,-50.124195,Ċ,пункт,повторяется,95,41.27931
-2.0874112,56.58155,ĠIn,служ,hapax,95,38.99401
41.411053,-30.865717,?,пункт,повторяется,95,41.046597
12.700841,-7.6269875,Ġfirst,смысл-част,повторяется,95,36.21904
1.4468707,39.55887,Ġhave,служ,повторяется,95,40.280357
10.445887,-48.197926,Ċ,пункт,повторяется,95,39.462986
52.24094,-43.53943,",",пункт,повторяется,95,40.922398
-30.73792,8.516628,Ġdetailed,смысл-редк,hapax,95,36.511566
41.434444,-30.572832,?,пункт,повторяется,95,41.038673
9.962163,-48.446007,Ċ,пункт,повторяется,95,40.120068
3.3952763,-21.729372,between,подслово,hapax,95,38.682804
10.040938,-48.558147,Ċ,пункт,повторяется,95,40.335842
-2.1621323,28.8806,Ġhow,служ,повторяется,95,38.565277
6.545983,40.7691,were,подслово,hapax,95,38.133244
-1.7312931,4.657081,Ġnext,смысл-част,hapax,95,37.56806
-22.752481,-25.459675,Ġwe,служ,hapax,95,35.507282
-14.911737,-29.491823,ators,подслово,повторяется,95,36.700375
41.640224,-30.83082,?,пункт,повторяется,95,40.407776
8.157106,-17.599375,Ġtwo,смысл-част,hapax,95,36.679188
64.44787,22.098854,Ġand,служ,повторяется,95,41.102676
27.607273,41.2789,Ġor,служ,повторяется,95,38.89915
48.140083,-43.422905,",",пункт,повторяется,95,41.02298
10.087585,-48.576836,Ċ,пункт,повторяется,95,39.78244
14.999183,-11.119642,Ġone,служ,hapax,95,37.353962
-44.977837,-5.1575656,Ġwords,смысл-част,повторяется,95,35.145874
-17.47459,-27.50529,uation,подслово,hapax,95,36.553402
-27.860704,39.62316,Ġwith,служ,повторяется,95,37.77692
6.8667507,31.774199,would,подслово,hapax,95,38.115856
-40.39526,-28.40022,Ġextr,смысл-редк,hapax,95,36.315727
-45.109158,-5.117643,Ġword,смысл-част,hapax,95,35.285408
-26.891695,56.584194,Ġa,служ,повторяется,95,38.365547
-36.95171,9.707275,Ġindicate,смысл-редк,hapax,95,39.702904
-54.653595,-10.622414,Ġlanguage,смысл-част,повторяется,95,36.15318
1.7035538,80.63263,Ġto,служ,повторяется,95,40.78541
41.115658,-30.581594,?,пункт,повторяется,95,42.120323
8.673235,38.84902,Ġwas,служ,hapax,95,38.939926
22.465508,-15.935327,Ġnot,служ,повторяется,95,38.53846
3.5575898,78.93176,Ġto,служ,повторяется,95,40.947186
-23.896173,9.841083,Ġavoid,смысл-част,повторяется,95,36.509476
-33.787056,13.02216,Ġdistinguish,смысл-редк,hapax,95,38.590954
34.80993,31.76327,Ġthat,служ,повторяется,96,40.99452
64.61052,-0.89029986,Ġthe,служ,повторяется,96,39.311558
11.536784,27.425512,Ġmay,служ,повторяется,96,38.222763
-32.886692,-24.305902,ĠMiss,смысл-редк,повторяется,96,35.58653
9.47193,23.707668,Ġsuch,служ,повторяется,96,38.9878
-19.950823,-37.434883,olic,подслово,повторяется,96,36.815693
-30.813871,-28.685371,ĠGreek,смысл-част,hapax,96,35.696163
62.232384,-1.0638425,The,подслово,повторяется,96,38.316742
11.530352,27.423864,Ġmay,служ,повторяется,96,37.720642
-53.965775,-20.651094,Ġcelebrated,смысл-редк,повторяется,96,36.886738
22.36844,-0.7846555,Ġhis,служ,повторяется,96,36.49919
5.6799107,1.1842331,Ġsays,смысл-част,hapax,96,35.96778
-23.135118,-1.6908889,Ġprecaution,смысл-редк,hapax,96,36.94192
-28.540215,-14.102649,Ġbread,смысл-редк,hapax,96,35.874203
-7.4936185,-17.799839,y,подслово,повторяется,96,37.747646
65.080574,-1.0635294,Ġthe,служ,повторяется,96,39.120457
-28.045223,56.579247,Ġa,служ,повторяется,96,37.78066
-30.80533,-23.81063,Ġbishop,смысл-редк,повторяется,96,35.045128
64.03779,-1.3023517,Ġthe,служ,повторяется,96,39.404438
-19.548565,-24.239262,Ġn,смысл-част,повторяется,96,36.939026
-6.026321,-23.024147,if,подслово,повторяется,96,37.757023
-31.971254,-22.003227,Ġlit,смысл-редк,повторяется,96,36.293037
25.314043,53.29515,ĠAs,служ,hapax,96,38.28449
-15.693658,-32.64235,agan,подслово,повторяется,96,35.35335
-30.5197,-37.41483,ĠHigh,смысл-редк,повторяется,96,36.749317
42.52585,50.13909,Ġof,служ,повторяется,96,39.26531
64.917915,-0.62752956,Ġthe,служ,повторяется,96,39.225594
-15.571199,-41.833515,de,подслово,повторяется,96,37.188835
45.46348,52.375286,Ġof,служ,повторяется,96,37.34098
-9.737897,-18.688946,ppers,подслово,hapax,96,36.766598
-33.818394,-66.478645,Ġthe,сток,сток,96,26.194302
64.87874,-0.50796986,Ġthe,служ,повторяется,96,39.007034
-10.453817,0.40483198,Ġstresses,смысл-редк,hapax,96,38.45317
-7.5659747,-24.744045,al,подслово,повторяется,96,36.752453
-24.571095,-32.615273,ĠTr,смысл-редк,повторяется,96,35.751152
-30.85269,-23.465252,ocese,подслово,hapax,96,36.931007
-23.362112,-22.748323,Ġhead,смысл-част,hapax,96,35.245266
-33.652634,-23.511564,Ġmetropolitan,смысл-редк,повторяется,96,35.34731
-15.162327,-32.246647,matic,подслово,повторяется,96,36.06469
-45.154995,-12.832024,Ġspecially,смысл-редк,hapax,96,36.43865
65.836296,-3.4226031,Ġthe,служ,повторяется,97,39.013912
0.2576214,13.273573,Ġlot,смысл-част,hapax,97,37.08963
-25.11402,-33.98771,ĠB,смысл-част,hapax,97,36.00119
42.196247,48.15465,Ġof,служ,повторяется,97,38.33632
20.993309,10.8271265,Ġyou,служ,повторяется,97,38.064194
-1.0773599,-33.213116,22,пункт,hapax,97,37.339787
-31.859241,2.5814533,Ġoccasional,смысл-редк,повторяется,97,37.561886
-15.270888,12.449126,Ġput,смысл-част,повторяется,97,36.30507
-4.302578,12.360021,Ġvery,служ,повторяется,97,37.713177
49.03434,-45.779507,",",пункт,повторяется,97,41.53143
3.1850605,35.129528,Ġhad,служ,hapax,97,37.727688
-27.61497,8.717765,Ġdrawn,смысл-редк,hapax,97,36.451706
-28.15941,54.634144,Ġa,служ,повторяется,97,38.498276
20.024324,-48.917843,Ġ(,пункт,повторяется,97,38.810547
-31.07154,2.2312064,Ġmodern,смысл-част,hapax,97,36.108707
0.88332087,-5.7982388,Ġfact,смысл-част,hapax,97,38.41977
9.798138,6.753676,Ġsomeone,смысл-част,hapax,97,36.99523
-16.755907,-11.431714,ĠMayo,смысл-редк,hapax,97,37.24508
64.60139,-2.5279756,Ġthe,служ,повторяется,97,38.40566
-22.954222,21.456621,Ġback,смысл-част,повторяется,97,36.584343
15.48683,18.021973,Ġwho,служ,повторяется,97,38.19976
2.3145316,35.117203,Ġhave,служ,повторяется,97,37.86196
-3.3605876,-23.430117,C,подслово,повторяется,97,37.486053
-26.54376,-70.45938,",",сток,сток,97,26.39596
-33.65067,-7.435052,Ġmaps,смысл-редк,повторяется,97,33.986874
-18.42256,6.729138,Ġrelative,смысл-редк,hapax,97,37.577045
36.427147,-8.756378,Ġthis,служ,повторяется,97,36.59222
12.314359,-24.538855,'s,подслово,повторяется,97,38.561493
-25.489761,-22.943176,ographers,подслово,повторяется,97,36.560425
10.27126,-25.013027,'s,подслово,повторяется,97,38.232243
-6.7629175,34.69955,Ġabout,служ,hapax,97,38.10864
35.223843,-44.800632,.**,пункт,hapax,97,39.166386
34.1099,-46.376247,)](,пункт,hapax,97,38.279476
-2.824187,-1.2937384,Ġincluding,смысл-част,hapax,97,37.105198
20.79024,1.2029471,Ġtheir,служ,повторяется,97,37.054634
-33.269035,-7.481692,Ġpeninsula,смысл-редк,hapax,97,35.79415
-5.799225,-14.875035,pe,подслово,hapax,97,37.544094
9.322384,45.11525,Ġare,служ,hapax,97,39.377945
-4.449303,-32.303307,0,пункт,hapax,97,39.15952
16.28354,17.623976,Ġamong,служ,hapax,97,38.070343
-36.407803,-32.86,Ġstriker,смысл-редк,повторяется,98,36.41145
-34.493584,5.417555,Ġcauses,смысл-редк,hapax,98,36.417088
-42.60296,-5.855075,Ġcountry,смысл-част,повторяется,98,35.47541
-14.8870125,41.42211,Ġon,служ,повторяется,98,38.84195
1.7036834,77.284096,Ġto,служ,повторяется,98,40.11101
-35.053787,-12.442954,Ġcure,смысл-редк,hapax,98,34.324917
-2.8533473,8.520819,Ġalso,служ,повторяется,98,38.16054
13.2071295,33.5881,Ġable,смысл-част,hapax,98,38.26805
-23.014542,14.380435,Ġplay,смысл-част,повторяется,98,36.863125
-5.6506553,59.31845,Ġin,служ,повторяется,98,39.209328
-25.879725,-30.124588,ĠRodrig,смысл-редк,hapax,98,35.719555
3.0599768,76.59657,Ġto,служ,повторяется,98,40.434353
-28.571692,38.301136,Ġwith,служ,повторяется,98,38.224125
19.614006,26.097054,Ġbecause,служ,hapax,98,38.97879
-26.943241,-24.425034,ĠPaulo,смысл-редк,повторяется,98,34.850163
48.566677,-46.51497,",",пункт,повторяется,98,42.057087
-20.912756,-33.34151,opa,подслово,повторяется,98,36.562782
-6.15676,58.793964,Ġin,служ,повторяется,98,39.571674
37.878643,-44.048782,",'",пункт,повторяется,98,41.307556
-9.20446,-21.19774,o,подслово,повторяется,98,37.39295
-35.024788,5.4596524,Ġhospitalized,смысл-редк,повторяется,98,36.180283
7.258114,42.568764,Ġwere,служ,повторяется,98,39.122257
-19.470627,-7.584237,Ġtop,смысл-част,повторяется,98,35.728325
-44.517353,-28.971445,ĠCases,смысл-редк,hapax,98,37.05637
-45.106728,-28.251791,Ġdisease,смысл-редк,повторяется,98,35.13703
-15.566635,-34.786705,ir,подслово,повторяется,98,38.297604
-45.161922,-28.353792,Ġfever,смысл-редк,повторяется,98,35.176655
-25.800976,-30.20134,ĠRen,смысл-редк,hapax,98,35.200855
-45.115402,-28.224083,Ġdisease,смысл-редк,повторяется,98,35.098785
-34.503727,-65.54827,Ġthe,сток,сток,98,26.156462
9.023281,39.543236,Ġwas,служ,повторяется,98,38.77159
-36.539833,-21.426445,Ġrep,смысл-редк,повторяется,98,35.641838
29.323128,10.373947,Ġthere,служ,повторяется,98,39.31214
-45.322124,-27.79733,Ġmosquitoes,смысл-редк,повторяется,98,34.25289
2.9720385,34.07079,Ġhaving,служ,hapax,98,37.835106
-41.713528,22.115732,Ġweeks,смысл-редк,повторяется,98,37.28059
7.4354377,41.89755,Ġwere,служ,повторяется,98,38.63383
-24.901077,-36.60579,ĠGu,смысл-редк,повторяется,98,38.073
7.3490114,42.01702,Ġwere,служ,повторяется,98,39.084106
-29.332132,54.113567,Ġa,служ,повторяется,98,37.858913
-50.8287,2.0304403,Ġsum,смысл-редк,повторяется,99,35.749794
44.254906,-4.3214884,ĠHowever,служ,повторяется,99,38.768204
-51.48049,-6.783877,ĠCP,смысл-редк,hapax,99,35.983078
-13.354578,-24.515081,ations,подслово,hapax,99,37.278168
23.615295,-16.63739,Ġnot,служ,повторяется,99,39.18185
-34.36074,-23.603558,Ġmulti,смысл-редк,hapax,99,35.1775
-50.263115,-4.3897614,Ġmode,смысл-редк,hapax,99,36.267357
-31.089216,13.806962,Ġfix,смысл-редк,повторяется,99,35.143185
21.606127,-38.631245,Ġ,пункт,повторяется,99,39.304626
57.359386,-2.1022284,ĠThe,служ,повторяется,99,38.406525
23.565493,55.218582,Ġas,служ,повторяется,99,39.121902
-12.678257,-26.861591,iness,подслово,повторяется,99,36.438972
31.44324,-34.24813,.,пункт,повторяется,99,40.934357
71.27814,-1.1563632,Ġthe,служ,повторяется,99,39.62456
-21.313175,28.167496,Ġout,служ,повторяется,99,36.980965
-21.348139,28.187122,Ġout,служ,повторяется,99,36.72455
18.009336,-51.28296,(,пункт,повторяется,99,40.678516
57.322914,-1.8772717,ĠThe,служ,повторяется,99,39.169617
-5.2369113,58.87956,Ġin,служ,повторяется,99,38.3607
31.337454,-32.46252,.,пункт,повторяется,99,40.97583
-15.375742,-42.01841,d,подслово,повторяется,99,37.10645
-0.24225327,16.735682,Ġinstead,смысл-част,hapax,99,37.494614
-55.73453,3.546833,Ġpage,смысл-редк,повторяется,99,36.542225
-57.47647,-5.6858244,Ġspecial,смысл-част,повторяется,99,35.569218
36.020996,-8.73373,Ġthis,служ,повторяется,99,36.557995
-44.663155,-18.728348,Ġauthors,смысл-редк,повторяется,99,35.104073
-6.3641524,12.116646,Ġlast,смысл-част,hapax,99,37.243923
19.329786,-49.308258,Ġ(,пункт,повторяется,99,38.569294
-8.110456,11.323454,Ġwell,смысл-част,повторяется,99,37.37762
19.220284,21.549847,Ġthere,служ,hapax,99,38.305046
31.371384,-32.60554,.,пункт,повторяется,99,41.121033
-14.4039135,41.317917,Ġon,служ,повторяется,99,38.400917
-51.04852,-7.271311,MM,подслово,повторяется,99,36.079067
39.113434,48.786736,Ġof,служ,повторяется,99,38.149704
-45.088867,-18.59229,Ġpaper,смысл-част,повторяется,99,33.453846
-12.407703,-7.095552,Ġpadding,смысл-редк,hapax,99,36.320583
46.35533,7.624499,Ġit,служ,повторяется,99,38.44312
-13.00979,-43.126812,ldots,подслово,повторяется,99,37.675976
-42.22322,-38.386215,ative,подслово,повторяется,99,38.59946
-26.025852,-68.92087,.,сток,сток,99,26.829067
